raw_id,size,max,sat,scale,exp
12,3x3x3x32,0.3176455 0.08144065 0.14329018 0.23982078 1.1951376 0.14075543 0.40130565 0.16075872 0.24479666 0.20814915 0.18840368 0.10931937 0.12128647 1.008798 0.11557355 0.12822114 0.10496075 0.37192667 0.36468193 0.10744292 0.12755492 0.16321823 1.0811075 0.20719759 0.51528573 0.16010194 0.22148576 0.44922155 0.14967158 0.5444188 0.10270343 0.30382726,0.31760672 0.08143071 0.1432727 0.23979151 1.1949918 0.14073825 0.40125665 0.16073911 0.24476679 0.20812376 0.18838069 0.10930603 0.12127167 1.0086749 0.115559444 0.1282055 0.10494793 0.37188128 0.3646374 0.10742981 0.12753937 0.1631983 1.0809755 0.2071723 0.51522285 0.1600824 0.22145873 0.44916674 0.14965332 0.5443524 0.10269089 0.30379018,0.0025008402 0.0006411867 0.0011281315 0.0018881222 0.009409385 0.0011081751 0.0031595011 0.0012656623 0.0019272976 0.0016387698 0.0014833125 0.0008606774 0.00095489505 0.007942322 0.0009099169 0.0010094921 0.00082636165 0.002928199 0.0028711606 0.000845904 0.001004247 0.0012850261 0.008511619 0.001631278 0.004056873 0.0012604913 0.0017437695 0.0035367461 0.0011783725 0.0042862394 0.0008085897 0.0023920487,
13,32,,,0.0065280003 0.0065280003 0.0065280003 0.0065280003 0.0065280003 0.0065280003 0.0065280003 0.0065280003 0.0065280003 0.0065280003 0.0065280003 0.0065280003 0.0065280003 0.0065280003 0.0065280003 0.0065280003 0.0065280003 0.0065280003 0.0065280003 0.0065280003 0.0065280003 0.0065280003 0.0065280003 0.0065280003 0.0065280003 0.0065280003 0.0065280003 0.0065280003 0.0065280003 0.0065280003 0.0065280003 0.0065280003,13 15 14 14 11 14 13 14 14 14 14 15 15 11 15 14 15 13 13 15 14 14 11 14 12 14 14 13 14 12 15 13
18,3x3x32x64,0.34369346 1.3542767 0.44738105 0.4709924 0.24413268 0.46387208 1.262278 0.45198247 0.46553373 0.24255402 0.5057898 0.49366271 0.59084857 0.25512815 0.45515093 0.5804215 0.6799333 0.21261676 0.631015 0.2286584 0.16997668 0.3515463 0.59100276 0.64929014 0.21138334 0.21445014 0.5203758 0.5089265 0.47618446 0.19379872 0.7279068 0.7862256 0.46250436 0.2144623 0.70110375 0.78571033 0.4472789 0.5480264 0.31527948 0.36220232 0.3633502 0.59472305 0.47563404 0.7849202 0.3199334 0.48263523 0.490095 0.65616995 0.85244393 0.4633569 0.41192088 0.66448385 0.91816705 0.5519585 0.54310095 0.61480033 1.0352448 0.43177912 0.9029088 0.47358814 0.604071 0.7164566 0.356522 0.53904384,0.3436515 1.3541113 0.44732645 0.47093493 0.24410288 0.46381548 1.2621238 0.4519273 0.4654769 0.24252443 0.5057281 0.49360248 0.59077644 0.25509703 0.45509538 0.58035064 0.67985034 0.2125908 0.630938 0.2286305 0.16995594 0.3515034 0.59093064 0.6492109 0.21135755 0.21442395 0.52031225 0.5088644 0.47612634 0.19377507 0.72781795 0.78612965 0.4624479 0.21443611 0.7010182 0.7856145 0.44722432 0.5479595 0.315241 0.36215812 0.36330587 0.5946505 0.475576 0.78482443 0.31989437 0.4825763 0.49003518 0.6560899 0.85233986 0.46330035 0.4118706 0.6644028 0.918055 0.55189115 0.5430347 0.6147253 1.0351185 0.43172643 0.90279865 0.47353032 0.6039973 0.71636915 0.35647848 0.5389781,0.0027059175 0.010662294 0.0035222555 0.003708149 0.0019220699 0.0036520904 0.009937983 0.0035584827 0.0036651725 0.0019096412 0.0039821113 0.0038866338 0.004651783 0.002008638 0.0035834282 0.00456969 0.0053531523 0.0016739432 0.0049680155 0.0018002401 0.0013382357 0.0027677433 0.004652997 0.0051118964 0.0016642327 0.0016883776 0.0040969467 0.0040068063 0.0037490262 0.001525788 0.00573085 0.0061899973 0.003641322 0.0016884734 0.0055198283 0.006185941 0.0035214513 0.004314642 0.0024822126 0.0028516387 0.002860676 0.0046822876 0.003744693 0.0061797197 0.0025188534 0.0037998136 0.0038585446 0.005166062 0.0067113377 0.0036480343 0.0032430757 0.005231518 0.0072287796 0.0043455996 0.0042758635 0.0048403568 0.008150539 0.0033994208 0.0071086506 0.0037285853 0.004755884 0.005640702 0.0028069173 0.004243922,
19,64,,,0.009540019 0.009540019 0.009540019 0.009540019 0.009540019 0.009540019 0.009540019 0.009540019 0.009540019 0.009540019 0.009540019 0.009540019 0.009540019 0.009540019 0.009540019 0.009540019 0.009540019 0.009540019 0.009540019 0.009540019 0.009540019 0.009540019 0.009540019 0.009540019 0.009540019 0.009540019 0.009540019 0.009540019 0.009540019 0.009540019 0.009540019 0.009540019 0.009540019 0.009540019 0.009540019 0.009540019 0.009540019 0.009540019 0.009540019 0.009540019 0.009540019 0.009540019 0.009540019 0.009540019 0.009540019 0.009540019 0.009540019 0.009540019 0.009540019 0.009540019 0.009540019 0.009540019 0.009540019 0.009540019 0.009540019 0.009540019 0.009540019 0.009540019 0.009540019 0.009540019 0.009540019 0.009540019 0.009540019 0.009540019,13 11 13 13 14 13 11 13 13 14 12 13 12 13 13 12 12 14 12 14 14 13 12 12 14 14 12 12 13 14 12 12 13 14 12 12 13 12 13 13 13 12 13 12 13 13 13 12 12 13 13 12 12 12 12 12 11 13 12 13 12 12 13 12
24,1x1x64x64,0.30664012 0.26559335 0.33207437 0.4756328 0.58667904 1.0974762 0.32829773 0.2548893 0.22924542 0.62193525 0.5396916 0.41476998 0.37274876 0.9171932 0.83795685 0.47658318 0.75740135 0.5804613 0.6089098 0.35094061 0.25943354 0.20705466 0.3050016 0.53058213 0.636249 0.7235408 0.67030853 0.53415096 0.24465398 0.29104346 0.58120036 0.30477878 0.5235781 1.5821614 0.28567365 0.35400182 0.33087608 1.4161284 0.24786294 0.40097338 0.46651295 0.16847664 0.11104505 0.18374848 0.35195482 0.7332521 1.133468 0.18699574 0.17496435 0.27760306 0.14594637 0.34810308 0.2416752 0.15794563 0.25602096 0.12063909 1.024043 0.2998499 0.23695366 0.39636645 0.97125345 0.31086138 0.45916423 0.23408242,0.30660272 0.26556095 0.33203384 0.47557476 0.58660746 1.0973424 0.32825765 0.2548582 0.22921745 0.6218593 0.53962576 0.41471934 0.37270325 0.91708124 0.8378546 0.47652504 0.7573089 0.58039045 0.6088355 0.3508978 0.25940186 0.20702939 0.30496436 0.53051734 0.6361714 0.72345245 0.6702267 0.5340858 0.24462414 0.29100794 0.58112943 0.3047416 0.5235142 1.5819684 0.28563878 0.35395864 0.3308357 1.4159555 0.24783269 0.40092444 0.466456 0.16845608 0.111031495 0.18372606 0.35191184 0.7331626 1.1333296 0.18697292 0.174943 0.27756917 0.14592855 0.34806058 0.2416457 0.15792637 0.2559897 0.12062437 1.0239179 0.2998133 0.23692475 0.39631808 0.97113496 0.31082344 0.45910817 0.23405385,0.0024141946 0.002091031 0.0026144397 0.0037446832 0.0046189562 0.008640491 0.0025847058 0.0020067575 0.0018048618 0.00489653 0.004249022 0.0032655066 0.0029346712 0.007221112 0.0065972805 0.0037521657 0.0059630624 0.0045700036 0.0047939806 0.0027629747 0.0020425343 0.0016301527 0.0024012942 0.0041773017 0.0050092237 0.005696476 0.0052773757 0.0042054 0.0019261743 0.0022914011 0.0045758225 0.00239954 0.004122159 0.012456444 0.0022491242 0.002787076 0.0026050054 0.0111492565 0.0019514385 0.0031568853 0.0036728818 0.0013264258 0.00087426376 0.0014466619 0.0027709594 0.005772934 0.008923856 0.0014722277 0.001377504 0.002185584 0.0011490437 0.0027406344 0.001902722 0.0012435147 0.002015667 0.0009497982 0.008062346 0.0023607346 0.0018655492 0.0031206147 0.007646732 0.0024474286 0.003615025 0.0018429437,
25,64,,,0.0088587785 0.0088587785 0.0088587785 0.0088587785 0.0088587785 0.0088587785 0.0088587785 0.0088587785 0.0088587785 0.0088587785 0.0088587785 0.0088587785 0.0088587785 0.0088587785 0.0088587785 0.0088587785 0.0088587785 0.0088587785 0.0088587785 0.0088587785 0.0088587785 0.0088587785 0.0088587785 0.0088587785 0.0088587785 0.0088587785 0.0088587785 0.0088587785 0.0088587785 0.0088587785 0.0088587785 0.0088587785 0.0088587785 0.0088587785 0.0088587785 0.0088587785 0.0088587785 0.0088587785 0.0088587785 0.0088587785 0.0088587785 0.0088587785 0.0088587785 0.0088587785 0.0088587785 0.0088587785 0.0088587785 0.0088587785 0.0088587785 0.0088587785 0.0088587785 0.0088587785 0.0088587785 0.0088587785 0.0088587785 0.0088587785 0.0088587785 0.0088587785 0.0088587785 0.0088587785 0.0088587785 0.0088587785 0.0088587785 0.0088587785,13 13 13 13 12 11 13 13 14 12 12 13 13 12 12 13 12 12 12 13 13 14 13 12 12 12 12 12 14 13 12 13 12 11 13 13 13 11 13 13 13 14 15 14 13 12 11 14 14 13 14 13 14 14 13 15 11 13 14 13 12 13 13 14
34,3x3x32x16,0.53478885 0.69026333 0.21713245 0.41829598 0.29389644 0.3059587 0.11704172 0.52435356 0.48069283 0.69790524 0.20423469 0.4851791 0.7940699 0.56328803 0.48445162 0.6394864,0.5347236 0.69017905 0.21710594 0.41824493 0.29386058 0.30592135 0.11702744 0.5242896 0.48063415 0.69782007 0.20420977 0.48511988 0.79397297 0.56321925 0.4843925 0.6394083,0.004210422 0.0054344805 0.0017094956 0.0032932672 0.0023138628 0.0024088295 0.0009214759 0.0041282647 0.0037845208 0.0054946463 0.001607951 0.0038198417 0.0062517556 0.0044347974 0.003814114 0.0050347107,
35,16,,,0.0049615246 0.0049615246 0.0049615246 0.0049615246 0.0049615246 0.0049615246 0.0049615246 0.0049615246 0.0049615246 0.0049615246 0.0049615246 0.0049615246 0.0049615246 0.0049615246 0.0049615246 0.0049615246,13 13 15 14 14 14 16 13 14 13 15 14 13 13 14 13
40,3x3x16x32,0.95441586 0.62322843 0.7229381 0.67660093 0.42286333 0.88275635 0.487007 0.51041764 0.5437556 0.8359088 0.7979913 0.8244926 0.5438057 0.85447514 0.41751108 1.0338721 0.71316224 0.47987515 0.9242325 0.45655316 0.81188065 0.2461593 0.49652502 0.87697583 0.56713057 0.92370766 0.6558994 0.6252081 0.9855497 0.39336854 0.6648454 0.66656744,0.9542994 0.6231524 0.7228499 0.6765183 0.42281175 0.8826486 0.48694754 0.51035535 0.5436892 0.8358068 0.7978939 0.82439196 0.5437393 0.8543709 0.41746014 1.0337459 0.7130752 0.4798166 0.92411965 0.45649746 0.8117815 0.24612926 0.4964644 0.87686884 0.56706136 0.9235949 0.65581936 0.6251318 0.9854294 0.39332053 0.6647642 0.6664861,0.0075141685 0.0049067116 0.0056917313 0.005326916 0.0033292263 0.0069499887 0.0038342325 0.004018546 0.0042810175 0.0065811556 0.006282629 0.0064912755 0.004281412 0.00672733 0.0032870877 0.008139731 0.0056147655 0.0037780832 0.0072765327 0.003594468 0.0063919807 0.0019380257 0.0039091683 0.006904479 0.00446505 0.007272401 0.0051639318 0.0049222973 0.0077592866 0.003097012 0.005234364 0.005247922,
41,32,,,0.0056379763 0.0056379763 0.0056379763 0.0056379763 0.0056379763 0.0056379763 0.0056379763 0.0056379763 0.0056379763 0.0056379763 0.0056379763 0.0056379763 0.0056379763 0.0056379763 0.0056379763 0.0056379763 0.0056379763 0.0056379763 0.0056379763 0.0056379763 0.0056379763 0.0056379763 0.0056379763 0.0056379763 0.0056379763 0.0056379763 0.0056379763 0.0056379763 0.0056379763 0.0056379763 0.0056379763 0.0056379763,14 14 14 14 15 14 15 14 14 14 14 14 14 14 15 13 14 15 14 15 14 16 14 14 14 14 14 14 14 15 14 14
53,1x1x96x128,0.3347792 0.5906613 0.3889089 0.9461678 0.85144955 0.49104473 0.73229164 0.6641234 0.3806429 0.93501365 0.3860077 0.48282132 0.3989612 0.9571595 1.0291681 0.7125297 0.16064672 1.0154243 0.6143336 0.48695484 1.0123802 0.2354219 0.26616275 0.41725746 0.36385614 0.76140976 0.68716365 0.5701286 0.29420096 0.43161523 0.5174001 0.48794404 0.70984286 1.0375332 0.739928 0.3666199 0.6867974 0.28006393 0.55872506 0.79793125 0.32341745 0.4360211 0.5335179 0.7878735 0.43763018 0.37579432 0.52698576 0.51959944 0.5567384 0.5107352 0.65309757 0.31808132 0.40982118 0.67340446 0.4343616 0.6189732 0.8584325 0.85712296 0.83149624 0.27741972 0.3647155 0.43623674 0.4987193 0.31617528 0.34009805 0.46558285 0.28730974 0.30806097 0.42505315 0.5223651 0.601172 0.56564355 0.21113344 0.35893312 0.66070735 0.40423772 0.3421603 0.32573676 0.4112333 0.5775855 0.7679271 0.36282146 0.5062173 0.32035196 0.38874248 0.9461454 0.427428 0.54803604 0.5502465 0.37942755 0.44907573 0.5615803 0.29208437 0.33909455 0.42586252 0.456852 0.47826555 0.61853397 0.43888015 0.28782216 0.7711971 0.886741 0.5593535 0.49204525 0.3616529 1.0675988 0.51492274 0.3801097 0.42422038 0.45549643 0.41489345 0.40986544 0.7999379 0.49275702 0.4215187 0.40380955 0.74399626 0.2847867 0.2724167 0.9238914 0.7191545 0.40351248 0.62396336 0.4082313 0.24210863 0.9365463 0.44126412 0.5095704,0.33473834 0.59058917 0.38886145 0.9460523 0.8513456 0.4909848 0.73220223 0.66404235 0.38059646 0.9348995 0.3859606 0.4827624 0.39891252 0.9570427 1.0290426 0.71244276 0.16062713 1.0153004 0.61425865 0.4868954 1.0122566 0.23539317 0.26613027 0.41720656 0.36381173 0.76131684 0.6870798 0.570059 0.29416505 0.43156254 0.5173369 0.4878845 0.7097562 1.0374066 0.7398377 0.36657515 0.6867136 0.28002974 0.5586569 0.79783386 0.32337797 0.4359679 0.53345275 0.78777736 0.43757677 0.37574846 0.52692145 0.519536 0.5566704 0.5106729 0.6530179 0.31804252 0.40977117 0.67332226 0.43430862 0.6188976 0.85832775 0.85701835 0.83139473 0.27738586 0.364671 0.43618348 0.49865842 0.31613672 0.34005657 0.46552604 0.2872747 0.3080234 0.4250013 0.5223014 0.6010986 0.5655745 0.21110767 0.3588893 0.6606267 0.40418836 0.34211856 0.325697 0.41118312 0.57751507 0.76783335 0.36277717 0.5061555 0.32031286 0.38869503 0.94602996 0.42737582 0.54796916 0.55017936 0.37938124 0.44902092 0.56151175 0.29204872 0.33905318 0.42581055 0.45679623 0.47820717 0.61845845 0.4388266 0.28778705 0.77110296 0.8866328 0.55928516 0.4919852 0.36160877 1.0674685 0.51485986 0.38006333 0.42416862 0.45544082 0.4148428 0.4098154 0.7998403 0.49269688 0.42146727 0.40376028 0.7439054 0.28475195 0.27238348 0.9237787 0.7190667 0.4034632 0.62388724 0.4081815 0.24207908 0.93643206 0.44121027 0.5095082,0.002635735 0.0046503083 0.003061901 0.0074492306 0.0067035086 0.003866022 0.005765372 0.00522868 0.0029968226 0.0073614134 0.00303906 0.0038012788 0.0031410435 0.007535769 0.008102697 0.0056097857 0.0012647805 0.007994492 0.004836682 0.0038338222 0.007970525 0.0018534895 0.002095514 0.003285091 0.0028646593 0.0059946207 0.005410077 0.0044886535 0.0023162602 0.0033981302 0.004073519 0.0038416102 0.0055886316 0.008168556 0.005825494 0.0028864185 0.0054071937 0.0022049586 0.004398873 0.0062821563 0.0025462832 0.003432818 0.004200415 0.0062029716 0.0034454863 0.0029586493 0.0041489876 0.004090835 0.0043832315 0.0040210467 0.005141873 0.0025042717 0.0032265447 0.0053017503 0.003419753 0.0048732096 0.0067584864 0.006748176 0.0065464154 0.0021841407 0.0028714251 0.0034345156 0.0039264443 0.0024892655 0.0026776108 0.0036655595 0.0022620053 0.002425381 0.003346467 0.004112609 0.00473306 0.004453343 0.0016622652 0.0028259 0.005201785 0.0031825856 0.002693847 0.0025645434 0.0032376624 0.0045473627 0.006045932 0.0028565133 0.003985476 0.0025221484 0.0030605907 0.0074490546 0.003365164 0.004314718 0.004332121 0.002987254 0.0035355978 0.0044213524 0.0022995963 0.0026697102 0.003352839 0.0035968206 0.0037654107 0.0048697516 0.0034553276 0.0022660398 0.006071677 0.0069813607 0.0044038203 0.003873899 0.0028473132 0.008405264 0.0040540146 0.0029926246 0.0033399104 0.0035861481 0.003266479 0.003226893 0.006297955 0.003879503 0.00331864 0.003179215 0.005857523 0.0022421414 0.0021447518 0.007273848 0.0056619425 0.0031768756 0.004912498 0.0032140275 0.0019061345 0.0073734806 0.0034740965 0.0040118755,
54,128,,,0.0062016635 0.0062016635 0.0062016635 0.0062016635 0.0062016635 0.0062016635 0.0062016635 0.0062016635 0.0062016635 0.0062016635 0.0062016635 0.0062016635 0.0062016635 0.0062016635 0.0062016635 0.0062016635 0.0062016635 0.0062016635 0.0062016635 0.0062016635 0.0062016635 0.0062016635 0.0062016635 0.0062016635 0.0062016635 0.0062016635 0.0062016635 0.0062016635 0.0062016635 0.0062016635 0.0062016635 0.0062016635 0.0062016635 0.0062016635 0.0062016635 0.0062016635 0.0062016635 0.0062016635 0.0062016635 0.0062016635 0.0062016635 0.0062016635 0.0062016635 0.0062016635 0.0062016635 0.0062016635 0.0062016635 0.0062016635 0.0062016635 0.0062016635 0.0062016635 0.0062016635 0.0062016635 0.0062016635 0.0062016635 0.0062016635 0.0062016635 0.0062016635 0.0062016635 0.0062016635 0.0062016635 0.0062016635 0.0062016635 0.0062016635 0.0062016635 0.0062016635 0.0062016635 0.0062016635 0.0062016635 0.0062016635 0.0062016635 0.0062016635 0.0062016635 0.0062016635 0.0062016635 0.0062016635 0.0062016635 0.0062016635 0.0062016635 0.0062016635 0.0062016635 0.0062016635 0.0062016635 0.0062016635 0.0062016635 0.0062016635 0.0062016635 0.0062016635 0.0062016635 0.0062016635 0.0062016635 0.0062016635 0.0062016635 0.0062016635 0.0062016635 0.0062016635 0.0062016635 0.0062016635 0.0062016635 0.0062016635 0.0062016635 0.0062016635 0.0062016635 0.0062016635 0.0062016635 0.0062016635 0.0062016635 0.0062016635 0.0062016635 0.0062016635 0.0062016635 0.0062016635 0.0062016635 0.0062016635 0.0062016635 0.0062016635 0.0062016635 0.0062016635 0.0062016635 0.0062016635 0.0062016635 0.0062016635 0.0062016635 0.0062016635 0.0062016635 0.0062016635 0.0062016635 0.0062016635,14 13 14 13 13 14 13 13 14 13 14 14 14 13 12 13 15 12 13 14 12 15 14 14 14 13 13 13 14 14 13 14 13 12 13 14 13 14 13 13 14 14 13 13 14 14 13 13 13 13 13 14 14 13 14 13 13 13 13 14 14 14 13 14 14 14 14 14 14 13 13 13 15 14 13 14 14 14 14 13 13 14 13 14 14 13 14 13 13 14 14 13 14 14 14 14 14 13 14 14 13 13 13 14 14 12 13 14 14 14 14 14 13 14 14 14 13 14 14 13 13 14 13 14 15 13 14 13
59,3x3x128x128,0.1786279 0.16731009 0.086533 0.17738865 0.29305395 0.23536304 0.16717856 0.11551017 0.18001112 0.13595724 0.052185353 0.1714289 0.08478203 0.16590303 0.33171427 0.15641938 0.3199329 0.107960284 0.18373492 0.19321057 0.068269365 0.25532934 0.49058822 0.17993931 0.29143175 0.19986951 0.2691018 0.2780147 0.24143729 0.11456843 0.20829403 0.28347042 0.16397975 0.06946235 0.23189801 0.25910792 0.06592297 0.08161719 0.16920784 0.111065894 0.11148044 0.3526703 0.21634874 0.14439234 0.0836264 0.22736432 0.26439404 0.09298253 0.19314846 0.21026461 0.2002459 0.22485876 0.16604504 0.340534 0.11618882 0.24619281 0.16012794 0.08426247 0.14655899 0.07586891 0.17192 0.29322964 0.28817034 0.158522 0.11708716 0.20239957 0.13427924 0.36117747 0.18407767 0.21796668 0.073447086 0.25227055 0.09980741 0.215393 0.10432423 0.17302288 0.2353956 0.35629523 0.12662154 0.17986432 0.21489187 0.27413806 0.20908783 0.13211107 0.22739142 0.08031009 0.17694965 0.16759548 0.16025421 0.10028039 0.070129216 0.11074641 0.30378777 0.12944296 0.17900093 0.18282786 0.20391081 0.07763918 0.077131726 0.17601196 0.29148832 0.14116141 0.28550944 0.114850424 0.21869014 0.22499259 0.14361446 0.2142178 0.11952433 0.08867628 0.113036916 0.15687147 0.08419343 0.17195675 0.068866305 0.2247692 0.16874115 0.27029565 0.09260611 0.07696456 0.09012875 0.16197367 0.083639495 0.08119753 0.16067068 0.22300406 0.19333465 0.26781332,0.1786061 0.16728966 0.08652244 0.177367 0.2930182 0.23533432 0.16715816 0.11549608 0.17998914 0.13594064 0.052178986 0.17140798 0.084771685 0.1658828 0.33167377 0.1564003 0.31989387 0.1079471 0.1837125 0.19318698 0.06826103 0.2552982 0.4752012 0.17991737 0.29139617 0.19984512 0.26906896 0.27798074 0.24140781 0.11455445 0.20826861 0.28343582 0.16395974 0.06945387 0.23186971 0.2590763 0.06591492 0.08160723 0.16918719 0.111052334 0.11146683 0.35262728 0.21632233 0.14437473 0.08361619 0.22733657 0.2643618 0.09297118 0.19312489 0.21023895 0.20022146 0.22483133 0.16602477 0.34049243 0.11617464 0.24616276 0.16010839 0.084252186 0.14654109 0.07585966 0.17189902 0.29319385 0.28813517 0.15850264 0.11707287 0.20237488 0.13426286 0.3611334 0.18405521 0.21794008 0.07343812 0.25223976 0.09979523 0.21536672 0.104311496 0.17300177 0.23536687 0.35625175 0.12660609 0.17984237 0.21486564 0.27410462 0.20906231 0.13209495 0.22736366 0.08030029 0.17692806 0.16757503 0.16023465 0.100268155 0.07012066 0.1107329 0.3037507 0.12942716 0.17897908 0.18280554 0.20388593 0.07762971 0.07712231 0.17599049 0.29145277 0.14114419 0.2854746 0.1148364 0.21866345 0.22496514 0.14359693 0.21419165 0.11950974 0.08866546 0.113023125 0.15685232 0.08418316 0.17193575 0.0688579 0.22474177 0.16872056 0.27026266 0.09259481 0.07695517 0.090117745 0.16195391 0.08362929 0.08118762 0.16065107 0.22297683 0.19331105 0.26778066,0.0014063471 0.0013172415 0.00068127905 0.0013965906 0.00230723 0.0018530261 0.001316206 0.0009094179 0.0014172373 0.0010703987 0.00041085816 0.0013496692 0.00066749356 0.0013061637 0.0026116045 0.0012314983 0.0025188494 0.0008499772 0.0014465551 0.0015211573 0.0005374884 0.002010222 0.0037417416 0.0014166721 0.002294458 0.0015735836 0.0021186532 0.0021888248 0.0019008489 0.00090200355 0.0016399104 0.002231778 0.0012910216 0.0005468809 0.0018257458 0.0020399708 0.0005190151 0.0006425766 0.0013321826 0.00087442785 0.0008776916 0.0027765927 0.0017033254 0.0011368089 0.0006583952 0.0017900517 0.002081589 0.00073205656 0.0015206684 0.0016554248 0.0015765469 0.0017703255 0.0013072817 0.0026810428 0.0009147609 0.0019382894 0.001260696 0.000663403 0.0011538669 0.00059732015 0.0013535356 0.002308613 0.002268781 0.0012480522 0.0009218336 0.0015935029 0.0010571879 0.00284357 0.0014492536 0.0017160636 0.00057825295 0.00198614 0.0007857892 0.0016958009 0.0008213504 0.0013622186 0.0018532824 0.002805132 0.0009968984 0.0014160817 0.0016918554 0.0021583042 0.0016461599 0.0010401177 0.0017902651 0.0006322857 0.0013931344 0.0013194884 0.0012616902 0.00078951305 0.0005521312 0.0008719126 0.0023917377 0.0010191115 0.0014092841 0.0014394136 0.001605401 0.00061125756 0.00060726225 0.0013857519 0.0022949036 0.0011113716 0.0022478316 0.00090422365 0.0017217594 0.001771379 0.0011306845 0.0016865483 0.0009410216 0.0006981533 0.0008899459 0.0012350576 0.0006628595 0.0013538249 0.0005421882 0.0017696202 0.0013285084 0.0021280525 0.000729093 0.00060594623 0.0007095885 0.0012752276 0.0006584983 0.0006392726 0.0012649691 0.0017557231 0.0015221343 0.0021085092,
60,128,,,0.0062016635 0.0062016635 0.0062016635 0.0062016635 0.0062016635 0.0062016635 0.0062016635 0.0062016635 0.0062016635 0.0062016635 0.0062016635 0.0062016635 0.0062016635 0.0062016635 0.0062016635 0.0062016635 0.0062016635 0.0062016635 0.0062016635 0.0062016635 0.0062016635 0.0062016635 0.0062016635 0.0062016635 0.0062016635 0.0062016635 0.0062016635 0.0062016635 0.0062016635 0.0062016635 0.0062016635 0.0062016635 0.0062016635 0.0062016635 0.0062016635 0.0062016635 0.0062016635 0.0062016635 0.0062016635 0.0062016635 0.0062016635 0.0062016635 0.0062016635 0.0062016635 0.0062016635 0.0062016635 0.0062016635 0.0062016635 0.0062016635 0.0062016635 0.0062016635 0.0062016635 0.0062016635 0.0062016635 0.0062016635 0.0062016635 0.0062016635 0.0062016635 0.0062016635 0.0062016635 0.0062016635 0.0062016635 0.0062016635 0.0062016635 0.0062016635 0.0062016635 0.0062016635 0.0062016635 0.0062016635 0.0062016635 0.0062016635 0.0062016635 0.0062016635 0.0062016635 0.0062016635 0.0062016635 0.0062016635 0.0062016635 0.0062016635 0.0062016635 0.0062016635 0.0062016635 0.0062016635 0.0062016635 0.0062016635 0.0062016635 0.0062016635 0.0062016635 0.0062016635 0.0062016635 0.0062016635 0.0062016635 0.0062016635 0.0062016635 0.0062016635 0.0062016635 0.0062016635 0.0062016635 0.0062016635 0.0062016635 0.0062016635 0.0062016635 0.0062016635 0.0062016635 0.0062016635 0.0062016635 0.0062016635 0.0062016635 0.0062016635 0.0062016635 0.0062016635 0.0062016635 0.0062016635 0.0062016635 0.0062016635 0.0062016635 0.0062016635 0.0062016635 0.0062016635 0.0062016635 0.0062016635 0.0062016635 0.0062016635 0.0062016635 0.0062016635 0.0062016635 0.0062016635 0.0062016635,13 13 14 13 12 13 13 14 13 13 15 13 14 13 12 13 12 14 13 13 14 12 12 13 12 13 12 12 13 14 13 12 13 14 13 12 14 14 13 14 14 12 13 13 14 13 12 14 13 13 13 13 13 12 14 13 13 14 13 14 13 12 12 13 14 13 13 12 13 13 14 12 14 13 14 13 13 12 13 13 13 12 13 13 13 14 13 13 13 14 14 14 12 13 13 13 13 14 14 13 12 13 12 14 13 13 13 13 14 14 14 13 14 13 14 13 13 12 14 14 14 13 14 14 13 13 13 12
65,1x1x128x128,1.2668971 0.22814646 0.4289424 0.26908305 0.3299985 0.36632085 0.40442905 0.2610043 0.3400451 0.3336113 0.14795789 0.24741036 0.3053853 0.18228756 0.40587223 0.19089684 0.25785977 0.25073665 0.28084096 0.6179018 0.5910984 0.2471447 0.54187536 0.33686152 0.22239017 0.7714166 0.53141457 0.25337738 0.22490479 0.22319502 0.40845984 0.31059813 0.38165727 0.28017497 0.3228302 0.5514189 0.28512168 0.26367405 0.5680198 0.28991118 0.26982033 1.1031891 0.19207728 0.34807748 0.2562572 0.64744234 0.24020141 0.2321288 0.68461484 0.16025566 0.5073955 0.83453757 0.24036403 0.16137338 0.368926 0.8017258 0.46495298 0.31990087 0.31587693 0.40439397 0.29069245 0.38979337 0.22439787 0.39528713 0.26712602 0.41682193 0.25805056 0.16389741 0.12918021 0.16048402 0.20754467 0.23081422 0.2386082 0.15831959 0.18479416 0.4735735 0.17921142 0.1469478 0.28315368 0.24332137 0.3018309 0.5207095 0.1542937 0.38447267 0.25408262 0.16857462 0.25764766 0.2040206 0.19840728 0.76238906 0.32885286 0.18838318 0.19530039 0.2495458 0.2918353 0.21973892 0.20913889 0.64904594 0.13063608 0.3085782 0.17386079 0.17147994 0.1894659 0.25425372 0.31322032 0.14131992 0.2883917 0.2985562 0.27606606 0.17760924 0.25129822 0.18962552 0.28960454 0.34943563 0.2521783 0.32933536 0.44084623 0.27156666 0.56754416 0.61371326 0.26033846 0.3118933 0.18028903 0.29738742 0.16252236 0.36769417 0.1521348 0.2113754,1.2667425 0.22811863 0.42889008 0.2690502 0.3299582 0.36627614 0.4043797 0.26097244 0.34000358 0.3335706 0.14793983 0.24738015 0.30534804 0.18226531 0.4058227 0.19087353 0.2578283 0.25070605 0.2808067 0.6178264 0.59102625 0.24711454 0.5418092 0.3368204 0.22236302 0.7713224 0.5313497 0.25334647 0.22487734 0.22316778 0.40841 0.31056023 0.3816107 0.28014076 0.3227908 0.5513516 0.2850869 0.2636419 0.5679505 0.2898758 0.2697874 1.1030544 0.19205384 0.34803498 0.2562259 0.64736336 0.2401721 0.23210047 0.68453133 0.16023609 0.5073336 0.83443576 0.2403347 0.16135369 0.36888096 0.801628 0.46489623 0.31986183 0.3158384 0.40434462 0.29065695 0.3897458 0.22437048 0.3952389 0.26709342 0.41677105 0.2580191 0.1638774 0.12916444 0.16046442 0.20751934 0.23078604 0.23857908 0.15830028 0.1847716 0.4735157 0.17918956 0.14692988 0.28311914 0.24329168 0.30179405 0.520646 0.15427488 0.38442573 0.2540516 0.16855405 0.25761622 0.2039957 0.19838306 0.762296 0.32881275 0.18836018 0.19527656 0.24951534 0.2917997 0.21971211 0.20911336 0.6489667 0.13062014 0.30854055 0.17383957 0.171459 0.18944278 0.2542227 0.31318212 0.14130266 0.2883565 0.2985198 0.27603236 0.17758757 0.25126755 0.18960238 0.2895692 0.34939298 0.25214756 0.3292952 0.4407924 0.27153352 0.5674749 0.6136384 0.2603067 0.31185526 0.18026704 0.29735112 0.16250253 0.36764932 0.15211624 0.2113496,0.00997435 0.0017962097 0.0033770872 0.0021185055 0.0025980962 0.002884064 0.003184092 0.002054901 0.0026771936 0.0026265401 0.0011648806 0.0019478753 0.0024043152 0.0014351599 0.0031954544 0.0015029412 0.002030144 0.0019740635 0.0022110762 0.0048647746 0.00465375 0.0019457837 0.004266214 0.0026521292 0.0017508899 0.006073405 0.004183856 0.001994854 0.0017706878 0.0017572265 0.0032158268 0.0024453562 0.0030048087 0.0022058326 0.0025416599 0.0043413513 0.0022447787 0.0020759203 0.0044720513 0.0022824868 0.0021243102 0.008685468 0.0015122349 0.002740433 0.002017527 0.005097349 0.0018911189 0.0018275628 0.0053900103 0.0012617015 0.0039947527 0.00657036 0.0018923993 0.0012705015 0.0029045744 0.0063120313 0.0036606002 0.002518597 0.0024869165 0.0031838159 0.0022886374 0.0030688646 0.0017666967 0.0031121173 0.0021030977 0.0032816618 0.0020316464 0.0012903732 0.0010170429 0.0012634994 0.0016340106 0.0018172129 0.0018785754 0.0012464589 0.0014548944 0.00372847 0.0014109415 0.0011569281 0.0022292845 0.0019156825 0.002376331 0.0040995744 0.0012147628 0.0030269742 0.0020004062 0.0013271973 0.0020284741 0.0016062654 0.0015620714 0.0060023307 0.0025890768 0.0014831511 0.0015376107 0.0019646876 0.0022976354 0.0017300165 0.0016465619 0.005109974 0.001028505 0.0024294532 0.0013688155 0.0013500709 0.0014916755 0.0020017535 0.0024660008 0.0011126194 0.0022705237 0.0023505494 0.0021734831 0.0013983273 0.0019784847 0.0014929321 0.0022800725 0.0027511257 0.0019854137 0.0025928754 0.0034708064 0.0021380591 0.0044683064 0.0048317984 0.002049659 0.0024555533 0.0014194255 0.0023413475 0.0012795475 0.0028948765 0.0011977657 0.0016641702,
66,128,,,0.0088587785 0.0088587785 0.0088587785 0.0088587785 0.0088587785 0.0088587785 0.0088587785 0.0088587785 0.0088587785 0.0088587785 0.0088587785 0.0088587785 0.0088587785 0.0088587785 0.0088587785 0.0088587785 0.0088587785 0.0088587785 0.0088587785 0.0088587785 0.0088587785 0.0088587785 0.0088587785 0.0088587785 0.0088587785 0.0088587785 0.0088587785 0.0088587785 0.0088587785 0.0088587785 0.0088587785 0.0088587785 0.0088587785 0.0088587785 0.0088587785 0.0088587785 0.0088587785 0.0088587785 0.0088587785 0.0088587785 0.0088587785 0.0088587785 0.0088587785 0.0088587785 0.0088587785 0.0088587785 0.0088587785 0.0088587785 0.0088587785 0.0088587785 0.0088587785 0.0088587785 0.0088587785 0.0088587785 0.0088587785 0.0088587785 0.0088587785 0.0088587785 0.0088587785 0.0088587785 0.0088587785 0.0088587785 0.0088587785 0.0088587785 0.0088587785 0.0088587785 0.0088587785 0.0088587785 0.0088587785 0.0088587785 0.0088587785 0.0088587785 0.0088587785 0.0088587785 0.0088587785 0.0088587785 0.0088587785 0.0088587785 0.0088587785 0.0088587785 0.0088587785 0.0088587785 0.0088587785 0.0088587785 0.0088587785 0.0088587785 0.0088587785 0.0088587785 0.0088587785 0.0088587785 0.0088587785 0.0088587785 0.0088587785 0.0088587785 0.0088587785 0.0088587785 0.0088587785 0.0088587785 0.0088587785 0.0088587785 0.0088587785 0.0088587785 0.0088587785 0.0088587785 0.0088587785 0.0088587785 0.0088587785 0.0088587785 0.0088587785 0.0088587785 0.0088587785 0.0088587785 0.0088587785 0.0088587785 0.0088587785 0.0088587785 0.0088587785 0.0088587785 0.0088587785 0.0088587785 0.0088587785 0.0088587785 0.0088587785 0.0088587785 0.0088587785 0.0088587785 0.0088587785 0.0088587785,11 14 13 13 13 13 13 13 13 13 14 14 13 14 13 14 13 13 13 12 12 14 12 13 14 12 12 13 14 14 13 13 13 13 13 12 13 13 12 13 13 11 14 13 13 12 14 14 12 14 12 12 14 14 13 12 13 13 13 13 13 13 14 13 13 13 13 14 14 14 14 14 14 14 14 13 14 14 13 14 13 12 14 13 13 14 13 14 14 12 13 14 14 13 13 14 14 12 14 13 14 14 14 13 13 14 13 13 13 14 13 14 13 13 13 13 13 13 12 12 13 13 14 13 14 13 14 14
75,3x3x64x32,0.39156008 0.37719524 0.47745812 0.30882606 0.26031166 0.8595296 0.26468518 0.37005544 0.2970019 0.23687053 0.51161504 0.36778736 0.3999289 0.3354292 0.47308066 0.26113796 0.1816056 0.24866058 0.54251724 0.20557837 0.35032666 0.19900544 0.17255795 0.46642628 0.28407922 0.26290426 0.35537127 0.37944242 0.35168684 0.3721875 0.22347607 0.3812159,0.39151227 0.37714922 0.47739986 0.3087884 0.2602799 0.8594247 0.26465288 0.37001026 0.29696566 0.23684162 0.51155263 0.36774248 0.3998801 0.33538827 0.4730229 0.26110607 0.18158343 0.24863024 0.542451 0.2055533 0.35028392 0.19898115 0.1725369 0.46636936 0.28404453 0.2628722 0.3553279 0.3793961 0.35164392 0.37214208 0.22344878 0.38116938,0.0030827739 0.002969679 0.003759054 0.0024314045 0.002049448 0.0067671235 0.0020838808 0.0029134667 0.0023383123 0.0018648946 0.0040279734 0.0028956102 0.0031486624 0.0026408525 0.0037245897 0.0020559533 0.0014297909 0.0019577185 0.004271268 0.0016185299 0.0027581411 0.0015667807 0.0013585582 0.0036721998 0.0022365712 0.0020698598 0.0027978576 0.002987371 0.0027688497 0.0029302526 0.0017594392 0.0030013337,
76,32,,,0.004134712 0.004134712 0.004134712 0.004134712 0.004134712 0.004134712 0.004134712 0.004134712 0.004134712 0.004134712 0.004134712 0.004134712 0.004134712 0.004134712 0.004134712 0.004134712 0.004134712 0.004134712 0.004134712 0.004134712 0.004134712 0.004134712 0.004134712 0.004134712 0.004134712 0.004134712 0.004134712 0.004134712 0.004134712 0.004134712 0.004134712 0.004134712,14 14 14 14 14 13 14 14 14 15 13 14 14 14 14 14 15 14 13 15 14 15 15 14 14 14 14 14 14 14 15 14
81,3x3x32x64,0.77432656 0.27294067 0.35153976 0.20423126 0.38925654 0.2351884 0.33326638 0.31690204 0.51952493 0.30385 0.53477854 0.31097862 0.40228674 0.23517793 0.3555152 0.40364468 0.28694326 0.24713713 0.26137447 0.30924258 0.41743076 0.3034884 0.30087206 0.3318619 0.29695028 0.2801389 0.2579406 0.46832427 0.34139857 0.2115756 0.262235 0.14542145 0.37631986 0.34494635 0.49060926 0.3928761 0.52589446 0.76648307 0.31844673 0.34612614 0.26556563 0.42884037 0.34790564 0.33099324 0.3742915 0.24921228 0.63507384 0.3638662 0.29676226 0.2123848 0.20928253 0.23192136 0.24013922 0.22792208 0.53963524 0.43603453 0.23315123 0.23299848 0.63415146 0.19822007 0.24042907 0.31937638 0.27413934 0.45503312,0.77423203 0.27290738 0.35149688 0.20420635 0.38920903 0.2351597 0.33322573 0.3168634 0.5194616 0.3038129 0.53471327 0.31094065 0.40223762 0.23514923 0.35547182 0.40359542 0.28690824 0.24710697 0.26134256 0.30920482 0.4173798 0.30345136 0.30083534 0.3318214 0.29691404 0.28010473 0.2579091 0.4682671 0.3413569 0.21154977 0.26220298 0.1454037 0.37627393 0.34490427 0.4905494 0.39282814 0.52583027 0.7663895 0.31840786 0.34608388 0.2655332 0.42878804 0.3478632 0.33095282 0.37424585 0.24918187 0.6349963 0.3638218 0.29672605 0.21235888 0.20925699 0.23189305 0.24010992 0.22789428 0.5395694 0.43598133 0.23312278 0.23297003 0.63407403 0.19819587 0.24039973 0.3193374 0.2741059 0.45497757,0.006096315 0.002148877 0.0027676919 0.001607924 0.003064638 0.0018516511 0.0026238246 0.0024949873 0.0040902486 0.0023922275 0.004210341 0.0024483516 0.0031672253 0.0018515688 0.0027989908 0.0031779166 0.0022591199 0.0019457241 0.0020578154 0.0024346835 0.003286455 0.0023893807 0.0023687822 0.002612767 0.0023379058 0.002205549 0.0020307803 0.0036871426 0.0026878496 0.0016657462 0.0020645903 0.001144911 0.002962787 0.0027157818 0.0038625936 0.0030931348 0.0041403957 0.006034563 0.0025071485 0.0027250699 0.0020908127 0.0033762837 0.0027390802 0.0026059276 0.0029468178 0.001962062 0.004999971 0.0028647387 0.0023364255 0.0016721172 0.0016476929 0.0018259295 0.0018906293 0.0017944431 0.0042485776 0.003432924 0.0018356125 0.0018344097 0.004992709 0.0015605974 0.0018929113 0.0025144678 0.0021583142 0.0035825006,
82,64,,,0.0053928886 0.0053928886 0.0053928886 0.0053928886 0.0053928886 0.0053928886 0.0053928886 0.0053928886 0.0053928886 0.0053928886 0.0053928886 0.0053928886 0.0053928886 0.0053928886 0.0053928886 0.0053928886 0.0053928886 0.0053928886 0.0053928886 0.0053928886 0.0053928886 0.0053928886 0.0053928886 0.0053928886 0.0053928886 0.0053928886 0.0053928886 0.0053928886 0.0053928886 0.0053928886 0.0053928886 0.0053928886 0.0053928886 0.0053928886 0.0053928886 0.0053928886 0.0053928886 0.0053928886 0.0053928886 0.0053928886 0.0053928886 0.0053928886 0.0053928886 0.0053928886 0.0053928886 0.0053928886 0.0053928886 0.0053928886 0.0053928886 0.0053928886 0.0053928886 0.0053928886 0.0053928886 0.0053928886 0.0053928886 0.0053928886 0.0053928886 0.0053928886 0.0053928886 0.0053928886 0.0053928886 0.0053928886 0.0053928886 0.0053928886,13 14 14 15 14 15 14 14 13 14 13 14 14 15 14 14 14 15 14 14 14 14 14 14 14 14 14 14 14 15 14 15 14 14 14 14 13 13 14 14 14 14 14 14 14 14 13 14 14 15 15 15 15 15 13 14 15 15 13 15 15 14 14 14
94,1x1x192x256,0.4378025 0.21940303 0.5054106 0.48360273 0.24661537 0.33894306 0.7636337 0.26839593 0.39598033 0.3407701 0.35050598 0.28533277 0.3754999 0.20845406 0.3290453 0.22007833 0.44139522 0.29579163 0.29242092 0.119816475 0.25618762 0.12620118 0.5481026 0.34221315 0.38784346 0.34326664 0.46371317 0.31506822 0.35251424 0.31230587 0.28979638 0.717192 0.51100296 0.48521778 0.2162076 0.29142788 0.44143707 0.23343335 0.47110742 0.35063735 0.29892558 0.18803887 0.124348395 0.35393596 0.47961676 0.41263875 0.4090665 0.37147555 0.14915255 0.22615893 0.23965624 0.23222075 0.2707453 0.1698027 0.2691506 0.1471821 0.36948216 0.122772455 0.3662119 0.34489927 0.39325535 0.39091715 0.44055182 0.24892883 0.43912405 0.25720808 0.24931237 0.24425295 0.37670884 0.32512066 0.2379537 0.25346074 0.51957184 0.27816683 0.48037016 0.22038543 0.4589818 0.4953434 0.30137068 0.360027 0.5119369 0.17095481 0.31815037 0.3812961 0.38989332 0.2508785 0.18380907 0.25716877 0.27582553 0.21027978 0.18052378 0.1307589 0.4132386 0.22980836 0.24620165 0.23453563 0.1901986 0.26461333 0.5166846 0.29064837 0.3564945 0.20525934 0.15109654 0.09939781 0.35848734 0.22958998 0.2874246 0.38639605 0.3578175 0.38397172 0.44379586 0.26824188 0.36915976 0.30180874 0.23083279 0.2633965 0.12047402 0.52499396 0.3130098 0.2636512 0.29128167 0.22828573 0.40255725 0.33272082 0.20953596 0.2981522 0.22853988 0.11226078 0.17079888 0.49439847 0.23079471 0.11149204 0.45325726 0.26199088 0.39796963 0.19956999 0.112439685 0.3213288 0.21030119 0.39669165 0.504639 0.18145862 0.1926449 0.106867686 0.23103131 0.24309713 0.38193882 0.20682573 0.35510918 0.38083512 0.32728797 0.4223477 0.20127973 0.33320022 0.30329514 0.35063663 0.35885265 0.26218662 0.25504315 0.3669436 0.22360635 0.40031976 0.41225985 0.34389728 0.36525232 0.34795073 0.38178605 0.47265494 0.33517116 0.35751656 0.3529308 0.17863052 0.24348567 0.30446026 0.21250692 0.38705242 0.23743095 0.32035032 0.23545666 0.23022904 0.66420305 0.11314369 0.20166531 0.3270384 0.22042863 0.5021356 0.29491732 0.4237456 0.26859236 0.29541156 0.31977397 0.19409148 0.108916044 0.29228038 0.23120053 0.09457644 0.26161247 0.23754153 0.29476428 0.14015591 0.45628384 0.26873714 0.6562071 0.21525069 0.23501916 0.16391152 0.21257934 0.31841436 0.34460714 0.37565827 0.78494775 0.37034458 0.40949887 0.27791348 0.2523526 0.49977237 0.40349695 0.34490594 0.15099165 0.48658505 0.33941668 0.35442826 0.29303676 0.55083686 0.38281658 0.462534 0.27249125 0.37906736 0.35462874 0.33657262 0.33438864 0.42324248 0.30455172 0.14894685 0.7230335 0.27483392 0.25726935 0.2514353 0.25645605 0.30619058 0.2619228 0.37334868 0.6129369 0.16718552 0.40369987 0.3050259 0.29131883 0.32995528 0.21420066 0.25009757 0.3223456 0.28620395 0.17630403 0.31259945 0.49044213 0.3814065,0.43774906 0.21937625 0.5053489 0.4835437 0.24658526 0.3389017 0.76354057 0.26836318 0.39593202 0.3407285 0.35046318 0.28529793 0.3754541 0.20842862 0.32900512 0.22005147 0.44134137 0.2957555 0.29238522 0.11980186 0.25615636 0.12618579 0.54803574 0.34217137 0.38779613 0.34322476 0.46365657 0.31502977 0.35247123 0.31226775 0.28976104 0.71710443 0.51094055 0.48515856 0.21618122 0.2913923 0.4413832 0.23340486 0.47104993 0.35059455 0.2988891 0.18801592 0.12433322 0.35389274 0.47955823 0.4125884 0.40901658 0.37143022 0.14913435 0.22613133 0.23962699 0.23219241 0.2707123 0.16978198 0.26911777 0.14716414 0.36943707 0.12275747 0.36616722 0.34485716 0.39320734 0.39086944 0.44049805 0.24889846 0.43907046 0.25717667 0.24928194 0.24422313 0.37666288 0.32508096 0.23792465 0.2534298 0.5195084 0.2781329 0.48031154 0.22035854 0.4589258 0.49528292 0.3013339 0.35998303 0.51187444 0.17093395 0.31811154 0.38124955 0.38984576 0.25084788 0.18378663 0.2571374 0.27579188 0.21025412 0.18050174 0.13074294 0.4131882 0.22978032 0.2461716 0.23450701 0.1901754 0.26458105 0.51662153 0.2906129 0.35645097 0.20523429 0.15107809 0.09938568 0.3584436 0.22956195 0.28738952 0.38634887 0.3577738 0.38392484 0.44374168 0.26820913 0.36911473 0.3017719 0.23080462 0.26336437 0.12045931 0.5249299 0.3129716 0.26361904 0.29124612 0.22825788 0.4025081 0.3326802 0.20951039 0.29811582 0.228512 0.11224708 0.17077804 0.49433815 0.23076655 0.11147843 0.45320195 0.2619589 0.3979211 0.19954562 0.11242596 0.32128957 0.21027552 0.39664322 0.50457746 0.18143648 0.19262138 0.10685464 0.23100312 0.24306746 0.3818922 0.20680049 0.35506585 0.38078865 0.32724804 0.42229617 0.20125516 0.33315954 0.30325812 0.35059384 0.35880888 0.26215464 0.255012 0.36689883 0.22357905 0.40027088 0.41220954 0.3438553 0.36520776 0.34790826 0.38173944 0.47259727 0.33513027 0.35747293 0.35288772 0.17860872 0.24345596 0.3044231 0.21248098 0.38700518 0.23740198 0.32031122 0.23542792 0.23020095 0.664122 0.11312988 0.20164071 0.3269985 0.22040172 0.5020743 0.29488134 0.4236939 0.26855958 0.29537553 0.31973493 0.1940678 0.10890275 0.2922447 0.23117232 0.0945649 0.26158053 0.23751253 0.2947283 0.1401388 0.45622814 0.26870432 0.65612704 0.21522442 0.23499048 0.16389151 0.2125534 0.3183755 0.3445651 0.3756124 0.78485197 0.3702994 0.4094489 0.27787957 0.25232178 0.4997114 0.4034477 0.34486383 0.15097323 0.48652568 0.33937526 0.354385 0.293001 0.5507696 0.38276988 0.46247756 0.272458 0.37902108 0.35458547 0.33653152 0.3343478 0.42319083 0.30451456 0.14892867 0.7229452 0.27480036 0.25723797 0.25140464 0.25642475 0.3061532 0.26189086 0.37330312 0.6128621 0.16716512 0.4036506 0.30498868 0.29128328 0.32991502 0.21417451 0.25006706 0.32230628 0.28616902 0.17628251 0.3125613 0.49038225 0.38135993,0.003446843 0.0017273721 0.0039791255 0.0038074306 0.0019416163 0.0026685174 0.0060121305 0.002113096 0.0031175748 0.0026829015 0.0027595526 0.0022464404 0.0029563315 0.0016411702 0.0025905916 0.0017326887 0.003475129 0.0023287835 0.002302246 0.0009433217 0.0020169793 0.0009935889 0.004315242 0.0026942627 0.003053513 0.0027025572 0.0036508392 0.0024805493 0.002775364 0.0024588013 0.002281583 0.0056464914 0.004023154 0.0038201462 0.0017022144 0.0022944275 0.0034754584 0.0018378336 0.0037090546 0.002760587 0.0023534575 0.0014804404 0.0009790018 0.002786557 0.003776049 0.0032487274 0.003220603 0.0029246474 0.0011742862 0.0017805616 0.0018868267 0.0018282867 0.0021315927 0.0013368661 0.0021190376 0.0011587727 0.0029089532 0.00096659426 0.0028832064 0.0027154107 0.003096121 0.0030777121 0.0034684886 0.0019598303 0.0034572477 0.002025013 0.0019628499 0.0019230167 0.0029658494 0.0025596926 0.0018734224 0.0019955102 0.0040906174 0.0021900227 0.0037819806 0.0017351066 0.003613589 0.0038998656 0.002372708 0.002834512 0.0040305075 0.0013459366 0.0025048153 0.003001965 0.0030696515 0.00197518 0.0014471388 0.002024704 0.0021715895 0.0016555443 0.0014212736 0.001029472 0.0032534504 0.0018092939 0.001938359 0.0018465118 0.0014974441 0.0020833153 0.004067886 0.0022882905 0.0028067005 0.001616018 0.0011895912 0.0007825644 0.0028223905 0.0018075744 0.0022629097 0.0030421172 0.0028171167 0.0030230302 0.003494029 0.002111883 0.0029064151 0.0023761569 0.0018173592 0.0020737352 0.0009484985 0.004133306 0.0024643433 0.0020757404 0.0022932766 0.0017973061 0.0031693552 0.0026195291 0.0016496881 0.0023473687 0.0017993071 0.00088383525 0.001344709 0.0038924264 0.0018170595 0.00087778294 0.0035685194 0.0020626686 0.003133237 0.0015712254 0.00088524376 0.002529839 0.0016557127 0.003123175 0.003973051 0.0014286337 0.0015167037 0.0008413751 0.0018189222 0.001913917 0.0030070252 0.0016283504 0.002795794 0.0029983358 0.0025767563 0.0033251666 0.0015846862 0.0026233033 0.0023878592 0.0027605814 0.0028252667 0.0020642097 0.0020079685 0.0028889673 0.001760465 0.0031517392 0.0032457444 0.002707522 0.0028756517 0.002739435 0.0030058224 0.0037212383 0.002638821 0.0028147474 0.0027786435 0.0014063679 0.0019169761 0.0023970322 0.0016730785 0.003047285 0.0018693069 0.0025221356 0.0018537631 0.0018126059 0.005229307 0.0008907864 0.0015877221 0.0025747914 0.0017354466 0.003953341 0.0023219003 0.0033361723 0.0021146424 0.0023257916 0.002517598 0.001528093 0.000857502 0.0023011393 0.0018202545 0.0007446055 0.0020596893 0.0018701773 0.0023206954 0.0011034552 0.0035923475 0.0021157821 0.0051663546 0.0016946804 0.0018503187 0.0012904843 0.0016736488 0.0025068936 0.002713111 0.002957578 0.0061799367 0.0029157433 0.003224007 0.002188028 0.0019867856 0.0039347354 0.0031767534 0.0027154633 0.0011887656 0.003830911 0.0026722462 0.002790433 0.0023070944 0.0043367688 0.003013936 0.0036415556 0.0021453386 0.0029844178 0.0027920115 0.0026498544 0.0026326599 0.0033322112 0.0023977524 0.0011726667 0.005692482 0.0021637823 0.0020254957 0.001979564 0.0020190927 0.0024106551 0.0020621328 0.0029393947 0.004825686 0.0013162608 0.0031783513 0.0024014856 0.002293569 0.002597756 0.0016864134 0.001969032 0.0025378447 0.0022532993 0.0013880513 0.0024611126 0.0038612776 0.003002834,
95,256,,,0.005392888 0.005392888 0.005392888 0.005392888 0.005392888 0.005392888 0.005392888 0.005392888 0.005392888 0.005392888 0.005392888 0.005392888 0.005392888 0.005392888 0.005392888 0.005392888 0.005392888 0.005392888 0.005392888 0.005392888 0.005392888 0.005392888 0.005392888 0.005392888 0.005392888 0.005392888 0.005392888 0.005392888 0.005392888 0.005392888 0.005392888 0.005392888 0.005392888 0.005392888 0.005392888 0.005392888 0.005392888 0.005392888 0.005392888 0.005392888 0.005392888 0.005392888 0.005392888 0.005392888 0.005392888 0.005392888 0.005392888 0.005392888 0.005392888 0.005392888 0.005392888 0.005392888 0.005392888 0.005392888 0.005392888 0.005392888 0.005392888 0.005392888 0.005392888 0.005392888 0.005392888 0.005392888 0.005392888 0.005392888 0.005392888 0.005392888 0.005392888 0.005392888 0.005392888 0.005392888 0.005392888 0.005392888 0.005392888 0.005392888 0.005392888 0.005392888 0.005392888 0.005392888 0.005392888 0.005392888 0.005392888 0.005392888 0.005392888 0.005392888 0.005392888 0.005392888 0.005392888 0.005392888 0.005392888 0.005392888 0.005392888 0.005392888 0.005392888 0.005392888 0.005392888 0.005392888 0.005392888 0.005392888 0.005392888 0.005392888 0.005392888 0.005392888 0.005392888 0.005392888 0.005392888 0.005392888 0.005392888 0.005392888 0.005392888 0.005392888 0.005392888 0.005392888 0.005392888 0.005392888 0.005392888 0.005392888 0.005392888 0.005392888 0.005392888 0.005392888 0.005392888 0.005392888 0.005392888 0.005392888 0.005392888 0.005392888 0.005392888 0.005392888 0.005392888 0.005392888 0.005392888 0.005392888 0.005392888 0.005392888 0.005392888 0.005392888 0.005392888 0.005392888 0.005392888 0.005392888 0.005392888 0.005392888 0.005392888 0.005392888 0.005392888 0.005392888 0.005392888 0.005392888 0.005392888 0.005392888 0.005392888 0.005392888 0.005392888 0.005392888 0.005392888 0.005392888 0.005392888 0.005392888 0.005392888 0.005392888 0.005392888 0.005392888 0.005392888 0.005392888 0.005392888 0.005392888 0.005392888 0.005392888 0.005392888 0.005392888 0.005392888 0.005392888 0.005392888 0.005392888 0.005392888 0.005392888 0.005392888 0.005392888 0.005392888 0.005392888 0.005392888 0.005392888 0.005392888 0.005392888 0.005392888 0.005392888 0.005392888 0.005392888 0.005392888 0.005392888 0.005392888 0.005392888 0.005392888 0.005392888 0.005392888 0.005392888 0.005392888 0.005392888 0.005392888 0.005392888 0.005392888 0.005392888 0.005392888 0.005392888 0.005392888 0.005392888 0.005392888 0.005392888 0.005392888 0.005392888 0.005392888 0.005392888 0.005392888 0.005392888 0.005392888 0.005392888 0.005392888 0.005392888 0.005392888 0.005392888 0.005392888 0.005392888 0.005392888 0.005392888 0.005392888 0.005392888 0.005392888 0.005392888 0.005392888 0.005392888 0.005392888 0.005392888 0.005392888 0.005392888 0.005392888 0.005392888 0.005392888 0.005392888 0.005392888 0.005392888 0.005392888 0.005392888 0.005392888 0.005392888 0.005392888 0.005392888 0.005392888 0.005392888 0.005392888 0.005392888 0.005392888 0.005392888 0.005392888 0.005392888 0.005392888 0.005392888,13 14 12 13 14 13 12 13 13 13 13 13 13 14 13 14 13 13 13 15 13 14 12 13 13 13 13 13 13 13 13 12 12 13 14 13 13 14 13 13 13 14 14 13 13 13 13 13 14 14 14 14 13 14 13 14 13 15 13 13 13 13 13 13 13 13 13 14 13 13 14 13 12 13 13 14 13 12 13 13 12 14 13 13 13 13 14 13 13 14 14 14 13 14 14 14 14 13 12 13 13 14 14 15 13 14 13 13 13 13 13 13 13 13 14 13 15 12 13 13 13 14 13 13 14 13 14 15 14 13 14 15 13 13 13 14 15 13 14 13 12 14 14 15 14 14 13 14 13 13 13 13 14 13 13 13 13 13 13 13 14 13 13 13 13 13 13 13 13 13 13 14 14 13 14 13 14 13 14 14 12 15 14 13 14 12 13 13 13 13 13 14 15 13 14 15 13 14 13 14 13 13 12 14 14 14 14 13 13 13 12 13 13 13 13 12 13 13 14 13 13 13 13 12 13 13 13 13 13 13 13 13 13 14 12 13 13 13 13 13 13 13 12 14 13 13 13 13 14 13 13 13 14 13 13 13
100,3x3x256x256,0.048849177 0.086606495 0.115376025 0.07133355 0.07665641 0.09693413 0.06681767 0.058791686 0.07802459 0.104384206 0.10241548 0.18633595 0.09375927 0.08599532 0.12623101 0.09642128 0.09134186 0.11303904 0.16172296 0.11056829 0.115591936 0.107664 0.08828194 0.04896475 0.13100296 0.22128502 0.0931882 0.06809681 0.16931745 0.17082399 0.10234718 0.09824217 0.06876057 0.086486846 0.054639924 0.12309245 0.063158825 0.083599165 0.11308071 0.10485546 0.0974321 0.0718034 0.050746698 0.04983404 0.088014275 0.09431859 0.18399198 0.27725363 0.07601819 0.31248283 0.12125858 0.08214413 0.083663635 0.15304594 0.13231678 0.14296919 0.044088587 0.091234155 0.1398515 0.09518939 0.06146761 0.05645935 0.076215155 0.08549802 0.12769099 0.19271556 0.1452816 0.053715166 0.08625416 0.048477724 0.05320809 0.11700509 0.14141229 0.15035473 0.19732383 0.17282297 0.110855065 0.1587327 0.10662089 0.12446965 0.053365882 0.07071296 0.14880924 0.06510622 0.09975063 0.11142127 0.107239984 0.11077985 0.12637554 0.074536696 0.0765941 0.120576546 0.108804725 0.084836274 0.08419435 0.11598427 0.1645191 0.12847635 0.1284042 0.112470314 0.118930556 0.20582175 0.12859917 0.06659933 0.074205466 0.05836762 0.093392745 0.17739812 0.10801625 0.11838077 0.14888173 0.12416597 0.08284032 0.113371 0.11200352 0.10204043 0.09215865 0.09277415 0.12879428 0.12006473 0.12386711 0.13564435 0.07721903 0.045936882 0.09288658 0.0898271 0.055678587 0.12619494 0.09667041 0.08001597 0.15491317 0.06937901 0.13551126 0.12142617 0.2536752 0.07962537 0.0801441 0.042547904 0.12281363 0.058700822 0.08891233 0.0658487 0.0886777 0.04079818 0.061265316 0.23329383 0.06961198 0.11134725 0.08295045 0.08714623 0.14001492 0.16762504 0.09404155 0.14923193 0.08210228 0.10421091 0.049833562 0.12192984 0.053855304 0.07469236 0.061522886 0.1016903 0.22427176 0.1331119 0.103305146 0.08498888 0.13191333 0.15667805 0.13799736 0.14992991 0.066857 0.15455735 0.19627546 0.09469621 0.062865645 0.10340593 0.077669255 0.24477401 0.13498993 0.15595397 0.07779621 0.07488656 0.05747306 0.08708304 0.111040324 0.0684442 0.16172573 0.050182335 0.05266446 0.14543326 0.13222514 0.066508226 0.08877044 0.09452277 0.12474427 0.07260471 0.13393493 0.09896341 0.056238838 0.05147681 0.20980608 0.15608831 0.19272093 0.07631163 0.05171787 0.056980297 0.059705865 0.040378608 0.09406445 0.13452739 0.10708911 0.108150415 0.13615325 0.15112671 0.12921485 0.061773714 0.047392536 0.076383136 0.071594566 0.06538676 0.051285625 0.05049112 0.05572854 0.1047893 0.105110146 0.23493832 0.10778722 0.13876155 0.117741756 0.050244056 0.26169002 0.05615342 0.123223744 0.049985662 0.10419684 0.111928284 0.09702703 0.1116553 0.09269292 0.086323105 0.11425241 0.09510132 0.19923227 0.15585472 0.09546769 0.1456393 0.16098411 0.12466864 0.120833606 0.055017747 0.087296836 0.13477477 0.108817704 0.23799329 0.09022831 0.046855997,0.048843212 0.08659593 0.115361944 0.07132484 0.07664706 0.0969223 0.06680951 0.05878451 0.07801507 0.104371466 0.102402985 0.18631321 0.093747824 0.085984826 0.1262156 0.09640951 0.091330715 0.11302525 0.16170323 0.1105548 0.115577824 0.10765086 0.08827116 0.048958775 0.13098697 0.221258 0.09317682 0.068088494 0.1692968 0.17080314 0.102334686 0.09823018 0.06875217 0.086476296 0.054633256 0.12307742 0.06315112 0.08358896 0.113066904 0.10484267 0.09742021 0.07179464 0.050740503 0.04982796 0.08800354 0.09430708 0.18396953 0.27721977 0.076008916 0.31244472 0.12124378 0.082134105 0.08365342 0.15302725 0.13230065 0.14295174 0.044083204 0.09122302 0.13983442 0.09517778 0.06146011 0.05645246 0.07620585 0.08548758 0.1276754 0.19269203 0.14526387 0.053708613 0.08624363 0.04847181 0.053201597 0.11699081 0.14139503 0.15033637 0.19729975 0.17280187 0.110841535 0.15871333 0.10660788 0.12445446 0.053359367 0.070704326 0.14879109 0.06509827 0.09973846 0.111407675 0.1072269 0.11076634 0.12636012 0.0745276 0.07658476 0.12056183 0.10879145 0.084825926 0.08418407 0.11597011 0.16449901 0.12846068 0.12838854 0.11245658 0.11891604 0.20579664 0.12858348 0.0665912 0.074196406 0.0583605 0.093381345 0.17737646 0.108003065 0.11836632 0.14886355 0.12415081 0.08283021 0.113357164 0.111989856 0.102027975 0.09214741 0.092762835 0.12877856 0.12005008 0.12385199 0.13562779 0.07720961 0.045931276 0.09287524 0.08981613 0.055671792 0.12617955 0.09665861 0.08000621 0.15489428 0.06937054 0.13549472 0.12141135 0.25364423 0.079615645 0.08013432 0.04254271 0.122798644 0.05869366 0.088901475 0.06584067 0.08866688 0.040793203 0.06125784 0.23326537 0.06960349 0.11133366 0.08294033 0.08713559 0.13999784 0.16760458 0.09403007 0.14921372 0.082092255 0.104198195 0.049827483 0.12191496 0.05384873 0.07468324 0.061515376 0.101677895 0.22424439 0.13309565 0.10329254 0.084978506 0.13189723 0.15665893 0.13798052 0.14991161 0.066848844 0.15453848 0.1962515 0.09468465 0.06285798 0.10339331 0.07765978 0.24474415 0.13497347 0.15593493 0.077786714 0.074877426 0.057466045 0.08707241 0.11102677 0.06843585 0.161706 0.05017621 0.05265803 0.14541551 0.132209 0.066500105 0.08875961 0.094511226 0.124729045 0.07259584 0.13391858 0.09895133 0.05623197 0.051470526 0.20978047 0.15606925 0.1926974 0.07630232 0.051711556 0.056973346 0.059698578 0.04037368 0.09405297 0.13451096 0.10707604 0.10813722 0.13613664 0.15110828 0.12919907 0.061766177 0.047386754 0.076373816 0.071585834 0.06537878 0.051279366 0.05048496 0.05572174 0.10477651 0.10509732 0.23490965 0.10777407 0.13874461 0.11772739 0.050237924 0.2616581 0.05614657 0.1232087 0.049979564 0.10418413 0.11191462 0.09701519 0.111641675 0.0926816 0.08631257 0.11423846 0.09508971 0.19920796 0.15583569 0.095456034 0.14562152 0.16096446 0.12465343 0.12081885 0.05501103 0.08728618 0.13475832 0.10880442 0.23796424 0.0902173 0.04685028,0.00038459222 0.0006818577 0.00090836175 0.0005616129 0.00060352014 0.00076316774 0.0005260591 0.00046287017 0.0006142919 0.00082182256 0.0008063227 0.0014670332 0.00073817186 0.0006770459 0.0009938236 0.00075913 0.00071913947 0.0008899626 0.0012732538 0.00087051024 0.0009100616 0.0008476446 0.00069504854 0.00038550215 0.0010313935 0.0017421889 0.0007336757 0.00053612987 0.0013330457 0.0013449066 0.00080578495 0.000773466 0.0005413557 0.0006809157 0.0004301831 0.00096911355 0.0004972529 0.0006581808 0.0008902906 0.0008255328 0.00076708826 0.0005653121 0.0003995315 0.00039234615 0.00069294125 0.00074257544 0.0014485789 0.002182833 0.0005984954 0.0024601945 0.00095467543 0.00064672524 0.00065868837 0.001204939 0.0010417374 0.0011256043 0.00034711184 0.00071829144 0.0011010584 0.0007494313 0.00048393788 0.00044450758 0.00060004607 0.00067313056 0.0010053181 0.0015172601 0.00114381 0.00042290246 0.0006790837 0.00038166778 0.0004189102 0.0009211875 0.0011133467 0.0011837509 0.0015535413 0.0013606446 0.000872768 0.0012497113 0.0008394321 0.0009799564 0.0004201525 0.000556727 0.0011715834 0.0005125848 0.0007853422 0.0008772258 0.0008443063 0.00087217585 0.0009949616 0.0005868315 0.00060302956 0.0009493058 0.00085662556 0.0006679207 0.0006628667 0.0009131505 0.0012952678 0.0010115014 0.0010109334 0.0008854849 0.00093634677 0.001620446 0.0010124684 0.0005243402 0.00058422366 0.0004595315 0.00073528616 0.0013966651 0.0008504178 0.0009320183 0.001172154 0.0009775654 0.0006522064 0.0008925761 0.0008818099 0.00080336985 0.00072557013 0.00073041604 0.0010140045 0.00094527623 0.00097521255 0.0010679354 0.0006079497 0.00036166358 0.00073130114 0.00070721365 0.00043836058 0.0009935397 0.0007610914 0.00062997016 0.00121964 0.0005462247 0.0010668876 0.0009559949 0.0019971987 0.0006268948 0.0006309789 0.00033498197 0.0009669185 0.0004621548 0.0007000116 0.0005184305 0.0006981644 0.00032120632 0.0004823452 0.0018367352 0.00054805895 0.000876643 0.0006530735 0.000686107 0.0011023452 0.0013197211 0.0007403942 0.0011749112 0.0006463957 0.0008204582 0.0003923424 0.00095996034 0.00042400573 0.00058805704 0.00048437304 0.0008006134 0.0017657038 0.0010479973 0.0008133271 0.0006691221 0.0010385609 0.0012335349 0.0010864608 0.0011804064 0.00052636885 0.0012168385 0.0015452873 0.00074554846 0.0004949447 0.0008141205 0.0006114943 0.0019271193 0.0010627832 0.0012278341 0.00061249384 0.00058958604 0.00045248854 0.0006856095 0.00087422656 0.00053886493 0.0012732756 0.00039508828 0.00041463014 0.0011450041 0.0010410157 0.00052362285 0.00069889455 0.0007441829 0.0009821184 0.0005716208 0.0010544771 0.00077914435 0.00044277144 0.00040527972 0.0016518147 0.0012288918 0.0015173024 0.0006008057 0.0004071776 0.00044860903 0.00047006755 0.00031790297 0.00074057456 0.0010591415 0.0008431184 0.0008514742 0.001071942 0.001189829 0.0010173155 0.00048634785 0.00037312406 0.0006013686 0.00056366797 0.0005147935 0.00040377452 0.00039751935 0.00043875386 0.00082501187 0.00082753797 0.0018496823 0.0008486147 0.0010924772 0.0009269873 0.0003955742 0.0020603 0.00044209897 0.00097014726 0.00039353987 0.00082034746 0.0008812175 0.0007638991 0.00087906834 0.0007297764 0.00067962654 0.00089951546 0.0007487379 0.0015685667 0.0012270526 0.0007516223 0.0011466262 0.0012674367 0.0009815231 0.00095132954 0.00043315772 0.0006872928 0.0010610891 0.0008567277 0.0018737342 0.00071037246 0.00036889984,
101,256,,,0.004770726 0.004770726 0.004770726 0.004770726 0.004770726 0.004770726 0.004770726 0.004770726 0.004770726 0.004770726 0.004770726 0.004770726 0.004770726 0.004770726 0.004770726 0.004770726 0.004770726 0.004770726 0.004770726 0.004770726 0.004770726 0.004770726 0.004770726 0.004770726 0.004770726 0.004770726 0.004770726 0.004770726 0.004770726 0.004770726 0.004770726 0.004770726 0.004770726 0.004770726 0.004770726 0.004770726 0.004770726 0.004770726 0.004770726 0.004770726 0.004770726 0.004770726 0.004770726 0.004770726 0.004770726 0.004770726 0.004770726 0.004770726 0.004770726 0.004770726 0.004770726 0.004770726 0.004770726 0.004770726 0.004770726 0.004770726 0.004770726 0.004770726 0.004770726 0.004770726 0.004770726 0.004770726 0.004770726 0.004770726 0.004770726 0.004770726 0.004770726 0.004770726 0.004770726 0.004770726 0.004770726 0.004770726 0.004770726 0.004770726 0.004770726 0.004770726 0.004770726 0.004770726 0.004770726 0.004770726 0.004770726 0.004770726 0.004770726 0.004770726 0.004770726 0.004770726 0.004770726 0.004770726 0.004770726 0.004770726 0.004770726 0.004770726 0.004770726 0.004770726 0.004770726 0.004770726 0.004770726 0.004770726 0.004770726 0.004770726 0.004770726 0.004770726 0.004770726 0.004770726 0.004770726 0.004770726 0.004770726 0.004770726 0.004770726 0.004770726 0.004770726 0.004770726 0.004770726 0.004770726 0.004770726 0.004770726 0.004770726 0.004770726 0.004770726 0.004770726 0.004770726 0.004770726 0.004770726 0.004770726 0.004770726 0.004770726 0.004770726 0.004770726 0.004770726 0.004770726 0.004770726 0.004770726 0.004770726 0.004770726 0.004770726 0.004770726 0.004770726 0.004770726 0.004770726 0.004770726 0.004770726 0.004770726 0.004770726 0.004770726 0.004770726 0.004770726 0.004770726 0.004770726 0.004770726 0.004770726 0.004770726 0.004770726 0.004770726 0.004770726 0.004770726 0.004770726 0.004770726 0.004770726 0.004770726 0.004770726 0.004770726 0.004770726 0.004770726 0.004770726 0.004770726 0.004770726 0.004770726 0.004770726 0.004770726 0.004770726 0.004770726 0.004770726 0.004770726 0.004770726 0.004770726 0.004770726 0.004770726 0.004770726 0.004770726 0.004770726 0.004770726 0.004770726 0.004770726 0.004770726 0.004770726 0.004770726 0.004770726 0.004770726 0.004770726 0.004770726 0.004770726 0.004770726 0.004770726 0.004770726 0.004770726 0.004770726 0.004770726 0.004770726 0.004770726 0.004770726 0.004770726 0.004770726 0.004770726 0.004770726 0.004770726 0.004770726 0.004770726 0.004770726 0.004770726 0.004770726 0.004770726 0.004770726 0.004770726 0.004770726 0.004770726 0.004770726 0.004770726 0.004770726 0.004770726 0.004770726 0.004770726 0.004770726 0.004770726 0.004770726 0.004770726 0.004770726 0.004770726 0.004770726 0.004770726 0.004770726 0.004770726 0.004770726 0.004770726 0.004770726 0.004770726 0.004770726 0.004770726 0.004770726 0.004770726 0.004770726 0.004770726 0.004770726 0.004770726 0.004770726 0.004770726 0.004770726 0.004770726 0.004770726 0.004770726 0.004770726 0.004770726 0.004770726 0.004770726 0.004770726 0.004770726 0.004770726,15 14 14 14 14 14 14 15 14 14 14 13 14 14 13 14 14 14 13 14 14 14 14 15 13 13 14 14 13 13 14 14 14 14 15 14 14 14 14 14 14 14 15 15 14 14 13 12 14 12 14 14 14 13 13 13 15 14 13 14 15 15 14 14 13 13 13 15 14 15 15 14 13 13 13 13 14 13 14 13 15 14 13 14 14 14 14 14 13 14 14 14 14 14 14 14 13 13 13 14 14 13 13 14 14 15 14 13 14 14 13 13 14 14 14 14 14 14 13 14 13 13 14 15 14 14 15 13 14 14 13 14 13 14 12 14 14 15 14 15 14 14 14 15 15 13 14 14 14 14 13 13 14 13 14 14 15 14 15 14 15 14 13 13 14 14 13 13 13 13 14 13 13 14 14 14 14 13 13 13 14 14 15 14 14 14 13 15 15 13 13 14 14 14 13 14 13 14 15 15 13 13 13 14 15 15 15 15 14 13 14 14 13 13 13 15 15 14 14 14 15 15 15 14 14 13 14 13 14 15 12 15 14 15 14 14 14 14 14 14 14 14 13 13 14 13 13 13 14 15 14 13 14 13 14 15
106,1x1x256x256,0.527157 0.3806355 0.37727958 0.20989403 0.39396948 0.56487393 0.37545732 0.30921412 0.6047941 0.39336264 0.66344523 0.2881276 0.25022587 0.35362634 0.3147519 0.40986907 0.74230945 0.5694969 0.31810713 0.46579605 0.23176976 0.45630938 0.57733524 0.4042196 0.28276914 0.21918532 0.32698974 0.61155057 0.31971604 0.27734226 0.37438086 0.55393934 0.3678151 0.23471528 0.2593579 0.6517608 0.42955488 0.30743206 0.437819 0.36036906 0.29249215 0.21505287 0.30295977 0.47775322 0.5104068 0.32621965 0.36617452 0.40914184 0.37024996 0.31817123 0.26504192 0.25093207 0.29368752 0.33161628 0.44932723 0.27285355 0.5331892 0.19326384 0.3368922 0.23593141 0.6010243 0.4311127 0.3327379 0.29779926 0.36137575 0.3757052 0.26294804 0.25627095 0.2737388 0.22576147 0.5488398 0.28201574 0.24456121 0.24515696 0.31520042 0.24199827 0.30377227 0.35378978 0.7334837 0.27430376 0.43189898 0.32915732 0.3333084 0.5398661 0.36330178 0.42669955 0.3619278 0.49914813 0.5137582 0.2986392 0.18292478 0.43440413 0.20656991 0.20225106 1.0153327 0.21963042 0.46627554 0.26409823 0.23159523 0.26536387 0.2878389 0.38883767 0.2723141 0.32898456 0.47528765 0.31696227 0.52594984 0.25357965 0.26212564 0.2553838 0.43334705 0.23410162 0.28711474 0.26024613 0.67529064 0.20542283 0.53496486 0.2981054 0.31076437 0.27302063 0.43575487 0.31891334 0.30530685 0.2995818 0.3392794 0.29701933 0.6153214 0.6236176 0.2722329 0.40548635 0.51633376 0.3654619 0.59684527 0.40242887 0.39933932 0.38470116 0.27151617 0.20953985 0.29131898 0.2172184 0.49943972 0.394358 0.38118348 0.21915543 0.689648 0.61834997 0.24492003 0.47065654 0.26574978 0.1821581 0.3339118 0.2148781 0.28902504 0.20246893 0.20378034 0.47207236 0.30034518 0.5970986 0.2225132 0.41387326 0.2682757 0.4452851 0.59425306 0.3003853 0.42477375 0.24625139 0.94718283 0.17427926 0.28825265 0.3299674 0.67259145 0.4786513 0.177988 0.21346614 0.45545328 0.28558254 0.27412254 0.23074982 0.30167264 0.22181554 0.22442606 0.82719874 0.18740313 0.19038796 0.31744668 0.28328452 0.45967323 0.3190689 0.35785237 0.27270374 0.30686 0.48067743 0.348897 0.25990868 0.2969365 0.41810396 0.4269129 0.2790998 0.27613896 0.41254494 0.43319017 0.4100973 0.1592505 0.36007333 0.3919706 0.32595283 0.42416698 0.2177302 0.28821242 0.38166875 0.20426095 0.23660243 0.35434738 0.49052694 0.41326553 0.459727 0.12681115 0.38728625 0.28121352 0.23564838 0.2167697 0.28790483 0.29976508 0.51045877 0.34028882 0.34612283 0.21110836 0.28849685 0.26574367 0.42158395 0.15098602 0.43998194 0.26991343 0.45330098 0.5880627 0.29409012 0.24078771 0.20589696 0.51384336 0.20171243 0.41164002 0.49732548 0.18238865 0.1885009 0.16059491 0.7079867 0.37847614 0.358429 0.4332149 0.30675298 0.4149748 0.45146048 0.30620348 0.2403544 0.14940712 0.35790572,0.52709264 0.38058907 0.37723354 0.20986842 0.39392138 0.56480503 0.37541148 0.3091764 0.60472023 0.39331463 0.66336423 0.28809243 0.25019535 0.3535832 0.31471348 0.40981904 0.74221885 0.56942743 0.31806833 0.4657392 0.23174147 0.4562537 0.5772648 0.40417024 0.28273463 0.21915857 0.32694983 0.61147594 0.31967703 0.27730843 0.37433517 0.55387175 0.36777022 0.23468663 0.25932625 0.65168124 0.42950246 0.30739453 0.43776557 0.3603251 0.29245645 0.21502662 0.30292282 0.4776949 0.5103445 0.32617983 0.36612982 0.4090919 0.37020478 0.3181324 0.26500955 0.25090146 0.2936517 0.3315758 0.4492724 0.27282023 0.53312415 0.19324026 0.3368511 0.2359026 0.600951 0.43106008 0.3326973 0.2977629 0.36133164 0.37565938 0.26291594 0.25623965 0.2737054 0.22573392 0.5487729 0.28198132 0.24453136 0.24512704 0.31516197 0.24196874 0.3037352 0.3537466 0.73339415 0.27427027 0.4318463 0.32911715 0.33326772 0.53980017 0.36325747 0.42664745 0.36188364 0.4990872 0.5136955 0.29860276 0.18290246 0.43435112 0.2065447 0.20222637 1.0152087 0.21960361 0.46621862 0.26406598 0.23156697 0.2653315 0.2878038 0.3887902 0.27228087 0.3289444 0.47522962 0.3169236 0.52588564 0.25354868 0.26209363 0.25535262 0.43329418 0.23407304 0.28707972 0.2602144 0.6752083 0.20539775 0.53489953 0.29806903 0.31072646 0.2729873 0.43570167 0.31887442 0.3052696 0.29954523 0.339238 0.29698306 0.6152463 0.6235415 0.27219966 0.40543684 0.51627076 0.3654173 0.59677243 0.40237975 0.39929056 0.3846542 0.27148303 0.20951428 0.29128343 0.21719189 0.49937877 0.39430988 0.38113695 0.21912868 0.6895638 0.6182745 0.24489014 0.47059909 0.26571736 0.18213587 0.33387104 0.21485187 0.28898978 0.20244423 0.20375547 0.47201476 0.30030853 0.59702575 0.22248603 0.41382274 0.26824299 0.44523075 0.5941806 0.30034864 0.4247219 0.24622133 0.9470672 0.17425798 0.28821746 0.32992715 0.6725094 0.47859287 0.17796628 0.21344008 0.4553977 0.28554767 0.2740891 0.23072165 0.3016358 0.22178848 0.22439867 0.82709783 0.18738025 0.19036472 0.31740794 0.28324994 0.4596171 0.31903 0.35780868 0.27267048 0.30682257 0.48061875 0.34885445 0.25987694 0.29690027 0.41805294 0.4268608 0.27906573 0.27610525 0.41249457 0.4331373 0.41004723 0.15923105 0.3600294 0.39192277 0.32591304 0.4241152 0.21770363 0.28817725 0.38162217 0.20423602 0.23657355 0.35430413 0.4904671 0.41321507 0.4596709 0.12679568 0.38723898 0.28117922 0.23561962 0.21674323 0.2878697 0.2997285 0.5103965 0.34024727 0.34608057 0.2110826 0.28846163 0.26571125 0.42153248 0.1509676 0.43992826 0.26988047 0.45324564 0.58799094 0.2940542 0.24075833 0.20587182 0.51378065 0.20168781 0.4115898 0.4972648 0.18236639 0.18847789 0.1605753 0.70790035 0.37842995 0.35838526 0.43316203 0.30671555 0.41492414 0.4514054 0.3061661 0.24032508 0.1493889 0.35786206,0.0041503357 0.0029967644 0.0029703428 0.0016525072 0.003101743 0.0044472837 0.002955996 0.0024344597 0.0047615767 0.0030969656 0.0052233404 0.0022684443 0.0019700422 0.0027841197 0.002478059 0.0032269217 0.005844243 0.0044836807 0.002504475 0.0036672377 0.001824736 0.003592549 0.004545392 0.0031824429 0.002226257 0.0017256581 0.0025744082 0.004814771 0.0025171419 0.002183531 0.002947521 0.004361195 0.0028958286 0.0018479262 0.002041939 0.0051313485 0.003381909 0.0024204294 0.003446973 0.0028372055 0.0023028066 0.001693123 0.002385219 0.0037613772 0.004018461 0.002568345 0.0028829118 0.003221196 0.0029149982 0.0025049795 0.0020866895 0.001975602 0.002312218 0.0026108332 0.0035375778 0.0021481907 0.004197828 0.0015215768 0.0026523708 0.0018575009 0.0047318977 0.003394174 0.0026196637 0.0023445897 0.002845131 0.0029579478 0.0020702044 0.0020176352 0.0021551605 0.0017774324 0.004321046 0.0022203254 0.0019254438 0.0019301341 0.0024815903 0.0019052656 0.0023916156 0.0027854063 0.005774757 0.0021596083 0.0034003644 0.0025914735 0.0026241553 0.004250395 0.0028602951 0.0033594288 0.0028494776 0.0039298204 0.004044846 0.0023512028 0.0014401769 0.0034200875 0.0016263362 0.0015923337 0.00799377 0.0017291623 0.0036710128 0.0020792596 0.001823362 0.0020892245 0.0022661716 0.0030613402 0.002143944 0.0025901136 0.0037419656 0.0024954614 0.004140832 0.0019964464 0.0020637293 0.0020106505 0.0034117652 0.0018430948 0.0022604703 0.0020489322 0.0053166007 0.0016173052 0.004211807 0.0023470002 0.002446665 0.0021495062 0.0034307218 0.0025108221 0.0024036977 0.0023586238 0.0026711652 0.0023384492 0.0048444592 0.004909775 0.0021433043 0.0031924162 0.004065124 0.0028773015 0.0046989955 0.0031683445 0.0031440202 0.0030287732 0.0021376617 0.0016497187 0.0022935702 0.0017101724 0.003932116 0.0031048022 0.0030010783 0.0017254227 0.005429636 0.0048683034 0.0019282688 0.0037055046 0.0020922627 0.0014341407 0.0026289057 0.001691747 0.00227551 0.001594049 0.0016043738 0.0037166516 0.002364634 0.0047009904 0.0017518585 0.0032584467 0.0021121495 0.003505754 0.0046785874 0.00236495 0.003344267 0.0019387506 0.007457222 0.0013721101 0.0022694287 0.0025978514 0.0052953493 0.0037684478 0.0014013093 0.0016806305 0.0035858087 0.0022484069 0.002158182 0.0018167059 0.0023750851 0.001746366 0.0017669187 0.0065125814 0.0014754351 0.0014989348 0.0024992751 0.0022303145 0.0036190324 0.002512047 0.0028173912 0.0021470117 0.0024159257 0.0037843995 0.0027468854 0.0020462752 0.0023377973 0.0032917554 0.0033611087 0.0021973678 0.002174057 0.0032479886 0.0034105298 0.0032287184 0.0012537878 0.0028348772 0.003086006 0.0025662445 0.00333949 0.0017142018 0.0022691123 0.003004899 0.0016081576 0.0018627838 0.0027897963 0.0038619456 0.003253662 0.003619456 0.0009983912 0.003049126 0.0022140096 0.0018552726 0.0017066397 0.0022666906 0.002360067 0.0040188697 0.0026791124 0.0027250438 0.0016620676 0.0022713514 0.0020922145 0.0033191533 0.0011887213 0.0034640022 0.0021250432 0.0035688633 0.00462985 0.0023153876 0.0018957349 0.001621038 0.004045517 0.001588093 0.0032408645 0.003915471 0.0014359558 0.0014840779 0.0012643725 0.0055740187 0.0029797633 0.0028219311 0.0034107247 0.002415083 0.0032671192 0.0035543733 0.002410757 0.0018923235 0.0011762906 0.0028178114,
107,256,,,0.006528 0.006528 0.006528 0.006528 0.006528 0.006528 0.006528 0.006528 0.006528 0.006528 0.006528 0.006528 0.006528 0.006528 0.006528 0.006528 0.006528 0.006528 0.006528 0.006528 0.006528 0.006528 0.006528 0.006528 0.006528 0.006528 0.006528 0.006528 0.006528 0.006528 0.006528 0.006528 0.006528 0.006528 0.006528 0.006528 0.006528 0.006528 0.006528 0.006528 0.006528 0.006528 0.006528 0.006528 0.006528 0.006528 0.006528 0.006528 0.006528 0.006528 0.006528 0.006528 0.006528 0.006528 0.006528 0.006528 0.006528 0.006528 0.006528 0.006528 0.006528 0.006528 0.006528 0.006528 0.006528 0.006528 0.006528 0.006528 0.006528 0.006528 0.006528 0.006528 0.006528 0.006528 0.006528 0.006528 0.006528 0.006528 0.006528 0.006528 0.006528 0.006528 0.006528 0.006528 0.006528 0.006528 0.006528 0.006528 0.006528 0.006528 0.006528 0.006528 0.006528 0.006528 0.006528 0.006528 0.006528 0.006528 0.006528 0.006528 0.006528 0.006528 0.006528 0.006528 0.006528 0.006528 0.006528 0.006528 0.006528 0.006528 0.006528 0.006528 0.006528 0.006528 0.006528 0.006528 0.006528 0.006528 0.006528 0.006528 0.006528 0.006528 0.006528 0.006528 0.006528 0.006528 0.006528 0.006528 0.006528 0.006528 0.006528 0.006528 0.006528 0.006528 0.006528 0.006528 0.006528 0.006528 0.006528 0.006528 0.006528 0.006528 0.006528 0.006528 0.006528 0.006528 0.006528 0.006528 0.006528 0.006528 0.006528 0.006528 0.006528 0.006528 0.006528 0.006528 0.006528 0.006528 0.006528 0.006528 0.006528 0.006528 0.006528 0.006528 0.006528 0.006528 0.006528 0.006528 0.006528 0.006528 0.006528 0.006528 0.006528 0.006528 0.006528 0.006528 0.006528 0.006528 0.006528 0.006528 0.006528 0.006528 0.006528 0.006528 0.006528 0.006528 0.006528 0.006528 0.006528 0.006528 0.006528 0.006528 0.006528 0.006528 0.006528 0.006528 0.006528 0.006528 0.006528 0.006528 0.006528 0.006528 0.006528 0.006528 0.006528 0.006528 0.006528 0.006528 0.006528 0.006528 0.006528 0.006528 0.006528 0.006528 0.006528 0.006528 0.006528 0.006528 0.006528 0.006528 0.006528 0.006528 0.006528 0.006528 0.006528 0.006528 0.006528 0.006528 0.006528 0.006528 0.006528 0.006528 0.006528 0.006528 0.006528 0.006528 0.006528 0.006528 0.006528 0.006528 0.006528 0.006528 0.006528 0.006528 0.006528 0.006528 0.006528 0.006528 0.006528 0.006528 0.006528 0.006528 0.006528 0.006528 0.006528 0.006528,12 13 13 14 13 12 13 13 12 13 12 13 13 13 13 13 12 12 13 13 14 13 12 13 13 14 13 12 13 13 13 12 13 14 13 12 13 13 13 13 13 14 13 13 12 13 13 13 13 13 13 13 13 13 13 13 12 14 13 14 12 13 13 13 13 13 13 13 13 14 12 13 14 14 13 14 13 13 12 13 13 13 13 12 13 13 13 12 12 13 14 13 14 14 11 14 13 13 14 13 13 13 13 13 13 13 12 13 13 13 13 14 13 13 12 14 12 13 13 13 13 13 13 13 13 13 12 12 13 13 12 13 12 13 13 13 13 14 13 14 12 13 13 14 12 12 14 13 13 14 13 14 13 14 14 13 13 12 14 13 13 13 12 13 13 14 12 14 13 13 12 13 14 14 13 13 13 14 13 14 14 12 14 14 13 13 13 13 13 13 13 13 13 13 13 13 13 13 13 13 13 13 14 13 13 13 13 14 13 13 14 14 13 13 13 13 14 13 13 14 14 13 13 12 13 13 14 13 13 13 14 13 13 13 12 13 14 14 12 14 13 12 14 14 14 12 13 13 13 13 13 13 13 14 14 13
116,1x1x128x64,0.29423496 0.31918502 0.49663863 0.4193715 0.21811023 0.2502917 0.28861514 0.5157616 0.3255523 0.23651294 0.32683483 0.18692203 0.20864516 0.27252543 0.35077924 0.19656116 0.28973523 0.3205606 0.24194089 0.41881305 0.31941208 0.23228581 0.26119262 0.62045413 0.4093055 0.2768874 0.3039568 0.20156613 0.33815643 0.23775075 0.22890846 0.2734104 0.24338984 1.1558781 0.25188276 0.59727776 0.20162189 0.27491224 0.22700742 0.16533501 0.20293114 0.25288275 0.35653752 0.34810007 0.3290818 0.19099505 0.27879575 0.43035415 0.40230867 0.7079343 0.24089015 0.22688027 0.59881395 0.20532085 0.22047766 0.22671525 0.30462372 0.22988273 1.1040919 0.4585851 0.34323353 0.36765334 0.25028655 0.16110747,0.29419905 0.31914607 0.49657804 0.4193203 0.2180836 0.25026116 0.2885799 0.5156987 0.3255126 0.23648408 0.32679492 0.18689921 0.2086197 0.27249217 0.3507364 0.19653717 0.28969985 0.3205215 0.24191135 0.41876194 0.3193731 0.23225746 0.26116076 0.6203784 0.40925556 0.2768536 0.30391973 0.20154153 0.33811516 0.23772174 0.22888052 0.27337706 0.24336013 1.1557369 0.251852 0.59720486 0.20159727 0.27487868 0.22697972 0.16531484 0.20290637 0.2528519 0.356494 0.34805757 0.32904166 0.19097175 0.27876174 0.4303016 0.40225956 0.7078479 0.24086075 0.22685258 0.5987409 0.2052958 0.22045076 0.22668758 0.30458653 0.22985469 1.103957 0.45852914 0.34319165 0.3676085 0.250256 0.1610878,0.002316528 0.0025129612 0.0039100633 0.0033017346 0.0017171938 0.0019705603 0.0022722827 0.0040606195 0.0025630912 0.0018620794 0.0025731884 0.0014716474 0.0016426748 0.0021456077 0.002761704 0.0015475367 0.0022811012 0.0025237913 0.0019048138 0.003297338 0.0025147488 0.0018287989 0.002056384 0.0048848693 0.0032224848 0.0021799495 0.0023930687 0.0015869412 0.002662324 0.0018718247 0.0018022088 0.0021525752 0.0019162215 0.009100291 0.0019830866 0.0047024004 0.0015873801 0.002164399 0.0017872419 0.0013016916 0.001597688 0.00199096 0.0028070395 0.0027406109 0.002590879 0.0015037146 0.0021949743 0.0033882016 0.003167398 0.0055736057 0.0018965413 0.0017862408 0.004714495 0.0016165024 0.0017358328 0.0017849415 0.002398319 0.0018098794 0.008692576 0.0036104657 0.0027022965 0.002894555 0.0019705198 0.0012684078,
117,64,,,0.0056379763 0.0056379763 0.0056379763 0.0056379763 0.0056379763 0.0056379763 0.0056379763 0.0056379763 0.0056379763 0.0056379763 0.0056379763 0.0056379763 0.0056379763 0.0056379763 0.0056379763 0.0056379763 0.0056379763 0.0056379763 0.0056379763 0.0056379763 0.0056379763 0.0056379763 0.0056379763 0.0056379763 0.0056379763 0.0056379763 0.0056379763 0.0056379763 0.0056379763 0.0056379763 0.0056379763 0.0056379763 0.0056379763 0.0056379763 0.0056379763 0.0056379763 0.0056379763 0.0056379763 0.0056379763 0.0056379763 0.0056379763 0.0056379763 0.0056379763 0.0056379763 0.0056379763 0.0056379763 0.0056379763 0.0056379763 0.0056379763 0.0056379763 0.0056379763 0.0056379763 0.0056379763 0.0056379763 0.0056379763 0.0056379763 0.0056379763 0.0056379763 0.0056379763 0.0056379763 0.0056379763 0.0056379763 0.0056379763 0.0056379763,14 14 13 14 15 14 14 13 14 15 14 15 15 14 14 15 14 14 15 14 14 15 14 13 14 14 14 15 14 15 15 14 15 12 14 13 15 14 15 15 15 14 14 14 14 15 14 14 14 13 15 15 13 15 15 15 14 15 12 14 14 14 14 15
122,3x3x64x64,0.15184914 0.23964399 0.48498997 0.143945 0.17112152 0.18079054 0.1914829 0.16907467 0.30696443 0.23936608 0.17452274 0.2672273 0.30004072 0.2744115 0.3934365 0.28331462 0.28893343 0.14631206 0.42825857 0.47410172 0.1966569 0.21388677 0.27727082 0.2333367 0.21282327 0.36508325 0.20207629 0.23452994 0.15751427 0.17274857 0.17637207 0.21875189 0.24751745 0.13233462 0.22817664 0.1426607 0.2881307 0.29913145 0.19531329 0.3793044 0.19746447 0.14015518 0.16092797 0.47413903 0.5426849 0.24008706 0.29103056 0.20952393 0.18853697 0.3071781 0.22455713 0.26514018 0.37487903 0.21375325 0.16753857 0.18342689 0.256328 0.25906235 0.17926513 0.16552657 0.13384289 0.26250595 0.36370727 0.21189038,0.15183061 0.23961475 0.48493078 0.14392743 0.17110063 0.18076849 0.19145954 0.16905405 0.30692697 0.23933686 0.17450143 0.26719466 0.30000412 0.27437803 0.39338848 0.28328004 0.28889817 0.14629419 0.42820632 0.47404385 0.1966329 0.21386068 0.27723697 0.23330823 0.2127973 0.3650387 0.20205162 0.23450132 0.15749505 0.17272748 0.17635053 0.2187252 0.24748725 0.13231847 0.22814879 0.14264329 0.28809553 0.29909495 0.19528946 0.3792581 0.19744037 0.14013807 0.16090833 0.4740812 0.5426187 0.24005775 0.29099503 0.20949836 0.18851396 0.30714062 0.22452973 0.26510784 0.3748333 0.21372718 0.16751812 0.18340449 0.25629672 0.25903073 0.17924325 0.16550638 0.13382655 0.2624739 0.36366287 0.21186452,0.0011955167 0.0018867303 0.0038183527 0.0011332869 0.001347249 0.0014233739 0.0015075554 0.0013311342 0.0024167479 0.0018845422 0.001374027 0.002103895 0.0023622373 0.002160457 0.003097547 0.0022305516 0.0022747887 0.0011519227 0.0033717034 0.0037326287 0.0015482906 0.0016839423 0.0021829682 0.0018370727 0.0016755693 0.0028743204 0.0015909576 0.001846467 0.0012401185 0.0013600589 0.0013885868 0.0017222457 0.0019487184 0.0010418777 0.0017964472 0.0011231755 0.0022684687 0.0023550782 0.0015377123 0.0029862842 0.0015546486 0.0011034494 0.0012669947 0.0037329227 0.004272588 0.0018902185 0.0022912994 0.0016495934 0.001484362 0.00241843 0.0017679506 0.0020874634 0.0029514432 0.0016828912 0.0013190403 0.0014441299 0.0020180845 0.002039612 0.0014113642 0.0013031998 0.0010537524 0.0020667238 0.0028634872 0.0016682246,
123,64,,,0.0044300067 0.0044300067 0.0044300067 0.0044300067 0.0044300067 0.0044300067 0.0044300067 0.0044300067 0.0044300067 0.0044300067 0.0044300067 0.0044300067 0.0044300067 0.0044300067 0.0044300067 0.0044300067 0.0044300067 0.0044300067 0.0044300067 0.0044300067 0.0044300067 0.0044300067 0.0044300067 0.0044300067 0.0044300067 0.0044300067 0.0044300067 0.0044300067 0.0044300067 0.0044300067 0.0044300067 0.0044300067 0.0044300067 0.0044300067 0.0044300067 0.0044300067 0.0044300067 0.0044300067 0.0044300067 0.0044300067 0.0044300067 0.0044300067 0.0044300067 0.0044300067 0.0044300067 0.0044300067 0.0044300067 0.0044300067 0.0044300067 0.0044300067 0.0044300067 0.0044300067 0.0044300067 0.0044300067 0.0044300067 0.0044300067 0.0044300067 0.0044300067 0.0044300067 0.0044300067 0.0044300067 0.0044300067 0.0044300067 0.0044300067,15 15 14 15 15 15 15 15 14 15 15 14 14 14 14 14 14 15 14 14 15 15 14 15 15 14 15 15 15 15 15 15 15 15 15 15 14 14 15 14 15 15 15 14 13 15 14 15 15 14 15 14 14 15 15 15 14 14 15 15 15 14 14 15
128,3x3x64x64,0.22708969 0.21276398 0.12900579 0.107426636 0.16854006 0.17261954 0.09550481 0.27843 0.17748418 0.14792362 0.16498369 0.19622658 0.18444517 0.14394256 0.17773628 0.16909188 0.21889275 0.22123179 0.12470006 0.15210974 0.15710388 0.16262467 0.19497478 0.110281736 0.24215478 0.2309715 0.22235867 0.19325949 0.7002272 0.21183693 0.16108765 0.3290085 0.17008622 0.23760787 0.11878122 0.31753728 0.16693796 0.25475004 0.13185051 0.28728467 0.1461403 0.15629299 0.24811524 0.13150498 0.1667507 0.12759481 0.18253998 0.25995016 0.1707129 0.254808 0.20383513 0.20251314 0.36545405 0.18032527 0.31151578 0.28267467 0.21512885 0.4139034 0.19501418 0.23532712 0.2571301 0.092102885 0.16240837 0.15406294,0.22706197 0.21273802 0.12899005 0.10741353 0.16851948 0.17259847 0.09549315 0.27839604 0.17746253 0.14790556 0.16496356 0.19620264 0.18442267 0.143925 0.1777146 0.16907124 0.21886605 0.22120479 0.12468485 0.15209118 0.15708472 0.16260482 0.19495098 0.11026827 0.24212523 0.23094332 0.22233154 0.1932359 0.7001418 0.21181108 0.16106798 0.32896832 0.17006546 0.23757887 0.118766725 0.3174985 0.16691759 0.25471896 0.13183442 0.2872496 0.14612247 0.15627392 0.24808496 0.13148893 0.16673036 0.12757924 0.1825177 0.25991842 0.17069207 0.2547769 0.20381024 0.20248844 0.36540946 0.18030326 0.31147778 0.2826402 0.2151026 0.41385287 0.19499038 0.2352984 0.2570987 0.09209165 0.16238855 0.15404414,0.0017878895 0.0016751025 0.0010156697 0.0008457758 0.001326925 0.0013590431 0.0007519146 0.0021920947 0.0013973428 0.0011646107 0.0012989256 0.0015449027 0.001452147 0.0011332677 0.0013993275 0.0013312696 0.0017233547 0.00174177 0.0009817705 0.0011975683 0.0012368875 0.0012803529 0.0015350471 0.0008682541 0.0019064979 0.0018184513 0.0017506421 0.0015215426 0.0055129277 0.0016678037 0.0012682518 0.0025903017 0.0013390981 0.0018706998 0.0009351711 0.0024999883 0.0013143118 0.0020056611 0.0010380662 0.002261808 0.0011505706 0.0012305033 0.001953425 0.001035346 0.0013128375 0.001004561 0.0014371473 0.0020466018 0.001344032 0.0020061173 0.0016048051 0.0015943971 0.0028772398 0.0014197107 0.002452581 0.0022255133 0.0016937213 0.003258684 0.0015353573 0.0018527432 0.0020243993 0.0007251311 0.00127865 0.0012129459,
129,64,,,0.0053928886 0.0053928886 0.0053928886 0.0053928886 0.0053928886 0.0053928886 0.0053928886 0.0053928886 0.0053928886 0.0053928886 0.0053928886 0.0053928886 0.0053928886 0.0053928886 0.0053928886 0.0053928886 0.0053928886 0.0053928886 0.0053928886 0.0053928886 0.0053928886 0.0053928886 0.0053928886 0.0053928886 0.0053928886 0.0053928886 0.0053928886 0.0053928886 0.0053928886 0.0053928886 0.0053928886 0.0053928886 0.0053928886 0.0053928886 0.0053928886 0.0053928886 0.0053928886 0.0053928886 0.0053928886 0.0053928886 0.0053928886 0.0053928886 0.0053928886 0.0053928886 0.0053928886 0.0053928886 0.0053928886 0.0053928886 0.0053928886 0.0053928886 0.0053928886 0.0053928886 0.0053928886 0.0053928886 0.0053928886 0.0053928886 0.0053928886 0.0053928886 0.0053928886 0.0053928886 0.0053928886 0.0053928886 0.0053928886 0.0053928886,14 14 14 15 14 14 15 13 14 14 14 14 14 14 14 14 14 14 14 14 14 14 14 15 14 14 14 14 12 14 14 13 14 14 15 13 14 13 14 13 14 14 13 14 14 14 14 13 14 13 14 14 13 14 13 13 14 13 14 14 13 15 14 14
137,3x3x64x64,0.26447985 0.20271939 0.12953778 0.27061957 0.28573743 0.15499933 0.24428703 0.19210924 0.25133657 0.34292424 0.20302308 0.13482524 0.19258979 0.26218396 0.24928623 0.114635676 0.34413427 0.4163772 0.29733163 0.16968654 0.121597596 0.18038318 0.20337634 0.1784906 0.24978375 0.18968001 0.40476158 0.09815901 0.23024672 0.18277602 0.19837448 0.20388132 0.30220336 0.15526134 0.16067947 0.16070516 0.34439987 0.21326765 0.33457667 0.32875878 0.26505336 0.33562595 0.41144726 0.20473547 0.13731657 0.20055024 0.35778484 0.22703119 0.27234432 0.2328496 0.17650078 0.23103371 0.34569725 0.23534085 0.20435725 0.15714313 0.45538735 0.16746782 0.26998082 0.17989886 0.27835843 0.15648195 0.20289084 0.40091416,0.26444757 0.20269464 0.12952197 0.27058655 0.28570256 0.1549804 0.24425723 0.19208579 0.2513059 0.34288236 0.2029983 0.1348088 0.19256628 0.262152 0.24925582 0.11462169 0.34409228 0.41632637 0.29729536 0.16966584 0.121582754 0.18036115 0.20335153 0.17846881 0.24975328 0.18965685 0.40471217 0.09814703 0.23021863 0.18275371 0.19835028 0.20385644 0.3021665 0.1552424 0.16065986 0.16068555 0.34435782 0.21324164 0.33453584 0.32871863 0.265021 0.33558497 0.41139704 0.20471048 0.13729982 0.20052578 0.35774118 0.22700347 0.27231106 0.23282118 0.17647925 0.23100552 0.34565508 0.23531212 0.20433232 0.15712395 0.45533177 0.16744739 0.2699479 0.1798769 0.27832446 0.15646286 0.20286609 0.40086526,0.0020822643 0.0015960208 0.001019858 0.0021306027 0.0022496264 0.0012203181 0.0019232852 0.0015124865 0.0019787867 0.002699861 0.0015984118 0.0010614865 0.0015162699 0.002064189 0.0019626443 0.000902533 0.002709388 0.0032781605 0.0023409084 0.0013359515 0.00095734454 0.0014201666 0.0016011931 0.0014052662 0.0019665612 0.0014933611 0.00318671 0.00077281124 0.0018127451 0.0014390056 0.0015618133 0.0016051688 0.0023792638 0.0012223811 0.0012650383 0.0012652406 0.0027114789 0.001679068 0.0026341404 0.0025883357 0.0020867796 0.0026424013 0.0032393467 0.0016118935 0.0010811009 0.0015789431 0.0028168596 0.0017874289 0.0021441816 0.0018332376 0.0013896005 0.0018189411 0.0027216936 0.0018528514 0.001608916 0.0012371965 0.0035852895 0.0013184834 0.0021255738 0.0014163535 0.0021915312 0.0012319911 0.0015973708 0.0031564194,
138,64,,,0.0042772684 0.0042772684 0.0042772684 0.0042772684 0.0042772684 0.0042772684 0.0042772684 0.0042772684 0.0042772684 0.0042772684 0.0042772684 0.0042772684 0.0042772684 0.0042772684 0.0042772684 0.0042772684 0.0042772684 0.0042772684 0.0042772684 0.0042772684 0.0042772684 0.0042772684 0.0042772684 0.0042772684 0.0042772684 0.0042772684 0.0042772684 0.0042772684 0.0042772684 0.0042772684 0.0042772684 0.0042772684 0.0042772684 0.0042772684 0.0042772684 0.0042772684 0.0042772684 0.0042772684 0.0042772684 0.0042772684 0.0042772684 0.0042772684 0.0042772684 0.0042772684 0.0042772684 0.0042772684 0.0042772684 0.0042772684 0.0042772684 0.0042772684 0.0042772684 0.0042772684 0.0042772684 0.0042772684 0.0042772684 0.0042772684 0.0042772684 0.0042772684 0.0042772684 0.0042772684 0.0042772684 0.0042772684 0.0042772684 0.0042772684,14 15 15 14 14 15 15 15 14 14 15 15 15 14 14 16 14 14 14 15 16 15 15 15 14 15 14 16 15 15 15 15 14 15 15 15 14 15 14 14 14 14 14 15 15 15 14 15 14 15 15 15 14 15 15 15 14 15 14 15 14 15 15 14
143,3x3x64x64,0.19487755 0.21367253 0.20450379 0.2012422 0.15726195 0.17832758 0.13191833 0.25275788 0.20563586 0.1672632 0.16231965 0.18366392 0.20283665 0.14693865 0.14921789 0.19941114 0.17201078 0.22140025 0.16567461 0.3431245 0.13100204 0.22125229 0.18859914 0.13344622 0.21680416 0.24264242 0.20294699 0.17950086 0.27315173 0.10464147 0.19730777 0.16692786 0.26796892 0.19320612 0.16876332 0.25877485 0.16838871 0.3020619 0.18677436 0.12596148 0.27316353 0.16260561 0.17098555 0.24174218 0.15755355 0.13875651 0.15846594 0.20379825 0.19362336 0.25896004 0.21446465 0.1965538 0.21939048 0.21183267 0.16884615 0.20629965 0.26215455 0.68805915 0.12445937 0.2323422 0.25638217 0.16297373 0.13934168 0.15322691,0.19485377 0.21364646 0.20447883 0.20121764 0.15724276 0.17830582 0.13190222 0.25272703 0.20561077 0.16724278 0.16229983 0.18364151 0.2028119 0.14692071 0.14919968 0.1993868 0.17198978 0.22137322 0.16565439 0.34308264 0.13098605 0.22122529 0.18857613 0.13342993 0.21677771 0.24261281 0.20292222 0.17947896 0.2731184 0.1046287 0.19728369 0.16690749 0.2679362 0.19318253 0.16874273 0.2587433 0.16836816 0.30202502 0.18675157 0.12594612 0.2731302 0.16258578 0.17096467 0.24171267 0.15753432 0.13873957 0.1584466 0.20377338 0.19359973 0.25892842 0.21443847 0.1965298 0.2193637 0.21180682 0.16882554 0.20627448 0.26212257 0.68797517 0.12444419 0.23231384 0.25635087 0.16295384 0.13932468 0.15320821,0.0015342816 0.0016822555 0.0016100695 0.0015843909 0.001238132 0.0014039829 0.0010386001 0.0019899767 0.0016189824 0.0013168723 0.0012779514 0.0014459961 0.001596944 0.001156856 0.0011748007 0.0015699748 0.0013542502 0.0017430962 0.0013043652 0.002701438 0.0010313862 0.0017419314 0.0014848515 0.0010506294 0.0017069111 0.0019103371 0.0015978127 0.0014132202 0.0021505386 0.000823848 0.0015534149 0.0013142322 0.0021097339 0.0015211223 0.0013286829 0.0020373487 0.0013257335 0.0023781497 0.0014704849 0.0009917017 0.0021506315 0.001280203 0.0013461786 0.0019032494 0.0012404277 0.0010924375 0.001247611 0.0016045148 0.0015244073 0.0020388064 0.0016884919 0.0015474788 0.0017272732 0.0016677702 0.0013293349 0.0016242085 0.0020639573 0.005417127 0.0009798754 0.0018292428 0.0020185108 0.001283101 0.0010970447 0.0012063639,
144,64,,,0.004594058 0.004594058 0.004594058 0.004594058 0.004594058 0.004594058 0.004594058 0.004594058 0.004594058 0.004594058 0.004594058 0.004594058 0.004594058 0.004594058 0.004594058 0.004594058 0.004594058 0.004594058 0.004594058 0.004594058 0.004594058 0.004594058 0.004594058 0.004594058 0.004594058 0.004594058 0.004594058 0.004594058 0.004594058 0.004594058 0.004594058 0.004594058 0.004594058 0.004594058 0.004594058 0.004594058 0.004594058 0.004594058 0.004594058 0.004594058 0.004594058 0.004594058 0.004594058 0.004594058 0.004594058 0.004594058 0.004594058 0.004594058 0.004594058 0.004594058 0.004594058 0.004594058 0.004594058 0.004594058 0.004594058 0.004594058 0.004594058 0.004594058 0.004594058 0.004594058 0.004594058 0.004594058 0.004594058 0.004594058,15 15 15 15 15 15 15 14 15 15 15 15 15 15 15 15 15 15 15 14 15 15 15 15 15 15 15 15 14 16 15 15 14 15 15 14 15 14 15 15 14 15 15 15 15 15 15 15 15 14 15 15 15 15 15 15 14 13 15 15 14 15 15 15
152,1x1x128x64,0.32526422 0.4559007 0.25108376 0.38735038 0.31602386 0.29488716 0.4913521 0.4605566 0.7698014 0.38562825 0.5243205 0.2946649 0.30770174 0.39039657 0.2860673 0.5175309 0.3677065 0.28261524 0.59510916 0.6267682 0.31592402 0.45409188 0.28887844 0.33354166 0.36356765 0.29026335 0.36631337 0.24326651 0.27600577 0.36972776 0.32753155 0.4004535 0.31988418 0.27319843 0.34167936 0.36515224 0.28684577 0.35194573 0.36828586 0.30693194 0.90259933 0.38560778 0.2530824 0.6429984 0.43274567 0.4217898 0.31514114 0.4006028 0.4010893 0.33698216 0.54271966 0.35734323 0.36397082 0.6322891 0.45129707 0.3327532 0.3355402 0.30874527 0.29437813 0.45530462 0.24297976 0.2996463 0.41650552 0.3091508,0.32522452 0.45584506 0.25105312 0.3873031 0.3159853 0.29485118 0.49129215 0.4605004 0.76970744 0.3855812 0.5242565 0.29462895 0.3076642 0.39034894 0.28603238 0.5174678 0.36766163 0.28258073 0.5950365 0.62669164 0.31588548 0.45403647 0.28884318 0.33350095 0.36352327 0.29022795 0.36626866 0.24323681 0.2759721 0.36968264 0.32749158 0.40040463 0.31984514 0.2731651 0.34163767 0.36510766 0.2868108 0.35190278 0.36824092 0.30689448 0.9024892 0.38556072 0.2530515 0.64291996 0.43269286 0.42173833 0.3151027 0.40055388 0.40104035 0.33694103 0.54265344 0.3572996 0.36392638 0.632212 0.451242 0.33271262 0.33549926 0.30870757 0.2943422 0.45524904 0.24295011 0.29960972 0.4164547 0.30911306,0.002560823 0.0035893312 0.0019767962 0.003049631 0.0024880732 0.0023216628 0.003868442 0.0036259873 0.0060606883 0.0030360725 0.004128004 0.002319913 0.0024225526 0.0030736136 0.0022522234 0.00407455 0.0028949734 0.002225045 0.004685327 0.00493458 0.0024872874 0.0035750903 0.0022743559 0.0026259918 0.002862388 0.0022852595 0.0028840052 0.0019152504 0.0021730086 0.002910887 0.002578674 0.0031527923 0.0025184657 0.0021509062 0.0026900603 0.0028748633 0.0022583527 0.0027708882 0.0028995348 0.002416492 0.007106214 0.0030359111 0.0019925314 0.0050623617 0.0034070304 0.0033207743 0.0024811237 0.0031539677 0.003157798 0.002653079 0.004272862 0.0028133825 0.002865562 0.004978047 0.0035530867 0.0026197843 0.0026417265 0.0024307682 0.0023176551 0.003584638 0.001912993 0.0023591316 0.003279171 0.002433961,
153,64,,,0.005168222 0.005168222 0.005168222 0.005168222 0.005168222 0.005168222 0.005168222 0.005168222 0.005168222 0.005168222 0.005168222 0.005168222 0.005168222 0.005168222 0.005168222 0.005168222 0.005168222 0.005168222 0.005168222 0.005168222 0.005168222 0.005168222 0.005168222 0.005168222 0.005168222 0.005168222 0.005168222 0.005168222 0.005168222 0.005168222 0.005168222 0.005168222 0.005168222 0.005168222 0.005168222 0.005168222 0.005168222 0.005168222 0.005168222 0.005168222 0.005168222 0.005168222 0.005168222 0.005168222 0.005168222 0.005168222 0.005168222 0.005168222 0.005168222 0.005168222 0.005168222 0.005168222 0.005168222 0.005168222 0.005168222 0.005168222 0.005168222 0.005168222 0.005168222 0.005168222 0.005168222 0.005168222 0.005168222 0.005168222,15 15 15 15 15 15 15 15 14 15 14 15 15 15 15 14 15 15 14 14 15 15 15 15 15 15 15 16 15 15 15 15 15 15 15 15 15 15 15 15 14 15 15 14 15 15 15 15 15 15 14 15 15 14 15 15 15 15 15 15 16 15 15 15
161,1x1x128x128,0.34282872 0.2857561 0.3769941 0.41178963 0.4372185 0.43684104 0.46113944 0.3634766 0.51754034 0.36207563 0.3562691 0.39068204 1.0063334 0.49612883 0.3744565 0.29563138 0.3064567 0.59611726 0.43140274 0.47771987 0.40900815 0.32036668 0.3362896 0.42501837 0.79356635 0.44417125 0.33488965 0.4696352 0.46150613 0.25893778 0.30990875 0.58332366 0.2744602 0.27747843 0.2831778 0.42921206 0.50147635 0.5293234 0.34517425 0.25870267 0.32268906 0.4195521 0.28311023 0.2917535 0.4243834 0.4504622 0.52974415 0.38503587 0.29527333 0.29993024 0.37392563 0.4821089 0.37527528 0.43843397 0.44898728 0.36882135 0.7507418 0.30460078 0.57008505 0.40807825 0.5632682 0.43940696 0.37474564 0.3761577 0.33201024 0.27831888 0.40479383 1.1508954 0.573295 0.44873837 0.321797 0.43422866 0.3433447 0.566815 0.4094582 0.41205215 0.51303446 0.3959964 0.34036002 0.340061 0.6480973 0.35622177 0.3642834 0.47069865 0.41466564 0.67420954 0.48268443 0.34849396 0.3092209 0.9535185 0.43170744 0.5598365 0.57687885 0.30013996 0.26128587 0.5093371 0.42043573 0.37774697 0.2642066 0.3794759 0.33885908 0.36009303 0.4556314 0.52368826 0.46393645 0.40429375 0.32349402 0.30521312 0.46670637 0.40102407 0.38517025 0.49233922 0.31416598 0.32438967 0.41318166 0.38526624 0.43553048 0.70164 0.34130406 0.39252064 0.37790984 0.5425885 0.3118273 0.39523822 0.25635138 0.5229763 0.28477055 0.2912106,0.34278688 0.28572124 0.3769481 0.41173935 0.4371651 0.43678772 0.46108314 0.36343223 0.5174772 0.36203146 0.3562256 0.39063436 1.0062106 0.4960683 0.37441078 0.29559532 0.3064193 0.59604454 0.4313501 0.47766155 0.40895823 0.32032758 0.33624858 0.42496648 0.7934695 0.44411704 0.33484876 0.46957788 0.4614498 0.25890616 0.30987093 0.58325243 0.2744267 0.27744454 0.28314325 0.4291597 0.50141513 0.5292588 0.3451321 0.25867108 0.32264966 0.4195009 0.28307566 0.29171792 0.4243316 0.45040724 0.52967954 0.3849889 0.2952373 0.29989365 0.37388 0.48205006 0.37522948 0.43838045 0.4489325 0.36877632 0.75065017 0.30456358 0.5700155 0.40802845 0.5631994 0.43935332 0.37469992 0.37611178 0.33196974 0.27828494 0.40474445 1.1507549 0.573225 0.44868362 0.32175773 0.43417567 0.3433028 0.5667459 0.40940824 0.41200185 0.5129718 0.39594808 0.34031847 0.34001952 0.6480182 0.3561783 0.36423898 0.47064123 0.41461504 0.6741272 0.48262554 0.34845144 0.30918315 0.9534021 0.43165475 0.55976814 0.57680845 0.30010334 0.26125398 0.50927496 0.42038444 0.37770087 0.26417434 0.37942958 0.33881775 0.3600491 0.4555758 0.5236243 0.46387982 0.40424442 0.32345456 0.30517587 0.4666494 0.40097514 0.38512322 0.49227914 0.31412765 0.32435006 0.41313124 0.38521925 0.43547732 0.7015544 0.34126243 0.3924727 0.37786373 0.54252225 0.31178924 0.39519 0.2563201 0.52291244 0.2847358 0.29117507,0.0026991093 0.0022497736 0.0029680952 0.0032420421 0.003442245 0.0034392735 0.003630576 0.0028616711 0.004074624 0.0028506415 0.0028049261 0.0030758611 0.007922918 0.0039060495 0.0029481163 0.0023275223 0.0024127504 0.004693264 0.0033964575 0.0037611146 0.0032201435 0.0025222644 0.0026476267 0.0033461929 0.0062477915 0.0034969845 0.0026366045 0.0036974635 0.003633463 0.0020386311 0.0024399285 0.004592539 0.0021608402 0.0021846027 0.0022294745 0.0033792101 0.0039481507 0.004167392 0.0027175758 0.0020367801 0.0025405486 0.0033031567 0.0022289422 0.0022969914 0.0033411938 0.0035465136 0.004170705 0.0030314086 0.0023247031 0.0023613672 0.002943937 0.0037956699 0.002954563 0.0034518146 0.0035349017 0.0029037506 0.0059106313 0.0023981384 0.004488311 0.0032128224 0.004434641 0.003459475 0.0029503931 0.00296151 0.002613935 0.00219122 0.0031869642 0.009061063 0.0045135827 0.003532942 0.0025335255 0.0034187061 0.0027031715 0.0044625658 0.003223687 0.003244109 0.0040391483 0.0031177015 0.002679673 0.002677319 0.0051025054 0.0028045536 0.0028680235 0.0037058364 0.0032646854 0.0053080884 0.0038002012 0.0027437122 0.002434513 0.007507103 0.0033988564 0.0044076233 0.004541799 0.0023630185 0.0020571179 0.004010039 0.0033101137 0.0029740226 0.002080113 0.0029876344 0.0026678562 0.0028350323 0.003587211 0.004123026 0.003652597 0.003183027 0.0025468862 0.0024029596 0.003674405 0.0031572846 0.0030324664 0.0038762137 0.002473446 0.0025539375 0.003253002 0.0030332224 0.0034289553 0.0055240504 0.0026871057 0.0030903362 0.002975305 0.0042718286 0.0024550334 0.0031117322 0.0020182685 0.004117421 0.0022420143 0.002292717,
162,128,,,0.004961525 0.004961525 0.004961525 0.004961525 0.004961525 0.004961525 0.004961525 0.004961525 0.004961525 0.004961525 0.004961525 0.004961525 0.004961525 0.004961525 0.004961525 0.004961525 0.004961525 0.004961525 0.004961525 0.004961525 0.004961525 0.004961525 0.004961525 0.004961525 0.004961525 0.004961525 0.004961525 0.004961525 0.004961525 0.004961525 0.004961525 0.004961525 0.004961525 0.004961525 0.004961525 0.004961525 0.004961525 0.004961525 0.004961525 0.004961525 0.004961525 0.004961525 0.004961525 0.004961525 0.004961525 0.004961525 0.004961525 0.004961525 0.004961525 0.004961525 0.004961525 0.004961525 0.004961525 0.004961525 0.004961525 0.004961525 0.004961525 0.004961525 0.004961525 0.004961525 0.004961525 0.004961525 0.004961525 0.004961525 0.004961525 0.004961525 0.004961525 0.004961525 0.004961525 0.004961525 0.004961525 0.004961525 0.004961525 0.004961525 0.004961525 0.004961525 0.004961525 0.004961525 0.004961525 0.004961525 0.004961525 0.004961525 0.004961525 0.004961525 0.004961525 0.004961525 0.004961525 0.004961525 0.004961525 0.004961525 0.004961525 0.004961525 0.004961525 0.004961525 0.004961525 0.004961525 0.004961525 0.004961525 0.004961525 0.004961525 0.004961525 0.004961525 0.004961525 0.004961525 0.004961525 0.004961525 0.004961525 0.004961525 0.004961525 0.004961525 0.004961525 0.004961525 0.004961525 0.004961525 0.004961525 0.004961525 0.004961525 0.004961525 0.004961525 0.004961525 0.004961525 0.004961525 0.004961525 0.004961525 0.004961525 0.004961525 0.004961525 0.004961525,15 15 15 15 15 15 15 15 14 15 15 15 13 14 15 15 15 14 15 15 15 15 15 15 14 15 15 15 15 15 15 14 15 15 15 15 14 14 15 15 15 15 15 15 15 15 14 15 15 15 15 15 15 15 15 15 14 15 14 15 14 15 15 15 15 15 15 13 14 15 15 15 15 14 15 15 14 15 15 15 14 15 15 15 15 14 15 15 15 14 15 14 14 15 15 14 15 15 15 15 15 15 15 14 15 15 15 15 15 15 15 15 15 15 15 15 15 14 15 15 15 14 15 15 15 14 15 15
171,1x1x384x256,0.6267434 0.22140124 0.1575575 0.12240104 0.1354639 0.39603606 0.31132564 0.18614113 0.27241457 0.19017789 0.206902 0.16872506 0.38147932 0.28664586 0.2705016 0.14990786 0.24363433 0.17557003 0.14181408 0.27022946 0.39481595 0.15175591 0.26480058 0.11761721 0.17453605 0.23827323 0.1460324 0.28958902 0.12132521 0.2780274 0.19388692 0.25154912 0.25554803 0.15889654 0.37179482 0.21557797 0.71659404 0.15525222 0.27600977 0.15103847 0.20540665 0.23563814 0.39725843 0.2410503 0.14299434 0.26082617 0.31604975 0.18265201 0.2718175 0.5187284 0.18812604 0.21364768 0.23063993 0.29730365 0.12827584 0.29599753 0.5492535 0.50106335 0.46911094 0.20655224 0.14033891 0.39677548 0.19045445 0.321739 0.1341017 0.17918609 0.80242336 0.21973129 0.27490836 0.18911088 0.3125029 0.16859399 0.35536256 0.23539557 0.31969362 0.28422037 0.4379104 0.23082682 0.2804118 0.26504526 0.45769635 0.4216302 0.16057882 0.3241214 0.20444524 0.17507066 0.16007993 0.20798649 0.13617012 0.22124855 0.24059753 0.3248654 0.25742912 0.3206917 0.26279688 0.2175015 0.21001787 0.284918 0.17237535 0.38309932 0.23063447 0.29939094 0.24566174 0.2906499 0.2992362 0.23063093 0.24503615 0.38917056 0.5218122 0.108971685 0.21358566 0.20300299 0.20502672 0.3074625 0.1971515 0.31366584 0.12649362 0.33740398 0.24356689 0.3664685 0.19641824 0.16028096 0.123006 0.3456926 0.22425225 0.43378884 0.19880752 0.19655883 0.21519978 0.29293084 0.34095314 0.3764675 0.32517093 0.2744951 0.21565841 0.16604891 0.37484908 0.28955755 0.25284484 0.15116666 0.11564573 0.14183344 0.39177686 0.43292987 0.23430443 0.5442153 0.32136723 0.22193946 0.22825558 0.2707069 0.35462216 0.27165124 0.2052411 0.13632469 0.0964335 0.22802293 0.25347415 0.2362595 0.14649533 0.41130158 0.19522688 0.22407535 0.22640802 0.28483027 0.24314694 0.23051447 0.17839901 0.3694888 0.23748761 0.35676807 0.24981795 0.30027527 0.121463075 0.39453137 0.19696353 0.27998826 0.1848048 0.66572267 0.33195484 0.28872845 0.38781634 0.27775973 0.19501038 0.1902136 0.13965613 0.27705047 0.13745879 0.36107892 0.27083644 0.36173388 0.38185906 0.21624075 0.25192064 0.31388378 0.35254365 0.12209022 0.28267348 0.23070398 0.5078992 0.24224824 0.32373914 0.4775385 0.17680612 0.367639 0.2010275 0.31041545 0.44359297 0.34185034 0.42355776 0.2310433 0.1774071 0.3732854 0.21949117 0.31542724 0.20385017 0.27244654 0.24228716 0.21122663 0.29923484 0.18081182 0.4944521 0.19043085 0.21045548 0.18246743 0.20496394 0.41195157 0.15930572 0.338108 0.20087871 0.27645284 0.23924807 0.2502709 0.19660835 0.5511213 0.19887222 0.4343549 0.24202706 0.2244218 0.12464053 0.27934346 0.17747065 0.2768928 0.22597696 0.27671194 0.17685382 0.49696204 0.12639974 0.4404853 0.14388171 0.24951756 0.29588372 0.25987804 0.36542985 0.11283403 0.21935035 0.24564153,0.62666684 0.22137421 0.15753826 0.1223861 0.13544735 0.39598772 0.31128764 0.18611841 0.27238134 0.19015469 0.20687675 0.16870447 0.38143277 0.28661087 0.27046862 0.14988957 0.24360459 0.1755486 0.14179677 0.2701965 0.39476776 0.15173739 0.26476824 0.11760286 0.17451474 0.23824415 0.14601457 0.28955367 0.1213104 0.27799347 0.19386326 0.25151843 0.25551683 0.15887713 0.37174943 0.21555167 0.7165066 0.15523328 0.27597606 0.15102004 0.20538157 0.23560938 0.39720994 0.24102089 0.1429769 0.26079434 0.3160112 0.18262972 0.27178434 0.5186651 0.18810308 0.2136216 0.23061179 0.29726735 0.1282602 0.2959614 0.5491865 0.5010022 0.4690537 0.20652704 0.14032178 0.39672706 0.1904312 0.32169974 0.13408533 0.17916423 0.8023254 0.21970448 0.27487484 0.1890878 0.31246477 0.16857341 0.3553192 0.23536684 0.3196546 0.28418568 0.43785697 0.23079865 0.28037757 0.2650129 0.45764047 0.42157876 0.16055922 0.3240818 0.20442028 0.17504929 0.16006039 0.2079611 0.1361535 0.22122155 0.24056816 0.32482573 0.2573977 0.32065257 0.2627648 0.21747495 0.20999224 0.28488326 0.17235431 0.38305256 0.23060632 0.2993544 0.24563175 0.29061443 0.29919967 0.23060279 0.24500625 0.38912308 0.5217485 0.108958386 0.21355958 0.20297822 0.2050017 0.307425 0.19712745 0.31362754 0.12647818 0.33736283 0.24353716 0.3664238 0.19639428 0.16026141 0.12299099 0.34565043 0.2242249 0.43373588 0.19878326 0.19653484 0.21517351 0.2928951 0.34091154 0.37642157 0.32513127 0.2744616 0.2156321 0.16602865 0.37480333 0.28952223 0.25281397 0.15114821 0.11563161 0.14181614 0.39172903 0.43287703 0.23427583 0.54414886 0.321328 0.22191238 0.22822772 0.27067387 0.35457888 0.27161807 0.20521605 0.13630804 0.09642173 0.22799511 0.2534432 0.23623067 0.14647745 0.41125137 0.19520305 0.224048 0.22638038 0.2847955 0.24311726 0.23048633 0.17837724 0.3694437 0.23745863 0.35672453 0.24978746 0.30023864 0.121448256 0.39448324 0.1969395 0.2799541 0.18478225 0.6656414 0.3319143 0.2886932 0.387769 0.27772582 0.19498658 0.19019039 0.13963908 0.27701667 0.13744201 0.36103487 0.2708034 0.36168972 0.38181248 0.21621436 0.2518899 0.31384546 0.35250065 0.12207532 0.282639 0.23067582 0.50783724 0.24221867 0.32369965 0.47748023 0.17678455 0.36759412 0.20100296 0.31037757 0.44353884 0.34180862 0.42350605 0.2310151 0.17738545 0.37323987 0.21946439 0.31538877 0.2038253 0.2724133 0.24225758 0.21120085 0.2991983 0.18078975 0.49439174 0.19040762 0.2104298 0.18244515 0.20493893 0.4119013 0.15928629 0.33806676 0.2008542 0.2764191 0.23921886 0.25024036 0.19658436 0.551054 0.19884795 0.4343019 0.24199753 0.22439441 0.124625325 0.27930936 0.17744899 0.27685902 0.22594938 0.27667817 0.17683223 0.4969014 0.12638432 0.44043154 0.14386414 0.24948712 0.29584762 0.25984633 0.36538523 0.11282026 0.21932358 0.24561155,0.0049343845 0.0017431041 0.0012404588 0.0009636701 0.0010665146 0.0031180135 0.0024510839 0.0014654993 0.0021447348 0.001497281 0.0016289508 0.0013283816 0.0030034077 0.0022567785 0.0021296742 0.0011802329 0.0019181464 0.0013822725 0.00111651 0.0021275315 0.0031084076 0.0011947827 0.0020847893 0.0009260068 0.0013741318 0.0018759381 0.001149721 0.00227995 0.0009552 0.002188925 0.0015264823 0.00198046 0.0020119436 0.001251001 0.0029271608 0.0016972573 0.005641784 0.0012223093 0.0021730398 0.0011891341 0.0016171777 0.001855192 0.0031276373 0.0018978022 0.0011258023 0.0020534988 0.0024882772 0.0014380293 0.0021400342 0.004083977 0.0014811266 0.0016820598 0.0018158408 0.0023406877 0.0010099228 0.0023304047 0.0043243035 0.003944899 0.0036933362 0.0016261971 0.0011048958 0.0031238352 0.0014994583 0.0025330689 0.00105579 0.0014107419 0.006317523 0.0017299565 0.0021643688 0.0014888803 0.0024603526 0.0013273497 0.002797789 0.0018532822 0.0025169654 0.0022376825 0.0034476926 0.0018173122 0.0022076974 0.0020867158 0.0036034682 0.003319518 0.0012642458 0.0025518253 0.0016096085 0.0013783409 0.0012603181 0.001637489 0.0010720749 0.001741902 0.0018942375 0.002557683 0.0020267537 0.0025248234 0.0020690144 0.0017124012 0.0016534822 0.0022431752 0.0013571206 0.003016162 0.0018157978 0.0023571213 0.0019341083 0.0022883026 0.002355903 0.0018157699 0.001929183 0.0030639612 0.0041082557 0.00085794006 0.0016815715 0.0015982537 0.0016141866 0.0024206692 0.0015521846 0.0024695082 0.0009958912 0.0026564002 0.0019176154 0.0028852266 0.0015464117 0.0012619009 0.000968433 0.002721657 0.0017655503 0.0034152432 0.0015652225 0.0015475184 0.0016942796 0.0023062606 0.002684343 0.0029639495 0.0025600886 0.002161115 0.0016978906 0.0013073122 0.0029512073 0.0022797026 0.0019906613 0.0011901434 0.0009104851 0.0011166625 0.0030844805 0.0034084807 0.0018446916 0.0042846366 0.0025301417 0.0017473416 0.0017970686 0.0021312903 0.0027919598 0.002138725 0.0016158744 0.0010732916 0.00075922627 0.0017952371 0.001995616 0.001860084 0.0011533657 0.0032381997 0.0015370318 0.0017641576 0.0017825227 0.0022424841 0.0019143091 0.001814853 0.0014045452 0.0029090056 0.001869753 0.0028088547 0.0019668303 0.0023640837 0.00095628545 0.0031061673 0.0015507047 0.002204363 0.0014549784 0.005241271 0.0026134984 0.0022731747 0.0030532994 0.0021868173 0.0015353274 0.0014975622 0.0010995204 0.0021812336 0.0010822206 0.0028427942 0.00213231 0.0028479504 0.0030063975 0.0017024752 0.001983385 0.0024712242 0.0027755958 0.000961223 0.002225504 0.001816345 0.003998718 0.0019072336 0.0025488161 0.0037596868 0.0013920043 0.0028944418 0.0015827004 0.0024439178 0.003492432 0.0026914065 0.0033346934 0.0018190165 0.0013967358 0.0029388967 0.0017280661 0.002483376 0.0016049236 0.0021449868 0.00190754 0.0016629988 0.0023558922 0.0014235413 0.0038928483 0.0014992725 0.0016569276 0.001436576 0.0016136924 0.0032433174 0.0012542227 0.002661943 0.0015815292 0.0021765283 0.0018836131 0.0019703966 0.0015479083 0.0043390077 0.0015657318 0.0034197 0.0019054923 0.0017668852 0.0009813018 0.0021992864 0.0013972361 0.0021799922 0.0017791289 0.0021785684 0.0013923798 0.0039126095 0.0009951522 0.003467965 0.0011327885 0.0019644655 0.0023295088 0.0020460342 0.0028770491 0.0008883485 0.0017269573 0.0019339492,
172,256,,,0.005392888 0.005392888 0.005392888 0.005392888 0.005392888 0.005392888 0.005392888 0.005392888 0.005392888 0.005392888 0.005392888 0.005392888 0.005392888 0.005392888 0.005392888 0.005392888 0.005392888 0.005392888 0.005392888 0.005392888 0.005392888 0.005392888 0.005392888 0.005392888 0.005392888 0.005392888 0.005392888 0.005392888 0.005392888 0.005392888 0.005392888 0.005392888 0.005392888 0.005392888 0.005392888 0.005392888 0.005392888 0.005392888 0.005392888 0.005392888 0.005392888 0.005392888 0.005392888 0.005392888 0.005392888 0.005392888 0.005392888 0.005392888 0.005392888 0.005392888 0.005392888 0.005392888 0.005392888 0.005392888 0.005392888 0.005392888 0.005392888 0.005392888 0.005392888 0.005392888 0.005392888 0.005392888 0.005392888 0.005392888 0.005392888 0.005392888 0.005392888 0.005392888 0.005392888 0.005392888 0.005392888 0.005392888 0.005392888 0.005392888 0.005392888 0.005392888 0.005392888 0.005392888 0.005392888 0.005392888 0.005392888 0.005392888 0.005392888 0.005392888 0.005392888 0.005392888 0.005392888 0.005392888 0.005392888 0.005392888 0.005392888 0.005392888 0.005392888 0.005392888 0.005392888 0.005392888 0.005392888 0.005392888 0.005392888 0.005392888 0.005392888 0.005392888 0.005392888 0.005392888 0.005392888 0.005392888 0.005392888 0.005392888 0.005392888 0.005392888 0.005392888 0.005392888 0.005392888 0.005392888 0.005392888 0.005392888 0.005392888 0.005392888 0.005392888 0.005392888 0.005392888 0.005392888 0.005392888 0.005392888 0.005392888 0.005392888 0.005392888 0.005392888 0.005392888 0.005392888 0.005392888 0.005392888 0.005392888 0.005392888 0.005392888 0.005392888 0.005392888 0.005392888 0.005392888 0.005392888 0.005392888 0.005392888 0.005392888 0.005392888 0.005392888 0.005392888 0.005392888 0.005392888 0.005392888 0.005392888 0.005392888 0.005392888 0.005392888 0.005392888 0.005392888 0.005392888 0.005392888 0.005392888 0.005392888 0.005392888 0.005392888 0.005392888 0.005392888 0.005392888 0.005392888 0.005392888 0.005392888 0.005392888 0.005392888 0.005392888 0.005392888 0.005392888 0.005392888 0.005392888 0.005392888 0.005392888 0.005392888 0.005392888 0.005392888 0.005392888 0.005392888 0.005392888 0.005392888 0.005392888 0.005392888 0.005392888 0.005392888 0.005392888 0.005392888 0.005392888 0.005392888 0.005392888 0.005392888 0.005392888 0.005392888 0.005392888 0.005392888 0.005392888 0.005392888 0.005392888 0.005392888 0.005392888 0.005392888 0.005392888 0.005392888 0.005392888 0.005392888 0.005392888 0.005392888 0.005392888 0.005392888 0.005392888 0.005392888 0.005392888 0.005392888 0.005392888 0.005392888 0.005392888 0.005392888 0.005392888 0.005392888 0.005392888 0.005392888 0.005392888 0.005392888 0.005392888 0.005392888 0.005392888 0.005392888 0.005392888 0.005392888 0.005392888 0.005392888 0.005392888 0.005392888 0.005392888 0.005392888 0.005392888 0.005392888 0.005392888 0.005392888 0.005392888 0.005392888 0.005392888 0.005392888 0.005392888 0.005392888 0.005392888 0.005392888 0.005392888 0.005392888 0.005392888 0.005392888 0.005392888 0.005392888 0.005392888,12 14 14 15 14 13 13 14 13 14 14 14 13 13 13 14 14 14 14 13 13 14 13 15 14 14 14 13 15 13 14 13 13 14 13 14 12 14 13 14 14 14 13 14 14 13 13 14 13 12 14 14 14 13 14 13 12 12 13 14 14 13 14 13 14 14 12 14 13 14 13 14 13 14 13 13 13 14 13 13 13 13 14 13 14 14 14 14 14 14 14 13 13 13 13 14 14 13 14 13 14 13 14 13 13 14 14 13 12 15 14 14 14 13 14 13 14 13 14 13 14 14 15 13 14 13 14 14 14 13 13 13 13 13 14 14 13 13 13 14 15 14 13 13 14 12 13 14 14 13 13 13 14 14 15 14 13 14 14 13 14 14 14 13 14 14 14 13 14 13 13 13 15 13 14 13 14 12 13 13 13 13 14 14 14 13 14 13 13 13 13 14 13 13 13 15 13 14 12 14 13 13 14 13 14 13 13 13 13 14 14 13 14 13 14 13 14 14 13 14 13 14 14 14 14 13 14 13 14 13 14 13 14 12 14 13 14 14 14 13 14 13 14 13 14 12 14 13 14 13 13 13 13 15 14 14
177,3x3x256x512,0.15680747 0.12212362 0.09751809 0.05235048 0.06791927 0.05922223 0.13240722 0.06394929 0.102617525 0.061033905 0.07470279 0.09375886 0.06698425 0.13465215 0.0951168 0.088145256 0.15156986 0.12414079 0.06951542 0.061853103 0.09253614 0.102003604 0.06257659 0.09211755 0.074079275 0.05602973 0.081589244 0.06819358 0.08511291 0.06631797 0.05529791 0.10200238 0.09057639 0.07812043 0.09846651 0.0873459 0.06585436 0.06682261 0.064080656 0.11919716 0.04628444 0.06549378 0.11528448 0.062375013 0.082586005 0.14856167 0.10568891 0.074753955 0.083883084 0.31138554 0.073896766 0.07525104 0.15436155 0.094968215 0.074488334 0.04898797 0.077412315 0.090131536 0.08856804 0.095196076 0.053688686 0.07467751 0.16693373 0.07519044 0.16653104 0.0838279 0.05757301 0.1117692 0.07207888 0.20782347 0.11240299 0.10453029 0.0653986 0.18763383 0.070286036 0.4262808 0.094001524 0.06897938 0.13907796 0.07505032 0.18204077 0.13214163 0.07127295 0.10293608 0.15118843 0.09877379 0.123982236 0.05895467 0.10735596 0.106650166 0.085034944 0.051006984 0.058463845 0.043060586 0.053850964 0.07585603 0.09063299 0.13355914 0.07787535 0.08589833 0.1566227 0.36327133 0.06846299 0.09961519 0.10479197 0.11512129 0.08175773 0.111455694 0.14944422 0.14562123 0.16117601 0.06904295 0.06715402 0.061461445 0.09849404 0.053784274 0.08040728 0.09557588 0.056293745 0.04907073 0.076974995 0.09765333 0.12591794 0.07383104 0.06780069 0.041319825 0.07827555 0.048088733 0.06805508 0.16115145 0.20858613 0.085041955 0.05473913 0.17867187 0.120375715 0.16201548 0.096742645 0.083358094 0.04742737 0.08723596 0.14285736 0.10837741 0.08526441 0.06426028 0.058675006 0.08801506 0.15355696 0.06737987 0.061694495 0.11449956 0.10870081 0.15049069 0.07066485 0.14540716 0.06591688 0.18248852 0.107025534 0.04454164 0.10703522 0.0722938 0.15561531 0.06679531 0.089022316 0.053338997 0.08881504 0.1336805 0.110771425 0.07600379 0.062145684 0.048947144 0.059671666 0.054614447 0.059914082 0.15946516 0.06392807 0.06872695 0.30644542 0.10082544 0.07054148 0.15327208 0.0900374 0.094609 0.045218468 0.071820915 0.19906734 0.057625193 0.08849357 0.06925832 0.11377541 0.0880908 0.1323647 0.058355857 0.03752032 0.09047236 0.08783109 0.083866365 0.20513299 0.07880654 0.06301858 0.09084208 0.27685228 0.11957672 0.14705683 0.13793464 0.09954202 0.18496221 0.07422925 0.05992148 0.08068707 0.075748615 0.05223641 0.09694284 0.068453 0.10487747 0.066225015 0.10177927 0.08363389 0.1930002 0.11169513 0.10846337 0.058781136 0.13986674 0.09266157 0.080107674 0.10621606 0.0491789 0.09805699 0.15581657 0.080219515 0.07426186 0.04854776 0.13531747 0.086893305 0.120096415 0.16709492 0.1304889 0.05449069 0.07936817 0.06023035 0.116397075 0.173857 0.054978583 0.08867419 0.07774677 0.06529765 0.08219415 0.1374068 0.080431305 0.083943546 0.051033404 0.05144636 0.08706824 0.10970051 0.12229558 0.07482684 0.05943931 0.17758301 0.051003158 0.048350837 0.058250893 0.06788354 0.12222074 0.06669513 0.10220865 0.15337211 0.12150105 0.08185105 0.10328208 0.16532277 0.12496609 0.10389041 0.06726758 0.108502604 0.08599434 0.057729337 0.11705933 0.103838585 0.07729199 0.06701093 0.07819355 0.07602423 0.07896234 0.093828924 0.1722423 0.111851335 0.06526617 0.13155101 0.065002084 0.08393151 0.05119748 0.16209671 0.14783859 0.07249746 0.09735175 0.07748807 0.07500612 0.06976783 0.06653393 0.14451672 0.080376856 0.06541514 0.065148115 0.056554094 0.047986303 0.103612185 0.07814754 0.060416494 0.10722814 0.26831505 0.07512169 0.084596604 0.08375995 0.053958625 0.09933136 0.13104689 0.08467832 0.10354144 0.14032629 0.07295686 0.06446094 0.0598171 0.10485693 0.10792911 0.114934005 0.13838436 0.059786525 0.119247586 0.13665718 0.07296735 0.08935777 0.09915908 0.061118305 0.058445606 0.12576126 0.07277514 0.05967867 0.09124316 0.05020132 0.07491085 0.05359931 0.14342038 0.09029925 0.05644578 0.06587578 0.13543098 0.07770951 0.0911752 0.06420425 0.081397235 0.11132 0.11043586 0.0743731 0.051709626 0.057645623 0.07509432 0.11660485 0.054554638 0.062210083 0.13361119 0.0930014 0.10753741 0.059569903 0.05638862 0.15243004 0.12910919 0.114578344 0.098300084 0.05324936 0.057561383 0.100896455 0.1030588 0.07529681 0.053983644 0.15172428 0.077248216 0.078484334 0.06284101 0.085861765 0.05404739 0.10173847 0.059195872 0.1927628 0.07321289 0.060108032 0.16445184 0.084632754 0.1769173 0.0812882 0.116375364 0.06330498 0.067498 0.08572006 0.1045443 0.07358971 0.08897616 0.09501706 0.11808112 0.13104296 0.043281738 0.08948976 0.06350308 0.07497967 0.073782206 0.12793744 0.069763154 0.123880036 0.22192569 0.074022055 0.051205304 0.12240784 0.14077602 0.07732786 0.10097316 0.07746335 0.11175911 0.058675878 0.1431202 0.18823107 0.09112935 0.085069776 0.09974401 0.20458393 0.055326357 0.06817781 0.08163863 0.06908054 0.064861774 0.07908912 0.06352082 0.056043714 0.07299668 0.13946652 0.05303369 0.061146468 0.13423385 0.09319627 0.057316676 0.124826334 0.15954648 0.25365165 0.1268336 0.06470125 0.07527758 0.08509497 0.18675287 0.08403278 0.11209298 0.10215578 0.05731955 0.06446202 0.10567964 0.071610205 0.06366922 0.24496332 0.06140532 0.0754097 0.08787408 0.0729659 0.06782602 0.05902458 0.14761741 0.04299382 0.0492644 0.11793801 0.15020207 0.041339867 0.08387117 0.1144525 0.05359583 0.079891756 0.058109038 0.09828018 0.10564549 0.072096094 0.07270131 0.08813007 0.0528511 0.07392618 0.06675776 0.09404375 0.0499852 0.06464038 0.07559873 0.06766268 0.12715487 0.053652786 0.08876144 0.05721367 0.08449514 0.07394155 0.15405627 0.05770204 0.09097603 0.07988172 0.14627726 0.15934211 0.118513145 0.1156144 0.12116803 0.04565177 0.09979429 0.0684646 0.050096314 0.060839836 0.078277566 0.05905762 0.06709361 0.093999095 0.053882204 0.046633247 0.116778105 0.19830082,0.15678832 0.12210871 0.09750618 0.05234409 0.067910984 0.059215 0.13239105 0.06394148 0.102605 0.061026454 0.07469368 0.093747415 0.06697608 0.13463572 0.09510519 0.0881345 0.15155135 0.12412564 0.06950694 0.061845552 0.09252485 0.101991154 0.062568955 0.092106305 0.07407023 0.056022894 0.08157928 0.068185255 0.08510252 0.06630987 0.055291165 0.10198993 0.09056534 0.0781109 0.09845449 0.087335244 0.06584633 0.06681446 0.06407284 0.11918261 0.04627879 0.06548578 0.115270406 0.0623674 0.082575925 0.14854355 0.10567601 0.07474483 0.08387285 0.24324858 0.07388774 0.075241864 0.15434271 0.09495663 0.074479245 0.04898199 0.07740287 0.09012053 0.088557236 0.09518445 0.053682134 0.0746684 0.16691336 0.07518127 0.16651072 0.08381767 0.057565983 0.11175556 0.07207009 0.20779811 0.112389274 0.104517534 0.065390624 0.18761094 0.07027745 0.34632063 0.09399006 0.06897096 0.13906099 0.07504115 0.18201855 0.13212551 0.071264245 0.10292352 0.15116999 0.09876174 0.1239671 0.058947474 0.107342854 0.10663715 0.085024565 0.05100076 0.058456708 0.043055333 0.053844392 0.07584678 0.09062193 0.13354284 0.077865854 0.08588785 0.15660359 0.363227 0.06845463 0.099603035 0.10477918 0.115107246 0.081747755 0.1114421 0.14942598 0.14560346 0.16115634 0.069034524 0.067145824 0.061453942 0.09848201 0.05377771 0.080397464 0.09556422 0.056286875 0.049064744 0.0769656 0.097641416 0.12590256 0.07382202 0.06779242 0.041314784 0.078265995 0.048082862 0.06804678 0.16113178 0.20856066 0.08503158 0.054732446 0.17865005 0.12036102 0.16199571 0.09673084 0.08334792 0.047421586 0.08722531 0.14283992 0.10836419 0.085254006 0.06425244 0.058667846 0.08800432 0.15353823 0.06737165 0.061686967 0.11448559 0.10868755 0.15047233 0.070656225 0.14538941 0.06590884 0.18246625 0.10701247 0.044536203 0.10702216 0.07228498 0.15559632 0.06678716 0.08901145 0.053332485 0.0888042 0.13366418 0.1107579 0.075994514 0.0621381 0.048941173 0.059664384 0.054607783 0.05990677 0.1594457 0.06392027 0.06871857 0.30640802 0.100813136 0.070532866 0.15325336 0.09002641 0.09459746 0.045212947 0.071812145 0.19904304 0.05761816 0.088482775 0.06924986 0.11376153 0.08808005 0.13234855 0.058348738 0.03751574 0.09046132 0.08782037 0.083856136 0.20510796 0.07879692 0.063010894 0.090831 0.2768185 0.119562134 0.14703888 0.13791782 0.09952987 0.18493964 0.07422019 0.059914168 0.080677226 0.07573937 0.052230034 0.09693101 0.06844464 0.10486467 0.06621693 0.10176685 0.083623685 0.19297665 0.111681506 0.10845014 0.058773965 0.13984968 0.09265026 0.0800979 0.106203094 0.049172897 0.09804502 0.15579756 0.080209725 0.07425279 0.048541833 0.13530095 0.086882696 0.12008176 0.16707453 0.13047299 0.05448404 0.07935848 0.060223 0.116382875 0.17383578 0.054971874 0.08866336 0.07773728 0.06528968 0.08218411 0.13739002 0.080421485 0.0839333 0.051027175 0.05144008 0.08705761 0.10968712 0.12228066 0.07481771 0.059432056 0.17756133 0.050996933 0.048344936 0.05824378 0.06787526 0.12220582 0.06668699 0.10219618 0.1533534 0.121486224 0.08184107 0.10326947 0.16530259 0.12495084 0.10387774 0.06725937 0.10848936 0.08598385 0.057722293 0.11704504 0.10382591 0.077282555 0.06700276 0.07818401 0.07601494 0.0789527 0.09381747 0.17222129 0.111837685 0.065258205 0.13153495 0.06499416 0.08392127 0.051191233 0.16207694 0.14782055 0.07248861 0.097339876 0.07747861 0.07499697 0.06975932 0.06652581 0.1444991 0.08036705 0.06540716 0.065140165 0.056547195 0.047980446 0.10359954 0.078138 0.06040912 0.10721505 0.2682823 0.07511252 0.084586285 0.08374973 0.053952042 0.099319234 0.13103089 0.08466799 0.103528805 0.14030915 0.07294796 0.06445307 0.059809804 0.10484414 0.10791594 0.11491998 0.13836746 0.05977923 0.11923303 0.1366405 0.07295845 0.08934687 0.09914698 0.061110847 0.058438476 0.1257459 0.07276626 0.059671387 0.09123203 0.050195195 0.07490171 0.053592768 0.14340289 0.09028823 0.056438893 0.065867744 0.13541445 0.07770003 0.09116407 0.06419642 0.0813873 0.11130641 0.11042238 0.07436403 0.051703315 0.057638586 0.075085156 0.11659062 0.05454798 0.06220249 0.13359487 0.09299005 0.10752428 0.059562635 0.056381736 0.15241143 0.12909342 0.11456436 0.09828809 0.05324286 0.05755436 0.10088415 0.10304622 0.07528762 0.053977057 0.15170577 0.07723878 0.07847476 0.06283334 0.08585128 0.054040797 0.10172605 0.059188645 0.1927393 0.07320396 0.060100697 0.16443177 0.08462242 0.17689571 0.08127829 0.11636116 0.06329726 0.067489766 0.0857096 0.104531534 0.07358073 0.0889653 0.09500546 0.11806671 0.13102697 0.043276455 0.089478835 0.06349533 0.07497052 0.073773205 0.12792182 0.069754645 0.12386492 0.22189862 0.07401302 0.051199052 0.1223929 0.14075884 0.07731843 0.100960836 0.0774539 0.11174548 0.058668718 0.14310274 0.1882081 0.09111823 0.08505939 0.09973183 0.19816728 0.055319604 0.06816949 0.081628665 0.06907211 0.064853854 0.079079464 0.06351306 0.056036875 0.07298778 0.1394495 0.053027216 0.061139006 0.13421746 0.0931849 0.057309683 0.124811105 0.15952702 0.2536207 0.12681812 0.064693354 0.075268395 0.08508459 0.18673009 0.08402252 0.1120793 0.10214331 0.057312556 0.06445415 0.10566674 0.071601465 0.06366145 0.24493343 0.06139783 0.0754005 0.08786335 0.072956994 0.06781774 0.05901738 0.1475994 0.042988572 0.04925839 0.11792362 0.15018374 0.04133482 0.083860934 0.11443854 0.05358929 0.07988201 0.05810195 0.09826818 0.105632596 0.072087295 0.07269244 0.08811932 0.052844647 0.07391716 0.06674961 0.094032265 0.049979102 0.06463249 0.0755895 0.067654416 0.12713934 0.05364624 0.08875061 0.057206687 0.08448483 0.07393253 0.15403748 0.057694994 0.09096493 0.07987197 0.14625941 0.15932266 0.11849868 0.11560029 0.12115325 0.0456462 0.09978212 0.06845624 0.0500902 0.06083241 0.078268014 0.059050415 0.06708542 0.09398763 0.05387563 0.04662756 0.11676385 0.19827662,0.0012345536 0.0009614859 0.0007677652 0.0004121582 0.0005347322 0.00046625987 0.0010424493 0.0005034762 0.00080791337 0.00048052325 0.0005881392 0.0007381686 0.00052737066 0.0010601238 0.0007488598 0.0006939724 0.0011933177 0.0009773673 0.00054729875 0.00048697286 0.0007285421 0.00080308 0.00049266894 0.0007252465 0.00058323017 0.00044112516 0.0006423566 0.00053689175 0.0006700986 0.00052212493 0.0004353635 0.0008030703 0.0007131129 0.0006150465 0.0007752322 0.0006876791 0.0005184751 0.0005260981 0.00050451054 0.00093844574 0.00036439992 0.0005156361 0.000907641 0.00049108185 0.00065020414 0.0011696343 0.0008320946 0.00058854197 0.00066041615 0.0019153432 0.00058179325 0.0005924556 0.0012152969 0.00074769 0.00058645074 0.00038568498 0.0006094714 0.00070961047 0.00069730106 0.0007494839 0.00042269396 0.00058794016 0.0013142785 0.0005919785 0.001311108 0.0006599816 0.00045327545 0.000879965 0.00056748104 0.0016362056 0.00088495493 0.00082297274 0.0005148868 0.0014772515 0.00055336574 0.0027269342 0.0007400792 0.00054307847 0.0010949684 0.0005908752 0.001433217 0.0010403583 0.00056113576 0.0008104214 0.0011903149 0.0007776515 0.0009761189 0.00046415333 0.0008452193 0.0008396626 0.0006694848 0.0004015808 0.00046028904 0.00033901838 0.0004239716 0.0005972187 0.0007135585 0.0010515184 0.00061311695 0.0006762823 0.0012330991 0.0028600553 0.00053901284 0.0007842759 0.0008250329 0.00090635626 0.00064368313 0.00087749684 0.0011765825 0.0011464839 0.0012689476 0.00054357894 0.0005287073 0.0004838893 0.0007754489 0.00042344653 0.0006330509 0.0007524741 0.00044320375 0.00038633656 0.00060602836 0.00076883007 0.0009913588 0.0005812758 0.0005337986 0.00032531327 0.0006162677 0.0003786052 0.0005358014 0.0012687542 0.00164221 0.00066953996 0.00043096414 0.0014066934 0.00094772456 0.0012755567 0.00076166017 0.0006562828 0.0003733983 0.0006868135 0.0011247238 0.0008532613 0.0006712914 0.00050592475 0.00046195154 0.0006929474 0.0012089624 0.0005304855 0.00048572416 0.00090146135 0.0008558075 0.0011848215 0.00055634824 0.0011447985 0.0005189673 0.0014367421 0.0008426179 0.00035067878 0.00084269413 0.0005691731 0.0012251679 0.00052588317 0.0007008776 0.00041994083 0.00069924566 0.0010524738 0.0008721095 0.000598382 0.00048927637 0.00038536356 0.0004697983 0.00042998255 0.00047170685 0.001255478 0.0005033092 0.0005410911 0.0024126614 0.00079380424 0.0005553769 0.0012067194 0.00070886937 0.0007448619 0.00035600745 0.00056544994 0.001567268 0.00045368628 0.00069671473 0.0005452745 0.0008957601 0.0006935437 0.0010421146 0.0004594389 0.00029539954 0.00071229384 0.000691499 0.00066028454 0.0016150232 0.0006204482 0.0004961488 0.0007152047 0.0021796734 0.0009414341 0.0011577865 0.0010859671 0.00078369974 0.0014562176 0.0005844109 0.0004717651 0.00063525373 0.000596373 0.00041126012 0.0007632363 0.0005389342 0.00082570605 0.00052139314 0.0008013138 0.0006584542 0.0015195012 0.00087938196 0.0008539381 0.0004627871 0.0011011786 0.0007295296 0.0006306921 0.00083624484 0.00038718816 0.00077200803 0.0012267524 0.0006315726 0.00058466766 0.00038221915 0.0010653618 0.0006841157 0.00094552565 0.0013155475 0.0010273464 0.00042900819 0.00062486995 0.00047419683 0.0009164006 0.0013687857 0.0004328494 0.0006981367 0.00061210454 0.000514092 0.000647119 0.0010818111 0.00063324004 0.0006608921 0.00040178877 0.00040504 0.000685493 0.0008636781 0.0009628398 0.00058911584 0.00046796893 0.0013981207 0.00040155064 0.0003806688 0.00045861246 0.00053445087 0.0009622506 0.0005250944 0.0008046943 0.001207507 0.00095658447 0.0006444178 0.0008131455 0.0013015952 0.0009838649 0.0008179349 0.00052960136 0.0008542469 0.0006770382 0.00045450625 0.00092161447 0.0008175269 0.0006085241 0.0005275808 0.0006156221 0.00059854286 0.0006216748 0.00073872023 0.0013560732 0.0008806117 0.00051384413 0.0010357082 0.000511765 0.0006607974 0.00040308057 0.0012761963 0.0011639413 0.00057077646 0.0007664557 0.0006100678 0.0005905273 0.00054928596 0.0005238253 0.0011377882 0.00063281145 0.00051501696 0.0005129147 0.0004452535 0.0003777988 0.0008157444 0.00061525987 0.00047566238 0.00084421295 0.002112459 0.00059143716 0.00066603377 0.00065944664 0.00042481924 0.0007820412 0.0010317393 0.0006666771 0.00081518746 0.0011047965 0.0005743934 0.0005075045 0.00047094334 0.0008255444 0.0008497318 0.00090488174 0.0010895076 0.0004707026 0.0009388427 0.0010759095 0.00057447597 0.0007035187 0.0007806849 0.00048118777 0.00046014547 0.0009901252 0.0005729627 0.00046985343 0.00071836245 0.00039523776 0.00058977725 0.0004219903 0.0011291566 0.00071093097 0.00044440074 0.00051864365 0.0010662555 0.00061181124 0.0007178273 0.00050548365 0.00064084487 0.0008764284 0.00086946756 0.0005855435 0.0004071127 0.00045384714 0.0005912217 0.0009180364 0.00042951165 0.0004897834 0.0010519281 0.0007322051 0.0008466479 0.0004689971 0.00044395067 0.00120009 0.0010164836 0.00090208155 0.00077392196 0.00041923512 0.00045318395 0.0007943634 0.0008113876 0.00059281586 0.0004250162 0.0011945337 0.00060817937 0.0006179115 0.0004947507 0.0006759943 0.00042551808 0.0008009925 0.00046605233 0.0015176323 0.0005764091 0.00047323384 0.0012947383 0.0006663183 0.0013928796 0.00063998654 0.0009162296 0.0004984036 0.00053141546 0.0006748788 0.0008230829 0.00057937583 0.0007005141 0.0007480745 0.0009296592 0.0010317084 0.0003407595 0.00070455775 0.00049996324 0.00059031905 0.0005808914 0.0010072584 0.0005492492 0.0009753143 0.0017472332 0.00058277964 0.00040314216 0.00096372364 0.0011083373 0.00060880656 0.0007949672 0.0006098732 0.0008798856 0.0004619584 0.0011267932 0.0014819535 0.0007174664 0.000669759 0.00078529003 0.0015603723 0.00043558743 0.00053676765 0.0006427454 0.0005438749 0.0005106603 0.00062267296 0.0005001029 0.00044123523 0.00057470694 0.0010980276 0.00041753714 0.0004814095 0.0010568304 0.0007337394 0.00045125734 0.0009827646 0.0012561183 0.0019970136 0.0009985679 0.0005093965 0.0005926645 0.0006699574 0.0014703156 0.0006615947 0.00088251417 0.000804278 0.00045127998 0.000507513 0.0008320216 0.0005637911 0.0005012712 0.0019286097 0.00048344745 0.00059370475 0.0006918374 0.0005744645 0.00053399795 0.00046470377 0.0011622 0.00033849268 0.00038786134 0.00092853245 0.0011825492 0.00032547102 0.0006603223 0.00090109085 0.0004219629 0.0006289922 0.00045749565 0.0007737652 0.0008317527 0.0005676165 0.0005723814 0.0006938529 0.0004160996 0.00058202486 0.0005255875 0.0007404115 0.00039353623 0.00050891726 0.0005951929 0.0005327119 0.0010010971 0.00042241134 0.0006988237 0.00045044636 0.00066523487 0.0005821459 0.0012128935 0.0004542913 0.0007162593 0.0006289131 0.0011516489 0.0012545092 0.0009330605 0.0009102385 0.0009539626 0.00035941892 0.00078568596 0.0005390255 0.00039441104 0.00047899535 0.00061628356 0.0004649639 0.00052823167 0.00074006006 0.00042421755 0.00036714613 0.0009194004 0.0015612333,
178,512,,,0.0051682214 0.0051682214 0.0051682214 0.0051682214 0.0051682214 0.0051682214 0.0051682214 0.0051682214 0.0051682214 0.0051682214 0.0051682214 0.0051682214 0.0051682214 0.0051682214 0.0051682214 0.0051682214 0.0051682214 0.0051682214 0.0051682214 0.0051682214 0.0051682214 0.0051682214 0.0051682214 0.0051682214 0.0051682214 0.0051682214 0.0051682214 0.0051682214 0.0051682214 0.0051682214 0.0051682214 0.0051682214 0.0051682214 0.0051682214 0.0051682214 0.0051682214 0.0051682214 0.0051682214 0.0051682214 0.0051682214 0.0051682214 0.0051682214 0.0051682214 0.0051682214 0.0051682214 0.0051682214 0.0051682214 0.0051682214 0.0051682214 0.0051682214 0.0051682214 0.0051682214 0.0051682214 0.0051682214 0.0051682214 0.0051682214 0.0051682214 0.0051682214 0.0051682214 0.0051682214 0.0051682214 0.0051682214 0.0051682214 0.0051682214 0.0051682214 0.0051682214 0.0051682214 0.0051682214 0.0051682214 0.0051682214 0.0051682214 0.0051682214 0.0051682214 0.0051682214 0.0051682214 0.0051682214 0.0051682214 0.0051682214 0.0051682214 0.0051682214 0.0051682214 0.0051682214 0.0051682214 0.0051682214 0.0051682214 0.0051682214 0.0051682214 0.0051682214 0.0051682214 0.0051682214 0.0051682214 0.0051682214 0.0051682214 0.0051682214 0.0051682214 0.0051682214 0.0051682214 0.0051682214 0.0051682214 0.0051682214 0.0051682214 0.0051682214 0.0051682214 0.0051682214 0.0051682214 0.0051682214 0.0051682214 0.0051682214 0.0051682214 0.0051682214 0.0051682214 0.0051682214 0.0051682214 0.0051682214 0.0051682214 0.0051682214 0.0051682214 0.0051682214 0.0051682214 0.0051682214 0.0051682214 0.0051682214 0.0051682214 0.0051682214 0.0051682214 0.0051682214 0.0051682214 0.0051682214 0.0051682214 0.0051682214 0.0051682214 0.0051682214 0.0051682214 0.0051682214 0.0051682214 0.0051682214 0.0051682214 0.0051682214 0.0051682214 0.0051682214 0.0051682214 0.0051682214 0.0051682214 0.0051682214 0.0051682214 0.0051682214 0.0051682214 0.0051682214 0.0051682214 0.0051682214 0.0051682214 0.0051682214 0.0051682214 0.0051682214 0.0051682214 0.0051682214 0.0051682214 0.0051682214 0.0051682214 0.0051682214 0.0051682214 0.0051682214 0.0051682214 0.0051682214 0.0051682214 0.0051682214 0.0051682214 0.0051682214 0.0051682214 0.0051682214 0.0051682214 0.0051682214 0.0051682214 0.0051682214 0.0051682214 0.0051682214 0.0051682214 0.0051682214 0.0051682214 0.0051682214 0.0051682214 0.0051682214 0.0051682214 0.0051682214 0.0051682214 0.0051682214 0.0051682214 0.0051682214 0.0051682214 0.0051682214 0.0051682214 0.0051682214 0.0051682214 0.0051682214 0.0051682214 0.0051682214 0.0051682214 0.0051682214 0.0051682214 0.0051682214 0.0051682214 0.0051682214 0.0051682214 0.0051682214 0.0051682214 0.0051682214 0.0051682214 0.0051682214 0.0051682214 0.0051682214 0.0051682214 0.0051682214 0.0051682214 0.0051682214 0.0051682214 0.0051682214 0.0051682214 0.0051682214 0.0051682214 0.0051682214 0.0051682214 0.0051682214 0.0051682214 0.0051682214 0.0051682214 0.0051682214 0.0051682214 0.0051682214 0.0051682214 0.0051682214 0.0051682214 0.0051682214 0.0051682214 0.0051682214 0.0051682214 0.0051682214 0.0051682214 0.0051682214 0.0051682214 0.0051682214 0.0051682214 0.0051682214 0.0051682214 0.0051682214 0.0051682214 0.0051682214 0.0051682214 0.0051682214 0.0051682214 0.0051682214 0.0051682214 0.0051682214 0.0051682214 0.0051682214 0.0051682214 0.0051682214 0.0051682214 0.0051682214 0.0051682214 0.0051682214 0.0051682214 0.0051682214 0.0051682214 0.0051682214 0.0051682214 0.0051682214 0.0051682214 0.0051682214 0.0051682214 0.0051682214 0.0051682214 0.0051682214 0.0051682214 0.0051682214 0.0051682214 0.0051682214 0.0051682214 0.0051682214 0.0051682214 0.0051682214 0.0051682214 0.0051682214 0.0051682214 0.0051682214 0.0051682214 0.0051682214 0.0051682214 0.0051682214 0.0051682214 0.0051682214 0.0051682214 0.0051682214 0.0051682214 0.0051682214 0.0051682214 0.0051682214 0.0051682214 0.0051682214 0.0051682214 0.0051682214 0.0051682214 0.0051682214 0.0051682214 0.0051682214 0.0051682214 0.0051682214 0.0051682214 0.0051682214 0.0051682214 0.0051682214 0.0051682214 0.0051682214 0.0051682214 0.0051682214 0.0051682214 0.0051682214 0.0051682214 0.0051682214 0.0051682214 0.0051682214 0.0051682214 0.0051682214 0.0051682214 0.0051682214 0.0051682214 0.0051682214 0.0051682214 0.0051682214 0.0051682214 0.0051682214 0.0051682214 0.0051682214 0.0051682214 0.0051682214 0.0051682214 0.0051682214 0.0051682214 0.0051682214 0.0051682214 0.0051682214 0.0051682214 0.0051682214 0.0051682214 0.0051682214 0.0051682214 0.0051682214 0.0051682214 0.0051682214 0.0051682214 0.0051682214 0.0051682214 0.0051682214 0.0051682214 0.0051682214 0.0051682214 0.0051682214 0.0051682214 0.0051682214 0.0051682214 0.0051682214 0.0051682214 0.0051682214 0.0051682214 0.0051682214 0.0051682214 0.0051682214 0.0051682214 0.0051682214 0.0051682214 0.0051682214 0.0051682214 0.0051682214 0.0051682214 0.0051682214 0.0051682214 0.0051682214 0.0051682214 0.0051682214 0.0051682214 0.0051682214 0.0051682214 0.0051682214 0.0051682214 0.0051682214 0.0051682214 0.0051682214 0.0051682214 0.0051682214 0.0051682214 0.0051682214 0.0051682214 0.0051682214 0.0051682214 0.0051682214 0.0051682214 0.0051682214 0.0051682214 0.0051682214 0.0051682214 0.0051682214 0.0051682214 0.0051682214 0.0051682214 0.0051682214 0.0051682214 0.0051682214 0.0051682214 0.0051682214 0.0051682214 0.0051682214 0.0051682214 0.0051682214 0.0051682214 0.0051682214 0.0051682214 0.0051682214 0.0051682214 0.0051682214 0.0051682214 0.0051682214 0.0051682214 0.0051682214 0.0051682214 0.0051682214 0.0051682214 0.0051682214 0.0051682214 0.0051682214 0.0051682214 0.0051682214 0.0051682214 0.0051682214 0.0051682214 0.0051682214 0.0051682214 0.0051682214 0.0051682214 0.0051682214 0.0051682214 0.0051682214 0.0051682214 0.0051682214 0.0051682214 0.0051682214 0.0051682214 0.0051682214 0.0051682214 0.0051682214 0.0051682214 0.0051682214 0.0051682214 0.0051682214 0.0051682214 0.0051682214 0.0051682214 0.0051682214 0.0051682214 0.0051682214 0.0051682214 0.0051682214 0.0051682214 0.0051682214 0.0051682214 0.0051682214 0.0051682214 0.0051682214 0.0051682214 0.0051682214 0.0051682214 0.0051682214 0.0051682214 0.0051682214 0.0051682214 0.0051682214 0.0051682214 0.0051682214 0.0051682214 0.0051682214 0.0051682214 0.0051682214 0.0051682214 0.0051682214 0.0051682214 0.0051682214 0.0051682214 0.0051682214 0.0051682214 0.0051682214 0.0051682214 0.0051682214 0.0051682214 0.0051682214 0.0051682214 0.0051682214 0.0051682214 0.0051682214 0.0051682214 0.0051682214 0.0051682214 0.0051682214 0.0051682214 0.0051682214 0.0051682214 0.0051682214 0.0051682214 0.0051682214 0.0051682214 0.0051682214 0.0051682214 0.0051682214 0.0051682214 0.0051682214,13 14 14 15 14 15 13 14 14 15 14 14 14 13 14 14 13 13 14 15 14 14 14 14 14 15 14 14 14 14 15 14 14 14 14 14 14 14 14 14 15 14 14 14 14 13 14 14 14 13 14 14 13 14 14 15 14 14 14 14 15 14 13 14 13 14 15 14 14 13 14 14 14 13 14 12 14 14 13 14 13 13 14 14 13 14 13 15 14 14 14 15 15 15 15 14 14 13 14 14 13 12 14 14 14 14 14 14 13 13 13 14 14 15 14 15 14 14 15 15 14 14 13 14 14 15 14 15 14 13 13 14 15 13 14 13 14 14 15 14 13 14 14 14 15 14 13 14 15 14 14 13 14 13 14 13 14 15 14 14 13 14 14 15 14 13 14 14 14 15 15 15 15 13 14 14 12 14 14 13 14 14 15 14 13 15 14 14 14 14 13 15 15 14 14 14 13 14 14 14 12 14 13 13 14 13 14 15 14 14 15 14 14 14 14 14 14 13 14 14 15 13 14 14 14 15 14 13 14 14 15 13 14 14 13 13 15 14 15 14 13 15 14 14 14 14 13 14 14 15 15 14 14 14 14 15 13 15 15 15 14 14 14 14 13 14 14 14 13 13 14 14 14 14 15 14 14 14 14 14 14 14 14 13 14 14 13 14 14 15 13 13 14 14 14 14 14 14 13 14 14 14 15 15 14 14 15 14 12 14 14 14 15 14 13 14 14 13 14 14 15 14 14 14 13 15 14 13 14 14 14 15 15 13 14 15 14 15 14 15 13 14 15 14 13 14 14 14 14 14 14 14 15 15 14 14 15 14 13 14 14 15 15 13 13 14 14 15 15 14 14 14 15 13 14 14 14 14 15 14 15 13 14 15 13 14 13 14 14 14 14 14 14 14 14 14 14 13 15 14 14 14 14 13 14 13 13 14 15 14 13 14 14 14 14 15 13 13 14 14 14 13 15 14 14 14 14 14 14 15 14 13 15 15 13 14 15 13 13 12 13 14 14 14 13 14 14 14 15 14 14 14 14 13 15 14 14 14 14 15 13 15 15 14 13 15 14 14 15 14 15 14 14 14 14 14 15 14 14 14 15 14 14 14 13 15 14 15 14 14 13 15 14 14 13 13 14 14 14 15 14 14 15 15 14 15 14 14 15 15 14 13
183,1x1x512x512,0.14487442 0.20433427 0.15645286 0.55518514 0.3237648 0.27527413 0.2583803 0.21001491 0.36358523 0.2984551 0.17094634 0.19113135 0.23592177 0.36554363 0.20610318 0.22694638 0.17115988 0.15614685 0.38832018 0.2676403 0.20185083 0.2797625 0.5200155 0.32418102 0.30852598 0.20612416 0.44834027 0.245985 0.4660031 0.3560082 0.197057 0.26272112 0.1677835 0.23161672 0.2624115 0.16619007 0.27365583 0.42544428 0.15751217 0.25897762 0.59088117 0.25202075 0.5744462 0.24621415 0.22044702 0.19914459 0.18767631 0.41631386 0.19907124 0.26203454 0.3008545 0.22372349 0.22418627 0.203169 0.17278273 0.32278004 0.32585505 0.20239915 0.33042824 0.20563626 0.27898893 0.23781903 0.25239223 0.19451755 0.41240475 0.2978365 0.37929878 0.22265826 0.22887544 0.24047418 0.7369494 0.26505163 0.26090652 0.33288127 0.18928799 0.2393727 0.3220382 0.22767411 0.29399896 0.15641776 0.34995517 0.2805468 0.21682982 0.22946002 0.2666453 0.32276812 0.33839744 0.15886395 0.4968501 0.30998543 0.29787853 0.23541479 0.16851632 0.20116223 0.20701022 0.2486192 0.400911 0.2475011 0.40573442 0.38711092 0.18871894 0.31598032 0.23427744 0.20941444 0.26069477 0.23503785 0.21022081 0.16811743 0.2339899 0.16887191 0.18848965 0.20392156 0.19799365 0.23524205 0.19258098 0.19558133 0.27321568 0.32649502 0.31986347 0.2721618 0.17748015 0.46662995 0.25609666 0.37525398 0.20372571 0.2359032 0.2612183 0.14259797 0.2206804 0.5173979 0.3105171 0.25036627 0.3855446 0.256698 0.4255082 0.25553143 0.30569515 0.27730292 0.37796667 0.26896852 0.5168135 0.2088217 0.23440959 0.52901965 0.24495079 0.32008043 0.313791 0.23372377 0.16316749 0.27652332 0.14687237 0.21064001 0.3170081 0.20503473 0.35519302 0.2750501 0.19012053 0.18990667 0.252345 0.17074464 0.17179105 0.18862742 0.26276514 0.4001686 0.4179287 0.2598825 0.2062938 0.33557326 0.19741736 0.205057 0.36063978 0.1870288 0.32612798 0.22986549 0.277352 0.21013959 0.12496599 0.66011953 0.15753685 0.23482995 0.17937227 0.13268034 0.19996288 0.24415164 0.22466283 0.2947737 0.18783799 0.16914374 0.52644813 0.16257295 0.2577841 0.24774499 0.2659766 0.28039622 0.4719968 0.3198067 0.23508774 0.14844102 0.23507114 0.23357762 0.22561678 0.2915379 0.211486 0.22542626 0.40860602 0.21737196 0.25489208 0.3677046 0.16784093 0.3955872 0.2833873 0.3555134 0.31856403 0.31576005 0.17827399 0.23591274 0.38370454 0.25505897 0.35511896 0.19801427 0.2460962 0.7672979 0.57410055 0.17105564 0.42229378 0.18720403 0.18520682 0.43160933 0.2921085 0.37790716 0.1665492 0.17610976 0.23561239 0.19739652 0.31542766 0.33505225 0.20427239 0.29018426 0.20524055 0.49259156 0.19745967 0.23814577 0.17061734 0.3738604 0.32871446 0.24580471 0.17055573 0.35491213 0.28227028 0.3122703 0.23772344 0.42561412 0.5044715 0.29370636 0.22153725 0.24779634 0.21818109 0.20646483 0.25064087 0.16941108 0.15171805 0.32466513 0.36218643 0.20272836 0.21037595 0.6307724 0.2970582 0.22469336 0.19721168 0.24851862 0.13349645 0.16750869 0.2045144 0.18844405 0.261261 0.23250262 0.16725321 0.34932324 0.42199585 0.5764678 0.17602308 0.20715146 0.24520993 0.37884587 0.20854707 0.23495135 0.4926999 0.32095212 0.41795763 0.31305397 0.18905349 0.20710894 0.19965473 0.28307354 0.39438498 0.32450762 0.35752186 0.12479017 0.16599281 0.3387043 0.124567695 0.2192485 0.15216276 0.24946898 0.13052443 0.36583117 0.39025825 0.36839718 0.1894649 0.52872413 0.26209354 0.5815349 0.46397722 0.18421775 0.14445217 0.18210219 0.24122392 0.23114437 0.19152075 0.18478973 0.22025597 0.2577755 0.3014637 0.19862953 0.5745745 0.55208397 0.16506909 0.17763458 0.42054975 0.3166115 0.34425953 0.1187503 0.5097738 0.20108047 0.18748832 0.37356818 0.3219771 0.4570684 0.6140894 0.33174896 0.18112518 0.51884323 0.3620941 0.21750836 0.33442804 0.23215082 0.33026588 0.386296 0.39180824 0.21422824 0.6134819 0.22269107 0.17657408 0.36063322 0.56977105 0.16317886 0.49969023 0.31804764 0.1333853 0.24412633 0.43102625 0.2426506 0.1690036 0.15846537 0.14802806 0.20311655 0.65677804 0.24071705 0.16699538 0.51015896 0.13495775 0.29230785 0.316648 0.4073381 0.26430753 0.22297283 0.35731825 0.5772862 0.17112535 0.5339572 0.23247457 0.18530357 0.6017751 0.22967958 0.22916068 0.30742618 0.2419449 0.25762987 0.3105119 0.2112057 0.292131 0.2346801 0.25992474 0.16029906 0.27947602 0.6115701 0.16330907 0.27366552 0.18698685 0.20882179 0.3128884 0.515217 0.173559 0.14083509 0.5044816 0.24608757 0.15344928 0.28619638 0.23921113 0.44651112 0.32517982 0.31116864 0.27234524 0.34565803 0.22798915 0.5322986 0.47219533 0.26580372 0.18061136 0.48166877 0.3976637 0.206432 0.2957957 0.21860294 0.19722377 0.22414003 0.26725242 0.2846339 0.31473285 0.1921722 0.283812 0.18210872 0.17672677 0.32247528 0.17323194 0.45931044 0.31306347 0.39025202 0.1854821 0.29216117 0.16822627 0.24423954 0.30816236 0.2694097 0.22723131 0.38704976 0.19391914 0.15516572 0.38270122 0.1970463 0.20491236 0.31823188 0.16395758 0.46505356 0.61127913 0.7686726 0.4424201 0.14691256 0.2686965 0.23202638 0.5206419 0.3139523 0.52771693 0.16687158 0.24587019 0.35016775 0.1784738 0.23997523 0.30605185 0.18406771 0.1979796 0.3766772 0.49073997 0.1646175 0.19573574 0.17006426 0.3783249 0.2534802 0.2510822 0.314032 0.23615284 0.17789757 0.40798646 0.27390057 0.24613717 0.5604757 0.16803332 0.23351434 0.30099 0.16491874 0.24028784 0.30681425 0.31445068 0.17532359 0.2500281 0.48488313 0.39939174 0.25026262 0.29659826 0.31075072 0.27593204 0.21774122 0.2838765 0.34874615 0.3196141 0.2750046 0.88204277 0.19890857 0.2597727 0.42740434 0.36083108 0.7165293,0.14485675 0.20430933 0.15643376 0.5551174 0.32372528 0.27524054 0.25834876 0.20998928 0.36354086 0.29841867 0.17092548 0.19110802 0.23589298 0.36549902 0.20607802 0.2269187 0.17113899 0.1561278 0.3882728 0.26760763 0.2018262 0.27972838 0.51995206 0.32414147 0.3084883 0.206099 0.44828555 0.24595499 0.4659462 0.35596475 0.19703294 0.26268905 0.16776302 0.23158845 0.2623795 0.16616979 0.27362245 0.42539236 0.15749295 0.25894603 0.59080905 0.25199 0.5743761 0.2461841 0.2204201 0.19912028 0.18765341 0.41626304 0.19904694 0.26200256 0.3008178 0.22369617 0.22415891 0.20314421 0.17276165 0.32274064 0.32581526 0.20237446 0.33038792 0.20561117 0.27895486 0.23779002 0.25236145 0.19449382 0.4123544 0.29780018 0.3792525 0.2226311 0.2288475 0.24044482 0.73685944 0.26501927 0.26087466 0.33284065 0.18926488 0.23934348 0.32199892 0.22764634 0.29396307 0.15639867 0.34991246 0.28051257 0.21680336 0.229432 0.26661277 0.32272875 0.33835617 0.15884456 0.4967895 0.30994758 0.29784217 0.23538606 0.16849576 0.20113769 0.20698495 0.24858886 0.4008621 0.2474709 0.4056849 0.38706368 0.18869592 0.31594175 0.23424886 0.20938888 0.26066297 0.23500916 0.21019517 0.16809691 0.23396133 0.1688513 0.18846665 0.20389667 0.1979695 0.23521335 0.19255748 0.19555746 0.27318233 0.32645518 0.31982443 0.2721286 0.1774585 0.466573 0.25606543 0.3752082 0.20370086 0.23587441 0.26118645 0.14258057 0.22065346 0.5173347 0.31047922 0.25033572 0.38549754 0.2566667 0.42545626 0.25550023 0.30565783 0.2772691 0.37792054 0.26893568 0.51675045 0.20879622 0.23438098 0.5289551 0.2449209 0.3200414 0.3137527 0.23369525 0.16314757 0.27648956 0.14685445 0.21061431 0.31696942 0.20500971 0.3551497 0.27501652 0.19009733 0.18988349 0.25231418 0.1707238 0.17177008 0.1886044 0.26273307 0.40011978 0.41787767 0.2598508 0.20626864 0.3355323 0.19739327 0.20503196 0.36059576 0.18700597 0.32608816 0.22983745 0.27731815 0.21011394 0.12495074 0.660039 0.15751763 0.23480128 0.17935038 0.13266416 0.19993849 0.24412185 0.2246354 0.29473773 0.18781506 0.16912308 0.5263839 0.1625531 0.25775266 0.24771476 0.26594415 0.280362 0.4719392 0.31976768 0.23505904 0.14842291 0.23504245 0.23354912 0.22558925 0.29150233 0.21146019 0.22539875 0.40855616 0.21734542 0.25486097 0.36765972 0.16782045 0.39553893 0.2833527 0.35547 0.31852517 0.3157215 0.17825224 0.23588395 0.3836577 0.25502783 0.35507563 0.19799012 0.24606617 0.7672043 0.57403046 0.17103477 0.42224222 0.18718119 0.18518421 0.43155664 0.29207286 0.37786105 0.16652888 0.17608826 0.23558365 0.19737244 0.3153892 0.33501136 0.20424746 0.29014882 0.2052155 0.49253145 0.19743557 0.2381167 0.17059651 0.37381476 0.32867435 0.24577472 0.17053491 0.3548688 0.28223583 0.31223223 0.23769443 0.42556217 0.5044099 0.29367054 0.2215102 0.24776609 0.21815446 0.20643963 0.25061026 0.1693904 0.15169954 0.32462552 0.36214224 0.20270361 0.21035028 0.63069546 0.29702193 0.22466594 0.19718762 0.24848828 0.13348015 0.16748825 0.20448944 0.18842104 0.2612291 0.23247425 0.1672328 0.3492806 0.42194435 0.5763974 0.17600161 0.20712619 0.24518 0.37879962 0.20852162 0.23492266 0.49263978 0.32091293 0.41790664 0.31301576 0.18903041 0.20708367 0.19963036 0.283039 0.39433685 0.32446802 0.35747823 0.12477494 0.16597255 0.33866295 0.12455249 0.21922176 0.1521442 0.24943854 0.1305085 0.36578652 0.39021063 0.36835223 0.18944179 0.52865964 0.26206154 0.581464 0.4639206 0.18419528 0.14443454 0.18207996 0.24119449 0.23111616 0.19149739 0.18476717 0.22022909 0.25774404 0.3014269 0.19860528 0.5745043 0.55201656 0.16504894 0.1776129 0.42049843 0.31657287 0.34421754 0.118735805 0.50971156 0.20105593 0.18746544 0.37352258 0.3219378 0.45701265 0.61401445 0.3317085 0.18110307 0.5187799 0.3620499 0.2174818 0.3343872 0.23212248 0.33022556 0.38624886 0.3917604 0.2142021 0.613407 0.2226639 0.17655253 0.3605892 0.56970155 0.16315894 0.49962926 0.3180088 0.13336901 0.24409653 0.43097365 0.24262097 0.16898298 0.15844603 0.14800999 0.20309177 0.65669787 0.24068767 0.166975 0.5100967 0.13494126 0.29227218 0.31660938 0.4072884 0.26427525 0.22294562 0.35727465 0.57721573 0.17110448 0.533892 0.2324462 0.18528096 0.6017017 0.22965156 0.22913271 0.30738866 0.24191537 0.25759843 0.310474 0.21117993 0.29209533 0.23465146 0.259893 0.1602795 0.2794419 0.6114955 0.16328914 0.27363214 0.18696402 0.20879629 0.3128502 0.5151541 0.1735378 0.1408179 0.50442004 0.24605753 0.15343057 0.28616145 0.23918194 0.4464566 0.32514015 0.31113067 0.272312 0.34561583 0.22796133 0.53223366 0.47213772 0.26577127 0.18058932 0.48160997 0.39761516 0.20640682 0.2957596 0.21857625 0.19719969 0.22411269 0.26721978 0.28459918 0.31469443 0.19214875 0.28377736 0.18208648 0.1767052 0.32243595 0.1732108 0.45925438 0.31302527 0.3902044 0.18545946 0.2921255 0.16820574 0.24420972 0.30812475 0.2693768 0.22720358 0.38700253 0.19389547 0.15514678 0.38265452 0.19702224 0.20488736 0.31819305 0.16393757 0.46499678 0.61120456 0.76857877 0.44236612 0.14689463 0.26866367 0.23199806 0.5205784 0.313914 0.52765256 0.16685122 0.24584019 0.350125 0.17845203 0.23994593 0.30601448 0.18404526 0.19795543 0.3766312 0.4906801 0.1645974 0.19571185 0.1700435 0.37827873 0.25344926 0.25105157 0.31399366 0.23612402 0.17787586 0.4079367 0.27386716 0.24610713 0.56040734 0.16801281 0.23348583 0.30095327 0.16489862 0.24025851 0.3067768 0.31441233 0.1753022 0.2499976 0.48482397 0.399343 0.25023207 0.29656208 0.3107128 0.27589837 0.21771464 0.28384185 0.3487036 0.3195751 0.27497104 0.8819351 0.1988843 0.25974098 0.4273522 0.36078706 0.71644187,0.0011406044 0.0016087348 0.0012317619 0.0043710032 0.002549018 0.0021672484 0.0020342423 0.0016534589 0.0028625263 0.0023497534 0.00134587 0.0015047876 0.0018574251 0.002877945 0.0016226616 0.0017867615 0.0013475511 0.0012293527 0.0030572661 0.0021071467 0.0015891826 0.0022025858 0.004094111 0.002552295 0.0024290418 0.0016228268 0.0035298076 0.0019366535 0.0036688678 0.002802872 0.0015514405 0.0020684178 0.0013209687 0.0018235311 0.0020659803 0.0013084236 0.0021545074 0.003349546 0.001240102 0.0020389452 0.0046520396 0.0019841732 0.0045226463 0.0019384575 0.0017355914 0.0015678762 0.0014775859 0.0032776617 0.0015672988 0.0020630122 0.002368644 0.0017613872 0.0017650308 0.0015995607 0.0013603279 0.002541265 0.0025654745 0.0015934997 0.0026014796 0.0016189856 0.002196495 0.0018723623 0.001987098 0.0015314474 0.003246885 0.0023448833 0.0029862402 0.0017530008 0.0018019489 0.0018932663 0.005802043 0.0020867658 0.0020541311 0.0026207925 0.0014902747 0.0018845943 0.0025354247 0.0017924908 0.0023146698 0.0012314856 0.0027552163 0.0022087605 0.001707113 0.0018065512 0.002099313 0.0025411714 0.0026642217 0.0012507446 0.003911728 0.0024405322 0.002345214 0.0018534336 0.0013267383 0.0015837613 0.0016298027 0.0019573926 0.0031563945 0.0019485898 0.0031943691 0.0030477454 0.0014857947 0.0024877302 0.0018444792 0.0016487313 0.0020524643 0.0018504659 0.0016550801 0.0013235977 0.0018422152 0.0013295378 0.0014839894 0.0016054856 0.0015588149 0.0018520737 0.0015162007 0.0015398226 0.002151042 0.0025705132 0.0025183025 0.002142745 0.001397311 0.003673803 0.0020162633 0.0029543953 0.0016039438 0.0018572789 0.0020565863 0.0011226817 0.0017374288 0.0040735016 0.0024447183 0.0019711475 0.0030354138 0.0020209975 0.0033500493 0.0020118128 0.0024067545 0.0021832213 0.0029757523 0.0021176038 0.0040689013 0.0016440647 0.0018455195 0.0041650007 0.001928511 0.002520011 0.0024704938 0.0018401201 0.0012846265 0.0021770832 0.0011563342 0.0016583804 0.0024958223 0.0016142497 0.0027964541 0.0021654845 0.0014968294 0.0014951456 0.0019867257 0.0013442818 0.0013525203 0.001485074 0.0020687643 0.0031505495 0.0032903755 0.0020460694 0.0016241625 0.0026419866 0.0015542777 0.0016144249 0.0028393366 0.0014724879 0.0025676233 0.0018097437 0.0021836075 0.0016544405 0.0009838641 0.0051971576 0.0012402963 0.001848829 0.0014122077 0.0010445997 0.0015743189 0.0019222193 0.0017687827 0.0023207695 0.0014788588 0.0013316778 0.0041447547 0.0012799457 0.0020295484 0.00195051 0.0020940485 0.002207575 0.0037160567 0.0025178557 0.0018508586 0.0011686843 0.001850728 0.0018389694 0.0017762933 0.0022952938 0.0016650409 0.0017747933 0.0032169777 0.0017113813 0.0020067792 0.0028949585 0.0013214209 0.0031144798 0.0022311236 0.0027989764 0.0025080722 0.002485996 0.0014035609 0.001857354 0.0030209266 0.002008093 0.002795871 0.0015589773 0.0019375288 0.0060409787 0.004519925 0.0013467305 0.003324742 0.0014738677 0.0014581433 0.0033980838 0.0022997863 0.002975284 0.0013112511 0.0013865217 0.0018549893 0.0015541137 0.0024833793 0.0026378848 0.0016082478 0.0022846365 0.00161587 0.0038782004 0.0015546108 0.0018749346 0.0013432796 0.0029434233 0.0025879869 0.001935234 0.0013427945 0.0027942425 0.0022223294 0.0024585214 0.0018716097 0.0033508833 0.0039717318 0.0023123664 0.0017441749 0.0019509142 0.0017177516 0.0016255089 0.001973309 0.0013337827 0.0011944846 0.0025561065 0.0028515137 0.0015960914 0.0016563014 0.004966106 0.0023387554 0.0017690231 0.0015526584 0.0019566007 0.0010510248 0.0013188052 0.0016101531 0.0014836303 0.002056922 0.0018305059 0.0013167937 0.002750241 0.0033223964 0.004538562 0.0013858394 0.0016309149 0.0019305511 0.0029826742 0.0016419025 0.0018497847 0.0038790533 0.0025268735 0.0032906034 0.002464691 0.0014884284 0.00163058 0.0015718926 0.0022286535 0.0031050146 0.0025548663 0.0028147893 0.0009824799 0.0013068705 0.0026666375 0.0009807283 0.0017261555 0.0011979857 0.001964083 0.001027626 0.002880209 0.0030725247 0.0029004114 0.0014916676 0.0041626743 0.0020634767 0.0045784567 0.0036529182 0.0014503566 0.0011372799 0.0014337004 0.0018991692 0.0018198123 0.0015078534 0.0014548596 0.0017340874 0.0020294806 0.00237344 0.0015638211 0.004523656 0.004346587 0.001299598 0.0013985268 0.0033110112 0.0024926998 0.0027103743 0.0009349276 0.004013477 0.0015831175 0.0014761059 0.0029411227 0.0025349434 0.0035985247 0.0048347595 0.0026118779 0.0014260084 0.004084881 0.0028507868 0.0017124552 0.0026329702 0.001827736 0.0026002012 0.0030413296 0.0030847276 0.0016866308 0.0048299767 0.001753259 0.0013901774 0.0028392852 0.004485839 0.0012847161 0.0039340886 0.0025040065 0.0010501497 0.00192202 0.0033934934 0.0019104014 0.0013305746 0.0012476065 0.001165433 0.0015991478 0.005170849 0.0018951785 0.0013147638 0.0040165097 0.0010625296 0.0023013558 0.0024929873 0.0032069953 0.0020809076 0.0017554773 0.0028131863 0.004545006 0.0013472793 0.0042038737 0.001830285 0.0014589052 0.0047378084 0.00180828 0.0018041945 0.0024203833 0.0019048455 0.0020283342 0.0024446773 0.0016628341 0.0022999633 0.0018476493 0.0020464016 0.0012620433 0.00220033 0.004814925 0.0012857413 0.0021545838 0.0014721577 0.0016440653 0.0024633876 0.0040563317 0.0013664394 0.0011088023 0.0039718114 0.0019374609 0.0012081147 0.0022532397 0.0018833224 0.0035154063 0.0025601587 0.0024498478 0.0021441889 0.0027213846 0.0017949711 0.004190816 0.00371762 0.0020926872 0.0014219631 0.0037922044 0.003130828 0.0016252506 0.0023288156 0.0017210728 0.0015527535 0.0017646669 0.0021040929 0.0022409384 0.002477909 0.0015129823 0.0022344673 0.0014337518 0.0013913795 0.0025388657 0.0013638645 0.0036161763 0.002464766 0.0030724755 0.0014603108 0.0023002008 0.0013244547 0.0019229111 0.0024261791 0.0021210774 0.0017890045 0.003047264 0.0015267361 0.0012216282 0.0030130276 0.0015513563 0.0016132863 0.002505457 0.001290847 0.003661392 0.0048126346 0.006051801 0.003483198 0.0011566507 0.002115462 0.0018267564 0.0040990426 0.0024717639 0.0041547446 0.0013137892 0.0019357495 0.00275689 0.0014051341 0.001889338 0.002409563 0.0014491753 0.0015587042 0.0029656 0.003863623 0.0012960426 0.0015410382 0.0013389252 0.0029785726 0.0019956634 0.001976784 0.0024723911 0.0018592443 0.0014005973 0.0032121 0.0021564343 0.0019378514 0.004412656 0.0013229356 0.0018384712 0.0023697107 0.0012984143 0.0018917994 0.0024155653 0.0024756875 0.0013803323 0.001968485 0.0038175115 0.0031444333 0.0019703312 0.0023351344 0.0024465576 0.0021724282 0.0017142885 0.002234975 0.0027456975 0.0025163393 0.0021651264 0.006944371 0.0015660181 0.0020452046 0.003364978 0.002840843 0.0056412746,
184,512,,,0.0053928886 0.0053928886 0.0053928886 0.0053928886 0.0053928886 0.0053928886 0.0053928886 0.0053928886 0.0053928886 0.0053928886 0.0053928886 0.0053928886 0.0053928886 0.0053928886 0.0053928886 0.0053928886 0.0053928886 0.0053928886 0.0053928886 0.0053928886 0.0053928886 0.0053928886 0.0053928886 0.0053928886 0.0053928886 0.0053928886 0.0053928886 0.0053928886 0.0053928886 0.0053928886 0.0053928886 0.0053928886 0.0053928886 0.0053928886 0.0053928886 0.0053928886 0.0053928886 0.0053928886 0.0053928886 0.0053928886 0.0053928886 0.0053928886 0.0053928886 0.0053928886 0.0053928886 0.0053928886 0.0053928886 0.0053928886 0.0053928886 0.0053928886 0.0053928886 0.0053928886 0.0053928886 0.0053928886 0.0053928886 0.0053928886 0.0053928886 0.0053928886 0.0053928886 0.0053928886 0.0053928886 0.0053928886 0.0053928886 0.0053928886 0.0053928886 0.0053928886 0.0053928886 0.0053928886 0.0053928886 0.0053928886 0.0053928886 0.0053928886 0.0053928886 0.0053928886 0.0053928886 0.0053928886 0.0053928886 0.0053928886 0.0053928886 0.0053928886 0.0053928886 0.0053928886 0.0053928886 0.0053928886 0.0053928886 0.0053928886 0.0053928886 0.0053928886 0.0053928886 0.0053928886 0.0053928886 0.0053928886 0.0053928886 0.0053928886 0.0053928886 0.0053928886 0.0053928886 0.0053928886 0.0053928886 0.0053928886 0.0053928886 0.0053928886 0.0053928886 0.0053928886 0.0053928886 0.0053928886 0.0053928886 0.0053928886 0.0053928886 0.0053928886 0.0053928886 0.0053928886 0.0053928886 0.0053928886 0.0053928886 0.0053928886 0.0053928886 0.0053928886 0.0053928886 0.0053928886 0.0053928886 0.0053928886 0.0053928886 0.0053928886 0.0053928886 0.0053928886 0.0053928886 0.0053928886 0.0053928886 0.0053928886 0.0053928886 0.0053928886 0.0053928886 0.0053928886 0.0053928886 0.0053928886 0.0053928886 0.0053928886 0.0053928886 0.0053928886 0.0053928886 0.0053928886 0.0053928886 0.0053928886 0.0053928886 0.0053928886 0.0053928886 0.0053928886 0.0053928886 0.0053928886 0.0053928886 0.0053928886 0.0053928886 0.0053928886 0.0053928886 0.0053928886 0.0053928886 0.0053928886 0.0053928886 0.0053928886 0.0053928886 0.0053928886 0.0053928886 0.0053928886 0.0053928886 0.0053928886 0.0053928886 0.0053928886 0.0053928886 0.0053928886 0.0053928886 0.0053928886 0.0053928886 0.0053928886 0.0053928886 0.0053928886 0.0053928886 0.0053928886 0.0053928886 0.0053928886 0.0053928886 0.0053928886 0.0053928886 0.0053928886 0.0053928886 0.0053928886 0.0053928886 0.0053928886 0.0053928886 0.0053928886 0.0053928886 0.0053928886 0.0053928886 0.0053928886 0.0053928886 0.0053928886 0.0053928886 0.0053928886 0.0053928886 0.0053928886 0.0053928886 0.0053928886 0.0053928886 0.0053928886 0.0053928886 0.0053928886 0.0053928886 0.0053928886 0.0053928886 0.0053928886 0.0053928886 0.0053928886 0.0053928886 0.0053928886 0.0053928886 0.0053928886 0.0053928886 0.0053928886 0.0053928886 0.0053928886 0.0053928886 0.0053928886 0.0053928886 0.0053928886 0.0053928886 0.0053928886 0.0053928886 0.0053928886 0.0053928886 0.0053928886 0.0053928886 0.0053928886 0.0053928886 0.0053928886 0.0053928886 0.0053928886 0.0053928886 0.0053928886 0.0053928886 0.0053928886 0.0053928886 0.0053928886 0.0053928886 0.0053928886 0.0053928886 0.0053928886 0.0053928886 0.0053928886 0.0053928886 0.0053928886 0.0053928886 0.0053928886 0.0053928886 0.0053928886 0.0053928886 0.0053928886 0.0053928886 0.0053928886 0.0053928886 0.0053928886 0.0053928886 0.0053928886 0.0053928886 0.0053928886 0.0053928886 0.0053928886 0.0053928886 0.0053928886 0.0053928886 0.0053928886 0.0053928886 0.0053928886 0.0053928886 0.0053928886 0.0053928886 0.0053928886 0.0053928886 0.0053928886 0.0053928886 0.0053928886 0.0053928886 0.0053928886 0.0053928886 0.0053928886 0.0053928886 0.0053928886 0.0053928886 0.0053928886 0.0053928886 0.0053928886 0.0053928886 0.0053928886 0.0053928886 0.0053928886 0.0053928886 0.0053928886 0.0053928886 0.0053928886 0.0053928886 0.0053928886 0.0053928886 0.0053928886 0.0053928886 0.0053928886 0.0053928886 0.0053928886 0.0053928886 0.0053928886 0.0053928886 0.0053928886 0.0053928886 0.0053928886 0.0053928886 0.0053928886 0.0053928886 0.0053928886 0.0053928886 0.0053928886 0.0053928886 0.0053928886 0.0053928886 0.0053928886 0.0053928886 0.0053928886 0.0053928886 0.0053928886 0.0053928886 0.0053928886 0.0053928886 0.0053928886 0.0053928886 0.0053928886 0.0053928886 0.0053928886 0.0053928886 0.0053928886 0.0053928886 0.0053928886 0.0053928886 0.0053928886 0.0053928886 0.0053928886 0.0053928886 0.0053928886 0.0053928886 0.0053928886 0.0053928886 0.0053928886 0.0053928886 0.0053928886 0.0053928886 0.0053928886 0.0053928886 0.0053928886 0.0053928886 0.0053928886 0.0053928886 0.0053928886 0.0053928886 0.0053928886 0.0053928886 0.0053928886 0.0053928886 0.0053928886 0.0053928886 0.0053928886 0.0053928886 0.0053928886 0.0053928886 0.0053928886 0.0053928886 0.0053928886 0.0053928886 0.0053928886 0.0053928886 0.0053928886 0.0053928886 0.0053928886 0.0053928886 0.0053928886 0.0053928886 0.0053928886 0.0053928886 0.0053928886 0.0053928886 0.0053928886 0.0053928886 0.0053928886 0.0053928886 0.0053928886 0.0053928886 0.0053928886 0.0053928886 0.0053928886 0.0053928886 0.0053928886 0.0053928886 0.0053928886 0.0053928886 0.0053928886 0.0053928886 0.0053928886 0.0053928886 0.0053928886 0.0053928886 0.0053928886 0.0053928886 0.0053928886 0.0053928886 0.0053928886 0.0053928886 0.0053928886 0.0053928886 0.0053928886 0.0053928886 0.0053928886 0.0053928886 0.0053928886 0.0053928886 0.0053928886 0.0053928886 0.0053928886 0.0053928886 0.0053928886 0.0053928886 0.0053928886 0.0053928886 0.0053928886 0.0053928886 0.0053928886 0.0053928886 0.0053928886 0.0053928886 0.0053928886 0.0053928886 0.0053928886 0.0053928886 0.0053928886 0.0053928886 0.0053928886 0.0053928886 0.0053928886 0.0053928886 0.0053928886 0.0053928886 0.0053928886 0.0053928886 0.0053928886 0.0053928886 0.0053928886 0.0053928886 0.0053928886 0.0053928886 0.0053928886 0.0053928886 0.0053928886 0.0053928886 0.0053928886 0.0053928886 0.0053928886 0.0053928886 0.0053928886 0.0053928886 0.0053928886 0.0053928886 0.0053928886 0.0053928886 0.0053928886 0.0053928886 0.0053928886 0.0053928886 0.0053928886 0.0053928886 0.0053928886 0.0053928886 0.0053928886 0.0053928886 0.0053928886 0.0053928886 0.0053928886 0.0053928886 0.0053928886 0.0053928886 0.0053928886 0.0053928886 0.0053928886 0.0053928886 0.0053928886 0.0053928886 0.0053928886 0.0053928886 0.0053928886 0.0053928886 0.0053928886 0.0053928886 0.0053928886 0.0053928886 0.0053928886 0.0053928886 0.0053928886 0.0053928886 0.0053928886 0.0053928886 0.0053928886 0.0053928886 0.0053928886 0.0053928886 0.0053928886 0.0053928886 0.0053928886 0.0053928886 0.0053928886,15 15 15 13 14 14 14 15 14 14 15 15 15 14 15 15 15 15 14 14 15 14 13 14 14 15 14 15 14 14 15 14 15 15 14 15 14 14 15 14 13 14 13 15 15 15 15 14 15 14 14 15 15 15 15 14 14 15 14 15 14 15 14 15 14 14 14 15 15 15 13 14 14 14 15 15 14 15 14 15 14 14 15 15 14 14 14 15 13 14 14 15 15 15 15 14 14 15 14 14 15 14 15 15 14 15 15 15 15 15 15 15 15 15 15 15 14 14 14 14 15 14 14 14 15 15 14 15 15 13 14 14 14 14 14 14 14 14 14 14 13 15 15 13 15 14 14 15 15 14 15 15 14 15 14 14 15 15 14 15 15 15 14 14 14 14 15 14 15 15 14 15 14 15 14 15 15 13 15 15 15 15 15 15 15 14 15 15 13 15 14 14 14 14 14 14 15 15 15 15 15 14 15 15 14 15 14 14 15 14 14 14 14 14 15 15 14 14 14 15 15 13 13 15 14 15 15 14 14 14 15 15 15 15 14 14 15 14 15 14 15 15 15 14 14 15 15 14 14 14 15 14 13 14 15 14 15 15 14 15 15 14 14 15 15 13 14 15 15 14 15 15 15 15 14 15 15 14 14 13 15 15 15 14 15 15 14 14 14 14 15 15 15 14 14 14 14 15 15 14 15 15 15 14 15 14 14 14 15 13 14 13 14 15 15 15 15 15 15 15 15 14 14 15 13 13 15 15 14 14 14 16 13 15 15 14 14 14 13 14 15 13 14 15 14 15 14 14 14 15 13 15 15 14 13 15 13 14 15 15 14 15 15 15 15 15 13 15 15 13 15 14 14 14 14 15 14 13 15 13 15 15 13 15 15 14 15 14 14 15 14 15 14 15 14 13 15 14 15 15 14 13 15 15 13 15 15 14 15 14 14 14 14 14 15 13 14 14 15 14 14 15 14 15 15 15 14 14 14 15 14 15 15 14 15 14 14 14 15 14 15 15 14 14 15 14 15 15 14 15 15 14 15 14 13 13 14 15 14 15 13 14 13 15 15 14 15 15 14 15 15 14 14 15 15 15 14 14 14 14 15 15 14 14 15 13 15 15 14 15 15 14 14 15 14 14 14 14 14 14 14 15 14 14 14 14 13 15 14 14 14 13
193,1x1x256x128,0.30870807 0.5607782 0.17500564 0.42759234 0.26227456 0.53475606 0.51317984 0.22475165 0.31419805 0.24226816 0.2523734 0.5617572 0.3879196 0.3782302 0.27104163 0.31337726 0.40938184 0.21884194 0.20186827 0.21896076 0.18875623 0.41948324 0.3373991 0.28738016 0.44610575 0.33101985 0.2590148 0.49144667 0.22509214 0.28627938 0.3947603 1.0469568 0.28067222 0.46663395 0.54816794 0.3209608 0.5778151 0.53945804 0.5313988 0.3477209 0.21124804 0.50060445 0.11407129 0.521084 0.24869533 0.46376708 1.0310249 0.32400548 0.33716393 0.42475614 0.22757009 0.35682097 0.4185193 0.2985048 0.5047557 0.18650149 0.19841576 0.2199488 0.35425746 0.30276856 0.4840266 0.21903485 0.7457404 0.27139798 0.38423592 0.19998659 0.3996116 0.5429356 0.22248363 0.44592977 0.79827434 0.20527746 0.27059907 0.17127906 0.1626483 0.3664758 0.18727455 0.23603761 0.4162983 0.36719793 0.52756506 0.38515747 0.37371808 0.18340528 0.50440514 0.27898267 0.39912704 0.24538484 0.49991584 0.39466482 0.3697409 0.19283207 0.28751904 0.4527587 0.6977384 0.29251128 0.24157332 0.47787973 0.21140203 0.31655213 0.21214682 0.4222354 0.36119038 0.5909669 0.26999435 0.24506627 0.23656447 0.65412575 0.7840069 0.35187206 0.18676083 0.66083556 0.20149583 0.24100998 0.71184766 0.2967933 0.33547297 0.36771274 0.24387483 0.49770546 0.7987064 0.29040658 0.24533093 0.3626434 0.22578791 0.19227709 0.41481468 0.29993132,0.3086704 0.5607098 0.17498428 0.42754015 0.26224256 0.5346908 0.51311725 0.22472423 0.31415972 0.2422386 0.25234258 0.56168866 0.38787228 0.37818405 0.27100855 0.313339 0.40933186 0.21881522 0.20184362 0.21893403 0.18873319 0.41943204 0.33735794 0.28734508 0.4460513 0.33097947 0.2589832 0.49138668 0.22506468 0.28624442 0.39471215 1.046829 0.28063795 0.466577 0.548101 0.3209216 0.5777446 0.53939223 0.5313339 0.34767845 0.21122226 0.50054336 0.11405736 0.5210204 0.24866498 0.4637105 1.0308992 0.32396594 0.3371228 0.42470428 0.22754231 0.35677743 0.4184682 0.29846835 0.50469404 0.18647872 0.19839154 0.21992195 0.35421425 0.3027316 0.48396754 0.21900812 0.7456494 0.27136484 0.384189 0.19996218 0.3995628 0.5428694 0.22245649 0.44587535 0.7981769 0.20525241 0.27056605 0.17125815 0.16262846 0.3664311 0.18725169 0.23600881 0.41624752 0.36715314 0.5275007 0.38511047 0.37367246 0.1833829 0.50434357 0.2789486 0.3990783 0.2453549 0.49985483 0.39461666 0.36969578 0.19280852 0.28748393 0.45270345 0.6976533 0.29247558 0.24154383 0.4778214 0.21137622 0.31651348 0.21212092 0.42218387 0.3611463 0.59089476 0.26996142 0.24503636 0.2365356 0.6540459 0.78391117 0.3518291 0.18673804 0.6607549 0.20147122 0.24098057 0.7117608 0.29675707 0.33543202 0.36766785 0.24384506 0.49764472 0.7986089 0.29037115 0.24530098 0.36259913 0.22576036 0.19225363 0.41476408 0.29989472,0.0024304755 0.0044150376 0.001377829 0.003366458 0.002064902 0.004210164 0.0040402934 0.0017694822 0.0024736987 0.0019073905 0.0019869495 0.004422745 0.0030541124 0.002977827 0.0021339257 0.0024672362 0.0032230855 0.0017229546 0.0015893198 0.00172389 0.0014860881 0.0033026144 0.0026563618 0.0022625597 0.0035122149 0.0026061374 0.0020392376 0.0038691864 0.0017721629 0.002253893 0.0031079696 0.008242748 0.0022097477 0.0036738345 0.004315756 0.0025269417 0.00454917 0.004247183 0.0041837315 0.0027376255 0.0016631674 0.0039412864 0.0008980895 0.004102523 0.0019579919 0.0036512637 0.008117316 0.0025509128 0.0026545103 0.0033441281 0.0017916717 0.002809271 0.0032950253 0.0023501446 0.003973969 0.0014683363 0.0015621381 0.0017316688 0.0027890885 0.0023837134 0.003810768 0.0017244733 0.005871255 0.002136731 0.0030251103 0.0015745054 0.003146164 0.004274562 0.0017516259 0.0035108295 0.006284857 0.0016161607 0.0021304414 0.0013484894 0.0012805391 0.0028852841 0.0014744228 0.0018583371 0.0032775395 0.0028909696 0.0041535487 0.0030323658 0.0029423027 0.0014439599 0.0039712093 0.0021964456 0.003142349 0.0019319284 0.0039358647 0.0031072178 0.0029109905 0.0015181773 0.002263653 0.003564594 0.005493333 0.0023029572 0.00190192 0.0037623732 0.0016643797 0.002492232 0.0016702435 0.0033242824 0.0028436717 0.004652715 0.0021256804 0.0019294202 0.001862485 0.0051499675 0.006172529 0.002770308 0.0014703783 0.0052027944 0.0015863876 0.0018974848 0.0056044157 0.00233667 0.002641197 0.0028950225 0.0019200399 0.0039184624 0.006288259 0.002286387 0.0019315038 0.0028551114 0.0017776405 0.0015138082 0.0032658589 0.0023613758,
194,128,,,0.004961525 0.004961525 0.004961525 0.004961525 0.004961525 0.004961525 0.004961525 0.004961525 0.004961525 0.004961525 0.004961525 0.004961525 0.004961525 0.004961525 0.004961525 0.004961525 0.004961525 0.004961525 0.004961525 0.004961525 0.004961525 0.004961525 0.004961525 0.004961525 0.004961525 0.004961525 0.004961525 0.004961525 0.004961525 0.004961525 0.004961525 0.004961525 0.004961525 0.004961525 0.004961525 0.004961525 0.004961525 0.004961525 0.004961525 0.004961525 0.004961525 0.004961525 0.004961525 0.004961525 0.004961525 0.004961525 0.004961525 0.004961525 0.004961525 0.004961525 0.004961525 0.004961525 0.004961525 0.004961525 0.004961525 0.004961525 0.004961525 0.004961525 0.004961525 0.004961525 0.004961525 0.004961525 0.004961525 0.004961525 0.004961525 0.004961525 0.004961525 0.004961525 0.004961525 0.004961525 0.004961525 0.004961525 0.004961525 0.004961525 0.004961525 0.004961525 0.004961525 0.004961525 0.004961525 0.004961525 0.004961525 0.004961525 0.004961525 0.004961525 0.004961525 0.004961525 0.004961525 0.004961525 0.004961525 0.004961525 0.004961525 0.004961525 0.004961525 0.004961525 0.004961525 0.004961525 0.004961525 0.004961525 0.004961525 0.004961525 0.004961525 0.004961525 0.004961525 0.004961525 0.004961525 0.004961525 0.004961525 0.004961525 0.004961525 0.004961525 0.004961525 0.004961525 0.004961525 0.004961525 0.004961525 0.004961525 0.004961525 0.004961525 0.004961525 0.004961525 0.004961525 0.004961525 0.004961525 0.004961525 0.004961525 0.004961525 0.004961525 0.004961525,14 13 15 14 14 13 13 15 14 15 14 13 14 14 14 14 14 15 15 15 15 14 14 14 14 14 14 14 15 14 14 12 14 14 13 14 13 13 13 14 15 13 16 13 14 14 12 14 14 14 15 14 14 14 13 15 15 15 14 14 14 15 13 14 14 15 14 13 15 14 13 15 14 15 15 14 15 15 14 14 13 14 14 15 13 14 14 15 13 14 14 15 14 14 13 14 15 14 15 14 15 14 14 13 14 15 15 13 13 14 15 13 15 15 13 14 14 14 15 13 13 14 15 14 15 15 14 14
199,3x3x128x128,0.1355369 0.1653527 0.15035512 0.19957757 0.11580633 0.2312183 0.22106494 0.20686206 0.21696112 0.18345459 0.18073815 0.09592352 0.2940796 0.12826945 0.15335417 0.21233614 0.18634163 0.17774779 0.1647637 0.2610471 0.15318498 0.15539454 0.1432975 0.21066262 0.19632067 0.24138978 0.20111486 0.13752615 0.17874856 0.18917815 0.130657 0.11653858 0.13172334 0.22807744 0.1698937 0.09843776 0.13646564 0.22940932 0.16467308 0.20667711 0.4158776 0.08457866 0.15773614 0.15772611 0.16001539 0.19417833 0.12891956 0.16469356 0.13930263 0.1724153 0.26503506 0.22795579 0.16354765 0.1145235 0.15297727 0.23475893 0.16131443 0.1481434 0.1937619 0.12845562 0.08828237 0.118592 0.17717326 0.18151392 0.12539224 0.13628371 0.14376576 0.15564042 0.39715984 0.17683174 0.113263816 0.31324786 0.20733409 0.20031549 0.2596896 0.20189768 0.22229326 0.11646057 0.21273044 0.18669267 0.27690938 0.14214192 0.12252995 0.13902517 0.16633002 0.1300111 0.104972064 0.0839304 0.32595587 0.14149578 0.123155475 0.18830813 0.082350016 0.19655252 0.3526273 0.13859634 0.2338958 0.1491615 0.14314775 0.112014525 0.14412737 0.24248675 0.2104202 0.12533891 0.11391513 0.15943025 0.14370728 0.18591855 0.08512119 0.13388649 0.12112488 0.16500337 0.23500708 0.2195913 0.17452143 0.14402197 0.18696006 0.1774431 0.16084523 0.30281448 0.12879817 0.31335327 0.13265981 0.20735283 0.13597773 0.26418307 0.1596637 0.15085612,0.13552035 0.16533253 0.15033676 0.19955322 0.1157922 0.23119009 0.22103797 0.20683682 0.21693464 0.18343219 0.1807161 0.095911816 0.2940437 0.1282538 0.15333545 0.21231022 0.18631889 0.17772609 0.16474359 0.26101524 0.1531663 0.15537558 0.14328001 0.2106369 0.1962967 0.24136032 0.20109032 0.13750936 0.17872675 0.18915506 0.13064106 0.11652435 0.13170727 0.2280496 0.16987295 0.09842574 0.136449 0.22938132 0.16465299 0.2066519 0.41582686 0.08456834 0.15771689 0.15770686 0.15999587 0.19415462 0.12890382 0.16467346 0.13928562 0.17239426 0.2650027 0.22792797 0.16352768 0.11450952 0.1529586 0.23473029 0.16129474 0.1481253 0.19373825 0.12843995 0.088271596 0.11857753 0.17715164 0.18149178 0.12537694 0.13626708 0.14374821 0.15562144 0.39711136 0.17681015 0.11324999 0.31320962 0.20730878 0.20029105 0.2596579 0.20187305 0.22226614 0.11644636 0.21270446 0.18666989 0.2768756 0.14212458 0.122515 0.13900821 0.16630973 0.12999523 0.10495925 0.08392016 0.32591608 0.14147851 0.12314044 0.18828516 0.082339965 0.19652852 0.35258427 0.13857943 0.23386726 0.14914331 0.14313027 0.11200085 0.14410977 0.24245715 0.21039452 0.12532362 0.11390123 0.1594108 0.14368974 0.18589588 0.0851108 0.13387015 0.1211101 0.16498323 0.23497841 0.2195645 0.17450012 0.1440044 0.18693724 0.17742144 0.1608256 0.30277753 0.12878245 0.31331503 0.13264361 0.20732753 0.13596115 0.26415083 0.15964423 0.15083772,0.0010670894 0.0013018309 0.001183754 0.0015712852 0.0009117496 0.0018203944 0.0017404564 0.0016286364 0.0017081468 0.001444348 0.0014229614 0.00075521116 0.0023153047 0.0010098724 0.0012073658 0.001671734 0.0014670779 0.001399418 0.0012971936 0.002055238 0.0012060339 0.0012234298 0.001128189 0.0016585583 0.0015456433 0.001900475 0.0015833883 0.0010827509 0.0014072972 0.00148941 0.0010286698 0.0009175146 0.001037065 0.0017956662 0.0013375824 0.00077500584 0.0010744015 0.0018061522 0.0012964802 0.0016271803 0.0032742273 0.00066589244 0.0012418652 0.0012417863 0.00125981 0.0015287765 0.0010149907 0.0012966414 0.0010967372 0.0013574351 0.0020866354 0.0017947084 0.0012876196 0.00090164976 0.0012043985 0.00184827 0.0012700374 0.001166341 0.001525498 0.0010113382 0.0006950519 0.0009336814 0.0013948948 0.0014290691 0.00098722 0.0010729692 0.0011318757 0.0012253657 0.003126861 0.0013922058 0.00089173217 0.0024662176 0.0016323526 0.0015770949 0.0020445504 0.0015895516 0.0017501271 0.00091690046 0.0016748382 0.0014698416 0.0021801228 0.0011190912 0.00096468505 0.0010945528 0.0013095255 0.0010235845 0.00082645076 0.0006607887 0.0025662684 0.0011140041 0.00096960977 0.0014825603 0.0006483462 0.0015474687 0.0027762542 0.0010911766 0.0018414744 0.0011743568 0.00112701 0.00088189647 0.0011347226 0.0019091114 0.0016566498 0.0009868002 0.0008968601 0.0012552032 0.0011314153 0.001463747 0.0006701638 0.0010540957 0.0009536228 0.0012990806 0.0018502236 0.0017288543 0.0013740167 0.0011338929 0.0014719468 0.0013970191 0.0012663433 0.002384075 0.0010140351 0.0024670474 0.0010444379 0.0016325002 0.0010705602 0.0020799278 0.0012570412 0.0011876986,
200,128,,,0.004594058 0.004594058 0.004594058 0.004594058 0.004594058 0.004594058 0.004594058 0.004594058 0.004594058 0.004594058 0.004594058 0.004594058 0.004594058 0.004594058 0.004594058 0.004594058 0.004594058 0.004594058 0.004594058 0.004594058 0.004594058 0.004594058 0.004594058 0.004594058 0.004594058 0.004594058 0.004594058 0.004594058 0.004594058 0.004594058 0.004594058 0.004594058 0.004594058 0.004594058 0.004594058 0.004594058 0.004594058 0.004594058 0.004594058 0.004594058 0.004594058 0.004594058 0.004594058 0.004594058 0.004594058 0.004594058 0.004594058 0.004594058 0.004594058 0.004594058 0.004594058 0.004594058 0.004594058 0.004594058 0.004594058 0.004594058 0.004594058 0.004594058 0.004594058 0.004594058 0.004594058 0.004594058 0.004594058 0.004594058 0.004594058 0.004594058 0.004594058 0.004594058 0.004594058 0.004594058 0.004594058 0.004594058 0.004594058 0.004594058 0.004594058 0.004594058 0.004594058 0.004594058 0.004594058 0.004594058 0.004594058 0.004594058 0.004594058 0.004594058 0.004594058 0.004594058 0.004594058 0.004594058 0.004594058 0.004594058 0.004594058 0.004594058 0.004594058 0.004594058 0.004594058 0.004594058 0.004594058 0.004594058 0.004594058 0.004594058 0.004594058 0.004594058 0.004594058 0.004594058 0.004594058 0.004594058 0.004594058 0.004594058 0.004594058 0.004594058 0.004594058 0.004594058 0.004594058 0.004594058 0.004594058 0.004594058 0.004594058 0.004594058 0.004594058 0.004594058 0.004594058 0.004594058 0.004594058 0.004594058 0.004594058 0.004594058 0.004594058 0.004594058,14 14 14 14 15 14 14 14 14 14 14 15 13 14 14 14 14 14 14 13 14 14 14 14 14 14 14 14 14 14 14 15 14 14 14 15 14 14 14 14 13 15 14 14 14 14 14 14 14 14 13 14 14 15 14 14 14 14 14 14 15 15 14 14 14 14 14 14 13 14 15 13 14 14 13 14 14 15 14 14 13 14 15 14 14 14 15 15 13 14 15 14 15 14 13 14 14 14 14 15 14 14 14 14 15 14 14 14 15 14 15 14 14 14 14 14 14 14 14 13 14 13 14 14 14 13 14 14
205,3x3x128x128,0.26981598 0.2661058 0.08569681 0.22322209 0.19687977 0.3873196 0.2703708 0.50100315 0.1679336 0.24172981 0.25036553 0.19197795 0.31342155 0.23904687 0.1326549 0.5579426 0.25682423 0.12522909 0.19579269 0.22447097 0.40369287 0.20283464 0.22078331 0.203553 0.17532691 0.23444273 0.3369604 0.2358877 0.16252288 0.086918734 0.192212 0.14907736 0.26890752 0.10335754 0.2527915 0.15163629 0.16446243 0.15389104 0.18353325 0.12467411 0.20676911 0.17369837 0.11522682 0.27856016 0.25481525 0.27917743 0.22817485 0.39413399 0.19166702 0.5182093 0.16159515 0.09893091 0.1815253 0.1893551 0.19357178 0.17540367 0.17819472 0.2830948 0.1541617 0.13603528 0.2173425 0.2904079 0.12855946 0.19981758 0.25451353 0.15688217 0.1743534 0.18272372 0.14730637 0.5772021 0.19428949 0.3564287 0.24376366 0.19368602 0.111695275 0.10865969 0.2367985 0.2790143 0.13082653 0.18824068 0.2747639 0.18290402 0.23958737 0.17544718 0.41602275 0.16449629 0.16391475 0.16693702 0.26989838 0.24584183 0.16323054 0.24692662 0.16840412 0.29302073 0.27544954 0.18324745 0.21427621 0.18613653 0.16808504 0.14315131 0.11184333 0.18093494 0.25583744 0.28303984 0.29365468 0.24079596 0.25867143 0.20569797 0.18021567 0.21935147 0.45319977 0.17662811 0.17910068 0.2608269 0.21353914 0.2908021 0.22645855 0.31009004 0.19396783 0.18937537 0.6248875 0.27654526 0.1107168 0.2775629 0.2012662 0.29753393 0.20233679 0.14151824,0.26978305 0.26607335 0.085686356 0.22319485 0.19685574 0.38727233 0.27033782 0.500942 0.1679131 0.2417003 0.25033498 0.19195451 0.31338328 0.2390177 0.13263871 0.5578745 0.2567929 0.12521382 0.1957688 0.22444357 0.4036436 0.20280989 0.22075637 0.20352817 0.17530552 0.23441412 0.33691928 0.23585892 0.16250305 0.08690813 0.19218855 0.14905916 0.2688747 0.103344925 0.25276065 0.15161778 0.16444236 0.15387225 0.18351085 0.1246589 0.20674387 0.17367718 0.11521275 0.2785262 0.25478414 0.27914336 0.228147 0.39408588 0.19164363 0.51814604 0.16157542 0.09891883 0.18150316 0.189332 0.19354814 0.17538227 0.17817296 0.28306022 0.1541429 0.13601868 0.21731597 0.29037246 0.12854376 0.1997932 0.25448248 0.15686302 0.17433213 0.18270142 0.14728838 0.5771316 0.19426578 0.35638523 0.2437339 0.19366238 0.11168165 0.10864643 0.23676959 0.27898026 0.13081056 0.18821771 0.27473038 0.1828817 0.23955813 0.17542577 0.415972 0.16447622 0.16389474 0.16691665 0.26986545 0.24581182 0.16321062 0.24689648 0.16838357 0.29298496 0.27541593 0.18322508 0.21425006 0.1861138 0.16806453 0.14313383 0.11182968 0.18091285 0.25580624 0.2830053 0.29361886 0.24076657 0.25863984 0.20567288 0.18019368 0.2193247 0.45314446 0.17660657 0.17907882 0.26079506 0.21351308 0.2907666 0.22643092 0.3100522 0.19394417 0.18935226 0.62481123 0.2765115 0.11070329 0.27752903 0.20124163 0.2974976 0.2023121 0.14150096,0.002124276 0.0020950658 0.0006746957 0.0017574398 0.0015500452 0.0030493883 0.0021286441 0.003944425 0.0013221503 0.001903152 0.0019711417 0.0015114528 0.0024675848 0.0018820291 0.0010443992 0.0043927124 0.0020219914 0.0009859356 0.0015414866 0.0017672722 0.0031782961 0.0015969282 0.0017382391 0.001602584 0.0013803584 0.0018457804 0.0026529077 0.0018571569 0.0012795515 0.000684316 0.0015132957 0.0011736942 0.0021171237 0.00081373955 0.0019902412 0.0011938408 0.0012948217 0.0012115926 0.0014449673 0.0009815661 0.0016279045 0.0013675368 0.00090718706 0.0021931196 0.0020061743 0.0021979793 0.0017964331 0.0031030385 0.001509005 0.00407989 0.0012722474 0.00077888847 0.0014291587 0.0014908031 0.0015240011 0.0013809628 0.0014029366 0.0022288207 0.0012137237 0.0010710132 0.0017111494 0.0022863974 0.0010121557 0.0015731748 0.002003799 0.0012351419 0.0013726939 0.0014385938 0.0011597511 0.0045443433 0.0015296518 0.002806183 0.0019191646 0.0015249006 0.00087938306 0.0008554837 0.0018643275 0.002196695 0.0010300044 0.0014820292 0.0021632314 0.0014400134 0.0018862844 0.0013813053 0.00327537 0.0012950883 0.0012905098 0.0013143043 0.002124925 0.0019355261 0.0012851229 0.0019440667 0.0013258549 0.0023069682 0.0021686293 0.0014427172 0.0016870083 0.0014654631 0.0013233428 0.001127038 0.0008805487 0.0014245106 0.0020142223 0.002228388 0.0023119594 0.0018957998 0.0020365342 0.0016194715 0.0014188478 0.0017269661 0.0035680665 0.0013906029 0.0014100694 0.0020535043 0.0016812054 0.0022895008 0.0017829207 0.0024413557 0.0015271194 0.0014909627 0.0049197734 0.002177256 0.00087167945 0.0021852679 0.0015845797 0.0023425007 0.0015930086 0.0011141808,
206,128,,,0.004430007 0.004430007 0.004430007 0.004430007 0.004430007 0.004430007 0.004430007 0.004430007 0.004430007 0.004430007 0.004430007 0.004430007 0.004430007 0.004430007 0.004430007 0.004430007 0.004430007 0.004430007 0.004430007 0.004430007 0.004430007 0.004430007 0.004430007 0.004430007 0.004430007 0.004430007 0.004430007 0.004430007 0.004430007 0.004430007 0.004430007 0.004430007 0.004430007 0.004430007 0.004430007 0.004430007 0.004430007 0.004430007 0.004430007 0.004430007 0.004430007 0.004430007 0.004430007 0.004430007 0.004430007 0.004430007 0.004430007 0.004430007 0.004430007 0.004430007 0.004430007 0.004430007 0.004430007 0.004430007 0.004430007 0.004430007 0.004430007 0.004430007 0.004430007 0.004430007 0.004430007 0.004430007 0.004430007 0.004430007 0.004430007 0.004430007 0.004430007 0.004430007 0.004430007 0.004430007 0.004430007 0.004430007 0.004430007 0.004430007 0.004430007 0.004430007 0.004430007 0.004430007 0.004430007 0.004430007 0.004430007 0.004430007 0.004430007 0.004430007 0.004430007 0.004430007 0.004430007 0.004430007 0.004430007 0.004430007 0.004430007 0.004430007 0.004430007 0.004430007 0.004430007 0.004430007 0.004430007 0.004430007 0.004430007 0.004430007 0.004430007 0.004430007 0.004430007 0.004430007 0.004430007 0.004430007 0.004430007 0.004430007 0.004430007 0.004430007 0.004430007 0.004430007 0.004430007 0.004430007 0.004430007 0.004430007 0.004430007 0.004430007 0.004430007 0.004430007 0.004430007 0.004430007 0.004430007 0.004430007 0.004430007 0.004430007 0.004430007 0.004430007,13 13 15 14 14 13 13 12 14 14 13 14 13 14 14 12 13 14 14 14 13 14 14 14 14 14 13 14 14 15 14 14 13 15 13 14 14 14 14 14 14 14 15 13 13 13 14 13 14 12 14 15 14 14 14 14 14 13 14 14 14 13 14 14 13 14 14 14 14 12 14 13 14 14 15 15 14 13 14 14 13 14 14 14 13 14 14 14 13 14 14 14 14 13 13 14 14 14 14 14 15 14 13 13 13 14 13 14 14 14 13 14 14 13 14 13 14 13 14 14 12 13 15 13 14 13 14 14
214,3x3x128x128,0.24771966 0.18465291 0.07154092 0.17796355 0.3557799 0.23557104 0.10397983 0.18063773 0.18323536 0.106239304 0.15827088 0.1244302 0.15494964 0.2726495 0.112728216 0.15825169 0.18605977 0.14759614 0.2806919 0.10039295 0.1629491 0.18896954 0.10638536 0.0930402 0.14205727 0.16735502 0.14139548 0.17725056 0.16940054 0.19680144 0.11773455 0.18909636 0.2082309 0.15629035 0.22357413 0.17762145 0.083451115 0.17328076 0.16167974 0.12105553 0.17409174 0.17144533 0.08742404 0.17137305 0.17698704 0.12047403 0.10752738 0.1529175 0.2591077 0.2248299 0.11403186 0.09503448 0.14193377 0.21060953 0.122698344 0.20581733 0.13728398 0.16044267 0.1515162 0.16644096 0.18091404 0.2122456 0.15956375 0.14439988 0.15816967 0.19141117 0.19770187 0.19020948 0.1682562 0.27732572 0.4264931 0.0736353 0.10478666 0.14205506 0.5194638 0.2035228 0.11075018 0.17860572 0.30100995 0.36555156 0.19043148 0.108890906 0.095797576 0.14706403 0.23340593 0.11812088 0.107600585 0.13366354 0.115937494 0.13692163 0.24255854 0.09854666 0.13170473 0.15664999 0.11637064 0.11894707 0.096663706 0.10196655 0.3567214 0.17203204 0.122196965 0.13779084 0.13279143 0.1388947 0.064842284 0.1369991 0.27941447 0.15283264 0.35383493 0.20469849 0.11553546 0.3323458 0.2662578 0.20379333 0.18182041 0.16989943 0.13754262 0.14964195 0.14355554 0.19824679 0.10152728 0.14671557 0.17502725 0.12369954 0.16405031 0.14902173 0.17657927 0.07484223,0.24768943 0.18463036 0.07153219 0.17794184 0.35573646 0.23554228 0.103967145 0.18061568 0.18321301 0.10622634 0.15825157 0.12441502 0.15493073 0.2726162 0.112714455 0.15823238 0.18603706 0.14757812 0.28065762 0.1003807 0.16292922 0.18894649 0.10637238 0.09302884 0.14203992 0.1673346 0.14137822 0.17722894 0.16937986 0.19677742 0.11772018 0.1890733 0.20820548 0.15627128 0.22354685 0.17759979 0.08344093 0.17325962 0.16166002 0.121040754 0.17407049 0.1714244 0.08741337 0.17135215 0.17696545 0.120459326 0.107514255 0.15289883 0.2590761 0.22480245 0.11401794 0.09502289 0.14191644 0.21058382 0.12268337 0.20579222 0.13726722 0.16042309 0.1514977 0.16642065 0.18089198 0.21221969 0.15954427 0.14438227 0.15815036 0.19138782 0.19767775 0.19018626 0.16823566 0.2772919 0.42644104 0.07362632 0.104773864 0.14203772 0.5194004 0.20349796 0.11073667 0.17858392 0.30097324 0.36550695 0.19040824 0.10887762 0.095785886 0.14704607 0.23337746 0.11810646 0.10758745 0.13364723 0.115923345 0.13690491 0.24252895 0.098534636 0.13168867 0.15663087 0.11635644 0.118932545 0.096651904 0.10195411 0.35667786 0.17201105 0.12218206 0.13777404 0.13277523 0.13887776 0.06483437 0.13698238 0.27938038 0.152814 0.35379174 0.2046735 0.11552136 0.33230525 0.26622528 0.20376846 0.18179822 0.16987869 0.13752583 0.14962369 0.14353803 0.1982226 0.10151489 0.14669767 0.17500588 0.12368444 0.1640303 0.14900354 0.17655772 0.074833095,0.0019503104 0.0014537824 0.0005632456 0.0014011168 0.0028010744 0.0018546636 0.00081863895 0.0014221707 0.0014426222 0.00083642785 0.0012460754 0.0009796458 0.001219927 0.0021465842 0.0008875154 0.0012459243 0.0014648588 0.0011620325 0.0022099025 0.0007903992 0.0012829072 0.0014877676 0.0008375778 0.0007325106 0.0011184246 0.0013175952 0.0011132144 0.0013955035 0.0013336997 0.0015494284 0.0009269306 0.001488766 0.0016394132 0.0012304825 0.0017602114 0.0013984236 0.0006570152 0.0013642489 0.0012729135 0.0009530768 0.0013706338 0.0013497984 0.00068829424 0.0013492295 0.0013934287 0.0009484986 0.00084656896 0.0012039278 0.0020399692 0.001770098 0.0008977791 0.0007482117 0.0011174523 0.0016581403 0.0009660108 0.0016204112 0.0010808442 0.0012631739 0.0011928953 0.0013103988 0.0014243462 0.0016710211 0.0012562542 0.0011368683 0.0012452784 0.0015069906 0.0015565177 0.0014975297 0.0013246902 0.0021834008 0.0033578034 0.0005797348 0.00082499103 0.0011184072 0.004089767 0.0016023462 0.00087194226 0.0014061726 0.002369868 0.0028780075 0.0014992775 0.0008573041 0.0007542196 0.0011578432 0.0018376177 0.00092997216 0.0008471453 0.0010523404 0.00091278227 0.0010779914 0.0019096767 0.0007758633 0.0010369186 0.0012333139 0.0009161924 0.00093647675 0.0007610386 0.00080278824 0.002808487 0.0013544176 0.00096206344 0.0010848349 0.0010454743 0.0010935257 0.00051050686 0.0010786015 0.0021998456 0.0012032598 0.0027857618 0.0016116024 0.000909617 0.0026165769 0.002096262 0.0016044761 0.001431482 0.0013376275 0.0010828805 0.0011781394 0.0011302207 0.0015608079 0.00079932983 0.0011550997 0.0013779991 0.0009738933 0.0012915771 0.0011732562 0.0013902183 0.00058923697,
215,128,,,0.0044300067 0.0044300067 0.0044300067 0.0044300067 0.0044300067 0.0044300067 0.0044300067 0.0044300067 0.0044300067 0.0044300067 0.0044300067 0.0044300067 0.0044300067 0.0044300067 0.0044300067 0.0044300067 0.0044300067 0.0044300067 0.0044300067 0.0044300067 0.0044300067 0.0044300067 0.0044300067 0.0044300067 0.0044300067 0.0044300067 0.0044300067 0.0044300067 0.0044300067 0.0044300067 0.0044300067 0.0044300067 0.0044300067 0.0044300067 0.0044300067 0.0044300067 0.0044300067 0.0044300067 0.0044300067 0.0044300067 0.0044300067 0.0044300067 0.0044300067 0.0044300067 0.0044300067 0.0044300067 0.0044300067 0.0044300067 0.0044300067 0.0044300067 0.0044300067 0.0044300067 0.0044300067 0.0044300067 0.0044300067 0.0044300067 0.0044300067 0.0044300067 0.0044300067 0.0044300067 0.0044300067 0.0044300067 0.0044300067 0.0044300067 0.0044300067 0.0044300067 0.0044300067 0.0044300067 0.0044300067 0.0044300067 0.0044300067 0.0044300067 0.0044300067 0.0044300067 0.0044300067 0.0044300067 0.0044300067 0.0044300067 0.0044300067 0.0044300067 0.0044300067 0.0044300067 0.0044300067 0.0044300067 0.0044300067 0.0044300067 0.0044300067 0.0044300067 0.0044300067 0.0044300067 0.0044300067 0.0044300067 0.0044300067 0.0044300067 0.0044300067 0.0044300067 0.0044300067 0.0044300067 0.0044300067 0.0044300067 0.0044300067 0.0044300067 0.0044300067 0.0044300067 0.0044300067 0.0044300067 0.0044300067 0.0044300067 0.0044300067 0.0044300067 0.0044300067 0.0044300067 0.0044300067 0.0044300067 0.0044300067 0.0044300067 0.0044300067 0.0044300067 0.0044300067 0.0044300067 0.0044300067 0.0044300067 0.0044300067 0.0044300067 0.0044300067 0.0044300067 0.0044300067 0.0044300067,13 14 15 14 13 14 15 14 14 15 14 14 14 13 15 14 14 14 13 15 14 14 15 15 14 14 14 14 14 14 15 14 14 14 14 14 15 14 14 15 14 14 15 14 14 15 15 14 13 14 15 15 14 14 15 14 14 14 14 14 14 14 14 14 14 14 14 14 14 13 13 15 15 14 12 14 15 14 13 13 14 15 15 14 14 15 15 14 15 14 14 15 14 14 15 15 15 15 13 14 15 14 14 14 15 14 13 14 13 14 15 13 13 14 14 14 14 14 14 14 15 14 14 15 14 14 14 15
220,3x3x128x128,0.10968174 0.73464507 0.13578388 0.14638993 0.094660446 0.22367917 0.10525954 0.35548818 0.09048116 0.17480226 0.13903177 0.16851139 0.253802 0.13020012 0.075428426 0.51438445 0.20659168 0.18028443 0.15459095 0.12173898 0.3603408 0.13351552 0.20367306 0.23051225 0.10335903 0.10440996 0.24400698 0.19642541 0.12613878 0.13734832 0.10001355 0.1064513 0.18202296 0.14938201 0.18416111 0.2242269 0.14579438 0.0835916 0.15534432 0.082696795 0.13858297 0.10399107 0.09244294 0.13943887 0.11876254 0.12643012 0.13787104 0.11919696 0.117784545 0.30423284 0.17857105 0.0976701 0.13397086 0.12422479 0.12991884 0.23282062 0.07712209 0.16781737 0.11782179 0.1347793 0.132221 0.11382284 0.2348431 0.086129315 0.11650912 0.06687854 0.20207943 0.1111717 0.0934464 0.09105146 0.17160174 0.119090304 0.12493205 0.08277427 0.10778446 0.10005895 0.16184643 0.14305273 0.13953502 0.20430921 0.16030093 0.10735632 0.15447406 0.11324724 0.18391284 0.14635737 0.111260206 0.09540462 0.1514937 0.18194722 0.13997033 0.15879144 0.15385741 0.16558684 0.12624201 0.11705785 0.13176946 0.08235852 0.10962202 0.17200226 0.10904085 0.08216919 0.08207653 0.21335122 0.14322333 0.11500936 0.12407335 0.091249175 0.14853203 0.16458327 0.17227843 0.09635704 0.15003285 0.11534245 0.1896785 0.21017662 0.13383466 0.2947101 0.13167065 0.11731384 0.3100947 0.15409666 0.15577881 0.21115777 0.13146569 0.17524767 0.13088791 0.15118888,0.10966836 0.7345554 0.13576731 0.14637206 0.0946489 0.22365187 0.10524669 0.35544482 0.09047012 0.17478094 0.13901481 0.16849083 0.253771 0.13018422 0.075419225 0.5143217 0.20656647 0.18026243 0.15457208 0.12172412 0.36029685 0.13349922 0.20364821 0.23048411 0.103346415 0.10439722 0.24397719 0.19640145 0.12612338 0.13733156 0.10000134 0.10643832 0.18200074 0.14936377 0.18413863 0.22419953 0.14577658 0.0835814 0.15532535 0.08268671 0.13856606 0.10397837 0.09243166 0.13942185 0.11874804 0.12641469 0.13785422 0.11918241 0.117770165 0.3041957 0.17854924 0.09765818 0.13395451 0.12420963 0.12990299 0.2327922 0.077112675 0.16779688 0.11780741 0.13476285 0.13220486 0.113808945 0.23481444 0.0861188 0.116494894 0.06687038 0.20205477 0.11115813 0.093435 0.09104034 0.17158079 0.119075775 0.1249168 0.08276416 0.10777131 0.10004674 0.16182669 0.14303528 0.139518 0.20428427 0.16028136 0.10734321 0.15445521 0.11323342 0.1838904 0.14633952 0.11124662 0.09539298 0.15147522 0.18192501 0.13995324 0.15877207 0.15383863 0.16556664 0.1262266 0.11704356 0.13175339 0.082348466 0.10960864 0.17198128 0.10902754 0.08215916 0.082066506 0.21332517 0.14320585 0.11499532 0.1240582 0.091238044 0.1485139 0.16456318 0.17225741 0.096345276 0.15001453 0.11532837 0.18965535 0.21015096 0.13381833 0.29467413 0.13165458 0.11729953 0.31005687 0.15407786 0.1557598 0.21113199 0.13144965 0.17522627 0.13087194 0.15117043,0.0008635304 0.005783901 0.001069034 0.0011525359 0.0007452669 0.0017610383 0.0008287141 0.002798778 0.00071236317 0.0013762278 0.0010946048 0.0013266994 0.0019981968 0.0010250725 0.00059385214 0.004049777 0.0016265076 0.0014193893 0.001217103 0.00095845765 0.002836983 0.001051175 0.0016035292 0.0018148356 0.0008137513 0.00082202535 0.0019210803 0.0015464681 0.0009930976 0.0010813508 0.00078741217 0.00083809695 0.0014330767 0.0011760927 0.0014499105 0.0017653507 0.0011478472 0.0006581213 0.0012230342 0.00065107644 0.0010910714 0.00081872736 0.00072780834 0.0010978099 0.00093502394 0.0009953913 0.0010854662 0.00093844417 0.0009273241 0.0023952418 0.0014058995 0.000768962 0.00105476 0.0009780285 0.0010228582 0.0018330094 0.0006071864 0.0013212353 0.0009276174 0.0010611248 0.0010409831 0.0008961334 0.0018489326 0.0006781008 0.00091728265 0.0005265384 0.0015909824 0.0008752609 0.0007357086 0.0007168531 0.0013510298 0.0009376045 0.0009835969 0.00065168634 0.00084859296 0.0007877696 0.0012742259 0.001126262 0.0010985669 0.0016085375 0.0012620579 0.00084522215 0.0012161828 0.0008916017 0.001447956 0.0011522797 0.00087595766 0.0007511258 0.0011927183 0.0014324804 0.0011019941 0.0012501738 0.0012113278 0.0013036743 0.0009939102 0.0009216028 0.0010374283 0.00064841314 0.0008630602 0.0013541833 0.0008584846 0.0006469225 0.000646193 0.0016797257 0.0011276051 0.000905475 0.0009768362 0.0007184098 0.0011694008 0.0012957731 0.0013563576 0.0007586242 0.0011812168 0.0009080974 0.0014933492 0.0016547319 0.0010536877 0.0023202687 0.0010366502 0.0009236183 0.0024413927 0.0012132114 0.0012264551 0.0016624567 0.0010350366 0.0013797344 0.0010304877 0.0011903184,
221,128,,,0.0040013506 0.0040013506 0.0040013506 0.0040013506 0.0040013506 0.0040013506 0.0040013506 0.0040013506 0.0040013506 0.0040013506 0.0040013506 0.0040013506 0.0040013506 0.0040013506 0.0040013506 0.0040013506 0.0040013506 0.0040013506 0.0040013506 0.0040013506 0.0040013506 0.0040013506 0.0040013506 0.0040013506 0.0040013506 0.0040013506 0.0040013506 0.0040013506 0.0040013506 0.0040013506 0.0040013506 0.0040013506 0.0040013506 0.0040013506 0.0040013506 0.0040013506 0.0040013506 0.0040013506 0.0040013506 0.0040013506 0.0040013506 0.0040013506 0.0040013506 0.0040013506 0.0040013506 0.0040013506 0.0040013506 0.0040013506 0.0040013506 0.0040013506 0.0040013506 0.0040013506 0.0040013506 0.0040013506 0.0040013506 0.0040013506 0.0040013506 0.0040013506 0.0040013506 0.0040013506 0.0040013506 0.0040013506 0.0040013506 0.0040013506 0.0040013506 0.0040013506 0.0040013506 0.0040013506 0.0040013506 0.0040013506 0.0040013506 0.0040013506 0.0040013506 0.0040013506 0.0040013506 0.0040013506 0.0040013506 0.0040013506 0.0040013506 0.0040013506 0.0040013506 0.0040013506 0.0040013506 0.0040013506 0.0040013506 0.0040013506 0.0040013506 0.0040013506 0.0040013506 0.0040013506 0.0040013506 0.0040013506 0.0040013506 0.0040013506 0.0040013506 0.0040013506 0.0040013506 0.0040013506 0.0040013506 0.0040013506 0.0040013506 0.0040013506 0.0040013506 0.0040013506 0.0040013506 0.0040013506 0.0040013506 0.0040013506 0.0040013506 0.0040013506 0.0040013506 0.0040013506 0.0040013506 0.0040013506 0.0040013506 0.0040013506 0.0040013506 0.0040013506 0.0040013506 0.0040013506 0.0040013506 0.0040013506 0.0040013506 0.0040013506 0.0040013506 0.0040013506 0.0040013506 0.0040013506,15 12 14 14 15 14 15 13 15 14 14 14 13 14 15 12 14 14 14 15 13 14 14 14 15 15 14 14 14 14 15 15 14 14 14 14 14 15 14 15 14 15 15 14 15 14 14 15 15 13 14 15 14 14 14 14 15 14 15 14 14 15 14 15 15 15 14 15 15 15 14 15 14 15 15 15 14 14 14 14 14 15 14 15 14 14 15 15 14 14 14 14 14 14 14 15 14 15 15 14 15 15 15 14 14 15 14 15 14 14 14 15 14 15 14 14 14 13 14 15 13 14 14 14 14 14 14 14
229,1x1x256x128,0.33349374 0.38836232 0.31395245 0.51589894 0.31671336 0.32660004 0.30531362 0.42037892 0.46240035 0.55955595 0.46464294 0.47285005 0.44532064 0.36688566 0.44184545 0.44420677 0.40817446 0.4353637 0.47933903 0.43249118 0.6937838 0.39604312 0.4183461 0.38614765 0.40004212 0.33527553 0.36284325 0.31695753 1.1918522 0.46101072 0.4877228 0.3582219 0.25589538 0.38550583 0.28692093 0.42961594 0.5025346 0.3243959 0.35117775 0.34477475 0.39337212 0.6355765 0.38555905 0.4504588 0.3177253 0.45552292 0.4285215 0.40784416 0.30370337 0.2909522 0.30629665 0.40204713 0.31307 0.43188107 0.381599 0.41006988 0.40726057 0.47403678 0.34225377 0.56258625 0.34652996 0.36767793 0.3995707 0.33745018 0.44211012 0.34274474 0.37903368 0.6002886 0.3592383 0.56493676 0.4304267 0.36113408 0.4552339 0.3481917 0.49570975 0.43041816 0.42654625 0.37681976 0.33409813 0.36559075 0.47472188 0.5187281 0.34844628 0.5902675 0.40932116 0.41415304 0.38459483 0.56290305 0.35245758 0.34856692 0.53591305 0.41117477 0.55264103 0.28696835 0.43048978 0.50094616 0.39750776 0.30559367 0.41386214 0.3158279 0.36417535 0.36370146 0.62106824 0.38715878 0.569875 0.48948804 0.4339011 0.45042858 0.37308878 0.6807247 0.33022624 0.35322127 0.42707357 0.43363398 0.29788086 0.40102246 0.31549147 0.31370685 0.34805515 0.4207711 0.43895513 0.91449934 0.30644637 0.34170616 0.3340528 0.5008556 0.41916388 0.35873577,0.33345306 0.3883149 0.31391415 0.51583594 0.3166747 0.32656017 0.30527633 0.4203276 0.46234393 0.5594877 0.46458626 0.47279233 0.4452663 0.36684087 0.4417915 0.44415256 0.40812463 0.43531057 0.47928053 0.4324384 0.6936992 0.39599478 0.41829506 0.3861005 0.3999933 0.3352346 0.36279896 0.31691885 1.1917068 0.46095446 0.4876633 0.35817817 0.25586414 0.3854588 0.28688592 0.4295635 0.5024733 0.3243563 0.3511349 0.34473267 0.3933241 0.6354989 0.385512 0.45040384 0.31768653 0.4554673 0.4284692 0.4077944 0.30366632 0.29091668 0.30625924 0.40199804 0.3130318 0.43182838 0.38155246 0.41001984 0.4072109 0.47397894 0.34221202 0.5625176 0.34648767 0.36763307 0.39952195 0.337409 0.44205615 0.34270293 0.37898743 0.6002154 0.35919446 0.56486785 0.43037418 0.36109 0.45517835 0.3481492 0.49564925 0.43036565 0.4264942 0.37677377 0.33405736 0.36554614 0.47466394 0.5186648 0.34840375 0.5901955 0.4092712 0.4141025 0.3845479 0.5628344 0.35241455 0.34852436 0.5358476 0.4111246 0.5525736 0.28693333 0.43043724 0.50088507 0.39745924 0.30555636 0.41381162 0.31578934 0.36413088 0.36365706 0.6209925 0.3871115 0.56980544 0.48942828 0.43384814 0.45037362 0.37304324 0.6806416 0.33018592 0.35317814 0.42702144 0.43358108 0.2978445 0.40097353 0.31545296 0.31366858 0.34801266 0.42071974 0.43890157 0.9143877 0.30640897 0.34166443 0.33401203 0.50079453 0.4191127 0.358692,0.0026256146 0.0030575977 0.002471765 0.0040617003 0.0024935016 0.00257134 0.0024037506 0.0033096662 0.0036405034 0.004405415 0.0036581594 0.0037227743 0.003506034 0.0028885107 0.0034786733 0.0034972643 0.0032135798 0.0034276424 0.0037738625 0.0034050269 0.005462198 0.0031180691 0.0032936619 0.0030401614 0.0031495534 0.0026396427 0.0028566846 0.0024954241 0.009383518 0.0036295627 0.0038398686 0.0028203006 0.0020146782 0.0030351086 0.0022589443 0.0033823897 0.0039564827 0.0025539866 0.0027648418 0.0027144304 0.00309704 0.005003928 0.0030355274 0.0035464868 0.0025014686 0.0035863568 0.0033737733 0.0032109795 0.0023910734 0.0022906826 0.00241149 0.003165339 0.0024648174 0.0034002236 0.00300435 0.0032285028 0.0032063848 0.0037321176 0.0026945828 0.0044292724 0.0027282494 0.0028947487 0.003145842 0.0026567637 0.0034807571 0.0026984483 0.002984153 0.0047261054 0.0028283028 0.004447778 0.003388773 0.0028432284 0.0035840815 0.0027413324 0.00390275 0.003388706 0.003358222 0.0029667227 0.002630373 0.002878316 0.0037375113 0.0040839748 0.0027433366 0.0046472084 0.003222608 0.0032606495 0.0030279362 0.004431767 0.0027749178 0.0027442863 0.0042192726 0.0032372014 0.0043509733 0.0022593176 0.0033892696 0.003943977 0.0031296003 0.0024059555 0.0032583592 0.0024865302 0.0028671722 0.0028634414 0.0048897048 0.0030481222 0.004486657 0.003853766 0.003416127 0.003546249 0.0029373483 0.005359383 0.0025998892 0.0027809304 0.0033623737 0.0034140244 0.0023452323 0.0031572718 0.0024838815 0.0024698314 0.0027402572 0.003312754 0.0034559178 0.007199903 0.0024126691 0.0026902712 0.002630016 0.003943264 0.0033001 0.0028243463,
230,128,,,0.005168222 0.005168222 0.005168222 0.005168222 0.005168222 0.005168222 0.005168222 0.005168222 0.005168222 0.005168222 0.005168222 0.005168222 0.005168222 0.005168222 0.005168222 0.005168222 0.005168222 0.005168222 0.005168222 0.005168222 0.005168222 0.005168222 0.005168222 0.005168222 0.005168222 0.005168222 0.005168222 0.005168222 0.005168222 0.005168222 0.005168222 0.005168222 0.005168222 0.005168222 0.005168222 0.005168222 0.005168222 0.005168222 0.005168222 0.005168222 0.005168222 0.005168222 0.005168222 0.005168222 0.005168222 0.005168222 0.005168222 0.005168222 0.005168222 0.005168222 0.005168222 0.005168222 0.005168222 0.005168222 0.005168222 0.005168222 0.005168222 0.005168222 0.005168222 0.005168222 0.005168222 0.005168222 0.005168222 0.005168222 0.005168222 0.005168222 0.005168222 0.005168222 0.005168222 0.005168222 0.005168222 0.005168222 0.005168222 0.005168222 0.005168222 0.005168222 0.005168222 0.005168222 0.005168222 0.005168222 0.005168222 0.005168222 0.005168222 0.005168222 0.005168222 0.005168222 0.005168222 0.005168222 0.005168222 0.005168222 0.005168222 0.005168222 0.005168222 0.005168222 0.005168222 0.005168222 0.005168222 0.005168222 0.005168222 0.005168222 0.005168222 0.005168222 0.005168222 0.005168222 0.005168222 0.005168222 0.005168222 0.005168222 0.005168222 0.005168222 0.005168222 0.005168222 0.005168222 0.005168222 0.005168222 0.005168222 0.005168222 0.005168222 0.005168222 0.005168222 0.005168222 0.005168222 0.005168222 0.005168222 0.005168222 0.005168222 0.005168222 0.005168222,15 15 15 14 15 15 15 15 15 14 15 15 15 15 15 15 15 15 15 15 14 15 15 15 15 15 15 15 13 15 15 15 15 15 15 15 14 15 15 15 15 14 15 15 15 15 15 15 15 15 15 15 15 15 15 15 15 15 15 14 15 15 15 15 15 15 15 14 15 14 15 15 15 15 14 15 15 15 15 15 15 14 15 14 15 15 15 14 15 15 14 15 14 15 15 14 15 15 15 15 15 15 14 15 14 15 15 15 15 14 15 15 15 15 15 15 15 15 15 15 15 14 15 15 15 14 15 15
238,1x1x256x256,0.3612273 0.39202502 0.3632268 0.60969776 0.32956874 0.30421093 0.26637793 0.39598307 0.5949673 0.34811112 0.24429676 0.26595774 0.30746248 0.37047407 0.30058137 0.23135576 0.33207002 0.4156627 0.33317146 0.48809507 0.40776524 0.39359108 0.27540734 0.3611876 0.37950173 0.42271528 0.5228862 0.4005902 0.28385723 0.5644 0.26645058 0.4166018 0.5525814 0.33536398 0.29422873 0.7628527 0.5085182 0.25498927 0.3770067 0.3292166 0.26192692 0.37929434 0.36735666 0.5560159 0.6010277 0.34531152 0.23716073 0.5674485 0.41172892 0.32754916 0.24191764 0.2897024 0.63047296 0.40873617 0.34091386 0.33475208 0.40312645 0.43716243 0.62314695 0.31225374 0.2056866 0.23767763 0.63081264 0.44930375 0.27811664 0.39510113 0.5218525 0.30553666 0.2800474 0.30616182 0.3673059 0.56244 0.3922629 0.7057161 0.2852823 0.24453358 0.2517353 0.5985073 0.2431696 0.30327258 0.42858538 0.31227934 0.36887625 0.5531613 0.42595276 0.32094452 0.4140748 0.30213284 0.32614958 0.4303267 0.30895573 0.31967258 0.20841345 0.41141063 0.80190927 0.34230807 0.36203787 0.43118432 0.51924247 0.3485765 0.55968666 0.35495922 0.31944492 0.96688664 0.55177766 0.8727421 0.38457876 0.36706 0.69979477 0.4633636 0.433517 0.31634083 0.640407 0.2903846 0.34770396 0.8224772 0.38664746 0.877487 0.30170667 0.29818588 0.26503578 0.5247904 0.75466627 0.34676978 0.38179398 0.31046647 0.3714519 0.39075682 0.5125484 0.27706224 0.5234499 0.31543204 0.5324538 0.29330245 0.52441937 0.35666963 0.29935265 0.31872335 0.39476797 0.28778833 0.24803479 0.30156046 0.38069925 0.30297428 0.78327346 0.5886111 0.9996653 0.28917047 0.4118071 0.3544703 0.32765803 0.5572001 0.31603274 0.46126962 0.67921966 0.4701245 0.35086715 0.35412672 0.31864062 0.2727815 0.2386324 0.5048718 0.6926109 0.333035 0.5292811 0.3494163 0.38512805 0.36412728 0.49266776 0.27884898 0.43849286 0.39610916 0.32577577 0.31322354 0.32509255 0.79878604 0.30222848 0.5663693 0.37742266 0.43175122 0.3213192 0.33076733 0.44650626 0.28657553 0.29962647 0.40389553 0.4854582 0.30333576 0.53954685 0.69587755 0.5280473 0.30685714 0.33544225 0.2911703 0.3938264 0.31958824 0.67422813 0.6217242 0.38892728 0.28454444 0.33222148 0.26273426 0.34546134 0.39558214 0.45310536 0.2621676 0.3425804 0.33772644 0.44061932 0.32875517 0.5380943 0.3296742 0.3475968 0.40047058 0.24916436 0.3304615 0.67184997 0.5458806 0.8905768 0.37648112 0.4953148 0.4012642 0.3508853 0.37025928 0.40873227 0.46375376 0.48935488 0.30898148 0.34667894 0.46258083 0.7186356 0.2876381 0.3339556 0.36573917 0.32573384 0.32206917 0.30681685 0.30239218 0.38116825 0.5359323 0.44287744 0.4003738 0.6541017 0.28466222 0.25666553 0.41481432 0.40100148 0.46168596 0.27277064 0.3952605 0.39890304 0.33186993 0.47660884 0.28420195 0.29615214 0.2987402,0.36118323 0.39197716 0.36318246 0.6096233 0.32952854 0.30417383 0.2663454 0.39593476 0.5948947 0.34806865 0.24426694 0.2659253 0.30742496 0.37042886 0.30054468 0.23132752 0.3320295 0.41561198 0.33313078 0.48803553 0.40771547 0.39354303 0.27537373 0.36114353 0.37945542 0.4226637 0.52282244 0.4005413 0.28382257 0.5643312 0.26641807 0.41655096 0.55251396 0.33532304 0.29419282 0.7627596 0.5084562 0.25495815 0.3769607 0.32917643 0.26189497 0.37924805 0.3673118 0.555948 0.6009544 0.34526938 0.23713177 0.56737924 0.41167867 0.32750916 0.2418881 0.289667 0.630396 0.40868628 0.34087226 0.33471122 0.40307724 0.43710908 0.6230709 0.31221566 0.2056615 0.23764864 0.6307357 0.4492489 0.2780827 0.3950529 0.5217888 0.30549937 0.2800132 0.30612448 0.36726108 0.5623714 0.392215 0.70562994 0.2852475 0.24450375 0.25170457 0.5984342 0.24313994 0.30323556 0.42853308 0.31224123 0.36883125 0.55309385 0.42590076 0.32090533 0.4140243 0.30209598 0.3261098 0.4302742 0.30891803 0.31963357 0.20838802 0.41136044 0.8018114 0.3422663 0.3619937 0.43113172 0.5191791 0.34853393 0.55961835 0.35491592 0.31940594 0.9667687 0.5517103 0.8726356 0.38453183 0.3670152 0.69970936 0.46330702 0.43346408 0.3163022 0.6403289 0.29034916 0.34766153 0.82237685 0.38660026 0.87737995 0.30166984 0.2981495 0.2650034 0.5247264 0.7545742 0.34672746 0.38174736 0.31042856 0.37140658 0.39070913 0.5124858 0.27702844 0.523386 0.31539357 0.5323888 0.29326665 0.5243554 0.35662612 0.2993161 0.31868446 0.3947198 0.2877532 0.24800451 0.30152366 0.3806528 0.30293733 0.78317785 0.5885393 0.9995433 0.2891352 0.4117568 0.35442707 0.32761803 0.55713207 0.31599417 0.46121332 0.6791368 0.47006714 0.35082433 0.3540835 0.31860173 0.2727482 0.23860326 0.5048102 0.6925264 0.33299434 0.5292165 0.34937364 0.38508105 0.36408284 0.49260762 0.27881494 0.43843937 0.39606082 0.32573602 0.31318533 0.32505286 0.7986886 0.30219162 0.5663002 0.37737662 0.43169853 0.32127997 0.33072695 0.44645175 0.28654057 0.2995899 0.40384623 0.48539895 0.30329874 0.53948104 0.6957926 0.5279829 0.3068197 0.33540133 0.29113474 0.39377835 0.31954926 0.6741458 0.6216483 0.38887984 0.28450972 0.33218092 0.2627022 0.3454192 0.39553386 0.45305005 0.26213562 0.3425386 0.33768523 0.44056553 0.32871503 0.53802866 0.32963398 0.34755436 0.4004217 0.24913396 0.33042118 0.671768 0.54581404 0.89046806 0.3764352 0.49525434 0.40121523 0.35084248 0.3702141 0.40868238 0.46369717 0.48929515 0.30894375 0.34663665 0.46252435 0.7185479 0.287603 0.33391485 0.36569455 0.32569408 0.32202986 0.30677938 0.30235526 0.38112172 0.53586686 0.4428234 0.40032494 0.65402186 0.2846275 0.2566342 0.41476372 0.40095255 0.46162963 0.27273735 0.3952123 0.39885437 0.33182943 0.4765507 0.28416726 0.29611602 0.29870373,0.0028439625 0.0030864344 0.0028597044 0.0048001837 0.002594713 0.0023950695 0.002097208 0.0031175965 0.0046842103 0.0027406982 0.0019233618 0.0020939 0.002420669 0.0029167626 0.0023664935 0.0018214765 0.0026144055 0.0032725353 0.002623077 0.0038427995 0.003210358 0.003098764 0.002168297 0.0028436498 0.002987838 0.0033280605 0.004116712 0.0031538685 0.0022348233 0.0044435523 0.0020977801 0.0032799288 0.0043505034 0.0026403388 0.0023164789 0.0060059815 0.004003592 0.0020075445 0.0029681944 0.0025919403 0.0020621652 0.002986205 0.002892219 0.0043775435 0.0047319247 0.0027186566 0.0018671793 0.004467553 0.0032415644 0.0025788124 0.0019046308 0.0022808425 0.004963748 0.0032180022 0.0026840335 0.0026355213 0.0031738365 0.0034418039 0.00490607 0.002458391 0.001619382 0.001871249 0.004966423 0.003537393 0.0021896276 0.0031106528 0.004108573 0.0024055068 0.0022048284 0.002410429 0.0028918195 0.0044281213 0.003088307 0.0055561415 0.0022460434 0.0019252264 0.0019819257 0.0047120806 0.0019144877 0.0023876815 0.0033742762 0.0024585924 0.002904183 0.0043550697 0.0033535492 0.0025268137 0.003260034 0.0023787085 0.0025677937 0.0033879858 0.0024324255 0.0025167998 0.0016408506 0.0032390587 0.006313476 0.0026950103 0.0028503442 0.003394738 0.0040880246 0.0027443615 0.004406444 0.0027946136 0.0025150075 0.007612352 0.0043441756 0.0068711466 0.0030278096 0.0028898835 0.0055095223 0.0036480867 0.003413103 0.0024905687 0.0050419597 0.002286214 0.0027374923 0.006475408 0.0030440965 0.0069085034 0.0023753531 0.002347634 0.002086641 0.0041317036 0.005941529 0.0027301374 0.0030058848 0.0024443194 0.0029244614 0.00307645 0.004035321 0.0021813263 0.0041211494 0.002483414 0.004192038 0.0023091862 0.0041287825 0.0028080798 0.0023568198 0.0025093264 0.00310803 0.0022657732 0.0019527915 0.002374202 0.0029972661 0.0023853334 0.0061667548 0.0046341675 0.00787042 0.002276655 0.0032421795 0.0027907644 0.0025796695 0.0043868665 0.002488143 0.0036316009 0.005347534 0.0037013162 0.0027623964 0.0027880592 0.002508675 0.0021476236 0.0018787659 0.0039748834 0.005452964 0.0026220027 0.0041670594 0.0027509735 0.0030321344 0.0028667941 0.0038788002 0.0021953932 0.0034522784 0.003118589 0.0025648505 0.0024660262 0.0025594714 0.0062888865 0.0023794614 0.004459057 0.0029714694 0.003399201 0.0025297636 0.0026041493 0.003515368 0.0022562249 0.0023589756 0.0031798915 0.0038220389 0.002388179 0.0042478824 0.005478682 0.0041573457 0.0024159031 0.0026409554 0.0022923995 0.0031006169 0.002516136 0.0053082346 0.0048948685 0.003062046 0.002240234 0.0026155978 0.0020685212 0.0027198363 0.0031144398 0.0035673233 0.00206406 0.0026971542 0.0026589388 0.00346902 0.0025883073 0.004236446 0.0025955432 0.0027366485 0.003152927 0.0019616848 0.0026017416 0.0052895118 0.004297748 0.0070115593 0.0029640566 0.0038996404 0.003159175 0.002762539 0.0029150718 0.0032179714 0.003651159 0.0038527178 0.0024326278 0.0027294224 0.0036419241 0.0056578573 0.0022645905 0.0026292508 0.0028794846 0.0025645203 0.0025356682 0.0024155858 0.0023807501 0.0030009584 0.004219424 0.0034867986 0.0031521649 0.0051497784 0.0022411614 0.0020207418 0.003265856 0.0031571067 0.003634879 0.0021475381 0.0031119077 0.0031405857 0.0026128301 0.0037523678 0.0022375374 0.0023316222 0.002351998,
239,256,,,0.0045940573 0.0045940573 0.0045940573 0.0045940573 0.0045940573 0.0045940573 0.0045940573 0.0045940573 0.0045940573 0.0045940573 0.0045940573 0.0045940573 0.0045940573 0.0045940573 0.0045940573 0.0045940573 0.0045940573 0.0045940573 0.0045940573 0.0045940573 0.0045940573 0.0045940573 0.0045940573 0.0045940573 0.0045940573 0.0045940573 0.0045940573 0.0045940573 0.0045940573 0.0045940573 0.0045940573 0.0045940573 0.0045940573 0.0045940573 0.0045940573 0.0045940573 0.0045940573 0.0045940573 0.0045940573 0.0045940573 0.0045940573 0.0045940573 0.0045940573 0.0045940573 0.0045940573 0.0045940573 0.0045940573 0.0045940573 0.0045940573 0.0045940573 0.0045940573 0.0045940573 0.0045940573 0.0045940573 0.0045940573 0.0045940573 0.0045940573 0.0045940573 0.0045940573 0.0045940573 0.0045940573 0.0045940573 0.0045940573 0.0045940573 0.0045940573 0.0045940573 0.0045940573 0.0045940573 0.0045940573 0.0045940573 0.0045940573 0.0045940573 0.0045940573 0.0045940573 0.0045940573 0.0045940573 0.0045940573 0.0045940573 0.0045940573 0.0045940573 0.0045940573 0.0045940573 0.0045940573 0.0045940573 0.0045940573 0.0045940573 0.0045940573 0.0045940573 0.0045940573 0.0045940573 0.0045940573 0.0045940573 0.0045940573 0.0045940573 0.0045940573 0.0045940573 0.0045940573 0.0045940573 0.0045940573 0.0045940573 0.0045940573 0.0045940573 0.0045940573 0.0045940573 0.0045940573 0.0045940573 0.0045940573 0.0045940573 0.0045940573 0.0045940573 0.0045940573 0.0045940573 0.0045940573 0.0045940573 0.0045940573 0.0045940573 0.0045940573 0.0045940573 0.0045940573 0.0045940573 0.0045940573 0.0045940573 0.0045940573 0.0045940573 0.0045940573 0.0045940573 0.0045940573 0.0045940573 0.0045940573 0.0045940573 0.0045940573 0.0045940573 0.0045940573 0.0045940573 0.0045940573 0.0045940573 0.0045940573 0.0045940573 0.0045940573 0.0045940573 0.0045940573 0.0045940573 0.0045940573 0.0045940573 0.0045940573 0.0045940573 0.0045940573 0.0045940573 0.0045940573 0.0045940573 0.0045940573 0.0045940573 0.0045940573 0.0045940573 0.0045940573 0.0045940573 0.0045940573 0.0045940573 0.0045940573 0.0045940573 0.0045940573 0.0045940573 0.0045940573 0.0045940573 0.0045940573 0.0045940573 0.0045940573 0.0045940573 0.0045940573 0.0045940573 0.0045940573 0.0045940573 0.0045940573 0.0045940573 0.0045940573 0.0045940573 0.0045940573 0.0045940573 0.0045940573 0.0045940573 0.0045940573 0.0045940573 0.0045940573 0.0045940573 0.0045940573 0.0045940573 0.0045940573 0.0045940573 0.0045940573 0.0045940573 0.0045940573 0.0045940573 0.0045940573 0.0045940573 0.0045940573 0.0045940573 0.0045940573 0.0045940573 0.0045940573 0.0045940573 0.0045940573 0.0045940573 0.0045940573 0.0045940573 0.0045940573 0.0045940573 0.0045940573 0.0045940573 0.0045940573 0.0045940573 0.0045940573 0.0045940573 0.0045940573 0.0045940573 0.0045940573 0.0045940573 0.0045940573 0.0045940573 0.0045940573 0.0045940573 0.0045940573 0.0045940573 0.0045940573 0.0045940573 0.0045940573 0.0045940573 0.0045940573 0.0045940573 0.0045940573 0.0045940573 0.0045940573 0.0045940573 0.0045940573 0.0045940573 0.0045940573 0.0045940573 0.0045940573 0.0045940573 0.0045940573 0.0045940573 0.0045940573 0.0045940573 0.0045940573 0.0045940573 0.0045940573 0.0045940573 0.0045940573 0.0045940573 0.0045940573 0.0045940573 0.0045940573 0.0045940573 0.0045940573 0.0045940573 0.0045940573 0.0045940573,15 15 15 14 15 15 15 15 14 15 16 15 15 15 15 16 15 15 15 15 15 15 15 15 15 15 14 15 15 14 15 15 14 15 15 14 14 15 15 15 15 15 15 14 14 15 16 14 15 15 16 15 14 15 15 15 15 15 14 15 16 16 14 15 15 15 14 15 15 15 15 14 15 14 15 16 15 14 16 15 15 15 15 14 15 15 15 15 15 15 15 15 16 15 14 15 15 15 14 15 14 15 15 14 14 14 15 15 14 15 15 15 14 15 15 14 15 14 15 15 15 14 14 15 15 15 15 15 14 15 14 15 14 15 14 15 15 15 15 15 15 15 15 15 14 14 13 15 15 15 15 14 15 15 14 15 15 15 15 15 16 14 14 15 14 15 15 15 15 15 15 15 15 15 15 14 15 14 15 15 15 15 15 15 15 15 15 15 14 14 14 15 15 15 15 15 14 14 15 15 15 15 15 15 15 15 15 15 15 15 14 15 15 15 15 15 14 14 14 15 14 15 15 15 15 15 15 15 15 15 14 15 15 15 15 15 15 15 15 14 15 15 14 15 15 15 15 15 15 15 15 15 15 15 15 15
248,1x1x768x512,0.14165294 0.16859394 0.15117466 0.3786224 0.14726467 0.21786256 0.24727556 0.62792665 1.0660659 0.28880686 0.15169126 0.100427516 0.15717952 0.1651119 0.17016077 0.23100953 0.1755399 0.11279962 0.13330734 0.15617481 0.17753357 0.1423921 0.22116405 0.14683907 0.16903861 0.15450469 0.2455853 0.22345734 0.22964934 0.17029245 0.09735315 0.17513601 0.20799932 0.13353832 0.27428788 0.22394605 0.16042963 0.17646275 0.4196499 0.1325731 0.36441907 0.23531936 0.35483345 0.18994497 0.38666642 0.40637812 0.1388783 0.28610954 0.11575129 0.17469987 0.15243903 0.15882765 0.1245859 0.21271369 0.134817 0.29005405 0.18138441 0.18002607 0.15912667 0.15714256 0.31950483 0.3050692 0.14903659 0.18922484 0.18769662 0.18627451 0.13318373 0.25108817 0.25482765 0.13658603 0.25115854 0.20881853 0.13780463 0.24850836 0.20963755 0.081660174 0.102710694 0.17150305 0.25197238 0.26500586 0.17429842 0.30632785 0.20834337 0.3274852 0.14031586 0.16776395 0.16274321 0.3003184 0.14336401 0.2534404 0.15899742 0.12261106 0.14756335 0.14179808 0.30361375 0.17500192 0.25744683 0.39124903 0.18877503 0.170752 0.15557204 0.23120467 0.45922396 0.11082089 0.19115253 0.17294781 0.13287725 0.23061338 0.51666546 0.24510518 0.18618397 0.15428896 0.24820617 0.2714319 0.18512553 0.1906123 0.3341368 0.20460975 0.28583652 0.19157954 0.16402948 0.2011616 0.19956823 0.20066331 0.18459943 0.22423807 0.13824844 0.23422617 0.28242043 0.27410993 0.091674745 0.11231637 0.18372135 0.25569543 0.17662469 0.16086996 0.16203794 0.15485954 0.15193835 0.1893613 0.10881043 0.2166983 0.24509887 0.23041043 0.15941907 0.14020659 0.18176807 0.16517282 0.20432995 0.27193266 0.39747608 0.15531059 0.1988171 0.23098938 0.3647978 0.36648455 0.27684614 0.23408377 0.2194374 0.09659531 0.30683297 0.13814877 0.21086468 0.16521357 0.11828843 0.23933421 0.5193665 0.28195933 0.27226177 0.20573193 0.18349907 0.17335528 0.21338557 0.12847306 0.14105792 0.18350637 0.13199987 0.18306878 0.1155864 0.08305928 0.15240791 0.11545754 0.17410475 0.15039651 0.13422358 0.10564192 0.2782873 0.13543066 0.2402271 0.13640678 0.18675981 0.25846803 0.16831793 0.22469392 0.12500954 0.12175328 0.14828719 0.14470613 0.15218553 0.12173059 0.21220012 0.1364014 0.16166334 0.15567893 0.44635123 0.12641628 0.12327495 0.16320576 0.21918876 0.23508619 0.10861469 0.17350674 0.26884148 0.17586493 0.25381362 0.22731385 0.15364166 0.15488166 0.16663587 0.11155991 0.12999728 0.18970215 0.18543927 0.1442511 0.16179733 0.12323117 0.11822003 0.27097338 0.1542357 0.25598055 0.17680258 0.16250212 0.17637257 0.1997471 0.12570304 0.30702844 0.2372871 0.15507327 0.40252277 0.14631061 0.19039783 0.310742 0.35378096 0.20944257 0.24727803 0.33246678 0.2584371 0.19747941 0.24914108 0.17253308 0.13310365 0.21855514 0.23777626 0.19586158 0.16912974 0.14846925 0.12914181 0.10424624 0.17600963 0.1541944 0.26956692 0.16745615 0.115559146 0.17854235 0.12972882 0.42489848 0.62086356 0.3507299 0.20818879 0.20872277 0.15055092 0.32498166 0.19666557 0.09726189 0.1131413 0.19929059 0.18067078 0.2292674 0.14056909 0.25170323 0.2629852 0.21991713 0.1352236 0.16514188 0.19189936 0.34661877 0.15645678 0.12374259 0.16952914 0.13560677 0.5820125 0.3401179 0.21402754 0.16595928 0.25389588 0.16245994 0.17042051 0.29436442 0.30813482 0.25029776 0.19473049 0.32670784 0.11046358 0.17076237 0.17190127 0.23655665 0.15639348 0.20078394 0.1145352 0.425082 0.21740077 0.1556565 0.3005154 0.18533611 0.17364857 0.25693402 0.14753146 0.12349315 0.2546953 0.2035797 0.27061534 0.17854469 0.12560719 0.23077665 0.32370663 0.22682472 0.26725817 0.3338059 0.17116174 0.13405198 0.16413859 0.11198667 0.15404122 0.15671694 0.0883454 0.22348881 0.34713042 0.25453207 0.15939692 0.21447502 0.226805 0.21208113 0.4785799 0.14279407 0.18446894 0.1637354 0.20549054 0.14989187 0.21077792 0.13588753 0.53398335 0.26339382 0.112191245 0.24512613 0.3491029 0.16210698 0.5096084 0.14246866 0.3477384 0.35533044 0.13264723 0.089820825 0.13449876 0.15535231 0.2223931 0.13630167 0.19635563 0.22384718 0.14201547 0.20573 0.16742544 0.12199188 0.10779253 0.18374416 0.24165644 0.11225033 0.31449646 0.25950283 0.09206463 0.110187784 0.13549238 0.17303337 0.110059686 0.117511936 0.24294248 0.1432916 0.16022569 0.22546914 0.25670552 0.49270788 0.19360605 0.1491744 0.23230356 0.23129942 0.15807857 0.13766585 0.7145744 0.17166346 0.14064556 0.188499 0.13060763 0.13211459 0.09434647 0.1755021 0.121890895 0.19117084 0.17891937 0.19380027 0.2727757 0.23272075 0.22276552 0.27496442 0.391535 0.30532786 0.20183802 0.4343693 0.12673844 0.21621034 0.1264408 0.26238063 0.095199056 0.23979314 0.14068036 0.40438575 0.18330465 0.20435755 0.22840503 0.15116863 0.1762748 0.29835498 0.18456319 0.17383265 0.15141807 0.17965224 0.10870734 0.16456614 0.16502132 0.18214361 0.14353232 0.14934741 0.106010035 0.12796007 0.2858494 0.18744816 0.10174275 0.39025682 0.16655254 0.1515126 0.17479163 0.12579927 0.18180415 0.15703422 0.16091213 0.2302341 0.25615782 0.12248065 0.12950985 0.23297468 0.22200167 0.17970617 0.41441596 0.30469406 0.16258428 0.19943568 0.23010136 0.13118196 0.2709597 0.20111361 0.19117777 0.11397689 0.15046087 0.20928302 0.1067141 0.31826368 0.14695515 0.35611892 0.12594707 0.1383756 0.1143254 0.13439889 0.19001675 0.10044778 0.08696889 0.15541665 0.1146191 0.27958813 0.3177429 0.12698145 0.19599713 0.87976104 0.1551802 0.16244099 0.14549935 0.10947627 0.39644852 0.18205932 0.3721944 0.14128838 0.13118936 0.2329152 0.3084187 0.27257153 0.196601 0.15119356 0.15492938 0.1686504 0.13317756 0.15682293 0.27610603 0.24296044 0.22457016 0.26665395,0.14163566 0.16857336 0.15115622 0.3785762 0.1472467 0.21783596 0.24724539 0.25510958 0.33319438 0.28877163 0.15167274 0.10041526 0.15716033 0.16509174 0.17014001 0.23098134 0.17551848 0.11278586 0.13329107 0.15615575 0.1775119 0.14237472 0.22113705 0.14682116 0.16901797 0.15448582 0.24555531 0.22343007 0.2296213 0.17027168 0.09734128 0.17511463 0.20797394 0.13352203 0.2742544 0.22391872 0.16041005 0.17644122 0.41959867 0.13255692 0.36437458 0.23529063 0.35479015 0.1899218 0.3866192 0.40632853 0.13886134 0.28607464 0.11573716 0.17467855 0.15242042 0.15880826 0.1245707 0.21268773 0.13480055 0.29001865 0.18136229 0.18000409 0.15910725 0.15712339 0.31946582 0.30503196 0.1490184 0.18920174 0.18767372 0.18625179 0.13316748 0.25105754 0.25479656 0.13656937 0.25112787 0.20879304 0.13778782 0.24847803 0.20961197 0.08165021 0.102698155 0.17148213 0.25194162 0.26497352 0.17427716 0.30629045 0.20831794 0.32744524 0.14029874 0.16774347 0.16272335 0.30028173 0.14334652 0.25340948 0.15897802 0.12259609 0.14754535 0.14178076 0.30357668 0.17498055 0.2574154 0.3912013 0.188752 0.17073116 0.15555306 0.23117647 0.45916793 0.11080737 0.19112921 0.1729267 0.13286102 0.23058525 0.5166024 0.24507526 0.18616125 0.15427014 0.24817587 0.27139878 0.18510294 0.19058904 0.334096 0.20458478 0.28580165 0.19155616 0.16400945 0.20113705 0.19954386 0.20063882 0.1845769 0.22421071 0.13823156 0.23419757 0.28238598 0.27407646 0.09166356 0.11230267 0.18369894 0.25566423 0.17660314 0.16085033 0.16201816 0.15484063 0.1519198 0.18933819 0.10879715 0.21667185 0.24506895 0.23038231 0.15939963 0.14018947 0.1817459 0.16515265 0.20430501 0.2718995 0.3974276 0.15529163 0.19879283 0.23096119 0.36475328 0.36643982 0.27681237 0.2340552 0.21941063 0.09658352 0.3067955 0.1381319 0.21083894 0.16519341 0.118273996 0.239305 0.5193031 0.28192493 0.27222854 0.20570682 0.18347667 0.17333412 0.21335953 0.12845738 0.1410407 0.18348397 0.13198376 0.18304643 0.11557229 0.08304915 0.15238932 0.11544345 0.1740835 0.15037817 0.13420719 0.10562902 0.27825335 0.13541414 0.24019778 0.13639013 0.18673703 0.25843647 0.1682974 0.2246665 0.124994285 0.12173842 0.14826909 0.14468847 0.15216695 0.12171573 0.21217422 0.13638476 0.16164361 0.15565993 0.44629675 0.12640084 0.12325991 0.16318585 0.21916202 0.23505749 0.108601436 0.17348556 0.26880866 0.17584346 0.25378263 0.22728612 0.1536229 0.15486275 0.16661555 0.11154629 0.12998143 0.18967901 0.18541665 0.14423348 0.16177759 0.12321614 0.1182056 0.27094033 0.15421689 0.25594932 0.176781 0.16248229 0.17635104 0.19972272 0.1256877 0.30699095 0.23725814 0.15505435 0.40247363 0.14629275 0.19037458 0.31070405 0.3537378 0.209417 0.24724786 0.3324262 0.25840554 0.1974553 0.24911067 0.17251202 0.13308741 0.21852846 0.23774724 0.19583768 0.1691091 0.14845113 0.12912606 0.10423352 0.17598815 0.15417558 0.26953402 0.1674357 0.11554504 0.17852055 0.12971298 0.42484662 0.6207878 0.35068712 0.20816338 0.20869729 0.15053254 0.324942 0.19664158 0.09725002 0.113127485 0.19926627 0.18064874 0.22923943 0.14055192 0.25167254 0.2629531 0.2198903 0.13520709 0.16512173 0.19187595 0.34657645 0.15643768 0.123727486 0.16950844 0.13559023 0.5819415 0.3400764 0.21400142 0.16593903 0.2538649 0.16244012 0.17039973 0.29432848 0.3080972 0.2502672 0.19470672 0.32666796 0.1104501 0.17074154 0.17188029 0.23652777 0.1563744 0.20075943 0.11452122 0.42503014 0.21737425 0.1556375 0.30047876 0.1853135 0.17362738 0.25690266 0.14751345 0.12347808 0.2546642 0.20355484 0.27058232 0.17852288 0.12559187 0.23074849 0.32366714 0.22679704 0.26722553 0.33376515 0.17114085 0.13403562 0.16411854 0.111972995 0.15402243 0.15669782 0.08833462 0.22346152 0.34708804 0.254501 0.15937746 0.21444885 0.22677733 0.21205525 0.4785215 0.14277664 0.18444642 0.16371542 0.20546547 0.14987358 0.21075219 0.13587095 0.53391814 0.2633617 0.11217756 0.24509622 0.34906033 0.1620872 0.50954616 0.14245127 0.34769595 0.35528708 0.13263103 0.08980986 0.13448235 0.15533334 0.22236595 0.13628502 0.19633166 0.22381985 0.14199814 0.2057049 0.16740501 0.121976994 0.107779376 0.18372174 0.24162695 0.112236634 0.31445807 0.25947118 0.09205339 0.110174336 0.13547586 0.17301226 0.11004625 0.11749759 0.24291284 0.14327411 0.16020614 0.22544163 0.2566742 0.49264777 0.19358243 0.14915621 0.23227522 0.23127118 0.15805928 0.13764904 0.7144872 0.17164251 0.1406284 0.188476 0.1305917 0.13209847 0.09433495 0.17548068 0.12187602 0.19114752 0.17889753 0.19377662 0.27274242 0.23269235 0.22273833 0.27493086 0.3914872 0.30529058 0.20181338 0.4343163 0.12672298 0.21618395 0.12642537 0.2623486 0.09518743 0.23976387 0.14066319 0.4043364 0.18328227 0.20433262 0.22837716 0.15115018 0.1762533 0.29831856 0.18454067 0.17381145 0.1513996 0.17963031 0.10869408 0.16454606 0.16500118 0.18212138 0.14351481 0.14932919 0.10599709 0.12794445 0.28581452 0.18742529 0.10173034 0.3902092 0.16653222 0.1514941 0.17477031 0.1257839 0.18178196 0.15701506 0.16089249 0.23020601 0.25612655 0.12246571 0.12949406 0.23294625 0.22197458 0.17968424 0.41436538 0.3046569 0.16256444 0.19941133 0.23007329 0.13116594 0.27092665 0.20108907 0.19115445 0.11396298 0.1504425 0.20925748 0.106701076 0.31822482 0.14693722 0.35607544 0.12593171 0.1383587 0.11431145 0.1343825 0.18999356 0.10043552 0.08695828 0.15539768 0.11460511 0.279554 0.31770414 0.12696595 0.19597322 0.27496558 0.15516126 0.16242115 0.1454816 0.10946291 0.39640012 0.1820371 0.372149 0.14127114 0.13117334 0.23288678 0.30838105 0.27253827 0.19657701 0.1511751 0.15491048 0.16862983 0.13316132 0.15680379 0.27607235 0.24293078 0.22454275 0.2666214,0.0011152414 0.0013273493 0.0011902064 0.002980915 0.0011594229 0.0017152438 0.001946814 0.0020087368 0.0026235778 0.0022737924 0.0011942735 0.0007906713 0.0012374829 0.0012999349 0.0013396852 0.0018187506 0.0013820353 0.00088807766 0.0010495359 0.0012295728 0.0013977315 0.0011210608 0.0017412365 0.0011560721 0.0013308502 0.0012164238 0.0019335063 0.0017592919 0.0018080418 0.0013407219 0.0007664667 0.0013788553 0.0016375901 0.0010513546 0.0021594835 0.0017631395 0.0012630712 0.0013893009 0.0033039264 0.0010437552 0.0028690912 0.0018526821 0.0027936231 0.0014954472 0.0030442458 0.0031994372 0.0010933965 0.0022525562 0.00091131625 0.0013754216 0.0012001607 0.0012504588 0.0009808716 0.0016747066 0.0010614217 0.0022836113 0.0014280495 0.001417355 0.001252813 0.0012371921 0.0025154788 0.0024018264 0.0011733733 0.0014897775 0.0014777458 0.0014665495 0.0010485628 0.001976831 0.002006272 0.0010753493 0.0019773848 0.0016440398 0.0010849434 0.00195652 0.0016504879 0.0006429151 0.0008086469 0.001350253 0.0019837923 0.0020864056 0.0013722611 0.0024117357 0.0016402988 0.002578309 0.0011047145 0.0013208147 0.0012812862 0.0023644231 0.0011287128 0.0019953502 0.0012517954 0.0009653236 0.0011617744 0.0011163839 0.0023903674 0.0013777997 0.002026893 0.0030803252 0.0014862362 0.0013443398 0.0012248273 0.0018202871 0.0036154955 0.00087249896 0.0015049544 0.0013616275 0.0010461498 0.0018156319 0.0040677353 0.0019297265 0.0014658367 0.0012147255 0.0019541408 0.0021369983 0.0014575034 0.0015007011 0.0026306773 0.0016109038 0.0022504067 0.0015083161 0.001291413 0.0015837563 0.0015712115 0.0015798332 0.0014533614 0.0017654387 0.0010884375 0.0018440754 0.0022235117 0.0021580823 0.0007217603 0.000884273 0.0014464484 0.0020131043 0.0013905759 0.001266538 0.0012757336 0.0012192175 0.0011962189 0.0014908519 0.00085667043 0.0017060776 0.0019296767 0.001814034 0.0012551151 0.001103854 0.00143107 0.0013004146 0.0016087008 0.0021409409 0.0031293512 0.0012227688 0.0015652978 0.0018185921 0.002872073 0.0028853528 0.002179625 0.0018429544 0.0017276427 0.0007605002 0.0024157127 0.0010876528 0.0016601492 0.0013007355 0.0009312913 0.0018842914 0.0040890006 0.0022198814 0.0021435318 0.0016197388 0.0014446982 0.0013648357 0.0016799964 0.0010114755 0.0011105567 0.0014447557 0.0010392421 0.0014413105 0.00091001805 0.0006539303 0.0011999159 0.00090900355 0.0013707363 0.00118408 0.0010567495 0.00083172455 0.0021909713 0.001066253 0.001891321 0.0010739381 0.0014703703 0.0020349328 0.0013251763 0.0017690276 0.000984207 0.0009585702 0.0011674732 0.0011392793 0.0011981649 0.0009583916 0.0016706631 0.0010738957 0.0012727843 0.0012256687 0.0035141476 0.0009952822 0.00097055046 0.001284928 0.0017256852 0.0018508463 0.00085512944 0.0013660281 0.0021166035 0.0013845942 0.0019982883 0.0017896545 0.0012096291 0.0012193917 0.0013119334 0.0008783173 0.0010234758 0.0014935355 0.0014599736 0.0011356967 0.0012738393 0.0009702058 0.0009307528 0.0021333885 0.0012143062 0.002015349 0.0013919764 0.0012793881 0.0013885909 0.0015726199 0.0009896669 0.0024172517 0.0018681743 0.0012209003 0.0031690837 0.0011519113 0.0014990125 0.0024464887 0.002785337 0.0016489527 0.0019468336 0.0026175291 0.0020346893 0.0015547662 0.0019615013 0.0013583624 0.0010479324 0.0017206966 0.0018720255 0.001542029 0.0013315678 0.0011689066 0.0010167406 0.00082073634 0.0013857335 0.001213981 0.002122315 0.0013183914 0.0009098035 0.0014056736 0.001021362 0.003345249 0.004888093 0.0027613158 0.0016390817 0.0016432857 0.0011852956 0.0025585983 0.0015483589 0.0007657482 0.0008907676 0.0015690258 0.0014224311 0.0018050349 0.0011067081 0.0019816735 0.0020704968 0.0017314197 0.0010646228 0.0013001711 0.0015108342 0.0027289484 0.0012317927 0.00097423216 0.0013347121 0.0010676396 0.0045822165 0.0026777668 0.0016850505 0.0013066066 0.0019989363 0.0012790561 0.0013417301 0.002317547 0.0024259624 0.001970608 0.0015331238 0.0025721886 0.0008696858 0.0013444216 0.0013533881 0.0018624234 0.0012312945 0.0015807829 0.0009017419 0.003346694 0.0017116083 0.0012254921 0.0023659745 0.0014591614 0.0013671448 0.0020228557 0.0011615233 0.00097226835 0.00200523 0.001602794 0.0021305694 0.001405692 0.0009889124 0.0018169172 0.00254856 0.0017858035 0.002104138 0.002628072 0.0013475658 0.0010553986 0.001292272 0.00088167714 0.001212775 0.0012338412 0.0006955482 0.0017595396 0.0027329766 0.0020039447 0.0012549406 0.0016885736 0.0017856483 0.0016697263 0.0037678857 0.0011242254 0.001452334 0.0012890978 0.0016178383 0.001180107 0.0016594661 0.0010698499 0.00420408 0.002073714 0.00088328787 0.0019298915 0.0027485066 0.0012762772 0.0040121744 0.0011216636 0.0027377633 0.002797536 0.0010443388 0.00070716423 0.0010589162 0.0012230972 0.001750913 0.0010731104 0.0015459186 0.001762361 0.0011180956 0.0016197236 0.0013181497 0.00096044876 0.0008486565 0.0014466279 0.0019025744 0.000883753 0.0024760477 0.00204308 0.00072482985 0.00086751446 0.0010667391 0.0013623012 0.0008665059 0.0009251779 0.0019126995 0.0011281426 0.0012614657 0.001775131 0.0020210566 0.0038791164 0.0015242711 0.0011744584 0.0018289387 0.0018210328 0.0012445613 0.0010838507 0.0056258836 0.0013515159 0.0011073102 0.001484063 0.0010282812 0.0010401454 0.0007427949 0.0013817376 0.00095965376 0.0015050985 0.0014086419 0.0015258002 0.0021475782 0.0018322231 0.0017538451 0.00216481 0.0030825764 0.0024038628 0.0015890817 0.0034198135 0.0009978187 0.0017022358 0.0009954753 0.002065737 0.00074950734 0.0018879045 0.0011075842 0.0031837511 0.0014431674 0.0016089183 0.0017982454 0.0011901589 0.0013878213 0.002348965 0.0014530761 0.0013685941 0.0011921228 0.0014144119 0.00085585885 0.0012956383 0.0012992219 0.0014340266 0.0011300379 0.0011758204 0.00083462277 0.0010074367 0.0022505082 0.0014757897 0.0008010263 0.0030725133 0.0013112773 0.0011928669 0.0013761441 0.0009904244 0.0014313541 0.001236339 0.00126687 0.0018126458 0.0020167446 0.0009642969 0.0010196383 0.0018342225 0.0017478314 0.0014148365 0.0032627196 0.0023988732 0.001280035 0.001570168 0.0018116006 0.0010328026 0.0021332807 0.0015833785 0.0015051531 0.0008973463 0.0011845866 0.0016476967 0.00084016594 0.0025057073 0.001156986 0.0028037436 0.0009915882 0.0010894386 0.00090009015 0.00105813 0.0014960123 0.0007908309 0.00068471086 0.0012236038 0.0009024024 0.0022012126 0.0025016074 0.000999732 0.0015430962 0.0021650833 0.0012217422 0.0012789067 0.0011455244 0.0008619127 0.0031212608 0.001433363 0.002930307 0.0011123712 0.001032861 0.0018337541 0.0024281973 0.0021459707 0.0015478504 0.001190355 0.0012197675 0.0013277939 0.0010485144 0.0012346755 0.0021737982 0.0019128409 0.0017680532 0.0020993813,
249,512,,,0.004277269 0.004277269 0.004277269 0.004277269 0.004277269 0.004277269 0.004277269 0.004277269 0.004277269 0.004277269 0.004277269 0.004277269 0.004277269 0.004277269 0.004277269 0.004277269 0.004277269 0.004277269 0.004277269 0.004277269 0.004277269 0.004277269 0.004277269 0.004277269 0.004277269 0.004277269 0.004277269 0.004277269 0.004277269 0.004277269 0.004277269 0.004277269 0.004277269 0.004277269 0.004277269 0.004277269 0.004277269 0.004277269 0.004277269 0.004277269 0.004277269 0.004277269 0.004277269 0.004277269 0.004277269 0.004277269 0.004277269 0.004277269 0.004277269 0.004277269 0.004277269 0.004277269 0.004277269 0.004277269 0.004277269 0.004277269 0.004277269 0.004277269 0.004277269 0.004277269 0.004277269 0.004277269 0.004277269 0.004277269 0.004277269 0.004277269 0.004277269 0.004277269 0.004277269 0.004277269 0.004277269 0.004277269 0.004277269 0.004277269 0.004277269 0.004277269 0.004277269 0.004277269 0.004277269 0.004277269 0.004277269 0.004277269 0.004277269 0.004277269 0.004277269 0.004277269 0.004277269 0.004277269 0.004277269 0.004277269 0.004277269 0.004277269 0.004277269 0.004277269 0.004277269 0.004277269 0.004277269 0.004277269 0.004277269 0.004277269 0.004277269 0.004277269 0.004277269 0.004277269 0.004277269 0.004277269 0.004277269 0.004277269 0.004277269 0.004277269 0.004277269 0.004277269 0.004277269 0.004277269 0.004277269 0.004277269 0.004277269 0.004277269 0.004277269 0.004277269 0.004277269 0.004277269 0.004277269 0.004277269 0.004277269 0.004277269 0.004277269 0.004277269 0.004277269 0.004277269 0.004277269 0.004277269 0.004277269 0.004277269 0.004277269 0.004277269 0.004277269 0.004277269 0.004277269 0.004277269 0.004277269 0.004277269 0.004277269 0.004277269 0.004277269 0.004277269 0.004277269 0.004277269 0.004277269 0.004277269 0.004277269 0.004277269 0.004277269 0.004277269 0.004277269 0.004277269 0.004277269 0.004277269 0.004277269 0.004277269 0.004277269 0.004277269 0.004277269 0.004277269 0.004277269 0.004277269 0.004277269 0.004277269 0.004277269 0.004277269 0.004277269 0.004277269 0.004277269 0.004277269 0.004277269 0.004277269 0.004277269 0.004277269 0.004277269 0.004277269 0.004277269 0.004277269 0.004277269 0.004277269 0.004277269 0.004277269 0.004277269 0.004277269 0.004277269 0.004277269 0.004277269 0.004277269 0.004277269 0.004277269 0.004277269 0.004277269 0.004277269 0.004277269 0.004277269 0.004277269 0.004277269 0.004277269 0.004277269 0.004277269 0.004277269 0.004277269 0.004277269 0.004277269 0.004277269 0.004277269 0.004277269 0.004277269 0.004277269 0.004277269 0.004277269 0.004277269 0.004277269 0.004277269 0.004277269 0.004277269 0.004277269 0.004277269 0.004277269 0.004277269 0.004277269 0.004277269 0.004277269 0.004277269 0.004277269 0.004277269 0.004277269 0.004277269 0.004277269 0.004277269 0.004277269 0.004277269 0.004277269 0.004277269 0.004277269 0.004277269 0.004277269 0.004277269 0.004277269 0.004277269 0.004277269 0.004277269 0.004277269 0.004277269 0.004277269 0.004277269 0.004277269 0.004277269 0.004277269 0.004277269 0.004277269 0.004277269 0.004277269 0.004277269 0.004277269 0.004277269 0.004277269 0.004277269 0.004277269 0.004277269 0.004277269 0.004277269 0.004277269 0.004277269 0.004277269 0.004277269 0.004277269 0.004277269 0.004277269 0.004277269 0.004277269 0.004277269 0.004277269 0.004277269 0.004277269 0.004277269 0.004277269 0.004277269 0.004277269 0.004277269 0.004277269 0.004277269 0.004277269 0.004277269 0.004277269 0.004277269 0.004277269 0.004277269 0.004277269 0.004277269 0.004277269 0.004277269 0.004277269 0.004277269 0.004277269 0.004277269 0.004277269 0.004277269 0.004277269 0.004277269 0.004277269 0.004277269 0.004277269 0.004277269 0.004277269 0.004277269 0.004277269 0.004277269 0.004277269 0.004277269 0.004277269 0.004277269 0.004277269 0.004277269 0.004277269 0.004277269 0.004277269 0.004277269 0.004277269 0.004277269 0.004277269 0.004277269 0.004277269 0.004277269 0.004277269 0.004277269 0.004277269 0.004277269 0.004277269 0.004277269 0.004277269 0.004277269 0.004277269 0.004277269 0.004277269 0.004277269 0.004277269 0.004277269 0.004277269 0.004277269 0.004277269 0.004277269 0.004277269 0.004277269 0.004277269 0.004277269 0.004277269 0.004277269 0.004277269 0.004277269 0.004277269 0.004277269 0.004277269 0.004277269 0.004277269 0.004277269 0.004277269 0.004277269 0.004277269 0.004277269 0.004277269 0.004277269 0.004277269 0.004277269 0.004277269 0.004277269 0.004277269 0.004277269 0.004277269 0.004277269 0.004277269 0.004277269 0.004277269 0.004277269 0.004277269 0.004277269 0.004277269 0.004277269 0.004277269 0.004277269 0.004277269 0.004277269 0.004277269 0.004277269 0.004277269 0.004277269 0.004277269 0.004277269 0.004277269 0.004277269 0.004277269 0.004277269 0.004277269 0.004277269 0.004277269 0.004277269 0.004277269 0.004277269 0.004277269 0.004277269 0.004277269 0.004277269 0.004277269 0.004277269 0.004277269 0.004277269 0.004277269 0.004277269 0.004277269 0.004277269 0.004277269 0.004277269 0.004277269 0.004277269 0.004277269 0.004277269 0.004277269 0.004277269 0.004277269 0.004277269 0.004277269 0.004277269 0.004277269 0.004277269 0.004277269 0.004277269 0.004277269 0.004277269 0.004277269 0.004277269 0.004277269 0.004277269 0.004277269 0.004277269 0.004277269 0.004277269 0.004277269 0.004277269 0.004277269 0.004277269 0.004277269 0.004277269 0.004277269 0.004277269 0.004277269 0.004277269 0.004277269 0.004277269 0.004277269 0.004277269 0.004277269 0.004277269 0.004277269 0.004277269 0.004277269 0.004277269 0.004277269 0.004277269 0.004277269 0.004277269 0.004277269 0.004277269 0.004277269 0.004277269 0.004277269 0.004277269 0.004277269 0.004277269 0.004277269 0.004277269 0.004277269 0.004277269 0.004277269 0.004277269 0.004277269 0.004277269 0.004277269 0.004277269 0.004277269 0.004277269 0.004277269 0.004277269 0.004277269 0.004277269 0.004277269 0.004277269 0.004277269 0.004277269 0.004277269 0.004277269 0.004277269 0.004277269 0.004277269 0.004277269 0.004277269 0.004277269 0.004277269 0.004277269 0.004277269 0.004277269 0.004277269 0.004277269 0.004277269 0.004277269 0.004277269 0.004277269 0.004277269 0.004277269,14 14 14 13 14 14 14 13 13 13 14 15 14 14 14 14 14 15 14 14 14 14 14 14 14 14 14 14 14 14 15 14 14 14 13 14 14 14 13 14 13 14 13 14 13 13 14 13 15 14 14 14 14 14 14 13 14 14 14 14 13 13 14 14 14 14 14 13 13 14 13 14 14 13 14 15 15 14 13 13 14 13 14 13 14 14 14 13 14 13 14 15 14 14 13 14 13 13 14 14 14 14 13 15 14 14 14 14 12 14 14 14 13 13 14 14 13 14 13 14 14 14 14 14 14 14 14 14 13 13 15 15 14 13 14 14 14 14 14 14 15 14 14 14 14 14 14 14 14 13 13 14 14 14 13 13 13 14 14 15 13 14 14 14 15 14 12 13 13 14 14 14 14 14 14 14 14 14 15 15 14 15 14 14 14 15 13 14 14 14 14 13 14 14 14 15 14 14 14 15 14 14 14 14 13 14 15 14 14 14 15 14 13 14 13 14 14 14 14 15 14 14 14 14 14 15 15 13 14 13 14 14 14 14 14 13 14 14 13 14 14 13 13 14 14 13 13 14 13 14 14 14 14 14 14 14 14 15 14 14 13 14 15 14 14 13 12 13 14 14 14 13 14 15 15 14 14 14 14 13 13 14 14 14 14 13 14 15 14 14 12 13 14 14 13 14 14 13 13 13 14 13 15 14 14 14 14 14 15 13 14 14 13 14 14 13 14 15 13 14 13 14 14 14 13 14 13 13 14 14 14 15 14 14 15 14 13 13 14 14 14 14 13 14 14 14 14 14 14 14 12 13 15 14 13 14 12 14 13 13 14 15 14 14 14 14 14 14 14 14 14 15 15 14 14 15 13 13 15 15 14 14 15 15 14 14 14 14 13 13 14 14 14 14 14 14 12 14 14 14 14 14 15 14 15 14 14 14 13 14 14 13 13 13 14 13 14 14 14 13 15 14 14 13 14 14 14 14 14 13 14 14 14 14 15 14 14 14 14 14 15 14 13 14 15 13 14 14 14 14 14 14 14 14 13 15 14 14 14 14 13 13 14 14 14 14 13 14 14 15 14 14 15 13 14 13 14 14 15 14 14 15 15 14 15 13 13 14 14 13 14 14 14 15 13 14 13 14 14 14 13 13 14 14 14 14 14 14 13 14 14 13
254,1x1x512x256,0.21247727 0.17563014 0.19407365 0.16750598 0.18651472 0.23628928 0.23515226 0.22397843 0.3659623 0.29812297 0.2432928 0.20588127 0.3447421 0.3286132 0.6696658 0.16449097 0.10075565 0.1849355 0.17178985 0.18097481 0.699612 0.18318184 0.1937844 0.16908273 0.3660694 0.22942014 0.19527824 0.2651878 0.18091643 0.20680238 0.21398316 0.19166094 0.27434424 0.24028729 0.23857756 0.18675955 0.2085398 0.2019488 0.23919624 0.21884769 0.1779899 0.3039546 0.29125965 0.20530812 0.22925366 0.27161178 0.25558352 0.22505923 0.18474677 0.20820375 0.2880016 0.20645043 0.21887545 0.3143912 0.70808154 0.2456877 0.20841432 0.17268877 0.18422599 0.34207076 0.1909845 0.19665475 0.32569936 0.23250109 0.44217488 0.19720154 0.6263668 0.21803044 0.20621538 0.36786976 0.32645807 0.27472305 0.28716043 0.24793579 0.21533251 0.19906421 0.37018543 0.19732407 0.19359481 0.37499997 0.22205786 0.35629725 0.23729421 0.2480388 0.59636253 0.19777265 0.167484 0.20433483 0.1805705 0.14217262 0.29575187 0.22551447 0.5637448 0.16637528 0.2792389 0.24314748 0.2125772 0.29729238 0.22905414 0.224134 0.51352566 0.17634653 0.1889488 0.7091409 0.19916579 0.23525058 0.23368149 0.19681194 0.20993303 0.20124899 0.16859668 0.1777691 0.1639972 0.32693905 0.2048166 0.1873281 0.22527632 0.3165176 0.19050588 0.36865476 0.20297539 0.1842334 0.17545453 0.20048206 0.18238163 0.1848014 0.17131187 0.24365245 0.2364745 0.16547593 0.34605864 0.23564593 0.15961954 0.14672515 0.18879299 0.347058 0.23376612 0.62406445 0.25657257 0.22145128 0.16447951 0.19250977 0.24850835 0.35571772 0.3377909 0.61369234 0.22804478 0.18873577 0.17707764 0.24385174 0.22939928 0.3039305 0.21994013 0.34547788 0.2698422 0.2017173 0.24965927 0.19684155 0.20308658 0.34194362 0.37105516 0.27453583 0.8136816 0.53560746 0.22150992 0.20762055 0.42083472 0.19093987 0.23675387 0.20939815 0.1697692 0.25883922 0.29375714 0.7820815 0.6011825 0.17470121 0.18920618 0.17896226 0.19392718 0.3453914 0.92272353 0.28922534 0.19990553 0.22478205 0.31980363 0.2550855 0.70235735 0.2773803 0.20009004 0.27970207 0.2394243 0.23509452 0.22227474 0.19842148 0.18271156 0.24291202 0.33188173 0.22748506 0.22739667 0.19993013 0.20109008 0.22808728 0.22166212 0.32177457 0.8101288 0.5033374 0.20701772 0.20032062 0.33678973 0.2791737 0.22333458 0.20303382 0.23178257 0.18581365 0.19580224 0.2682535 0.21266238 0.22096798 0.21382588 0.22511168 0.20147963 0.18800047 0.2544048 0.5211864 0.26152283 0.17535734 0.22897047 0.1939968 0.17971167 0.20134586 0.32329673 0.23970136 0.22887361 0.3565567 0.23072095 0.18260862 0.23436762 0.20721056 0.23645043 0.19755907 0.19828087 0.16803682 0.23691575 0.23828587 0.24794312 0.41226834 0.25027066 0.17047606 0.351545 0.24532457 0.20902526 0.21562482 0.18863548 0.17679983 0.24296282 0.16594404,0.21245134 0.1756087 0.19404995 0.16748554 0.18649197 0.23626044 0.23512356 0.22395109 0.36591765 0.29808658 0.24326311 0.20585614 0.34470004 0.3285731 0.6695841 0.1644709 0.100743346 0.18491293 0.17176889 0.18095273 0.6995266 0.18315947 0.19376075 0.1690621 0.36602473 0.22939214 0.1952544 0.26515543 0.18089436 0.20677716 0.21395706 0.19163756 0.27431074 0.24025796 0.23854844 0.18673676 0.20851435 0.20192416 0.23916705 0.21882097 0.17796819 0.30391753 0.29122412 0.20528306 0.2292257 0.2715786 0.25555235 0.22503176 0.18472423 0.20817834 0.28796643 0.20642523 0.21884875 0.3143528 0.7079951 0.24565771 0.20838888 0.17266768 0.1842035 0.342029 0.1909612 0.19663076 0.32565963 0.23247272 0.44212094 0.19717747 0.6262903 0.21800384 0.20619021 0.36782485 0.32641822 0.27468953 0.28712538 0.24790554 0.21530624 0.1990399 0.37014025 0.19729999 0.1935712 0.37495422 0.22203077 0.35625377 0.23726524 0.24800852 0.59628975 0.19774851 0.16746357 0.2043099 0.18054846 0.14215526 0.29571578 0.22548695 0.56367594 0.16635498 0.27920482 0.2431178 0.21255125 0.29725608 0.22902618 0.22410665 0.51346296 0.176325 0.18892573 0.70905435 0.19914149 0.23522188 0.23365296 0.19678792 0.2099074 0.20122443 0.1685761 0.1777474 0.16397719 0.32689914 0.20479159 0.18730524 0.22524883 0.31647897 0.19048263 0.3686098 0.20295061 0.18421091 0.17543311 0.20045759 0.18235938 0.18477885 0.17129096 0.24362272 0.23644565 0.16545574 0.3460164 0.23561718 0.15960005 0.14670725 0.18876995 0.34701565 0.2337376 0.6239883 0.25654128 0.22142427 0.16445944 0.19248629 0.24847801 0.35567433 0.33774966 0.6136175 0.22801696 0.18871275 0.17705601 0.24382198 0.22937128 0.30389342 0.21991327 0.34543574 0.26980928 0.20169269 0.24962881 0.19681753 0.20306179 0.34190187 0.37100986 0.27450234 0.8135823 0.53554213 0.22148289 0.2075952 0.42078334 0.19091657 0.23672497 0.2093726 0.16974847 0.25880763 0.2937213 0.781986 0.60110915 0.17467989 0.1891831 0.17894043 0.1939035 0.34534922 0.25956526 0.28919002 0.19988114 0.22475462 0.3197646 0.25505438 0.70227164 0.27734643 0.20006563 0.2796679 0.23939508 0.23506582 0.2222476 0.19839726 0.18268925 0.24288237 0.33184123 0.2274573 0.2273689 0.19990572 0.20106554 0.22805944 0.22163506 0.32173532 0.81003 0.503276 0.20699245 0.20029618 0.33674863 0.27913964 0.22330733 0.20300904 0.23175427 0.18579097 0.19577836 0.26822075 0.21263644 0.22094102 0.21379979 0.22508422 0.20145504 0.18797754 0.25437376 0.5211228 0.2614909 0.17533594 0.22894251 0.19397312 0.17968974 0.20132129 0.32325727 0.23967211 0.22884567 0.3565132 0.2306928 0.18258634 0.23433901 0.20718527 0.23642159 0.19753496 0.19825667 0.16801631 0.23688683 0.2382568 0.24791287 0.41221803 0.25024012 0.17045526 0.35150212 0.24529463 0.20899975 0.21559851 0.18861246 0.17677826 0.24293317 0.16592379,0.0016728452 0.0013827456 0.0015279524 0.0013187837 0.0014684406 0.0018603185 0.0018513666 0.0017633943 0.0028812413 0.0023471385 0.0019154575 0.0016209146 0.0027141736 0.00258719 0.005272316 0.0012950464 0.0007932547 0.0014560074 0.0013525109 0.0014248246 0.0055080834 0.0014422005 0.0015256752 0.0013311976 0.0028820846 0.0018062374 0.0015374363 0.002087838 0.0014243651 0.0016281665 0.0016847012 0.0015089571 0.002159927 0.001891795 0.0018783342 0.0014703682 0.0016418452 0.001589954 0.0018832051 0.0017229998 0.0014013243 0.0023930513 0.0022931034 0.0016164021 0.0018049268 0.0021384142 0.0020122232 0.0017719036 0.0014545214 0.0016391996 0.0022674522 0.0016253955 0.0017232185 0.002475219 0.0055747647 0.0019343127 0.0016408573 0.001359588 0.0014504213 0.0026931418 0.0015036315 0.0015482737 0.002564249 0.0018304938 0.0034812673 0.0015525785 0.0049314196 0.0017165657 0.001623545 0.0028962586 0.0025702221 0.0021629096 0.0022608298 0.0019520121 0.0016953247 0.0015672434 0.0029144902 0.0015535433 0.0015241826 0.0029523955 0.0017482738 0.0028051478 0.0018682303 0.001952823 0.004695195 0.001557075 0.0013186107 0.0016087394 0.0014216414 0.0011193327 0.0023284708 0.0017754878 0.0044383933 0.0013098818 0.002198463 0.0019143133 0.001673632 0.002340599 0.0018033558 0.0017646194 0.0040430157 0.0013883858 0.0014876041 0.005583105 0.0015680433 0.0018521408 0.0018397871 0.0015495112 0.0016528141 0.0015844443 0.0013273709 0.0013995859 0.001291159 0.002574009 0.0016125322 0.0014748444 0.0017736128 0.0024919603 0.0014998632 0.0029024393 0.0015980363 0.0014504796 0.0013813631 0.0015784062 0.0014359007 0.0014549516 0.0013487478 0.0019182891 0.0018617768 0.0013028012 0.0027245386 0.0018552534 0.0012566933 0.0011551752 0.0014863776 0.0027324066 0.0018404536 0.0049132933 0.00202001 0.0017434981 0.0012949562 0.0015156401 0.0019565197 0.0028005852 0.002659446 0.0048316335 0.0017954091 0.0014859271 0.0013941418 0.001919858 0.0018060731 0.0023928615 0.0017316006 0.0027199665 0.0021244825 0.0015881314 0.0019655812 0.0015497444 0.0015989117 0.0026921406 0.0029213375 0.0021614358 0.00640616 0.004216867 0.0017439597 0.0016346079 0.0033132546 0.00150328 0.0018639761 0.0016486031 0.0013366021 0.0020378553 0.0023127662 0.0061573703 0.004733143 0.0013754322 0.0014896307 0.0014089798 0.0015267993 0.0027192852 0.002043821 0.0022770867 0.0015738672 0.0017697214 0.0025178315 0.0020083021 0.005529698 0.0021838301 0.0015753199 0.0022021097 0.0018850006 0.001850912 0.0017499811 0.0015621831 0.001438498 0.0019124596 0.002612923 0.0017910023 0.0017903063 0.0015740608 0.0015831932 0.0017957436 0.001745158 0.002533349 0.0063781887 0.003962803 0.0016298618 0.0015771353 0.002651564 0.00219795 0.0017583254 0.0015984963 0.0018248368 0.001462921 0.0015415618 0.0021119744 0.0016743027 0.0017396931 0.0016834629 0.0017723166 0.0015862602 0.001480138 0.002002943 0.004103329 0.0020589835 0.0013805979 0.001802697 0.0015273475 0.0014148798 0.001585207 0.0025453328 0.001887182 0.0018019344 0.0028071906 0.0018164788 0.0014376878 0.0018451891 0.0016313801 0.0018615873 0.0015553934 0.0015610761 0.0013229632 0.0018652506 0.0018760378 0.0019520698 0.0032458112 0.0019703945 0.0013421674 0.0027677333 0.0019314538 0.0016456674 0.0016976261 0.0014851375 0.0013919548 0.0019128596 0.0013064865,
255,256,,,0.006528 0.006528 0.006528 0.006528 0.006528 0.006528 0.006528 0.006528 0.006528 0.006528 0.006528 0.006528 0.006528 0.006528 0.006528 0.006528 0.006528 0.006528 0.006528 0.006528 0.006528 0.006528 0.006528 0.006528 0.006528 0.006528 0.006528 0.006528 0.006528 0.006528 0.006528 0.006528 0.006528 0.006528 0.006528 0.006528 0.006528 0.006528 0.006528 0.006528 0.006528 0.006528 0.006528 0.006528 0.006528 0.006528 0.006528 0.006528 0.006528 0.006528 0.006528 0.006528 0.006528 0.006528 0.006528 0.006528 0.006528 0.006528 0.006528 0.006528 0.006528 0.006528 0.006528 0.006528 0.006528 0.006528 0.006528 0.006528 0.006528 0.006528 0.006528 0.006528 0.006528 0.006528 0.006528 0.006528 0.006528 0.006528 0.006528 0.006528 0.006528 0.006528 0.006528 0.006528 0.006528 0.006528 0.006528 0.006528 0.006528 0.006528 0.006528 0.006528 0.006528 0.006528 0.006528 0.006528 0.006528 0.006528 0.006528 0.006528 0.006528 0.006528 0.006528 0.006528 0.006528 0.006528 0.006528 0.006528 0.006528 0.006528 0.006528 0.006528 0.006528 0.006528 0.006528 0.006528 0.006528 0.006528 0.006528 0.006528 0.006528 0.006528 0.006528 0.006528 0.006528 0.006528 0.006528 0.006528 0.006528 0.006528 0.006528 0.006528 0.006528 0.006528 0.006528 0.006528 0.006528 0.006528 0.006528 0.006528 0.006528 0.006528 0.006528 0.006528 0.006528 0.006528 0.006528 0.006528 0.006528 0.006528 0.006528 0.006528 0.006528 0.006528 0.006528 0.006528 0.006528 0.006528 0.006528 0.006528 0.006528 0.006528 0.006528 0.006528 0.006528 0.006528 0.006528 0.006528 0.006528 0.006528 0.006528 0.006528 0.006528 0.006528 0.006528 0.006528 0.006528 0.006528 0.006528 0.006528 0.006528 0.006528 0.006528 0.006528 0.006528 0.006528 0.006528 0.006528 0.006528 0.006528 0.006528 0.006528 0.006528 0.006528 0.006528 0.006528 0.006528 0.006528 0.006528 0.006528 0.006528 0.006528 0.006528 0.006528 0.006528 0.006528 0.006528 0.006528 0.006528 0.006528 0.006528 0.006528 0.006528 0.006528 0.006528 0.006528 0.006528 0.006528 0.006528 0.006528 0.006528 0.006528 0.006528 0.006528 0.006528 0.006528 0.006528 0.006528 0.006528 0.006528 0.006528 0.006528 0.006528 0.006528 0.006528 0.006528 0.006528 0.006528 0.006528 0.006528 0.006528 0.006528 0.006528 0.006528 0.006528 0.006528 0.006528 0.006528 0.006528 0.006528 0.006528 0.006528 0.006528 0.006528 0.006528 0.006528,14 14 14 14 14 14 14 14 13 13 14 14 13 13 12 14 15 14 14 14 12 14 14 14 13 14 14 13 14 14 14 14 13 14 14 14 14 14 14 14 14 13 13 14 14 13 13 14 14 14 13 14 14 13 12 14 14 14 14 13 14 14 13 14 13 14 12 14 14 13 13 13 13 13 14 14 13 14 14 13 14 13 14 13 12 14 14 14 14 14 13 14 12 14 13 14 14 13 14 14 12 14 14 12 14 14 14 14 14 14 14 14 14 13 14 14 14 13 14 13 14 14 14 14 14 14 14 14 14 14 13 14 14 14 14 13 14 12 13 14 14 14 13 13 13 12 14 14 14 14 14 13 14 13 13 14 13 14 14 13 13 13 12 12 14 14 13 14 14 14 14 13 13 12 12 14 14 14 14 13 13 13 14 14 13 13 12 13 14 13 14 14 14 14 14 14 13 14 14 14 14 14 14 13 12 12 14 14 13 13 14 14 14 14 14 13 14 14 14 14 14 14 13 12 13 14 14 14 14 14 13 14 14 13 14 14 14 14 14 14 14 14 14 14 13 13 13 14 13 14 14 14 14 14 14 14
269,1x1x1024x512,0.14059798 0.14796284 0.13172974 0.12641968 0.073091365 0.13937956 0.11748814 0.21756937 0.1724705 0.20025784 0.1438473 0.072395466 0.09150246 0.18943235 0.18814231 0.16378278 0.2221593 0.11464823 0.20406768 0.18007396 0.13709342 0.080309026 0.16422996 0.21436737 0.14529827 0.18976201 0.15461686 0.20590913 0.19856021 0.09659789 0.092442825 0.2702757 0.122573264 0.0801506 0.17009881 0.15856002 0.22682527 0.0830482 0.184125 0.13584627 0.45149326 0.111426175 0.18490525 0.112492844 0.23321408 0.37209752 0.13123055 0.3095615 0.0825379 0.061883833 0.1518474 0.17184834 0.089871936 0.09814398 0.12178976 0.3338251 0.18592215 0.07369604 0.09206582 0.08251905 0.45183286 0.15434691 0.09802918 0.11604672 0.05880092 0.12586315 0.11304155 0.1694767 0.10583192 0.10070795 0.299439 0.25573418 0.16799727 0.11007275 0.398712 0.052474346 0.45776564 0.09587374 0.1305674 0.23416328 0.11923076 0.11411137 0.110511534 0.15232792 0.09973595 0.09849797 0.073606476 0.72063816 0.1633796 0.275933 0.059014466 0.1660121 0.06565928 0.094610706 0.21799116 0.09953351 0.15397641 0.25515652 0.08241754 0.14131524 0.10902515 0.16882573 0.08130633 0.074992724 0.08070828 0.32566702 0.15128903 0.12544434 0.76189953 0.18478458 0.25512022 0.09377604 0.18083996 0.17811319 0.27903643 0.10015273 0.10397015 0.18038297 0.21890722 0.15498771 0.122928895 0.1498873 0.15311168 0.12840006 0.4749746 0.104883015 0.0645128 0.08005389 0.16859636 0.21392226 0.12517317 0.1815897 0.22868954 0.1901883 0.14638111 0.41338482 0.24633388 0.07480437 0.20810463 0.42817518 0.051656574 0.45930493 0.05483354 0.18179171 0.15427014 0.1253603 0.1125055 0.104314834 0.10337212 0.15145569 0.14245258 0.12903175 0.11972102 0.08934913 0.24267815 0.1063193 0.17740397 0.16388975 0.2381613 0.16903096 0.11030222 0.12928696 0.50201774 0.18314198 0.0845088 0.29016677 0.1987604 0.23310259 0.25660473 0.25075918 0.09568278 0.16054918 0.122324556 0.060187086 0.15687267 0.17926525 0.12046845 0.11206598 0.13131003 0.37650347 0.06833185 0.13719164 0.09874672 0.11767833 0.09857301 0.10231342 0.11648167 0.12456046 0.2589671 0.17304361 0.21910311 0.1443034 0.121197276 0.1465577 0.12504902 0.2843988 0.10335667 0.16164182 0.12813169 0.13586833 0.26526296 0.17094761 0.17873594 0.24164243 0.23564775 0.056250125 0.10154543 0.21679668 0.10560663 0.1491013 0.08496146 0.16277677 0.21771315 0.13296844 0.16225085 0.15607814 0.2158636 0.27423763 0.114935495 0.0625264 0.06390323 0.10095584 0.085861035 0.14124683 0.103219934 0.054061722 0.11881725 0.18691906 0.073066264 0.14949445 0.060544543 0.19617791 0.19797473 0.10740212 0.075168476 0.15694076 0.2172744 0.18916619 0.12866469 0.078124925 0.07052271 0.41958976 0.29236484 0.07363283 0.19265053 0.17924272 0.0768704 0.098014586 0.08033356 0.16578588 0.08077876 0.3089313 0.19756407 0.24272345 0.052042168 0.19883771 0.08084792 0.11025664 0.09553969 0.11467047 0.17851345 0.14027819 0.07685018 0.1537958 0.13410123 0.30235955 0.29120913 0.19571683 0.16405027 0.21158974 0.1039433 0.32373446 0.22306937 0.23276767 0.07663498 0.119202934 0.1259419 0.21339877 0.07938226 0.29713356 0.23081754 0.14312884 0.31267476 0.106224254 0.09548968 0.2189461 0.21926218 0.13098982 0.13182308 0.18282108 0.26587948 0.14835548 0.15278779 0.12667763 0.116581194 0.0982737 0.11142749 0.2148851 0.18905586 0.36799693 0.36941493 0.25786573 0.11870937 0.14132065 0.17010796 0.1046111 0.13534366 0.10554986 0.12507495 0.13690092 0.29719174 0.17839782 0.108457804 0.06396136 0.11596852 0.18745974 0.8300415 0.053918287 0.10703335 0.1585414 0.19479351 0.26867053 0.09602284 0.16084068 0.5434686 0.09298074 0.20643936 0.2507904 0.2678285 0.13147527 0.17705281 0.060807582 0.18721312 0.14960422 0.07915584 0.14918289 0.17457548 0.2885604 0.23706938 0.29717454 0.2953999 0.14418566 0.07317637 0.30354345 0.32673034 0.19624805 0.22614905 0.12843515 0.12527186 0.10934904 0.24386835 0.20000939 0.26959673 0.21286546 0.117184974 0.13977627 0.33172485 0.12151082 0.31589764 0.31147012 0.17062636 0.099800095 0.102252506 0.067891985 0.39632672 0.15345137 0.15864544 0.17593464 0.09001992 0.12693954 0.14906083 0.09086683 0.111686036 0.07355076 0.11139506 0.108202115 0.2617341 0.11398667 0.20875947 0.06959518 0.42185563 0.13017415 0.25980097 0.21955816 0.06888551 0.099706516 0.16473493 0.12939124 0.10215122 0.11565851 0.12833871 0.101544894 0.14458913 0.102131106 0.16159345 0.11506467 0.20258859 0.16387388 0.26185396 0.099097736 0.13382657 0.12968364 0.10898564 0.08313377 0.29681826 0.086129464 0.10008297 0.35493574 0.19387099 0.2632824 0.17932019 0.30205634 0.236465 0.43210024 0.056215134 0.09914875 0.1132238 0.23263226 0.22101377 0.100481674 0.051133078 0.33366245 0.061397415 0.1673764 0.099748395 0.089306824 0.098100215 0.3725082 0.13955715 0.19560583 0.18184039 0.11893059 0.10210474 0.13787128 0.16090627 0.05942243 0.11678139 0.22257258 0.09609534 0.14283463 0.2753468 0.107169986 0.2801045 0.059681028 0.15879065 0.24590547 0.09268445 0.12429774 0.05729317 0.106540665 0.13177975 0.16285275 0.22010855 0.08254726 0.15693808 0.0900268 0.2295552 0.318202 0.09378694 0.17324285 0.47625208 0.15127808 0.3135996 0.12220966 0.43179384 0.10735256 0.13932319 0.06928409 0.061878327 0.2050406 0.08665976 0.17424744 0.042454224 0.13599303 0.09408205 0.10680059 0.09944521 0.10736842 0.2288433 0.33453938 0.30268276 0.21335603 0.14432597 0.100229144 0.069064766 0.13231118 0.51382166 0.1273532 0.1608384 0.19475213 0.14551029 0.12735341 0.08294616 0.13256344 0.46909884 0.36084497 0.18815313 0.17086652 0.09011398 0.17785208 0.095642984 0.24446982 0.16788432 0.067026004 0.23602645 0.0995029 0.057618223 0.20368466 0.32909182 0.087923974 0.1241534 0.10464051,0.14058082 0.14794478 0.13171366 0.12640424 0.07308245 0.13936256 0.117473796 0.21754281 0.17244945 0.2002334 0.14382975 0.07238663 0.09149129 0.18940923 0.18811935 0.16376278 0.22213218 0.11463424 0.20404276 0.18005198 0.13707669 0.08029922 0.16420992 0.21434122 0.14528054 0.18973885 0.15459798 0.205884 0.19853598 0.09658609 0.092431545 0.27024272 0.1225583 0.080140814 0.17007805 0.15854068 0.2267976 0.08303806 0.18410254 0.1358297 0.45143816 0.11141258 0.18488267 0.11247912 0.23318562 0.37205213 0.13121453 0.30952373 0.082527824 0.06187628 0.15182889 0.17182736 0.08986097 0.09813201 0.1217749 0.33378437 0.18589947 0.07368705 0.09205458 0.08250898 0.4517777 0.15432808 0.09801722 0.116032556 0.058793742 0.12584779 0.11302776 0.16945602 0.10581901 0.10069566 0.29940248 0.25570297 0.16797677 0.11005931 0.39866337 0.052467942 0.4577098 0.09586204 0.13055146 0.2341347 0.11921621 0.114097446 0.11049805 0.15230934 0.099723786 0.09848595 0.0735975 0.56294906 0.16335966 0.27589932 0.05900726 0.16599184 0.06565126 0.094599165 0.21796454 0.09952136 0.15395762 0.25512537 0.08240748 0.14129798 0.109011844 0.16880514 0.08129641 0.07498357 0.08069843 0.3256273 0.15127057 0.12542902 0.76180655 0.18476202 0.2550891 0.093764596 0.18081789 0.17809147 0.2790024 0.10014051 0.10395746 0.18036094 0.2188805 0.15496878 0.1229139 0.14986901 0.153093 0.1283844 0.47491664 0.104870215 0.06450493 0.08004411 0.16857578 0.21389616 0.1251579 0.18156753 0.22866163 0.1901651 0.14636324 0.41333437 0.24630381 0.07479524 0.20807922 0.4281229 0.051650267 0.45924887 0.054826844 0.18176952 0.1542513 0.125345 0.11249177 0.10430211 0.103359506 0.1514372 0.14243521 0.129016 0.11970641 0.08933823 0.24264854 0.10630633 0.17738232 0.16386974 0.23813224 0.16901033 0.110288754 0.12927118 0.50195646 0.18311962 0.08449848 0.29013136 0.19873615 0.23307414 0.2565734 0.25072858 0.095671095 0.16052958 0.12230963 0.060179744 0.15685353 0.17924337 0.120453745 0.11205231 0.131294 0.3764575 0.06832351 0.1371749 0.09873466 0.11766397 0.09856098 0.102300934 0.11646745 0.124545254 0.25893548 0.1730225 0.21907637 0.14428578 0.12118249 0.1465398 0.12503377 0.2843641 0.10334405 0.16162209 0.12811604 0.13585174 0.26523057 0.17092675 0.17871413 0.24161294 0.14727266 0.05624326 0.10153303 0.21677023 0.10559374 0.14908311 0.084951095 0.1627569 0.21768658 0.13295221 0.16223104 0.15605909 0.21583726 0.27420416 0.11492147 0.06251877 0.063895434 0.10094352 0.08585055 0.14122958 0.10320734 0.054055125 0.11880275 0.18689625 0.073057346 0.1494762 0.060537152 0.19615398 0.19795056 0.10738902 0.0751593 0.1569216 0.21724787 0.18914309 0.12864898 0.078115396 0.070514105 0.41953856 0.29232916 0.07362384 0.19262701 0.17922084 0.07686102 0.09800262 0.080323756 0.16576564 0.080768906 0.3088936 0.19753996 0.24269383 0.052035816 0.19881344 0.08083805 0.11024319 0.09552803 0.11465647 0.17849167 0.14026107 0.0768408 0.15377703 0.13408485 0.30232266 0.2911736 0.19569294 0.16403025 0.21156392 0.10393062 0.32369497 0.22304215 0.23273925 0.07662562 0.11918839 0.12592652 0.21337274 0.07937257 0.2970973 0.23078936 0.14311138 0.31263658 0.10621129 0.09547803 0.21891938 0.21923542 0.13097383 0.131807 0.18279876 0.26584703 0.14833738 0.15276913 0.12666216 0.11656697 0.098261714 0.111413896 0.21485887 0.18903278 0.36795202 0.36936983 0.25783426 0.11869488 0.14130339 0.1700872 0.104598336 0.13532713 0.105536975 0.12505968 0.13688421 0.29715547 0.17837605 0.10844457 0.063953556 0.11595437 0.18743685 0.82994026 0.053911705 0.10702029 0.15852204 0.19476973 0.26863775 0.09601112 0.16082104 0.54340225 0.092969395 0.20641418 0.25075978 0.2677958 0.13145922 0.1770312 0.06080016 0.18719026 0.14958595 0.079146184 0.14916468 0.17455417 0.2885252 0.23704046 0.29713827 0.29536387 0.14416806 0.07316744 0.3035064 0.32669047 0.1962241 0.22612146 0.12841947 0.12525657 0.1093357 0.24383858 0.19998498 0.26956382 0.21283947 0.11717067 0.13975921 0.33168435 0.121495984 0.3158591 0.3114321 0.17060553 0.09978792 0.102240026 0.0678837 0.39627835 0.15343264 0.15862606 0.17591317 0.09000894 0.12692405 0.14904264 0.09085573 0.1116724 0.07354178 0.11138147 0.108188905 0.26170215 0.11397276 0.208734 0.06958669 0.42180413 0.13015826 0.25976926 0.21953137 0.0688771 0.09969435 0.16471483 0.12937546 0.10213876 0.11564439 0.12832305 0.1015325 0.14457148 0.10211864 0.16157372 0.11505063 0.20256387 0.16385388 0.261822 0.099085644 0.13381024 0.12966782 0.10897234 0.08312363 0.29678202 0.08611895 0.10007075 0.3548924 0.19384733 0.26325026 0.17929831 0.30201948 0.23643616 0.4320475 0.056208275 0.09913665 0.113209985 0.23260386 0.2209868 0.10046941 0.051126838 0.3336217 0.06138992 0.16735597 0.09973622 0.08929592 0.09808824 0.37246272 0.13954012 0.19558196 0.18181819 0.11891608 0.10209227 0.13785446 0.16088663 0.05941518 0.11676714 0.22254542 0.09608361 0.1428172 0.2753132 0.1071569 0.2800703 0.059673745 0.15877126 0.24587546 0.09267314 0.12428257 0.057286177 0.106527664 0.13176365 0.16283287 0.2200817 0.08253719 0.15691891 0.09001582 0.22952719 0.31816316 0.093775496 0.1732217 0.47619393 0.15125962 0.31356132 0.122194745 0.43174115 0.10733946 0.13930619 0.06927563 0.061870776 0.20501557 0.08664918 0.17422618 0.042449042 0.13597643 0.09407057 0.106787555 0.09943307 0.10735532 0.22881538 0.33449855 0.3026458 0.21332999 0.14430836 0.10021691 0.06905633 0.13229504 0.51375896 0.12733766 0.16081876 0.19472836 0.14549254 0.12733787 0.08293604 0.13254727 0.4690416 0.36080095 0.18813017 0.17084566 0.090102986 0.17783038 0.09563132 0.24443999 0.16786383 0.06701782 0.23599765 0.099490754 0.057611194 0.2036598 0.32905167 0.087913245 0.12413825 0.10462774,0.0011069356 0.0011649195 0.0010371155 0.000995309 0.00057545234 0.0010973429 0.0009249905 0.0017129355 0.0013578697 0.001576641 0.0011325177 0.0005699735 0.00072040386 0.0014914112 0.0014812547 0.0012894707 0.0017490722 0.0009026318 0.001606636 0.0014177321 0.0010793441 0.00063227734 0.0012929915 0.0016877261 0.0011439413 0.0014940067 0.0012173069 0.0016211338 0.0015632755 0.0007605204 0.00072780746 0.0021278954 0.00096502603 0.00063103 0.0013391973 0.0012483518 0.0017858079 0.000653843 0.0014496263 0.0010695253 0.0035546313 0.00087726436 0.0014557691 0.0008856624 0.0018361072 0.0029295443 0.0010331853 0.0024371948 0.0006498254 0.0004872148 0.001195503 0.0013529713 0.0007075667 0.00077269296 0.0009588575 0.0026282235 0.0014637753 0.000580213 0.0007248392 0.000649677 0.0035573046 0.0012151817 0.0007717892 0.0009136422 0.00046294284 0.0009909275 0.00088998233 0.0013342993 0.00083322055 0.0007928792 0.0023575 0.0020134093 0.0013226517 0.00086660875 0.0031390816 0.0004131334 0.0036040142 0.0007548192 0.0010279643 0.0018435804 0.00093871035 0.0008984051 0.0008700634 0.0011992862 0.00078522664 0.0007754799 0.00057950785 0.00443267 0.0012862965 0.0021724356 0.0004646241 0.0013070224 0.00051693904 0.0007448753 0.0017162563 0.00078363274 0.0012122648 0.0020088612 0.0006488778 0.0011125825 0.00085836096 0.0013291743 0.0006401292 0.0005904218 0.0006354207 0.0025639944 0.0011911069 0.0009876301 0.005998477 0.001454819 0.0020085757 0.0007383039 0.0014237629 0.001402295 0.0021968693 0.000788508 0.0008185627 0.001420165 0.0017234685 0.0012202266 0.00096782594 0.0011800709 0.0012054567 0.0010109007 0.0037395011 0.0008257497 0.00050791283 0.0006302686 0.0013273683 0.0016842217 0.0009854952 0.0014296656 0.0018004853 0.001497363 0.0011524665 0.0032546013 0.0019394001 0.0005889389 0.001638419 0.0033710466 0.000406695 0.0036161328 0.00043170745 0.0014312561 0.0012145772 0.0009869685 0.000885762 0.00082127645 0.0008138544 0.0011924189 0.0011215371 0.001015874 0.00094257016 0.00070345064 0.0019106184 0.0008370577 0.0013967112 0.0012903129 0.001875057 0.00133079 0.0008684154 0.0010178833 0.003952413 0.0014418868 0.0006653424 0.002284499 0.0015648515 0.0018352295 0.002020263 0.0019742409 0.0007533157 0.0012640124 0.000963068 0.00047385626 0.0012350671 0.0014113651 0.00094845466 0.00088230165 0.001033811 0.0029642323 0.0005379804 0.0010801173 0.0007774383 0.00092648796 0.0007760707 0.0008055192 0.0009170666 0.0009806713 0.002038862 0.0013623819 0.0017250108 0.0011361085 0.00095419283 0.0011538567 0.0009845179 0.0022390874 0.0008137327 0.0012726149 0.0010087878 0.0010696987 0.0020884296 0.0013458799 0.0014071978 0.0019024641 0.0011596272 0.0004428603 0.0007994727 0.0017068522 0.0008314468 0.0011738827 0.00066890626 0.0012815504 0.0017140675 0.0010468678 0.0012774098 0.0012288117 0.001699506 0.002159088 0.0009048935 0.0004922738 0.00050311367 0.00079483085 0.0006759886 0.001112044 0.00081265625 0.0004256309 0.00093545474 0.001471624 0.0005752547 0.001176978 0.00047667048 0.0015445196 0.0015586658 0.0008455828 0.0005918055 0.0012356031 0.0017106131 0.0014893156 0.0010129841 0.00061508187 0.0005552292 0.003303453 0.0023018045 0.0005797153 0.0015167481 0.0014111877 0.00060520484 0.00077167415 0.00063247053 0.0013052413 0.0006359756 0.002432233 0.0015554327 0.001910975 0.00040973083 0.0015654601 0.00063652004 0.0008680566 0.0007521892 0.0009028069 0.0014054462 0.0011044178 0.0006050457 0.0012108427 0.0010557863 0.0023804933 0.0022927055 0.0015408893 0.0012915768 0.0016658576 0.00081835134 0.0025487794 0.0017562374 0.0018325925 0.00060335133 0.00093849126 0.0009915475 0.0016801003 0.0006249809 0.002339349 0.0018172391 0.0011268612 0.0024617054 0.0008363094 0.0007517955 0.0017237747 0.0017262632 0.00103129 0.0010378504 0.0014393603 0.0020932837 0.0011680109 0.0012029066 0.0009973398 0.0009178502 0.0007737143 0.0008772748 0.0016918022 0.0014884471 0.00289726 0.002908424 0.002030191 0.00093460537 0.0011126251 0.0013392693 0.00082360895 0.001065568 0.0008309998 0.0009847219 0.0010778285 0.0023398069 0.0014045358 0.0008538943 0.0005035713 0.0009130265 0.0014758807 0.0065349624 0.0004245016 0.00084267947 0.0012482051 0.0015336198 0.0021152578 0.00075599307 0.0012663073 0.004278758 0.0007320425 0.0016253085 0.0019744865 0.0021086284 0.001035112 0.0013939465 0.00047874142 0.001473939 0.0011778421 0.0006231983 0.001174525 0.0013744422 0.002271852 0.0018664603 0.0023396714 0.0023257 0.0011351816 0.0005761216 0.0023898142 0.0025723658 0.0015450716 0.0017804839 0.001011177 0.0009862722 0.00086091104 0.0019199888 0.0015746849 0.0021225498 0.0016759014 0.0009226037 0.0011004662 0.0026116879 0.0009566613 0.0024870797 0.0024522212 0.0013433506 0.00078573165 0.0008050396 0.00053451734 0.003120302 0.001208131 0.0012490242 0.001385143 0.00070873176 0.000999402 0.0011735641 0.00071539945 0.00087931025 0.00057906914 0.0008770195 0.00085188117 0.002060647 0.0008974233 0.0016435748 0.00054792664 0.0033212923 0.0010248682 0.0020454272 0.0017285935 0.0005423394 0.00078499486 0.0012969672 0.0010187044 0.0008042422 0.00091058575 0.0010104177 0.0007994685 0.0011383581 0.0008040838 0.001272234 0.00090591045 0.0015949911 0.001290188 0.0020615903 0.0007802019 0.001053624 0.0010210065 0.00085804996 0.0006545168 0.0023368662 0.00067810196 0.0007879587 0.0027944283 0.0015263569 0.0020728367 0.0014117977 0.0023781061 0.0018617021 0.0034019486 0.00044258483 0.00078060356 0.0008914172 0.0018315265 0.0017400535 0.0007910977 0.00040257353 0.0026269427 0.0004833852 0.0013177636 0.00078532455 0.0007031175 0.0007723484 0.0029327774 0.0010987411 0.0015400155 0.0014316393 0.00093634706 0.00080387614 0.0010854682 0.0012668238 0.00046783607 0.00091942627 0.0017523261 0.00075656385 0.0011245449 0.0021678205 0.00084375514 0.002205278 0.000469872 0.0012501674 0.0019360273 0.00072970975 0.0009786029 0.00045107226 0.0008388005 0.0010375091 0.0012821486 0.0017329268 0.0006498991 0.001235582 0.000708786 0.0018073007 0.0025052216 0.00073838973 0.0013639504 0.0037495585 0.0011910206 0.0024689867 0.0009621633 0.0033995367 0.0008451926 0.0010968992 0.00054547744 0.00048717146 0.0016142959 0.000682277 0.0013718597 0.00033424443 0.0010706806 0.00074071315 0.0008408469 0.00078293757 0.0008453175 0.0018016959 0.0026338468 0.0023830377 0.0016797637 0.0011362863 0.0007891095 0.00054375065 0.0010416933 0.0040453463 0.0010026587 0.0012662894 0.0015332942 0.0011456106 0.0010026604 0.0006530397 0.0010436793 0.003693241 0.0028409525 0.0014813399 0.0013452414 0.00070947234 0.0014002392 0.0007530025 0.0019247243 0.0013217625 0.0005276994 0.0018582492 0.00078339176 0.00045363145 0.0016036205 0.002590958 0.0006922303 0.0009774666 0.0008238405,
270,512,,,0.004430007 0.004430007 0.004430007 0.004430007 0.004430007 0.004430007 0.004430007 0.004430007 0.004430007 0.004430007 0.004430007 0.004430007 0.004430007 0.004430007 0.004430007 0.004430007 0.004430007 0.004430007 0.004430007 0.004430007 0.004430007 0.004430007 0.004430007 0.004430007 0.004430007 0.004430007 0.004430007 0.004430007 0.004430007 0.004430007 0.004430007 0.004430007 0.004430007 0.004430007 0.004430007 0.004430007 0.004430007 0.004430007 0.004430007 0.004430007 0.004430007 0.004430007 0.004430007 0.004430007 0.004430007 0.004430007 0.004430007 0.004430007 0.004430007 0.004430007 0.004430007 0.004430007 0.004430007 0.004430007 0.004430007 0.004430007 0.004430007 0.004430007 0.004430007 0.004430007 0.004430007 0.004430007 0.004430007 0.004430007 0.004430007 0.004430007 0.004430007 0.004430007 0.004430007 0.004430007 0.004430007 0.004430007 0.004430007 0.004430007 0.004430007 0.004430007 0.004430007 0.004430007 0.004430007 0.004430007 0.004430007 0.004430007 0.004430007 0.004430007 0.004430007 0.004430007 0.004430007 0.004430007 0.004430007 0.004430007 0.004430007 0.004430007 0.004430007 0.004430007 0.004430007 0.004430007 0.004430007 0.004430007 0.004430007 0.004430007 0.004430007 0.004430007 0.004430007 0.004430007 0.004430007 0.004430007 0.004430007 0.004430007 0.004430007 0.004430007 0.004430007 0.004430007 0.004430007 0.004430007 0.004430007 0.004430007 0.004430007 0.004430007 0.004430007 0.004430007 0.004430007 0.004430007 0.004430007 0.004430007 0.004430007 0.004430007 0.004430007 0.004430007 0.004430007 0.004430007 0.004430007 0.004430007 0.004430007 0.004430007 0.004430007 0.004430007 0.004430007 0.004430007 0.004430007 0.004430007 0.004430007 0.004430007 0.004430007 0.004430007 0.004430007 0.004430007 0.004430007 0.004430007 0.004430007 0.004430007 0.004430007 0.004430007 0.004430007 0.004430007 0.004430007 0.004430007 0.004430007 0.004430007 0.004430007 0.004430007 0.004430007 0.004430007 0.004430007 0.004430007 0.004430007 0.004430007 0.004430007 0.004430007 0.004430007 0.004430007 0.004430007 0.004430007 0.004430007 0.004430007 0.004430007 0.004430007 0.004430007 0.004430007 0.004430007 0.004430007 0.004430007 0.004430007 0.004430007 0.004430007 0.004430007 0.004430007 0.004430007 0.004430007 0.004430007 0.004430007 0.004430007 0.004430007 0.004430007 0.004430007 0.004430007 0.004430007 0.004430007 0.004430007 0.004430007 0.004430007 0.004430007 0.004430007 0.004430007 0.004430007 0.004430007 0.004430007 0.004430007 0.004430007 0.004430007 0.004430007 0.004430007 0.004430007 0.004430007 0.004430007 0.004430007 0.004430007 0.004430007 0.004430007 0.004430007 0.004430007 0.004430007 0.004430007 0.004430007 0.004430007 0.004430007 0.004430007 0.004430007 0.004430007 0.004430007 0.004430007 0.004430007 0.004430007 0.004430007 0.004430007 0.004430007 0.004430007 0.004430007 0.004430007 0.004430007 0.004430007 0.004430007 0.004430007 0.004430007 0.004430007 0.004430007 0.004430007 0.004430007 0.004430007 0.004430007 0.004430007 0.004430007 0.004430007 0.004430007 0.004430007 0.004430007 0.004430007 0.004430007 0.004430007 0.004430007 0.004430007 0.004430007 0.004430007 0.004430007 0.004430007 0.004430007 0.004430007 0.004430007 0.004430007 0.004430007 0.004430007 0.004430007 0.004430007 0.004430007 0.004430007 0.004430007 0.004430007 0.004430007 0.004430007 0.004430007 0.004430007 0.004430007 0.004430007 0.004430007 0.004430007 0.004430007 0.004430007 0.004430007 0.004430007 0.004430007 0.004430007 0.004430007 0.004430007 0.004430007 0.004430007 0.004430007 0.004430007 0.004430007 0.004430007 0.004430007 0.004430007 0.004430007 0.004430007 0.004430007 0.004430007 0.004430007 0.004430007 0.004430007 0.004430007 0.004430007 0.004430007 0.004430007 0.004430007 0.004430007 0.004430007 0.004430007 0.004430007 0.004430007 0.004430007 0.004430007 0.004430007 0.004430007 0.004430007 0.004430007 0.004430007 0.004430007 0.004430007 0.004430007 0.004430007 0.004430007 0.004430007 0.004430007 0.004430007 0.004430007 0.004430007 0.004430007 0.004430007 0.004430007 0.004430007 0.004430007 0.004430007 0.004430007 0.004430007 0.004430007 0.004430007 0.004430007 0.004430007 0.004430007 0.004430007 0.004430007 0.004430007 0.004430007 0.004430007 0.004430007 0.004430007 0.004430007 0.004430007 0.004430007 0.004430007 0.004430007 0.004430007 0.004430007 0.004430007 0.004430007 0.004430007 0.004430007 0.004430007 0.004430007 0.004430007 0.004430007 0.004430007 0.004430007 0.004430007 0.004430007 0.004430007 0.004430007 0.004430007 0.004430007 0.004430007 0.004430007 0.004430007 0.004430007 0.004430007 0.004430007 0.004430007 0.004430007 0.004430007 0.004430007 0.004430007 0.004430007 0.004430007 0.004430007 0.004430007 0.004430007 0.004430007 0.004430007 0.004430007 0.004430007 0.004430007 0.004430007 0.004430007 0.004430007 0.004430007 0.004430007 0.004430007 0.004430007 0.004430007 0.004430007 0.004430007 0.004430007 0.004430007 0.004430007 0.004430007 0.004430007 0.004430007 0.004430007 0.004430007 0.004430007 0.004430007 0.004430007 0.004430007 0.004430007 0.004430007 0.004430007 0.004430007 0.004430007 0.004430007 0.004430007 0.004430007 0.004430007 0.004430007 0.004430007 0.004430007 0.004430007 0.004430007 0.004430007 0.004430007 0.004430007 0.004430007 0.004430007 0.004430007 0.004430007 0.004430007 0.004430007 0.004430007 0.004430007 0.004430007 0.004430007 0.004430007 0.004430007 0.004430007 0.004430007 0.004430007 0.004430007 0.004430007 0.004430007 0.004430007 0.004430007 0.004430007 0.004430007 0.004430007 0.004430007 0.004430007 0.004430007 0.004430007 0.004430007 0.004430007 0.004430007 0.004430007 0.004430007 0.004430007 0.004430007 0.004430007 0.004430007 0.004430007 0.004430007 0.004430007 0.004430007 0.004430007 0.004430007 0.004430007 0.004430007 0.004430007 0.004430007 0.004430007 0.004430007 0.004430007 0.004430007 0.004430007 0.004430007 0.004430007 0.004430007 0.004430007 0.004430007 0.004430007 0.004430007 0.004430007 0.004430007 0.004430007 0.004430007 0.004430007 0.004430007 0.004430007 0.004430007 0.004430007 0.004430007 0.004430007 0.004430007 0.004430007 0.004430007 0.004430007 0.004430007 0.004430007,13 13 13 13 14 13 14 13 13 13 13 14 14 13 13 13 13 14 13 13 13 14 13 13 13 13 13 13 13 14 14 12 14 14 13 13 13 14 13 13 12 14 13 14 13 12 13 12 14 15 13 13 14 14 14 12 13 14 14 14 12 13 14 14 15 13 14 13 14 14 12 12 13 14 12 15 12 14 13 13 14 14 14 13 14 14 14 11 13 12 15 13 14 14 13 14 13 12 14 13 14 13 14 14 14 12 13 13 11 13 12 14 13 13 12 14 14 13 13 13 14 13 13 13 12 14 14 14 13 13 13 13 13 13 13 12 13 14 13 12 15 12 15 13 13 13 14 14 14 13 13 13 14 14 13 14 13 13 13 13 14 13 11 13 14 12 13 13 12 12 14 13 14 15 13 13 14 14 13 12 14 13 14 14 14 14 14 13 12 13 13 13 14 13 13 12 14 13 13 13 12 13 13 13 13 15 14 13 14 13 14 13 13 13 13 13 13 12 14 14 14 14 14 13 14 15 14 13 14 13 15 13 13 14 14 13 13 13 13 14 14 12 12 14 13 13 14 14 14 13 14 12 13 13 15 13 14 14 14 14 13 13 14 13 13 12 12 13 13 13 14 12 13 13 14 14 13 13 14 12 13 13 12 14 14 13 13 13 13 13 12 13 13 13 14 14 14 13 13 12 12 12 14 13 13 14 13 14 13 13 12 13 14 14 14 13 11 15 14 13 13 12 14 13 11 14 13 12 12 13 13 15 13 13 14 13 13 12 13 12 12 13 14 12 12 13 13 13 13 14 13 13 12 13 14 13 12 14 12 12 13 14 14 14 12 13 13 13 14 13 13 14 14 14 14 14 12 14 13 14 12 13 12 13 14 14 13 13 14 14 13 14 13 14 13 14 13 13 12 14 13 13 14 14 12 14 14 12 13 12 13 12 13 12 15 14 14 13 13 14 15 12 15 13 14 14 14 12 13 13 13 14 14 13 13 15 14 13 14 13 12 14 12 15 13 13 14 13 15 14 13 13 13 14 13 14 13 12 14 13 12 13 12 14 12 14 13 14 15 13 14 13 15 13 14 14 14 14 13 12 12 13 13 14 14 13 11 13 13 13 13 13 14 13 12 12 13 13 14 13 14 13 13 14 13 14 15 13 12 14 13 14
278,1x1x512x512,0.40896747 0.31754613 0.30526483 0.32329583 0.5032883 0.37832186 0.32924357 0.45893598 0.43490416 0.33856642 0.26357338 0.35009894 0.5291136 0.2836046 0.428279 0.32226536 0.28763625 0.28191045 0.32544366 0.2716009 0.2735726 0.28629574 0.345056 0.26647192 0.3313049 0.3907927 0.367142 0.31850156 0.3507172 0.47355327 0.27008608 0.28451297 0.28736717 0.3975772 0.3764189 0.3442466 0.35680088 0.24536397 0.29266503 0.3664459 0.39889783 0.22441894 0.29416108 0.2702199 0.24625216 0.6358783 0.26064545 0.38159725 0.32005754 0.38483286 0.25552794 0.28219375 0.27418658 0.3600658 0.41664255 0.36739886 0.2846458 0.30982587 0.38679248 0.36000404 0.31092316 0.2419098 0.42260706 0.31512722 0.28386292 0.40240204 0.30839974 0.34709474 0.26200017 0.37666878 0.3130771 0.5916876 0.46151796 0.33878854 0.35128856 0.36813903 0.28798136 0.58821476 0.37281397 0.03854387 0.3191428 0.35289592 0.4868035 0.33980554 0.3148698 0.3687411 0.22914577 1.07544 0.349867 0.30924165 0.3031356 0.23479682 0.50474966 0.45791098 0.32729456 0.48702306 0.29168677 0.4195902 0.37365347 0.20920196 0.33768374 0.4429249 0.3599602 0.27622968 0.27099678 0.31537095 0.34568208 0.30089137 0.40411463 0.5446415 0.3473177 0.30109403 0.26323488 0.26445562 0.525022 0.40522113 0.34019372 0.31213585 0.23603989 0.46847677 0.6852325 0.5221217 1.0197816 0.488413 0.3385275 0.36436746 0.2835441 0.2850223 0.42941523 0.33029133 0.30768943 0.3202888 0.258804 0.2820023 0.2466952 0.36120856 0.42319295 0.28298002 0.48853993 0.3238151 0.3151555 0.39180437 0.3995346 0.9921367 0.26037854 0.43385714 0.31058905 0.37096378 0.3547781 0.31191942 0.2224298 0.30719376 0.3189187 0.38324705 0.337134 0.27670813 0.48968995 0.27285632 0.2281015 0.28639534 0.31836227 0.36471412 0.37192234 0.32774854 0.32639188 0.26770562 0.28728783 0.27456185 0.38952273 0.3544578 0.25079378 0.40733808 0.3386836 0.31454763 0.3174384 0.4069674 0.36226958 0.2379672 0.31933674 0.46678588 0.32616472 0.2701398 0.294517 0.2981983 0.40296882 0.36045116 0.31441918 0.2782903 0.32170963 0.40822765 0.33701757 0.3118158 0.3477387 0.2892294 0.33442914 0.22708452 0.32634124 0.3501731 0.3891244 0.37120193 0.3660448 0.22255766 0.25821286 0.24319272 0.2632222 0.28457433 0.42358294 0.26894262 0.29861587 0.44487765 0.40219375 0.33981237 0.38954082 0.2730272 0.31184772 0.32841545 0.45889983 0.29841745 0.46707338 0.28424245 0.23327681 0.23995864 0.4710193 0.31217897 0.4026264 0.38005233 0.31493318 0.2398307 0.38626057 0.99896604 0.28232235 0.37260115 0.27731484 0.3311184 0.40294006 0.32376832 0.29771954 0.23767221 0.27904806 0.28061566 0.34563488 0.26372784 0.29007223 0.28824982 0.31109914 0.2585103 0.19390048 0.30852222 0.2656795 0.38617536 0.34087512 0.53469366 0.28945425 0.35588625 0.40974608 0.2549681 0.34962884 0.1645403 0.25078318 0.18169299 0.15011398 0.18657675 0.16022742 0.11648971 0.28464 0.22144109 0.1903204 0.17222148 0.27406275 0.5092022 0.18592136 0.22975163 0.308585 0.3733638 0.15812266 0.22992837 0.36526254 0.21524085 0.6325011 0.27052733 0.12380448 0.2343644 0.14237402 0.14690025 0.14062542 0.27696246 0.6529752 0.24285792 0.23745903 0.42109993 0.35921454 0.5302892 0.3449102 0.21843101 0.19402388 0.21408604 0.46262363 0.40852302 0.13553308 0.3584762 0.35930988 0.18791401 0.2651332 0.2335025 0.28234467 0.36091277 0.18839388 0.1417385 0.26694632 0.21302564 0.17803381 0.17373191 0.2868246 0.3856115 0.25766858 0.3170813 0.22080116 0.6427533 0.48193273 0.2735486 1.020233 0.3460254 0.27957407 0.41174862 0.15458257 0.30186927 0.24671543 0.19702426 0.38358197 0.15801482 0.20219201 0.15680982 0.24630257 0.2584713 0.23834932 0.13561815 0.3237319 0.23741388 0.44999242 0.13889454 0.16683026 0.5122687 0.17299129 0.6633612 0.3682733 0.25493255 0.16650514 0.18368322 0.3037274 0.16235012 0.49720484 0.17733537 0.13831772 0.17529948 0.6855367 0.32826036 0.22758654 0.3351943 0.24835153 0.32458895 0.16597845 0.3114436 0.23912346 0.2853094 0.1481128 0.16722426 0.3010714 0.35910267 0.31853354 0.176446 0.1527339 1.1416371 0.49366802 0.5184388 0.3428402 0.24926123 0.17002672 0.15224908 0.25124598 0.45922014 0.16908988 0.33478695 0.19019736 0.14912377 0.2184355 0.16334595 0.2758763 0.26163697 0.22371982 0.16283719 0.1607716 0.27463597 0.30813813 0.23016107 0.351838 0.33672 0.17461483 0.2658738 0.18293291 0.20289376 0.17228957 0.24344511 0.25366843 0.15386342 0.25716928 0.4340359 0.37102488 0.24877271 0.20690528 0.29698935 0.15807012 0.14418036 0.3312621 0.35752055 0.20946197 0.36216655 0.23289423 0.14056481 0.17347759 0.2942998 0.17706895 0.14376292 0.15641612 0.26677516 0.23749581 0.13185748 0.23046954 0.16848972 0.5535187 0.15987706 0.23506933 0.2445405 0.3861453 0.5460359 0.20053816 0.2657529 0.34881487 0.35947892 0.18237911 0.2579259 0.6154058 0.14870356 0.1845248 0.23411112 0.3012909 0.42660803 0.15855685 0.18581223 0.24272165 0.15193202 0.39221284 0.2694702 0.19128312 0.18978752 0.34341004 0.36027122 0.18054686 0.2272272 0.19199823 0.37379116 0.20326434 0.1813892 0.15060794 0.28594777 0.20720604 0.17427102 1.3316692 0.1890403 0.17936796 0.1395188 0.32192603 0.2467464 0.46431303 0.5382134 0.4428551 0.2707406 0.25562707 0.21220551 0.3636594 0.18831858 0.16324335 0.18841277 0.30073288 0.33255664 0.20438676 0.3065065 0.20479791 0.20579548 0.13906336 0.23603773 0.44478196 0.36747187 0.23208426 0.2063962 0.1358746 0.29469565 0.24834155 0.19987871 0.32651508 0.7372364 0.1691061 0.28556263 0.21138012 0.22365555 0.13041003 0.30997908 0.14045092 0.298785 0.17740014 0.1934358 0.3715512 0.38989353,0.40891758 0.31750736 0.30522758 0.32325637 0.5032269 0.3782757 0.32920337 0.45887995 0.43485108 0.3385251 0.2635412 0.35005623 0.529049 0.28356996 0.42822674 0.32222605 0.28760114 0.28187603 0.32540396 0.27156776 0.2735392 0.28626078 0.3450139 0.2664394 0.3312645 0.39074498 0.36709717 0.31846267 0.3506744 0.47349548 0.27005312 0.28447825 0.2873321 0.39752868 0.37637293 0.3442046 0.35675734 0.24533403 0.2926293 0.3664012 0.39884913 0.22439155 0.2941252 0.27018693 0.24622211 0.6358007 0.26061362 0.3815507 0.3200185 0.3847859 0.25549674 0.28215933 0.2741531 0.36002183 0.4165917 0.367354 0.28461108 0.30978808 0.38674527 0.3599601 0.31088522 0.24188028 0.4225555 0.31508875 0.28382826 0.40235293 0.3083621 0.34705237 0.2619682 0.3766228 0.3130389 0.5916154 0.46146163 0.33874717 0.3512457 0.36809412 0.2879462 0.58814293 0.3727685 0.038539167 0.31910384 0.35285285 0.48674408 0.3397641 0.31483135 0.3686961 0.22911781 1.0753088 0.3498243 0.3092039 0.3030986 0.23476817 0.504688 0.4578551 0.3272546 0.4869636 0.29165116 0.419539 0.37360787 0.20917642 0.33764252 0.44287083 0.35991627 0.27619597 0.27096373 0.31533244 0.3456399 0.30085465 0.4040653 0.54457504 0.3472753 0.30105728 0.26320276 0.26442334 0.5249579 0.40517166 0.3401522 0.31209776 0.23601109 0.46841958 0.6851489 0.522058 1.0196571 0.4883534 0.33848616 0.364323 0.2835095 0.2849875 0.4293628 0.33025104 0.30765188 0.32024974 0.2587724 0.28196788 0.24666509 0.36116448 0.4231413 0.28294548 0.48848033 0.3237756 0.31511706 0.39175653 0.39948586 0.9920156 0.26034674 0.4338042 0.31055114 0.3709185 0.3547348 0.31188133 0.22240266 0.30715626 0.31887978 0.38320026 0.33709288 0.27667436 0.48963016 0.272823 0.22807367 0.28636038 0.31832343 0.36466962 0.37187696 0.32770854 0.32635206 0.26767293 0.28725275 0.27452832 0.3894752 0.35441455 0.25076318 0.40728837 0.33864227 0.31450924 0.31739965 0.40691775 0.36222535 0.23793815 0.3192978 0.4667289 0.32612494 0.27010685 0.29448107 0.29816192 0.40291965 0.36040717 0.31438082 0.27825636 0.32167035 0.40817785 0.33697644 0.31177774 0.34769627 0.28919408 0.33438832 0.2270568 0.3263014 0.35013035 0.3890769 0.37115663 0.36600012 0.22253051 0.25818133 0.24316305 0.26319006 0.28453958 0.42353126 0.26890978 0.29857942 0.44482335 0.40214467 0.3397709 0.3894933 0.2729939 0.31180966 0.32837537 0.45884383 0.29838103 0.4670164 0.28420776 0.23324835 0.23992935 0.4709618 0.31214085 0.40257725 0.38000593 0.31489477 0.23980144 0.38621345 0.9988441 0.2822879 0.37255567 0.27728102 0.331078 0.4028909 0.3237288 0.2976832 0.23764321 0.27901402 0.2805814 0.34559268 0.26369566 0.29003683 0.28821462 0.31106117 0.25847876 0.19387682 0.30848455 0.26564708 0.38612822 0.34083351 0.5346284 0.2894189 0.3558428 0.40969607 0.254937 0.3495862 0.16452023 0.25075257 0.18167081 0.15009566 0.18655398 0.16020785 0.11647549 0.2846053 0.22141407 0.19029719 0.17220046 0.27402928 0.5091401 0.18589868 0.2297236 0.30854735 0.37331823 0.15810336 0.22990032 0.36521795 0.21521458 0.63242394 0.2704943 0.12378937 0.2343358 0.14235665 0.14688233 0.14060827 0.27692866 0.6528955 0.24282828 0.23743005 0.42104852 0.3591707 0.53022444 0.3448681 0.21840435 0.1940002 0.2140599 0.46256715 0.40847316 0.13551654 0.35843244 0.359266 0.18789108 0.26510087 0.233474 0.28231022 0.36086872 0.18837088 0.1417212 0.26691374 0.21299966 0.17801209 0.1737107 0.28678963 0.38556445 0.25763714 0.3170426 0.2207742 0.64267486 0.48187393 0.27351522 1.0201085 0.34598318 0.27953994 0.41169837 0.15456371 0.30183244 0.24668533 0.19700022 0.38353515 0.15799554 0.20216733 0.15679067 0.24627252 0.25843975 0.23832023 0.13560161 0.3236924 0.2373849 0.44993752 0.1388776 0.16680989 0.5122062 0.17297018 0.66328025 0.36822835 0.25490144 0.16648483 0.18366079 0.3036903 0.16233031 0.49714416 0.17731372 0.13830084 0.1752781 0.68545306 0.3282203 0.22755876 0.3351534 0.24832122 0.32454935 0.16595818 0.31140557 0.23909427 0.28527457 0.14809473 0.16720386 0.30103466 0.35905886 0.31849465 0.17642447 0.15271527 1.1414977 0.4936078 0.5183756 0.34279835 0.2492308 0.17000598 0.1522305 0.2512153 0.4591641 0.16906925 0.3347461 0.19017416 0.14910556 0.21840884 0.16332601 0.27584267 0.26160502 0.2236925 0.16281733 0.16075198 0.27460247 0.30810052 0.23013298 0.35179505 0.3366789 0.17459352 0.26584134 0.18291059 0.20286901 0.17226854 0.2434154 0.25363746 0.15384464 0.2571379 0.4339829 0.37097958 0.24874234 0.20688003 0.2969531 0.15805084 0.14416276 0.3312217 0.35747692 0.2094364 0.36212236 0.2328658 0.14054766 0.17345642 0.2942639 0.17704734 0.14374536 0.15639703 0.2667426 0.23746683 0.13184139 0.23044142 0.16846916 0.5534511 0.15985754 0.23504065 0.24451065 0.38609815 0.54596925 0.20051368 0.26572046 0.3487723 0.35943505 0.18235686 0.25789443 0.6153307 0.14868541 0.18450227 0.23408253 0.30125412 0.42655596 0.1585375 0.18578956 0.24269202 0.15191346 0.39216498 0.2694373 0.19125979 0.18976435 0.3433681 0.36022723 0.18052484 0.22719947 0.19197479 0.37374556 0.20323955 0.18136707 0.15058956 0.28591287 0.20718075 0.17424974 1.3315066 0.18901724 0.17934607 0.13950178 0.32188672 0.24671629 0.46425635 0.5381477 0.44280103 0.27070758 0.25559586 0.21217962 0.36361504 0.18829559 0.16322343 0.18838978 0.3006962 0.33251604 0.20436181 0.3064691 0.2047729 0.20577036 0.13904639 0.23600893 0.44472766 0.36742702 0.23205593 0.20637101 0.13585801 0.29465967 0.24831124 0.19985431 0.32647523 0.7371464 0.16908546 0.28552777 0.21135433 0.22362827 0.13039412 0.30994123 0.14043377 0.29874855 0.17737849 0.1934122 0.37150586 0.38984597,0.0032198234 0.002500058 0.0024033668 0.0025453258 0.003962416 0.0029785489 0.0025921525 0.003613228 0.0034240242 0.0026655518 0.0020751276 0.0027563483 0.00416574 0.0022328342 0.003371864 0.002537213 0.002264576 0.0022194963 0.0025622358 0.0021383287 0.0021538518 0.0022540218 0.0027166447 0.002097948 0.002608382 0.0030767322 0.0028905289 0.00250758 0.0027612157 0.0037283108 0.0021264025 0.002239986 0.0022624573 0.003130147 0.0029635665 0.0027102726 0.002809113 0.001931764 0.0023041677 0.0028850487 0.0031405443 0.0017668626 0.0023159464 0.0021274562 0.0019387568 0.005006305 0.0020520757 0.0030043363 0.0025198306 0.0030298103 0.0020117853 0.002221727 0.0021586858 0.0028348176 0.0032802497 0.0028925512 0.0022410322 0.0024392763 0.0030452383 0.0028343315 0.002447915 0.0019045691 0.0033272088 0.0024810138 0.0022348682 0.0031681333 0.002428048 0.0027326958 0.0020627417 0.0029655339 0.002464873 0.004658389 0.0036335562 0.0026673006 0.0027657142 0.0028983788 0.002267293 0.0046310467 0.0029351849 0.00030345801 0.0025126287 0.002778369 0.0038326306 0.0026753077 0.002478987 0.002903119 0.0018040773 0.008466998 0.002754522 0.0024346763 0.002386603 0.0018485682 0.0039739213 0.0036051583 0.0025768077 0.003834359 0.002296466 0.0033034568 0.0029417942 0.0016470584 0.0026586025 0.0034871718 0.0028339864 0.0021747714 0.0021335727 0.0024829325 0.0027215742 0.0023689342 0.0031816165 0.0042879926 0.002734451 0.0023705298 0.0020724626 0.0020820736 0.0041335267 0.0031903281 0.0026783638 0.0024574627 0.001858355 0.003688343 0.005394873 0.004110693 0.008028796 0.0038453024 0.0026652454 0.002868685 0.0022323583 0.0022439961 0.0033808094 0.0026004019 0.0024224557 0.0025216516 0.002037578 0.0022202195 0.0019422448 0.002843815 0.0033318212 0.002227917 0.0038463017 0.002549414 0.0024812366 0.003084697 0.0031455578 0.0078111463 0.0020499744 0.0034157813 0.0024452845 0.0029206183 0.0027931875 0.0024557586 0.001751202 0.0024185532 0.0025108645 0.003017325 0.0026542747 0.0021785384 0.0038553555 0.0021482126 0.0017958557 0.0022548062 0.0025064838 0.0028714144 0.002928165 0.0025803822 0.0025697013 0.0021076608 0.0022618328 0.0021616404 0.003066734 0.0027906657 0.0019745133 0.003206995 0.0026664746 0.0024764508 0.00249921 0.0032040768 0.0028521682 0.0018735287 0.0025141558 0.0036750308 0.002567913 0.0021268255 0.0023187485 0.0023477317 0.0031725958 0.0028378519 0.0024754396 0.002190995 0.0025328374 0.0032139989 0.0026533578 0.0024549428 0.002737766 0.0022771186 0.0026329788 0.0017878489 0.0025693022 0.0027569318 0.0030635975 0.0029224933 0.0028818906 0.0017522088 0.002032924 0.0019146696 0.0020723627 0.0022404692 0.0033348917 0.0021173998 0.002351019 0.003502546 0.0031664935 0.0026753615 0.0030668762 0.0021495582 0.0024551942 0.0025856327 0.0036129435 0.002349457 0.0036772946 0.0022378564 0.0018366012 0.0018892075 0.0037083607 0.002457802 0.0031698996 0.0029921727 0.0024794864 0.0018882003 0.0030410509 0.007864914 0.0022227394 0.0029335092 0.002183315 0.0026069132 0.0031723692 0.0025490457 0.0023439622 0.0018712064 0.0021969608 0.0022093025 0.002721202 0.0020763439 0.0022837545 0.0022694066 0.0024493006 0.0020352658 0.0015265892 0.0024290122 0.0020917093 0.0030403796 0.0026837285 0.0042096726 0.002278889 0.002801912 0.0032259533 0.0020073778 0.0027526473 0.0012954349 0.0019744297 0.0014304789 0.0011818556 0.001468929 0.0012614791 0.00091712986 0.0022409866 0.0017434179 0.001498403 0.0013559092 0.002157711 0.0040089767 0.0014637691 0.0018088473 0.0024295067 0.0029395137 0.0012449083 0.0018102387 0.002875732 0.001694603 0.004979716 0.0021298765 0.00097471947 0.0018451638 0.0011209185 0.0011565537 0.0011071517 0.0021805407 0.0051409095 0.0019120337 0.001869528 0.0033153426 0.0028281158 0.0041749957 0.0027154968 0.0017197193 0.0015275606 0.0016855111 0.003642261 0.0032163241 0.0010670593 0.0028223027 0.0028288662 0.0014794574 0.0020874084 0.0018383779 0.0022229152 0.002841486 0.0014832353 0.001115915 0.002101683 0.0016771626 0.0014016699 0.0013678009 0.002258186 0.0030359405 0.002028639 0.0024963983 0.0017383796 0.005060432 0.003794283 0.0021536632 0.00803235 0.002724277 0.002201102 0.0032417194 0.0012170371 0.0023766335 0.0019424042 0.0015511828 0.0030199618 0.0012440593 0.0015918688 0.0012345723 0.0019391536 0.0020349587 0.0018765372 0.0010677292 0.002548759 0.0018691724 0.003542815 0.0010935244 0.0013134637 0.00403312 0.0013619699 0.005222679 0.0028994358 0.002007098 0.0013109042 0.0014461479 0.0023912622 0.0012781915 0.003914521 0.0013961709 0.0010889829 0.0013801425 0.005397268 0.0025844118 0.0017918013 0.002639003 0.0019552852 0.0025555068 0.0013067573 0.0024520124 0.001882632 0.0022462565 0.0011661003 0.0013165658 0.0023703517 0.002827235 0.002507832 0.0013891691 0.0012024824 0.008988171 0.0038866755 0.0040816977 0.0026991996 0.0019624473 0.0013386298 0.0011986654 0.0019780733 0.0036154655 0.0013312539 0.002635796 0.0014974343 0.0011740596 0.0017197547 0.0012860316 0.0021719895 0.002059882 0.0017613583 0.0012820262 0.0012657637 0.0021622241 0.0024259884 0.0018120707 0.0027700397 0.0026510148 0.0013747521 0.0020932388 0.0014402409 0.0015973938 0.0013564451 0.0019166567 0.0019971454 0.0012113751 0.0020247079 0.0034171883 0.002921099 0.0019586012 0.0016289767 0.0023382134 0.0012444948 0.0011351398 0.0026080448 0.0028147788 0.0016491056 0.0028513572 0.0018335889 0.0011066746 0.0013657985 0.0023170386 0.0013940736 0.0011318532 0.0012314727 0.0021003354 0.0018698175 0.0010381212 0.0018144994 0.0013265288 0.004357883 0.0012587208 0.0018507137 0.0019252807 0.0030401428 0.0042989706 0.0015788479 0.0020922872 0.0027462384 0.0028301973 0.0014358808 0.0020306648 0.0048451237 0.0011707513 0.0014527738 0.0018431696 0.0023720798 0.0033587085 0.0012483269 0.0014629099 0.0019109608 0.0011961691 0.0030879132 0.0021215538 0.0015059826 0.0014942075 0.002703686 0.0028364349 0.0014214554 0.0017889722 0.0015116126 0.0029428785 0.0016003114 0.0014280871 0.0011857445 0.0022512826 0.0016313446 0.0013720451 0.010484304 0.0014883247 0.0014121737 0.0010984392 0.002534541 0.001942648 0.0036555617 0.004237383 0.0034866224 0.0021315557 0.002012566 0.0016707056 0.0028631105 0.0014826424 0.0012852239 0.001483384 0.0023676865 0.0026182365 0.0016091481 0.0024131427 0.001612385 0.001620239 0.0010948534 0.001858338 0.0035017927 0.002893126 0.001827212 0.0016249686 0.0010697482 0.0023201548 0.0019552065 0.001573656 0.002570671 0.005804302 0.0013313816 0.0022482502 0.0016642073 0.0017608525 0.0010267253 0.0024404821 0.0011057777 0.0023523509 0.0013966811 0.0015229307 0.002925243 0.0030696532,
279,512,,,0.0053928886 0.0053928886 0.0053928886 0.0053928886 0.0053928886 0.0053928886 0.0053928886 0.0053928886 0.0053928886 0.0053928886 0.0053928886 0.0053928886 0.0053928886 0.0053928886 0.0053928886 0.0053928886 0.0053928886 0.0053928886 0.0053928886 0.0053928886 0.0053928886 0.0053928886 0.0053928886 0.0053928886 0.0053928886 0.0053928886 0.0053928886 0.0053928886 0.0053928886 0.0053928886 0.0053928886 0.0053928886 0.0053928886 0.0053928886 0.0053928886 0.0053928886 0.0053928886 0.0053928886 0.0053928886 0.0053928886 0.0053928886 0.0053928886 0.0053928886 0.0053928886 0.0053928886 0.0053928886 0.0053928886 0.0053928886 0.0053928886 0.0053928886 0.0053928886 0.0053928886 0.0053928886 0.0053928886 0.0053928886 0.0053928886 0.0053928886 0.0053928886 0.0053928886 0.0053928886 0.0053928886 0.0053928886 0.0053928886 0.0053928886 0.0053928886 0.0053928886 0.0053928886 0.0053928886 0.0053928886 0.0053928886 0.0053928886 0.0053928886 0.0053928886 0.0053928886 0.0053928886 0.0053928886 0.0053928886 0.0053928886 0.0053928886 0.0053928886 0.0053928886 0.0053928886 0.0053928886 0.0053928886 0.0053928886 0.0053928886 0.0053928886 0.0053928886 0.0053928886 0.0053928886 0.0053928886 0.0053928886 0.0053928886 0.0053928886 0.0053928886 0.0053928886 0.0053928886 0.0053928886 0.0053928886 0.0053928886 0.0053928886 0.0053928886 0.0053928886 0.0053928886 0.0053928886 0.0053928886 0.0053928886 0.0053928886 0.0053928886 0.0053928886 0.0053928886 0.0053928886 0.0053928886 0.0053928886 0.0053928886 0.0053928886 0.0053928886 0.0053928886 0.0053928886 0.0053928886 0.0053928886 0.0053928886 0.0053928886 0.0053928886 0.0053928886 0.0053928886 0.0053928886 0.0053928886 0.0053928886 0.0053928886 0.0053928886 0.0053928886 0.0053928886 0.0053928886 0.0053928886 0.0053928886 0.0053928886 0.0053928886 0.0053928886 0.0053928886 0.0053928886 0.0053928886 0.0053928886 0.0053928886 0.0053928886 0.0053928886 0.0053928886 0.0053928886 0.0053928886 0.0053928886 0.0053928886 0.0053928886 0.0053928886 0.0053928886 0.0053928886 0.0053928886 0.0053928886 0.0053928886 0.0053928886 0.0053928886 0.0053928886 0.0053928886 0.0053928886 0.0053928886 0.0053928886 0.0053928886 0.0053928886 0.0053928886 0.0053928886 0.0053928886 0.0053928886 0.0053928886 0.0053928886 0.0053928886 0.0053928886 0.0053928886 0.0053928886 0.0053928886 0.0053928886 0.0053928886 0.0053928886 0.0053928886 0.0053928886 0.0053928886 0.0053928886 0.0053928886 0.0053928886 0.0053928886 0.0053928886 0.0053928886 0.0053928886 0.0053928886 0.0053928886 0.0053928886 0.0053928886 0.0053928886 0.0053928886 0.0053928886 0.0053928886 0.0053928886 0.0053928886 0.0053928886 0.0053928886 0.0053928886 0.0053928886 0.0053928886 0.0053928886 0.0053928886 0.0053928886 0.0053928886 0.0053928886 0.0053928886 0.0053928886 0.0053928886 0.0053928886 0.0053928886 0.0053928886 0.0053928886 0.0053928886 0.0053928886 0.0053928886 0.0053928886 0.0053928886 0.0053928886 0.0053928886 0.0053928886 0.0053928886 0.0053928886 0.0053928886 0.0053928886 0.0053928886 0.0053928886 0.0053928886 0.0053928886 0.0053928886 0.0053928886 0.0053928886 0.0053928886 0.0053928886 0.0053928886 0.0053928886 0.0053928886 0.0053928886 0.0053928886 0.0053928886 0.0053928886 0.0053928886 0.0053928886 0.0053928886 0.0053928886 0.0053928886 0.0053928886 0.0053928886 0.0053928886 0.0053928886 0.0053928886 0.0053928886 0.0053928886 0.0053928886 0.0053928886 0.0053928886 0.0053928886 0.0053928886 0.0053928886 0.0053928886 0.0053928886 0.0053928886 0.0053928886 0.0053928886 0.0053928886 0.0053928886 0.0053928886 0.0053928886 0.0053928886 0.0053928886 0.0053928886 0.0053928886 0.0053928886 0.0053928886 0.0053928886 0.0053928886 0.0053928886 0.0053928886 0.0053928886 0.0053928886 0.0053928886 0.0053928886 0.0053928886 0.0053928886 0.0053928886 0.0053928886 0.0053928886 0.0053928886 0.0053928886 0.0053928886 0.0053928886 0.0053928886 0.0053928886 0.0053928886 0.0053928886 0.0053928886 0.0053928886 0.0053928886 0.0053928886 0.0053928886 0.0053928886 0.0053928886 0.0053928886 0.0053928886 0.0053928886 0.0053928886 0.0053928886 0.0053928886 0.0053928886 0.0053928886 0.0053928886 0.0053928886 0.0053928886 0.0053928886 0.0053928886 0.0053928886 0.0053928886 0.0053928886 0.0053928886 0.0053928886 0.0053928886 0.0053928886 0.0053928886 0.0053928886 0.0053928886 0.0053928886 0.0053928886 0.0053928886 0.0053928886 0.0053928886 0.0053928886 0.0053928886 0.0053928886 0.0053928886 0.0053928886 0.0053928886 0.0053928886 0.0053928886 0.0053928886 0.0053928886 0.0053928886 0.0053928886 0.0053928886 0.0053928886 0.0053928886 0.0053928886 0.0053928886 0.0053928886 0.0053928886 0.0053928886 0.0053928886 0.0053928886 0.0053928886 0.0053928886 0.0053928886 0.0053928886 0.0053928886 0.0053928886 0.0053928886 0.0053928886 0.0053928886 0.0053928886 0.0053928886 0.0053928886 0.0053928886 0.0053928886 0.0053928886 0.0053928886 0.0053928886 0.0053928886 0.0053928886 0.0053928886 0.0053928886 0.0053928886 0.0053928886 0.0053928886 0.0053928886 0.0053928886 0.0053928886 0.0053928886 0.0053928886 0.0053928886 0.0053928886 0.0053928886 0.0053928886 0.0053928886 0.0053928886 0.0053928886 0.0053928886 0.0053928886 0.0053928886 0.0053928886 0.0053928886 0.0053928886 0.0053928886 0.0053928886 0.0053928886 0.0053928886 0.0053928886 0.0053928886 0.0053928886 0.0053928886 0.0053928886 0.0053928886 0.0053928886 0.0053928886 0.0053928886 0.0053928886 0.0053928886 0.0053928886 0.0053928886 0.0053928886 0.0053928886 0.0053928886 0.0053928886 0.0053928886 0.0053928886 0.0053928886 0.0053928886 0.0053928886 0.0053928886 0.0053928886 0.0053928886 0.0053928886 0.0053928886 0.0053928886 0.0053928886 0.0053928886 0.0053928886 0.0053928886 0.0053928886 0.0053928886 0.0053928886 0.0053928886 0.0053928886 0.0053928886 0.0053928886 0.0053928886 0.0053928886 0.0053928886 0.0053928886 0.0053928886 0.0053928886 0.0053928886 0.0053928886 0.0053928886 0.0053928886 0.0053928886 0.0053928886 0.0053928886 0.0053928886 0.0053928886 0.0053928886 0.0053928886 0.0053928886 0.0053928886 0.0053928886 0.0053928886 0.0053928886 0.0053928886 0.0053928886 0.0053928886 0.0053928886 0.0053928886 0.0053928886 0.0053928886 0.0053928886 0.0053928886 0.0053928886 0.0053928886 0.0053928886 0.0053928886 0.0053928886 0.0053928886 0.0053928886 0.0053928886 0.0053928886 0.0053928886 0.0053928886 0.0053928886 0.0053928886 0.0053928886 0.0053928886 0.0053928886 0.0053928886 0.0053928886 0.0053928886 0.0053928886 0.0053928886 0.0053928886 0.0053928886 0.0053928886 0.0053928886 0.0053928886 0.0053928886 0.0053928886 0.0053928886 0.0053928886 0.0053928886 0.0053928886 0.0053928886 0.0053928886 0.0053928886 0.0053928886 0.0053928886 0.0053928886 0.0053928886,12 12 12 12 11 12 12 12 12 12 12 12 11 12 12 12 12 12 12 12 12 12 12 12 12 12 12 12 12 12 12 12 12 12 12 12 12 13 12 12 12 13 12 12 13 11 12 12 12 12 12 12 12 12 12 12 12 12 12 12 12 13 12 12 12 12 12 12 12 12 12 11 12 12 12 12 12 11 12 15 12 12 12 12 12 12 13 10 12 12 12 13 11 12 12 12 12 12 12 13 12 12 12 12 12 12 12 12 12 11 12 12 12 12 11 12 12 12 13 12 11 11 10 12 12 12 12 12 12 12 12 12 12 12 13 12 12 12 12 12 12 12 12 10 12 12 12 12 12 12 13 12 12 12 12 12 12 12 13 12 12 12 12 12 12 12 12 12 12 12 12 12 12 12 12 12 12 13 12 12 12 12 12 12 12 12 12 12 12 12 12 12 12 12 12 13 12 12 12 12 12 13 12 13 12 12 12 12 12 12 12 12 12 12 12 12 12 12 12 12 13 13 12 12 12 12 12 13 12 10 12 12 12 12 12 12 12 13 12 12 12 12 12 12 12 12 13 12 12 12 12 11 12 12 12 12 12 13 12 13 13 13 13 14 12 13 13 13 12 11 13 13 12 12 13 13 12 13 11 12 13 13 13 13 13 12 11 13 13 12 12 11 12 13 13 13 12 12 13 12 12 13 12 13 12 12 13 13 12 13 13 13 12 12 12 12 13 11 12 12 10 12 12 12 13 12 13 13 12 13 13 13 13 12 13 13 12 13 12 13 13 11 13 11 12 12 13 13 12 13 11 13 13 13 11 12 13 12 12 12 13 12 13 12 13 13 12 12 12 13 13 10 12 11 12 12 13 13 12 12 13 12 13 13 13 13 12 12 13 13 13 12 12 13 12 12 13 12 13 13 13 13 12 13 12 12 12 12 13 12 13 13 12 12 13 12 13 13 13 12 13 13 13 12 13 13 13 13 11 13 13 13 12 11 13 12 12 12 13 12 11 13 13 13 12 12 13 13 13 13 12 12 13 13 12 12 13 13 13 12 13 13 13 12 13 13 10 13 13 13 12 13 12 11 12 12 12 13 12 13 13 13 12 12 13 12 13 13 13 13 12 12 13 13 13 12 12 13 12 11 13 12 13 13 13 12 13 12 13 13 12 12
287,1x1x256x512,0.3004368 0.3445894 0.18438084 0.22153525 0.29670724 0.3462832 0.24205887 0.20747972 0.46665633 0.30639473 0.3688041 0.21171544 0.24030228 0.25741202 0.25460187 0.2257974 0.23658012 0.27117708 0.18074928 0.21244144 0.20621324 0.26981091 0.18478557 0.24848178 0.20576684 0.22764497 0.10041016 0.25134918 0.23380986 0.20235069 0.47915158 0.33642322 0.21412708 0.3169581 0.17198111 0.22152643 0.2702405 0.3902144 0.3002423 0.30315495 0.48845714 0.4085192 0.4475003 0.26523158 0.3042428 0.33163047 0.24817099 0.3341676 0.25042683 0.339259 0.25790182 0.23770545 0.20120884 0.25715017 0.36125043 0.2631231 0.2750585 0.33154756 0.30362466 0.20446852 0.24805081 0.17328976 0.21561906 0.30491 0.43753886 0.5509688 0.25519767 0.53113323 0.6082077 0.43958893 0.40356478 0.469426 0.3941906 0.46062312 0.58199364 0.5845856 0.35582834 0.63983625 0.54385376 0.45126837 0.4767268 0.5425533 0.5467252 0.39519772 0.42485017 0.3737387 0.45622233 0.49186626 0.5259835 0.4191423 0.46789446 0.3957007 0.5829933 0.41289005 0.48229477 0.45938775 0.6128824 0.71762836 0.46969536 0.47101456 0.46009383 0.59205306 0.5433711 0.47341543 0.61152583 0.38115048 0.3751751 0.30842766 0.52792156 0.5517751 0.89385796 0.3717131 0.25994664 0.45585907 0.45395344 0.8090057 0.43903127 0.45215756 0.48216012 0.48656422 0.6398687 0.5652784 0.46593544 0.61078787 0.47048822 0.3235642 0.43280858 0.41973674 0.41439098 0.30467355 0.36792713 0.603263 0.3731136 0.32594576 0.3183236 0.3335427 0.33517286 0.30949184 0.38334548 0.39376625 0.30657673 0.31265125 0.44778997 0.42528158 0.33525306 0.28254184 0.45358026 0.14111333 0.50589705 0.2768622 0.51619446 0.3365111 0.3390945 0.40732917 0.3601641 0.25562727 0.40313628 0.4627242 0.37842143 0.3902852 0.3842621 0.4314301 0.27711806 0.58568305 0.37234956 0.56834054 0.48990074 0.25011054 0.3756323 0.3961025 0.48918653 0.45183685 0.26296744 0.373862 0.46075287 0.37653497 0.39986897 0.3051653 0.37222275 0.45551294 0.25616324 0.23958625 0.46858275 0.25712532 0.2854941 0.30944693 0.27960247 0.3470326 0.3636667 0.4772746 0.405309 0.5014948 0.46860358 0.2862018 0.29818118 0.29497793 0.32759777 0.17279585 0.29540408 0.33434826 0.3691091 0.41414797 0.19756037 0.32200447 0.29598665 0.36199287 0.27630842 0.34443203 0.47491187 0.3367263 0.28124666 0.34182078 0.13861445 0.42042664 0.48238602 0.28193802 0.40697053 0.39149502 0.2100012 0.07935397 0.3408113 0.32946977 0.32194394 0.31798267 0.45273003 0.536015 0.11990968 0.2289757 0.3250711 0.34855986 0.2119744 0.055096935 0.16513665 0.5528498 0.77192837 0.23855497 0.24946693 0.3136797 0.15889959 0.11751961 0.3359269 0.35156417 0.3698095 0.3981772 0.4353247 0.22331935 0.46280807 0.34107625 0.35063127 0.18902545 0.26570907 0.3235171 0.21156116 0.21317631 0.23804766 0.32832408 0.17697039 0.20437837 0.21485624 0.21134454 0.18452042 0.1272261 0.21958463 0.22059797 0.21125315 0.2989545 0.24974379 0.24995232 0.19957586 0.22599073 0.15880656 0.1630884 0.20035651 0.20126928 0.04004021 0.24638838 0.22425702 0.28753844 0.18625072 0.28987548 0.17932351 0.1665984 0.18854727 0.20076777 0.16603857 0.2242809 0.20977286 0.224298 0.21996595 0.27220353 0.17214552 0.29318947 0.23240648 0.56003594 0.18934341 0.22463574 0.32532802 0.36578816 0.18139592 0.4018279 0.17534842 0.3119007 0.2258346 0.24879186 0.2248569 0.20038702 0.40101743 0.26525217 0.42000157 0.26987553 0.18688637 0.20446397 0.29069585 0.32028717 0.20124575 0.2298557 0.3927673 0.3105935 0.26253757 0.28331998 0.30067122 0.23605509 0.371182 0.24015078 0.14100794 0.33772418 0.36440986 0.3309932 0.42485097 0.3103684 0.22682811 0.25172025 0.29520082 0.19062793 0.5433311 0.5217457 0.16119759 0.14759679 0.36934686 0.41121167 0.09657731 0.39010048 0.118575126 0.19435087 0.19445792 0.058391582 0.063099556 0.23271023 0.26538962 0.15901923 0.4130972 0.1303852 0.58645904 0.24498546 0.28642848 0.24522537 0.15656136 0.20943087 0.2118748 0.0844547 0.21787715 0.5771366 0.19634391 0.45373517 0.076745965 0.4626292 0.24317457 0.21040663 0.37840077 0.29204297 0.5162347 0.33260798 0.20198427 0.08202039 0.390859 0.2703651 0.31176966 0.7504573 0.20372568 0.36441758 0.0857742 0.96246564 0.58635277 0.23037662 0.38147315 0.328903 0.20410423 0.38568816 0.29191107 0.4163294 0.26138228 0.22918679 0.35388088 0.22383028 0.28954324 0.34919962 0.40528682 0.57594204 0.41750988 0.32955506 0.2849601 0.33874884 0.24204691 0.12168089 0.38778496 0.48795092 0.39339373 0.34531093 0.30743805 0.244788 0.27956462 0.34578487 0.3115449 0.4074097 0.3378909 0.34260756 0.27119297 0.3117275 0.22704665 0.2967471 0.3361866 0.32804215 0.39779612 0.24289136 0.38460776 0.23752624 0.37649506 0.37229759 0.4940183 0.4027011 0.33236304 0.36380368 0.31044653 0.24446285 0.2512087 0.37497956 0.37726054 0.31697103 0.40485212 0.32775438 0.31783426 0.23783223 0.33866993 0.28802648 0.34029183 0.49522415 0.37031582 0.21841732 0.42646873 0.44632235 0.47928315 0.39345863 0.54487836 0.37954217 0.3969487 0.41634148 0.52543074 0.42272988 0.43520245 0.44783294 0.3036246 0.4186753 0.62573946 0.33974144 0.39789912 0.42212686 0.396089 0.3992069 0.5279108 0.45884204 0.48485485 0.38329634 0.38414344 0.5663274 0.37037256 0.3244692 0.44442853 0.40307814 0.5495381 0.39444983 0.32694164 0.48901865 0.40510997 0.31224346 0.40766189 0.38245428 0.43391275 0.37300733 0.40012845 0.5595699 0.42565295 0.4384985 0.44429317 0.36319283 0.42604336 0.449613 0.33061412 0.41619915 0.38851255 0.84041774 0.40736398 0.42315143 0.3303286 0.4106696 0.48223636 0.411071 0.47237623 0.38456464 0.53212655 0.41628665 0.57446975 0.32287386,0.3004001 0.34454736 0.18435834 0.2215082 0.29667103 0.34624094 0.24202932 0.20745438 0.46659938 0.30635735 0.36875907 0.2116896 0.24027295 0.2573806 0.2545708 0.22576983 0.23655125 0.27114397 0.18072721 0.21241552 0.20618807 0.26977798 0.18476301 0.24845146 0.20574173 0.22761717 0.100397915 0.25131848 0.23378132 0.20232598 0.4790931 0.33638218 0.21410096 0.31691942 0.17196013 0.22149938 0.27020752 0.3901668 0.30020565 0.30311793 0.48839754 0.40846935 0.4474457 0.2651992 0.30420566 0.33159 0.24814071 0.3341268 0.25039625 0.33921757 0.25787035 0.23767644 0.20118429 0.2571188 0.36120632 0.26309097 0.27502492 0.33150712 0.3035876 0.20444357 0.24802054 0.17326862 0.21559274 0.3048728 0.4374855 0.5509016 0.25516653 0.5310684 0.60813344 0.4395353 0.40351555 0.4693687 0.3941425 0.46056688 0.58192265 0.58451426 0.35578492 0.63975817 0.5437874 0.4512133 0.47666863 0.5424871 0.54665846 0.39514947 0.4247983 0.37369308 0.45616665 0.49180624 0.5259193 0.41909114 0.46783736 0.39565238 0.5829222 0.41283965 0.4822359 0.4593317 0.6128076 0.71754074 0.46963802 0.47095707 0.46003768 0.5919808 0.5433048 0.47335768 0.6114512 0.38110396 0.37512928 0.30839002 0.5278571 0.55170774 0.8937489 0.37166774 0.2599149 0.45580345 0.45389804 0.8089069 0.4389777 0.4521024 0.48210126 0.48650482 0.6397906 0.5652094 0.46587858 0.61071336 0.47043082 0.3235247 0.43275574 0.4196855 0.4143404 0.3046364 0.36788225 0.6031894 0.37306806 0.325906 0.31828478 0.333502 0.33513197 0.30945405 0.3832987 0.39371818 0.3065393 0.31261307 0.44773534 0.4252297 0.33521214 0.28250736 0.4535249 0.14109612 0.5058353 0.2768284 0.51613146 0.33647004 0.33905312 0.40727946 0.36012015 0.25559607 0.40308708 0.46266773 0.37837526 0.39023757 0.38421524 0.43137747 0.27708423 0.5856116 0.3723041 0.5682712 0.48984095 0.25008002 0.37558645 0.39605415 0.48912683 0.4517817 0.26293534 0.37381637 0.46069664 0.376489 0.39982015 0.30512807 0.3721773 0.45545733 0.25613198 0.23955701 0.46852556 0.25709394 0.28545925 0.30940917 0.27956834 0.34699026 0.36362234 0.47721633 0.40525955 0.5014336 0.4685464 0.28616688 0.2981448 0.29494193 0.3275578 0.17277476 0.29536805 0.33430746 0.36906406 0.41409743 0.19753626 0.3219652 0.29595053 0.36194867 0.27627468 0.34438998 0.4748539 0.3366852 0.28121236 0.34177905 0.13859752 0.42037535 0.48232713 0.28190362 0.40692088 0.39144725 0.20997557 0.07934429 0.34076974 0.32942957 0.32190463 0.31794387 0.45267478 0.5359495 0.11989505 0.22894774 0.32503143 0.3485173 0.21194853 0.05509021 0.16511649 0.55278236 0.7718342 0.23852585 0.24943648 0.31364143 0.15888019 0.11750527 0.3358859 0.35152128 0.36976436 0.39812863 0.4352716 0.2232921 0.4627516 0.34103465 0.35058847 0.18900238 0.26567665 0.32347763 0.21153535 0.2131503 0.23801862 0.328284 0.17694879 0.20435342 0.21483003 0.21131875 0.18449791 0.12721057 0.21955782 0.22057106 0.21122737 0.298918 0.2497133 0.24992181 0.19955151 0.22596315 0.15878719 0.1630685 0.20033206 0.20124471 0.040035326 0.2463583 0.22422966 0.28750333 0.18622798 0.2898401 0.17930163 0.16657805 0.18852426 0.20074326 0.1660183 0.22425352 0.20974725 0.22427063 0.21993911 0.27217034 0.1721245 0.2931537 0.23237811 0.55996764 0.18932031 0.22460832 0.32528833 0.36574352 0.18137379 0.40177885 0.17532702 0.31186265 0.22580704 0.2487615 0.22482947 0.20036256 0.4009685 0.2652198 0.4199503 0.2698426 0.18686357 0.20443903 0.29066035 0.3202481 0.2012212 0.22982766 0.39271936 0.31055558 0.26250553 0.2832854 0.30063453 0.23602627 0.3711367 0.24012147 0.14099073 0.33768296 0.36436537 0.3309528 0.4247991 0.3103305 0.22680044 0.25168952 0.2951648 0.19060467 0.54326475 0.52168196 0.16117792 0.14757878 0.36930177 0.41116148 0.09656552 0.39005286 0.11856065 0.19432716 0.1944342 0.058384456 0.06309186 0.23268183 0.26535723 0.15899982 0.4130468 0.13036929 0.58638746 0.24495555 0.28639352 0.24519543 0.15654226 0.20940532 0.21184893 0.08444439 0.21785055 0.5770662 0.19631995 0.4536798 0.0767366 0.46257272 0.2431449 0.21038096 0.3783546 0.29200733 0.5161717 0.3325674 0.20195961 0.08201037 0.39081132 0.2703321 0.31173164 0.75036573 0.20370083 0.3643731 0.08576373 0.9623482 0.58628124 0.2303485 0.3814266 0.32886285 0.20407933 0.38564107 0.29187542 0.4162786 0.26135036 0.22915882 0.3538377 0.22380297 0.28950793 0.349157 0.40523738 0.57587177 0.41745895 0.32951486 0.2849253 0.3387075 0.24201736 0.121666044 0.38773763 0.48789138 0.3933457 0.3452688 0.30740052 0.24475813 0.2795305 0.34574267 0.31150687 0.40735996 0.33784968 0.34256575 0.2711599 0.31168947 0.22701895 0.29671088 0.33614558 0.3280021 0.39774758 0.2428617 0.38456082 0.23749724 0.37644914 0.37225217 0.493958 0.40265197 0.33232248 0.36375928 0.31040862 0.24443302 0.25117806 0.3749338 0.3772145 0.31693235 0.4048027 0.32771438 0.3177955 0.2378032 0.3386286 0.28799132 0.34025028 0.4951637 0.3702706 0.21839066 0.42641667 0.4462679 0.47922468 0.39341062 0.5448119 0.37949586 0.39690027 0.41629067 0.5253666 0.4226783 0.43514934 0.44777828 0.30358753 0.4186242 0.6256631 0.33969998 0.39785054 0.42207536 0.39604065 0.39915818 0.5278464 0.45878604 0.48479566 0.38324958 0.38409656 0.5662583 0.37032738 0.32442963 0.4443743 0.40302896 0.549471 0.39440167 0.32690173 0.48895898 0.40506053 0.31220537 0.40761212 0.3824076 0.4338598 0.3729618 0.40007964 0.55950165 0.425601 0.438445 0.44423893 0.36314848 0.4259914 0.44955814 0.33057377 0.41614833 0.38846514 0.84031516 0.40731427 0.4230998 0.33028832 0.4106195 0.4821775 0.41102082 0.47231856 0.3845177 0.53206164 0.41623586 0.57439965 0.32283446,0.0023653551 0.0027129713 0.0014516405 0.0017441591 0.0023359924 0.0027263067 0.0019057427 0.001633499 0.0036740107 0.0024122626 0.0029036147 0.0016668473 0.001891913 0.002026619 0.0020044947 0.0017777152 0.0018626084 0.0021349918 0.0014230489 0.0016725631 0.0016235281 0.0021242362 0.0014548269 0.0019563106 0.0016200136 0.0017922613 0.0007905348 0.0019788856 0.0018407978 0.001593118 0.0037723866 0.0026486786 0.0016858343 0.0024954285 0.0013540168 0.0017440896 0.0021276183 0.0030721794 0.002363824 0.0023867553 0.00384565 0.003216294 0.0035231945 0.0020881828 0.0023953202 0.002610945 0.0019538638 0.0026309197 0.001971624 0.0026710045 0.002030475 0.001871468 0.0015841282 0.0020245574 0.0028441444 0.0020715825 0.0021655506 0.0026102923 0.0023904534 0.0016097919 0.0019529177 0.0013643198 0.0016975807 0.0024005733 0.0034447676 0.0043378077 0.0020091853 0.0041816407 0.0047884523 0.0034609078 0.0031772878 0.0036958165 0.0031034844 0.003626511 0.004582068 0.0046024746 0.002801456 0.005037466 0.004281791 0.0035528606 0.0037532963 0.004271552 0.0043043974 0.0031114132 0.0033448685 0.0029424652 0.0035918634 0.00387249 0.004141097 0.0032999301 0.0036837587 0.0031153732 0.0045899386 0.003250706 0.0037971332 0.003616785 0.0048252563 0.005649927 0.0036979371 0.0037083235 0.003622344 0.004661266 0.0042779907 0.0037272258 0.0048145764 0.0030008187 0.0029537738 0.0024282678 0.0041563553 0.0043441555 0.007037393 0.0029265177 0.0020465741 0.0035890036 0.0035740004 0.006369346 0.0034565171 0.0035598613 0.003796073 0.0038307467 0.0050377212 0.0044504674 0.0036683353 0.004808767 0.0037041798 0.0025474387 0.0034075256 0.0033046103 0.0032625229 0.0023987116 0.0028967105 0.004749523 0.002937544 0.002566189 0.0025061793 0.002626 0.0026388345 0.002436646 0.0030181 0.0031001433 0.0024136952 0.0024615203 0.003525475 0.0033482653 0.0026394657 0.0022244675 0.003571062 0.001110993 0.003982955 0.0021797512 0.004064027 0.0026493703 0.0026697097 0.003206925 0.0028355918 0.0020125676 0.003173914 0.0036430531 0.0029793328 0.0030727368 0.0030253169 0.003396673 0.0021817656 0.004611115 0.0029315285 0.0044745766 0.0038570154 0.001969134 0.0029573736 0.0031185367 0.0038513923 0.003557336 0.002070357 0.002943436 0.0036275326 0.0029644803 0.0031481902 0.0024025831 0.0029305299 0.0035862783 0.0020167872 0.0018862757 0.0036891776 0.0020243616 0.0022477107 0.0024362926 0.0022013255 0.0027322068 0.002863168 0.0037576088 0.00319102 0.003948296 0.0036893417 0.0022532826 0.0023475967 0.0023223774 0.0025791952 0.0013604312 0.0023257327 0.0026323423 0.0029060163 0.0032606097 0.0015554036 0.002535159 0.0023303193 0.0028499896 0.0021753912 0.0027117322 0.003739007 0.0026510647 0.0022142706 0.0026911737 0.001091319 0.0033100422 0.0037978515 0.0022197135 0.0032041015 0.003082262 0.001653351 0.0006247582 0.0026832263 0.0025939336 0.0025346822 0.002503495 0.0035643682 0.004220075 0.0009440555 0.0018027382 0.0025593026 0.0027442307 0.001668886 0.00043378118 0.0013001298 0.004352617 0.0060774344 0.0018781563 0.0019640669 0.0024696176 0.0012510251 0.0009252383 0.002644771 0.0027678842 0.0029115304 0.0031348711 0.0034273353 0.0017582055 0.0036437134 0.0026853122 0.002760539 0.0014882077 0.0020919421 0.0025470678 0.0016656327 0.0016783488 0.0018741623 0.0025849133 0.0013932976 0.0016090821 0.001691575 0.0016639271 0.0014527395 0.001001658 0.0017288018 0.0017367799 0.0016632077 0.0023536852 0.0019662464 0.0019678883 0.0015712717 0.0017792374 0.0012502929 0.001284004 0.0015774178 0.001584604 0.00031523878 0.0019398292 0.001765588 0.0022638058 0.001466362 0.0022822055 0.0014118239 0.0013116383 0.001484443 0.0015806556 0.0013072308 0.0017657757 0.0016515532 0.0017659104 0.001731804 0.0021430736 0.001355311 0.002308297 0.0018297489 0.004409194 0.0014907111 0.0017685695 0.0025613254 0.0028798701 0.0014281401 0.003163613 0.0013805277 0.0024556115 0.0017780082 0.001958752 0.0017703108 0.001577658 0.0031572322 0.002088345 0.0033066953 0.002124745 0.0014713667 0.0016097561 0.0022886642 0.0025216385 0.0015844189 0.0018096666 0.0030922785 0.0024453194 0.0020669727 0.0022305937 0.002367201 0.0018584746 0.002922336 0.0018907202 0.0011101633 0.002658921 0.0028690186 0.0026059274 0.0033448748 0.0024435474 0.0017858302 0.0019818072 0.0023241322 0.0015008242 0.004277675 0.004107732 0.0012691175 0.0011620376 0.002907888 0.003237492 0.00076035847 0.0030712823 0.00093354844 0.0015301352 0.0015309779 0.00045972012 0.0004967863 0.0018321404 0.002089427 0.001251967 0.003252337 0.0010265298 0.004617224 0.0019287838 0.002255067 0.0019306727 0.0012326161 0.0016488608 0.0016681018 0.0006649165 0.0017153587 0.0045438283 0.0015458264 0.003572282 0.0006042252 0.0036423048 0.0019145268 0.001656543 0.00297917 0.0022992704 0.004064344 0.002618641 0.0015902332 0.00064575096 0.0030772546 0.0021285992 0.0024545798 0.0059083914 0.0016039435 0.0028690794 0.00067530497 0.007577545 0.0046163877 0.0018137677 0.003003359 0.0025894712 0.0016069239 0.003036544 0.0022982317 0.0032777842 0.002057877 0.0018044001 0.0027861237 0.0017622281 0.00227959 0.0027492677 0.0031908455 0.0045344234 0.0032870783 0.0025946053 0.0022435065 0.0026669882 0.0019056485 0.00095800037 0.0030530521 0.0038416644 0.0030972103 0.002718652 0.0024204766 0.0019272293 0.0022010275 0.0027223832 0.00245281 0.0032075588 0.0026602338 0.0026973682 0.0021351173 0.0024542478 0.0017875509 0.002336306 0.0026468155 0.0025826937 0.0031318706 0.0019122969 0.003028038 0.001870057 0.0029641665 0.0029311194 0.003889433 0.003170488 0.0026167124 0.0028642463 0.0024441623 0.0019246694 0.00197778 0.0029522348 0.0029701928 0.0024955303 0.0031874229 0.0025804283 0.0025023266 0.0018724662 0.0026663668 0.0022676482 0.002679136 0.0038989268 0.0029155167 0.0017196115 0.0033576116 0.0035139206 0.0037734227 0.0030977214 0.0042898576 0.0029881564 0.003125199 0.0032778792 0.004136745 0.0033281755 0.0034263728 0.0035258133 0.002390453 0.0032962535 0.0049264813 0.002674803 0.0031326814 0.003323428 0.0031184303 0.0031429778 0.004156271 0.0036124885 0.0038172887 0.0030177133 0.0030243823 0.004458727 0.0029159638 0.002554564 0.00349901 0.0031734565 0.0043265433 0.003105525 0.0025740294 0.0038500708 0.003189453 0.00245831 0.003209544 0.0030110835 0.0034162188 0.002936707 0.0031502333 0.0044055246 0.003351189 0.003452323 0.0034979444 0.002859437 0.0033542628 0.003539828 0.002602943 0.0032767586 0.0030587807 0.006616655 0.003207199 0.0033314943 0.0026006955 0.0032332244 0.0037966731 0.0032363844 0.0037190437 0.0030276985 0.004189462 0.0032774478 0.004522832 0.0025420035,
288,512,,,0.004961525 0.004961525 0.004961525 0.004961525 0.004961525 0.004961525 0.004961525 0.004961525 0.004961525 0.004961525 0.004961525 0.004961525 0.004961525 0.004961525 0.004961525 0.004961525 0.004961525 0.004961525 0.004961525 0.004961525 0.004961525 0.004961525 0.004961525 0.004961525 0.004961525 0.004961525 0.004961525 0.004961525 0.004961525 0.004961525 0.004961525 0.004961525 0.004961525 0.004961525 0.004961525 0.004961525 0.004961525 0.004961525 0.004961525 0.004961525 0.004961525 0.004961525 0.004961525 0.004961525 0.004961525 0.004961525 0.004961525 0.004961525 0.004961525 0.004961525 0.004961525 0.004961525 0.004961525 0.004961525 0.004961525 0.004961525 0.004961525 0.004961525 0.004961525 0.004961525 0.004961525 0.004961525 0.004961525 0.004961525 0.004961525 0.004961525 0.004961525 0.004961525 0.004961525 0.004961525 0.004961525 0.004961525 0.004961525 0.004961525 0.004961525 0.004961525 0.004961525 0.004961525 0.004961525 0.004961525 0.004961525 0.004961525 0.004961525 0.004961525 0.004961525 0.004961525 0.004961525 0.004961525 0.004961525 0.004961525 0.004961525 0.004961525 0.004961525 0.004961525 0.004961525 0.004961525 0.004961525 0.004961525 0.004961525 0.004961525 0.004961525 0.004961525 0.004961525 0.004961525 0.004961525 0.004961525 0.004961525 0.004961525 0.004961525 0.004961525 0.004961525 0.004961525 0.004961525 0.004961525 0.004961525 0.004961525 0.004961525 0.004961525 0.004961525 0.004961525 0.004961525 0.004961525 0.004961525 0.004961525 0.004961525 0.004961525 0.004961525 0.004961525 0.004961525 0.004961525 0.004961525 0.004961525 0.004961525 0.004961525 0.004961525 0.004961525 0.004961525 0.004961525 0.004961525 0.004961525 0.004961525 0.004961525 0.004961525 0.004961525 0.004961525 0.004961525 0.004961525 0.004961525 0.004961525 0.004961525 0.004961525 0.004961525 0.004961525 0.004961525 0.004961525 0.004961525 0.004961525 0.004961525 0.004961525 0.004961525 0.004961525 0.004961525 0.004961525 0.004961525 0.004961525 0.004961525 0.004961525 0.004961525 0.004961525 0.004961525 0.004961525 0.004961525 0.004961525 0.004961525 0.004961525 0.004961525 0.004961525 0.004961525 0.004961525 0.004961525 0.004961525 0.004961525 0.004961525 0.004961525 0.004961525 0.004961525 0.004961525 0.004961525 0.004961525 0.004961525 0.004961525 0.004961525 0.004961525 0.004961525 0.004961525 0.004961525 0.004961525 0.004961525 0.004961525 0.004961525 0.004961525 0.004961525 0.004961525 0.004961525 0.004961525 0.004961525 0.004961525 0.004961525 0.004961525 0.004961525 0.004961525 0.004961525 0.004961525 0.004961525 0.004961525 0.004961525 0.004961525 0.004961525 0.004961525 0.004961525 0.004961525 0.004961525 0.004961525 0.004961525 0.004961525 0.004961525 0.004961525 0.004961525 0.004961525 0.004961525 0.004961525 0.004961525 0.004961525 0.004961525 0.004961525 0.004961525 0.004961525 0.004961525 0.004961525 0.004961525 0.004961525 0.004961525 0.004961525 0.004961525 0.004961525 0.004961525 0.004961525 0.004961525 0.004961525 0.004961525 0.004961525 0.004961525 0.004961525 0.004961525 0.004961525 0.004961525 0.004961525 0.004961525 0.004961525 0.004961525 0.004961525 0.004961525 0.004961525 0.004961525 0.004961525 0.004961525 0.004961525 0.004961525 0.004961525 0.004961525 0.004961525 0.004961525 0.004961525 0.004961525 0.004961525 0.004961525 0.004961525 0.004961525 0.004961525 0.004961525 0.004961525 0.004961525 0.004961525 0.004961525 0.004961525 0.004961525 0.004961525 0.004961525 0.004961525 0.004961525 0.004961525 0.004961525 0.004961525 0.004961525 0.004961525 0.004961525 0.004961525 0.004961525 0.004961525 0.004961525 0.004961525 0.004961525 0.004961525 0.004961525 0.004961525 0.004961525 0.004961525 0.004961525 0.004961525 0.004961525 0.004961525 0.004961525 0.004961525 0.004961525 0.004961525 0.004961525 0.004961525 0.004961525 0.004961525 0.004961525 0.004961525 0.004961525 0.004961525 0.004961525 0.004961525 0.004961525 0.004961525 0.004961525 0.004961525 0.004961525 0.004961525 0.004961525 0.004961525 0.004961525 0.004961525 0.004961525 0.004961525 0.004961525 0.004961525 0.004961525 0.004961525 0.004961525 0.004961525 0.004961525 0.004961525 0.004961525 0.004961525 0.004961525 0.004961525 0.004961525 0.004961525 0.004961525 0.004961525 0.004961525 0.004961525 0.004961525 0.004961525 0.004961525 0.004961525 0.004961525 0.004961525 0.004961525 0.004961525 0.004961525 0.004961525 0.004961525 0.004961525 0.004961525 0.004961525 0.004961525 0.004961525 0.004961525 0.004961525 0.004961525 0.004961525 0.004961525 0.004961525 0.004961525 0.004961525 0.004961525 0.004961525 0.004961525 0.004961525 0.004961525 0.004961525 0.004961525 0.004961525 0.004961525 0.004961525 0.004961525 0.004961525 0.004961525 0.004961525 0.004961525 0.004961525 0.004961525 0.004961525 0.004961525 0.004961525 0.004961525 0.004961525 0.004961525 0.004961525 0.004961525 0.004961525 0.004961525 0.004961525 0.004961525 0.004961525 0.004961525 0.004961525 0.004961525 0.004961525 0.004961525 0.004961525 0.004961525 0.004961525 0.004961525 0.004961525 0.004961525 0.004961525 0.004961525 0.004961525 0.004961525 0.004961525 0.004961525 0.004961525 0.004961525 0.004961525 0.004961525 0.004961525 0.004961525 0.004961525 0.004961525 0.004961525 0.004961525 0.004961525 0.004961525 0.004961525 0.004961525 0.004961525 0.004961525 0.004961525 0.004961525 0.004961525 0.004961525 0.004961525 0.004961525 0.004961525 0.004961525 0.004961525 0.004961525 0.004961525 0.004961525 0.004961525 0.004961525 0.004961525 0.004961525 0.004961525 0.004961525 0.004961525 0.004961525 0.004961525 0.004961525 0.004961525 0.004961525 0.004961525 0.004961525 0.004961525 0.004961525 0.004961525 0.004961525 0.004961525 0.004961525 0.004961525 0.004961525 0.004961525 0.004961525 0.004961525 0.004961525 0.004961525 0.004961525 0.004961525 0.004961525 0.004961525 0.004961525 0.004961525 0.004961525 0.004961525 0.004961525 0.004961525 0.004961525 0.004961525 0.004961525 0.004961525 0.004961525 0.004961525 0.004961525 0.004961525 0.004961525 0.004961525 0.004961525 0.004961525 0.004961525 0.004961525 0.004961525 0.004961525 0.004961525 0.004961525 0.004961525 0.004961525 0.004961525,12 12 13 13 12 12 13 13 12 12 12 13 13 12 12 13 13 12 13 13 13 12 13 12 13 13 14 12 13 13 12 12 13 12 13 13 12 12 12 12 12 12 12 12 12 12 12 12 12 12 12 13 13 12 12 12 12 12 12 13 12 13 13 12 12 11 12 11 11 12 12 12 12 12 11 11 12 11 11 12 12 11 11 12 12 12 12 12 11 12 12 12 11 12 12 12 11 11 12 12 12 11 11 12 11 12 12 12 11 11 11 12 12 12 12 11 12 12 12 12 11 11 12 11 12 12 12 12 12 12 12 11 12 12 12 12 12 12 12 12 12 12 12 12 12 12 12 13 11 12 11 12 12 12 12 12 12 12 12 12 12 12 12 11 12 11 12 12 12 12 12 12 12 12 12 12 12 12 12 12 12 13 12 12 12 12 12 12 12 12 12 11 12 12 12 12 12 13 12 12 12 12 13 12 12 12 12 12 12 12 12 12 13 12 12 12 12 12 13 14 12 12 12 12 12 11 14 13 12 12 13 15 13 11 11 13 12 12 13 14 12 12 12 12 12 13 12 12 12 13 12 12 13 13 13 12 13 13 13 13 13 13 13 13 13 12 12 12 13 13 13 13 13 13 15 13 13 12 13 12 13 13 13 13 13 13 13 13 13 12 13 12 13 11 13 13 12 12 13 12 13 12 13 12 13 13 12 12 12 12 13 13 12 12 13 13 12 12 12 12 12 13 12 13 13 12 12 12 12 12 13 12 12 13 11 11 13 13 12 12 14 12 14 13 13 15 14 13 12 13 12 13 11 13 12 13 13 13 13 14 13 11 13 12 14 12 13 13 12 12 11 12 13 14 12 12 12 11 13 12 14 11 11 13 12 12 13 12 12 12 12 13 12 13 12 12 12 11 12 12 12 12 13 14 12 12 12 12 12 13 12 12 12 12 12 12 12 12 13 12 12 12 12 13 12 13 12 12 12 12 12 12 12 13 12 12 12 12 12 12 12 13 12 12 12 11 12 13 12 12 12 12 11 12 12 12 11 12 12 12 12 12 11 12 12 12 12 12 11 12 12 12 12 11 12 12 12 12 11 12 12 12 12 12 12 12 12 12 12 11 12 12 12 12 12 12 12 12 12 11 12 12 12 12 12 12 12 12 11 12 11 12
299,1x1x1x400,1.3919834,1.3918135,,
320,3x3x1x256,0.29032025 0.3096643 0.60414517 0.48715633 0.45131359 0.36661804 0.46113884 0.51894754 0.37872425 0.38824072 0.38461193 0.40320018 0.3435753 0.31919536 0.3893798 0.4002039 0.30893257 0.4133693 0.57118195 0.3361852 0.40691444 0.60598814 0.45976108 0.40751693 0.32150707 0.35516113 0.4221621 0.50309587 0.59285545 0.5443546 0.33463788 0.55076516 0.43859345 0.39477617 0.38039684 0.5063919 0.4186943 0.5905025 0.35530835 0.36316293 0.3524847 0.4726116 0.4762799 0.34577048 0.6225919 0.51058483 0.048632126 0.48983887 0.4199146 0.38613537 0.42816043 0.37296999 0.42010558 0.3631544 0.41495755 0.37438396 0.3564525 0.3502018 0.34265 0.30326924 0.38855836 0.42878962 0.46456236 0.39694053 0.94181013 1.057234 1.1589648 0.66814405 0.6940269 1.0076444 1.0282555 0.7470029 0.62699807 1.0304039 1.1357484 0.50206393 1.1133401 0.93333465 0.69734716 0.89784104 0.7647905 0.72198105 0.56232506 0.7977212 1.5893077 0.73500043 0.58992976 1.0957195 0.8986512 0.8349526 0.61929643 1.7763973 1.0406034 0.98139316 0.9483097 0.8376757 0.57390577 0.5268416 1.3266007 0.93130666 0.660866 0.52970946 0.4383279 2.41177 0.74978954 0.85474116 0.58115983 0.92994237 1.2184036 0.78537846 0.88816404 0.8635416 0.8018007 0.87571055 0.9337165 0.7593922 0.2870414 0.4460187 0.72861004 0.7531238 0.7290248 0.81322527 0.33400255 0.81705976 1.1539614 0.8015775 0.29176885 0.76194847 0.4536364 0.4321584 0.19150527 0.25679895 1.020403 0.6255508 0.11986629 0.46063992 0.19044887 0.22462033 0.38979644 0.5825855 0.38144037 0.5487031 0.217205 0.2763673 0.9652128 0.80895483 0.23808947 0.2685237 1.5395392 0.17098963 0.96951747 0.33369052 1.0550642 1.581136 2.4975283 0.4913567 0.24540935 0.8909828 0.3509257 1.4562567 0.35641015 0.3210591 0.22040103 0.7621819 0.9646251 1.3162955 0.6977958 1.2513698 0.74772775 0.3125191 0.56825626 0.41472378 2.1491683 0.53999484 0.22845817 1.0589402 0.35722375 0.8796102 0.2355448 0.30977362 0.27975345 2.0015802 0.14451356 0.13735202 0.16049771 0.27104694 0.7062773 0.35579723 1.9659147 0.3832703 0.26037085 0.9260796 0.5610804 0.95403296 0.6386608 1.017947 0.63587743 0.8659238 0.76202625 0.9978116 1.1399184 0.38974848 0.97520566 0.7233884 0.72740835 0.93338084 0.91538244 0.79330367 0.6539762 0.7510651 1.2000304 0.9029635 0.9407298 0.21620825 0.6967264 0.883546 1.1579478 0.9292303 0.8312057 1.3066174 0.86357015 0.75383306 0.54441077 0.89581406 0.88644433 0.7207169 0.9012338 0.7202181 1.1450081 0.6419104 0.9480288 0.9038842 0.8113948 0.75281566 0.7383292 0.7527518 0.79420346 0.76738477 0.7906895 0.849115 0.71486324 0.74081796 0.74384826 0.74461854 0.9237805 0.75397325 0.9439211 1.0096717 0.704533 0.4799049 0.7049976 0.79418355 0.8017368 0.71774745 0.7358498 0.69236505,0.2902848 0.30962652 0.60407144 0.48709688 0.4512585 0.36657327 0.46108255 0.51888424 0.37867802 0.38819334 0.384565 0.40315098 0.34353337 0.3191564 0.3893323 0.40015507 0.30889487 0.41331887 0.5711122 0.33614418 0.40686476 0.6059142 0.459705 0.4074672 0.32146785 0.35511777 0.42211056 0.5030345 0.5927831 0.5442882 0.33459702 0.550698 0.43853992 0.394728 0.38035044 0.5063301 0.4186432 0.59043044 0.355265 0.36311862 0.35244167 0.4725539 0.47622177 0.34572828 0.6225159 0.5105225 0.048626192 0.48977908 0.41986337 0.38608825 0.42810816 0.37292445 0.4200543 0.3631101 0.4149069 0.37433827 0.356409 0.35015905 0.34260818 0.30323222 0.38851094 0.42873728 0.46450564 0.39689207 0.94169515 1.057105 1.1588233 0.6680625 0.6939422 1.0075215 1.02813 0.7469117 0.62692153 1.0302781 1.1356099 0.50200266 1.1132042 0.93322074 0.69726205 0.8977314 0.76469713 0.7218929 0.5622564 0.7976238 1.5891137 0.7349107 0.58985776 1.0955858 0.8985415 0.8348507 0.61922085 1.7761806 1.0404763 0.98127335 0.948194 0.83757347 0.57383573 0.5267773 1.3264388 0.931193 0.6607854 0.52964485 0.4382744 2.411476 0.74969804 0.85463685 0.5810889 0.9298289 1.2182548 0.7852826 0.8880557 0.8634362 0.8017029 0.8756037 0.9336025 0.7592995 0.28700635 0.44596425 0.7285211 0.7530319 0.7289359 0.813126 0.3339618 0.81696004 1.1538205 0.8014797 0.29173324 0.7618555 0.45358106 0.4321057 0.19148189 0.25676763 1.0202786 0.62547445 0.119851656 0.4605837 0.19042562 0.22459292 0.38974887 0.5825144 0.38139382 0.5486361 0.2171785 0.2763336 0.965095 0.80885607 0.23806041 0.26849094 1.5393513 0.17096876 0.96939915 0.33364978 1.0549355 1.5809431 2.4972234 0.49129674 0.2453794 0.890874 0.3508829 1.456079 0.35636663 0.32101995 0.22037414 0.7620889 0.9645074 1.3161349 0.6977107 1.2512171 0.7476365 0.31248096 0.56818694 0.41467315 2.148906 0.539929 0.22843029 1.058811 0.35718015 0.87950283 0.23551606 0.30973583 0.27971932 2.001336 0.14449593 0.13733526 0.16047812 0.27101386 0.7061911 0.3557538 1.9656749 0.3832235 0.26033908 0.92596656 0.5610119 0.9539165 0.6385829 1.0178227 0.6357998 0.86581814 0.76193327 0.99768984 1.1397793 0.38970092 0.9750867 0.7233001 0.72731954 0.93326694 0.91527075 0.7932068 0.6538964 0.7509734 1.199884 0.9028533 0.940615 0.21618187 0.6966414 0.88343817 1.1578064 0.9291169 0.8311043 1.306458 0.8634648 0.753741 0.54434437 0.89570475 0.88633615 0.720629 0.90112376 0.72013026 1.1448684 0.641832 0.9479131 0.9037739 0.81129575 0.75272375 0.7382391 0.7526599 0.79410654 0.7672911 0.790593 0.8490114 0.71477604 0.74072754 0.7437575 0.7445277 0.9236677 0.7538812 0.94380593 1.0095485 0.70444703 0.47984633 0.70491153 0.79408664 0.80163896 0.7176599 0.73576003 0.6922806,0.0022857073 0.0024380041 0.004756468 0.0038354085 0.0035532166 0.0028864038 0.0036305713 0.004085703 0.0029817168 0.0030566405 0.0030280708 0.0031744172 0.002704987 0.0025130427 0.0030656087 0.0031508273 0.0024322432 0.0032544793 0.0044969465 0.0026468046 0.0032036596 0.004770978 0.0036197244 0.003208403 0.0025312428 0.002796203 0.0033237052 0.0039609014 0.0046675834 0.004285734 0.0026346222 0.0043362044 0.0034530703 0.0031080944 0.0029948854 0.003986851 0.0032964032 0.0046490585 0.0027973622 0.0028592017 0.0027751313 0.003720897 0.0037497778 0.0027222699 0.0049017 0.004019862 0.0003828834 0.0038565283 0.0033060107 0.003040065 0.0033709304 0.002936413 0.0033075141 0.0028591347 0.0032669834 0.0029475454 0.0028063701 0.002757158 0.0026977023 0.0023876552 0.0030591413 0.0033758841 0.0036575247 0.0031251344 0.0074149226 0.008323661 0.009124593 0.005260335 0.005464112 0.00793324 0.008095512 0.0058811945 0.00493639 0.008112426 0.00894181 0.003952777 0.008765387 0.0073481947 0.0054902523 0.0070687514 0.0060212375 0.005684196 0.0044272156 0.0062805023 0.012512706 0.005786699 0.0046445495 0.00862666 0.00707513 0.0065736277 0.004875755 0.013985674 0.008192727 0.0077265617 0.0074660946 0.0065950667 0.0045183916 0.004147853 0.0104444 0.007332228 0.0052030343 0.0041704318 0.0034509797 0.018987998 0.005903134 0.006729424 0.004575503 0.007321487 0.009592557 0.0061833276 0.0069925645 0.00679871 0.0063126213 0.006894517 0.007351201 0.0059787366 0.0022598924 0.0035115294 0.005736387 0.0059293853 0.0057396526 0.006402567 0.0026296205 0.0064327563 0.009085201 0.006310864 0.002297112 0.005998862 0.0035715045 0.003402407 0.0015077314 0.0020217923 0.008033689 0.004924996 0.0009437138 0.0036266432 0.0014994143 0.0017684483 0.0030688888 0.004586728 0.0030031009 0.004319969 0.0017100669 0.0021758552 0.007599173 0.0063689454 0.0018744915 0.0021141018 0.012120876 0.0013462107 0.0076330644 0.0026271637 0.008306579 0.012448371 0.019663176 0.0038684784 0.0019321212 0.007014756 0.0027628574 0.011465189 0.0028060365 0.002527716 0.0017352294 0.0060007 0.0075945463 0.010363267 0.005493785 0.009852103 0.0058869016 0.00246048 0.004473913 0.003265143 0.01692052 0.0042514093 0.0017986636 0.008337094 0.0028124421 0.006925219 0.0018544572 0.002438865 0.0022025143 0.015758552 0.0011377633 0.00108138 0.0012636072 0.0021339674 0.00556056 0.002801211 0.015477755 0.003017508 0.002049914 0.0072910753 0.0044174166 0.0075111534 0.0050282115 0.008014352 0.005006298 0.0068174656 0.0059994743 0.007855825 0.008974641 0.0030685111 0.007677848 0.0056952764 0.0057269256 0.0073485584 0.0072068563 0.006245723 0.0051487903 0.0059131766 0.009447906 0.0071090814 0.0074064173 0.0017022195 0.005485365 0.006956206 0.009116585 0.007315881 0.006544128 0.010287071 0.006798935 0.0059349686 0.004286176 0.007052793 0.006979025 0.005674244 0.0070954626 0.005670317 0.009014712 0.0050537954 0.0074638827 0.00711633 0.0063881553 0.0059269588 0.005812906 0.005926456 0.0062528076 0.0060416623 0.006225142 0.0066851294 0.005628158 0.0058325003 0.005856358 0.0058624228 0.007272974 0.0059360727 0.007431543 0.007949201 0.005546827 0.0037783175 0.0055504846 0.0062526506 0.006312118 0.0056508654 0.005793386 0.0054510282,
321,256,,,0.004134712 0.004134712 0.004134712 0.004134712 0.004134712 0.004134712 0.004134712 0.004134712 0.004134712 0.004134712 0.004134712 0.004134712 0.004134712 0.004134712 0.004134712 0.004134712 0.004134712 0.004134712 0.004134712 0.004134712 0.004134712 0.004134712 0.004134712 0.004134712 0.004134712 0.004134712 0.004134712 0.004134712 0.004134712 0.004134712 0.004134712 0.004134712 0.004134712 0.004134712 0.004134712 0.004134712 0.004134712 0.004134712 0.004134712 0.004134712 0.004134712 0.004134712 0.004134712 0.004134712 0.004134712 0.004134712 0.004134712 0.004134712 0.004134712 0.004134712 0.004134712 0.004134712 0.004134712 0.004134712 0.004134712 0.004134712 0.004134712 0.004134712 0.004134712 0.004134712 0.004134712 0.004134712 0.004134712 0.004134712 0.004134712 0.004134712 0.004134712 0.004134712 0.004134712 0.004134712 0.004134712 0.004134712 0.004134712 0.004134712 0.004134712 0.004134712 0.004134712 0.004134712 0.004134712 0.004134712 0.004134712 0.004134712 0.004134712 0.004134712 0.004134712 0.004134712 0.004134712 0.004134712 0.004134712 0.004134712 0.004134712 0.004134712 0.004134712 0.004134712 0.004134712 0.004134712 0.004134712 0.004134712 0.004134712 0.004134712 0.004134712 0.004134712 0.004134712 0.004134712 0.004134712 0.004134712 0.004134712 0.004134712 0.004134712 0.004134712 0.004134712 0.004134712 0.004134712 0.004134712 0.004134712 0.004134712 0.004134712 0.004134712 0.004134712 0.004134712 0.004134712 0.004134712 0.004134712 0.004134712 0.004134712 0.004134712 0.004134712 0.004134712 0.004134712 0.004134712 0.004134712 0.004134712 0.004134712 0.004134712 0.004134712 0.004134712 0.004134712 0.004134712 0.004134712 0.004134712 0.004134712 0.004134712 0.004134712 0.004134712 0.004134712 0.004134712 0.004134712 0.004134712 0.004134712 0.004134712 0.004134712 0.004134712 0.004134712 0.004134712 0.004134712 0.004134712 0.004134712 0.004134712 0.004134712 0.004134712 0.004134712 0.004134712 0.004134712 0.004134712 0.004134712 0.004134712 0.004134712 0.004134712 0.004134712 0.004134712 0.004134712 0.004134712 0.004134712 0.004134712 0.004134712 0.004134712 0.004134712 0.004134712 0.004134712 0.004134712 0.004134712 0.004134712 0.004134712 0.004134712 0.004134712 0.004134712 0.004134712 0.004134712 0.004134712 0.004134712 0.004134712 0.004134712 0.004134712 0.004134712 0.004134712 0.004134712 0.004134712 0.004134712 0.004134712 0.004134712 0.004134712 0.004134712 0.004134712 0.004134712 0.004134712 0.004134712 0.004134712 0.004134712 0.004134712 0.004134712 0.004134712 0.004134712 0.004134712 0.004134712 0.004134712 0.004134712 0.004134712 0.004134712 0.004134712 0.004134712 0.004134712 0.004134712 0.004134712 0.004134712 0.004134712 0.004134712 0.004134712 0.004134712 0.004134712 0.004134712 0.004134712 0.004134712 0.004134712 0.004134712 0.004134712 0.004134712 0.004134712 0.004134712 0.004134712 0.004134712 0.004134712 0.004134712 0.004134712 0.004134712 0.004134712 0.004134712 0.004134712 0.004134712 0.004134712 0.004134712 0.004134712 0.004134712 0.004134712 0.004134712 0.004134712 0.004134712,16 16 15 16 16 16 16 15 16 16 16 16 16 16 16 16 16 16 15 16 16 15 16 16 16 16 16 15 15 15 16 15 16 16 16 15 16 15 16 16 16 16 16 16 15 15 16 16 16 16 16 16 16 16 16 16 16 16 16 16 16 16 16 16 15 14 14 15 15 14 14 15 15 14 14 15 14 15 15 15 15 15 15 15 14 15 15 14 15 15 15 14 14 15 15 15 15 15 14 15 15 15 16 13 15 15 15 15 14 15 15 15 15 15 15 15 16 16 15 15 15 15 16 15 14 15 16 15 16 16 16 16 14 15 16 16 16 16 16 15 16 15 16 16 15 15 16 16 14 16 15 16 14 14 13 16 16 15 16 14 16 16 16 15 15 14 15 14 15 16 15 16 13 15 16 14 16 15 16 16 16 13 16 16 16 16 15 16 14 16 16 15 15 15 15 14 15 15 15 14 14 16 15 15 15 15 15 15 15 15 14 15 15 16 15 15 14 15 15 14 15 15 15 15 15 15 15 15 14 15 15 15 15 15 15 15 15 15 15 15 15 15 15 15 15 15 15 14 15 16 15 15 15 15 15 15
329,1x1x256x256,0.15693556 0.19946156 0.12872413 0.15836725 0.15533036 0.15687992 0.0930801 0.16206957 0.12905882 0.18074623 0.16876009 0.14959122 0.16513245 0.113122016 0.17945623 0.15723678 0.28942966 0.24335441 0.19053236 0.15584955 0.21525411 0.12448178 0.24514657 0.17225668 0.17501064 0.1313116 0.15662514 0.16686714 0.106983244 0.11805032 0.11811173 0.13664015 0.17428967 0.19058788 0.18892768 0.117967464 0.16201273 0.12591547 0.1290087 0.18238978 0.13104898 0.1762538 0.1262969 0.15689631 0.13328122 0.11013285 0.15016659 0.15455051 0.12781127 0.23406164 0.15802991 0.113915056 0.12027832 0.15470481 0.15078415 0.20681818 0.12017895 0.14365606 0.16936764 0.10531907 0.15333477 0.15388764 0.117553174 0.14161088 1.0120953 0.13232666 0.15252396 0.1565879 0.16811176 0.31056458 0.11180258 0.16870669 0.14905885 0.14692163 0.13206758 0.14090417 0.14232635 0.14361157 0.1616231 0.12139831 0.16787253 0.1060322 0.17686391 0.12804218 0.12947321 0.1799291 0.10924667 0.1585091 0.16444433 0.17119768 0.15065704 0.14557111 0.14145997 0.12220718 0.11885516 0.15161647 0.14500782 0.15636078 0.3439486 0.16390319 0.21982898 0.3887002 0.14153193 0.12647381 0.13791756 0.102408454 0.18995199 0.1385866 0.16830894 0.13317285 0.16819589 0.35610068 0.15642227 0.12951903 0.16621554 1.0657642 0.111165084 0.26448748 0.111441 0.16628471 0.11788073 0.15914921 0.14649163 0.09642998 0.1880875 0.14591298 0.11673282 0.14460617 0.14666447 0.27179477 0.1380545 0.14986722 0.19356161 0.17554763 0.13271803 0.22744119 0.15511122 0.1646908 0.11872866 0.13828631 0.12676243 0.24209613 0.15251179 0.17981128 0.13551477 0.13439918 0.09354522 0.15108006 0.13279979 0.16786143 0.23785798 0.19906442 0.21274565 0.10840315 0.16603696 0.128192 0.17840229 0.19876458 0.14003462 0.16833314 0.149126 0.2174671 0.13292137 0.123973645 0.14521751 0.13580857 0.13431266 0.1473825 0.17647345 0.12454735 0.15282227 0.16525239 0.3679161 0.12889344 0.13169199 0.16975401 0.16016616 0.102681845 0.13005622 0.13973649 0.18921252 0.2311065 0.2183878 0.15259068 0.12781778 0.12300305 0.117653325 0.15724555 0.1673035 0.1616417 0.13033332 0.16965282 0.19459751 0.16199201 0.13334225 0.13944738 0.123177774 0.16999887 0.15893622 0.1362106 0.15761791 0.12771341 0.1297965 0.1395863 0.11856213 0.11565619 0.17274632 0.18927911 0.15108445 0.11009894 0.3175481 0.1909858 0.11160715 0.1222477 0.14213137 0.09625447 0.17553157 0.13420407 0.202621 0.22500323 0.1686252 0.15463091 0.14110626 0.14222094 0.15781178 0.14400733 0.11119961 0.07444796 0.1460884 0.26541337 0.17338708 0.17902367 0.13721067 0.12305642 0.09474192 0.13473575 0.118407525 0.12610608 0.12848757 0.22559135 0.12674186 0.1242612 0.13427977 0.21737206 0.13321398 0.18350044 0.17084381 0.12325535 0.14732991 0.12125134 0.16656207 0.13036937 0.1284173 0.15663905 0.384433 0.157184,0.1569164 0.19943723 0.1287084 0.15834792 0.1553114 0.15686077 0.09306875 0.16204979 0.12904307 0.18072416 0.1687395 0.14957297 0.16511229 0.11310821 0.17943434 0.15721759 0.28939435 0.24332471 0.1905091 0.15583052 0.21522784 0.12446659 0.24511665 0.17223565 0.17498927 0.13129556 0.15660602 0.16684678 0.10697018 0.11803592 0.11809732 0.13662347 0.1742684 0.19056462 0.18890461 0.11795306 0.16199295 0.1259001 0.12899296 0.18236752 0.13103297 0.1762323 0.12628147 0.15687716 0.13326496 0.11011941 0.15014826 0.15453164 0.12779567 0.23403308 0.15801062 0.11390115 0.12026364 0.15468593 0.15076575 0.20679294 0.12016429 0.14363854 0.16934697 0.105306216 0.15331605 0.15386885 0.11753883 0.14159359 1.0119718 0.13231051 0.15250535 0.15656878 0.16809124 0.31052667 0.11178893 0.1686861 0.14904065 0.1469037 0.13205147 0.14088698 0.142309 0.14359404 0.16160339 0.121383496 0.16785204 0.10601926 0.17684233 0.12802656 0.1294574 0.17990716 0.109233335 0.15848976 0.16442426 0.17117679 0.15063865 0.14555335 0.14144272 0.12219226 0.11884066 0.15159798 0.14499013 0.1563417 0.3439066 0.16388318 0.21980214 0.38865277 0.14151466 0.12645838 0.13790074 0.10239595 0.18992881 0.13856968 0.1682884 0.13315661 0.16817537 0.35605723 0.15640318 0.12950322 0.16619524 1.0656341 0.11115152 0.2644552 0.1114274 0.16626441 0.117866345 0.15912978 0.14647375 0.09641822 0.18806453 0.14589517 0.116718575 0.14458852 0.14664657 0.2717616 0.13803767 0.14984892 0.19353798 0.17552622 0.13270183 0.22741345 0.15509228 0.16467069 0.11871417 0.13826944 0.12674697 0.24206658 0.15249318 0.17978935 0.13549823 0.13438278 0.0935338 0.15106161 0.13278359 0.16784094 0.23782896 0.19904011 0.21271968 0.10838993 0.1660167 0.12817635 0.17838052 0.19874032 0.14001752 0.16831261 0.14910778 0.21744056 0.13290516 0.12395852 0.14519978 0.13579199 0.13429627 0.14736451 0.1764519 0.12453215 0.15280363 0.16523221 0.36787122 0.12887771 0.13167593 0.16973329 0.16014661 0.10266931 0.13004035 0.13971943 0.18918943 0.2310783 0.21836115 0.15257207 0.12780218 0.12298804 0.11763897 0.15722635 0.16728309 0.16162197 0.1303174 0.1696321 0.19457376 0.16197225 0.13332598 0.13943036 0.12316275 0.16997811 0.15891683 0.13619399 0.15759867 0.12769783 0.12978067 0.13956927 0.11854766 0.11564207 0.17272523 0.18925601 0.151066 0.1100855 0.31750932 0.1909625 0.11159353 0.12223278 0.14211403 0.096242726 0.17551015 0.1341877 0.20259626 0.22497576 0.16860463 0.15461203 0.14108905 0.14220358 0.15779251 0.14398974 0.111186035 0.07443887 0.14607057 0.26538098 0.17336592 0.17900182 0.13719392 0.123041406 0.094730355 0.1347193 0.11839308 0.12609069 0.12847188 0.22556382 0.12672639 0.12424603 0.13426338 0.21734552 0.13319772 0.18347804 0.17082296 0.12324031 0.14731194 0.12123654 0.16654174 0.13035347 0.12840164 0.15661994 0.38438606 0.15716481,0.0012355621 0.0015703719 0.0010134521 0.001246834 0.0012229244 0.0012351242 0.0007328248 0.0012759826 0.0010160871 0.0014230249 0.0013286575 0.0011777399 0.0013000967 0.0008906158 0.0014128688 0.0012379338 0.0022786956 0.0019159426 0.0015000716 0.0012270119 0.0016947074 0.0009800519 0.0019300524 0.0013561862 0.0013778682 0.0010338234 0.0012331182 0.0013137542 0.00084228494 0.0009294167 0.00092990015 0.0010757754 0.001372192 0.0015005087 0.0014874379 0.0009287643 0.0012755351 0.0009913394 0.0010156926 0.0014359647 0.0010317557 0.0013876559 0.0009943423 0.0012352532 0.0010493303 0.000867082 0.0011822698 0.0012167846 0.001006265 0.0018427802 0.001244178 0.00089685945 0.00094695785 0.0012179995 0.0011871319 0.0016282909 0.00094617554 0.0011310121 0.0013334408 0.0008291828 0.001207213 0.0012115658 0.0009255026 0.0011149101 0.007968282 0.001041815 0.0012008295 0.001232825 0.001323553 0.002445092 0.0008802278 0.001328237 0.0011735485 0.001156722 0.0010397753 0.0011093463 0.0011205432 0.0011306617 0.0012724677 0.00095577555 0.0013216697 0.00083479733 0.0013924593 0.0010080831 0.0010193496 0.0014165918 0.000860105 0.001247951 0.0012946791 0.0013478488 0.0011861312 0.0011460894 0.0011137222 0.0009621438 0.0009357532 0.0011936849 0.0011416546 0.001231037 0.002707926 0.0012904188 0.0017307255 0.003060258 0.0011142887 0.0009957353 0.0010858326 0.0008062673 0.0014955024 0.0010910998 0.0013251054 0.0010484773 0.0013242156 0.0028036002 0.0012315211 0.0010197104 0.0013086239 0.00839082 0.0008752088 0.0020823244 0.00087738107 0.0013091686 0.00092808146 0.0012529904 0.0011533366 0.00075919856 0.001480823 0.0011487808 0.0009190439 0.0011384923 0.0011546974 0.0021398552 0.0010869107 0.0011799128 0.0015239211 0.0013820962 0.0010448963 0.001790657 0.001221199 0.0012966197 0.00093475723 0.0010887358 0.0009980076 0.001906036 0.0012007337 0.0014156642 0.0010669151 0.0010581322 0.00073648663 0.0011894614 0.0010455401 0.0013215822 0.001872669 0.001567245 0.0016749582 0.000853464 0.0013072181 0.0010092625 0.001404571 0.0015648844 0.0011025002 0.0013252961 0.001174077 0.0017121304 0.0010464973 0.0009760513 0.0011433053 0.0010692283 0.0010574509 0.0011603505 0.0013893851 0.0009805681 0.0012031782 0.001301041 0.002896624 0.0010147851 0.0010368184 0.0013364826 0.0012609969 0.0008084198 0.0010239397 0.001100153 0.0014896806 0.0018195142 0.0017193792 0.0012013549 0.0010063164 0.00096840976 0.0009262911 0.0012380028 0.0013171897 0.001272614 0.0010261213 0.0013356858 0.0015320769 0.0012753721 0.0010498109 0.0010978768 0.0009697854 0.0013384103 0.0012513136 0.0010723936 0.0012409345 0.0010054947 0.001021895 0.0010989706 0.00093344616 0.00091056747 0.0013600412 0.0014902048 0.0011894961 0.000866815 0.0025000735 0.0015036417 0.0008786892 0.00096246286 0.001119008 0.0007578167 0.0013819697 0.001056596 0.0015952461 0.0017714627 0.0013275954 0.0012174177 0.0011109374 0.0011197133 0.0012424607 0.0011337776 0.0008754806 0.0005861328 0.001150162 0.002089614 0.001365086 0.0014094631 0.001080267 0.00096882996 0.0007459083 0.0010607819 0.000932229 0.00099284 0.0010115897 0.0017760932 0.0009978455 0.0009783152 0.001057192 0.0017113821 0.001048801 0.001444709 0.0013450627 0.0009703961 0.0011599365 0.00095461844 0.0013113522 0.0010264053 0.0010110366 0.0012332279 0.003026662 0.0012375182,
330,256,,,0.0047707255 0.0047707255 0.0047707255 0.0047707255 0.0047707255 0.0047707255 0.0047707255 0.0047707255 0.0047707255 0.0047707255 0.0047707255 0.0047707255 0.0047707255 0.0047707255 0.0047707255 0.0047707255 0.0047707255 0.0047707255 0.0047707255 0.0047707255 0.0047707255 0.0047707255 0.0047707255 0.0047707255 0.0047707255 0.0047707255 0.0047707255 0.0047707255 0.0047707255 0.0047707255 0.0047707255 0.0047707255 0.0047707255 0.0047707255 0.0047707255 0.0047707255 0.0047707255 0.0047707255 0.0047707255 0.0047707255 0.0047707255 0.0047707255 0.0047707255 0.0047707255 0.0047707255 0.0047707255 0.0047707255 0.0047707255 0.0047707255 0.0047707255 0.0047707255 0.0047707255 0.0047707255 0.0047707255 0.0047707255 0.0047707255 0.0047707255 0.0047707255 0.0047707255 0.0047707255 0.0047707255 0.0047707255 0.0047707255 0.0047707255 0.0047707255 0.0047707255 0.0047707255 0.0047707255 0.0047707255 0.0047707255 0.0047707255 0.0047707255 0.0047707255 0.0047707255 0.0047707255 0.0047707255 0.0047707255 0.0047707255 0.0047707255 0.0047707255 0.0047707255 0.0047707255 0.0047707255 0.0047707255 0.0047707255 0.0047707255 0.0047707255 0.0047707255 0.0047707255 0.0047707255 0.0047707255 0.0047707255 0.0047707255 0.0047707255 0.0047707255 0.0047707255 0.0047707255 0.0047707255 0.0047707255 0.0047707255 0.0047707255 0.0047707255 0.0047707255 0.0047707255 0.0047707255 0.0047707255 0.0047707255 0.0047707255 0.0047707255 0.0047707255 0.0047707255 0.0047707255 0.0047707255 0.0047707255 0.0047707255 0.0047707255 0.0047707255 0.0047707255 0.0047707255 0.0047707255 0.0047707255 0.0047707255 0.0047707255 0.0047707255 0.0047707255 0.0047707255 0.0047707255 0.0047707255 0.0047707255 0.0047707255 0.0047707255 0.0047707255 0.0047707255 0.0047707255 0.0047707255 0.0047707255 0.0047707255 0.0047707255 0.0047707255 0.0047707255 0.0047707255 0.0047707255 0.0047707255 0.0047707255 0.0047707255 0.0047707255 0.0047707255 0.0047707255 0.0047707255 0.0047707255 0.0047707255 0.0047707255 0.0047707255 0.0047707255 0.0047707255 0.0047707255 0.0047707255 0.0047707255 0.0047707255 0.0047707255 0.0047707255 0.0047707255 0.0047707255 0.0047707255 0.0047707255 0.0047707255 0.0047707255 0.0047707255 0.0047707255 0.0047707255 0.0047707255 0.0047707255 0.0047707255 0.0047707255 0.0047707255 0.0047707255 0.0047707255 0.0047707255 0.0047707255 0.0047707255 0.0047707255 0.0047707255 0.0047707255 0.0047707255 0.0047707255 0.0047707255 0.0047707255 0.0047707255 0.0047707255 0.0047707255 0.0047707255 0.0047707255 0.0047707255 0.0047707255 0.0047707255 0.0047707255 0.0047707255 0.0047707255 0.0047707255 0.0047707255 0.0047707255 0.0047707255 0.0047707255 0.0047707255 0.0047707255 0.0047707255 0.0047707255 0.0047707255 0.0047707255 0.0047707255 0.0047707255 0.0047707255 0.0047707255 0.0047707255 0.0047707255 0.0047707255 0.0047707255 0.0047707255 0.0047707255 0.0047707255 0.0047707255 0.0047707255 0.0047707255 0.0047707255 0.0047707255 0.0047707255 0.0047707255 0.0047707255 0.0047707255 0.0047707255 0.0047707255 0.0047707255 0.0047707255 0.0047707255 0.0047707255 0.0047707255 0.0047707255 0.0047707255 0.0047707255 0.0047707255 0.0047707255 0.0047707255 0.0047707255 0.0047707255 0.0047707255 0.0047707255 0.0047707255 0.0047707255 0.0047707255 0.0047707255 0.0047707255 0.0047707255 0.0047707255 0.0047707255 0.0047707255 0.0047707255,14 14 14 14 14 14 15 14 14 14 14 14 14 15 14 14 13 14 14 14 14 14 14 14 14 14 14 14 15 15 15 14 14 14 14 15 14 14 14 14 14 14 14 14 14 15 14 14 14 14 14 15 15 14 14 14 15 14 14 15 14 14 15 14 11 14 14 14 14 13 15 14 14 14 14 14 14 14 14 15 14 15 14 14 14 14 15 14 14 14 14 14 14 15 15 14 14 14 13 14 14 13 14 14 14 15 14 14 14 14 14 13 14 14 14 11 15 13 15 14 15 14 14 15 14 14 15 14 14 13 14 14 14 14 14 14 14 14 15 14 14 14 14 14 14 14 15 14 14 14 14 14 14 15 14 14 14 14 14 14 14 14 14 14 14 14 14 14 14 14 14 14 13 14 14 14 14 15 14 14 14 14 14 14 14 15 15 14 14 14 14 14 14 14 14 14 15 14 14 14 14 14 14 14 15 15 14 14 14 15 13 14 15 15 14 15 14 14 14 14 14 14 14 14 14 14 15 15 14 13 14 14 14 15 15 14 15 14 14 14 14 14 14 14 14 14 14 15 14 15 14 14 14 14 13 14
336,1x1x256x512,0.14439829 0.22193815 0.13848114 0.20107166 0.18413804 0.236399 0.23227829 0.47333622 0.22333655 0.1986659 0.19414262 0.2109428 0.20460714 0.13272819 0.212762 0.15959881 0.16602324 0.21076924 0.24837822 0.21084613 0.19699337 0.18398081 0.20652674 0.21079801 0.13675581 0.23364224 0.24589059 0.1669904 0.16347858 0.21427625 0.23991713 0.1782987 0.18655811 0.30158198 0.13798584 0.17157084 0.25078475 0.26982468 0.4342695 0.23016573 0.17129639 0.20597509 0.16664895 0.18871365 0.18446107 0.33766076 0.13859738 0.18058269 0.1796715 0.23519464 0.16981041 0.16001044 0.19139475 0.27108896 0.33975407 0.14034568 0.1900413 0.28821892 0.47378412 0.23412924 0.16369408 0.27888113 0.3718999 0.119949535 0.2527264 0.14413667 0.21589139 0.21795073 0.27857375 0.17396371 0.14667374 0.19925132 0.20996667 0.1699764 0.12839177 0.20220739 0.18977527 0.179806 0.16272534 0.22958587 0.120635375 0.16262592 0.18429656 0.21210025 0.16822389 0.2132054 0.21855381 0.20239507 0.22986023 0.12776046 0.19600286 0.25103784 0.19491416 0.1360214 0.23656562 0.2263054 0.19517085 0.18366522 0.16048771 0.20946977 0.252854 0.16554807 0.22831419 0.18571018 0.2752533 0.23605116 0.208546 0.2192503 0.19400181 0.21001057 0.23658201 0.27036896 0.4241193 0.19929057 0.18672937 0.2409538 0.18016206 0.19107853 0.27107027 0.20999356 0.17841995 0.17101441 0.24014404 0.2133743 0.16179794 0.26218215 0.23377536 0.15002318 0.21009926 0.15072031 0.24109817 0.2622126 0.15977854 0.22318713 0.20679572 0.23390229 0.3695499 0.32241586 0.42643508 0.21202588 0.1738545 0.15387975 0.18411535 0.18397017 0.30495396 0.13509443 0.24986158 0.273149 0.21379797 0.20146853 0.19077002 0.20522787 0.19866344 0.19038765 0.21057907 0.18975273 0.15016618 0.19737676 0.21770376 0.23789832 0.31811193 0.26882932 0.18441236 0.353907 0.16198128 0.16344932 0.15458456 0.16913927 0.25179413 0.1590419 0.2536419 0.21411121 0.20245752 0.23769164 0.17248903 0.24315289 0.21032761 0.2455885 0.20356156 0.17597051 0.29882747 0.183183 0.19025683 0.2692071 0.20223992 0.3010035 0.30944538 0.23793875 0.27155274 0.20072617 0.21365827 0.13568935 0.13585457 0.24905995 0.18306886 0.24929433 0.27520365 0.17363675 0.16510096 0.17218652 0.20838122 0.17009665 0.18295848 0.19254456 0.18375275 0.21587715 0.18686959 0.30538952 0.18894613 0.19692148 0.2202306 0.2673487 0.22234045 0.16238508 0.1746724 0.17611247 0.24520291 0.24007489 0.22409704 0.17828608 0.18973307 0.16180827 0.24085402 0.18438749 0.29872417 0.2969271 0.21882863 0.45066628 0.3297011 0.1555615 0.17672156 0.20903945 0.14322288 0.22957377 0.17608845 0.26329768 0.2104443 0.16742934 0.22644079 0.21826391 0.38221917 0.23095246 0.2433987 0.16224241 0.24538955 0.29622528 0.48804355 0.14131562 0.19795379 0.24243066 0.2226064 0.25015628 0.48027596 0.15207168 0.18591261 0.5286914 0.21625774 0.17093742 0.20038787 0.15774308 0.19708239 0.13646416 0.2419945 0.19851726 0.23768555 0.29010427 0.15296458 0.15787978 0.26115614 0.19860695 0.33480677 0.23282716 0.18250476 0.19479376 0.19643448 0.20564595 0.25883165 0.27434877 0.21099846 0.76513124 0.22232713 0.3757898 0.22405772 0.2380572 0.20831527 0.17386557 0.2705083 0.2161067 0.1903817 0.4628586 0.0377199 0.1924153 0.19070509 0.25042787 0.20043015 0.16781247 0.24466161 0.28868622 0.22887525 0.17434224 0.23108202 0.22910745 0.22278751 0.18127938 0.21721141 0.22330217 0.1434679 0.17396094 0.21425177 0.21759103 0.22987767 0.2754494 0.18360211 0.16365692 0.18335058 0.23648997 0.26132306 0.12650801 0.1681446 0.089046754 0.2802547 0.40046817 0.17456847 0.19939159 0.1533927 0.26263225 0.1477138 0.19406253 0.43297634 0.15115224 0.17252792 0.2618533 0.16760099 0.20390122 0.2533746 0.1848341 0.22130801 0.21685313 0.21508731 0.19378515 0.25488916 0.24947119 0.23271638 0.28497446 0.19150063 0.1716688 0.16794498 0.29939163 0.29005682 0.26485384 0.2406389 0.1811669 0.15191227 0.17456013 0.18531862 0.21585992 0.19898121 0.2008404 0.15234026 0.32784414 0.20325142 0.20370077 0.1870519 0.1811971 0.23088706 0.17102274 0.12568788 0.20977907 0.21653004 0.169407 0.16496974 0.26689026 0.22269695 0.16585952 0.18140796 0.22767258 0.14882685 0.24957936 0.28945556 0.16876689 0.45465082 0.2837875 0.16497709 0.19505048 0.2862165 0.25607634 0.15907192 0.29540837 0.19447534 0.18735227 0.20129442 0.19438025 0.3400468 0.37167072 0.29060584 0.21006878 0.20002635 0.114162534 0.3277857 0.47257584 0.1851685 0.34054515 0.17203157 0.15661004 0.17050351 0.47746077 0.16244335 0.20766412 0.20196849 0.14851414 0.1988506 0.42767882 0.32505885 0.23848937 0.16344562 0.1688153 0.18696249 0.21897246 0.22154368 0.16517684 0.1735292 0.20177828 0.1857664 0.15785657 0.22733198 0.3391361 0.17156982 0.19958551 0.2613329 0.1916369 0.22935808 0.21176547 0.1703896 0.18522456 0.18284377 0.16429499 0.2621526 0.21292087 0.18081892 0.2155027 0.28857526 0.19703962 0.3386024 0.24374147 0.19692932 0.17391314 0.2836244 0.14596063 0.1463547 0.14931603 0.22416955 0.16066803 0.2689087 0.24302217 0.17393827 0.18577032 0.31637558 0.21227461 0.23595636 0.2109852 0.13827987 0.21106619 0.19447237 0.17095901 0.20970434 0.16609287 0.21026619 0.27459028 0.2109865 0.20073093 0.18559016 0.21267337 0.19219479 0.34181896 0.32200637 0.18332048 0.17564325 0.24341752 0.24381618 0.20264979 0.4739639 0.19422257 0.22974226 0.19644064 0.17496167 0.41531095 0.37370992 0.1874082 0.22925279 0.38507596 0.15089667 0.26856455 0.29204127 0.21048109 0.31498346 0.18403898 0.17416063 0.2182468 0.1676493 0.17946686 0.18290684 0.18849805 0.39505458 0.22650152 0.15404384 0.18490474 0.16420925 0.20033294 0.20629467 0.20172401 0.21843691 0.18581322,0.14438067 0.22191107 0.13846424 0.20104712 0.18411557 0.23637015 0.23224993 0.47327843 0.2233093 0.19864166 0.19411893 0.21091707 0.20458218 0.13271199 0.21273604 0.15957934 0.16600299 0.21074352 0.24834791 0.21082039 0.19696932 0.18395835 0.20650153 0.21077228 0.13673912 0.23361373 0.24586058 0.16697003 0.16345863 0.2142501 0.23988785 0.17827693 0.18653534 0.30154517 0.137969 0.1715499 0.25075415 0.26979175 0.43421647 0.23013765 0.17127548 0.20594995 0.16662861 0.18869063 0.18443857 0.33761957 0.13858047 0.18056065 0.17964958 0.23516594 0.1697897 0.1599909 0.1913714 0.27105588 0.3397126 0.14032854 0.1900181 0.28818372 0.4737263 0.23410067 0.16367412 0.2788471 0.3718545 0.119934894 0.25269556 0.14411907 0.21586505 0.21792413 0.27853975 0.17394248 0.14665583 0.199227 0.20994106 0.16995566 0.12837611 0.20218271 0.1897521 0.17978406 0.1627055 0.22955784 0.12062065 0.16260608 0.18427406 0.21207437 0.16820335 0.21317938 0.21852714 0.20237038 0.22983219 0.12774485 0.19597892 0.2510072 0.19489037 0.1360048 0.23653674 0.22627777 0.19514702 0.1836428 0.16046812 0.20944421 0.2528231 0.16552787 0.22828633 0.18568751 0.2752197 0.23602234 0.20852055 0.21922356 0.19397813 0.20998494 0.23655315 0.27033597 0.42406753 0.19926625 0.18670657 0.24092439 0.18014008 0.19105521 0.2710372 0.20996793 0.17839816 0.17099355 0.24011473 0.21334827 0.1617782 0.26215017 0.23374684 0.15000488 0.21007363 0.15070191 0.24106875 0.2621806 0.15975904 0.2231599 0.2067705 0.23387375 0.36950478 0.3223765 0.42638302 0.212 0.17383328 0.15386096 0.18409288 0.18394773 0.30491674 0.13507794 0.24983108 0.2731157 0.21377188 0.20144394 0.19074672 0.20520282 0.1986392 0.1903644 0.21055338 0.18972957 0.15014786 0.19735268 0.21767719 0.23786928 0.31807312 0.2687965 0.18438984 0.3538638 0.16196153 0.16342938 0.15456569 0.16911861 0.2517634 0.1590225 0.25361097 0.21408509 0.20243281 0.23766264 0.17246799 0.2431232 0.21030195 0.24555852 0.20353672 0.17594904 0.29879102 0.18316063 0.19023362 0.26917422 0.20221522 0.30096677 0.30940762 0.23790972 0.2715196 0.20070167 0.2136322 0.13567278 0.135838 0.24902955 0.1830465 0.24926391 0.27517006 0.17361556 0.16508082 0.17216551 0.2083558 0.1700759 0.18293615 0.19252107 0.18373032 0.2158508 0.18684678 0.30535227 0.18892306 0.19689745 0.22020373 0.26731607 0.22231331 0.16236526 0.17465109 0.17609097 0.24517299 0.24004559 0.22406968 0.17826432 0.18970992 0.16178852 0.24082464 0.18436499 0.2986877 0.29689085 0.21880193 0.45061126 0.32966086 0.15554252 0.17669998 0.20901394 0.1432054 0.22954576 0.17606696 0.26326555 0.21041863 0.16740891 0.22641316 0.21823728 0.38217252 0.23092428 0.24336898 0.16222261 0.24535961 0.29618913 0.487984 0.14129837 0.19792964 0.24240108 0.22257924 0.25012574 0.48021737 0.15205312 0.18588993 0.52862686 0.21623135 0.17091656 0.20036341 0.15772383 0.19705833 0.13644752 0.24196497 0.19849303 0.23765655 0.29006886 0.1529459 0.15786052 0.26112425 0.19858272 0.3347659 0.23279874 0.1824825 0.19476998 0.1964105 0.20562086 0.25880006 0.27431527 0.21097271 0.7650379 0.2223 0.37574393 0.22403038 0.23802815 0.20828985 0.17384435 0.2704753 0.21608032 0.19035847 0.46280208 0.0377153 0.19239181 0.19068182 0.25039732 0.2004057 0.16779198 0.24463175 0.288651 0.22884731 0.17432097 0.23105383 0.22907948 0.22276033 0.18125726 0.2171849 0.22327492 0.1434504 0.17393972 0.21422563 0.21756448 0.22984962 0.27541578 0.18357971 0.16363694 0.18332821 0.2364611 0.26129118 0.12649257 0.16812408 0.08903589 0.2802205 0.4004193 0.17454718 0.19936725 0.15337397 0.26260018 0.14769576 0.19403884 0.4329235 0.15113379 0.17250687 0.26182133 0.16758054 0.20387633 0.2533437 0.18481153 0.221281 0.21682666 0.21506107 0.1937615 0.25485805 0.24944074 0.23268798 0.28493968 0.19147725 0.17164785 0.16792448 0.2993551 0.29002142 0.26482153 0.24060953 0.18114479 0.15189373 0.17453884 0.185296 0.21583357 0.19895694 0.20081589 0.15232168 0.32780415 0.20322663 0.2036759 0.18702908 0.181175 0.23085888 0.17100188 0.12567253 0.20975347 0.2165036 0.16938631 0.16494961 0.26685768 0.22266977 0.16583927 0.18138583 0.2276448 0.14880869 0.2495489 0.28942022 0.1687463 0.45459533 0.28375286 0.16495696 0.19502667 0.28618157 0.2560451 0.1590525 0.29537234 0.1944516 0.1873294 0.20126987 0.19435653 0.34000528 0.37162536 0.29057038 0.21004313 0.20000194 0.1141486 0.32774568 0.47251818 0.18514591 0.3405036 0.17201057 0.15659094 0.1704827 0.4774025 0.16242352 0.20763877 0.20194384 0.148496 0.19882634 0.4276266 0.32501918 0.23846027 0.16342568 0.1687947 0.18693967 0.21894573 0.22151664 0.16515668 0.17350802 0.20175366 0.18574372 0.1578373 0.22730424 0.3390947 0.17154889 0.19956116 0.261301 0.19161353 0.22933008 0.21173961 0.17036879 0.18520196 0.18282145 0.16427495 0.26212063 0.21289489 0.18079685 0.2154764 0.28854007 0.19701557 0.3385611 0.24371172 0.19690529 0.1738919 0.28358978 0.1459428 0.14633685 0.1492978 0.2241422 0.16064842 0.2688759 0.2429925 0.17391706 0.18574764 0.316337 0.21224871 0.23592755 0.21095945 0.138263 0.21104044 0.19444865 0.17093815 0.20967874 0.16607259 0.21024053 0.27455676 0.21096075 0.20070644 0.18556751 0.21264741 0.19217134 0.34177727 0.3219671 0.1832981 0.17562182 0.24338782 0.24378642 0.20262507 0.47390604 0.19419888 0.22971423 0.19641666 0.17494032 0.4152603 0.3736643 0.18738532 0.22922482 0.38502896 0.15087825 0.26853177 0.29200563 0.2104554 0.314945 0.18401651 0.17413937 0.21822016 0.16762884 0.17944495 0.18288451 0.18847504 0.3950064 0.22647388 0.15402505 0.18488216 0.1641892 0.2003085 0.2062695 0.20169939 0.21841025 0.18579054,0.0011368557 0.0017473312 0.0010902697 0.0015830483 0.001449729 0.0018611823 0.0018287397 0.0037266018 0.0017583409 0.0015641075 0.0015284956 0.0016607643 0.0016108834 0.0010449763 0.0016750869 0.0012565302 0.0013071102 0.0016593977 0.0019554954 0.0016600031 0.0015509395 0.001448491 0.0016259963 0.0016596242 0.001076686 0.0018394782 0.0019359101 0.0013147247 0.0012870758 0.0016870087 0.0018888807 0.0014037553 0.0014687822 0.0023743715 0.0010863701 0.0013507867 0.001974442 0.0021243445 0.0034190274 0.0018121074 0.0013486259 0.0016216531 0.0013120363 0.001485753 0.0014522722 0.0026584219 0.0010911848 0.0014217374 0.0014145636 0.0018517004 0.0013369268 0.001259771 0.0015068614 0.0021342982 0.0026749023 0.0011049492 0.0014962056 0.002269163 0.0037301283 0.0018433124 0.0012887726 0.0021956465 0.0029279883 0.00094436924 0.0019897288 0.0011347958 0.0016997248 0.0017159381 0.0021932262 0.0013696258 0.0011547703 0.0015687166 0.0016530792 0.0013382335 0.0010108355 0.0015919899 0.001494111 0.0014156225 0.0012811456 0.001807542 0.00094976893 0.0012803628 0.0014509768 0.001669877 0.0013244358 0.0016785777 0.0017206861 0.0015934675 0.0018097023 0.0010058649 0.0015431411 0.0019764346 0.0015345698 0.001070904 0.001862494 0.0017817147 0.0015365907 0.0014460064 0.0012635285 0.001649167 0.0019907332 0.0013033691 0.0017975301 0.0014621064 0.0021670843 0.0018584436 0.0016418941 0.0017261697 0.0015273868 0.0016534247 0.0018626233 0.0021286297 0.0033391144 0.0015690257 0.0014701305 0.0018970424 0.0014184258 0.0015043718 0.002134151 0.0016532907 0.0014047099 0.001346406 0.0018906672 0.0016799077 0.001273844 0.0020641745 0.0018405264 0.0011811408 0.0016541231 0.0011866292 0.0018981792 0.002064414 0.0012579452 0.0017571645 0.0016281141 0.0018415257 0.0029094864 0.0025383974 0.0033573466 0.0016692913 0.001368766 0.0012115036 0.0014495503 0.0014484073 0.002400919 0.0010636058 0.0019671738 0.0021505172 0.0016832432 0.0015861727 0.0015019428 0.0016157703 0.0015640882 0.0014989324 0.0016579006 0.0014939336 0.0011822666 0.001553958 0.0017139936 0.0018729864 0.002504513 0.0021165079 0.0014518886 0.0027863292 0.0012752876 0.0012868455 0.0012170527 0.0013316426 0.001982389 0.0012521456 0.0019969367 0.0016857093 0.0015939592 0.0018713594 0.0013580157 0.0019143559 0.0016559209 0.0019335316 0.0016026513 0.0013854255 0.0023526852 0.0014422097 0.0014979026 0.002119482 0.0015922459 0.002369817 0.0024362805 0.0018733048 0.0021379497 0.0015803281 0.0016821433 0.0010682896 0.0010695906 0.0019608627 0.0014413111 0.001962708 0.0021666933 0.0013670516 0.0012998489 0.001355634 0.0016405969 0.0013391803 0.001440442 0.0015159139 0.0014466954 0.0016996126 0.0014712345 0.0024043487 0.0014875832 0.0015503736 0.0017338876 0.002104851 0.0017504985 0.0012784665 0.0013752053 0.001386543 0.001930496 0.0018901228 0.0017643282 0.0014036561 0.0014937789 0.0012739254 0.001896257 0.0014516928 0.0023518717 0.0023377233 0.0017228498 0.0035481201 0.0025957548 0.0012247443 0.0013913384 0.001645779 0.0011276016 0.0018074469 0.0013863541 0.002072957 0.0016568396 0.0013181805 0.0017827807 0.0017184038 0.0030092325 0.0018183014 0.0019162912 0.0012773434 0.0019319655 0.002332198 0.0038423936 0.0011125855 0.001558501 0.00190867 0.0017525924 0.001969494 0.003781239 0.0011972686 0.0014637002 0.0041624163 0.001702609 0.0013457997 0.0015776646 0.0012419199 0.0015516405 0.0010743899 0.0019052359 0.0015629373 0.0018713115 0.002284007 0.0012042985 0.0012429962 0.0020560964 0.0015636435 0.002635952 0.001833061 0.0014368701 0.0015336219 0.0015465395 0.0016190618 0.0020377957 0.0021599627 0.0016612024 0.0060239206 0.0017503937 0.0029586137 0.0017640187 0.0018742374 0.0016400776 0.0013688531 0.0021297268 0.0017014198 0.0014988857 0.0036441109 0.0002969709 0.0015148962 0.0015014316 0.0019716325 0.0015779977 0.0013211967 0.0019262342 0.0022728425 0.0018019474 0.001372606 0.0018193215 0.0018037754 0.0017540184 0.0014272225 0.0017101173 0.0017580702 0.0011295307 0.0013696041 0.001686816 0.0017131062 0.0018098395 0.0021686282 0.0014455096 0.0012884798 0.0014435293 0.0018618985 0.0020574108 0.0009960046 0.0013238116 0.00070107 0.0022064608 0.0031529078 0.0013743873 0.0015698209 0.001207669 0.002067718 0.0011629588 0.0015278648 0.0034088464 0.0011900299 0.0013583218 0.0020615852 0.0013195318 0.0016053255 0.0019948322 0.0014552089 0.0017423701 0.0017072966 0.0016933943 0.0015256811 0.0020067564 0.0019641004 0.0018321888 0.0022436194 0.001507695 0.0013515579 0.00132224 0.0023571267 0.0022836332 0.002085209 0.0018945632 0.0014263369 0.0011960136 0.0013743215 0.0014590236 0.001699477 0.00156659 0.0015812274 0.0011993833 0.0025811351 0.0016002096 0.0016037473 0.0014726699 0.0014265748 0.0018177865 0.0013464715 0.0009895475 0.0016516021 0.0017047528 0.0013337504 0.0012988158 0.0021012416 0.0017533052 0.001305821 0.0014282349 0.0017924787 0.001171722 0.0019649519 0.0022788993 0.0013287109 0.0035794908 0.0022342745 0.0012988737 0.001535643 0.002253398 0.0020161031 0.001252382 0.0023257665 0.0015311149 0.0014750346 0.001584802 0.0015303664 0.0026772069 0.0029261839 0.0022879557 0.0016538829 0.0015748184 0.0008988079 0.0025806746 0.0037206155 0.0014578418 0.0026811308 0.0013544139 0.0012329995 0.0013423834 0.003759075 0.0012789253 0.001634951 0.001590109 0.0011692599 0.0015655617 0.0033671386 0.0025592062 0.0018776399 0.0012868164 0.0013290922 0.0014719659 0.001723982 0.0017442255 0.0013004462 0.0013662048 0.0015886115 0.001462549 0.0012428134 0.0017897971 0.002670037 0.0013507786 0.0015713477 0.0020574883 0.001508768 0.0018057487 0.0016672411 0.0013414866 0.0014582832 0.001439539 0.0012935036 0.002063942 0.0016763377 0.0014235972 0.0016966645 0.002271969 0.0015513037 0.0026658354 0.0019189899 0.0015504353 0.0013692275 0.0022329905 0.001149156 0.0011522587 0.0011755732 0.0017648991 0.0012649482 0.002117133 0.0019133268 0.0013694257 0.0014625798 0.0024908425 0.0016712497 0.0018576973 0.001661098 0.001088685 0.0016617357 0.0015310918 0.0013459696 0.0016510137 0.0013076582 0.0016554373 0.0021618642 0.0016611082 0.0015803657 0.0014611615 0.001674389 0.0015131601 0.0026911595 0.002535174 0.0014432921 0.001382849 0.0019164395 0.0019195782 0.0015954729 0.0037315437 0.001529125 0.0018087735 0.0015465879 0.0013774828 0.003269766 0.0029422385 0.0014754749 0.0018049198 0.0030317241 0.0011880178 0.0021144233 0.0022992569 0.0016571291 0.002479882 0.0014489489 0.0013711761 0.001718269 0.0013199121 0.0014129524 0.0014400355 0.0014840554 0.0031102865 0.0017832589 0.0012127956 0.0014557651 0.0012928284 0.0015772323 0.0016241693 0.0015881842 0.0017197658 0.0014629177,
337,512,,,0.0042772684 0.0042772684 0.0042772684 0.0042772684 0.0042772684 0.0042772684 0.0042772684 0.0042772684 0.0042772684 0.0042772684 0.0042772684 0.0042772684 0.0042772684 0.0042772684 0.0042772684 0.0042772684 0.0042772684 0.0042772684 0.0042772684 0.0042772684 0.0042772684 0.0042772684 0.0042772684 0.0042772684 0.0042772684 0.0042772684 0.0042772684 0.0042772684 0.0042772684 0.0042772684 0.0042772684 0.0042772684 0.0042772684 0.0042772684 0.0042772684 0.0042772684 0.0042772684 0.0042772684 0.0042772684 0.0042772684 0.0042772684 0.0042772684 0.0042772684 0.0042772684 0.0042772684 0.0042772684 0.0042772684 0.0042772684 0.0042772684 0.0042772684 0.0042772684 0.0042772684 0.0042772684 0.0042772684 0.0042772684 0.0042772684 0.0042772684 0.0042772684 0.0042772684 0.0042772684 0.0042772684 0.0042772684 0.0042772684 0.0042772684 0.0042772684 0.0042772684 0.0042772684 0.0042772684 0.0042772684 0.0042772684 0.0042772684 0.0042772684 0.0042772684 0.0042772684 0.0042772684 0.0042772684 0.0042772684 0.0042772684 0.0042772684 0.0042772684 0.0042772684 0.0042772684 0.0042772684 0.0042772684 0.0042772684 0.0042772684 0.0042772684 0.0042772684 0.0042772684 0.0042772684 0.0042772684 0.0042772684 0.0042772684 0.0042772684 0.0042772684 0.0042772684 0.0042772684 0.0042772684 0.0042772684 0.0042772684 0.0042772684 0.0042772684 0.0042772684 0.0042772684 0.0042772684 0.0042772684 0.0042772684 0.0042772684 0.0042772684 0.0042772684 0.0042772684 0.0042772684 0.0042772684 0.0042772684 0.0042772684 0.0042772684 0.0042772684 0.0042772684 0.0042772684 0.0042772684 0.0042772684 0.0042772684 0.0042772684 0.0042772684 0.0042772684 0.0042772684 0.0042772684 0.0042772684 0.0042772684 0.0042772684 0.0042772684 0.0042772684 0.0042772684 0.0042772684 0.0042772684 0.0042772684 0.0042772684 0.0042772684 0.0042772684 0.0042772684 0.0042772684 0.0042772684 0.0042772684 0.0042772684 0.0042772684 0.0042772684 0.0042772684 0.0042772684 0.0042772684 0.0042772684 0.0042772684 0.0042772684 0.0042772684 0.0042772684 0.0042772684 0.0042772684 0.0042772684 0.0042772684 0.0042772684 0.0042772684 0.0042772684 0.0042772684 0.0042772684 0.0042772684 0.0042772684 0.0042772684 0.0042772684 0.0042772684 0.0042772684 0.0042772684 0.0042772684 0.0042772684 0.0042772684 0.0042772684 0.0042772684 0.0042772684 0.0042772684 0.0042772684 0.0042772684 0.0042772684 0.0042772684 0.0042772684 0.0042772684 0.0042772684 0.0042772684 0.0042772684 0.0042772684 0.0042772684 0.0042772684 0.0042772684 0.0042772684 0.0042772684 0.0042772684 0.0042772684 0.0042772684 0.0042772684 0.0042772684 0.0042772684 0.0042772684 0.0042772684 0.0042772684 0.0042772684 0.0042772684 0.0042772684 0.0042772684 0.0042772684 0.0042772684 0.0042772684 0.0042772684 0.0042772684 0.0042772684 0.0042772684 0.0042772684 0.0042772684 0.0042772684 0.0042772684 0.0042772684 0.0042772684 0.0042772684 0.0042772684 0.0042772684 0.0042772684 0.0042772684 0.0042772684 0.0042772684 0.0042772684 0.0042772684 0.0042772684 0.0042772684 0.0042772684 0.0042772684 0.0042772684 0.0042772684 0.0042772684 0.0042772684 0.0042772684 0.0042772684 0.0042772684 0.0042772684 0.0042772684 0.0042772684 0.0042772684 0.0042772684 0.0042772684 0.0042772684 0.0042772684 0.0042772684 0.0042772684 0.0042772684 0.0042772684 0.0042772684 0.0042772684 0.0042772684 0.0042772684 0.0042772684 0.0042772684 0.0042772684 0.0042772684 0.0042772684 0.0042772684 0.0042772684 0.0042772684 0.0042772684 0.0042772684 0.0042772684 0.0042772684 0.0042772684 0.0042772684 0.0042772684 0.0042772684 0.0042772684 0.0042772684 0.0042772684 0.0042772684 0.0042772684 0.0042772684 0.0042772684 0.0042772684 0.0042772684 0.0042772684 0.0042772684 0.0042772684 0.0042772684 0.0042772684 0.0042772684 0.0042772684 0.0042772684 0.0042772684 0.0042772684 0.0042772684 0.0042772684 0.0042772684 0.0042772684 0.0042772684 0.0042772684 0.0042772684 0.0042772684 0.0042772684 0.0042772684 0.0042772684 0.0042772684 0.0042772684 0.0042772684 0.0042772684 0.0042772684 0.0042772684 0.0042772684 0.0042772684 0.0042772684 0.0042772684 0.0042772684 0.0042772684 0.0042772684 0.0042772684 0.0042772684 0.0042772684 0.0042772684 0.0042772684 0.0042772684 0.0042772684 0.0042772684 0.0042772684 0.0042772684 0.0042772684 0.0042772684 0.0042772684 0.0042772684 0.0042772684 0.0042772684 0.0042772684 0.0042772684 0.0042772684 0.0042772684 0.0042772684 0.0042772684 0.0042772684 0.0042772684 0.0042772684 0.0042772684 0.0042772684 0.0042772684 0.0042772684 0.0042772684 0.0042772684 0.0042772684 0.0042772684 0.0042772684 0.0042772684 0.0042772684 0.0042772684 0.0042772684 0.0042772684 0.0042772684 0.0042772684 0.0042772684 0.0042772684 0.0042772684 0.0042772684 0.0042772684 0.0042772684 0.0042772684 0.0042772684 0.0042772684 0.0042772684 0.0042772684 0.0042772684 0.0042772684 0.0042772684 0.0042772684 0.0042772684 0.0042772684 0.0042772684 0.0042772684 0.0042772684 0.0042772684 0.0042772684 0.0042772684 0.0042772684 0.0042772684 0.0042772684 0.0042772684 0.0042772684 0.0042772684 0.0042772684 0.0042772684 0.0042772684 0.0042772684 0.0042772684 0.0042772684 0.0042772684 0.0042772684 0.0042772684 0.0042772684 0.0042772684 0.0042772684 0.0042772684 0.0042772684 0.0042772684 0.0042772684 0.0042772684 0.0042772684 0.0042772684 0.0042772684 0.0042772684 0.0042772684 0.0042772684 0.0042772684 0.0042772684 0.0042772684 0.0042772684 0.0042772684 0.0042772684 0.0042772684 0.0042772684 0.0042772684 0.0042772684 0.0042772684 0.0042772684 0.0042772684 0.0042772684 0.0042772684 0.0042772684 0.0042772684 0.0042772684 0.0042772684 0.0042772684 0.0042772684 0.0042772684 0.0042772684 0.0042772684 0.0042772684 0.0042772684 0.0042772684 0.0042772684 0.0042772684 0.0042772684 0.0042772684 0.0042772684 0.0042772684 0.0042772684 0.0042772684 0.0042772684 0.0042772684 0.0042772684 0.0042772684 0.0042772684 0.0042772684 0.0042772684 0.0042772684 0.0042772684 0.0042772684 0.0042772684 0.0042772684 0.0042772684 0.0042772684 0.0042772684 0.0042772684 0.0042772684 0.0042772684 0.0042772684 0.0042772684 0.0042772684 0.0042772684 0.0042772684 0.0042772684 0.0042772684 0.0042772684 0.0042772684 0.0042772684 0.0042772684 0.0042772684 0.0042772684 0.0042772684 0.0042772684 0.0042772684 0.0042772684 0.0042772684 0.0042772684 0.0042772684 0.0042772684 0.0042772684 0.0042772684 0.0042772684 0.0042772684 0.0042772684 0.0042772684 0.0042772684 0.0042772684 0.0042772684 0.0042772684 0.0042772684 0.0042772684 0.0042772684 0.0042772684 0.0042772684 0.0042772684 0.0042772684 0.0042772684 0.0042772684 0.0042772684 0.0042772684 0.0042772684 0.0042772684 0.0042772684 0.0042772684 0.0042772684 0.0042772684 0.0042772684 0.0042772684 0.0042772684 0.0042772684 0.0042772684,13 13 13 13 13 13 13 12 13 13 13 13 13 13 13 13 13 13 12 13 13 13 13 13 13 13 13 13 13 13 13 13 13 12 13 13 12 12 12 13 13 13 13 13 13 12 13 13 13 13 13 13 13 12 12 13 13 12 12 13 13 12 12 14 12 13 13 13 12 13 13 13 13 13 13 13 13 13 13 13 14 13 13 13 13 13 13 13 13 13 13 12 13 13 13 13 13 13 13 13 12 13 13 13 12 13 13 13 13 13 13 12 12 13 13 13 13 13 12 13 13 13 13 13 13 12 13 13 13 13 13 12 13 13 13 13 12 12 12 13 13 13 13 13 12 13 12 12 13 13 13 13 13 13 13 13 13 13 13 13 12 12 13 12 13 13 13 13 12 13 12 13 13 13 13 13 13 13 13 13 12 13 13 12 13 12 12 13 12 13 13 13 13 12 13 12 12 13 13 13 13 13 13 13 13 13 13 12 13 13 13 12 13 13 13 13 13 13 13 13 13 13 13 13 12 12 13 12 12 13 13 13 13 13 13 12 13 13 13 13 12 13 13 13 13 12 12 13 13 13 13 12 12 13 13 11 13 13 13 13 13 13 13 13 13 12 13 13 12 13 12 13 13 13 13 13 12 12 13 11 13 12 13 13 13 13 12 13 13 12 15 13 13 12 13 13 13 12 13 13 13 13 13 13 13 13 13 13 13 13 13 12 13 13 13 13 12 13 13 14 12 12 13 13 13 12 13 13 12 13 13 12 13 13 12 13 13 13 13 13 12 12 13 12 13 13 13 12 12 12 13 13 13 13 13 13 13 13 13 12 13 13 13 13 13 13 13 13 13 13 13 12 13 13 13 13 13 12 12 13 12 12 13 13 12 12 13 12 13 13 13 13 12 12 12 13 13 14 12 12 13 12 13 13 13 12 13 13 13 13 13 12 12 13 13 13 13 13 13 13 13 13 13 13 13 12 13 13 12 13 13 13 13 13 13 13 12 13 13 13 12 13 12 13 13 13 12 13 13 13 13 13 12 13 13 13 12 13 13 13 13 13 13 13 13 13 13 12 13 13 13 13 13 12 12 13 13 13 13 13 12 13 13 13 13 12 12 13 13 12 13 12 12 13 12 13 13 13 13 13 13 13 12 13 13 13 13 13 13 13 13 13
342,1x1x512x256,0.3293507 0.19993511 0.40896156 0.26615018 0.28130907 0.25570944 0.31980988 0.29942018 0.33948964 0.34018 0.19503388 0.31441844 0.29599229 0.29348114 0.30134246 0.49701947 0.36260712 0.17239061 0.24505486 0.2389038 0.33160383 0.2255494 0.29455346 0.30600786 0.2501188 0.29452485 0.23853113 0.2060346 0.37375313 0.2917997 0.27883592 0.2667647 0.26581118 0.37017903 0.2909949 0.66926026 0.3233315 0.19030324 0.19292013 0.24956907 0.38036397 0.35482126 0.34617 0.31170723 0.29046446 0.41291738 0.3578396 0.41563493 0.33885807 0.3020791 0.31145054 0.246174 0.2828476 0.2142636 0.2569854 0.2253276 0.3184008 0.29907063 0.2552784 0.30685464 0.28806844 0.30541775 0.43361178 0.27339068 0.25880134 0.24712268 0.23866412 0.36707792 0.37619784 0.33179057 0.24646634 0.21739139 0.2227346 0.22125028 0.27232847 0.34827784 0.33739367 0.31669033 0.33876505 0.21654764 0.3969857 0.1980329 0.27755398 0.21062651 0.28652352 0.31333318 0.41034856 0.23698069 0.29630077 0.30914816 0.22145328 0.3436943 0.3350954 0.34311166 0.46001127 0.21282358 0.22632591 0.30103895 0.38845345 0.3506245 0.36260504 0.46190095 0.32350302 0.45862696 0.25042424 0.4365428 0.23294798 0.19043538 0.2120784 0.227146 0.28122717 0.29688647 0.2776698 0.24183217 0.28150323 0.2848254 0.3101201 0.42729217 0.35805002 0.3401423 0.21438992 0.1793739 0.27017114 0.25083718 0.19159481 0.31102303 0.2301205 0.18426473 0.19243357 0.24735326 0.38990775 0.3302794 0.2922894 0.45713377 0.2549599 0.37199697 0.26165038 0.23830035 0.27281234 0.43047747 0.27060816 0.14564134 0.20940796 0.27624646 0.22793011 0.32284582 0.3741648 0.2857024 0.2864288 0.26981315 0.30699477 0.24490109 0.2307559 0.468255 0.30242792 0.22628425 0.26242954 0.22833528 0.22981441 0.3998697 0.27903348 0.25056335 0.31400722 0.27525082 0.29934847 0.41048884 0.20245165 0.21341343 0.2767504 0.21331657 0.3252049 0.28330734 0.3111045 0.29953268 0.24728875 0.2885025 0.24720348 0.46010387 0.2671123 0.28031826 0.42856345 0.27351722 0.17827676 0.31756192 0.263974 0.29818022 0.33682466 0.25728518 0.31529555 0.30435333 0.25489628 0.23535775 0.31079596 0.35662332 0.32966 0.2322163 0.19847298 0.31419954 0.19947049 0.26687387 0.2621032 0.26122248 0.29253152 0.26249254 0.21343121 0.24063958 0.27883798 0.3386453 0.24477139 0.28806493 1.4882627 0.20791827 0.26429427 0.3268388 0.28345412 0.4595605 0.3077033 0.26248658 0.26253146 0.22540465 0.22878544 0.3042442 0.4289329 0.2402152 0.2551883 0.23707004 0.3074603 0.27204123 0.25692558 0.37214297 0.20025899 0.26861453 0.26653087 0.25537407 0.37906662 0.23681243 0.2456918 0.22078747 0.2436179 0.38106132 0.26579866 0.27140903 0.32320312 0.21496388 0.22144903 0.3178534 0.21981138 0.28106123 0.30454165 0.22667281 0.24964455 0.31228265 0.22411764 0.33159196 0.31130224 0.319039,0.32931054 0.1999107 0.40891168 0.2661177 0.28127474 0.25567824 0.31977087 0.29938364 0.3394482 0.3401385 0.19501007 0.31438008 0.29595616 0.29344532 0.30130568 0.4969588 0.36256287 0.17236957 0.24502495 0.23887466 0.33156335 0.22552188 0.29451752 0.30597052 0.25008827 0.2944889 0.23850203 0.20600945 0.37370753 0.29176408 0.2788019 0.26673213 0.26577872 0.37013385 0.29095942 0.66917855 0.32329205 0.19028002 0.19289659 0.24953862 0.38031757 0.35477796 0.34612778 0.31166917 0.290429 0.41286698 0.35779592 0.4155842 0.33881673 0.30204225 0.3114125 0.24614395 0.28281307 0.21423745 0.256954 0.22530009 0.31836194 0.29903415 0.25524724 0.3068172 0.2880333 0.3053805 0.43355888 0.27335733 0.25876975 0.24709252 0.238635 0.36703312 0.37615195 0.3317501 0.24643627 0.21736485 0.22270742 0.22122328 0.27229524 0.34823534 0.3373525 0.31665167 0.33872372 0.21652122 0.39693728 0.19800873 0.27752012 0.21060081 0.28648853 0.31329495 0.41029847 0.23695177 0.2962646 0.30911043 0.22142626 0.34365234 0.33505452 0.3430698 0.45995516 0.21279761 0.2262983 0.3010022 0.38840607 0.3505817 0.36256078 0.46184456 0.32346356 0.458571 0.25039366 0.43648955 0.23291954 0.19041215 0.21205252 0.22711827 0.28119287 0.29685023 0.2776359 0.24180266 0.28146887 0.28479064 0.31008226 0.42724 0.35800633 0.3401008 0.21436375 0.17935202 0.27013814 0.25080657 0.19157143 0.3109851 0.23009242 0.18424225 0.19241008 0.24732307 0.38986018 0.3302391 0.29225373 0.45707798 0.2549288 0.37195155 0.26161844 0.23827128 0.27277905 0.43042493 0.27057514 0.14562356 0.2093824 0.27621275 0.22790231 0.32280642 0.37411913 0.28566754 0.28639385 0.26978022 0.3069573 0.24487121 0.23072773 0.46819788 0.302391 0.22625662 0.26239753 0.22830741 0.22978637 0.3998209 0.27899945 0.25053278 0.3139689 0.27521724 0.29931194 0.41043875 0.20242694 0.21338739 0.2767166 0.21329054 0.32516524 0.28327277 0.31106654 0.29949614 0.24725856 0.2884673 0.24717332 0.46004772 0.2670797 0.28028405 0.42851114 0.27348384 0.178255 0.31752315 0.2639418 0.29814383 0.33678353 0.2572538 0.31525707 0.30431616 0.25486517 0.23532903 0.31075805 0.35657978 0.32961977 0.23218796 0.19844875 0.3141612 0.19944616 0.2668413 0.2620712 0.26119062 0.29249582 0.2624605 0.21340516 0.24061021 0.27880394 0.33860397 0.24474153 0.2880298 1.4880811 0.2078929 0.264262 0.3267989 0.28341955 0.45950443 0.30766574 0.26245454 0.26249942 0.22537714 0.22875752 0.30420706 0.42888054 0.24018587 0.25515714 0.23704112 0.3074228 0.27200803 0.25689423 0.37209755 0.20023455 0.26858175 0.26649833 0.2553429 0.37902033 0.23678352 0.24566182 0.22076052 0.24358818 0.3810148 0.2657662 0.2713759 0.3231637 0.21493766 0.22142202 0.31781462 0.21978454 0.28102693 0.30450448 0.22664514 0.24961409 0.31224453 0.2240903 0.3315515 0.31126425 0.31900004,0.0025929965 0.0015741 0.003219777 0.0020954148 0.0022147617 0.0020132144 0.0025178809 0.0023573516 0.0026728206 0.0026782558 0.0015355123 0.0024754338 0.0023303635 0.0023105931 0.0023724856 0.003913061 0.0028548257 0.0013572407 0.0019293303 0.0018809028 0.0026107351 0.0017757628 0.0023190356 0.0024092167 0.001969199 0.0023188102 0.0018779687 0.0016221217 0.002942579 0.0022973549 0.0021952905 0.002100253 0.0020927459 0.0029144397 0.002291019 0.0052691223 0.0025456066 0.0014982679 0.0015188708 0.001964871 0.0029946265 0.0027935272 0.0027254156 0.002454088 0.0022868426 0.0032509211 0.0028172908 0.0032723167 0.0026678483 0.0023782854 0.002452067 0.0019381413 0.0022268747 0.0016869091 0.0020232599 0.0017740164 0.002506787 0.0023545995 0.0020098207 0.0024158836 0.0022679789 0.0024045708 0.0034138495 0.0021524199 0.002037557 0.0019456104 0.0018790158 0.0028900246 0.0029618263 0.0026122055 0.0019404431 0.0017115342 0.0017536017 0.0017419156 0.002144057 0.0027420106 0.002656319 0.0024933203 0.002667116 0.0017048914 0.0031254904 0.0015591239 0.0021851978 0.0016582741 0.0022558153 0.0024668893 0.0032306965 0.0018657619 0.0023327922 0.0024339403 0.0017435139 0.002705924 0.0026382245 0.002701337 0.0036216942 0.0016755718 0.0017818764 0.002370096 0.0030583155 0.002760486 0.0028548094 0.0036365713 0.0025469572 0.0036107951 0.0019716036 0.0034369256 0.0018340121 0.0014993083 0.0016697049 0.0017883328 0.002214117 0.0023374034 0.0021861095 0.0019039579 0.0022162902 0.002242446 0.0024415925 0.0033640945 0.0028189474 0.002677959 0.0016879035 0.0014122206 0.002127072 0.0019748549 0.0015084364 0.0024487015 0.0018117514 0.0014507264 0.00151504 0.0019474258 0.0030697652 0.0026003078 0.0023012105 0.0035990393 0.0020073133 0.0029287525 0.0020599877 0.0018761518 0.0021478664 0.0033891727 0.0021305128 0.0011466423 0.0016486803 0.0021749036 0.0017945063 0.0025417828 0.0029458199 0.0022493508 0.0022550698 0.0021242537 0.0024169867 0.0019281198 0.0018167538 0.0036865976 0.0023810314 0.0017815483 0.0020661224 0.0017976961 0.0018093415 0.003148196 0.002196846 0.001972699 0.002472196 0.002167065 0.002356787 0.003231801 0.001593913 0.0016802156 0.0021788708 0.0016794531 0.0025603562 0.0022304943 0.0024493427 0.0023582373 0.0019469177 0.0022713959 0.0019462466 0.003622423 0.00210299 0.002206961 0.0033741035 0.0021534162 0.0014035827 0.0025001823 0.002078282 0.0023475892 0.0026518388 0.0020256205 0.002482339 0.0023961903 0.0020068123 0.0018529845 0.0024469139 0.0028077147 0.0025954312 0.0018282516 0.0015625886 0.0024737103 0.0015704422 0.0021011126 0.0020635526 0.0020566192 0.0023031167 0.002066618 0.0016803556 0.0018945686 0.0021953066 0.002666173 0.0019270986 0.0022679511 0.011717174 0.0016369519 0.002080803 0.0025732196 0.00223165 0.0036181451 0.002422565 0.0020665713 0.0020669245 0.0017746232 0.0018012403 0.0023953312 0.0033770122 0.0018912273 0.0020091115 0.0018664654 0.002420652 0.0021417956 0.0020227893 0.002929902 0.00157665 0.0021148168 0.002098412 0.002010574 0.002984412 0.0018644371 0.0019343451 0.0017382718 0.0019180172 0.0030001164 0.0020926474 0.0021368181 0.0025445959 0.0016924225 0.0017434804 0.0025024773 0.001730587 0.0022128106 0.0023976732 0.0017846074 0.0019654653 0.0024586185 0.0017644905 0.0026106418 0.0024508997 0.0025118112,
343,256,,,0.006201664 0.006201664 0.006201664 0.006201664 0.006201664 0.006201664 0.006201664 0.006201664 0.006201664 0.006201664 0.006201664 0.006201664 0.006201664 0.006201664 0.006201664 0.006201664 0.006201664 0.006201664 0.006201664 0.006201664 0.006201664 0.006201664 0.006201664 0.006201664 0.006201664 0.006201664 0.006201664 0.006201664 0.006201664 0.006201664 0.006201664 0.006201664 0.006201664 0.006201664 0.006201664 0.006201664 0.006201664 0.006201664 0.006201664 0.006201664 0.006201664 0.006201664 0.006201664 0.006201664 0.006201664 0.006201664 0.006201664 0.006201664 0.006201664 0.006201664 0.006201664 0.006201664 0.006201664 0.006201664 0.006201664 0.006201664 0.006201664 0.006201664 0.006201664 0.006201664 0.006201664 0.006201664 0.006201664 0.006201664 0.006201664 0.006201664 0.006201664 0.006201664 0.006201664 0.006201664 0.006201664 0.006201664 0.006201664 0.006201664 0.006201664 0.006201664 0.006201664 0.006201664 0.006201664 0.006201664 0.006201664 0.006201664 0.006201664 0.006201664 0.006201664 0.006201664 0.006201664 0.006201664 0.006201664 0.006201664 0.006201664 0.006201664 0.006201664 0.006201664 0.006201664 0.006201664 0.006201664 0.006201664 0.006201664 0.006201664 0.006201664 0.006201664 0.006201664 0.006201664 0.006201664 0.006201664 0.006201664 0.006201664 0.006201664 0.006201664 0.006201664 0.006201664 0.006201664 0.006201664 0.006201664 0.006201664 0.006201664 0.006201664 0.006201664 0.006201664 0.006201664 0.006201664 0.006201664 0.006201664 0.006201664 0.006201664 0.006201664 0.006201664 0.006201664 0.006201664 0.006201664 0.006201664 0.006201664 0.006201664 0.006201664 0.006201664 0.006201664 0.006201664 0.006201664 0.006201664 0.006201664 0.006201664 0.006201664 0.006201664 0.006201664 0.006201664 0.006201664 0.006201664 0.006201664 0.006201664 0.006201664 0.006201664 0.006201664 0.006201664 0.006201664 0.006201664 0.006201664 0.006201664 0.006201664 0.006201664 0.006201664 0.006201664 0.006201664 0.006201664 0.006201664 0.006201664 0.006201664 0.006201664 0.006201664 0.006201664 0.006201664 0.006201664 0.006201664 0.006201664 0.006201664 0.006201664 0.006201664 0.006201664 0.006201664 0.006201664 0.006201664 0.006201664 0.006201664 0.006201664 0.006201664 0.006201664 0.006201664 0.006201664 0.006201664 0.006201664 0.006201664 0.006201664 0.006201664 0.006201664 0.006201664 0.006201664 0.006201664 0.006201664 0.006201664 0.006201664 0.006201664 0.006201664 0.006201664 0.006201664 0.006201664 0.006201664 0.006201664 0.006201664 0.006201664 0.006201664 0.006201664 0.006201664 0.006201664 0.006201664 0.006201664 0.006201664 0.006201664 0.006201664 0.006201664 0.006201664 0.006201664 0.006201664 0.006201664 0.006201664 0.006201664 0.006201664 0.006201664 0.006201664 0.006201664 0.006201664 0.006201664 0.006201664 0.006201664 0.006201664 0.006201664 0.006201664 0.006201664 0.006201664 0.006201664 0.006201664 0.006201664 0.006201664 0.006201664 0.006201664 0.006201664 0.006201664 0.006201664 0.006201664 0.006201664 0.006201664 0.006201664 0.006201664 0.006201664 0.006201664 0.006201664 0.006201664,14 15 14 14 14 14 14 14 14 14 15 14 14 14 14 13 14 15 15 15 14 15 14 14 14 14 15 15 14 14 14 14 14 14 14 13 14 15 15 14 14 14 14 14 14 14 14 14 14 14 14 15 14 15 14 15 14 14 14 14 14 14 14 14 14 15 15 14 14 14 15 15 15 15 14 14 14 14 14 15 14 15 14 15 14 14 14 15 14 14 15 14 14 14 14 15 15 14 14 14 14 14 14 14 14 14 15 15 15 15 14 14 14 15 14 14 14 14 14 14 15 15 14 14 15 14 15 15 15 15 14 14 14 14 14 14 14 15 14 14 14 15 15 14 15 14 14 14 14 14 14 15 15 14 14 15 14 15 15 14 14 14 14 14 14 14 15 15 14 15 14 14 14 14 15 14 15 14 14 14 14 14 15 14 14 14 14 14 14 14 14 15 14 14 14 15 15 14 15 14 14 14 14 14 15 15 14 14 15 14 12 15 14 14 14 14 14 14 14 15 15 14 14 15 14 15 14 14 14 14 15 14 14 14 14 15 15 15 15 14 14 14 14 15 15 14 15 14 14 15 14 14 15 14 14 14
352,1x1x512x512,0.065111965 0.1831498 0.13002308 0.097041465 0.18297014 0.17697082 0.13234481 0.17140605 0.12082913 0.12471636 0.101959325 0.39671847 0.07985087 0.2866202 0.1600891 0.07510785 0.3355459 0.13630454 0.17417942 0.059732657 0.077722356 0.1738548 0.08531938 0.27784264 0.15664859 0.1328712 0.13585088 0.15633184 0.15674755 0.09374093 0.13336517 0.070917115 0.14948656 0.07243478 0.17537893 0.19828351 0.19934492 0.18750477 0.15401228 0.12882754 0.24204418 0.13910547 0.17636636 0.29586345 0.08113949 0.095645994 0.1825954 0.31612557 0.1547265 0.14552537 0.09321213 0.22440942 0.23179643 0.1869421 0.1971279 0.11456757 0.077715635 0.18142605 0.10894715 0.27735984 0.071107075 0.16523428 0.07849512 0.102842085 0.12817353 0.22904353 0.10842569 0.1389732 0.116281986 0.100855194 0.11836185 0.06590821 0.13621743 0.17025182 0.20520557 0.1229079 0.073573895 0.14995815 0.15457746 0.06650939 0.113192834 0.17526837 0.079308935 0.09965329 0.07214881 0.14203966 0.08420987 0.11056667 0.24102636 0.27154854 0.13187473 0.0778242 0.2034889 0.06682713 0.12338807 0.12052125 0.1563819 0.10761611 0.15967101 0.18933628 0.3837511 0.08992332 0.060452163 0.24259636 0.19325766 0.13520749 0.071337186 0.09498577 0.13298956 0.13502535 0.12027901 0.37271863 0.110451594 0.10702574 0.24075143 0.26161194 0.16797988 0.262278 0.13099474 0.07155627 0.11473001 0.12983146 0.09718295 0.24834019 0.1041598 0.104594044 0.25442374 0.2628242 0.11333284 0.09073099 0.36426014 0.07687048 0.16871525 0.10718724 0.14874585 0.090585634 0.07730044 0.058309887 0.23017137 0.25144216 0.13505028 0.046434667 0.07925309 0.1771089 0.06917524 0.13014358 0.13111323 0.1793365 0.2176372 0.076013334 0.104229525 0.06380425 0.13631868 0.22516567 0.10164136 0.17352226 0.13937 0.10503055 0.08454836 0.12687805 0.16654241 0.053084478 0.1030126 0.15137862 0.11131049 0.14919482 0.17280722 0.1546975 0.16392316 0.27107292 0.09182819 0.14518215 0.1846641 0.14427252 0.16617325 0.23781501 0.11577898 0.13860765 0.07709237 0.12738356 0.07624818 0.17265324 0.17025436 0.09906199 0.0926548 0.20714894 0.2375366 0.09142203 0.12907016 0.24243753 0.15972063 0.19595619 0.20639113 0.108127125 0.07820352 0.18196478 0.25934628 0.29742157 0.11037287 0.09309523 0.15686202 0.19083057 0.2194021 0.10395646 0.051081542 0.12870562 0.27871343 0.12576506 0.13492471 0.18328148 0.098576985 0.15967587 0.09458851 0.15430233 0.11067359 0.18700385 0.08547085 0.11466303 0.12704727 0.22550808 0.11049586 0.1386196 0.15015051 0.06521103 0.10801534 0.106300294 0.067106634 0.10591566 0.13860296 0.08723107 0.11016632 0.13290253 0.10379585 0.1626068 0.07372223 0.06749245 0.2520512 0.16626923 0.1599584 0.25720337 0.094912425 0.187079 0.22158015 0.09871392 0.058701493 0.11298306 0.23400651 0.07508077 0.19263466 0.133573 0.14454126 0.23953995 0.15775867 0.08299391 0.15706207 0.19134791 0.19268404 0.21909991 0.18394494 0.08407387 0.080397725 0.116828494 0.074122384 0.091260925 0.13090189 0.087323934 0.16701826 0.16741943 0.13722329 0.06991654 0.16465278 0.2047279 0.08873461 0.08957794 0.20823808 0.1543948 0.14514145 0.22601381 0.08698623 0.050614413 0.21387915 0.16568352 0.16718088 0.12077252 0.24055286 0.20220943 0.06400175 0.3347357 0.17529103 0.13639833 0.14217706 0.12893336 0.12618835 0.12978685 0.15297095 0.18540742 0.25165623 0.1545487 0.2874933 0.05487514 0.14038205 0.09108383 0.18961538 0.15559518 0.10691873 0.10933409 0.08416191 0.21205966 0.051237818 0.18129194 0.3117407 0.09400905 0.14598034 0.14937262 0.105052926 0.23562106 0.15428567 0.1255296 0.08845278 0.15096514 0.08475667 0.10529817 0.13396226 0.060262192 0.12782957 0.12091856 0.14585482 0.1201307 0.27869785 0.21024404 0.2516542 0.14273752 0.22343206 0.15531377 0.2677279 0.11712005 0.11207156 0.0683336 0.11039779 0.10163089 0.12766601 0.19540739 0.056630746 0.1110231 0.08950861 0.11619891 0.17312336 0.0715099 0.07734689 0.18209656 0.1392588 0.1266309 0.05796709 0.13489948 0.14174879 0.10872438 0.1537665 0.1901009 0.1306768 0.13003108 0.08859015 0.119365945 0.22942436 0.40897024 0.3209064 0.1813315 0.1537642 0.14867803 0.09427814 0.17708345 0.11752691 0.15439428 0.09780657 0.088014 0.09630702 0.107364945 0.16615479 0.1855528 0.12396482 0.20386966 0.1548824 0.15137884 0.09121777 0.1547837 0.16857813 0.06500239 0.059222475 0.15477629 0.26768032 0.2681295 0.17235702 0.14819485 0.06835713 0.096679285 0.07876014 0.086677305 0.13545603 0.08235717 0.112798564 0.10454062 0.17068514 0.17274882 0.19169109 0.061679102 0.14412332 0.15420423 0.085867 0.11570633 0.16587703 0.08989354 0.20200282 0.190572 0.12651351 0.1514763 0.05928355 0.1252687 0.098816305 0.3986863 0.108531065 0.07756725 0.11183976 0.1969501 0.13697939 0.14866728 0.08368733 0.058522075 0.11628359 0.11156431 0.11275272 0.16374472 0.08069251 0.24613102 0.13305491 0.20468439 0.1147051 0.1661448 0.09285183 0.12390447 0.2208864 0.11970032 0.22420645 0.15553369 0.14884053 0.105537966 0.14770108 0.15790339 0.13365223 0.06888726 0.066174164 0.07419607 0.17189835 0.10937862 0.13761136 0.19782828 0.1281053 0.15691352 0.17170343 0.20484143 0.15181528 0.1381839 0.14364682 0.12276271 0.18926054 0.093118384 0.108695686 0.07159893 0.24607295 0.12614338 0.10363907 0.2352154 0.061835837 0.22913441 0.12017481 0.08052398 0.08314231 0.13458124 0.14534912 0.13593584 0.18145476 0.24251859 0.15481728 0.21089928 0.12314633 0.30193087 0.11809141 0.14380816 0.24832514 0.09806261 0.07883149 0.11251531 0.13715623 0.090061426 0.18510738 0.13591476 0.15820491 0.23353802 0.19222187 0.064242125 0.10962638 0.10309394 0.21514918 0.095351435 0.22411671 0.12253997 0.11766196 0.30626652 0.19753611 0.10244384 0.07861088 0.13355987 0.15302081 0.15458173,0.06510402 0.18312745 0.1300072 0.09702963 0.18294781 0.17694922 0.13232866 0.17138512 0.12081438 0.124701135 0.10194688 0.39667007 0.07984112 0.28658524 0.16006957 0.07509868 0.33550495 0.1362879 0.17415817 0.059725367 0.07771287 0.17383358 0.08530897 0.27780873 0.15662947 0.13285498 0.1358343 0.15631275 0.15672842 0.09372949 0.13334888 0.070908464 0.1494683 0.07242594 0.17535752 0.19825931 0.1993206 0.1874819 0.15399347 0.12881182 0.24201463 0.13908848 0.17634483 0.29582736 0.08112959 0.09563433 0.18257311 0.316087 0.15470763 0.1455076 0.09320075 0.22438203 0.23176813 0.18691929 0.19710383 0.11455359 0.07770615 0.1814039 0.10893386 0.277326 0.0710984 0.1652141 0.07848554 0.10282954 0.1281579 0.22901557 0.10841246 0.13895625 0.1162678 0.100842886 0.11834741 0.06590017 0.13620082 0.17023103 0.20518054 0.1228929 0.07356492 0.14993985 0.1545586 0.06650127 0.11317902 0.17524697 0.079299256 0.09964112 0.07214 0.14202231 0.084199585 0.110553175 0.24099694 0.2715154 0.13185863 0.0778147 0.20346408 0.06681898 0.12337301 0.12050654 0.15636282 0.107602976 0.15965153 0.18931319 0.38370425 0.08991235 0.060444783 0.24256675 0.19323407 0.13519098 0.07132848 0.094974175 0.13297333 0.13500887 0.12026433 0.37267312 0.110438116 0.10701268 0.24072205 0.26158 0.16795938 0.26224598 0.13097875 0.07154754 0.114716 0.12981561 0.09717109 0.24830988 0.10414709 0.104581274 0.25439268 0.2627921 0.113319 0.090719916 0.3642157 0.0768611 0.16869466 0.107174166 0.1487277 0.09057458 0.077291004 0.05830277 0.23014328 0.2514115 0.1350338 0.046429 0.07924342 0.17708729 0.0691668 0.1301277 0.13109723 0.17931461 0.21761063 0.07600406 0.1042168 0.06379646 0.13630204 0.22513819 0.10162895 0.17350109 0.13935298 0.10501773 0.08453804 0.12686257 0.16652209 0.053078 0.10300002 0.15136014 0.1112969 0.14917661 0.17278612 0.15467861 0.16390316 0.27103984 0.091816984 0.14516443 0.18464155 0.14425492 0.16615297 0.237786 0.11576485 0.13859074 0.07708296 0.127368 0.07623887 0.17263217 0.17023358 0.0990499 0.0926435 0.20712367 0.2375076 0.09141087 0.12905441 0.24240795 0.15970114 0.19593227 0.20636593 0.10811393 0.07819398 0.18194257 0.25931463 0.29738528 0.1103594 0.093083866 0.15684289 0.19080728 0.21937533 0.10394377 0.051075306 0.12868991 0.2786794 0.1257497 0.13490824 0.18325911 0.09856496 0.15965639 0.09457696 0.15428351 0.11066008 0.18698104 0.08546042 0.114649035 0.12703177 0.22548056 0.11048237 0.13860267 0.1501322 0.06520307 0.108002156 0.10628732 0.067098446 0.10590273 0.13858604 0.08722042 0.11015288 0.1328863 0.10378318 0.16258697 0.073713236 0.067484215 0.25202045 0.16624895 0.15993889 0.257172 0.09490085 0.18705617 0.22155312 0.09870187 0.05869433 0.11296928 0.23397796 0.0750716 0.19261116 0.1335567 0.14452362 0.23951072 0.15773942 0.08298378 0.15704289 0.19132456 0.19266053 0.21907316 0.1839225 0.08406361 0.08038791 0.11681424 0.07411334 0.09124979 0.13088591 0.08731327 0.16699788 0.167399 0.13720654 0.06990801 0.1646327 0.20470293 0.08872378 0.089567006 0.20821266 0.15437596 0.14512375 0.22598623 0.08697561 0.050608236 0.21385306 0.1656633 0.16716048 0.12075777 0.2405235 0.20218475 0.06399393 0.33469486 0.17526965 0.13638169 0.1421597 0.12891762 0.12617294 0.12977101 0.15295228 0.18538478 0.25162554 0.15452984 0.28745818 0.054868445 0.14036493 0.091072716 0.18959224 0.15557618 0.10690568 0.109320745 0.08415164 0.21203378 0.051231567 0.18126981 0.31170267 0.093997575 0.14596254 0.14935438 0.1050401 0.23559232 0.15426685 0.12551428 0.08844198 0.1509467 0.08474632 0.10528532 0.13394591 0.06025484 0.12781397 0.120903805 0.14583702 0.12011605 0.2786638 0.21021838 0.2516235 0.1427201 0.2234048 0.15529482 0.26769522 0.11710575 0.11205789 0.06832526 0.110384315 0.10161849 0.12765044 0.19538353 0.056623835 0.11100955 0.089497685 0.11618473 0.17310223 0.071501166 0.07733745 0.18207432 0.13924181 0.12661545 0.057960015 0.13488302 0.14173149 0.10871111 0.15374772 0.19007769 0.13066086 0.13001521 0.08857934 0.11935138 0.22939636 0.40892035 0.32086724 0.18130937 0.15374543 0.1486599 0.09426663 0.17706183 0.11751257 0.15437543 0.09779464 0.08800326 0.09629527 0.10735185 0.1661345 0.18553017 0.12394969 0.20384479 0.15486349 0.15136036 0.09120664 0.15476482 0.16855757 0.06499446 0.059215248 0.15475741 0.26764765 0.26809677 0.172336 0.14817677 0.068348795 0.09666749 0.07875053 0.086666726 0.13543949 0.08234712 0.1127848 0.10452786 0.17066431 0.17272773 0.19166769 0.061671577 0.14410572 0.15418541 0.08585653 0.115692206 0.1658568 0.08988257 0.20197816 0.19054873 0.12649807 0.15145782 0.059276316 0.12525341 0.09880425 0.39863765 0.108517826 0.07755779 0.11182611 0.19692606 0.13696267 0.14864914 0.08367711 0.058514934 0.1162694 0.11155069 0.11273896 0.16372474 0.080682665 0.24610098 0.13303868 0.2046594 0.1146911 0.16612454 0.0928405 0.12388935 0.22085944 0.11968572 0.22417907 0.1555147 0.14882237 0.10552509 0.14768307 0.15788412 0.13363592 0.06887885 0.06616609 0.07418701 0.17187737 0.10936528 0.13759457 0.19780414 0.12808967 0.15689437 0.17168246 0.20481645 0.15179674 0.13816705 0.14362928 0.12274773 0.18923745 0.093107015 0.10868242 0.07159019 0.2460429 0.12612799 0.10362643 0.23518668 0.061828293 0.22910646 0.12016014 0.080514155 0.08313216 0.13456482 0.14533137 0.13591924 0.18143262 0.242489 0.15479839 0.21087353 0.123131305 0.301894 0.118076995 0.1437906 0.24829483 0.09805064 0.07882186 0.11250158 0.13713948 0.09005044 0.18508479 0.13589817 0.15818562 0.23350953 0.1921984 0.06423428 0.10961301 0.10308136 0.21512292 0.0953398 0.22408937 0.122525014 0.117647596 0.30622914 0.197512 0.102431335 0.07860129 0.13354357 0.15300214 0.15456286,0.0005126301 0.0014419485 0.0010236788 0.0007640128 0.001440534 0.001393301 0.001041958 0.0013494892 0.0009512944 0.0009818987 0.0008027314 0.0031233863 0.00062867027 0.0022565767 0.0012603903 0.0005913282 0.0026417712 0.0010731331 0.0013713242 0.00047027846 0.00061191234 0.0013687683 0.00067172415 0.0021874702 0.001233303 0.0010461023 0.0010695615 0.001230809 0.001234082 0.00073802745 0.0010499912 0.00055833434 0.0011769157 0.000570283 0.0013807679 0.0015610969 0.0015694535 0.0014762353 0.0012125471 0.0010142663 0.001905627 0.0010951849 0.0013885419 0.0023293493 0.00063881563 0.00075302616 0.0014375836 0.0024888741 0.0012181703 0.0011457292 0.0007338642 0.0017667876 0.0018249459 0.0014718054 0.0015519987 0.0009019968 0.00061185943 0.0014283772 0.0008577469 0.0021836692 0.00055982993 0.0013008985 0.0006179964 0.0008096814 0.0010091173 0.0018032723 0.0008536414 0.0010941437 0.0009154945 0.00079403847 0.0009318693 0.00051889895 0.0010724474 0.0013404018 0.0016155948 0.0009676606 0.0005792513 0.0011806288 0.0012169968 0.00052363204 0.0008911734 0.0013798974 0.0006244036 0.00078457576 0.0005680315 0.0011182859 0.00066298887 0.00087049743 0.0018976138 0.0021379166 0.0010382569 0.00061271415 0.0016020794 0.0005261337 0.00097144104 0.0009488704 0.0012312033 0.0008472675 0.0012570986 0.001490655 0.0030212933 0.0007079712 0.00047594318 0.0019099744 0.0015215281 0.0010644959 0.0005616416 0.00074782816 0.001047034 0.001063062 0.0009469632 0.002934434 0.0008695915 0.0008426195 0.0018954491 0.002059685 0.0013225147 0.002064929 0.0010313287 0.00056336646 0.0009032756 0.0010221702 0.0007651267 0.0019551958 0.00082005584 0.0008234746 0.002003092 0.0020692293 0.0008922756 0.00071433006 0.0028678402 0.0006052055 0.0013283044 0.00084389106 0.0011710842 0.00071318564 0.0006085906 0.00045907695 0.0018121517 0.001979618 0.0010632583 0.00036558267 0.00062396395 0.0013943881 0.0005446205 0.0010246276 0.0010322616 0.0014119261 0.0017134695 0.0005984572 0.00082060474 0.0005023343 0.0010732444 0.0017727417 0.000800228 0.0013661503 0.0010972675 0.00082691124 0.0006656539 0.0009989179 0.0013111975 0.000417937 0.0008110238 0.0011918121 0.00087635353 0.001174619 0.0013605206 0.0012179419 0.0012905761 0.002134172 0.00072296837 0.001143027 0.0014538706 0.0011358656 0.0013082911 0.0018723307 0.00091153424 0.0010912657 0.00060695247 0.0010028976 0.0006003061 0.0013593085 0.0013404218 0.0007799205 0.0007294764 0.0016308951 0.0018701386 0.0007197706 0.0010161764 0.001908724 0.0012574893 0.0015427738 0.0016249286 0.00085129077 0.0006157006 0.0014326186 0.0020418474 0.0023416164 0.00086897163 0.0007329438 0.0012349833 0.0015024196 0.0017273647 0.0008184549 0.00040216776 0.0010133064 0.002194326 0.0009901552 0.0010622697 0.0014429851 0.00077610207 0.0012571369 0.0007447005 0.0012148308 0.00087133923 0.0014722917 0.00067291665 0.0009027483 0.0010002502 0.0017754375 0.0008699399 0.0010913596 0.0011821432 0.00051341 0.00085041067 0.00083690806 0.00052833423 0.00083387975 0.0010912287 0.00068677496 0.0008673455 0.0010463488 0.0008171904 0.0012802124 0.0005804192 0.0005313718 0.001984413 0.0013090469 0.0012593613 0.0020249763 0.00074725074 0.0014728833 0.0017445127 0.0007771801 0.00046216007 0.0008895219 0.0018423462 0.000591115 0.0015166233 0.0010516276 0.0011379813 0.0018859111 0.0012420426 0.00065341557 0.0012365582 0.0015064926 0.001517012 0.0017249855 0.0014482087 0.0006619182 0.0006329757 0.00091979717 0.0005835696 0.00071850227 0.0010305977 0.0006875061 0.0013149439 0.0013181024 0.0010803664 0.00055045675 0.0012963205 0.001611834 0.0006986124 0.000705252 0.0016394698 0.0012155587 0.0011427067 0.0017794191 0.00068484736 0.00039849005 0.0016838823 0.0013044354 0.0013162242 0.0009508486 0.0018938859 0.001592006 0.0005038892 0.0026353926 0.0013800759 0.0010738715 0.0011193677 0.0010150993 0.0009934878 0.001021819 0.0012043486 0.0014597226 0.0019813036 0.0012167704 0.0022634503 0.000432035 0.0011052357 0.000717108 0.0014928523 0.0012250093 0.00084177696 0.0008607933 0.00066261133 0.0016695573 0.00040339815 0.0014273213 0.0024543516 0.0007401384 0.0011493113 0.0011760187 0.00082708744 0.0018550577 0.0012146996 0.0009883015 0.00069639354 0.0011885568 0.0006672939 0.00082901824 0.0010546922 0.00047444756 0.0010064092 0.00095199846 0.0011483231 0.0009457957 0.0021942032 0.0016552629 0.0019812875 0.0011237804 0.0017590929 0.0012227938 0.0021078363 0.0009220925 0.00088234554 0.00053799414 0.00086916785 0.0008001456 0.0010051216 0.001538453 0.00044585697 0.000874091 0.0007047062 0.0009148404 0.0013630097 0.0005630013 0.0006089563 0.0014336561 0.0010963923 0.0009969721 0.00045637807 0.001062071 0.0011159959 0.00085599296 0.001210612 0.0014966747 0.0010288256 0.0010237418 0.00069747516 0.0009397746 0.0018062706 0.0032198452 0.0025265138 0.0014276329 0.001210594 0.0011705504 0.00074225693 0.0013941876 0.0009252958 0.0012155545 0.00077003654 0.0006929391 0.00075823045 0.00084529014 0.0013081457 0.0014608675 0.0009759818 0.0016050771 0.0012193975 0.0011918138 0.0007181625 0.0012186206 0.001327225 0.0005117674 0.0004662618 0.0012185622 0.002107462 0.0021109981 0.0013569763 0.0011667463 0.0005381795 0.0007611613 0.0006200829 0.00068241515 0.0010664526 0.0006484025 0.00088806933 0.000823054 0.0013438135 0.0013600609 0.0015091944 0.00048560297 0.0011346907 0.0012140584 0.00067603565 0.00091096223 0.001305959 0.00070773676 0.0015903793 0.0015003837 0.0009960479 0.0011925813 0.00046674264 0.0009862473 0.00077798625 0.003138879 0.00085447106 0.00061069126 0.0008805205 0.0015505989 0.0010784462 0.0011704657 0.0006588749 0.0004607475 0.0009155071 0.00087835186 0.00088770833 0.0012891712 0.0006352966 0.001937803 0.0010475487 0.0016114913 0.0009030795 0.0013080672 0.00073102757 0.0009755067 0.0017390507 0.00094240723 0.0017651896 0.0012245252 0.0011718296 0.0008309062 0.0011628588 0.0012431821 0.0010522513 0.00054235314 0.0005209928 0.0005841497 0.0013533651 0.0008611439 0.0010834218 0.0015575129 0.0010085801 0.0012353888 0.0013518304 0.0016127279 0.00119525 0.0010879296 0.0011309392 0.00096651755 0.0014900586 0.00073312613 0.00085576705 0.0005637023 0.0019373457 0.0009931338 0.00081595615 0.0018518636 0.00048683694 0.0018039879 0.0009461428 0.0006339697 0.000654584 0.0010595655 0.0011443414 0.0010702303 0.0014286033 0.0019093622 0.001218885 0.0016604215 0.0009695378 0.0023771182 0.00092974014 0.0011322094 0.0019550775 0.00077205227 0.0006206446 0.00088583917 0.0010798385 0.00070905854 0.0014573606 0.0010700644 0.001245556 0.0018386577 0.0015133732 0.00050578173 0.0008630946 0.0008116643 0.0016938812 0.00075070705 0.0017644832 0.00096476387 0.00092635903 0.002411253 0.0015552127 0.00080654596 0.0006189078 0.0010515242 0.0012047413 0.0012170305,
353,512,,,0.004594058 0.004594058 0.004594058 0.004594058 0.004594058 0.004594058 0.004594058 0.004594058 0.004594058 0.004594058 0.004594058 0.004594058 0.004594058 0.004594058 0.004594058 0.004594058 0.004594058 0.004594058 0.004594058 0.004594058 0.004594058 0.004594058 0.004594058 0.004594058 0.004594058 0.004594058 0.004594058 0.004594058 0.004594058 0.004594058 0.004594058 0.004594058 0.004594058 0.004594058 0.004594058 0.004594058 0.004594058 0.004594058 0.004594058 0.004594058 0.004594058 0.004594058 0.004594058 0.004594058 0.004594058 0.004594058 0.004594058 0.004594058 0.004594058 0.004594058 0.004594058 0.004594058 0.004594058 0.004594058 0.004594058 0.004594058 0.004594058 0.004594058 0.004594058 0.004594058 0.004594058 0.004594058 0.004594058 0.004594058 0.004594058 0.004594058 0.004594058 0.004594058 0.004594058 0.004594058 0.004594058 0.004594058 0.004594058 0.004594058 0.004594058 0.004594058 0.004594058 0.004594058 0.004594058 0.004594058 0.004594058 0.004594058 0.004594058 0.004594058 0.004594058 0.004594058 0.004594058 0.004594058 0.004594058 0.004594058 0.004594058 0.004594058 0.004594058 0.004594058 0.004594058 0.004594058 0.004594058 0.004594058 0.004594058 0.004594058 0.004594058 0.004594058 0.004594058 0.004594058 0.004594058 0.004594058 0.004594058 0.004594058 0.004594058 0.004594058 0.004594058 0.004594058 0.004594058 0.004594058 0.004594058 0.004594058 0.004594058 0.004594058 0.004594058 0.004594058 0.004594058 0.004594058 0.004594058 0.004594058 0.004594058 0.004594058 0.004594058 0.004594058 0.004594058 0.004594058 0.004594058 0.004594058 0.004594058 0.004594058 0.004594058 0.004594058 0.004594058 0.004594058 0.004594058 0.004594058 0.004594058 0.004594058 0.004594058 0.004594058 0.004594058 0.004594058 0.004594058 0.004594058 0.004594058 0.004594058 0.004594058 0.004594058 0.004594058 0.004594058 0.004594058 0.004594058 0.004594058 0.004594058 0.004594058 0.004594058 0.004594058 0.004594058 0.004594058 0.004594058 0.004594058 0.004594058 0.004594058 0.004594058 0.004594058 0.004594058 0.004594058 0.004594058 0.004594058 0.004594058 0.004594058 0.004594058 0.004594058 0.004594058 0.004594058 0.004594058 0.004594058 0.004594058 0.004594058 0.004594058 0.004594058 0.004594058 0.004594058 0.004594058 0.004594058 0.004594058 0.004594058 0.004594058 0.004594058 0.004594058 0.004594058 0.004594058 0.004594058 0.004594058 0.004594058 0.004594058 0.004594058 0.004594058 0.004594058 0.004594058 0.004594058 0.004594058 0.004594058 0.004594058 0.004594058 0.004594058 0.004594058 0.004594058 0.004594058 0.004594058 0.004594058 0.004594058 0.004594058 0.004594058 0.004594058 0.004594058 0.004594058 0.004594058 0.004594058 0.004594058 0.004594058 0.004594058 0.004594058 0.004594058 0.004594058 0.004594058 0.004594058 0.004594058 0.004594058 0.004594058 0.004594058 0.004594058 0.004594058 0.004594058 0.004594058 0.004594058 0.004594058 0.004594058 0.004594058 0.004594058 0.004594058 0.004594058 0.004594058 0.004594058 0.004594058 0.004594058 0.004594058 0.004594058 0.004594058 0.004594058 0.004594058 0.004594058 0.004594058 0.004594058 0.004594058 0.004594058 0.004594058 0.004594058 0.004594058 0.004594058 0.004594058 0.004594058 0.004594058 0.004594058 0.004594058 0.004594058 0.004594058 0.004594058 0.004594058 0.004594058 0.004594058 0.004594058 0.004594058 0.004594058 0.004594058 0.004594058 0.004594058 0.004594058 0.004594058 0.004594058 0.004594058 0.004594058 0.004594058 0.004594058 0.004594058 0.004594058 0.004594058 0.004594058 0.004594058 0.004594058 0.004594058 0.004594058 0.004594058 0.004594058 0.004594058 0.004594058 0.004594058 0.004594058 0.004594058 0.004594058 0.004594058 0.004594058 0.004594058 0.004594058 0.004594058 0.004594058 0.004594058 0.004594058 0.004594058 0.004594058 0.004594058 0.004594058 0.004594058 0.004594058 0.004594058 0.004594058 0.004594058 0.004594058 0.004594058 0.004594058 0.004594058 0.004594058 0.004594058 0.004594058 0.004594058 0.004594058 0.004594058 0.004594058 0.004594058 0.004594058 0.004594058 0.004594058 0.004594058 0.004594058 0.004594058 0.004594058 0.004594058 0.004594058 0.004594058 0.004594058 0.004594058 0.004594058 0.004594058 0.004594058 0.004594058 0.004594058 0.004594058 0.004594058 0.004594058 0.004594058 0.004594058 0.004594058 0.004594058 0.004594058 0.004594058 0.004594058 0.004594058 0.004594058 0.004594058 0.004594058 0.004594058 0.004594058 0.004594058 0.004594058 0.004594058 0.004594058 0.004594058 0.004594058 0.004594058 0.004594058 0.004594058 0.004594058 0.004594058 0.004594058 0.004594058 0.004594058 0.004594058 0.004594058 0.004594058 0.004594058 0.004594058 0.004594058 0.004594058 0.004594058 0.004594058 0.004594058 0.004594058 0.004594058 0.004594058 0.004594058 0.004594058 0.004594058 0.004594058 0.004594058 0.004594058 0.004594058 0.004594058 0.004594058 0.004594058 0.004594058 0.004594058 0.004594058 0.004594058 0.004594058 0.004594058 0.004594058 0.004594058 0.004594058 0.004594058 0.004594058 0.004594058 0.004594058 0.004594058 0.004594058 0.004594058 0.004594058 0.004594058 0.004594058 0.004594058 0.004594058 0.004594058 0.004594058 0.004594058 0.004594058 0.004594058 0.004594058 0.004594058 0.004594058 0.004594058 0.004594058 0.004594058 0.004594058 0.004594058 0.004594058 0.004594058 0.004594058 0.004594058 0.004594058 0.004594058 0.004594058 0.004594058 0.004594058 0.004594058 0.004594058 0.004594058 0.004594058 0.004594058 0.004594058 0.004594058 0.004594058 0.004594058 0.004594058 0.004594058 0.004594058 0.004594058 0.004594058 0.004594058 0.004594058 0.004594058 0.004594058 0.004594058 0.004594058 0.004594058 0.004594058 0.004594058 0.004594058 0.004594058 0.004594058 0.004594058 0.004594058 0.004594058 0.004594058 0.004594058 0.004594058 0.004594058 0.004594058 0.004594058 0.004594058 0.004594058 0.004594058 0.004594058 0.004594058 0.004594058 0.004594058 0.004594058 0.004594058 0.004594058 0.004594058 0.004594058 0.004594058 0.004594058 0.004594058 0.004594058 0.004594058 0.004594058 0.004594058 0.004594058 0.004594058 0.004594058 0.004594058 0.004594058 0.004594058 0.004594058 0.004594058 0.004594058 0.004594058 0.004594058 0.004594058,14 13 13 14 13 13 13 13 14 13 14 12 14 12 13 14 12 13 13 15 14 13 14 12 13 13 13 13 13 14 13 14 13 14 13 13 13 13 13 13 13 13 13 12 14 14 13 12 13 13 14 13 13 13 13 14 14 13 14 12 14 13 14 14 13 13 14 13 14 14 14 14 13 13 13 14 14 13 13 14 14 13 14 14 14 13 14 14 13 12 13 14 13 14 14 14 13 14 13 13 12 14 15 13 13 13 14 14 13 13 14 12 14 14 13 12 13 12 13 14 14 13 14 12 14 14 12 12 14 14 12 14 13 14 13 14 14 15 13 12 13 15 14 13 14 13 13 13 13 14 14 14 13 13 14 13 13 14 14 13 13 15 14 13 14 13 13 13 13 12 14 13 13 13 13 13 14 13 14 13 14 13 13 14 14 13 13 14 13 13 13 13 13 14 14 13 12 12 14 14 13 13 13 14 15 13 12 13 13 13 14 13 14 13 14 13 14 14 13 13 14 13 13 14 14 14 14 14 13 14 14 13 14 13 14 14 12 13 13 12 14 13 13 14 15 14 13 14 13 13 13 13 13 14 13 13 13 13 13 14 14 14 14 14 13 14 13 13 13 14 13 13 14 14 13 13 13 13 14 15 13 13 13 14 13 13 14 12 13 13 13 13 13 13 13 13 12 13 12 15 13 14 13 13 14 14 14 13 15 13 12 14 13 13 14 13 13 13 14 13 14 14 13 15 13 14 13 14 12 13 12 13 13 13 12 14 14 14 14 14 13 13 15 14 14 14 13 14 14 13 13 13 15 13 13 14 13 13 13 13 14 14 13 12 12 13 13 13 14 13 14 13 14 14 14 14 13 13 13 13 13 13 14 13 13 14 15 13 12 12 13 13 14 14 14 14 13 14 14 14 13 13 13 15 13 13 14 14 13 14 13 13 13 13 15 13 14 12 14 14 14 13 13 13 14 15 14 14 14 13 14 13 13 13 14 13 14 13 13 14 13 13 13 14 13 13 13 14 14 14 13 14 13 13 13 13 13 13 13 13 13 14 13 14 14 14 13 13 14 13 15 13 14 14 14 13 13 13 13 13 13 13 14 12 14 13 12 14 14 14 13 14 13 13 13 13 13 14 14 14 13 14 13 14 14 12 13 14 14 13 13 13
363,1x1x768x256,0.15303013 0.15595245 0.20268288 0.08809516 0.14495972 0.21950649 0.345959 0.13159733 0.08415058 0.09712433 0.12612201 0.22462039 0.1267005 0.14624704 0.17236675 0.19267131 0.10020216 0.28023416 0.25362417 0.15388064 0.2990754 0.10873449 0.15116265 0.15463178 0.18067281 0.09831477 0.1458328 0.21776423 0.12653509 0.106235065 0.29020017 0.10663108 0.18710443 0.20938472 0.10669793 0.1664034 0.104805484 0.25144443 0.15971626 0.15146597 0.14210962 0.14486726 0.19287196 0.10543763 0.20747367 0.20160869 0.2184267 0.07220388 0.12525852 0.26063758 0.3627851 0.25039157 0.147277 0.15542467 0.11217596 0.17522258 0.24832837 0.17752449 0.10333619 0.1672503 0.11570108 0.34620938 0.1300529 0.2297096 0.13581546 0.2806521 0.15966955 0.37403622 0.18517756 0.1276418 0.13962536 0.14024037 0.11164069 0.5631224 0.14417653 0.29208425 0.16751637 0.25344452 0.11799074 0.2511821 0.09800719 0.16128257 0.29261273 0.14802918 0.15045473 0.15383172 0.12576221 0.21516846 0.16131681 0.2074968 0.3845045 0.2094801 0.1885447 0.2461903 0.10750472 0.15563372 0.12746812 0.18837185 0.10187287 0.12722383 0.13769273 0.1812558 0.21987922 0.20062847 0.4600937 0.10477137 0.17643377 0.08485579 0.118664026 0.19551462 0.124358505 0.45194012 0.15324658 0.10185953 0.13958545 0.28741047 0.31449357 0.1483998 0.12498028 0.20360346 0.21313314 0.44965518 0.11014771 0.30399233 0.22228736 0.20099342 0.28510448 0.08363962 0.17675224 0.092275456 0.20436162 0.2641662 0.4951884 0.13861628 0.19037329 0.31048405 0.10186039 0.08979832 0.12790336 0.16671562 0.149101 0.09396741 0.15211502 0.49240863 0.16015746 0.07863237 0.10893569 0.1406955 0.14516975 0.100777894 0.09559992 0.13228418 0.298994 0.14346062 0.08875876 0.25218114 0.12550558 0.26505497 0.14049697 0.18221214 0.16433132 0.2673877 0.12157821 0.22950324 0.12208865 0.24382897 0.0735377 0.13758133 0.091376044 0.31409007 0.23702079 0.33148435 0.11061417 0.15543878 0.1624626 0.113928825 0.097620465 0.1529033 0.18306126 0.22891189 0.1659467 0.23864134 0.32693237 0.17339006 0.080721356 0.38250384 0.12060123 0.08867873 0.37757307 0.15545705 0.29455343 0.079520136 0.16183878 0.16884013 0.17612994 0.1039033 0.12857684 0.30226418 0.35821 0.12934142 0.14834446 0.16808759 0.13683788 0.51050615 0.07747022 0.2695698 0.23961772 0.0895592 0.22212683 0.11776527 0.077011235 0.1896574 0.20274809 0.23658237 0.33671883 0.27517614 0.14854625 0.12197114 0.2730213 0.18519633 0.18374944 0.12195743 0.061893735 0.15594128 0.1654753 0.17366529 0.124619074 0.2990593 0.16327809 0.17678043 0.1209215 0.19975764 0.20675895 0.16198145 0.23381498 0.1697995 0.1629067 0.13358933 0.16707218 0.7876915 0.097944126 0.28472936 0.20953956 0.2707827 0.13643336 0.25139415 0.26416424 0.15809141 0.19764301 0.16350806 0.119058855 0.41589314 0.07992762 0.26756367 0.18890311 0.13723673,0.15301144 0.15593341 0.20265815 0.08808441 0.14494203 0.2194797 0.3459168 0.13158126 0.08414031 0.09711248 0.12610662 0.22459298 0.12668505 0.1462292 0.17234573 0.1926478 0.100189924 0.28019997 0.25359324 0.15386185 0.29903892 0.10872122 0.1511442 0.1546129 0.18065077 0.09830277 0.145815 0.21773764 0.12651964 0.1062221 0.29016474 0.10661807 0.18708159 0.20935917 0.106684916 0.16638309 0.1047927 0.25141376 0.15969677 0.15144749 0.14209227 0.14484957 0.19284843 0.10542476 0.20744835 0.20158409 0.21840005 0.072195075 0.12524323 0.26060575 0.36274084 0.250361 0.14725903 0.1554057 0.11216226 0.17520119 0.24829806 0.17750283 0.10332359 0.16722989 0.11568696 0.34616715 0.13003702 0.22968155 0.13579887 0.28061783 0.15965007 0.3739906 0.18515497 0.12762621 0.13960832 0.14022326 0.11162707 0.56305367 0.14415893 0.2920486 0.16749592 0.2534136 0.117976345 0.25115147 0.09799522 0.16126288 0.29257703 0.1480111 0.15043637 0.15381294 0.12574686 0.2151422 0.16129713 0.20747148 0.3844576 0.20945455 0.1885217 0.24616024 0.1074916 0.15561473 0.12745257 0.18834886 0.10186044 0.1272083 0.13767594 0.18123367 0.21985239 0.20060399 0.46003756 0.10475858 0.17641224 0.08484543 0.11864955 0.19549075 0.12434333 0.45188498 0.15322788 0.1018471 0.13956842 0.2873754 0.31445518 0.14838168 0.12496503 0.20357862 0.21310714 0.44960028 0.11013427 0.30395523 0.22226024 0.20096889 0.2850697 0.083629414 0.17673068 0.09226419 0.20433669 0.26413396 0.49512795 0.13859935 0.19035006 0.31044614 0.101847954 0.08978736 0.12788776 0.16669527 0.14908281 0.09395594 0.15209645 0.49234852 0.16013792 0.07862277 0.10892239 0.14067832 0.14515203 0.1007656 0.09558825 0.13226803 0.2989575 0.14344311 0.088747926 0.2521504 0.12549026 0.2650226 0.14047983 0.1821899 0.16431126 0.26735505 0.12156337 0.22947524 0.12207375 0.24379921 0.07352873 0.13756454 0.0913649 0.31405175 0.23699187 0.33144388 0.11060067 0.15541981 0.16244279 0.11391492 0.09760855 0.15288463 0.1830389 0.22888395 0.16592646 0.2386122 0.32689247 0.1733689 0.08071151 0.38245714 0.12058651 0.088667914 0.377527 0.15543808 0.2945175 0.079510435 0.16181903 0.16881952 0.17610845 0.10389062 0.12856115 0.3022273 0.35816628 0.12932563 0.14832635 0.16806708 0.1368212 0.5104438 0.077460766 0.2695369 0.23958847 0.08954827 0.22209972 0.1177509 0.07700183 0.18963425 0.20272335 0.2365535 0.33667773 0.27514255 0.14852813 0.12195625 0.272988 0.18517372 0.18372701 0.12194255 0.061886184 0.15592225 0.1654551 0.17364408 0.12460386 0.29902282 0.16325817 0.17675886 0.12090675 0.19973326 0.2067337 0.16196169 0.23378645 0.1697788 0.16288683 0.13357303 0.16705178 0.78759533 0.09793217 0.2846946 0.20951399 0.27074966 0.1364167 0.25136346 0.264132 0.15807211 0.1976189 0.1634881 0.119044326 0.41584238 0.07991787 0.26753104 0.18888006 0.13721998,0.0012048145 0.0012278222 0.0015957335 0.000693578 0.0011412759 0.0017281866 0.0027237544 0.001036073 0.0006625221 0.0007646652 0.0009929655 0.0017684487 0.00099752 0.001151411 0.0013570529 0.0015169118 0.00078889704 0.002206299 0.001996797 0.0012115106 0.0023546373 0.0008560726 0.0011901119 0.0012174244 0.001422447 0.00077403756 0.0011481496 0.0017144696 0.0009962176 0.0008363945 0.0022847618 0.00083951233 0.0014730834 0.0016484974 0.0008400387 0.0013101031 0.00082513934 0.001979636 0.0012574549 0.0011924999 0.0011188368 0.0011405478 0.0015184915 0.0008301162 0.0016334516 0.0015872762 0.0017196854 0.00056846516 0.0009861672 0.0020520138 0.002856227 0.0019713463 0.0011595199 0.001223667 0.00088316743 0.0013795369 0.001955103 0.00139766 0.00081357156 0.0013167708 0.00091092096 0.0027257255 0.0010239136 0.0018085161 0.0010692824 0.0022095894 0.0012570872 0.0029448078 0.0014579132 0.0010049308 0.0010992781 0.0011041202 0.0008789533 0.0044334936 0.0011351097 0.0022995954 0.0013188656 0.0019953826 0.0009289476 0.0019775706 0.00077161595 0.0012697865 0.002303756 0.0011654417 0.0011845384 0.0012111255 0.0009901328 0.0016940332 0.0012700561 0.0016336336 0.0030272251 0.0016492484 0.0014844228 0.0019382696 0.00084639055 0.0012253128 0.0010035635 0.0014830619 0.0008020507 0.0010016402 0.0010840625 0.0014270368 0.0017311212 0.001579559 0.003622343 0.0008248707 0.0013890727 0.00066807424 0.00093424844 0.0015392972 0.0009790814 0.0035581496 0.0012065187 0.0008019456 0.0010989639 0.0022627984 0.0024760251 0.0011683597 0.0009839766 0.0016029812 0.0016780089 0.0035401597 0.0008671989 0.0023933481 0.0017500806 0.0015824322 0.0022446434 0.0006584993 0.0013915801 0.0007264897 0.0016089503 0.0020797949 0.0038986453 0.0010913335 0.0014988193 0.0024444577 0.0008019524 0.00070698705 0.0010069902 0.0013125611 0.0011738804 0.0007398106 0.0011976098 0.00387676 0.0012609285 0.00061907695 0.00085765665 0.0011077033 0.0011429294 0.0007934299 0.0007526634 0.0010414806 0.002353996 0.0011294733 0.0006988026 0.001985436 0.0009881123 0.0020867921 0.0011061404 0.0014345661 0.0012937895 0.0021051578 0.00095719186 0.0018068916 0.00096121064 0.0019196788 0.0005789664 0.0010831853 0.0007194086 0.0024728484 0.0018660777 0.0026097943 0.0008708714 0.001223778 0.001279077 0.0008969679 0.0007685713 0.001203816 0.0014412513 0.0018022358 0.0013065075 0.0018788363 0.0025739565 0.0013651095 0.0006355237 0.0030114735 0.00094950007 0.00069817255 0.0029726536 0.0012239219 0.0023190354 0.0006260664 0.0012741656 0.0013292875 0.0013866808 0.0008180364 0.0010122926 0.0023797425 0.0028202068 0.0010183121 0.001167924 0.0013233628 0.0010773323 0.0040192427 0.0006099273 0.002122338 0.0018865233 0.0007051045 0.0017488167 0.0009271724 0.00060631364 0.0014931831 0.0015962468 0.001862626 0.0026510058 0.0021664768 0.0011695129 0.0009602854 0.0021495118 0.0014580608 0.0014466693 0.00096017757 0.0004872928 0.0012277343 0.0013027961 0.0013672762 0.0009811327 0.0023545104 0.0012854973 0.001391802 0.0009520216 0.0015727028 0.0016278244 0.0012752889 0.0018408382 0.0013368409 0.0012825734 0.0010517561 0.0013153683 0.0062015383 0.00077111943 0.00224169 0.0016497165 0.002131887 0.0010741473 0.0019792398 0.0020797795 0.0012446623 0.0015560543 0.0012873079 0.0009373569 0.0032743495 0.0006292746 0.0021065436 0.0014872445 0.0010804723,
364,256,,,0.0049615246 0.0049615246 0.0049615246 0.0049615246 0.0049615246 0.0049615246 0.0049615246 0.0049615246 0.0049615246 0.0049615246 0.0049615246 0.0049615246 0.0049615246 0.0049615246 0.0049615246 0.0049615246 0.0049615246 0.0049615246 0.0049615246 0.0049615246 0.0049615246 0.0049615246 0.0049615246 0.0049615246 0.0049615246 0.0049615246 0.0049615246 0.0049615246 0.0049615246 0.0049615246 0.0049615246 0.0049615246 0.0049615246 0.0049615246 0.0049615246 0.0049615246 0.0049615246 0.0049615246 0.0049615246 0.0049615246 0.0049615246 0.0049615246 0.0049615246 0.0049615246 0.0049615246 0.0049615246 0.0049615246 0.0049615246 0.0049615246 0.0049615246 0.0049615246 0.0049615246 0.0049615246 0.0049615246 0.0049615246 0.0049615246 0.0049615246 0.0049615246 0.0049615246 0.0049615246 0.0049615246 0.0049615246 0.0049615246 0.0049615246 0.0049615246 0.0049615246 0.0049615246 0.0049615246 0.0049615246 0.0049615246 0.0049615246 0.0049615246 0.0049615246 0.0049615246 0.0049615246 0.0049615246 0.0049615246 0.0049615246 0.0049615246 0.0049615246 0.0049615246 0.0049615246 0.0049615246 0.0049615246 0.0049615246 0.0049615246 0.0049615246 0.0049615246 0.0049615246 0.0049615246 0.0049615246 0.0049615246 0.0049615246 0.0049615246 0.0049615246 0.0049615246 0.0049615246 0.0049615246 0.0049615246 0.0049615246 0.0049615246 0.0049615246 0.0049615246 0.0049615246 0.0049615246 0.0049615246 0.0049615246 0.0049615246 0.0049615246 0.0049615246 0.0049615246 0.0049615246 0.0049615246 0.0049615246 0.0049615246 0.0049615246 0.0049615246 0.0049615246 0.0049615246 0.0049615246 0.0049615246 0.0049615246 0.0049615246 0.0049615246 0.0049615246 0.0049615246 0.0049615246 0.0049615246 0.0049615246 0.0049615246 0.0049615246 0.0049615246 0.0049615246 0.0049615246 0.0049615246 0.0049615246 0.0049615246 0.0049615246 0.0049615246 0.0049615246 0.0049615246 0.0049615246 0.0049615246 0.0049615246 0.0049615246 0.0049615246 0.0049615246 0.0049615246 0.0049615246 0.0049615246 0.0049615246 0.0049615246 0.0049615246 0.0049615246 0.0049615246 0.0049615246 0.0049615246 0.0049615246 0.0049615246 0.0049615246 0.0049615246 0.0049615246 0.0049615246 0.0049615246 0.0049615246 0.0049615246 0.0049615246 0.0049615246 0.0049615246 0.0049615246 0.0049615246 0.0049615246 0.0049615246 0.0049615246 0.0049615246 0.0049615246 0.0049615246 0.0049615246 0.0049615246 0.0049615246 0.0049615246 0.0049615246 0.0049615246 0.0049615246 0.0049615246 0.0049615246 0.0049615246 0.0049615246 0.0049615246 0.0049615246 0.0049615246 0.0049615246 0.0049615246 0.0049615246 0.0049615246 0.0049615246 0.0049615246 0.0049615246 0.0049615246 0.0049615246 0.0049615246 0.0049615246 0.0049615246 0.0049615246 0.0049615246 0.0049615246 0.0049615246 0.0049615246 0.0049615246 0.0049615246 0.0049615246 0.0049615246 0.0049615246 0.0049615246 0.0049615246 0.0049615246 0.0049615246 0.0049615246 0.0049615246 0.0049615246 0.0049615246 0.0049615246 0.0049615246 0.0049615246 0.0049615246 0.0049615246 0.0049615246 0.0049615246 0.0049615246 0.0049615246 0.0049615246 0.0049615246 0.0049615246 0.0049615246 0.0049615246 0.0049615246 0.0049615246 0.0049615246 0.0049615246 0.0049615246 0.0049615246 0.0049615246 0.0049615246 0.0049615246 0.0049615246 0.0049615246 0.0049615246 0.0049615246 0.0049615246 0.0049615246 0.0049615246 0.0049615246 0.0049615246 0.0049615246 0.0049615246 0.0049615246,14 14 14 15 14 14 13 14 15 15 14 14 14 14 14 14 15 13 13 14 13 15 14 14 14 15 14 14 14 15 13 15 14 14 15 14 15 13 14 14 14 14 14 15 14 14 14 15 14 13 13 13 14 14 15 14 13 14 15 14 15 13 14 14 14 13 14 13 14 14 14 14 15 12 14 13 14 13 15 13 15 14 13 14 14 14 14 14 14 14 13 14 14 14 15 14 14 14 15 14 14 14 14 14 13 15 14 15 15 14 14 13 14 15 14 13 13 14 14 14 14 13 15 13 14 14 13 15 14 15 14 13 12 14 14 13 15 15 14 14 14 15 14 13 14 15 15 14 14 15 15 14 13 14 15 13 14 13 14 14 14 13 15 14 15 14 15 14 15 13 14 13 15 14 14 15 15 14 14 14 14 14 13 14 15 13 15 15 13 14 13 15 14 14 14 15 14 13 13 14 14 14 14 12 15 13 14 15 14 15 15 14 14 14 13 13 14 15 13 14 14 15 16 14 14 14 14 13 14 14 15 14 14 14 14 14 14 14 14 12 15 13 14 13 14 13 13 14 14 14 15 13 15 13 14 14
373,1x1x128x64,0.20695867 0.18618089 0.2741954 0.4893168 0.25894523 0.16072336 0.15651663 0.1550651 0.1316889 0.25155428 0.18460776 0.3526861 0.17842704 0.29983515 0.37258014 0.30764675 0.18809877 0.29141343 0.17214704 0.18015599 0.31034768 0.26844838 0.4480263 0.50834405 0.40795672 0.16398531 0.2195275 0.30026042 0.3215361 0.22043966 0.182581 0.23417005 0.38896772 0.20543133 0.18838763 0.91846734 0.26542047 0.253699 0.383401 0.3092729 0.45853943 0.3036521 0.2202379 0.19133596 0.31002507 0.17101842 0.21383332 0.28643245 0.25553066 0.1774912 0.25216562 0.23168008 0.207513 0.3182885 0.29400495 0.22082672 0.21334027 0.23445386 0.15898788 0.27241743 0.25749108 0.40831542 0.20291732 0.23362234,0.20693341 0.18615817 0.27416193 0.48925707 0.2589136 0.16070373 0.15649752 0.15504618 0.13167283 0.25152358 0.18458523 0.35264307 0.17840526 0.29979855 0.3725347 0.3076092 0.18807583 0.29137784 0.17212602 0.180134 0.3103098 0.2684156 0.44797164 0.508282 0.40790695 0.1639653 0.2195007 0.3002238 0.32149687 0.22041275 0.1825587 0.23414147 0.38892025 0.20540625 0.18836464 0.9183553 0.26538807 0.25366804 0.38335422 0.30923513 0.4584835 0.30361503 0.22021103 0.19131261 0.30998725 0.17099756 0.21380721 0.2863975 0.25549945 0.17746955 0.25213486 0.2316518 0.20748769 0.31824964 0.29396906 0.22079977 0.21331422 0.23442525 0.15896848 0.2723842 0.25745964 0.4082656 0.20289256 0.23359382,0.0016293969 0.0014658123 0.0021587554 0.003852418 0.0020386898 0.0012653837 0.001232264 0.0012208361 0.0010367939 0.0019805008 0.001453427 0.002776717 0.0014047658 0.0023606184 0.002933344 0.0024221197 0.001480912 0.0022943136 0.001355323 0.001418378 0.0024433841 0.0021135088 0.0035273358 0.0040022205 0.0032118657 0.0012910654 0.001728352 0.002363967 0.0025314714 0.0017355335 0.0014374701 0.0018436336 0.0030623642 0.001617372 0.0014831861 0.007231144 0.00208967 0.001997386 0.003018537 0.0024349221 0.0036101062 0.0023906697 0.0017339451 0.0015063985 0.0024408444 0.0013464375 0.0016835213 0.0022550984 0.0020118067 0.0013973981 0.0019853138 0.00182403 0.0016337613 0.0025059027 0.002314717 0.0017385809 0.0016796396 0.0018458681 0.0012517204 0.0021447574 0.0020272413 0.0032146897 0.0015975792 0.0018393215,
374,64,,,0.004770726 0.004770726 0.004770726 0.004770726 0.004770726 0.004770726 0.004770726 0.004770726 0.004770726 0.004770726 0.004770726 0.004770726 0.004770726 0.004770726 0.004770726 0.004770726 0.004770726 0.004770726 0.004770726 0.004770726 0.004770726 0.004770726 0.004770726 0.004770726 0.004770726 0.004770726 0.004770726 0.004770726 0.004770726 0.004770726 0.004770726 0.004770726 0.004770726 0.004770726 0.004770726 0.004770726 0.004770726 0.004770726 0.004770726 0.004770726 0.004770726 0.004770726 0.004770726 0.004770726 0.004770726 0.004770726 0.004770726 0.004770726 0.004770726 0.004770726 0.004770726 0.004770726 0.004770726 0.004770726 0.004770726 0.004770726 0.004770726 0.004770726 0.004770726 0.004770726 0.004770726 0.004770726 0.004770726 0.004770726,15 15 14 14 14 15 15 15 15 14 15 14 15 14 14 14 15 14 15 15 14 14 14 13 14 15 15 14 14 15 15 15 14 15 15 13 14 14 14 14 14 14 15 15 14 15 15 14 14 15 14 15 15 14 14 15 15 15 15 14 14 14 15 15
379,3x3x64x64,0.25036883 0.27742115 0.34098583 0.18962708 0.18435842 0.17801374 0.19930081 0.22779043 0.17570929 0.23139688 0.17655899 0.24056233 0.21921606 0.37760207 0.18546113 0.16470075 0.20728615 0.26275063 0.17670368 0.15672503 0.15639147 0.1381487 0.22363554 0.12810943 0.2646774 0.1703898 0.19004898 0.28942066 0.2708823 0.20571113 0.25599816 0.21427746 0.14701386 0.22261731 0.26023024 0.23352551 0.15866637 0.18577391 0.19221815 0.096155114 0.2149863 0.09632261 0.25689965 0.28093395 0.23898157 0.23008846 0.18644094 0.22583205 0.12945496 0.19110265 0.12642018 0.2370303 0.2828619 0.21063544 0.12545612 0.16726919 0.18302119 0.12711671 0.21618606 0.4406389 0.15775742 0.1766149 0.27035818 0.2553472,0.25033826 0.2773873 0.3409442 0.18960394 0.18433592 0.17799202 0.19927648 0.22776264 0.17568785 0.23136865 0.17653744 0.24053298 0.2191893 0.37755597 0.1854385 0.16468064 0.20726086 0.26271856 0.17668211 0.15670592 0.15637238 0.13813183 0.22360826 0.1280938 0.2646451 0.170369 0.19002579 0.28938535 0.27084923 0.20568602 0.2559669 0.21425131 0.14699592 0.22259015 0.2601985 0.23349702 0.158647 0.18575123 0.19219469 0.09614338 0.21496007 0.096310854 0.2568683 0.28089964 0.2389524 0.23006037 0.18641819 0.2258045 0.12943916 0.19107933 0.12640475 0.23700136 0.28282735 0.21060973 0.1254408 0.16724877 0.18299885 0.1271012 0.21615969 0.4405851 0.15773816 0.17659333 0.27032518 0.25531605,0.0019711673 0.002184152 0.0026846 0.0014929444 0.0014514639 0.001401512 0.0015691061 0.0017934066 0.0013833689 0.0018218004 0.0013900585 0.0018939605 0.0017259 0.0029728815 0.0014601457 0.001296698 0.0016319753 0.00206865 0.0013911978 0.0012339049 0.0012312786 0.0010876522 0.0017606949 0.0010086126 0.0020838196 0.0013414882 0.0014962661 0.0022786248 0.0021326712 0.001619575 0.0020154875 0.0016870182 0.0011574482 0.0017526783 0.0020488072 0.0018385593 0.001249189 0.0014626081 0.001513344 0.00075703446 0.0016925989 0.00075835316 0.0020225851 0.0022118082 0.0018815149 0.001811499 0.0014678597 0.0017779882 0.001019206 0.0015045616 0.0009953129 0.0018661524 0.002226987 0.0016583444 0.0009877229 0.0013169195 0.0014409359 0.0010007968 0.0017020447 0.003469174 0.0012420327 0.0013904987 0.0021285447 0.0020103627,
380,64,,,0.005392888 0.005392888 0.005392888 0.005392888 0.005392888 0.005392888 0.005392888 0.005392888 0.005392888 0.005392888 0.005392888 0.005392888 0.005392888 0.005392888 0.005392888 0.005392888 0.005392888 0.005392888 0.005392888 0.005392888 0.005392888 0.005392888 0.005392888 0.005392888 0.005392888 0.005392888 0.005392888 0.005392888 0.005392888 0.005392888 0.005392888 0.005392888 0.005392888 0.005392888 0.005392888 0.005392888 0.005392888 0.005392888 0.005392888 0.005392888 0.005392888 0.005392888 0.005392888 0.005392888 0.005392888 0.005392888 0.005392888 0.005392888 0.005392888 0.005392888 0.005392888 0.005392888 0.005392888 0.005392888 0.005392888 0.005392888 0.005392888 0.005392888 0.005392888 0.005392888 0.005392888 0.005392888 0.005392888 0.005392888,13 13 13 14 14 14 14 14 14 14 14 14 14 13 14 14 14 13 14 14 14 14 14 14 13 14 14 13 13 14 13 14 14 14 13 14 14 14 14 15 14 15 13 13 14 14 14 14 14 14 14 14 13 14 14 14 14 14 14 13 14 14 13 13
385,3x3x64x64,0.23837733 0.20204328 0.2584249 0.09418448 0.114708886 0.11454741 0.12486447 0.13718665 0.19668345 0.13099834 0.1692244 0.15529795 0.1364115 0.09936949 0.21889743 0.09177946 0.068051435 0.1649162 0.11957312 0.16251235 0.1263683 0.11231538 0.12047145 0.12779383 0.15310937 0.12689015 0.119771935 0.24908961 0.18495302 0.18029957 0.12117771 0.16157043 0.16989687 0.06077241 0.232512 0.15135951 0.07414124 0.11085241 0.124012314 0.18255863 0.11892779 0.13623045 0.093157746 0.11581133 0.11611109 0.22447853 0.16983855 0.087771796 0.12578282 0.19706258 0.1124612 0.13758259 0.20707618 0.25057444 0.18721393 0.10278241 0.11211882 0.21843462 0.1553627 0.17090267 0.15001413 0.10080257 0.16698909 0.22875392,0.23834823 0.20201863 0.25839335 0.09417299 0.114694886 0.114533424 0.12484922 0.13716991 0.19665945 0.13098235 0.16920374 0.155279 0.13639486 0.09935737 0.21887071 0.09176826 0.068043135 0.16489609 0.11955853 0.16249251 0.12635288 0.11230168 0.12045674 0.12777825 0.15309069 0.12687467 0.11975732 0.24905922 0.18493044 0.18027757 0.12116292 0.1615507 0.16987613 0.060764994 0.23248361 0.15134105 0.07413219 0.11083888 0.123997174 0.18253635 0.11891328 0.13621384 0.09314638 0.1157972 0.11609692 0.22445112 0.16981782 0.08776109 0.12576747 0.19703853 0.11244748 0.13756579 0.2070509 0.25054386 0.18719107 0.102769874 0.11210514 0.21840796 0.15534373 0.17088182 0.14999583 0.10079027 0.16696872 0.228726,0.0018767577 0.0015906979 0.0020345934 0.0007415196 0.0009031093 0.000901838 0.0009830648 0.0010800781 0.0015484996 0.0010313571 0.0013323129 0.0012226693 0.0010739752 0.00078234146 0.0017233915 0.0007225847 0.0005357727 0.0012983944 0.0009414057 0.0012794686 0.0009949045 0.0008842652 0.0009484783 0.0010061279 0.0012054385 0.0009990132 0.000942971 0.0019610962 0.0014561452 0.0014195085 0.00095403875 0.0012720528 0.0013376073 0.00047846453 0.0018305796 0.0011916618 0.000583718 0.0008727471 0.0009763557 0.0014372941 0.000936325 0.00107255 0.000733436 0.00091178896 0.000914149 0.0017673317 0.0013371481 0.0006910322 0.0009902951 0.0015514845 0.0008854132 0.0010831952 0.0016303221 0.0019727864 0.0014739454 0.00080921163 0.0008827176 0.0017197477 0.0012231789 0.0013455262 0.0011810695 0.00079362415 0.0013147143 0.0018009922,
386,64,,,0.005168222 0.005168222 0.005168222 0.005168222 0.005168222 0.005168222 0.005168222 0.005168222 0.005168222 0.005168222 0.005168222 0.005168222 0.005168222 0.005168222 0.005168222 0.005168222 0.005168222 0.005168222 0.005168222 0.005168222 0.005168222 0.005168222 0.005168222 0.005168222 0.005168222 0.005168222 0.005168222 0.005168222 0.005168222 0.005168222 0.005168222 0.005168222 0.005168222 0.005168222 0.005168222 0.005168222 0.005168222 0.005168222 0.005168222 0.005168222 0.005168222 0.005168222 0.005168222 0.005168222 0.005168222 0.005168222 0.005168222 0.005168222 0.005168222 0.005168222 0.005168222 0.005168222 0.005168222 0.005168222 0.005168222 0.005168222 0.005168222 0.005168222 0.005168222 0.005168222 0.005168222 0.005168222 0.005168222 0.005168222,14 14 13 15 15 15 14 14 14 14 14 14 14 15 14 15 15 14 15 14 14 15 15 14 14 14 15 13 14 14 15 14 14 16 14 14 15 15 14 14 15 14 15 15 15 14 14 15 14 14 15 14 14 13 14 15 15 14 14 14 14 15 14 14
394,3x3x64x64,0.26336786 0.20400247 0.120227374 0.1561649 0.23499562 0.17460315 0.11177788 0.17666782 0.25450113 0.1376575 0.120280616 0.12479447 0.10964448 0.20983915 0.13118175 0.21160588 0.21619579 0.085514314 0.18050502 0.17372625 0.10107594 0.11603474 0.227941 0.10584304 0.119038746 0.34423757 0.112468086 0.14296167 0.12656274 0.13508667 0.1309878 0.10446413 0.18791482 0.12192399 0.16947807 0.20538704 0.15685812 0.122260936 0.10039522 0.154233 0.13571359 0.19533753 0.20123689 0.20472245 0.20295158 0.12899898 0.11205422 0.27033964 0.13831796 0.17338479 0.1668339 0.22978798 0.21442936 0.21528623 0.11743285 0.07554685 0.18488613 0.08917142 0.1896377 0.18709527 0.20146939 0.20646879 0.21050937 0.19332376,0.2633357 0.20397757 0.1202127 0.15614584 0.23496695 0.17458184 0.11176424 0.17664626 0.25447008 0.13764068 0.12026594 0.12477924 0.1096311 0.20981355 0.13116573 0.21158005 0.21616942 0.08550388 0.18048298 0.17370504 0.10106361 0.11602058 0.22791319 0.105830126 0.11902422 0.34419557 0.11245436 0.14294422 0.1265473 0.13507017 0.1309718 0.10445138 0.18789189 0.12190911 0.16945739 0.20536198 0.15683898 0.12224602 0.10038296 0.15421417 0.13569702 0.19531369 0.20121233 0.20469747 0.20292681 0.12898324 0.11204054 0.27030665 0.13830107 0.17336363 0.16681354 0.22975993 0.2144032 0.21525995 0.11741852 0.07553763 0.18486357 0.08916054 0.18961456 0.18707243 0.2014448 0.2064436 0.21048369 0.19330016,0.0020735094 0.0016061226 0.0009465567 0.0012294948 0.0018501334 0.0013746602 0.00088003336 0.0013909155 0.0020037014 0.001083785 0.0009469759 0.0009825137 0.000863237 0.0016520752 0.001032801 0.0016659846 0.0017021213 0.0006732589 0.0014211258 0.0013677563 0.00079577643 0.0009135479 0.001794592 0.0008333081 0.0009371986 0.0027102013 0.0008854674 0.001125545 0.0009964355 0.0010635447 0.0010312741 0.00082245184 0.0014794637 0.0009599143 0.0013343102 0.0016170235 0.0012349526 0.0009625671 0.000790417 0.0012142848 0.0010684805 0.0015379031 0.0015843491 0.0016117911 0.001597849 0.0010156161 0.000882209 0.0021283987 0.0010889849 0.0013650679 0.0013134924 0.0018091333 0.0016882141 0.0016949603 0.0009245553 0.0005947845 0.0014556187 0.0007020515 0.001493028 0.0014730112 0.0015861796 0.0016255401 0.0016573519 0.0015220485,
395,64,,,0.005168222 0.005168222 0.005168222 0.005168222 0.005168222 0.005168222 0.005168222 0.005168222 0.005168222 0.005168222 0.005168222 0.005168222 0.005168222 0.005168222 0.005168222 0.005168222 0.005168222 0.005168222 0.005168222 0.005168222 0.005168222 0.005168222 0.005168222 0.005168222 0.005168222 0.005168222 0.005168222 0.005168222 0.005168222 0.005168222 0.005168222 0.005168222 0.005168222 0.005168222 0.005168222 0.005168222 0.005168222 0.005168222 0.005168222 0.005168222 0.005168222 0.005168222 0.005168222 0.005168222 0.005168222 0.005168222 0.005168222 0.005168222 0.005168222 0.005168222 0.005168222 0.005168222 0.005168222 0.005168222 0.005168222 0.005168222 0.005168222 0.005168222 0.005168222 0.005168222 0.005168222 0.005168222 0.005168222 0.005168222,13 14 15 14 14 14 15 14 13 14 15 14 15 14 14 14 14 15 14 14 15 15 14 15 15 13 15 14 14 14 14 15 14 15 14 14 14 15 15 14 14 14 14 14 14 14 15 13 14 14 14 14 14 14 15 15 14 15 14 14 14 14 14 14
400,3x3x64x64,0.20708588 0.2106297 0.19104263 0.1165052 0.14480087 0.18015671 0.11811885 0.17107505 0.30907473 0.15632907 0.14271317 0.18662533 0.110525355 0.19793451 0.22007567 0.1694801 0.20564598 0.18769023 0.15747975 0.19879194 0.17998917 0.15871324 0.18954574 0.20363827 0.21246354 0.21912426 0.24978589 0.23578657 0.11779423 0.16307454 0.16577499 0.21738055 0.1506082 0.22981761 0.14772248 0.27135986 0.12994757 0.09761972 0.2100622 0.21072344 0.20394789 0.12289405 0.10866988 0.15930048 0.1585666 0.23715931 0.18589123 0.1521694 0.2087374 0.18874557 0.17630228 0.13076904 0.27486974 0.14124092 0.19486009 0.29076302 0.115392715 0.18332459 0.18261087 0.13790932 0.16964571 0.14146808 0.20428608 0.15127957,0.2070606 0.210604 0.19101933 0.116490975 0.1447832 0.18013471 0.118104436 0.17105417 0.30903703 0.15630998 0.14269575 0.18660255 0.11051186 0.19791035 0.2200488 0.16945942 0.20562088 0.18766733 0.15746053 0.19876768 0.17996721 0.15869386 0.1895226 0.20361342 0.21243761 0.21909752 0.24975541 0.2357578 0.11777985 0.16305465 0.16575477 0.21735401 0.15058981 0.22978957 0.14770445 0.27132675 0.1299317 0.09760781 0.21003656 0.21069773 0.20392299 0.12287905 0.108656615 0.15928105 0.15854725 0.23713036 0.18586853 0.15215082 0.20871194 0.18872254 0.17628077 0.13075309 0.2748362 0.14122368 0.1948363 0.29072756 0.11537863 0.18330221 0.18258859 0.13789248 0.169625 0.14145082 0.20426115 0.1512611,0.0016303984 0.0016582992 0.0015040892 0.00091725175 0.0011400252 0.0014183836 0.0009299562 0.0013468832 0.0024333624 0.0012307873 0.0011235886 0.0014693114 0.00087017217 0.0015583492 0.0017326677 0.0013343261 0.001619062 0.0014776954 0.0012398467 0.0015650998 0.0014170647 0.001249558 0.0014923039 0.0016032553 0.0016727371 0.0017251774 0.001966578 0.0018563606 0.0009274004 0.0012838949 0.0013051557 0.0017114489 0.0011857465 0.0018093667 0.0011630271 0.0021364312 0.0010230843 0.0007685654 0.0016538312 0.0016590372 0.0016056928 0.0009675516 0.0008555639 0.0012541815 0.0012484036 0.0018671682 0.0014635317 0.001198038 0.0016434011 0.0014860042 0.0013880376 0.0010295518 0.0021640647 0.0011119975 0.0015341442 0.0022891934 0.0009084932 0.0014433245 0.0014377055 0.0010857676 0.00133563 0.001113786 0.0016083556 0.0011910324,
401,64,,,0.005637976 0.005637976 0.005637976 0.005637976 0.005637976 0.005637976 0.005637976 0.005637976 0.005637976 0.005637976 0.005637976 0.005637976 0.005637976 0.005637976 0.005637976 0.005637976 0.005637976 0.005637976 0.005637976 0.005637976 0.005637976 0.005637976 0.005637976 0.005637976 0.005637976 0.005637976 0.005637976 0.005637976 0.005637976 0.005637976 0.005637976 0.005637976 0.005637976 0.005637976 0.005637976 0.005637976 0.005637976 0.005637976 0.005637976 0.005637976 0.005637976 0.005637976 0.005637976 0.005637976 0.005637976 0.005637976 0.005637976 0.005637976 0.005637976 0.005637976 0.005637976 0.005637976 0.005637976 0.005637976 0.005637976 0.005637976 0.005637976 0.005637976 0.005637976 0.005637976 0.005637976 0.005637976 0.005637976 0.005637976,14 14 14 15 14 14 15 14 13 14 14 14 15 14 14 14 14 14 14 14 14 14 14 14 14 14 13 14 15 14 14 14 14 14 14 13 14 15 14 14 14 15 15 14 14 14 14 14 14 14 14 14 13 14 14 13 15 14 14 14 14 14 14 14
409,1x1x128x64,0.58693933 0.682473 0.39498374 0.90363425 0.49858505 0.40095347 0.45868093 0.49300063 0.49103555 0.47772694 0.48847842 0.4433166 0.35704088 0.54474366 0.43160558 0.35214862 0.4162141 0.3919196 0.70390475 0.5027409 0.5353621 0.39656556 0.46333963 0.43578362 0.3774735 0.536798 0.32489726 0.5687625 0.55690837 0.701484 0.5289367 0.66386104 0.33975607 0.4330802 0.5320986 0.50506455 0.44064048 0.5136133 0.5597569 0.38880455 0.5159685 0.47292712 0.44604528 0.4252709 0.47903484 0.4881891 0.33190918 0.5503783 0.49657616 0.53713197 0.38146904 0.44328782 0.434016 0.47399116 0.39037493 0.59239095 0.5058513 0.5499402 0.3556249 0.37567458 0.34931204 0.45626545 0.36045066 0.41653463,0.5868677 0.6823897 0.39493552 0.903524 0.49852422 0.40090454 0.45862493 0.49294046 0.49097562 0.4776686 0.4884188 0.4432625 0.3569973 0.54467714 0.4315529 0.35210565 0.4161633 0.39187178 0.70381886 0.5026795 0.5352968 0.39651716 0.46328306 0.43573046 0.37742743 0.5367325 0.3248576 0.5686931 0.55684036 0.7013984 0.52887213 0.66378 0.3397146 0.43302733 0.5320336 0.5050029 0.4405867 0.51355064 0.55968857 0.3887571 0.5159055 0.47286943 0.44599086 0.42521897 0.4789764 0.48812953 0.33186868 0.55031115 0.49651554 0.5370664 0.3814225 0.4432337 0.433963 0.4739333 0.3903273 0.59231865 0.50578964 0.5498731 0.3555815 0.3756287 0.3492694 0.45620975 0.36040667 0.41648382,0.0046210056 0.005373147 0.0031097285 0.007114362 0.0039253877 0.0031567286 0.0036112198 0.003881421 0.0038659498 0.0037611702 0.0038458172 0.003490256 0.0028110025 0.0042887963 0.0033980543 0.0027724854 0.0032768764 0.0030856046 0.0055418806 0.0039581065 0.0042149355 0.0031221823 0.003647898 0.0034309486 0.0029718694 0.0042262403 0.0025579338 0.0044778986 0.00438457 0.005522822 0.0041643474 0.005226614 0.002674918 0.003409664 0.004189241 0.003976401 0.0034691866 0.0040437058 0.0044069965 0.0030610797 0.004062248 0.0037233813 0.003511739 0.0033481808 0.0037714676 0.0038435396 0.002613139 0.0043331585 0.003909571 0.0042288695 0.0030033267 0.0034900291 0.0034170316 0.0037317583 0.0030734434 0.0046639265 0.0039825956 0.0043297093 0.0027998544 0.0029577063 0.0027501527 0.0035922027 0.0028378477 0.0032794,
410,64,,,0.004594058 0.004594058 0.004594058 0.004594058 0.004594058 0.004594058 0.004594058 0.004594058 0.004594058 0.004594058 0.004594058 0.004594058 0.004594058 0.004594058 0.004594058 0.004594058 0.004594058 0.004594058 0.004594058 0.004594058 0.004594058 0.004594058 0.004594058 0.004594058 0.004594058 0.004594058 0.004594058 0.004594058 0.004594058 0.004594058 0.004594058 0.004594058 0.004594058 0.004594058 0.004594058 0.004594058 0.004594058 0.004594058 0.004594058 0.004594058 0.004594058 0.004594058 0.004594058 0.004594058 0.004594058 0.004594058 0.004594058 0.004594058 0.004594058 0.004594058 0.004594058 0.004594058 0.004594058 0.004594058 0.004594058 0.004594058 0.004594058 0.004594058 0.004594058 0.004594058 0.004594058 0.004594058 0.004594058 0.004594058,14 14 15 14 14 15 15 15 15 15 15 15 15 14 15 15 15 15 14 14 14 15 15 15 15 14 15 14 14 14 14 14 15 15 14 14 15 14 14 15 14 15 15 15 15 15 15 14 14 14 15 15 15 15 15 14 14 14 15 15 15 15 15 15
418,1x1x128x128,0.42250693 0.2986105 0.42235392 0.38950607 0.28922346 0.22593497 0.27515835 0.25411132 0.31118378 0.514897 0.4951192 0.349498 0.33379212 0.36291775 0.1809567 0.48751137 0.24868457 0.22190365 0.36647555 0.37415636 0.5058637 0.3745321 0.32506925 0.28398448 0.35506624 0.1932123 0.41745806 0.28474054 0.39605522 0.46752626 0.50936705 0.48365873 0.46509808 0.28673643 0.41748086 0.44288075 0.28352952 0.3835161 0.51998156 0.33542156 0.27691016 0.38174334 0.42112783 0.32354158 0.3601292 0.46115515 0.33482575 0.3406016 0.36425513 0.263836 0.3412576 0.28790256 0.42806283 0.73843324 0.33572283 0.30152002 0.45132664 0.44125333 0.43210933 0.26855126 0.2918668 0.25869483 0.32237503 0.27674463 0.30384898 0.25084856 0.3019179 0.33217844 0.24544129 0.47648698 0.27421546 0.29455864 0.49371454 0.27581608 0.24485719 0.6392858 0.44689542 0.3490154 0.3337175 0.36996266 0.44106463 0.31192088 0.27236554 0.32937852 0.28624383 0.30312735 0.29760444 0.3464728 0.24102348 0.5984761 0.691683 0.210518 0.28127193 0.412372 0.47422874 0.48525968 0.33363774 0.26651934 0.6269775 0.27430823 0.55200315 0.6770481 0.20553638 0.29137844 0.44002217 0.37767008 0.3003298 0.33421072 0.36059463 0.38962922 0.31126308 0.24397317 0.33517095 0.55086 0.3590235 0.4281219 0.30847156 0.30624032 0.29512596 0.381429 0.25664154 0.32062316 0.47867095 0.5233477 0.5515466 0.30817127 0.24997388 0.45925376,0.42245537 0.29857406 0.4223024 0.38945854 0.28918815 0.22590739 0.27512476 0.25408033 0.31114578 0.5148341 0.4950588 0.34945536 0.33375138 0.36287346 0.18093462 0.48745185 0.24865423 0.22187656 0.36643085 0.3741107 0.505802 0.37448642 0.32502958 0.28394982 0.3550229 0.19318871 0.4174071 0.2847058 0.39600688 0.46746922 0.5093049 0.48359972 0.46504134 0.28670144 0.41742992 0.44282672 0.28349492 0.38346928 0.51991814 0.33538064 0.27687636 0.38169676 0.42107645 0.3235021 0.36008528 0.46109885 0.3347849 0.34056002 0.3642107 0.26380378 0.34121594 0.28786743 0.42801058 0.7383431 0.33568186 0.30148324 0.45127156 0.44119948 0.43205658 0.2685185 0.2918312 0.25866324 0.3223357 0.27671084 0.30381188 0.25081795 0.30188105 0.33213788 0.24541134 0.47642884 0.274182 0.2945227 0.49365428 0.2757824 0.2448273 0.6392078 0.44684088 0.34897283 0.3336768 0.3699175 0.4410108 0.3118828 0.27233228 0.3293383 0.2862089 0.30309033 0.29756814 0.3464305 0.24099407 0.59840304 0.6915986 0.21049231 0.2812376 0.4123217 0.47417086 0.48520046 0.33359703 0.2664868 0.62690103 0.27427474 0.5519358 0.6769654 0.20551129 0.29134288 0.43996847 0.377624 0.30029315 0.33416995 0.36055064 0.38958168 0.31122512 0.2439434 0.33513007 0.55079275 0.3589797 0.42806965 0.30843392 0.30620295 0.29508996 0.38138244 0.2566102 0.32058403 0.47861254 0.52328384 0.5514792 0.30813366 0.24994336 0.45919773,0.0033264202 0.002350977 0.0033252158 0.0030666026 0.002277072 0.0017787983 0.0021663366 0.0020006325 0.0024499667 0.004053812 0.003898101 0.002751617 0.0026279637 0.0028572713 0.0014246821 0.0038382036 0.0019579073 0.0017470595 0.0028852823 0.0029457535 0.0039826925 0.0029487119 0.002559288 0.0022358254 0.002795456 0.001521171 0.00328667 0.002241778 0.0031181644 0.00368086 0.0040102745 0.0038078718 0.003661743 0.0022574917 0.0032868497 0.0034868245 0.0022322435 0.0030194432 0.0040938435 0.0026407924 0.0021801288 0.0030054862 0.0033155626 0.0025472606 0.002835317 0.0036306996 0.0026361016 0.002681575 0.0028678006 0.002077195 0.0026867397 0.0022666727 0.003370162 0.0058137253 0.0026431642 0.0023738837 0.0035533195 0.0034740116 0.0034020203 0.002114319 0.0022978834 0.0020367184 0.0025380764 0.0021788254 0.0023922196 0.0019749445 0.002377016 0.002615259 0.0019323727 0.003751408 0.0021589133 0.0023190763 0.0038870415 0.002171515 0.001927774 0.005033132 0.0035184321 0.0027478174 0.0026273762 0.0029127363 0.003472526 0.00245577 0.0021443486 0.002593215 0.0022536134 0.002386538 0.0023430563 0.0027277994 0.001897591 0.0047118347 0.005445658 0.0016574198 0.0022144692 0.0032466275 0.003733629 0.0038204761 0.0026267483 0.0020983212 0.0049362285 0.0021596437 0.004345951 0.0053304364 0.0016181992 0.0022940384 0.0034643186 0.0029734173 0.002364513 0.0026312594 0.0028389813 0.0030675724 0.0024505914 0.0019208142 0.0026388194 0.004336951 0.0028266117 0.003370627 0.0024286136 0.0024110468 0.002323543 0.0030030112 0.002020553 0.0025242837 0.0037686026 0.004120345 0.004342356 0.0024262492 0.001968058 0.0036157302,
419,128,,,0.0049615246 0.0049615246 0.0049615246 0.0049615246 0.0049615246 0.0049615246 0.0049615246 0.0049615246 0.0049615246 0.0049615246 0.0049615246 0.0049615246 0.0049615246 0.0049615246 0.0049615246 0.0049615246 0.0049615246 0.0049615246 0.0049615246 0.0049615246 0.0049615246 0.0049615246 0.0049615246 0.0049615246 0.0049615246 0.0049615246 0.0049615246 0.0049615246 0.0049615246 0.0049615246 0.0049615246 0.0049615246 0.0049615246 0.0049615246 0.0049615246 0.0049615246 0.0049615246 0.0049615246 0.0049615246 0.0049615246 0.0049615246 0.0049615246 0.0049615246 0.0049615246 0.0049615246 0.0049615246 0.0049615246 0.0049615246 0.0049615246 0.0049615246 0.0049615246 0.0049615246 0.0049615246 0.0049615246 0.0049615246 0.0049615246 0.0049615246 0.0049615246 0.0049615246 0.0049615246 0.0049615246 0.0049615246 0.0049615246 0.0049615246 0.0049615246 0.0049615246 0.0049615246 0.0049615246 0.0049615246 0.0049615246 0.0049615246 0.0049615246 0.0049615246 0.0049615246 0.0049615246 0.0049615246 0.0049615246 0.0049615246 0.0049615246 0.0049615246 0.0049615246 0.0049615246 0.0049615246 0.0049615246 0.0049615246 0.0049615246 0.0049615246 0.0049615246 0.0049615246 0.0049615246 0.0049615246 0.0049615246 0.0049615246 0.0049615246 0.0049615246 0.0049615246 0.0049615246 0.0049615246 0.0049615246 0.0049615246 0.0049615246 0.0049615246 0.0049615246 0.0049615246 0.0049615246 0.0049615246 0.0049615246 0.0049615246 0.0049615246 0.0049615246 0.0049615246 0.0049615246 0.0049615246 0.0049615246 0.0049615246 0.0049615246 0.0049615246 0.0049615246 0.0049615246 0.0049615246 0.0049615246 0.0049615246 0.0049615246 0.0049615246 0.0049615246 0.0049615246 0.0049615246 0.0049615246,14 14 14 14 14 15 14 14 14 13 14 14 14 14 15 14 14 15 14 14 13 14 14 14 14 15 14 14 14 14 13 14 14 14 14 14 14 14 13 14 14 14 14 14 14 14 14 14 14 14 14 14 14 13 14 14 14 14 14 14 14 14 14 14 14 14 14 14 15 14 14 14 14 14 15 13 14 14 14 14 14 14 14 14 14 14 14 14 15 13 13 15 14 14 14 14 14 14 13 14 13 13 15 14 14 14 14 14 14 14 14 15 14 13 14 14 14 14 14 14 14 14 14 13 13 14 14 14
428,1x1x384x256,0.32000348 0.17081499 0.27374783 0.25430992 0.16109017 0.16741389 0.1473413 0.19654992 0.14846386 0.26611775 0.23812506 0.20600903 0.22187723 0.106436566 0.17194875 0.2566167 0.17168412 0.28642434 0.17820342 0.14422806 0.2771129 0.17954016 0.3023282 0.32975572 0.20007461 0.25962424 0.23250751 0.22266448 0.14377432 0.50954103 0.23279639 0.30758896 0.16450733 0.22478493 0.20005655 0.34980664 0.32909048 0.20700885 0.17670448 0.19988248 0.34519362 0.2110192 0.21481796 0.21052179 0.16093099 0.1793895 0.31817 0.23542948 0.23093691 0.26386964 0.13066539 0.24124707 0.17389835 0.17662093 0.22083133 0.13805139 0.39049116 0.14742261 0.1925658 0.22678496 0.10462587 0.15493444 0.18243518 0.12000001 0.15678205 0.16005613 0.15114434 0.32031628 0.18051001 0.30949485 0.18695807 0.50457543 0.27633166 0.09272549 0.3232606 0.19907482 0.14195924 0.14646518 0.13721006 0.2385333 0.19393744 0.15893976 0.4128544 0.30054858 0.17404538 0.24743736 0.21886422 0.1612385 0.21705133 0.25212276 0.20112233 0.32228783 0.10571753 0.13710482 0.18108448 0.28751847 0.15478861 0.2675878 0.097884685 0.17726488 0.20971932 0.1390603 0.17421307 0.19908392 0.22288592 0.36567935 0.21354258 0.15167618 0.24064958 0.09125681 0.20586754 0.24513139 0.27165157 0.22010301 0.09566676 0.34342074 0.18172425 0.2961741 0.17047869 0.2533597 0.18416448 0.17979142 0.17871453 0.20100164 0.3064305 0.10040795 0.35961944 0.20116498 0.16996607 0.20476772 0.19977278 0.12836148 0.18126151 0.14038485 0.16387068 0.24766824 0.101124965 0.13112873 0.1127361 0.11368768 0.3076636 0.22672573 0.3066501 0.10538404 0.14534226 0.20441937 0.22317544 0.14358895 0.14890526 0.17433202 0.112391494 0.17662932 0.15266895 0.14231813 0.14674363 0.21106951 0.21799588 0.24796285 0.20148455 0.33675182 0.2000518 0.16486098 0.21413307 0.12887667 0.13648249 0.2844404 0.19319159 0.19674194 0.18824692 0.27389497 0.2500321 0.4113362 0.24264476 0.23395759 0.11002219 0.19059998 0.10146415 0.238547 0.24469726 0.18608172 0.14479 0.5876677 0.15534176 0.18475437 0.28923288 0.24470882 0.25099927 0.5519733 0.09730359 0.10582256 0.26623335 0.16060619 0.1638043 0.12855671 0.20057382 0.080011286 0.116652526 0.22462563 0.13389973 0.13367116 0.19689907 0.1260858 0.15984993 0.13144349 0.120104745 0.17253967 0.3046718 0.43032947 0.113670014 0.57828265 0.11889155 0.22929591 0.15476659 0.15905935 0.1114604 0.14344731 0.15242587 0.5012716 0.1459542 0.19635735 0.12274555 0.09035011 0.119449526 0.31157044 0.14042097 0.09062769 0.3122198 0.16032241 0.15790924 0.14574535 0.20961592 0.26976252 0.13210218 0.09258493 0.25339422 0.14998835 0.1806219 0.23982109 0.23725818 0.137175 0.10639595 0.13862151 0.36779547 0.14195545 0.1885015 0.27909586 0.23551987 0.13956422 0.4926993 0.114159316 0.19498233 0.27248222 0.14082758 0.20172335 0.13482477 0.12610509,0.3199644 0.17079414 0.27371442 0.25427887 0.1610705 0.16739346 0.14732333 0.19652595 0.14844574 0.26608527 0.238096 0.20598389 0.22185016 0.10642357 0.17192775 0.2565854 0.17166317 0.28638938 0.17818166 0.14421046 0.27707908 0.17951824 0.3022913 0.32971546 0.2000502 0.25959256 0.23247914 0.22263731 0.14375678 0.5094788 0.23276798 0.30755144 0.16448724 0.22475749 0.20003213 0.34976393 0.32905033 0.20698358 0.17668292 0.19985808 0.3451515 0.21099345 0.21479173 0.2104961 0.16091135 0.17936762 0.31813118 0.23540075 0.23090872 0.26383746 0.13064945 0.24121763 0.17387713 0.17659938 0.2208044 0.13803455 0.3904435 0.14740461 0.1925423 0.22675727 0.1046131 0.15491553 0.18241292 0.11998537 0.15676291 0.1600366 0.1511259 0.3202772 0.18048798 0.30945706 0.18693526 0.50451386 0.27629796 0.092714176 0.32322115 0.19905052 0.14194192 0.14644732 0.1371933 0.2385042 0.19391376 0.15892038 0.41280404 0.30051193 0.17402413 0.24740717 0.2188375 0.16121884 0.21702485 0.25209197 0.20109779 0.3222485 0.105704635 0.13708809 0.18106239 0.28748336 0.15476973 0.26755515 0.097872734 0.17724325 0.20969373 0.13904333 0.1741918 0.19905962 0.22285871 0.3656347 0.21351652 0.15165767 0.24062021 0.09124567 0.20584242 0.24510148 0.2716184 0.22007616 0.09565508 0.3433788 0.18170206 0.29613796 0.17045788 0.2533288 0.184142 0.17976947 0.17869273 0.20097712 0.3063931 0.1003957 0.35957557 0.20114043 0.16994533 0.20474273 0.1997484 0.1283458 0.1812394 0.14036772 0.16385068 0.247638 0.10111262 0.13111272 0.112722345 0.113673806 0.30762604 0.22669806 0.3066127 0.10537118 0.14532451 0.20439443 0.2231482 0.14357142 0.1488871 0.17431074 0.11237778 0.17660777 0.15265031 0.14230077 0.14672571 0.21104376 0.21796927 0.24793258 0.20145996 0.33671072 0.20002738 0.16484086 0.21410695 0.12886095 0.13646583 0.28440568 0.19316801 0.19671792 0.18822396 0.27386156 0.25000158 0.411286 0.24261513 0.23392904 0.11000876 0.19057672 0.10145177 0.2385179 0.2446674 0.18605901 0.14477232 0.587596 0.1553228 0.18473183 0.28919756 0.24467896 0.25096864 0.55190593 0.097291715 0.105809644 0.26620087 0.16058658 0.16378431 0.12854102 0.20054935 0.080001526 0.11663829 0.22459823 0.1338834 0.13365485 0.19687505 0.12607042 0.15983042 0.13142745 0.12009008 0.17251861 0.30463463 0.43027696 0.11365614 0.5782121 0.11887704 0.22926793 0.15474771 0.15903994 0.111446805 0.1434298 0.15240726 0.5012104 0.14593638 0.1963334 0.122730576 0.09033908 0.11943495 0.3115324 0.14040384 0.09061663 0.3121817 0.16030285 0.15788996 0.14572757 0.20959033 0.2697296 0.13208605 0.092573635 0.2533633 0.14997004 0.18059985 0.23979183 0.23722923 0.13715824 0.106382966 0.13860458 0.36775059 0.14193814 0.1884785 0.2790618 0.23549113 0.13954718 0.49263918 0.11414538 0.19495854 0.27244896 0.14081039 0.20169874 0.13480832 0.12608969,0.0025194047 0.0013448357 0.0021552318 0.002002196 0.0012682716 0.0013180587 0.0011600262 0.0015474485 0.0011688641 0.0020951596 0.0018747717 0.0016219204 0.0017468516 0.0008379809 0.0013537618 0.0020203574 0.0013516785 0.0022550344 0.0014030052 0.0011355154 0.002181725 0.0014135294 0.0023802465 0.0025961848 0.0015751985 0.0020440358 0.0018305444 0.0017530497 0.0011319431 0.004011644 0.0018328187 0.002421665 0.0012951752 0.0017697441 0.0015750561 0.0027540466 0.0025909476 0.0016297919 0.0013912041 0.0015736857 0.0027177285 0.0016613657 0.0016912734 0.0016574496 0.0012670185 0.0014123435 0.00250497 0.0018535493 0.0018181789 0.0020774603 0.0010287358 0.0018993514 0.0013691114 0.0013905463 0.0017386173 0.0010868863 0.0030743582 0.0011606662 0.001516081 0.0017854903 0.00082372525 0.0012198073 0.0014363222 0.0009447667 0.0012343536 0.0012601307 0.0011899676 0.0025218679 0.0014211652 0.0024366698 0.0014719312 0.00397255 0.0021755744 0.00073003286 0.0025450485 0.001567327 0.0011176529 0.0011531285 0.0010802622 0.0018779858 0.00152688 0.0012513415 0.0032504254 0.0023662357 0.0013702688 0.001948088 0.0017231299 0.0012694397 0.001708857 0.0019849762 0.0015834471 0.0025373898 0.00083231996 0.0010794338 0.001425688 0.0022636484 0.0012186593 0.0021067334 0.00077065144 0.0013956161 0.0016511318 0.0010948294 0.001371589 0.0015673985 0.001754793 0.0028790135 0.0016812325 0.0011941548 0.0018946474 0.00071846985 0.0016208064 0.001929933 0.0021387276 0.0017328832 0.0007531896 0.00270377 0.0014307249 0.002331795 0.0013421881 0.001994715 0.001449937 0.0014155076 0.0014070293 0.001582497 0.002412544 0.0007905173 0.0028313037 0.001583783 0.0013381522 0.0016121474 0.001572822 0.0010105969 0.0014270819 0.0011052577 0.0012901628 0.0019499055 0.00079616235 0.0010323836 0.00088757754 0.00089506933 0.0024222522 0.0017850241 0.0024142733 0.0008296943 0.0011442875 0.0016094049 0.0017570724 0.0011304836 0.0011723393 0.0013725256 0.00088486436 0.0013906123 0.001201971 0.0011204785 0.0011553206 0.0016617619 0.0017162935 0.0019522251 0.0015862989 0.0026512656 0.0015750187 0.0012979596 0.0016858815 0.0010146531 0.0010745341 0.0022394147 0.001521008 0.00154896 0.0014820785 0.00215639 0.0019685163 0.0032384724 0.0019103554 0.0018419609 0.0008662107 0.0015006041 0.00079883286 0.0018780937 0.0019265149 0.0014650316 0.0011399395 0.0046267402 0.0012230142 0.0014545813 0.002277146 0.0019266059 0.001976131 0.004345716 0.0007660765 0.0008331468 0.0020960697 0.0012644613 0.0012896402 0.001012134 0.0015791288 0.00062993326 0.0009184117 0.00176849 0.0010542 0.0010524003 0.0015501973 0.0009926806 0.0012585073 0.0010348618 0.0009455912 0.0013584143 0.002398698 0.0033880076 0.0008949303 0.004552851 0.00093603967 0.0018052593 0.0012184859 0.001252283 0.0008775339 0.0011293686 0.0012000571 0.0039465385 0.0011491054 0.0015459323 0.0009663825 0.0007113313 0.0009404327 0.002453011 0.0011055421 0.0007135168 0.0024581237 0.0012622272 0.0012432281 0.0011474612 0.0016503176 0.0021238553 0.0010400476 0.0007289263 0.0019949868 0.0011808665 0.0014220461 0.0018881246 0.0018679467 0.0010799862 0.00083766115 0.0010913747 0.002895674 0.0011176231 0.0014840827 0.0021973369 0.0018542608 0.0010987967 0.0038790486 0.0008987826 0.0015351066 0.0021452673 0.0011087431 0.001588179 0.0010614828 0.0009928322,
429,256,,,0.004961525 0.004961525 0.004961525 0.004961525 0.004961525 0.004961525 0.004961525 0.004961525 0.004961525 0.004961525 0.004961525 0.004961525 0.004961525 0.004961525 0.004961525 0.004961525 0.004961525 0.004961525 0.004961525 0.004961525 0.004961525 0.004961525 0.004961525 0.004961525 0.004961525 0.004961525 0.004961525 0.004961525 0.004961525 0.004961525 0.004961525 0.004961525 0.004961525 0.004961525 0.004961525 0.004961525 0.004961525 0.004961525 0.004961525 0.004961525 0.004961525 0.004961525 0.004961525 0.004961525 0.004961525 0.004961525 0.004961525 0.004961525 0.004961525 0.004961525 0.004961525 0.004961525 0.004961525 0.004961525 0.004961525 0.004961525 0.004961525 0.004961525 0.004961525 0.004961525 0.004961525 0.004961525 0.004961525 0.004961525 0.004961525 0.004961525 0.004961525 0.004961525 0.004961525 0.004961525 0.004961525 0.004961525 0.004961525 0.004961525 0.004961525 0.004961525 0.004961525 0.004961525 0.004961525 0.004961525 0.004961525 0.004961525 0.004961525 0.004961525 0.004961525 0.004961525 0.004961525 0.004961525 0.004961525 0.004961525 0.004961525 0.004961525 0.004961525 0.004961525 0.004961525 0.004961525 0.004961525 0.004961525 0.004961525 0.004961525 0.004961525 0.004961525 0.004961525 0.004961525 0.004961525 0.004961525 0.004961525 0.004961525 0.004961525 0.004961525 0.004961525 0.004961525 0.004961525 0.004961525 0.004961525 0.004961525 0.004961525 0.004961525 0.004961525 0.004961525 0.004961525 0.004961525 0.004961525 0.004961525 0.004961525 0.004961525 0.004961525 0.004961525 0.004961525 0.004961525 0.004961525 0.004961525 0.004961525 0.004961525 0.004961525 0.004961525 0.004961525 0.004961525 0.004961525 0.004961525 0.004961525 0.004961525 0.004961525 0.004961525 0.004961525 0.004961525 0.004961525 0.004961525 0.004961525 0.004961525 0.004961525 0.004961525 0.004961525 0.004961525 0.004961525 0.004961525 0.004961525 0.004961525 0.004961525 0.004961525 0.004961525 0.004961525 0.004961525 0.004961525 0.004961525 0.004961525 0.004961525 0.004961525 0.004961525 0.004961525 0.004961525 0.004961525 0.004961525 0.004961525 0.004961525 0.004961525 0.004961525 0.004961525 0.004961525 0.004961525 0.004961525 0.004961525 0.004961525 0.004961525 0.004961525 0.004961525 0.004961525 0.004961525 0.004961525 0.004961525 0.004961525 0.004961525 0.004961525 0.004961525 0.004961525 0.004961525 0.004961525 0.004961525 0.004961525 0.004961525 0.004961525 0.004961525 0.004961525 0.004961525 0.004961525 0.004961525 0.004961525 0.004961525 0.004961525 0.004961525 0.004961525 0.004961525 0.004961525 0.004961525 0.004961525 0.004961525 0.004961525 0.004961525 0.004961525 0.004961525 0.004961525 0.004961525 0.004961525 0.004961525 0.004961525 0.004961525 0.004961525 0.004961525 0.004961525 0.004961525 0.004961525 0.004961525 0.004961525 0.004961525 0.004961525 0.004961525 0.004961525 0.004961525 0.004961525 0.004961525 0.004961525 0.004961525 0.004961525 0.004961525 0.004961525 0.004961525 0.004961525 0.004961525 0.004961525 0.004961525 0.004961525 0.004961525 0.004961525 0.004961525 0.004961525 0.004961525,13 14 13 13 14 14 14 14 14 13 14 14 14 15 14 13 14 13 14 14 13 14 13 13 14 13 14 14 14 12 14 13 14 14 14 13 13 14 14 14 13 14 14 14 14 14 13 14 14 13 14 14 14 14 14 14 13 14 14 14 15 14 14 15 14 14 14 13 14 13 14 12 13 15 13 14 14 14 14 14 14 14 13 13 14 14 14 14 14 13 14 13 15 14 14 13 14 13 15 14 14 14 14 14 14 13 14 14 14 15 14 14 13 14 15 13 14 13 14 13 14 14 14 14 13 15 13 14 14 14 14 14 14 14 14 13 15 14 15 15 13 14 13 15 14 14 14 14 14 14 15 14 14 14 14 14 14 13 14 13 14 14 14 14 14 13 14 14 14 13 13 13 14 14 15 14 15 14 14 14 14 12 14 14 13 14 13 12 15 15 13 14 14 14 14 15 15 14 14 14 14 14 14 14 15 14 13 13 15 12 15 14 14 14 15 14 14 12 14 14 15 15 15 13 14 15 13 14 14 14 14 13 14 15 13 14 14 14 14 14 15 14 13 14 14 13 14 14 13 15 14 13 14 14 14 14
439,1x1x512x128,0.199805 0.2595177 0.14633164 0.23851813 0.24345274 0.38916248 0.21315458 0.29074013 0.17874184 0.19601128 0.36334926 0.35798857 0.18976286 0.21396193 0.7009647 0.39467087 0.22880861 0.24318004 0.20643324 0.6103907 0.20682031 0.3572485 0.24852593 0.27504346 0.44951478 0.45503387 0.30013335 0.21546644 0.17705157 0.19350177 0.1724183 0.598114 0.20855643 0.3146583 0.49079904 0.23659344 0.19498144 0.26432016 0.21586628 0.3246643 0.31836882 0.2041566 0.22348006 0.37427908 0.3006274 0.30841297 0.2221643 0.29984567 0.1555558 0.20512451 0.32618448 0.29063427 0.26592043 0.19308028 0.30803484 0.23557107 0.21642974 0.15289421 0.18867008 0.19544803 0.503652 0.23706543 0.45902538 0.16744833 0.24913839 0.2537183 0.26456484 0.22016168 0.232951 0.39652064 0.29193783 0.27488753 0.12211109 0.29351857 0.38348836 0.21207921 0.46348336 0.21778005 0.6229099 0.38832945 0.2796968 0.32303357 0.16258493 0.38472965 0.38528425 0.8470729 0.44735247 0.34562194 0.24944562 0.099803664 0.31257552 0.1607691 0.29145133 0.2797461 0.4274173 0.8137107 0.40087092 0.25898612 0.30834627 0.31567544 0.30598533 0.4303168 0.2688954 0.25868955 0.4647621 0.11584628 0.38829377 0.41959926 0.2992776 0.37940162 0.47707474 0.451561 0.3049126 0.104685135 0.28271478 0.1496677 0.20176314 0.3487115 0.2637327 0.22860898 0.2430763 0.22813292 0.43086353 0.21649231 0.3218335 0.12150748 0.22909437 0.21194336,0.19978061 0.25948605 0.14631377 0.23848902 0.24342303 0.389115 0.21312858 0.29070467 0.17872003 0.19598734 0.3633049 0.35794488 0.1897397 0.2139358 0.70087916 0.3946227 0.22878069 0.24315037 0.20640805 0.6103162 0.20679507 0.3572049 0.2484956 0.27500987 0.4494599 0.45497832 0.30009672 0.21544015 0.17702997 0.19347815 0.17239726 0.59804106 0.20853098 0.31461993 0.49073914 0.23656458 0.19495764 0.2642879 0.21583994 0.3246247 0.31833 0.2041317 0.22345278 0.37423342 0.30059072 0.30837533 0.2221372 0.29980907 0.15553682 0.20509948 0.3261447 0.2905988 0.26588798 0.1930567 0.30799723 0.23554231 0.21640334 0.15287556 0.18864706 0.19542418 0.5035905 0.23703651 0.45896938 0.16742788 0.24910797 0.25368732 0.26453254 0.22013481 0.23292257 0.39647225 0.29190218 0.274854 0.12209619 0.29348275 0.38344154 0.21205333 0.4634268 0.21775348 0.62283385 0.38828206 0.27966264 0.32299414 0.1625651 0.3846827 0.38523725 0.8469695 0.44729787 0.34557974 0.24941517 0.09979148 0.31253737 0.1607495 0.29141575 0.27971196 0.42736512 0.8136114 0.400822 0.25895452 0.30830866 0.31563693 0.305948 0.4302643 0.26886258 0.25865796 0.46470538 0.11583214 0.3882464 0.41954803 0.2992411 0.37935534 0.47701654 0.4515059 0.3048754 0.104672365 0.2826803 0.14964943 0.2017385 0.34866893 0.26370052 0.22858107 0.24304663 0.22810507 0.43081093 0.21646589 0.3217942 0.12149265 0.2290664 0.21191749,0.0015730757 0.0020431972 0.001152077 0.0018778662 0.0019167168 0.0030638976 0.0016781779 0.0022890132 0.0014072444 0.0015432074 0.0028606686 0.0028184636 0.0014940135 0.0016845339 0.0055187335 0.0031072656 0.0018014227 0.0019145699 0.0016252602 0.0048056394 0.0016283076 0.002812637 0.0019566582 0.002165432 0.0035390544 0.0035825064 0.0023629663 0.0016963792 0.0013939368 0.00152345 0.0013574588 0.004708985 0.0016419762 0.0024773222 0.0038640876 0.0018627133 0.0015350996 0.002081007 0.001699527 0.0025560998 0.0025065353 0.0016073362 0.0017594707 0.00294672 0.0023668562 0.0024281521 0.0017491118 0.0023607013 0.0012246993 0.0016149565 0.0025680684 0.0022881797 0.0020936062 0.0015201315 0.002425175 0.0018546638 0.0017039633 0.0012037446 0.0014854099 0.0015387731 0.0039652796 0.0018664292 0.003613932 0.0013183298 0.0019614801 0.001997538 0.0020829334 0.001733345 0.001834036 0.0031218287 0.0022984424 0.0021642048 0.0009613873 0.002310888 0.0030192246 0.0016697112 0.0036490299 0.0017145943 0.0049042036 0.003057339 0.002202068 0.002543261 0.0012800401 0.0030289975 0.0030333642 0.006669051 0.0035220305 0.0027211003 0.001963899 0.0007857597 0.0024609242 0.0012657441 0.0022946121 0.0022024564 0.0033650796 0.0064063887 0.0031560787 0.002039012 0.0024276273 0.0024853302 0.0024090393 0.0033879078 0.0021170282 0.002036677 0.0036590975 0.0009120641 0.0030570582 0.0033035278 0.0023562291 0.00298705 0.0037560358 0.0035551647 0.0024005938 0.00082419184 0.002225829 0.0011783419 0.0015884922 0.0027454246 0.002076382 0.001799851 0.001913753 0.0017961028 0.003392212 0.0017044558 0.0025338128 0.000956635 0.0018036724 0.0016686417,
440,128,,,0.005906401 0.005906401 0.005906401 0.005906401 0.005906401 0.005906401 0.005906401 0.005906401 0.005906401 0.005906401 0.005906401 0.005906401 0.005906401 0.005906401 0.005906401 0.005906401 0.005906401 0.005906401 0.005906401 0.005906401 0.005906401 0.005906401 0.005906401 0.005906401 0.005906401 0.005906401 0.005906401 0.005906401 0.005906401 0.005906401 0.005906401 0.005906401 0.005906401 0.005906401 0.005906401 0.005906401 0.005906401 0.005906401 0.005906401 0.005906401 0.005906401 0.005906401 0.005906401 0.005906401 0.005906401 0.005906401 0.005906401 0.005906401 0.005906401 0.005906401 0.005906401 0.005906401 0.005906401 0.005906401 0.005906401 0.005906401 0.005906401 0.005906401 0.005906401 0.005906401 0.005906401 0.005906401 0.005906401 0.005906401 0.005906401 0.005906401 0.005906401 0.005906401 0.005906401 0.005906401 0.005906401 0.005906401 0.005906401 0.005906401 0.005906401 0.005906401 0.005906401 0.005906401 0.005906401 0.005906401 0.005906401 0.005906401 0.005906401 0.005906401 0.005906401 0.005906401 0.005906401 0.005906401 0.005906401 0.005906401 0.005906401 0.005906401 0.005906401 0.005906401 0.005906401 0.005906401 0.005906401 0.005906401 0.005906401 0.005906401 0.005906401 0.005906401 0.005906401 0.005906401 0.005906401 0.005906401 0.005906401 0.005906401 0.005906401 0.005906401 0.005906401 0.005906401 0.005906401 0.005906401 0.005906401 0.005906401 0.005906401 0.005906401 0.005906401 0.005906401 0.005906401 0.005906401 0.005906401 0.005906401 0.005906401 0.005906401 0.005906401 0.005906401,14 13 14 14 14 13 14 13 14 14 13 13 14 14 12 13 14 14 14 12 14 13 13 13 13 13 13 14 14 14 14 12 14 13 13 14 14 13 14 13 13 14 14 13 13 13 14 13 14 14 13 13 13 14 13 14 14 14 14 14 12 14 13 14 13 13 13 14 14 13 13 13 15 13 13 14 13 14 12 13 13 13 14 13 13 12 13 13 13 15 13 14 13 13 13 12 13 13 13 13 13 13 13 13 13 15 13 13 13 13 13 13 13 15 13 14 14 13 13 14 14 14 13 14 13 15 14 14
449,1x1x64x32,0.52258974 0.63593024 0.54583925 0.6252607 0.48184255 0.8461343 0.78619045 0.42281222 0.6774041 0.66585404 0.34083757 0.70588833 0.582575 0.382623 0.45235744 0.4427964 0.66227317 1.1166707 0.30895913 0.46401882 0.5086202 0.7045503 0.53786415 0.29204434 0.6805923 0.38687122 0.3712632 0.7489657 0.25070834 0.58504933 0.6625985 0.32510027,0.52252597 0.63585263 0.5457727 0.6251844 0.48178375 0.846031 0.78609455 0.4227606 0.67732143 0.66577274 0.340796 0.70580214 0.5825039 0.3825763 0.45230222 0.44274235 0.66219234 1.1165345 0.30892143 0.4639622 0.5085581 0.7044644 0.53779846 0.2920087 0.68050927 0.386824 0.37121788 0.7488743 0.25067776 0.5849779 0.66251767 0.32506058,0.004114378 0.005006714 0.0042974227 0.0049227118 0.0037935728 0.0066616614 0.0061897207 0.0033288237 0.0053332397 0.005242305 0.002683433 0.005557497 0.004586645 0.0030124118 0.0035614348 0.0034861602 0.005214113 0.00879161 0.0024324523 0.0036532457 0.0040043946 0.005546964 0.0042346334 0.002299281 0.0053583407 0.0030458583 0.0029229755 0.005896648 0.0019738406 0.0046061254 0.0052166744 0.0025595322,
450,32,,,0.0051682214 0.0051682214 0.0051682214 0.0051682214 0.0051682214 0.0051682214 0.0051682214 0.0051682214 0.0051682214 0.0051682214 0.0051682214 0.0051682214 0.0051682214 0.0051682214 0.0051682214 0.0051682214 0.0051682214 0.0051682214 0.0051682214 0.0051682214 0.0051682214 0.0051682214 0.0051682214 0.0051682214 0.0051682214 0.0051682214 0.0051682214 0.0051682214 0.0051682214 0.0051682214 0.0051682214 0.0051682214,14 14 14 14 15 14 14 15 14 14 15 14 14 15 15 15 14 13 15 15 14 14 14 15 14 15 15 14 15 14 14 15
455,3x3x32x32,0.4333616 0.4743631 0.34068665 0.6810891 0.5174444 0.33844754 0.40135938 0.65955865 0.5456355 0.6876958 0.29561386 0.38539952 0.335756 0.5420054 0.41570383 0.42934242 0.40061015 0.31486726 0.34085765 0.40027592 0.4533924 0.3653612 0.3075839 0.33340794 0.3582959 0.59982145 0.68207544 0.68729 0.94062203 0.39886817 0.449331 0.23878628,0.43330872 0.4743052 0.34064507 0.681006 0.5173812 0.33840623 0.4013104 0.6594781 0.54556894 0.6876119 0.2955778 0.3853525 0.33571503 0.54193926 0.41565308 0.42929003 0.40056124 0.3148288 0.34081605 0.40022707 0.45333707 0.36531663 0.30754638 0.33336723 0.35825217 0.59974825 0.68199223 0.68720615 0.94050723 0.39881948 0.44927615 0.23875715,0.0034118798 0.0037346866 0.0026822446 0.0053622522 0.0040738676 0.002664616 0.0031599244 0.0051927413 0.0042958185 0.0054142666 0.0023273842 0.0030342715 0.0026434255 0.004267238 0.003272859 0.0033802364 0.0031540256 0.002478967 0.0026835909 0.0031513942 0.0035695832 0.002876509 0.002421625 0.0026249387 0.0028208832 0.004722427 0.0053700176 0.005411072 0.007405569 0.0031403108 0.0035376074 0.0018799775,
456,32,,,0.004594058 0.004594058 0.004594058 0.004594058 0.004594058 0.004594058 0.004594058 0.004594058 0.004594058 0.004594058 0.004594058 0.004594058 0.004594058 0.004594058 0.004594058 0.004594058 0.004594058 0.004594058 0.004594058 0.004594058 0.004594058 0.004594058 0.004594058 0.004594058 0.004594058 0.004594058 0.004594058 0.004594058 0.004594058 0.004594058 0.004594058 0.004594058,15 15 15 14 14 15 15 14 14 14 15 15 15 14 15 15 15 15 15 15 15 15 15 15 15 14 14 14 14 15 15 16
461,3x3x32x32,0.40366992 0.28369698 0.19115454 0.2892258 0.47276345 0.2568053 0.49627075 0.34287864 0.4230295 0.4963312 0.21067224 0.21771504 0.4193209 0.45751357 0.33398145 0.22173391 0.31745082 0.23708597 0.412809 0.27554742 0.41164604 0.27341196 0.22262804 0.2712931 0.17217831 0.41083103 0.34461197 0.17657739 0.32323718 0.32891396 0.18169212 0.04163247,0.40362066 0.28366238 0.19113122 0.28919047 0.47270575 0.25677398 0.4962102 0.3428368 0.42297786 0.4962706 0.21064653 0.21768847 0.41926974 0.45745775 0.3339407 0.22170685 0.31741208 0.23705705 0.41275862 0.27551377 0.41159582 0.2733786 0.22260086 0.27126 0.1721573 0.41078088 0.34456992 0.17655584 0.32319775 0.3288738 0.18166995 0.04162739,0.0031781155 0.002233562 0.0015049702 0.0022770902 0.0037220926 0.0020218424 0.003907167 0.0026995023 0.0033305343 0.0039076423 0.001658634 0.0017140824 0.0033013364 0.0036020295 0.0026294545 0.0017457233 0.0024993077 0.0018665909 0.0032500678 0.0021693998 0.003240912 0.0021525875 0.0017527627 0.0021359054 0.0013555693 0.0032344952 0.002713149 0.0013902035 0.002544864 0.0025895576 0.001430472 0.0003277747,
462,32,,,0.005637976 0.005637976 0.005637976 0.005637976 0.005637976 0.005637976 0.005637976 0.005637976 0.005637976 0.005637976 0.005637976 0.005637976 0.005637976 0.005637976 0.005637976 0.005637976 0.005637976 0.005637976 0.005637976 0.005637976 0.005637976 0.005637976 0.005637976 0.005637976 0.005637976 0.005637976 0.005637976 0.005637976 0.005637976 0.005637976 0.005637976 0.005637976,12 12 13 12 12 12 11 12 12 11 13 13 12 12 12 13 12 13 12 12 12 12 13 12 13 12 12 13 12 12 13 15
470,3x3x32x32,0.2725334 0.35501617 0.33482656 0.23809972 0.22901599 0.30901527 0.25347918 0.18001075 0.3128796 0.3213316 0.25682348 0.3547362 0.2380247 0.38224077 0.5802212 0.47197732 0.21537893 0.25993428 0.23769496 0.4151762 0.20846805 0.09511087 0.6442106 0.19856322 0.4228658 0.19735487 0.32887712 0.37842864 0.3167653 0.4372205 0.31359985 0.21155487,0.27250013 0.35497284 0.3347857 0.23807067 0.22898805 0.30897754 0.25344825 0.17998877 0.31284142 0.32129237 0.25679216 0.35469294 0.23799564 0.3821941 0.58015037 0.47191975 0.21535264 0.25990254 0.23766597 0.41512555 0.2084426 0.09509926 0.64413196 0.19853899 0.42281422 0.19733077 0.32883698 0.37838247 0.31672665 0.43716714 0.3135616 0.21152906,0.0021456704 0.0027950618 0.0026361078 0.0018745721 0.0018030555 0.002432894 0.0019956555 0.0014172344 0.0024633182 0.0025298612 0.0020219856 0.0027928578 0.0018739814 0.0030094024 0.004568113 0.0037159035 0.0016956901 0.0020464766 0.0018713856 0.0032687052 0.0016412803 0.0007488131 0.005071905 0.0015632991 0.0033292458 0.0015537856 0.0025892674 0.0029793896 0.0024939107 0.003442261 0.002468989 0.0016655831,
471,32,,,0.006890588 0.006890588 0.006890588 0.006890588 0.006890588 0.006890588 0.006890588 0.006890588 0.006890588 0.006890588 0.006890588 0.006890588 0.006890588 0.006890588 0.006890588 0.006890588 0.006890588 0.006890588 0.006890588 0.006890588 0.006890588 0.006890588 0.006890588 0.006890588 0.006890588 0.006890588 0.006890588 0.006890588 0.006890588 0.006890588 0.006890588 0.006890588,13 13 13 14 14 13 13 14 13 13 13 13 14 13 12 13 14 13 14 13 14 15 12 14 13 14 13 13 13 13 13 14
476,3x3x32x32,0.11893606 0.10263687 0.08607027 0.21567115 0.5041604 0.17876412 0.26694506 0.21228898 0.5177663 0.29210338 0.16171034 0.19266395 0.16540672 0.15174921 0.20166157 0.24028537 0.14157714 0.23222178 0.1220455 0.14730737 0.0856679 0.2815099 0.1371087 0.14480512 0.23491557 0.14046188 0.35225633 0.1046671 0.2684874 0.36389455 0.18720485 0.15580906,0.11892155 0.10262435 0.086059764 0.21564482 0.50409883 0.1787423 0.2669125 0.21226308 0.5177031 0.29206774 0.1616906 0.19264044 0.16538654 0.15173069 0.20163697 0.24025604 0.14155987 0.23219344 0.12203061 0.14728938 0.08565745 0.28147554 0.13709196 0.14478745 0.2348869 0.14044473 0.35221332 0.10465432 0.2684546 0.36385015 0.18718201 0.15579005,0.00093639013 0.00080806576 0.00067763595 0.0016979907 0.0039692824 0.0014074197 0.002101673 0.0016713628 0.0040764026 0.002299746 0.0012731543 0.0015168538 0.0013022562 0.0011947298 0.0015876926 0.0018917798 0.0011146447 0.0018282948 0.00096087094 0.0011597589 0.0006744681 0.0022163428 0.0010794643 0.0011400586 0.0018495031 0.001105864 0.0027733333 0.00082404976 0.0021138159 0.0028649617 0.0014738741 0.0012266933,
477,32,,,0.0065280003 0.0065280003 0.0065280003 0.0065280003 0.0065280003 0.0065280003 0.0065280003 0.0065280003 0.0065280003 0.0065280003 0.0065280003 0.0065280003 0.0065280003 0.0065280003 0.0065280003 0.0065280003 0.0065280003 0.0065280003 0.0065280003 0.0065280003 0.0065280003 0.0065280003 0.0065280003 0.0065280003 0.0065280003 0.0065280003 0.0065280003 0.0065280003 0.0065280003 0.0065280003 0.0065280003 0.0065280003,15 15 15 14 12 14 13 14 12 13 14 14 14 14 14 14 14 14 15 14 15 13 14 14 14 14 13 15 13 13 14 14
485,1x1x64x32,1.5195478 0.995433 1.7860821 1.548839 1.0854883 0.7415641 0.9784303 0.9151763 0.62205005 0.65294677 1.044774 0.7180935 0.8508668 0.8570467 0.95516884 0.7910211 0.6425863 1.6232194 0.8191 0.9661429 0.7839854 1.3304335 0.8205557 1.2000382 1.1672357 1.4116493 1.164031 1.4707226 0.60292345 0.8784093 1.0850947 1.390877,1.5193624 0.9953115 1.7858642 1.54865 1.0853558 0.74147356 0.9783108 0.9150646 0.6219742 0.6528671 1.0446466 0.71800584 0.85076296 0.8569421 0.9550523 0.7909246 0.6425079 1.6230212 0.81900007 0.966025 0.7838897 1.3302711 0.82045555 1.1998918 1.1670933 1.4114771 1.163889 1.4705431 0.60284984 0.87830216 1.0849622 1.3907073,0.011963484 0.007837098 0.014061923 0.012194094 0.008546108 0.0058383746 0.007703235 0.007205233 0.0048974343 0.0051406855 0.008225564 0.005653589 0.006698921 0.006747576 0.007520097 0.0062277527 0.0050591175 0.012779695 0.0064488193 0.007606496 0.00617236 0.010474576 0.00646028 0.009447967 0.009189711 0.011113993 0.0091644805 0.01157908 0.004746849 0.006915765 0.00854301 0.010950451,
486,32,,,0.004594058 0.004594058 0.004594058 0.004594058 0.004594058 0.004594058 0.004594058 0.004594058 0.004594058 0.004594058 0.004594058 0.004594058 0.004594058 0.004594058 0.004594058 0.004594058 0.004594058 0.004594058 0.004594058 0.004594058 0.004594058 0.004594058 0.004594058 0.004594058 0.004594058 0.004594058 0.004594058 0.004594058 0.004594058 0.004594058 0.004594058 0.004594058,14 14 14 14 14 15 15 15 15 15 14 15 15 15 15 15 15 14 15 15 15 14 15 14 14 14 14 14 15 15 14 14
494,1x1x64x64,0.20325644 0.2582663 0.2295973 0.11987895 0.4541298 0.23160648 0.47299647 0.5350944 0.19592308 0.2959049 0.24500142 0.19816221 0.15079376 0.9994265 0.17608508 0.1635112 0.21769947 0.25538224 0.5829464 0.25193387 0.05849755 0.23528822 0.34398806 0.27006927 0.39747757 0.2052453 0.123909056 0.50177354 0.22361203 0.07830595 0.23248334 0.16377728 0.11586263 0.18736187 0.16995068 0.25173998 0.10086813 0.14412558 0.19980063 0.17639571 0.25139266 0.36494753 0.21088013 0.26760972 0.23592027 0.23604907 0.15480305 0.11046268 0.08027376 0.29552022 0.20290543 0.46185043 0.37945157 0.25980726 0.21120372 0.2879889 0.31615537 0.18942714 0.44594643 0.28467512 0.16974485 0.1848659 0.19015314 0.3610124,0.20323165 0.2582348 0.22956927 0.11986432 0.45407438 0.23157822 0.47293875 0.5350291 0.19589917 0.2958688 0.24497153 0.19813803 0.15077536 0.9993045 0.1760636 0.16349125 0.2176729 0.25535107 0.5828753 0.25190315 0.05849041 0.2352595 0.3439461 0.2700363 0.39742908 0.20522025 0.12389394 0.50171226 0.22358473 0.0782964 0.23245497 0.16375728 0.11584849 0.187339 0.16992994 0.25170925 0.10085582 0.14410798 0.19977623 0.1763742 0.25136197 0.36490297 0.2108544 0.26757705 0.23589148 0.23602027 0.15478416 0.110449195 0.080263965 0.29548416 0.20288067 0.46179405 0.37940526 0.25977555 0.21117795 0.28795373 0.3161168 0.18940401 0.445892 0.2846404 0.16972414 0.18484335 0.19012992 0.36096832,0.0016002492 0.002033345 0.001807632 0.0009438136 0.0035753888 0.0018234506 0.003723927 0.004212828 0.0015425131 0.0023296757 0.0019289097 0.0015601419 0.0011872075 0.00786854 0.0013863276 0.0012873326 0.0017139598 0.0020106384 0.0045895693 0.0019834894 0.0004605544 0.001852437 0.002708237 0.0021262702 0.0031293628 0.0016159075 0.0009755428 0.00395049 0.0017605097 0.0006165071 0.0018303541 0.0012894274 0.0009121928 0.0014751102 0.001338031 0.0019819627 0.00079414033 0.0011347085 0.0015730412 0.0013887732 0.001979228 0.0028732517 0.0016602708 0.002106906 0.0018574132 0.0018584273 0.0012187728 0.0008696787 0.00063199975 0.0023266468 0.0015974855 0.0036361737 0.002987443 0.0020454768 0.0016628185 0.0022673523 0.0024891088 0.0014913701 0.0035109606 0.002241263 0.0013364105 0.0014554594 0.001497086 0.0028422703,
495,64,,,0.009540018 0.009540018 0.009540018 0.009540018 0.009540018 0.009540018 0.009540018 0.009540018 0.009540018 0.009540018 0.009540018 0.009540018 0.009540018 0.009540018 0.009540018 0.009540018 0.009540018 0.009540018 0.009540018 0.009540018 0.009540018 0.009540018 0.009540018 0.009540018 0.009540018 0.009540018 0.009540018 0.009540018 0.009540018 0.009540018 0.009540018 0.009540018 0.009540018 0.009540018 0.009540018 0.009540018 0.009540018 0.009540018 0.009540018 0.009540018 0.009540018 0.009540018 0.009540018 0.009540018 0.009540018 0.009540018 0.009540018 0.009540018 0.009540018 0.009540018 0.009540018 0.009540018 0.009540018 0.009540018 0.009540018 0.009540018 0.009540018 0.009540018 0.009540018 0.009540018 0.009540018 0.009540018 0.009540018 0.009540018,13 12 13 14 12 13 12 11 13 12 13 13 13 10 13 13 13 12 11 12 15 13 12 12 12 13 13 11 13 14 13 13 14 13 13 12 14 13 13 13 12 12 13 12 13 13 13 14 14 12 13 12 12 12 13 12 12 13 12 12 13 13 13 12
504,1x1x192x128,0.16532138 0.12778929 0.1472938 0.73141897 0.7489083 0.49893346 0.15504648 0.3153763 0.18238385 0.1297566 0.12648797 0.12956093 0.05440802 0.07652423 0.19337465 0.082274064 0.076833144 0.09580688 0.11660099 0.509279 0.7353058 0.1219048 0.20009515 0.17854024 0.20576452 0.2910504 0.12915435 0.1331871 0.8291774 0.5840148 0.29817772 0.26598325 0.08726296 0.13937671 0.09966688 0.3245306 0.5461727 1.4086875 0.35284975 0.24265853 0.18138042 0.14031518 0.2075453 0.09563232 0.1530855 0.35553208 0.3093179 0.06887176 0.29894134 0.20298943 0.27078432 1.4866549 0.55144733 1.194595 0.54552597 0.28907555 0.16980475 0.09594774 0.34024516 0.2337104 0.10952346 0.61932224 0.06019427 0.15875544 0.08831759 0.7436215 0.26829198 0.2936621 0.116122976 0.1845175 0.37330496 0.07115243 0.24821645 0.085258774 0.21265422 0.20024806 0.2110385 0.4901194 0.5155512 0.44292173 0.8778718 0.07523591 0.93527144 0.3592585 0.07677456 0.06948521 0.27530533 0.061913144 0.25839028 0.30280024 0.02784032 0.22112614 0.10536691 0.24841692 0.09057508 0.94761115 0.30670404 0.35474575 0.0927209 0.17661141 0.25363877 0.63478196 0.35818103 0.13422166 0.9456413 0.2073861 0.23827513 0.06484363 0.14197464 0.25291312 0.7343649 0.11920595 0.32721296 0.14524066 0.115904346 0.7226083 0.19018985 0.20325392 0.6779648 0.5320922 0.7305862 0.39503855 0.4735358 0.27517417 0.4379041 0.5359742 0.8964552 0.11373167,0.1653012 0.1277737 0.14727582 0.73132974 0.74881685 0.49887258 0.15502755 0.3153378 0.1823616 0.12974077 0.12647253 0.12954512 0.05440138 0.076514885 0.19335106 0.08226403 0.07682377 0.095795184 0.11658676 0.5092169 0.7352161 0.12188992 0.20007072 0.17851846 0.20573941 0.29101488 0.12913859 0.13317084 0.82907623 0.5839435 0.29814133 0.2659508 0.087252304 0.1393597 0.09965472 0.324491 0.546106 1.4085156 0.3528067 0.2426289 0.1813583 0.14029805 0.20751996 0.09562065 0.15306681 0.3554887 0.30928016 0.068863355 0.29890487 0.20296465 0.27075127 1.4864734 0.55138004 1.1944492 0.5454594 0.28904027 0.16978404 0.09593604 0.3402036 0.23368187 0.109510094 0.61924666 0.060186923 0.15873607 0.088306814 0.7435308 0.26825926 0.29362628 0.116108805 0.18449499 0.37325943 0.07114374 0.24818616 0.08524837 0.21262828 0.20022362 0.21101274 0.49005958 0.5154883 0.44286767 0.87776464 0.075226724 0.9351573 0.35921466 0.076765195 0.06947673 0.2752717 0.061905585 0.25835875 0.30276328 0.027836923 0.22109915 0.10535405 0.2483866 0.09056403 0.9474955 0.3066666 0.35470247 0.092709586 0.17658985 0.25360784 0.63470453 0.3581373 0.13420527 0.9455259 0.20736079 0.23824604 0.06483572 0.14195731 0.25288227 0.73427534 0.11919141 0.32717302 0.14522295 0.115890205 0.7225202 0.19016665 0.20322913 0.6778821 0.53202724 0.730497 0.39499035 0.47347802 0.27514058 0.43785065 0.53590876 0.8963458 0.11371779,0.0013015843 0.0010060922 0.0011596521 0.005758502 0.005896196 0.0039281305 0.0012206894 0.002482975 0.0014359182 0.0010215809 0.0009958467 0.0010200404 0.0004283573 0.0006024794 0.0015224493 0.00064774824 0.0006049116 0.00075429276 0.000918006 0.004009582 0.005789103 0.0009597631 0.0015753601 0.0014056572 0.0016199953 0.0022914556 0.0010168393 0.0010485894 0.006528159 0.00459798 0.0023475694 0.0020941007 0.000687026 0.0010973205 0.0007846828 0.0025550472 0.004300047 0.0110906735 0.0027780053 0.0019104638 0.0014280181 0.0011047091 0.0016340155 0.0007529185 0.0012052505 0.0027991235 0.0024352768 0.00054223114 0.0023535816 0.0015981469 0.0021318998 0.011704516 0.0043415753 0.009405112 0.0042949556 0.0022759077 0.0013368822 0.00075540185 0.0026787687 0.0018400147 0.0008622842 0.004875958 0.00047391278 0.0012498903 0.0006953293 0.005854573 0.0021122776 0.0023120178 0.0009142426 0.0014527164 0.0029390506 0.0005601869 0.0019542216 0.000671247 0.0016742384 0.0015765639 0.0016615177 0.003858737 0.004058963 0.003487147 0.0069115325 0.0005923364 0.0073634433 0.0028284618 0.00060445035 0.00054706086 0.0021674938 0.00048744556 0.0020343207 0.002383963 0.00021918837 0.0017409382 0.00082955946 0.0019558 0.0007131026 0.0074605946 0.0024146978 0.0027929328 0.00072999677 0.0013904712 0.001996912 0.0049976734 0.0028199789 0.0010567344 0.007445086 0.0016327621 0.001875953 0.00051051745 0.0011177742 0.001991199 0.0057816957 0.000938515 0.0025761656 0.0011434878 0.0009125213 0.0056891353 0.0014973752 0.0016002294 0.005337654 0.004189191 0.005751945 0.0031101604 0.0037281734 0.0021664612 0.003447643 0.004219754 0.007057841 0.00089541567,
505,128,,,0.007295823 0.007295823 0.007295823 0.007295823 0.007295823 0.007295823 0.007295823 0.007295823 0.007295823 0.007295823 0.007295823 0.007295823 0.007295823 0.007295823 0.007295823 0.007295823 0.007295823 0.007295823 0.007295823 0.007295823 0.007295823 0.007295823 0.007295823 0.007295823 0.007295823 0.007295823 0.007295823 0.007295823 0.007295823 0.007295823 0.007295823 0.007295823 0.007295823 0.007295823 0.007295823 0.007295823 0.007295823 0.007295823 0.007295823 0.007295823 0.007295823 0.007295823 0.007295823 0.007295823 0.007295823 0.007295823 0.007295823 0.007295823 0.007295823 0.007295823 0.007295823 0.007295823 0.007295823 0.007295823 0.007295823 0.007295823 0.007295823 0.007295823 0.007295823 0.007295823 0.007295823 0.007295823 0.007295823 0.007295823 0.007295823 0.007295823 0.007295823 0.007295823 0.007295823 0.007295823 0.007295823 0.007295823 0.007295823 0.007295823 0.007295823 0.007295823 0.007295823 0.007295823 0.007295823 0.007295823 0.007295823 0.007295823 0.007295823 0.007295823 0.007295823 0.007295823 0.007295823 0.007295823 0.007295823 0.007295823 0.007295823 0.007295823 0.007295823 0.007295823 0.007295823 0.007295823 0.007295823 0.007295823 0.007295823 0.007295823 0.007295823 0.007295823 0.007295823 0.007295823 0.007295823 0.007295823 0.007295823 0.007295823 0.007295823 0.007295823 0.007295823 0.007295823 0.007295823 0.007295823 0.007295823 0.007295823 0.007295823 0.007295823 0.007295823 0.007295823 0.007295823 0.007295823 0.007295823 0.007295823 0.007295823 0.007295823 0.007295823 0.007295823,12 12 12 10 10 10 12 11 12 12 12 12 14 13 12 13 13 13 13 10 10 13 12 12 12 11 12 12 10 10 11 11 13 12 13 11 10 9 11 12 12 12 12 13 12 11 11 13 11 12 11 9 10 9 10 11 12 13 11 12 13 10 14 12 13 10 11 11 13 12 11 13 11 13 12 12 12 11 10 11 10 13 10 11 13 13 11 13 11 11 15 12 13 11 13 10 11 11 13 12 11 10 11 12 10 12 12 13 12 11 10 13 11 12 13 10 12 12 10 10 10 11 11 11 11 10 10 13
510,3x3x128x128,0.38823614 0.24460176 0.16620375 0.3317758 0.2290227 0.26276758 0.21728873 0.13109909 0.28306943 0.13732141 0.26242942 0.18558641 0.33334124 0.1173414 0.35093048 0.18007934 0.11570392 0.2117427 0.18037304 0.23199189 0.21118224 0.17212561 0.18516067 0.18480489 0.22129169 0.37109676 0.18611048 0.16606386 0.1897241 0.22651568 0.27687222 0.24457225 0.21283509 0.15201776 0.102360085 0.12845959 0.25068676 0.32238227 0.36824834 0.2728953 0.28847057 0.067748174 0.1987658 0.23357034 0.3358022 0.25562504 0.3310782 0.17031874 0.09937081 0.2225266 0.28630075 0.19888121 0.22984207 0.09572225 0.16407016 0.1807963 0.17839603 0.21552469 0.1074283 0.354509 0.3568801 0.34651247 0.15903062 0.28143206 0.2045101 0.20331074 0.18014061 0.08465269 0.17873774 0.31725067 0.37696293 0.33107957 0.18808056 0.23214488 0.2891933 0.26809132 0.06602567 0.21140967 0.25863236 0.21577421 0.24790597 0.08122786 0.11780507 0.3091008 0.1847257 0.26182997 0.25283217 0.30299327 0.24242681 0.17447923 0.26996243 0.10911099 0.12146399 0.11254958 0.21164864 0.35064927 0.34880954 0.10455584 0.25128877 0.27165458 0.33346927 0.15612079 0.06611954 0.33450726 0.24274255 0.25119323 0.48412156 0.3324933 0.32783902 0.27727225 0.11674349 0.44907573 0.17360917 0.37453794 0.35534692 0.40089726 0.31525517 0.37917826 0.35839972 0.17888385 0.14950556 0.24814782 0.36117122 0.30671823 0.32968777 0.22848454 0.1776419 0.22019696,0.38818875 0.2445719 0.16618347 0.33173534 0.22899476 0.26273552 0.21726222 0.1310831 0.2830349 0.13730466 0.2623974 0.18556376 0.33330056 0.11732708 0.35088766 0.18005736 0.1156898 0.21171686 0.18035102 0.23196357 0.21115647 0.17210461 0.18513806 0.18478234 0.22126468 0.3710515 0.18608777 0.1660436 0.18970095 0.22648804 0.27683842 0.2445424 0.21280912 0.1519992 0.1023476 0.12844391 0.2506562 0.32234293 0.3682034 0.27286202 0.28843534 0.06773991 0.19874154 0.23354183 0.33576122 0.25559384 0.3310378 0.17029795 0.099358685 0.22249943 0.2862658 0.19885693 0.22981401 0.09571057 0.16405015 0.18077424 0.17837426 0.21549839 0.10741519 0.35446575 0.35683653 0.34647018 0.1590112 0.2813977 0.20448513 0.20328593 0.18011862 0.084642366 0.17871593 0.31721196 0.37691694 0.33103916 0.1880576 0.23211654 0.28915802 0.2680586 0.06601761 0.21138386 0.2586008 0.21574788 0.2478757 0.08121795 0.1177907 0.30906308 0.18470316 0.26179802 0.2528013 0.30295628 0.24239722 0.17445794 0.26992947 0.109097674 0.12144917 0.11253585 0.2116228 0.35060647 0.34876695 0.10454308 0.2512581 0.2716214 0.3334286 0.15610175 0.06611147 0.33446643 0.24271293 0.2511626 0.48406246 0.33245274 0.32779902 0.2772384 0.11672924 0.44902092 0.17358798 0.37449226 0.35530356 0.40084836 0.3152167 0.379132 0.358356 0.17886202 0.1494873 0.24811752 0.36112714 0.3066808 0.32964754 0.22845665 0.17762022 0.22017008,0.0030566044 0.001925763 0.0013085313 0.0026120893 0.0018031084 0.0020687836 0.0017107262 0.0010321504 0.0022286212 0.0010811391 0.0020661214 0.001461132 0.002624414 0.00092383526 0.0027628948 0.0014177745 0.0009109433 0.0016670619 0.0014200867 0.0018264848 0.0016626494 0.0013551544 0.00145778 0.0014549791 0.0017422416 0.0029216653 0.0014652581 0.0013074299 0.0014937082 0.0017833704 0.00217983 0.0019255307 0.0016756624 0.0011968442 0.0008058866 0.0010113694 0.0019736707 0.0025381334 0.0028992393 0.0021485197 0.0022711444 0.00053338514 0.001564894 0.001838912 0.0026437892 0.00201255 0.0026065968 0.0013409287 0.0007823518 0.001751964 0.0022540614 0.0015658026 0.0018095591 0.0007536265 0.0012917335 0.0014234192 0.0014045218 0.0016968377 0.0008457889 0.002791069 0.0028097364 0.0027281116 0.0012520567 0.00221573 0.0016101191 0.0016006767 0.0014182569 0.00066647533 0.001407212 0.002497732 0.00296785 0.0026066075 0.0014807686 0.0018276892 0.0022768348 0.0021106976 0.00051982375 0.0016644399 0.0020362267 0.0016988022 0.0019517773 0.00063951145 0.0009274858 0.0024335675 0.0014543555 0.0020614017 0.0019905614 0.0023854827 0.0019086396 0.0013736845 0.002125429 0.0008590368 0.0009562927 0.0008861091 0.0016663213 0.0027606809 0.0027461965 0.0008231739 0.0019784102 0.0021387513 0.002625422 0.0012291477 0.00052056275 0.002633594 0.0019111254 0.0019776581 0.0038115154 0.0026177382 0.0025810946 0.0021829796 0.00091912784 0.0035355978 0.0013668345 0.002948758 0.0027976658 0.0031562862 0.0024820212 0.0029852914 0.0028217009 0.0014083624 0.0011770654 0.0019536812 0.0028435208 0.0024148095 0.00259565 0.0017988712 0.0013985843 0.0017336226,
511,128,,,0.0051682214 0.0051682214 0.0051682214 0.0051682214 0.0051682214 0.0051682214 0.0051682214 0.0051682214 0.0051682214 0.0051682214 0.0051682214 0.0051682214 0.0051682214 0.0051682214 0.0051682214 0.0051682214 0.0051682214 0.0051682214 0.0051682214 0.0051682214 0.0051682214 0.0051682214 0.0051682214 0.0051682214 0.0051682214 0.0051682214 0.0051682214 0.0051682214 0.0051682214 0.0051682214 0.0051682214 0.0051682214 0.0051682214 0.0051682214 0.0051682214 0.0051682214 0.0051682214 0.0051682214 0.0051682214 0.0051682214 0.0051682214 0.0051682214 0.0051682214 0.0051682214 0.0051682214 0.0051682214 0.0051682214 0.0051682214 0.0051682214 0.0051682214 0.0051682214 0.0051682214 0.0051682214 0.0051682214 0.0051682214 0.0051682214 0.0051682214 0.0051682214 0.0051682214 0.0051682214 0.0051682214 0.0051682214 0.0051682214 0.0051682214 0.0051682214 0.0051682214 0.0051682214 0.0051682214 0.0051682214 0.0051682214 0.0051682214 0.0051682214 0.0051682214 0.0051682214 0.0051682214 0.0051682214 0.0051682214 0.0051682214 0.0051682214 0.0051682214 0.0051682214 0.0051682214 0.0051682214 0.0051682214 0.0051682214 0.0051682214 0.0051682214 0.0051682214 0.0051682214 0.0051682214 0.0051682214 0.0051682214 0.0051682214 0.0051682214 0.0051682214 0.0051682214 0.0051682214 0.0051682214 0.0051682214 0.0051682214 0.0051682214 0.0051682214 0.0051682214 0.0051682214 0.0051682214 0.0051682214 0.0051682214 0.0051682214 0.0051682214 0.0051682214 0.0051682214 0.0051682214 0.0051682214 0.0051682214 0.0051682214 0.0051682214 0.0051682214 0.0051682214 0.0051682214 0.0051682214 0.0051682214 0.0051682214 0.0051682214 0.0051682214 0.0051682214 0.0051682214 0.0051682214 0.0051682214,13 14 14 13 14 13 14 14 13 14 13 14 13 15 13 14 15 14 14 14 14 14 14 14 14 13 14 14 14 14 13 14 14 14 15 14 13 13 13 13 13 15 14 14 13 13 13 14 15 14 13 14 14 15 14 14 14 14 15 13 13 13 14 13 14 14 14 15 14 13 13 13 14 14 13 13 15 14 13 14 13 15 15 13 14 13 13 13 14 14 13 15 15 15 14 13 13 15 13 13 13 14 15 13 14 13 13 13 13 13 15 13 14 13 13 13 13 13 13 14 14 13 13 13 13 14 14 14
519,1x1x384x256,0.5518946 0.32449624 0.28925297 0.31834126 0.69973254 0.319962 0.33848745 0.85572636 0.38584548 0.27073306 1.1135346 0.45898023 0.28340623 0.30414525 0.22371621 0.42836207 0.2284411 0.2683625 0.25380257 0.21721235 0.42548972 0.24439429 0.2638184 0.45110556 0.24680604 0.3486573 0.3889408 0.33037803 0.26061025 0.23750834 0.4653208 0.2690733 0.4241517 0.360039 0.40819764 0.439716 0.28458613 0.30592632 0.28023022 0.29644653 0.45785043 0.21530788 0.33446285 0.24755101 0.25361076 0.34862176 0.23440097 0.33064032 0.51199615 0.3509295 0.29451656 0.32620052 0.2562269 0.26851273 0.35358262 0.33749598 0.31249714 0.24257566 0.25770333 0.25072807 0.35949305 0.29081634 0.33269647 0.27192295 1.0776192 0.3342343 0.5556514 0.25016943 0.36355534 0.30742142 0.2902368 0.25999737 0.5050281 0.25719908 0.4305413 0.37855816 0.34564704 0.56604075 0.32385096 0.50703466 0.21894976 0.34173793 0.24875864 0.23440172 0.34851214 0.36067384 0.2983165 0.32667136 0.33559138 0.4010942 0.3776812 0.35942802 0.5059769 0.29758567 0.5860482 0.2780497 0.24995258 0.27177674 0.29375428 0.27527654 0.23381576 0.36925814 0.35810098 0.22530854 0.27559304 0.24384175 0.31427303 0.3399414 0.3539666 0.37080345 0.27553225 0.434692 0.44300014 0.3601271 0.27851883 0.24289328 0.28384617 0.34453195 0.2786675 0.40522626 0.2836032 0.38277027 0.32049024 0.2646104 0.5090853 0.22364245 0.28197074 0.41420805 0.2010852 0.40051642 0.31597203 0.24253015 0.29917043 0.31613538 0.18572435 0.50890654 0.32649285 0.35093477 0.26577625 0.1750057 0.35188076 0.3306211 0.20521787 0.36192244 0.13999823 0.27051997 0.3179015 0.56202257 0.26540145 0.6029794 0.70031136 0.3687423 0.18797262 0.19811456 0.2656405 0.509653 0.5424359 0.42477316 0.32657927 0.24281769 0.33238152 0.33079043 0.26290894 0.47506315 0.30261037 0.6710482 0.38592422 0.26246455 0.34257543 0.50639427 0.4123085 0.42196825 0.34632608 0.26533818 0.2670236 0.27564526 0.25550503 0.111481525 0.46190226 0.22560523 0.15172742 0.30612296 0.35229382 0.3580891 0.56330204 0.35281318 0.35168085 0.28725982 0.3484607 0.32026947 0.25352713 0.35997227 0.6803154 0.3437069 0.36803505 0.38445768 0.2273307 0.25287652 0.26926297 0.20944124 0.30961815 0.2777442 0.44125384 0.26414737 0.2557522 0.35932165 0.27752998 0.3826176 0.18322304 0.31031847 0.29505676 0.29878134 0.31160036 0.32069406 0.31656063 0.4629238 0.3545063 0.19141188 0.44803017 0.22520322 0.224798 1.0229908 0.36398426 0.259683 0.26172024 0.27758908 0.29625848 0.20435305 0.47901228 0.38911617 0.5470791 0.36407727 0.3141174 0.47713503 0.24782914 0.29146734 0.4701478 0.24444775 0.48199305 0.17324206 0.32843596 0.3389888 0.3369853 0.27901122 0.3687211 0.90552634 0.41331497 0.29727948 0.36783808 0.66395 0.20437066 0.3103526 0.347191 0.24731378 0.27403903 0.315392,0.55182725 0.32445663 0.28921765 0.31830242 0.6996472 0.31992295 0.33844614 0.85562193 0.3857984 0.27070004 1.1133987 0.45892423 0.28337166 0.3041081 0.22368892 0.4283098 0.22841322 0.26832974 0.25377157 0.21718584 0.42543778 0.24436447 0.2637862 0.4510505 0.24677591 0.34861475 0.38889337 0.3303377 0.26057845 0.23747936 0.465264 0.26904047 0.42409992 0.35999504 0.40814784 0.43966237 0.28455138 0.30588898 0.28019604 0.29641035 0.45779455 0.21528159 0.33442205 0.24752079 0.25357983 0.34857923 0.23437238 0.33059996 0.5119336 0.35088667 0.29448062 0.3261607 0.25619563 0.26847997 0.35353947 0.3374548 0.31245902 0.24254607 0.25767186 0.2506975 0.35944918 0.29078084 0.33265585 0.27188978 1.0774877 0.33419353 0.55558366 0.25013888 0.36351097 0.3073839 0.2902014 0.25996566 0.5049665 0.2571677 0.43048877 0.37851197 0.34560484 0.5659717 0.32381144 0.5069728 0.21892305 0.3416962 0.24872828 0.23437311 0.34846961 0.36062983 0.29828012 0.32663152 0.33555043 0.40104523 0.37763512 0.35938415 0.50591516 0.29754937 0.58597666 0.2780158 0.24992208 0.27174357 0.29371843 0.27524292 0.23378722 0.36921307 0.35805726 0.22528103 0.27555943 0.243812 0.31423467 0.33989993 0.35392338 0.37075818 0.2754986 0.43463895 0.44294608 0.36008316 0.27848485 0.24286363 0.2838115 0.3444899 0.2786335 0.4051768 0.28356856 0.38272354 0.3204511 0.26457813 0.50902313 0.22361517 0.28193635 0.4141575 0.20106065 0.40046754 0.31593347 0.24250054 0.29913393 0.3160968 0.18570168 0.50884444 0.326453 0.35089195 0.2657438 0.17498434 0.3518378 0.33058074 0.20519283 0.36187828 0.13998115 0.27048695 0.3178627 0.561954 0.26536906 0.60290587 0.7002259 0.3686973 0.18794967 0.19809039 0.26560807 0.5095908 0.5423697 0.4247213 0.3265394 0.24278806 0.33234096 0.33075008 0.26287687 0.47500515 0.30257344 0.6709663 0.3858771 0.26243252 0.34253362 0.50633246 0.41225818 0.42191675 0.34628382 0.26530582 0.266991 0.2756116 0.25547382 0.11146792 0.46184587 0.22557771 0.15170892 0.30608562 0.35225084 0.35804537 0.56323326 0.35277012 0.35163793 0.28722474 0.34841818 0.3202304 0.2534962 0.35992834 0.68023235 0.34366494 0.36799014 0.38441074 0.22730295 0.25284567 0.26923013 0.20941567 0.30958036 0.2777103 0.4412 0.26411515 0.25572097 0.35927778 0.2774961 0.3825709 0.18320069 0.3102806 0.29502073 0.2987449 0.31156233 0.32065493 0.31652197 0.46286732 0.35446307 0.19138853 0.44797552 0.22517572 0.22477056 1.0228659 0.36393985 0.2596513 0.26168832 0.27755523 0.29622233 0.20432812 0.47895384 0.38906866 0.5470123 0.36403283 0.31407905 0.4770768 0.2477989 0.29143178 0.4700904 0.24441792 0.48193422 0.17322092 0.32839587 0.33894745 0.33694416 0.2789772 0.3686761 0.90541583 0.41326454 0.29724318 0.36779317 0.66386896 0.20434572 0.31031471 0.34714866 0.24728361 0.2740056 0.3153535,0.0043450966 0.0025547766 0.0022773044 0.0025063183 0.005509033 0.0025190783 0.0026649302 0.0067371805 0.0030377826 0.0021314963 0.008766918 0.0036135768 0.0022312729 0.002394552 0.0017613301 0.003372518 0.0017985293 0.0021128326 0.0019982015 0.0017101248 0.0033499037 0.0019241297 0.0020770566 0.0035515786 0.0019431174 0.002744998 0.0030621525 0.0026010843 0.0020517989 0.0018699162 0.003663496 0.002118429 0.0033393695 0.0028346067 0.0032137625 0.0034619083 0.002240562 0.0024085746 0.002206268 0.0023339398 0.0036046815 0.0016951306 0.0026332445 0.0019489826 0.0019966916 0.0027447182 0.0018454518 0.0026031493 0.0040309737 0.0027628872 0.002318745 0.0025681944 0.0020172885 0.0021140156 0.0027837753 0.0026571243 0.0024603072 0.0019098115 0.0020289123 0.001973996 0.0028303084 0.002289613 0.0026193373 0.0021408643 0.008484155 0.0026314452 0.0043746745 0.0019695975 0.0028622912 0.0024203456 0.0022850505 0.0020469737 0.003976114 0.0020249425 0.0033896754 0.0029804092 0.002721298 0.00445647 0.0025496965 0.0039919117 0.0017238035 0.0026905213 0.0019584903 0.0018454576 0.0027438554 0.0028396049 0.0023486624 0.0025719018 0.0026421293 0.0031578364 0.0029735048 0.0028297964 0.0039835838 0.0023429084 0.0046139895 0.0021891007 0.0019678904 0.0021397131 0.0023127436 0.002167267 0.0018408443 0.0029071895 0.0028193486 0.0017738664 0.0021697592 0.0019197795 0.0024742887 0.0026763773 0.0027867982 0.0029193556 0.0021692803 0.0034223539 0.0034877644 0.0028353005 0.002192794 0.001912312 0.0022347362 0.002712519 0.0021939646 0.0031903684 0.0022328233 0.0030135713 0.0025232371 0.0020832925 0.004008056 0.0017607494 0.0022199713 0.0032610828 0.0015831548 0.0031532878 0.002487665 0.0019094531 0.0023553853 0.0024889512 0.001462218 0.004006649 0.0025704962 0.0027629288 0.0020924709 0.0013778295 0.0027703764 0.002602998 0.0016156916 0.0028494352 0.0011022137 0.0021298185 0.0025028558 0.0044248346 0.0020895202 0.00474729 0.00551359 0.0029031283 0.0014799187 0.0015597668 0.0020914022 0.004012526 0.0042706276 0.0033442623 0.0025711763 0.001911717 0.0026168579 0.0026043314 0.0020698966 0.003740198 0.002382468 0.0052831993 0.0030384024 0.0020663978 0.002697115 0.00398687 0.0032461274 0.0033221792 0.0027266443 0.0020890222 0.0021022912 0.0021701702 0.0020116048 0.00087770016 0.0036365816 0.0017762025 0.0011945583 0.002410123 0.0027736288 0.0028192548 0.0044349073 0.0027777175 0.0027688027 0.002261612 0.0027434502 0.002521499 0.0019960331 0.0028340814 0.00535616 0.0027060232 0.0028975601 0.003026856 0.0017897871 0.0019909109 0.0021199223 0.0016489424 0.0024376407 0.002186695 0.0034740157 0.0020796468 0.002013551 0.002828959 0.0021850087 0.0030123692 0.0014425251 0.0024431543 0.002322998 0.002352322 0.0024532466 0.002524842 0.002492299 0.0036446245 0.0027910478 0.0015069963 0.0035273663 0.0017730372 0.0017698469 0.008054062 0.0028656682 0.0020444985 0.002060538 0.0021854741 0.0023324592 0.0016088828 0.00377129 0.0030635328 0.004307184 0.0028664002 0.0024730633 0.0037565103 0.0019511725 0.0022947385 0.0037014992 0.0019245505 0.0037947576 0.0013639443 0.0025857943 0.0026688776 0.0026531036 0.0021966707 0.0029029613 0.0071292585 0.0032540516 0.0023404974 0.0028960092 0.005227315 0.0016090214 0.002443423 0.0027334539 0.0019471151 0.0021575245 0.0024830985,
520,256,,,0.0051682214 0.0051682214 0.0051682214 0.0051682214 0.0051682214 0.0051682214 0.0051682214 0.0051682214 0.0051682214 0.0051682214 0.0051682214 0.0051682214 0.0051682214 0.0051682214 0.0051682214 0.0051682214 0.0051682214 0.0051682214 0.0051682214 0.0051682214 0.0051682214 0.0051682214 0.0051682214 0.0051682214 0.0051682214 0.0051682214 0.0051682214 0.0051682214 0.0051682214 0.0051682214 0.0051682214 0.0051682214 0.0051682214 0.0051682214 0.0051682214 0.0051682214 0.0051682214 0.0051682214 0.0051682214 0.0051682214 0.0051682214 0.0051682214 0.0051682214 0.0051682214 0.0051682214 0.0051682214 0.0051682214 0.0051682214 0.0051682214 0.0051682214 0.0051682214 0.0051682214 0.0051682214 0.0051682214 0.0051682214 0.0051682214 0.0051682214 0.0051682214 0.0051682214 0.0051682214 0.0051682214 0.0051682214 0.0051682214 0.0051682214 0.0051682214 0.0051682214 0.0051682214 0.0051682214 0.0051682214 0.0051682214 0.0051682214 0.0051682214 0.0051682214 0.0051682214 0.0051682214 0.0051682214 0.0051682214 0.0051682214 0.0051682214 0.0051682214 0.0051682214 0.0051682214 0.0051682214 0.0051682214 0.0051682214 0.0051682214 0.0051682214 0.0051682214 0.0051682214 0.0051682214 0.0051682214 0.0051682214 0.0051682214 0.0051682214 0.0051682214 0.0051682214 0.0051682214 0.0051682214 0.0051682214 0.0051682214 0.0051682214 0.0051682214 0.0051682214 0.0051682214 0.0051682214 0.0051682214 0.0051682214 0.0051682214 0.0051682214 0.0051682214 0.0051682214 0.0051682214 0.0051682214 0.0051682214 0.0051682214 0.0051682214 0.0051682214 0.0051682214 0.0051682214 0.0051682214 0.0051682214 0.0051682214 0.0051682214 0.0051682214 0.0051682214 0.0051682214 0.0051682214 0.0051682214 0.0051682214 0.0051682214 0.0051682214 0.0051682214 0.0051682214 0.0051682214 0.0051682214 0.0051682214 0.0051682214 0.0051682214 0.0051682214 0.0051682214 0.0051682214 0.0051682214 0.0051682214 0.0051682214 0.0051682214 0.0051682214 0.0051682214 0.0051682214 0.0051682214 0.0051682214 0.0051682214 0.0051682214 0.0051682214 0.0051682214 0.0051682214 0.0051682214 0.0051682214 0.0051682214 0.0051682214 0.0051682214 0.0051682214 0.0051682214 0.0051682214 0.0051682214 0.0051682214 0.0051682214 0.0051682214 0.0051682214 0.0051682214 0.0051682214 0.0051682214 0.0051682214 0.0051682214 0.0051682214 0.0051682214 0.0051682214 0.0051682214 0.0051682214 0.0051682214 0.0051682214 0.0051682214 0.0051682214 0.0051682214 0.0051682214 0.0051682214 0.0051682214 0.0051682214 0.0051682214 0.0051682214 0.0051682214 0.0051682214 0.0051682214 0.0051682214 0.0051682214 0.0051682214 0.0051682214 0.0051682214 0.0051682214 0.0051682214 0.0051682214 0.0051682214 0.0051682214 0.0051682214 0.0051682214 0.0051682214 0.0051682214 0.0051682214 0.0051682214 0.0051682214 0.0051682214 0.0051682214 0.0051682214 0.0051682214 0.0051682214 0.0051682214 0.0051682214 0.0051682214 0.0051682214 0.0051682214 0.0051682214 0.0051682214 0.0051682214 0.0051682214 0.0051682214 0.0051682214 0.0051682214 0.0051682214 0.0051682214 0.0051682214 0.0051682214 0.0051682214 0.0051682214 0.0051682214 0.0051682214 0.0051682214 0.0051682214 0.0051682214 0.0051682214 0.0051682214 0.0051682214 0.0051682214 0.0051682214 0.0051682214 0.0051682214 0.0051682214 0.0051682214 0.0051682214 0.0051682214 0.0051682214 0.0051682214 0.0051682214 0.0051682214 0.0051682214 0.0051682214 0.0051682214 0.0051682214,13 14 14 14 13 14 14 13 14 14 12 14 14 14 15 14 15 14 14 15 14 15 14 14 15 14 14 14 14 15 14 14 14 14 14 14 14 14 14 14 14 15 14 15 14 14 15 14 13 14 14 14 14 14 14 14 14 15 14 14 14 14 14 14 12 14 13 14 14 14 14 14 13 14 14 14 14 13 14 13 15 14 14 15 14 14 14 14 14 14 14 14 13 14 13 14 14 14 14 14 15 14 14 15 14 15 14 14 14 14 14 14 14 14 14 15 14 14 14 14 14 14 14 14 13 15 14 14 15 14 14 15 14 14 15 13 14 14 14 15 14 14 15 14 15 14 14 13 14 13 13 14 15 15 14 13 13 14 14 15 14 14 14 14 14 13 14 14 14 13 14 14 14 14 14 14 14 16 14 15 15 14 14 14 13 14 14 14 14 14 14 14 13 14 14 14 15 14 14 15 14 14 14 14 14 14 14 14 15 14 14 14 14 14 14 14 14 15 14 15 15 12 14 14 14 14 14 15 14 14 13 14 14 14 14 14 14 15 14 15 14 14 14 14 14 13 14 14 14 13 15 14 14 15 14 14
529,1x1x128x64,0.31289363 0.18789844 0.19553678 0.3061148 0.2742657 0.18069252 0.22494489 0.14828865 0.2881825 0.14432885 0.31117877 0.18586317 0.25472602 0.28208148 0.39112467 0.39697328 0.3927611 0.22992767 0.26595065 0.2336907 0.25601313 0.09867335 0.23341703 0.09361387 0.15916069 0.25835872 0.14486179 0.27848008 0.12446696 0.11921726 0.28497666 0.20791563 0.26924407 0.26307628 0.22310543 0.32810995 0.10175812 0.2239961 0.26085064 0.2011145 0.21421306 0.20135595 0.318742 0.20422246 0.15316868 0.13458438 0.20954864 0.23643047 0.14477223 0.16736996 0.25835806 0.112806946 0.12716445 0.26676998 0.39813778 0.23918317 0.16116983 0.26529166 0.24888368 0.19809261 0.16641457 0.14048615 0.34923247 0.16111813,0.31285542 0.18787551 0.1955129 0.30607745 0.27423224 0.18067047 0.22491743 0.14827055 0.28814733 0.14431123 0.31114078 0.18584049 0.25469494 0.28204706 0.39107695 0.39692485 0.39271316 0.22989962 0.2659182 0.23366217 0.25598186 0.0986613 0.23338856 0.09360244 0.15914127 0.2583272 0.1448441 0.27844608 0.12445177 0.11920271 0.28494188 0.20789026 0.26921123 0.26304415 0.2230782 0.32806993 0.1017457 0.22396877 0.2608188 0.20108996 0.2141869 0.20133138 0.31870311 0.20419754 0.15314998 0.13456796 0.20952307 0.2364016 0.14475457 0.16734953 0.25832653 0.11279318 0.12714893 0.2667374 0.39808917 0.23915398 0.16115016 0.26525927 0.2488533 0.19806843 0.16639426 0.14046901 0.34918985 0.16109848,0.0024634285 0.0014793347 0.0015394717 0.0024100586 0.0021593089 0.0014226021 0.0017710034 0.0011674847 0.0022688766 0.0011363089 0.0024499274 0.0014633109 0.0020054718 0.002220843 0.0030793461 0.0031253926 0.0030922296 0.0018102332 0.002093844 0.0018398596 0.002015605 0.00077686063 0.0018377051 0.0007370271 0.0012530809 0.0020340723 0.0011405047 0.0021924889 0.0009799352 0.000938604 0.0022436369 0.0016369312 0.0021197735 0.0020712137 0.0017565213 0.0025832278 0.00080114725 0.0017635337 0.0020536913 0.0015833855 0.0016865111 0.0015852865 0.0025094734 0.0016078546 0.0012059053 0.0010595903 0.0016497879 0.0018614299 0.0011397998 0.0013177128 0.0020340672 0.0008881352 0.0010011727 0.0021002945 0.0031345603 0.0018831022 0.0012688988 0.0020886557 0.0019594748 0.001559594 0.001310191 0.0011060552 0.0027495264 0.001268492,
530,64,,,0.0049615246 0.0049615246 0.0049615246 0.0049615246 0.0049615246 0.0049615246 0.0049615246 0.0049615246 0.0049615246 0.0049615246 0.0049615246 0.0049615246 0.0049615246 0.0049615246 0.0049615246 0.0049615246 0.0049615246 0.0049615246 0.0049615246 0.0049615246 0.0049615246 0.0049615246 0.0049615246 0.0049615246 0.0049615246 0.0049615246 0.0049615246 0.0049615246 0.0049615246 0.0049615246 0.0049615246 0.0049615246 0.0049615246 0.0049615246 0.0049615246 0.0049615246 0.0049615246 0.0049615246 0.0049615246 0.0049615246 0.0049615246 0.0049615246 0.0049615246 0.0049615246 0.0049615246 0.0049615246 0.0049615246 0.0049615246 0.0049615246 0.0049615246 0.0049615246 0.0049615246 0.0049615246 0.0049615246 0.0049615246 0.0049615246 0.0049615246 0.0049615246 0.0049615246 0.0049615246 0.0049615246 0.0049615246 0.0049615246 0.0049615246,13 14 14 13 13 14 14 14 13 14 13 14 13 13 13 13 13 14 13 14 13 15 14 15 14 13 14 13 14 15 13 14 13 13 14 13 15 14 13 14 14 14 13 14 14 14 14 14 14 14 13 15 14 13 13 14 14 13 13 14 14 14 13 14
535,3x3x64x64,0.28515476 0.23347172 0.30675665 0.38698775 0.24289061 0.24087998 0.20852482 0.2810856 0.09421641 0.5279961 0.18867694 0.6282777 0.29544327 0.32667068 0.30918586 0.15615137 0.44858223 0.3161689 0.24700886 0.5990245 0.10391144 0.28226426 0.43697694 0.10856395 0.21195932 0.08634573 0.30159935 0.25022587 0.3111059 0.21275611 0.23324223 0.2478402 0.41598225 0.26372772 0.22415093 0.56699944 0.34683302 0.23167741 0.28813958 0.2365277 0.62628883 0.24965508 0.25917417 0.3999242 0.29145482 0.47402436 0.36527878 0.46892446 0.3249491 0.36213753 0.6852425 0.3881837 0.23855159 0.1951931 0.24178463 0.28506222 0.20407343 0.45766678 0.18720569 0.365851 0.27474326 0.18268898 0.28336972 0.18013828,0.28511998 0.23344323 0.3067192 0.38694054 0.24286096 0.24085058 0.20849937 0.2810513 0.0942049 0.5279317 0.1886539 0.628201 0.2954072 0.32663083 0.30914813 0.15613231 0.4485275 0.31613034 0.24697872 0.5989514 0.103898756 0.2822298 0.4369236 0.1085507 0.21193345 0.08633519 0.30156255 0.25019535 0.31106794 0.21273014 0.23321375 0.24780995 0.41593146 0.26369554 0.22412357 0.56693023 0.34679067 0.23164913 0.28810441 0.23649883 0.62621236 0.24962462 0.25914252 0.3998754 0.29141927 0.4739665 0.3652342 0.46886724 0.32490945 0.36209333 0.68515885 0.38813636 0.23852248 0.19516928 0.24175513 0.2850274 0.20404851 0.45761093 0.18718284 0.36580637 0.27470973 0.18266669 0.28333512 0.18011628,0.0022450392 0.0018381356 0.002415112 0.003046776 0.001912291 0.0018964612 0.0016417273 0.0022130024 0.0007417709 0.0041569425 0.0014854638 0.0049464647 0.002326041 0.0025718964 0.0024342372 0.0012293883 0.0035317126 0.0024892152 0.0019447143 0.004716153 0.00081810047 0.0022222819 0.0034403433 0.0008547299 0.0016687673 0.00067980465 0.0023745082 0.0019700422 0.002449354 0.0016750405 0.0018363288 0.0019512594 0.0032750508 0.002076343 0.0017647526 0.0044640177 0.0027306352 0.0018240089 0.0022685388 0.0018621956 0.004930806 0.0019655481 0.0020404924 0.0031486251 0.0022946398 0.0037320198 0.0028758598 0.0036918682 0.0025583422 0.0028511286 0.0053949514 0.0030561918 0.0018781298 0.0015367661 0.0019035836 0.0022443105 0.0016066813 0.0036032358 0.0014738806 0.0028803651 0.0021630689 0.0014383204 0.002230985 0.0014182384,
536,64,,,0.005906401 0.005906401 0.005906401 0.005906401 0.005906401 0.005906401 0.005906401 0.005906401 0.005906401 0.005906401 0.005906401 0.005906401 0.005906401 0.005906401 0.005906401 0.005906401 0.005906401 0.005906401 0.005906401 0.005906401 0.005906401 0.005906401 0.005906401 0.005906401 0.005906401 0.005906401 0.005906401 0.005906401 0.005906401 0.005906401 0.005906401 0.005906401 0.005906401 0.005906401 0.005906401 0.005906401 0.005906401 0.005906401 0.005906401 0.005906401 0.005906401 0.005906401 0.005906401 0.005906401 0.005906401 0.005906401 0.005906401 0.005906401 0.005906401 0.005906401 0.005906401 0.005906401 0.005906401 0.005906401 0.005906401 0.005906401 0.005906401 0.005906401 0.005906401 0.005906401 0.005906401 0.005906401 0.005906401 0.005906401,13 14 13 13 14 14 14 13 15 12 14 12 13 13 13 14 13 13 14 12 15 13 13 15 14 15 13 13 13 14 14 13 13 13 14 12 13 14 13 14 12 13 13 13 13 13 13 13 13 13 12 13 14 14 14 13 14 13 14 13 13 14 13 14
541,3x3x64x64,0.15355195 0.20979981 0.10949689 0.36134064 0.26755732 0.1567714 0.19310136 0.33317983 0.3008457 0.37817463 0.38129038 0.28103516 0.37313282 0.31095344 0.18181428 0.37296975 0.25630242 0.24951524 0.29311752 0.15544115 0.2589303 0.444114 0.30728996 0.18257551 0.20342161 0.29772726 0.32032707 0.2151822 0.13972728 0.11122578 0.4339469 0.13335066 0.41748452 0.23337214 0.20029975 0.2029402 0.16353475 0.30035728 0.30455515 0.4390935 0.19428197 0.31370434 0.34428743 0.23412634 0.19774145 0.13246429 0.17989 0.2251816 0.24378154 0.14692327 0.44241884 0.069424935 0.23716746 0.42725527 0.26514962 0.33046648 0.32120806 0.07227624 0.36395124 0.27461872 0.11007955 0.29269794 0.32163793 0.19763389,0.15353322 0.2097742 0.10948353 0.36129656 0.2675247 0.15675227 0.1930778 0.33313915 0.300809 0.3781285 0.38124382 0.28100085 0.3730873 0.31091547 0.1817921 0.3729242 0.25627115 0.24948479 0.29308173 0.15542218 0.25889868 0.44405982 0.30725244 0.18255322 0.20339678 0.29769093 0.320288 0.21515593 0.13971022 0.1112122 0.43389395 0.13333438 0.4174336 0.23334365 0.2002753 0.20291543 0.16351478 0.30032063 0.30451798 0.43903992 0.19425826 0.31366608 0.3442454 0.23409776 0.19771732 0.13244812 0.17986804 0.22515412 0.2437518 0.14690533 0.44236487 0.06941646 0.23713851 0.42720315 0.26511726 0.33042613 0.32116884 0.07226742 0.3639068 0.27458522 0.110066116 0.29266223 0.32159868 0.19760978,0.001208923 0.0016517653 0.0008620751 0.0028448547 0.0021064936 0.0012342698 0.0015202976 0.002623143 0.0023685747 0.0029773898 0.00300192 0.0022126052 0.0029376952 0.0024481532 0.0014314338 0.0029364112 0.0020178831 0.001964447 0.0023077303 0.0012237967 0.0020385722 0.003496534 0.0024193106 0.0014374269 0.0016015494 0.002344023 0.0025219528 0.0016941412 0.0011000804 0.00087568664 0.0034164877 0.001049877 0.0032868786 0.0018373516 0.0015769709 0.0015977593 0.001287518 0.0023647293 0.0023977794 0.0034570072 0.0015295926 0.0024698116 0.0027105936 0.0018432895 0.0015568293 0.0010428986 0.0014162838 0.001772867 0.0019193054 0.0011567349 0.0034831879 0.00054658635 0.0018672324 0.0033638044 0.0020875374 0.0026017805 0.0025288884 0.00056903483 0.0028654078 0.0021620884 0.0008666623 0.002304427 0.002532273 0.0015559825,
542,64,,,0.0049615246 0.0049615246 0.0049615246 0.0049615246 0.0049615246 0.0049615246 0.0049615246 0.0049615246 0.0049615246 0.0049615246 0.0049615246 0.0049615246 0.0049615246 0.0049615246 0.0049615246 0.0049615246 0.0049615246 0.0049615246 0.0049615246 0.0049615246 0.0049615246 0.0049615246 0.0049615246 0.0049615246 0.0049615246 0.0049615246 0.0049615246 0.0049615246 0.0049615246 0.0049615246 0.0049615246 0.0049615246 0.0049615246 0.0049615246 0.0049615246 0.0049615246 0.0049615246 0.0049615246 0.0049615246 0.0049615246 0.0049615246 0.0049615246 0.0049615246 0.0049615246 0.0049615246 0.0049615246 0.0049615246 0.0049615246 0.0049615246 0.0049615246 0.0049615246 0.0049615246 0.0049615246 0.0049615246 0.0049615246 0.0049615246 0.0049615246 0.0049615246 0.0049615246 0.0049615246 0.0049615246 0.0049615246 0.0049615246 0.0049615246,14 14 15 13 13 14 14 13 13 13 13 13 13 13 14 13 13 13 13 14 13 13 13 14 14 13 13 14 14 15 13 14 13 14 14 14 14 13 13 13 14 13 13 14 14 14 14 14 14 14 13 15 14 13 13 13 13 15 13 13 15 13 13 14
550,3x3x64x64,0.2623849 0.24118522 0.38166854 0.6496389 0.3556989 0.337383 0.5172982 0.5008013 0.21566223 0.17959633 0.23082706 0.629743 0.2651542 0.22531964 0.41422695 0.15575725 0.12048255 0.20621195 0.39568242 0.17414498 0.17404759 0.43567246 0.17581491 0.10560226 0.33749577 0.24726649 0.21686688 0.28150752 0.18987112 0.16317993 0.16731681 0.30655092 0.2939547 0.29106933 0.20181932 0.4022598 0.5648006 0.23706234 0.11420699 0.15380467 0.26366493 0.37985584 0.26330107 0.4321196 0.34551787 0.42843315 0.39478317 0.15169299 0.10872882 0.33446452 0.19000453 0.55953455 0.3684383 0.28161278 0.17887074 0.13160577 0.15094835 0.10072395 0.2880072 0.3392389 0.15949917 0.19045344 0.17894423 0.23767945,0.26235285 0.24115577 0.38162196 0.6495596 0.35565552 0.33734185 0.5172351 0.5007402 0.2156359 0.17957442 0.23079889 0.6296661 0.26512185 0.22529213 0.41417637 0.15573825 0.12046785 0.20618679 0.3956341 0.17412373 0.17402634 0.4356193 0.17579345 0.10558937 0.3374546 0.24723631 0.21684042 0.28147316 0.18984795 0.16316001 0.16729638 0.3065135 0.29391885 0.2910338 0.20179468 0.40221068 0.56473166 0.23703341 0.11419306 0.15378591 0.26363277 0.3798095 0.26326895 0.4320669 0.3454757 0.42838085 0.394735 0.15167446 0.10871555 0.33442372 0.18998134 0.5594663 0.36839333 0.28157842 0.1788489 0.13158971 0.15092991 0.10071166 0.28797203 0.33919752 0.1594797 0.1904302 0.1789224 0.23765045,0.0020657706 0.0018988644 0.0030048974 0.0051146424 0.0028004372 0.002656235 0.0040727174 0.003942836 0.0016979205 0.0014139718 0.0018173141 0.0049580005 0.0020875735 0.0017739538 0.0032612314 0.0012262855 0.0009485657 0.001623518 0.0031152293 0.001371053 0.0013702861 0.0034300731 0.0013842004 0.0008314123 0.0026571227 0.0019467426 0.0017074049 0.002216324 0.0014948657 0.0012847245 0.0013172943 0.002413492 0.0023143217 0.0022916046 0.0015889346 0.0031670132 0.004446706 0.0018664048 0.00089915795 0.0012109127 0.0020758486 0.002990626 0.002072984 0.0034021016 0.002720281 0.0033730776 0.0031081496 0.0011942871 0.00085602794 0.0026332575 0.001495916 0.0044052466 0.002900735 0.0022171529 0.0014082592 0.0010361394 0.0011884245 0.00079300517 0.0022674964 0.0026708466 0.0012557457 0.0014994503 0.0014088379 0.0018712634,
551,64,,,0.009540019 0.009540019 0.009540019 0.009540019 0.009540019 0.009540019 0.009540019 0.009540019 0.009540019 0.009540019 0.009540019 0.009540019 0.009540019 0.009540019 0.009540019 0.009540019 0.009540019 0.009540019 0.009540019 0.009540019 0.009540019 0.009540019 0.009540019 0.009540019 0.009540019 0.009540019 0.009540019 0.009540019 0.009540019 0.009540019 0.009540019 0.009540019 0.009540019 0.009540019 0.009540019 0.009540019 0.009540019 0.009540019 0.009540019 0.009540019 0.009540019 0.009540019 0.009540019 0.009540019 0.009540019 0.009540019 0.009540019 0.009540019 0.009540019 0.009540019 0.009540019 0.009540019 0.009540019 0.009540019 0.009540019 0.009540019 0.009540019 0.009540019 0.009540019 0.009540019 0.009540019 0.009540019 0.009540019 0.009540019,12 13 12 11 12 12 11 11 13 13 13 11 12 13 12 13 14 13 12 13 13 12 13 14 12 13 13 12 13 13 13 12 12 12 13 12 11 13 14 13 12 12 12 12 12 12 12 13 14 12 13 11 12 12 13 13 13 14 12 12 13 13 13 13
556,3x3x64x64,0.25474635 0.3805775 0.20539613 0.34535858 0.353657 0.20684452 0.25582802 0.08997984 0.11776262 0.1960182 0.37821886 0.18542928 0.29648325 0.16013737 0.22221382 0.48735318 0.22311966 0.29168466 0.20600161 0.19760175 0.12525883 0.27642238 0.3059869 0.27855048 0.15787606 0.25920528 0.2333927 0.2508927 0.23948106 0.2719839 0.38421646 0.24252783 0.15909787 0.23559491 0.2516249 0.08147528 0.21857911 0.11862439 0.19915958 0.22398204 0.28608227 0.29091397 0.24691431 0.29903737 0.16071369 0.16147554 0.19490436 0.083424784 0.16304946 0.20173137 0.15899682 0.08058297 0.24624494 0.2703148 0.3031325 0.11389035 0.36387724 0.21496187 0.23236991 0.24422377 0.057756007 0.2524296 0.2540707 0.13769399,0.25471526 0.38053104 0.20537107 0.34531644 0.35361385 0.20681928 0.25579682 0.08996886 0.117748246 0.19599427 0.3781727 0.18540666 0.29644707 0.16011783 0.2221867 0.48729372 0.22309242 0.29164904 0.20597647 0.19757763 0.12524354 0.27638865 0.30594957 0.2785165 0.15785679 0.25917363 0.23336421 0.25086206 0.23945183 0.2719507 0.38416955 0.24249822 0.15907845 0.23556617 0.2515942 0.08146534 0.21855244 0.11860991 0.19913527 0.22395469 0.28604737 0.29087844 0.24688418 0.2990009 0.16069408 0.16145582 0.19488056 0.0834146 0.16302955 0.20170675 0.15897742 0.080573134 0.2462149 0.27028182 0.3030955 0.113876455 0.36383283 0.21493565 0.23234156 0.24419397 0.05774896 0.25239882 0.25403967 0.1376772,0.002005632 0.0029963073 0.001617095 0.002719027 0.0027843611 0.0016284983 0.0020141483 0.0007084162 0.00092715153 0.001543262 0.0029777377 0.0014598949 0.002334229 0.0012607704 0.0017495016 0.0038369584 0.0017566333 0.0022964492 0.001621862 0.0015557293 0.0009861697 0.0021762885 0.0024090516 0.0021930432 0.0012429669 0.0020407373 0.0018375134 0.0019752919 0.0018854474 0.0021413441 0.0030249571 0.0019094348 0.0012525863 0.0018548517 0.0019810565 0.00064145937 0.0017208854 0.00093393633 0.0015679942 0.0017634227 0.0022523415 0.0022903814 0.00194397 0.0023543376 0.0012653077 0.0012713057 0.0015344926 0.00065680785 0.0012836972 0.0015882421 0.0012517907 0.0006344341 0.0019387 0.0021282034 0.0023865786 0.000896665 0.0028648255 0.0016924066 0.0018294611 0.0019227872 0.0004547162 0.0019873923 0.0020003123 0.0010840724,
557,64,,,0.007751701 0.007751701 0.007751701 0.007751701 0.007751701 0.007751701 0.007751701 0.007751701 0.007751701 0.007751701 0.007751701 0.007751701 0.007751701 0.007751701 0.007751701 0.007751701 0.007751701 0.007751701 0.007751701 0.007751701 0.007751701 0.007751701 0.007751701 0.007751701 0.007751701 0.007751701 0.007751701 0.007751701 0.007751701 0.007751701 0.007751701 0.007751701 0.007751701 0.007751701 0.007751701 0.007751701 0.007751701 0.007751701 0.007751701 0.007751701 0.007751701 0.007751701 0.007751701 0.007751701 0.007751701 0.007751701 0.007751701 0.007751701 0.007751701 0.007751701 0.007751701 0.007751701 0.007751701 0.007751701 0.007751701 0.007751701 0.007751701 0.007751701 0.007751701 0.007751701 0.007751701 0.007751701 0.007751701 0.007751701,12 12 13 12 12 13 12 14 14 13 12 13 12 13 13 12 13 12 13 13 13 12 12 12 13 12 13 12 13 12 12 13 13 13 12 14 13 14 13 13 12 12 13 12 13 13 13 14 13 13 13 14 13 12 12 14 12 13 13 13 15 12 12 13
565,1x1x128x64,0.46309486 0.5566073 0.30476213 0.621863 0.555769 0.5337747 0.27512842 0.5304766 0.33386517 0.2843744 0.20968874 0.5053849 0.2783639 0.3260651 0.35529345 0.50172913 0.5980882 0.3669533 0.3670859 0.26027122 0.37752593 0.39638063 0.4360664 0.37680757 0.96075106 0.570894 0.4859239 0.7378735 0.26210856 0.27743274 0.2564979 0.34346768 0.70717144 0.45267946 0.35958594 0.32367218 0.44060755 0.6784109 0.24659972 0.26162136 0.22834253 0.4497919 0.175413 0.59254336 0.26732486 0.58573055 0.25266573 0.699096 0.6441216 0.33503923 0.28030008 0.28485838 0.3123006 0.6032631 0.4001882 0.5094862 0.5931518 0.75596535 0.40209085 0.23351428 0.32637134 0.60887045 0.46284416 0.41875094,0.46303833 0.5565394 0.30472493 0.6217871 0.5557012 0.5337095 0.27509487 0.5304119 0.33382443 0.2843397 0.20966314 0.50532323 0.27832994 0.3260253 0.3552501 0.50166786 0.59801525 0.36690855 0.3670411 0.26023945 0.37747985 0.39633226 0.4360132 0.3767616 0.9606338 0.5708243 0.48586458 0.73778343 0.26207656 0.27739888 0.25646657 0.34342578 0.70708513 0.45262423 0.35954207 0.32363266 0.44055375 0.6783281 0.24656963 0.2615894 0.22831467 0.449737 0.1753916 0.59247106 0.26729226 0.585659 0.2526349 0.69901067 0.64404297 0.33499834 0.28026587 0.2848236 0.31226248 0.60318947 0.40013936 0.50942403 0.5930794 0.7558731 0.4020418 0.23348577 0.3263315 0.6087962 0.46278766 0.41869983,0.003645971 0.0043822 0.002399409 0.0048959614 0.0043756 0.004202437 0.0021661012 0.004176472 0.0026285388 0.0022388953 0.0016508908 0.003978923 0.0021915743 0.0025671285 0.0027972448 0.0039501404 0.0047087814 0.0028890437 0.0028900874 0.0020491295 0.0029722822 0.0031207264 0.0034331747 0.0029666265 0.007564046 0.0044946796 0.0038257053 0.0058093183 0.002063595 0.0021842432 0.002019422 0.00270414 0.0055675996 0.0035639703 0.00283104 0.0025482886 0.0034689272 0.005341166 0.0019414931 0.002059759 0.0017977533 0.0035412363 0.0013810362 0.0046651266 0.0021046635 0.0046114884 0.0019892512 0.005504021 0.0050712046 0.0026377821 0.002206818 0.0022427056 0.0024587596 0.0047495235 0.0031507036 0.004011213 0.0046699164 0.0059517566 0.0031656835 0.0018384707 0.0025695392 0.0047936705 0.0036439972 0.003296849,
566,64,,,0.005637977 0.005637977 0.005637977 0.005637977 0.005637977 0.005637977 0.005637977 0.005637977 0.005637977 0.005637977 0.005637977 0.005637977 0.005637977 0.005637977 0.005637977 0.005637977 0.005637977 0.005637977 0.005637977 0.005637977 0.005637977 0.005637977 0.005637977 0.005637977 0.005637977 0.005637977 0.005637977 0.005637977 0.005637977 0.005637977 0.005637977 0.005637977 0.005637977 0.005637977 0.005637977 0.005637977 0.005637977 0.005637977 0.005637977 0.005637977 0.005637977 0.005637977 0.005637977 0.005637977 0.005637977 0.005637977 0.005637977 0.005637977 0.005637977 0.005637977 0.005637977 0.005637977 0.005637977 0.005637977 0.005637977 0.005637977 0.005637977 0.005637977 0.005637977 0.005637977 0.005637977 0.005637977 0.005637977 0.005637977,14 13 14 13 13 13 14 13 14 14 15 13 14 14 14 13 13 14 14 14 14 14 14 14 13 13 14 13 14 14 14 14 13 14 14 14 14 13 15 14 15 14 15 13 14 13 14 13 13 14 14 14 14 13 14 13 13 13 14 15 14 13 14 14
574,1x1x128x128,0.36937967 0.21544422 0.22176512 0.7257685 0.27792138 0.31670633 0.1882277 0.4229145 0.30557984 0.30975825 0.73286843 0.61864513 0.2791378 0.8400119 0.3839515 0.37072214 0.21633221 0.37782508 0.38786152 0.58719146 0.39377818 0.25977665 0.32371473 0.33233076 0.99766827 0.4847291 0.85996234 0.43755016 0.5715426 0.44010302 0.25926504 0.47318688 0.39424774 0.6619526 0.2652918 0.22052787 0.27830556 0.34943986 0.48439494 0.23287436 0.43384403 0.3923964 0.2375978 0.3331755 1.1193229 0.3779715 0.30752453 0.33066782 0.20874977 0.41949594 0.36979783 0.4063912 0.31313154 0.4661526 0.31430376 0.25125793 0.226628 0.37665996 0.39291832 0.36528838 0.53090835 0.18584976 0.27963907 0.38147986 0.4871815 0.3083456 0.73033154 0.2114927 0.28220657 0.23969196 0.3103178 0.28404936 0.42964223 0.36664945 0.25045335 0.341836 0.43314815 0.25174415 0.7716538 0.25015533 0.25633445 0.35995275 0.3529033 0.40023538 0.36427733 0.2226723 0.30421966 0.34180558 0.25202042 0.3176104 0.3259319 0.31642175 0.24997221 0.3849815 0.24781276 0.6066532 0.27422678 0.19121931 1.1985235 0.65521926 0.3513407 0.39773744 0.31799853 0.34184083 0.47182652 0.31077966 0.8297582 0.69668335 0.31315503 0.19623648 0.18324973 0.26808995 0.32575074 0.17909618 0.39488706 0.3433977 0.38432342 0.17534968 0.31882283 0.4181903 0.21945928 0.5541458 0.37370113 0.47331062 0.3090651 0.33380246 0.47974914 0.46022144,0.3693346 0.21541792 0.22173804 0.72567993 0.27788746 0.31666768 0.18820474 0.4228629 0.30554253 0.30972043 0.732779 0.6185697 0.27910373 0.8399094 0.3839046 0.3706769 0.2163058 0.37777898 0.38781416 0.58711976 0.39373013 0.25974494 0.32367525 0.3322902 0.99754655 0.48466995 0.8598574 0.43749675 0.5714729 0.44004932 0.25923342 0.47312915 0.3941996 0.6618718 0.26525941 0.22050096 0.27827162 0.3493972 0.48433584 0.23284595 0.4337911 0.3923485 0.2375688 0.33313483 1.1191863 0.37792537 0.30748698 0.33062747 0.2087243 0.41944474 0.36975268 0.4063416 0.3130933 0.46609572 0.3142654 0.25122726 0.22660035 0.37661397 0.39287037 0.3652438 0.53084356 0.18582708 0.27960494 0.3814333 0.48712206 0.30830798 0.7302424 0.2114669 0.28217214 0.2396627 0.31027994 0.2840147 0.42958978 0.3666047 0.2504228 0.34179428 0.4330953 0.25171342 0.7715596 0.25012478 0.2563032 0.35990882 0.35286024 0.40018654 0.3642329 0.22264513 0.30418253 0.34176388 0.25198966 0.31757167 0.32589215 0.31638315 0.24994169 0.3849345 0.24778253 0.6065792 0.27419332 0.19119598 1.1983773 0.6551393 0.35129786 0.39768893 0.31795973 0.3417991 0.47176895 0.31074175 0.82965696 0.6965983 0.3131168 0.19621253 0.18322736 0.26805723 0.32571098 0.17907432 0.39483887 0.3433558 0.3842765 0.17532828 0.31878394 0.41813925 0.21943249 0.5540782 0.3736555 0.47325286 0.3090274 0.33376172 0.4796906 0.4601653,0.0029081465 0.0016962041 0.0017459688 0.005714015 0.0021880902 0.0024934462 0.001481927 0.003329629 0.0024058467 0.0024387436 0.0057699136 0.0048706275 0.002197667 0.0066134594 0.003022871 0.0029187158 0.0017031954 0.0029746376 0.003053655 0.0046229903 0.0031002373 0.0020452358 0.002548624 0.0026164583 0.007854697 0.003816299 0.0067705307 0.0034448563 0.0044997865 0.0034649554 0.002041208 0.0037254265 0.003103934 0.005211589 0.0020886569 0.001736228 0.0021911152 0.0027511592 0.003813668 0.0018334327 0.003415678 0.0030893583 0.0018706204 0.002623109 0.008812491 0.0029757903 0.0024211574 0.0026033658 0.0016434984 0.0033027146 0.0029114385 0.0031995403 0.0024653017 0.003670045 0.0024745306 0.0019781673 0.0017842547 0.0029654643 0.0030934676 0.0028759353 0.0041798707 0.0014632053 0.0022016137 0.003003412 0.0038356069 0.0024276217 0.00574994 0.0016650937 0.0022218279 0.001887108 0.002443149 0.0022363362 0.0033825967 0.002886651 0.0019718332 0.0026912936 0.0034101992 0.0019819955 0.0060752723 0.0019694865 0.0020181353 0.0028339277 0.0027784272 0.0031510752 0.0028679755 0.0017531113 0.002395138 0.0026910543 0.0019841706 0.0025005643 0.0025660798 0.002491206 0.0019680448 0.0030309805 0.0019510435 0.0047762142 0.0021590025 0.0015054801 0.009436041 0.0051585776 0.002766125 0.003131409 0.00250362 0.0026913316 0.003714716 0.0024467853 0.006532732 0.0054850257 0.0024654865 0.0015449806 0.0014427351 0.0021106869 0.0025646533 0.001410034 0.0031089676 0.002703589 0.0030257993 0.0013805376 0.0025101097 0.003292435 0.0017278149 0.0043628206 0.0029421693 0.0037264004 0.0024332867 0.0026280452 0.0037770914 0.0036233487,
575,128,,,0.009540019 0.009540019 0.009540019 0.009540019 0.009540019 0.009540019 0.009540019 0.009540019 0.009540019 0.009540019 0.009540019 0.009540019 0.009540019 0.009540019 0.009540019 0.009540019 0.009540019 0.009540019 0.009540019 0.009540019 0.009540019 0.009540019 0.009540019 0.009540019 0.009540019 0.009540019 0.009540019 0.009540019 0.009540019 0.009540019 0.009540019 0.009540019 0.009540019 0.009540019 0.009540019 0.009540019 0.009540019 0.009540019 0.009540019 0.009540019 0.009540019 0.009540019 0.009540019 0.009540019 0.009540019 0.009540019 0.009540019 0.009540019 0.009540019 0.009540019 0.009540019 0.009540019 0.009540019 0.009540019 0.009540019 0.009540019 0.009540019 0.009540019 0.009540019 0.009540019 0.009540019 0.009540019 0.009540019 0.009540019 0.009540019 0.009540019 0.009540019 0.009540019 0.009540019 0.009540019 0.009540019 0.009540019 0.009540019 0.009540019 0.009540019 0.009540019 0.009540019 0.009540019 0.009540019 0.009540019 0.009540019 0.009540019 0.009540019 0.009540019 0.009540019 0.009540019 0.009540019 0.009540019 0.009540019 0.009540019 0.009540019 0.009540019 0.009540019 0.009540019 0.009540019 0.009540019 0.009540019 0.009540019 0.009540019 0.009540019 0.009540019 0.009540019 0.009540019 0.009540019 0.009540019 0.009540019 0.009540019 0.009540019 0.009540019 0.009540019 0.009540019 0.009540019 0.009540019 0.009540019 0.009540019 0.009540019 0.009540019 0.009540019 0.009540019 0.009540019 0.009540019 0.009540019 0.009540019 0.009540019 0.009540019 0.009540019 0.009540019 0.009540019,13 14 14 12 13 13 14 13 13 13 12 12 13 12 13 13 14 13 13 12 13 13 13 13 11 13 12 13 12 13 13 13 13 12 13 14 13 13 13 14 13 13 14 13 11 13 13 13 14 13 13 13 13 13 13 13 14 13 13 13 12 14 13 13 13 13 12 14 13 14 13 13 13 13 13 13 13 13 12 13 13 13 13 13 13 14 13 13 13 13 13 13 13 13 13 12 13 14 11 12 13 13 13 13 13 13 12 12 13 14 14 13 13 14 13 13 13 14 13 13 14 12 13 13 13 13 13 13
584,1x1x384x256,0.28738528 0.088310175 0.14298064 0.06250741 0.072941616 0.7211057 0.108007625 0.25275263 0.18209368 0.19358322 0.31766135 0.06731228 0.10419313 0.2579544 0.10843169 0.028895989 0.40403464 0.28084537 0.36462596 0.36939478 0.24822034 0.6352011 0.06566556 0.088655 0.24297617 0.26270336 0.8850696 0.06462195 0.24124576 0.1426524 0.47435635 0.10189108 0.07471842 0.079195544 0.2780408 0.063361384 0.3432386 0.517275 0.062063232 0.22538231 0.29662776 0.3989275 0.121923685 0.088364094 0.3374684 0.11420136 0.17424448 0.07147085 0.4342844 0.061293628 0.13398923 0.27219358 0.97650427 0.13474149 0.32023507 0.07287535 0.5520713 0.3235173 0.13942742 0.41559634 0.05761605 0.07849751 0.3208022 0.07368578 0.25290513 0.11306488 0.16327552 0.23003663 0.11995302 0.6866891 0.08031465 0.07357686 0.12319061 0.10868955 0.12458469 0.09100419 0.07795554 0.14488338 0.27487695 0.27972424 0.36951533 1.1042594 0.08964703 0.10664485 0.08791922 0.11925334 0.6505873 0.22556981 0.11784599 0.14870152 0.23786704 0.05646261 0.15814532 0.10831386 0.41369984 0.08516869 0.25025403 0.15083334 0.27722597 0.11257187 0.14994651 0.032667432 0.061070126 0.10461576 0.09206478 0.1763178 0.055567972 0.364231 0.1457766 0.15393274 0.2177275 1.2176989 0.2667258 0.083883055 0.15165904 0.09353199 0.08673797 0.25074795 0.3018619 0.1199571 0.38829818 0.07580797 0.15749268 0.1505568 0.5557905 0.1927629 0.21682104 0.61020845 0.07760375 0.6119706 0.21824445 0.20325507 0.034260105 0.52724046 0.24236996 0.222264 0.11499511 0.12584597 0.3040463 0.8542069 0.20459896 0.36221886 0.092789136 0.48872828 0.08465281 0.5111861 0.07577023 0.23531125 0.07513501 0.116278715 0.09449882 0.22030015 0.055352062 0.4506576 0.091376714 0.07334311 0.16933 0.08847802 0.25941843 0.16400957 0.19579539 0.11838786 0.07988589 0.097786255 0.15294757 0.3581211 0.28988862 0.1905824 0.059819 0.13858359 0.05648813 0.261781 0.18914948 0.3495641 0.06670434 0.09463044 0.31503347 0.13519832 0.09946274 0.095905215 0.07798801 0.06974481 0.32895952 0.10052731 0.30895177 0.16552547 0.06461251 0.19223745 0.22874147 0.22276887 0.2961413 0.16473533 0.1422945 0.7025163 0.26929727 0.0623694 0.18705805 0.13023493 0.06841715 0.62754214 0.15083249 0.36913267 0.16853091 0.2515168 0.07262654 1.0512668 0.106493734 0.44657695 0.52185255 0.17829959 0.20388907 0.13045125 0.083135016 0.046970434 0.2523923 0.20362166 0.32755664 0.25364342 0.3615282 0.08112687 0.23467512 0.15573432 1.2639214 0.0721008 0.15681088 0.113138944 0.044122428 0.08891638 0.06300925 0.12681898 0.08794703 0.34248754 0.07371656 0.38551423 0.075708285 0.3343277 0.100267656 0.15698974 0.079845734 0.05375561 0.1226091 0.06208296 0.21372886 0.9767819 0.0639098 0.13636409 0.47666252 0.052376267 0.063207544 0.06540329 0.08312135 0.51924884 0.12737913 0.09442972 0.11967233 0.07682808,0.2873502 0.0882994 0.14296319 0.062499788 0.07293271 0.29296568 0.107994445 0.2527218 0.18207145 0.19355959 0.31762257 0.06730407 0.10418042 0.2579229 0.10841846 0.028892461 0.40398535 0.2808111 0.36458147 0.36934972 0.24819005 0.6351236 0.06565755 0.088644184 0.24294652 0.2626713 0.85730994 0.064614065 0.24121632 0.14263499 0.47429845 0.10187864 0.0747093 0.07918588 0.27800688 0.06335365 0.34319672 0.51721185 0.06205566 0.2253548 0.29659158 0.39887884 0.121908806 0.088353306 0.3374272 0.11418743 0.17422321 0.07146213 0.43423137 0.061286148 0.13397287 0.27216038 0.97638506 0.13472505 0.32019597 0.07286646 0.2415396 0.3234778 0.1394104 0.4155456 0.05760902 0.078487925 0.32076308 0.07367679 0.25287428 0.11305108 0.1632556 0.23000856 0.11993838 0.6866053 0.08030485 0.07356788 0.12317558 0.10867628 0.12456949 0.09099309 0.07794602 0.1448657 0.27484342 0.2796901 0.36947024 1.1041245 0.08963609 0.10663183 0.08790849 0.11923878 0.6505079 0.22554228 0.1178316 0.14868337 0.23783801 0.05645572 0.15812603 0.10830064 0.41364935 0.085158296 0.2502235 0.15081492 0.27719215 0.112558134 0.14992821 0.032663446 0.061062675 0.104603 0.09205355 0.17629628 0.05556119 0.36418656 0.14575881 0.15391396 0.21770093 0.5327619 0.26669326 0.08387282 0.15164053 0.093520574 0.08672738 0.25071734 0.30182508 0.11994246 0.3882508 0.07579872 0.15747346 0.15053843 0.55572265 0.19273938 0.21679458 0.61013395 0.07759428 0.6118959 0.2182178 0.20323028 0.03425592 0.52717614 0.24234039 0.22223687 0.11498108 0.12583062 0.3040092 0.8541027 0.204574 0.36217463 0.09277781 0.48866862 0.084642485 0.5111238 0.07576098 0.23528254 0.07512584 0.11626453 0.09448729 0.22027326 0.055345304 0.4506026 0.09136556 0.07333416 0.16930933 0.08846722 0.25938675 0.16398956 0.1957715 0.11837342 0.07987615 0.09777433 0.15292892 0.3580774 0.28985325 0.19055913 0.059811704 0.13856667 0.05648124 0.26174906 0.1891264 0.34952143 0.066696204 0.094618894 0.31499502 0.13518181 0.0994506 0.09589351 0.07797849 0.069736294 0.32891938 0.100515045 0.30891407 0.16550528 0.06460462 0.19221398 0.22871354 0.22274168 0.29610518 0.16471523 0.14227712 0.70243055 0.2692644 0.062361788 0.18703522 0.13021904 0.0684088 0.29416516 0.15081407 0.36908764 0.16851033 0.2514861 0.07261768 1.0511385 0.10648073 0.44652247 0.52178884 0.17827782 0.20386419 0.13043532 0.08312487 0.0469647 0.2523615 0.20359682 0.32751665 0.2536125 0.36148405 0.08111697 0.23464648 0.1557153 1.2637671 0.072092004 0.15679173 0.11312514 0.04411704 0.08890553 0.06300156 0.12680352 0.087936305 0.34244573 0.07370756 0.3854672 0.075699046 0.3342869 0.100255415 0.15697059 0.07983599 0.05374905 0.12259413 0.062075384 0.21370277 0.9766627 0.063902 0.13634744 0.47660434 0.052369874 0.063199826 0.0653953 0.08311121 0.5191855 0.12736359 0.09441819 0.119657725 0.0768187,0.0022626 0.0006952709 0.0011256944 0.0004921243 0.00057427335 0.0023068164 0.00085034996 0.0019899353 0.0014336335 0.0015240912 0.002500965 0.0005299533 0.00082031824 0.0020308888 0.00085368863 0.0002274997 0.003180987 0.0022111111 0.00287072 0.0029082655 0.0019542524 0.005000973 0.00051698857 0.0006979857 0.0019129647 0.002068278 0.006750472 0.00050877215 0.0018993411 0.0011231102 0.0037346336 0.00080219406 0.0005882622 0.00062351086 0.0021890306 0.0004988476 0.0027023363 0.0040725344 0.00048862724 0.0017744473 0.0023353668 0.0031407783 0.00095991185 0.00069569534 0.002656907 0.0008991136 0.0013718363 0.000562694 0.0034191445 0.00048256808 0.0010549044 0.0021429951 0.007688071 0.0010608272 0.002521228 0.0005737517 0.0019018865 0.0025470692 0.0010977198 0.0032720128 0.00045361434 0.0006180152 0.0025256935 0.0005801322 0.001991136 0.000890166 0.0012854772 0.001811091 0.0009443967 0.0054063406 0.0006323217 0.00057927467 0.00096988643 0.00085571874 0.0009808622 0.000716481 0.0006137482 0.0011406748 0.0021641215 0.002202284 0.0029092145 0.008693894 0.00070579594 0.0008396207 0.0006921929 0.000938888 0.00512211 0.0017759234 0.0009278079 0.0011707352 0.0018727402 0.00044453322 0.0012450868 0.000852761 0.0032570816 0.00067053776 0.0019702637 0.001187519 0.0021826152 0.0008862845 0.0011805372 0.0002571925 0.00048080846 0.0008236457 0.0007248311 0.0013881597 0.00043748968 0.0028676107 0.0011477071 0.001211921 0.0017141806 0.0041949754 0.002099947 0.0006604159 0.0011940199 0.0007363825 0.00068289274 0.0019741524 0.0023765755 0.0009444288 0.003057093 0.00059684034 0.0012399486 0.001185342 0.004375769 0.001517633 0.001707044 0.004804204 0.0006109786 0.004818078 0.0017182505 0.0016002384 0.00026973168 0.004150993 0.0019081921 0.0017498967 0.00090536283 0.0009907923 0.0023937733 0.0067252177 0.0016108189 0.0028517686 0.00073053397 0.0038477844 0.00066647626 0.004024597 0.0005965432 0.0018526184 0.00059154205 0.0009154687 0.0007439944 0.0017344351 0.00043578979 0.003548052 0.00071941386 0.0005774343 0.0013331444 0.00069659227 0.0020424153 0.0012912564 0.0015415079 0.00093207415 0.00062894606 0.0007698766 0.0012041647 0.0028195071 0.002282309 0.0015004657 0.0004709583 0.0010910762 0.00044473415 0.0020610162 0.0014891842 0.0027521371 0.000525167 0.00074503064 0.0024802757 0.0010644237 0.00078307564 0.000755067 0.00061400386 0.0005491047 0.0025899163 0.0007914571 0.0024323943 0.0013031912 0.00050869776 0.0015134959 0.001800894 0.0017538714 0.0023315367 0.0012969703 0.0011202923 0.005530949 0.0021201922 0.0004910377 0.0014727182 0.0010253468 0.000538652 0.0023162612 0.0011875124 0.0029062019 0.0013268531 0.0019802055 0.00057179277 0.008276681 0.00083843095 0.003515925 0.0041085733 0.0014037624 0.0016052298 0.0010270497 0.0006545265 0.0003698008 0.0019870985 0.0016031245 0.0025788713 0.0019969486 0.002846331 0.0006387163 0.0018476101 0.0012261047 0.009950922 0.00056765357 0.0012345805 0.0008907491 0.00034737829 0.0007000435 0.00049607526 0.0009984529 0.00069241185 0.002696423 0.0005803745 0.003035175 0.00059605547 0.0026321802 0.0007894127 0.0012359889 0.0006286298 0.00042322086 0.0009653081 0.00048878253 0.001682699 0.0076902574 0.00050316536 0.0010736019 0.0037527902 0.0004123612 0.00049763644 0.00051492365 0.000654419 0.004088075 0.0010028629 0.0007434503 0.0009421868 0.0006048716,
585,256,,,0.013778186 0.013778186 0.013778186 0.013778186 0.013778186 0.013778186 0.013778186 0.013778186 0.013778186 0.013778186 0.013778186 0.013778186 0.013778186 0.013778186 0.013778186 0.013778186 0.013778186 0.013778186 0.013778186 0.013778186 0.013778186 0.013778186 0.013778186 0.013778186 0.013778186 0.013778186 0.013778186 0.013778186 0.013778186 0.013778186 0.013778186 0.013778186 0.013778186 0.013778186 0.013778186 0.013778186 0.013778186 0.013778186 0.013778186 0.013778186 0.013778186 0.013778186 0.013778186 0.013778186 0.013778186 0.013778186 0.013778186 0.013778186 0.013778186 0.013778186 0.013778186 0.013778186 0.013778186 0.013778186 0.013778186 0.013778186 0.013778186 0.013778186 0.013778186 0.013778186 0.013778186 0.013778186 0.013778186 0.013778186 0.013778186 0.013778186 0.013778186 0.013778186 0.013778186 0.013778186 0.013778186 0.013778186 0.013778186 0.013778186 0.013778186 0.013778186 0.013778186 0.013778186 0.013778186 0.013778186 0.013778186 0.013778186 0.013778186 0.013778186 0.013778186 0.013778186 0.013778186 0.013778186 0.013778186 0.013778186 0.013778186 0.013778186 0.013778186 0.013778186 0.013778186 0.013778186 0.013778186 0.013778186 0.013778186 0.013778186 0.013778186 0.013778186 0.013778186 0.013778186 0.013778186 0.013778186 0.013778186 0.013778186 0.013778186 0.013778186 0.013778186 0.013778186 0.013778186 0.013778186 0.013778186 0.013778186 0.013778186 0.013778186 0.013778186 0.013778186 0.013778186 0.013778186 0.013778186 0.013778186 0.013778186 0.013778186 0.013778186 0.013778186 0.013778186 0.013778186 0.013778186 0.013778186 0.013778186 0.013778186 0.013778186 0.013778186 0.013778186 0.013778186 0.013778186 0.013778186 0.013778186 0.013778186 0.013778186 0.013778186 0.013778186 0.013778186 0.013778186 0.013778186 0.013778186 0.013778186 0.013778186 0.013778186 0.013778186 0.013778186 0.013778186 0.013778186 0.013778186 0.013778186 0.013778186 0.013778186 0.013778186 0.013778186 0.013778186 0.013778186 0.013778186 0.013778186 0.013778186 0.013778186 0.013778186 0.013778186 0.013778186 0.013778186 0.013778186 0.013778186 0.013778186 0.013778186 0.013778186 0.013778186 0.013778186 0.013778186 0.013778186 0.013778186 0.013778186 0.013778186 0.013778186 0.013778186 0.013778186 0.013778186 0.013778186 0.013778186 0.013778186 0.013778186 0.013778186 0.013778186 0.013778186 0.013778186 0.013778186 0.013778186 0.013778186 0.013778186 0.013778186 0.013778186 0.013778186 0.013778186 0.013778186 0.013778186 0.013778186 0.013778186 0.013778186 0.013778186 0.013778186 0.013778186 0.013778186 0.013778186 0.013778186 0.013778186 0.013778186 0.013778186 0.013778186 0.013778186 0.013778186 0.013778186 0.013778186 0.013778186 0.013778186 0.013778186 0.013778186 0.013778186 0.013778186 0.013778186 0.013778186 0.013778186 0.013778186 0.013778186 0.013778186 0.013778186 0.013778186 0.013778186 0.013778186 0.013778186 0.013778186 0.013778186 0.013778186 0.013778186 0.013778186 0.013778186 0.013778186 0.013778186 0.013778186 0.013778186 0.013778186 0.013778186 0.013778186 0.013778186 0.013778186 0.013778186,11 13 12 13 13 11 13 11 12 12 11 13 13 11 13 15 11 11 11 11 11 10 13 13 12 11 10 13 12 12 11 13 13 13 11 13 11 10 13 12 11 11 13 13 11 13 12 13 11 14 12 11 10 12 11 13 12 11 12 11 14 13 11 13 11 13 12 12 13 10 13 13 13 13 12 13 13 12 11 11 11 9 13 13 13 13 10 12 13 12 12 14 12 13 11 13 11 12 11 13 12 14 14 13 13 12 14 11 12 12 12 10 11 13 12 13 13 11 11 13 11 13 12 12 10 12 12 10 13 10 12 12 14 10 12 12 13 12 11 10 12 11 13 11 13 10 13 12 13 13 13 12 14 11 13 13 12 13 11 12 12 13 13 13 12 11 11 12 14 12 14 11 12 11 13 13 11 12 13 13 13 13 11 13 11 12 13 12 12 12 11 12 12 10 11 13 12 12 13 11 12 11 12 11 13 9 13 11 10 12 12 12 13 14 11 12 11 11 11 13 12 12 9 13 12 13 14 13 13 12 13 11 13 11 13 11 13 12 13 14 13 13 12 10 13 12 11 14 13 13 13 10 12 13 13 13
590,3x3x256x256,0.053331245 0.14330788 0.038781937 0.07078205 0.044282835 0.056249242 0.11173822 0.07956548 0.07046766 0.04632277 0.09945296 0.060348835 0.06464333 0.05517012 0.08308793 0.098885156 0.036745824 0.05268081 0.037908338 0.116822004 0.037658423 0.076470725 0.10472323 0.034668628 0.043407414 0.099157065 0.08819595 0.12380828 0.05825016 0.13462679 0.05923451 0.08538558 0.050905075 0.06529759 0.06063403 0.044155728 0.040967785 0.10205682 0.046890847 0.06451003 0.08363854 0.111453265 0.034265716 0.048131242 0.04399498 0.08660281 0.07340424 0.08666048 0.056853667 0.039206736 0.11132575 0.048611317 0.068424016 0.05341099 0.03731217 0.12159613 0.042122338 0.026246883 0.04846278 0.029028608 0.06181776 0.05203909 0.04649444 0.1145762 0.061756715 0.03798214 0.0717071 0.039149344 0.05388392 0.06993295 0.07614663 0.0390201 0.08911975 0.0797125 0.079327375 0.06218414 0.040544063 0.06637427 0.066025294 0.06355734 0.0388816 0.038796265 0.06398471 0.11368065 0.04173823 0.07773433 0.04772145 0.044979256 0.06950009 0.019041905 0.049295284 0.024840562 0.06225153 0.07219158 0.07460563 0.02548519 0.08281616 0.035345685 0.03205104 0.06113912 0.048690125 0.034792334 0.050452366 0.07690713 0.11383419 0.08943758 0.057265215 0.05735057 0.05627888 0.085187234 0.074710414 0.08768058 0.074792616 0.029855989 0.054344807 0.032610416 0.060151946 0.0875265 0.114998125 0.08142185 0.11223648 0.07805373 0.053004514 0.055326432 0.11946345 0.04969594 0.085635945 0.1457904 0.038697865 0.044956207 0.08750387 0.069838 0.028060751 0.048239727 0.039751444 0.10143503 0.0563008 0.07052272 0.049090434 0.04297432 0.13232107 0.06442739 0.09710128 0.089747384 0.057208896 0.11045448 0.04638945 0.16850568 0.045327745 0.1417336 0.0889236 0.035574708 0.09186921 0.06893222 0.08906318 0.06616663 0.10315063 0.0505035 0.08963622 0.07815517 0.05227129 0.050969817 0.09124923 0.08020362 0.022503296 0.05830472 0.11998364 0.062187504 0.07553815 0.035939425 0.07737441 0.052026734 0.10301898 0.09514038 0.12847082 0.16345207 0.08062685 0.04578068 0.032288335 0.091424055 0.077589616 0.045889553 0.12762819 0.090729035 0.072712965 0.0407557 0.05691151 0.04046956 0.09242712 0.090472244 0.025388993 0.13318624 0.10195824 0.064299986 0.051618285 0.045849055 0.13184927 0.07733036 0.1256756 0.04415285 0.047845617 0.13518271 0.06438101 0.12433813 0.0656521 0.045459226 0.057509925 0.10217931 0.037555892 0.041123677 0.06139124 0.07090376 0.1428851 0.10148003 0.044928186 0.0708527 0.048344217 0.036051232 0.08087248 0.048408743 0.041823085 0.044631764 0.042878747 0.03677837 0.08570321 0.13892244 0.045665253 0.08497766 0.11948142 0.13236885 0.07407544 0.08317459 0.10009674 0.09660137 0.049055245 0.052061345 0.1126199 0.06477355 0.038848516 0.033448182 0.10779885 0.05575896 0.046469998 0.03500754 0.07091118 0.04933895 0.0712698 0.11975067 0.13543525 0.08621467 0.02480118 0.036713563 0.15468182 0.07934991 0.048542842 0.07948922,0.053324737 0.1432904 0.038777202 0.07077341 0.044277433 0.05624238 0.11172458 0.079555765 0.07045905 0.04631712 0.09944082 0.06034147 0.06463544 0.055163383 0.08307779 0.09887309 0.03674134 0.05267438 0.03790371 0.11680775 0.03765383 0.0764614 0.104710445 0.0346644 0.043402117 0.099144965 0.08818519 0.10058478 0.058243047 0.13461037 0.059227284 0.06670163 0.050898865 0.065289624 0.060626626 0.04415034 0.040962785 0.102044374 0.046885125 0.064502165 0.083628334 0.11143967 0.034261536 0.048125368 0.04398961 0.08659224 0.073395275 0.0866499 0.05684673 0.03920195 0.111312166 0.048605386 0.068415664 0.053404473 0.037307613 0.12158129 0.042117197 0.026243681 0.048456866 0.029025065 0.061810218 0.05203274 0.046488766 0.11456221 0.06174918 0.0379775 0.07169835 0.03914457 0.053877346 0.06992442 0.076137334 0.039015334 0.08910887 0.07970278 0.07931769 0.06217655 0.040539116 0.06636617 0.06601723 0.063549586 0.038876854 0.03879153 0.0639769 0.11366678 0.041733135 0.07772484 0.047715623 0.04497377 0.0694916 0.019039582 0.049289268 0.024837531 0.06224393 0.07218277 0.074596524 0.025482079 0.08280606 0.03534137 0.03204713 0.06113166 0.048684184 0.034788087 0.05044621 0.07689775 0.1138203 0.08942667 0.057258226 0.05734357 0.056272015 0.08517683 0.074701294 0.08766988 0.07478349 0.029852346 0.054338172 0.032606434 0.060144607 0.08751582 0.114984095 0.08141192 0.112222776 0.078044206 0.052998044 0.055319678 0.11944887 0.049689874 0.0856255 0.1457726 0.038693145 0.04495072 0.08749319 0.06982948 0.028057327 0.048233837 0.03974659 0.10142265 0.056293927 0.07051411 0.049084444 0.042969074 0.13230494 0.06441952 0.09708943 0.08973643 0.057201914 0.110441 0.04638379 0.11057543 0.045322213 0.1417163 0.088912755 0.035570364 0.091858 0.06892381 0.08905231 0.066158555 0.103138044 0.050497334 0.089625284 0.07814563 0.05226491 0.050963596 0.0912381 0.08019384 0.022500549 0.058297604 0.119968995 0.062179912 0.07552893 0.035935037 0.077364966 0.052020382 0.1030064 0.09512877 0.12845515 0.117472455 0.08061702 0.045775093 0.032284394 0.06284986 0.07758015 0.04588395 0.1276126 0.090717964 0.07270409 0.040750727 0.05690456 0.04046462 0.09241584 0.0904612 0.025385894 0.13316998 0.101945795 0.06429214 0.051611986 0.04584346 0.13183318 0.077320926 0.12566026 0.044147458 0.047839776 0.13516621 0.06437316 0.12432296 0.065644085 0.04545368 0.057502907 0.10216685 0.037551306 0.04111866 0.06138375 0.070895106 0.14286767 0.10146765 0.044922702 0.070844054 0.048338316 0.036046833 0.08086262 0.048402835 0.04181798 0.044626318 0.042873517 0.036773883 0.05891703 0.13890548 0.04565968 0.084967285 0.11946684 0.1323527 0.07406639 0.08316443 0.05630289 0.09658957 0.04904926 0.052054994 0.07742103 0.06476565 0.038843777 0.0334441 0.1077857 0.05575216 0.046464324 0.035003267 0.07090253 0.049332928 0.0712611 0.11973606 0.13541873 0.08620415 0.024798153 0.036709085 0.15466294 0.07934023 0.048536915 0.07947952,0.00041987983 0.0011282709 0.0003053323 0.00055727095 0.00034864122 0.0004428534 0.0008797211 0.00062642334 0.00055479567 0.00036470173 0.00078299857 0.0004751297 0.0005089405 0.00043435735 0.0006541558 0.0007785283 0.00028930188 0.0004147589 0.00029845443 0.00091974606 0.00029648686 0.00060205825 0.00082449167 0.00027294803 0.00034174896 0.00078066904 0.0006943716 0.00079200615 0.00045860666 0.0010599241 0.00046635658 0.00052520965 0.00040077846 0.0005140915 0.000477375 0.00034764048 0.00032254163 0.000803499 0.0003691742 0.00050789106 0.0006584908 0.0008774777 0.00026977586 0.0003789399 0.00034637487 0.00068182865 0.0005779156 0.00068228267 0.00044761205 0.00030867677 0.0008764737 0.0003827196 0.000538706 0.00042050765 0.00029376074 0.000957333 0.00033163148 0.00020664316 0.00038155014 0.00022854382 0.00048669463 0.0004097066 0.00036605328 0.00090206467 0.000486214 0.00029903546 0.00056455395 0.00030822496 0.00042423108 0.000550586 0.00059950654 0.00030720735 0.00070164463 0.0006275809 0.00062454876 0.00048957916 0.00031920563 0.0005225683 0.0005198207 0.0005003904 0.00030611697 0.0003054451 0.0005037551 0.00089501403 0.00032860736 0.0006120066 0.00037571357 0.00035412415 0.000547178 0.00014991798 0.00038810447 0.0001955711 0.00049010967 0.00056836824 0.0005873742 0.00020064629 0.0006520162 0.00027827852 0.0002523396 0.00048135166 0.00038334003 0.00027392193 0.00039721423 0.0006054941 0.00089622283 0.000704147 0.00045085218 0.00045152416 0.00044308673 0.00067068374 0.0005881992 0.000690314 0.0005888464 0.00023505784 0.00042785963 0.00025674357 0.0004735796 0.000689101 0.0009053866 0.00064103876 0.0008836439 0.0006145213 0.00041730743 0.000435588 0.00094054226 0.00039125886 0.00067421654 0.0011478158 0.00030467042 0.00035394268 0.00068892277 0.0005498384 0.00022092384 0.000379794 0.00031296528 0.0007986036 0.00044325928 0.00055522926 0.00038649168 0.00033833916 0.0010417711 0.00050724036 0.0007644837 0.00070658606 0.00045040878 0.0008696142 0.0003652267 0.0008706727 0.00035686782 0.0011158764 0.00070010044 0.00028008161 0.00072329136 0.00054270716 0.0007011993 0.00052093354 0.0008121106 0.0003976168 0.0007057109 0.00061531994 0.00041153474 0.00040128815 0.0007184102 0.00063144753 0.00017716967 0.00045903627 0.00094463775 0.0004896056 0.00059471594 0.00028295306 0.000609173 0.00040960932 0.00081107405 0.0007490454 0.0010114579 0.00092498 0.0006347797 0.0003604338 0.00025420781 0.0004948808 0.0006108673 0.00036129093 0.0010048237 0.0007143147 0.00057247316 0.00032087186 0.0004480674 0.00031861907 0.0007276838 0.0007122929 0.00019988893 0.0010485825 0.0008027228 0.0005062373 0.00040639358 0.00036097213 0.0010380566 0.0006088262 0.0009894508 0.00034761778 0.00037669114 0.0010643009 0.0005068753 0.000978921 0.0005168826 0.000357903 0.0004527788 0.00080446334 0.00029567958 0.00032376897 0.00048333663 0.00055822916 0.0011249423 0.00079895783 0.00035372208 0.0005578272 0.00038061666 0.00028383333 0.0006367135 0.00038112467 0.00032927544 0.00035138833 0.00033758674 0.00028955814 0.00046391363 0.001093744 0.00035952503 0.00066903373 0.00094068376 0.0010421472 0.00058319996 0.00065483805 0.00044332983 0.0007605478 0.00038621464 0.00040988185 0.0006096144 0.0005099657 0.00030585652 0.00026333937 0.0008487063 0.00043899336 0.00036586082 0.00027561627 0.0005582876 0.00038844824 0.000561111 0.0009428036 0.0010662891 0.0006787728 0.00019526105 0.00028904792 0.0012178184 0.0006247262 0.00038218044 0.00062582304,
591,256,,,0.006528001 0.006528001 0.006528001 0.006528001 0.006528001 0.006528001 0.006528001 0.006528001 0.006528001 0.006528001 0.006528001 0.006528001 0.006528001 0.006528001 0.006528001 0.006528001 0.006528001 0.006528001 0.006528001 0.006528001 0.006528001 0.006528001 0.006528001 0.006528001 0.006528001 0.006528001 0.006528001 0.006528001 0.006528001 0.006528001 0.006528001 0.006528001 0.006528001 0.006528001 0.006528001 0.006528001 0.006528001 0.006528001 0.006528001 0.006528001 0.006528001 0.006528001 0.006528001 0.006528001 0.006528001 0.006528001 0.006528001 0.006528001 0.006528001 0.006528001 0.006528001 0.006528001 0.006528001 0.006528001 0.006528001 0.006528001 0.006528001 0.006528001 0.006528001 0.006528001 0.006528001 0.006528001 0.006528001 0.006528001 0.006528001 0.006528001 0.006528001 0.006528001 0.006528001 0.006528001 0.006528001 0.006528001 0.006528001 0.006528001 0.006528001 0.006528001 0.006528001 0.006528001 0.006528001 0.006528001 0.006528001 0.006528001 0.006528001 0.006528001 0.006528001 0.006528001 0.006528001 0.006528001 0.006528001 0.006528001 0.006528001 0.006528001 0.006528001 0.006528001 0.006528001 0.006528001 0.006528001 0.006528001 0.006528001 0.006528001 0.006528001 0.006528001 0.006528001 0.006528001 0.006528001 0.006528001 0.006528001 0.006528001 0.006528001 0.006528001 0.006528001 0.006528001 0.006528001 0.006528001 0.006528001 0.006528001 0.006528001 0.006528001 0.006528001 0.006528001 0.006528001 0.006528001 0.006528001 0.006528001 0.006528001 0.006528001 0.006528001 0.006528001 0.006528001 0.006528001 0.006528001 0.006528001 0.006528001 0.006528001 0.006528001 0.006528001 0.006528001 0.006528001 0.006528001 0.006528001 0.006528001 0.006528001 0.006528001 0.006528001 0.006528001 0.006528001 0.006528001 0.006528001 0.006528001 0.006528001 0.006528001 0.006528001 0.006528001 0.006528001 0.006528001 0.006528001 0.006528001 0.006528001 0.006528001 0.006528001 0.006528001 0.006528001 0.006528001 0.006528001 0.006528001 0.006528001 0.006528001 0.006528001 0.006528001 0.006528001 0.006528001 0.006528001 0.006528001 0.006528001 0.006528001 0.006528001 0.006528001 0.006528001 0.006528001 0.006528001 0.006528001 0.006528001 0.006528001 0.006528001 0.006528001 0.006528001 0.006528001 0.006528001 0.006528001 0.006528001 0.006528001 0.006528001 0.006528001 0.006528001 0.006528001 0.006528001 0.006528001 0.006528001 0.006528001 0.006528001 0.006528001 0.006528001 0.006528001 0.006528001 0.006528001 0.006528001 0.006528001 0.006528001 0.006528001 0.006528001 0.006528001 0.006528001 0.006528001 0.006528001 0.006528001 0.006528001 0.006528001 0.006528001 0.006528001 0.006528001 0.006528001 0.006528001 0.006528001 0.006528001 0.006528001 0.006528001 0.006528001 0.006528001 0.006528001 0.006528001 0.006528001 0.006528001 0.006528001 0.006528001 0.006528001 0.006528001 0.006528001 0.006528001 0.006528001 0.006528001 0.006528001 0.006528001 0.006528001 0.006528001 0.006528001 0.006528001 0.006528001 0.006528001 0.006528001 0.006528001 0.006528001 0.006528001 0.006528001 0.006528001 0.006528001 0.006528001,14 12 14 13 14 14 13 13 13 14 13 14 13 14 13 13 14 14 14 13 14 13 13 14 14 13 13 13 14 12 14 13 14 13 14 14 14 13 14 13 13 13 14 14 14 13 13 13 14 14 13 14 13 14 14 13 14 15 14 15 14 14 14 13 14 14 13 14 14 13 13 14 13 13 13 13 14 13 13 13 14 14 13 13 14 13 14 14 13 15 14 15 13 13 13 15 13 14 14 14 14 14 14 13 13 13 14 14 14 13 13 13 13 15 14 14 14 13 13 13 13 13 14 14 13 14 13 12 14 14 13 13 15 14 14 13 14 13 14 14 12 13 13 13 14 13 14 13 14 12 13 14 13 13 13 13 13 14 13 13 14 14 13 13 15 14 13 13 13 14 13 14 13 13 12 13 13 14 14 13 13 14 12 13 13 14 14 14 13 13 15 12 13 13 14 14 12 13 12 14 14 12 13 12 13 14 14 13 14 14 14 13 12 13 14 13 14 14 13 14 14 14 14 14 14 12 14 13 13 12 13 13 14 13 14 14 13 13 14 14 13 14 14 14 13 14 13 13 12 13 15 14 12 13 14 13
599,1x1x768x512,0.27192575 0.2930787 0.29874596 0.34842518 0.29975975 0.25982565 0.3206978 0.37723583 0.42294163 0.33374053 0.44677764 0.31379488 0.34982806 0.25031075 0.24158984 0.55652636 0.53083634 0.59486943 0.26812294 0.3514659 0.34562132 0.28402916 0.3345649 0.4451524 0.4219522 0.32219544 0.29566818 0.29300782 0.28844124 0.22435717 1.8279309 0.4513504 0.40028808 0.4201199 0.27603048 0.3047828 0.32914725 0.30890328 0.27168998 0.267277 0.2427412 0.29829407 0.22350463 0.2927042 0.47352332 0.31757644 0.30691606 0.23867346 0.4241449 0.37031856 0.41024512 0.32409766 0.2554729 0.50952536 0.20215134 0.33488888 0.25830114 0.2540792 0.34067765 0.76933765 0.32426384 0.47755253 0.28873074 0.52631134 0.32227856 0.80066085 0.34571764 0.30956736 0.29362217 0.42551467 1.1339935 0.38122123 0.26978758 0.39082864 0.29557738 0.320876 0.28194347 1.2029525 0.324684 0.4530248 0.50619495 0.29514536 0.29981405 0.21383303 0.5160175 0.45370963 0.35416892 0.36103892 0.31436518 0.7055445 0.45196828 0.336497 0.24711326 0.27336824 0.44544652 0.4222565 0.26369128 0.36756018 0.21711273 0.28455988 0.58602524 0.2851868 0.44358093 0.35684216 0.4490513 0.21321705 0.37094268 0.36716375 0.24689315 0.70117736 0.3720636 0.23873447 1.1128157 0.4079303 0.37562716 0.315219 0.2693611 0.29999003 0.25578716 0.47599527 0.25272274 0.28367957 0.38669872 0.2958224 0.26202318 0.6544265 0.23472084 0.24198446 0.632827 0.26341483 0.3017586 0.29075018 0.24111243 0.24657513 0.42215282 0.31347337 0.2947909 0.32329085 0.21579066 0.22121733 0.29732895 0.24148962 0.42255405 0.47885618 0.25198853 0.36343282 0.23198973 0.28439653 0.5370877 0.29455742 0.2814383 0.288639 0.48723534 0.6598929 0.7263525 0.34314334 0.36657587 0.5485051 0.24733825 0.30882064 0.28586376 0.3515761 0.3049721 0.46781912 0.382709 0.3029801 0.21043967 0.23552836 0.29475394 0.32583022 0.31590754 0.26417223 0.9029072 0.30428225 0.39805055 0.31579491 0.36194736 0.31845495 0.28884652 0.2974834 0.3894422 0.22782637 0.40473267 0.21798998 0.31330675 0.36757553 0.6047138 0.29948017 0.289162 0.43974385 0.2845438 0.898142 0.30955583 0.43883383 0.24150015 0.5162005 0.4131009 0.23338556 0.35713536 0.23905031 0.31157863 1.0369653 0.31444144 0.47000092 0.333313 0.28419903 0.35972703 0.2846037 0.37065604 0.30695537 0.19476345 0.28121185 0.26130885 0.29518837 0.28555351 0.6410332 0.27924207 0.34845617 0.3752823 0.3280301 0.2946292 0.34295708 0.3105321 0.48327866 0.2997979 0.3097581 0.2748347 0.34824392 0.24042599 0.27788493 0.3203003 0.3170648 0.26807842 0.29809117 1.0339077 0.3109453 0.26915053 0.27411115 0.4218391 0.50585896 0.76341075 0.18406734 0.30436546 0.32473803 0.36532688 0.31550074 0.3238331 0.27833167 0.3513637 0.53862375 0.32301432 0.59657735 0.30166405 0.3581497 0.27246758 0.33819908 0.2451906 0.1574032 0.23830816 0.09788053 0.20093945 0.258243 0.15273955 0.30266005 0.21403936 0.32629743 0.22781743 0.29994503 0.35646772 0.28763646 0.21826991 0.13712084 0.19681688 0.25512984 0.51746297 0.15377365 0.21659388 0.12601967 0.23292807 0.13648674 0.23055372 0.13019224 0.13869435 0.1414946 0.12314043 0.21132424 0.12910813 0.11083868 0.12740408 0.2064714 0.32259822 0.22601686 0.2119435 0.12123778 0.2284186 0.32625878 0.35232887 0.084753945 0.32176667 0.09115993 0.116157666 0.111581825 0.21337034 0.25237083 0.12258277 0.27357602 0.11655867 0.062635936 0.19455078 0.15931016 0.21905777 0.12382297 0.118166625 0.15057723 0.12370857 0.2046826 0.23072079 0.3788714 0.34410045 0.14047429 0.15994385 0.19716388 0.104670115 0.17185086 0.1466461 0.17048618 0.2457541 0.5348974 0.24599203 0.13042621 0.17824088 0.16107655 0.33263314 0.13390642 0.1968474 0.18283992 0.13601805 0.13634725 0.16708717 0.18837112 0.22228405 0.23011205 0.19765246 0.17969342 0.13297121 0.1861455 0.16567585 0.20569213 0.152941 0.10146678 0.26760903 0.1837879 0.14464235 0.19265541 0.21443537 0.06713502 0.09788517 0.11951762 0.21083494 0.1743498 0.18059206 0.19744714 0.19249976 0.1570751 0.13398555 0.123798884 0.08311167 0.10820882 0.097813405 0.19454364 0.13252014 0.15450527 0.11850179 0.15229586 0.15399636 0.31829455 0.2123853 0.19222204 0.18164746 0.5399112 0.20049103 0.28866068 0.17458427 0.33946142 0.20451379 0.17022738 0.11870305 0.17718461 0.31693494 0.29696125 0.2138605 0.23165885 0.17198004 0.18125786 0.22180338 0.1636668 0.17155385 0.153389 0.19074398 0.23682274 0.20352574 0.06580919 0.12654254 0.08559894 0.19427048 0.30793673 0.4015596 0.17203881 0.1718882 0.35330278 0.13843313 0.185811 0.20984001 0.25393495 0.21789508 0.34102747 0.2427865 0.1750251 0.14307347 0.11274261 0.22914633 0.21338856 0.23751011 0.23739097 0.13890168 0.12725976 0.17657281 0.10040667 0.14115152 0.14830239 0.109881856 0.2615415 0.19778524 0.61821395 0.29376018 0.26929352 0.32609108 0.15104207 0.14376625 0.124224804 0.28609666 0.24851488 0.24650644 0.1433982 0.14413273 0.22070342 0.21564941 0.24356835 0.1806142 0.21396169 0.36367977 0.23668878 0.15921663 0.18238851 0.11317813 0.29921353 0.17876306 0.1908676 0.18892977 0.24000925 0.14005499 0.1969858 0.20085278 0.19165915 0.17264017 0.11979775 0.15454653 0.134318 0.20016643 0.11959866 0.088953 0.07891676 0.15232334 0.18421137 0.22008279 0.19279207 0.09678481 0.18898073 0.15766762 0.15230018 0.123898365 0.3106437 0.09985368 0.14411049 0.091342054 0.24063633 0.069822714 0.3130204 0.30526996 0.23798923 0.3215872 0.20409106 0.16242066 0.13112833 0.123737924 0.31784046 0.23544843 0.26070547 0.18956594 0.22546482 0.16268976 0.37599897 0.22725323 0.16884212 0.2089062 0.22394066 0.16701104 0.2778777 0.11709675 0.15851632 0.11743518 0.15519696,0.27189258 0.29304293 0.29870948 0.34838265 0.29972318 0.25979394 0.32065865 0.3771898 0.42289 0.33369982 0.44672313 0.3137566 0.3497854 0.2502802 0.24156037 0.5564584 0.53077155 0.27884957 0.26809022 0.351423 0.34557912 0.2839945 0.33452407 0.44509807 0.4219007 0.3221561 0.2956321 0.29297206 0.28840604 0.22432978 0.5142032 0.4512953 0.40023923 0.42006862 0.27599677 0.3047456 0.32910708 0.30886558 0.27165684 0.26724437 0.24271157 0.29825768 0.22347736 0.2926685 0.47346553 0.31753767 0.3068786 0.23864435 0.42409313 0.37027335 0.41019505 0.32405812 0.25544173 0.50946313 0.20212668 0.334848 0.25826964 0.25404817 0.34063607 0.7692438 0.32422426 0.47749427 0.28869548 0.52624714 0.32223925 0.8005631 0.34567547 0.3095296 0.2935863 0.42546272 1.1338551 0.3811747 0.26975465 0.39078093 0.2955413 0.32083684 0.28190908 0.6766424 0.3246444 0.45296952 0.50613314 0.29510936 0.29977748 0.21380693 0.51595455 0.45365426 0.35412568 0.36099485 0.3143268 0.7054584 0.45191312 0.33645594 0.2470831 0.27333486 0.44539216 0.42220497 0.2636591 0.36751533 0.21708624 0.28452513 0.5859537 0.285152 0.44352677 0.3567986 0.44899648 0.21319103 0.3708974 0.36711895 0.24686302 0.7010918 0.37201822 0.23870534 1.11268 0.4078805 0.37558132 0.31518054 0.26932824 0.2999534 0.25575593 0.4759372 0.2526919 0.28364497 0.38665155 0.2957863 0.2619912 0.65434664 0.23469219 0.24195492 0.6327498 0.2633827 0.30172178 0.2907147 0.24108301 0.24654503 0.42210132 0.31343514 0.29475492 0.3232514 0.21576431 0.22119033 0.29729268 0.24146014 0.42250246 0.47879773 0.25195777 0.36338845 0.23196141 0.28436184 0.5370222 0.29452148 0.28140393 0.28860378 0.48717588 0.6598124 0.7262639 0.34310147 0.36653113 0.5484382 0.24730808 0.30878296 0.2858289 0.3515332 0.3049349 0.46776205 0.3826623 0.30294314 0.21041399 0.23549962 0.29471797 0.32579044 0.315869 0.26413998 0.90279704 0.3042451 0.39800197 0.31575638 0.3619032 0.3184161 0.28881127 0.29744712 0.38939467 0.22779857 0.40468326 0.21796337 0.3132685 0.36753067 0.60464 0.2994436 0.28912672 0.43969017 0.2845091 0.89803237 0.30951807 0.43878028 0.24147068 0.5161375 0.4130505 0.23335707 0.35709175 0.23902114 0.3115406 1.0368388 0.3144031 0.46994358 0.3332723 0.28416434 0.35968313 0.28456894 0.3706108 0.3069179 0.19473968 0.28117755 0.26127696 0.29515234 0.28551865 0.640955 0.27920797 0.34841365 0.37523648 0.32799006 0.29459324 0.3429152 0.3104942 0.48321968 0.29976133 0.30972028 0.27480114 0.34820142 0.24039665 0.27785102 0.32026124 0.31702608 0.2680457 0.2980548 1.0337814 0.31090733 0.26911768 0.27407768 0.4217876 0.50579727 0.7633176 0.18404488 0.3043283 0.3246984 0.3652823 0.31546223 0.3237936 0.2782977 0.3513208 0.538558 0.32297492 0.5965045 0.30162722 0.35810602 0.27243432 0.3381578 0.24516068 0.157384 0.23827909 0.09786858 0.20091493 0.2582115 0.15272091 0.3026231 0.21401323 0.32625762 0.22778963 0.2999084 0.35642424 0.28760135 0.21824329 0.13710411 0.19679286 0.2550987 0.51739985 0.15375488 0.21656744 0.1260043 0.23289965 0.13647008 0.23052558 0.13017634 0.13867742 0.14147733 0.123125404 0.21129847 0.12909237 0.11082516 0.12738852 0.2064462 0.32255885 0.22598928 0.21191764 0.12122298 0.22839074 0.32621896 0.35228586 0.0847436 0.32172742 0.09114881 0.116143495 0.11156821 0.2133443 0.25234002 0.12256781 0.2735426 0.11654445 0.06262829 0.19452703 0.15929072 0.21903104 0.12380786 0.11815221 0.15055886 0.123693466 0.20465761 0.23069264 0.37882516 0.34405845 0.14045714 0.15992433 0.19713981 0.10465734 0.17182988 0.1466282 0.17046537 0.24572411 0.5348321 0.24596202 0.1304103 0.17821912 0.16105689 0.33259255 0.13389009 0.19682337 0.1828176 0.13600145 0.13633062 0.16706677 0.18834813 0.22225693 0.23008397 0.19762833 0.1796715 0.13295498 0.18612279 0.16565563 0.20566703 0.15292235 0.1014544 0.26757637 0.18376547 0.14462471 0.1926319 0.2144092 0.06712683 0.09787322 0.119503036 0.21080922 0.17432852 0.18057002 0.19742304 0.19247627 0.15705593 0.13396919 0.123783775 0.083101526 0.10819561 0.09780147 0.19451989 0.13250396 0.1544864 0.11848733 0.15227726 0.15397757 0.3182557 0.21235937 0.19219857 0.1816253 0.5398453 0.20046656 0.28862545 0.17456296 0.33942 0.20448883 0.1702066 0.11868856 0.17716299 0.31689626 0.296925 0.2138344 0.23163056 0.17195906 0.18123575 0.22177632 0.16364682 0.17153291 0.15337028 0.1907207 0.23679385 0.2035009 0.06580116 0.12652709 0.08558849 0.19424677 0.30789915 0.22587115 0.17201781 0.17186722 0.35325965 0.13841623 0.18578832 0.20981441 0.25390396 0.21786849 0.34098586 0.24275686 0.17500374 0.143056 0.11272886 0.22911838 0.21336253 0.23748113 0.237362 0.13888474 0.12724422 0.17655127 0.10039442 0.14113429 0.1482843 0.109868445 0.26150957 0.1977611 0.6181385 0.29372433 0.26926064 0.32605127 0.15102364 0.1437487 0.12420964 0.28606176 0.24848454 0.24647635 0.14338069 0.14411514 0.2206765 0.2156231 0.24353862 0.18059216 0.21393557 0.36363536 0.23665988 0.1591972 0.18236625 0.11316431 0.299177 0.17874125 0.19084431 0.1889067 0.23997997 0.1400379 0.19696175 0.20082827 0.19163577 0.1726191 0.119783126 0.15452768 0.1343016 0.200142 0.11958406 0.08894215 0.07890713 0.15230475 0.1841889 0.22005592 0.19276854 0.09677299 0.18895766 0.15764837 0.15228158 0.12388324 0.3106058 0.0998415 0.14409289 0.09133091 0.24060696 0.0698142 0.3129822 0.3052327 0.23796019 0.32154796 0.20406616 0.16240084 0.13111232 0.12372282 0.31780168 0.23541969 0.26067367 0.18954282 0.22543731 0.1626699 0.3759531 0.2272255 0.16882151 0.20888071 0.22391333 0.16699065 0.27784377 0.11708246 0.15849698 0.11742085 0.15517803,0.0021408864 0.0023074246 0.002352043 0.0027431706 0.002360025 0.0020456216 0.0025248714 0.0029699984 0.0033298426 0.0026275576 0.003517505 0.0024705243 0.0027542156 0.0019707102 0.0019020501 0.004381562 0.0041793035 0.0021956658 0.0021109467 0.0027671102 0.0027210955 0.0022361772 0.0026340478 0.0035047093 0.0033220528 0.0025366622 0.0023278117 0.0023068667 0.0022709137 0.0017663763 0.004048844 0.0035535062 0.00315149 0.003307627 0.002173203 0.0023995717 0.0025913944 0.0024320125 0.0021390303 0.0021042863 0.0019111148 0.0023484856 0.0017596643 0.0023044762 0.003728075 0.0025002966 0.002416367 0.0018790894 0.003339316 0.0029155381 0.0032298823 0.0025516388 0.0020113522 0.0040115207 0.0015915487 0.0026365984 0.0020336192 0.0020003794 0.0026821739 0.0060570375 0.002552947 0.0037597974 0.0022731929 0.004143678 0.0025373169 0.0063036466 0.002721854 0.002437241 0.0023117033 0.0033501002 0.008927993 0.0030013756 0.0021240523 0.003077015 0.0023270966 0.0025262744 0.0022197566 0.005327893 0.002556255 0.003566689 0.0039853 0.0023236957 0.0023604527 0.0016835191 0.0040626344 0.0035720808 0.0027883912 0.0028424792 0.0024750142 0.0055547906 0.003558371 0.0026492593 0.0019455362 0.002152243 0.0035070248 0.0033244486 0.0020760559 0.0028938216 0.0017093405 0.0022403554 0.004613809 0.0022452911 0.0034923367 0.0028094377 0.0035354055 0.0016786696 0.002920452 0.0028907005 0.0019438033 0.005520408 0.0029292773 0.0018795696 0.00876126 0.0032116575 0.0029573333 0.0024817365 0.0021206948 0.0023618378 0.0020138263 0.0037475368 0.0019897 0.002233425 0.0030445002 0.0023290259 0.0020629228 0.005152336 0.00184797 0.0019051569 0.004982282 0.0020738796 0.002375762 0.0022890922 0.0018982914 0.0019412994 0.0033236325 0.0024679932 0.002320905 0.0025452867 0.0016989316 0.0017416562 0.0023408872 0.0019012609 0.003326791 0.0037700608 0.0019839194 0.0028613263 0.0018264678 0.0022390697 0.004228521 0.0023190668 0.002215779 0.0022724706 0.0038360306 0.005195373 0.005718613 0.0027015863 0.002886072 0.004318411 0.0019473077 0.002431362 0.002250621 0.002767978 0.002401062 0.0036831659 0.0030130888 0.002385379 0.0016568031 0.0018543277 0.002320614 0.002565279 0.0024871575 0.0020798424 0.007108638 0.0023956308 0.0031338737 0.0024862706 0.0028496315 0.0025072133 0.0022741044 0.0023421033 0.0030660997 0.0017936894 0.0031864825 0.001716247 0.0024666812 0.0028939424 0.0047609448 0.0023578235 0.0022765885 0.0034621274 0.0022402292 0.007071121 0.00243715 0.0034549627 0.0019013439 0.0040640747 0.003252366 0.0018374573 0.0028117462 0.0018820562 0.0024530757 0.0081640845 0.002475615 0.0037003432 0.0026241913 0.0022375146 0.0028321506 0.0022407002 0.0029181952 0.0024166764 0.0015333834 0.0022139964 0.0020572988 0.0023240342 0.0022481782 0.0050468897 0.002198488 0.0027434146 0.002954618 0.002582599 0.0023196319 0.0027001197 0.0024448363 0.0038048795 0.0023603253 0.0024387424 0.0021637885 0.0027417436 0.0018928869 0.0021878032 0.0025217421 0.0024962684 0.002110596 0.0023468884 0.008140011 0.0024480892 0.0021190369 0.002158092 0.0033211622 0.0039826557 0.0060103745 0.0014491723 0.0023962858 0.0025566802 0.0028762387 0.0024839547 0.0025495559 0.0021913205 0.0027663056 0.0042406144 0.0025431097 0.004696886 0.0023750174 0.0028197325 0.002145152 0.0026626599 0.0019303991 0.001239244 0.0018762134 0.00077061873 0.0015820074 0.0020331615 0.0012025269 0.002382859 0.0016851436 0.0025689576 0.0017936191 0.0023614834 0.00280649 0.0022645777 0.001718451 0.0010795599 0.0015495501 0.0020086512 0.0040740147 0.0012106684 0.0017052555 0.0009921598 0.0018338555 0.0010745676 0.001815162 0.0010250105 0.0010919481 0.0011139947 0.0009694914 0.0016637675 0.0010164754 0.00087263907 0.0010030592 0.0016255607 0.0025398335 0.0017794431 0.0016686429 0.00095451163 0.0017983522 0.0025686533 0.0027739045 0.0006672724 0.0025332868 0.00071770715 0.0009145157 0.00087848987 0.0016798765 0.0019869292 0.0009651009 0.0021538788 0.0009176728 0.0004931362 0.0015317089 0.0012542576 0.0017246539 0.00097486505 0.00093033235 0.0011855029 0.0009739643 0.0016114772 0.0018164775 0.0029828753 0.0027091217 0.0011059617 0.0012592467 0.001552282 0.0008240735 0.0013529912 0.0011545528 0.001342247 0.0019348356 0.0042112763 0.0019367088 0.0010268528 0.0014033002 0.0012681645 0.002618839 0.0010542527 0.0015497904 0.0014395086 0.0010708775 0.0010734694 0.0013154864 0.0014830561 0.0017500545 0.0018116848 0.0015561286 0.0014147362 0.0010468897 0.0014655337 0.001304375 0.0016194255 0.001204113 0.0007988535 0.0021069006 0.0014469723 0.0011387772 0.0015167866 0.0016882614 0.00052855775 0.0007706553 0.0009409688 0.0016599151 0.0013726655 0.0014218112 0.0015545122 0.0015155612 0.0012366609 0.0010548754 0.0009746754 0.0006543427 0.00085193396 0.0007700903 0.0015316526 0.0010433382 0.0012164284 0.0009329711 0.0011990336 0.0012124218 0.0025059504 0.001672121 0.0015133746 0.0014301206 0.0042507504 0.0015784769 0.0022726413 0.0013745115 0.0026725985 0.0016101482 0.0013402095 0.0009345556 0.0013949842 0.0024952462 0.0023379922 0.0016837355 0.0018238627 0.0013540083 0.0014270531 0.0017462702 0.0012885577 0.0013506529 0.0012076399 0.0015017379 0.0018645185 0.0016023692 0.00051811937 0.0009962763 0.00067392515 0.0015295021 0.0024244026 0.001778513 0.001354471 0.0013532852 0.002781572 0.0010898915 0.0014629002 0.001652082 0.0019992436 0.0017154999 0.002684928 0.0019114714 0.0013779822 0.0011264252 0.0008876288 0.0018040817 0.0016800199 0.0018699302 0.0018689921 0.0010935806 0.001001923 0.0013901675 0.00079050724 0.0011112937 0.0011675929 0.0008651059 0.0020591305 0.001557174 0.0048672324 0.00231279 0.0021201626 0.0025673327 0.0011891625 0.0011318795 0.0009780286 0.0022524549 0.0019565711 0.0019407587 0.0011289818 0.0011347649 0.0017376102 0.0016978197 0.0019176269 0.0014219856 0.001684532 0.0028632705 0.0018634637 0.0012535212 0.0014359547 0.0008910576 0.0023557243 0.0014074114 0.0015027111 0.0014874543 0.001889606 0.0011026605 0.0015508799 0.001581325 0.001508943 0.0013592056 0.00094317424 0.0012167534 0.0010574929 0.0015759212 0.00094160676 0.0007003319 0.000621316 0.00119925 0.0014503063 0.0017327238 0.0015178625 0.00076199207 0.0014878556 0.0012413258 0.0011990676 0.0009754586 0.002445715 0.00078615354 0.0011345897 0.000719141 0.0018945431 0.0005497181 0.0024644267 0.0024034071 0.0018737023 0.0025318738 0.0016068202 0.0012787468 0.0010323805 0.0009741954 0.0025023755 0.0018536984 0.0020525486 0.0014924632 0.001775097 0.0012808653 0.0029602607 0.0017891772 0.0013293033 0.00164473 0.001763097 0.0013148871 0.0021877463 0.0009219092 0.0012480076 0.00092457363 0.0012218743,
600,512,,,0.0059064017 0.0059064017 0.0059064017 0.0059064017 0.0059064017 0.0059064017 0.0059064017 0.0059064017 0.0059064017 0.0059064017 0.0059064017 0.0059064017 0.0059064017 0.0059064017 0.0059064017 0.0059064017 0.0059064017 0.0059064017 0.0059064017 0.0059064017 0.0059064017 0.0059064017 0.0059064017 0.0059064017 0.0059064017 0.0059064017 0.0059064017 0.0059064017 0.0059064017 0.0059064017 0.0059064017 0.0059064017 0.0059064017 0.0059064017 0.0059064017 0.0059064017 0.0059064017 0.0059064017 0.0059064017 0.0059064017 0.0059064017 0.0059064017 0.0059064017 0.0059064017 0.0059064017 0.0059064017 0.0059064017 0.0059064017 0.0059064017 0.0059064017 0.0059064017 0.0059064017 0.0059064017 0.0059064017 0.0059064017 0.0059064017 0.0059064017 0.0059064017 0.0059064017 0.0059064017 0.0059064017 0.0059064017 0.0059064017 0.0059064017 0.0059064017 0.0059064017 0.0059064017 0.0059064017 0.0059064017 0.0059064017 0.0059064017 0.0059064017 0.0059064017 0.0059064017 0.0059064017 0.0059064017 0.0059064017 0.0059064017 0.0059064017 0.0059064017 0.0059064017 0.0059064017 0.0059064017 0.0059064017 0.0059064017 0.0059064017 0.0059064017 0.0059064017 0.0059064017 0.0059064017 0.0059064017 0.0059064017 0.0059064017 0.0059064017 0.0059064017 0.0059064017 0.0059064017 0.0059064017 0.0059064017 0.0059064017 0.0059064017 0.0059064017 0.0059064017 0.0059064017 0.0059064017 0.0059064017 0.0059064017 0.0059064017 0.0059064017 0.0059064017 0.0059064017 0.0059064017 0.0059064017 0.0059064017 0.0059064017 0.0059064017 0.0059064017 0.0059064017 0.0059064017 0.0059064017 0.0059064017 0.0059064017 0.0059064017 0.0059064017 0.0059064017 0.0059064017 0.0059064017 0.0059064017 0.0059064017 0.0059064017 0.0059064017 0.0059064017 0.0059064017 0.0059064017 0.0059064017 0.0059064017 0.0059064017 0.0059064017 0.0059064017 0.0059064017 0.0059064017 0.0059064017 0.0059064017 0.0059064017 0.0059064017 0.0059064017 0.0059064017 0.0059064017 0.0059064017 0.0059064017 0.0059064017 0.0059064017 0.0059064017 0.0059064017 0.0059064017 0.0059064017 0.0059064017 0.0059064017 0.0059064017 0.0059064017 0.0059064017 0.0059064017 0.0059064017 0.0059064017 0.0059064017 0.0059064017 0.0059064017 0.0059064017 0.0059064017 0.0059064017 0.0059064017 0.0059064017 0.0059064017 0.0059064017 0.0059064017 0.0059064017 0.0059064017 0.0059064017 0.0059064017 0.0059064017 0.0059064017 0.0059064017 0.0059064017 0.0059064017 0.0059064017 0.0059064017 0.0059064017 0.0059064017 0.0059064017 0.0059064017 0.0059064017 0.0059064017 0.0059064017 0.0059064017 0.0059064017 0.0059064017 0.0059064017 0.0059064017 0.0059064017 0.0059064017 0.0059064017 0.0059064017 0.0059064017 0.0059064017 0.0059064017 0.0059064017 0.0059064017 0.0059064017 0.0059064017 0.0059064017 0.0059064017 0.0059064017 0.0059064017 0.0059064017 0.0059064017 0.0059064017 0.0059064017 0.0059064017 0.0059064017 0.0059064017 0.0059064017 0.0059064017 0.0059064017 0.0059064017 0.0059064017 0.0059064017 0.0059064017 0.0059064017 0.0059064017 0.0059064017 0.0059064017 0.0059064017 0.0059064017 0.0059064017 0.0059064017 0.0059064017 0.0059064017 0.0059064017 0.0059064017 0.0059064017 0.0059064017 0.0059064017 0.0059064017 0.0059064017 0.0059064017 0.0059064017 0.0059064017 0.0059064017 0.0059064017 0.0059064017 0.0059064017 0.0059064017 0.0059064017 0.0059064017 0.0059064017 0.0059064017 0.0059064017 0.0059064017 0.0059064017 0.0059064017 0.0059064017 0.0059064017 0.0059064017 0.0059064017 0.0059064017 0.0059064017 0.0059064017 0.0059064017 0.0059064017 0.0059064017 0.0059064017 0.0059064017 0.0059064017 0.0059064017 0.0059064017 0.0059064017 0.0059064017 0.0059064017 0.0059064017 0.0059064017 0.0059064017 0.0059064017 0.0059064017 0.0059064017 0.0059064017 0.0059064017 0.0059064017 0.0059064017 0.0059064017 0.0059064017 0.0059064017 0.0059064017 0.0059064017 0.0059064017 0.0059064017 0.0059064017 0.0059064017 0.0059064017 0.0059064017 0.0059064017 0.0059064017 0.0059064017 0.0059064017 0.0059064017 0.0059064017 0.0059064017 0.0059064017 0.0059064017 0.0059064017 0.0059064017 0.0059064017 0.0059064017 0.0059064017 0.0059064017 0.0059064017 0.0059064017 0.0059064017 0.0059064017 0.0059064017 0.0059064017 0.0059064017 0.0059064017 0.0059064017 0.0059064017 0.0059064017 0.0059064017 0.0059064017 0.0059064017 0.0059064017 0.0059064017 0.0059064017 0.0059064017 0.0059064017 0.0059064017 0.0059064017 0.0059064017 0.0059064017 0.0059064017 0.0059064017 0.0059064017 0.0059064017 0.0059064017 0.0059064017 0.0059064017 0.0059064017 0.0059064017 0.0059064017 0.0059064017 0.0059064017 0.0059064017 0.0059064017 0.0059064017 0.0059064017 0.0059064017 0.0059064017 0.0059064017 0.0059064017 0.0059064017 0.0059064017 0.0059064017 0.0059064017 0.0059064017 0.0059064017 0.0059064017 0.0059064017 0.0059064017 0.0059064017 0.0059064017 0.0059064017 0.0059064017 0.0059064017 0.0059064017 0.0059064017 0.0059064017 0.0059064017 0.0059064017 0.0059064017 0.0059064017 0.0059064017 0.0059064017 0.0059064017 0.0059064017 0.0059064017 0.0059064017 0.0059064017 0.0059064017 0.0059064017 0.0059064017 0.0059064017 0.0059064017 0.0059064017 0.0059064017 0.0059064017 0.0059064017 0.0059064017 0.0059064017 0.0059064017 0.0059064017 0.0059064017 0.0059064017 0.0059064017 0.0059064017 0.0059064017 0.0059064017 0.0059064017 0.0059064017 0.0059064017 0.0059064017 0.0059064017 0.0059064017 0.0059064017 0.0059064017 0.0059064017 0.0059064017 0.0059064017 0.0059064017 0.0059064017 0.0059064017 0.0059064017 0.0059064017 0.0059064017 0.0059064017 0.0059064017 0.0059064017 0.0059064017 0.0059064017 0.0059064017 0.0059064017 0.0059064017 0.0059064017 0.0059064017 0.0059064017 0.0059064017 0.0059064017 0.0059064017 0.0059064017 0.0059064017 0.0059064017 0.0059064017 0.0059064017 0.0059064017 0.0059064017 0.0059064017 0.0059064017 0.0059064017 0.0059064017 0.0059064017 0.0059064017 0.0059064017 0.0059064017 0.0059064017 0.0059064017 0.0059064017 0.0059064017 0.0059064017 0.0059064017 0.0059064017 0.0059064017 0.0059064017 0.0059064017 0.0059064017 0.0059064017 0.0059064017 0.0059064017 0.0059064017 0.0059064017 0.0059064017 0.0059064017 0.0059064017 0.0059064017 0.0059064017 0.0059064017 0.0059064017 0.0059064017 0.0059064017 0.0059064017 0.0059064017 0.0059064017 0.0059064017 0.0059064017 0.0059064017 0.0059064017 0.0059064017 0.0059064017 0.0059064017 0.0059064017 0.0059064017 0.0059064017 0.0059064017 0.0059064017 0.0059064017 0.0059064017 0.0059064017 0.0059064017 0.0059064017 0.0059064017 0.0059064017 0.0059064017 0.0059064017 0.0059064017 0.0059064017 0.0059064017 0.0059064017 0.0059064017 0.0059064017 0.0059064017 0.0059064017 0.0059064017 0.0059064017 0.0059064017 0.0059064017 0.0059064017,12 12 12 12 12 12 12 12 12 12 12 12 12 12 13 11 11 12 12 12 12 12 12 12 12 12 12 12 12 13 11 12 12 12 12 12 12 12 12 12 13 12 13 12 12 12 12 13 12 12 12 12 12 11 13 12 12 12 12 11 12 12 12 11 12 11 12 12 12 12 10 12 12 12 12 12 12 11 12 12 11 12 12 13 11 12 12 12 12 11 12 12 13 12 12 12 12 12 13 12 11 12 12 12 12 13 12 12 13 11 12 13 10 12 12 12 12 12 12 12 12 12 12 12 12 11 13 13 11 12 12 12 13 13 12 12 12 12 13 13 12 13 12 12 12 12 13 12 11 12 12 12 12 11 11 12 12 11 13 12 12 12 12 12 12 12 13 13 12 12 12 12 11 12 12 12 12 12 12 12 12 13 12 13 12 12 11 12 12 12 12 11 12 12 13 11 12 13 12 13 12 10 12 12 12 12 12 12 12 12 13 12 12 12 12 11 12 12 12 12 12 12 12 12 12 12 12 12 13 12 12 12 12 12 10 12 12 12 12 11 11 13 12 12 12 12 12 12 12 11 12 11 12 12 12 12 13 13 13 14 13 12 13 12 13 12 13 12 12 12 13 13 13 12 11 13 13 13 13 13 13 13 13 13 14 13 13 14 13 13 12 13 13 14 13 12 12 14 12 14 14 14 13 12 14 12 14 14 13 13 13 13 14 13 14 13 13 12 12 13 13 13 14 13 13 13 13 11 13 13 13 13 12 13 13 13 13 13 13 13 13 13 13 13 13 13 13 13 13 14 12 13 13 13 13 14 14 14 13 13 13 13 13 13 13 13 14 14 14 13 13 13 14 13 13 12 13 13 13 11 13 12 13 12 13 13 14 13 12 12 13 13 13 13 13 13 13 13 13 13 13 14 13 14 13 12 13 13 13 12 13 13 13 12 13 12 13 13 13 14 13 13 13 13 13 13 13 14 13 13 14 12 13 11 12 12 12 13 13 13 12 12 13 13 13 13 13 13 13 13 12 13 13 13 14 12 13 13 13 13 13 13 13 13 13 14 13 13 13 14 14 14 13 13 13 13 14 13 13 13 13 12 14 13 14 13 14 12 12 13 12 13 13 13 14 12 13 12 13 13 13 12 13 13 13 13 13 12 14 13 14 13
609,3x3x256x128,0.4527215 0.64038783 0.429495 0.39702848 0.9248815 0.40002283 0.2008926 0.9103103 0.7087922 0.3025197 0.50691736 0.18920316 0.4772365 0.24079943 0.50050217 0.58311784 0.5058625 0.3726534 0.47232082 0.7246279 0.32824898 0.5159844 0.47854456 0.24003023 0.4781755 0.3898802 0.2793366 0.4003172 0.64896125 0.32706386 0.6517867 0.15575871 1.597224 0.6027723 0.23572634 0.2798246 0.27489403 0.27247122 0.37083933 0.30552092 0.45403236 0.32377088 0.40112764 0.63132143 1.1815652 0.39284626 0.6632304 0.44837722 0.5828532 0.42888278 0.34742117 0.5529704 0.32288057 0.52330565 0.6612616 0.65837675 0.717564 1.1130346 0.33679447 1.0182402 0.37506598 0.5017209 0.2061119 0.38950324 0.61491805 0.3497203 0.3318285 0.7546666 0.61985797 0.3530118 0.4359023 0.6902804 0.34898373 0.3502333 0.5344893 0.6266208 0.48400226 0.44785494 0.25873128 0.49777713 0.24179019 0.464294 0.64588237 0.5161986 0.63248694 0.30900052 0.36953962 0.9404068 0.23754859 0.31124854 0.56697303 0.53201586 0.34620517 0.40149805 0.4976587 0.444513 0.43390778 0.8083142 0.30135643 0.23526946 0.64686435 1.1410203 0.7867559 0.30563298 0.46864372 0.40968266 0.47342956 0.36424184 0.25393057 0.5833806 0.43939653 0.5148239 0.39051467 0.26377216 0.3385284 0.32859322 0.6423847 0.75971735 0.44151014 0.7530616 0.51271063 0.38861412 0.44147897 0.6742805 0.6807389 0.33570832 0.51393336 0.86951405,0.45266625 0.6403097 0.42944258 0.39698002 0.9247687 0.39997402 0.20086807 0.9101992 0.70870566 0.30248278 0.5068555 0.18918008 0.47717825 0.24077004 0.5004411 0.5830467 0.5058007 0.37260792 0.4722632 0.7245395 0.32820892 0.5159214 0.47848618 0.24000093 0.47811714 0.38983265 0.2793025 0.40026832 0.6488821 0.32702392 0.6517072 0.15573971 1.5970291 0.60269874 0.23569758 0.27979046 0.2748605 0.27243796 0.3707941 0.30548364 0.45397693 0.32373136 0.4010787 0.6312444 1.181421 0.39279833 0.6631495 0.4483225 0.58278203 0.42883042 0.3473788 0.4492463 0.32284117 0.52324176 0.6611809 0.6582964 0.7174764 0.7999342 0.33675337 0.7318058 0.3750202 0.50165963 0.20608674 0.3894557 0.614843 0.34967762 0.331788 0.75457454 0.6197823 0.35296872 0.4358491 0.45297015 0.34894115 0.35019055 0.534424 0.62654436 0.4839432 0.44780028 0.25869972 0.49771637 0.24176067 0.4642373 0.6458035 0.5161356 0.63240975 0.3089628 0.3694945 0.7640088 0.2375196 0.31121057 0.5669038 0.5319509 0.34616295 0.40144905 0.49759796 0.44445872 0.43385482 0.80821556 0.30131966 0.23524074 0.6467854 0.7131029 0.7866599 0.3055957 0.46858653 0.40963268 0.4733718 0.3641974 0.25389957 0.3099165 0.4393429 0.5147611 0.39046702 0.26373997 0.33848706 0.32855314 0.64230627 0.75962466 0.44145626 0.44711307 0.51264805 0.38856667 0.44142509 0.67419827 0.68065584 0.33566737 0.5138706 0.8694079,0.0035643012 0.005041809 0.0033814376 0.0031258268 0.0072816433 0.0031494016 0.0015816384 0.007166923 0.0055803596 0.002381754 0.0039909882 0.0014896069 0.003757309 0.0018958271 0.0039404808 0.004590919 0.0039826827 0.0029339206 0.0037186078 0.0057050358 0.0025843221 0.004062373 0.0037676077 0.0018897711 0.0037647018 0.0030695484 0.0021992323 0.003151719 0.005109308 0.0025749914 0.0051315525 0.0012262969 0.012575032 0.0047456594 0.0018558864 0.0022030745 0.0021642558 0.0021451807 0.0029196385 0.002405383 0.0035746214 0.0025490657 0.0031581 0.0049704285 0.009302528 0.0030929004 0.0052216495 0.0035300984 0.004588835 0.0033766173 0.002735266 0.0035373725 0.0025420564 0.0041200137 0.005206149 0.0051834364 0.005649421 0.0062986948 0.0026516013 0.0057622506 0.002952915 0.0039500757 0.0016227303 0.0030665803 0.0048412834 0.0027533672 0.002612504 0.0059415316 0.004880176 0.0027792812 0.0034318827 0.003566694 0.002747568 0.0027574059 0.0042080632 0.00493342 0.0038105764 0.0035259863 0.0020370057 0.0039190263 0.0019036273 0.0036554118 0.005085067 0.00406406 0.0049796044 0.0024327778 0.0029094054 0.0060158176 0.0018702331 0.0024504769 0.0044638095 0.0041885898 0.0027256925 0.0031610162 0.003918094 0.003499675 0.0034161797 0.0063639022 0.0023725957 0.0018522893 0.0050927983 0.0056149834 0.0061941724 0.0024062654 0.0036896577 0.0032254541 0.003727337 0.002867696 0.0019992092 0.0024402873 0.0034593928 0.004053237 0.0030745436 0.0020766926 0.0026652524 0.0025870325 0.0050575295 0.0059812968 0.0034760335 0.0035205754 0.004036599 0.00305958 0.003475788 0.0053086476 0.0053594946 0.0026430502 0.004046225 0.0068457313,
610,128,,,0.004594058 0.004594058 0.004594058 0.004594058 0.004594058 0.004594058 0.004594058 0.004594058 0.004594058 0.004594058 0.004594058 0.004594058 0.004594058 0.004594058 0.004594058 0.004594058 0.004594058 0.004594058 0.004594058 0.004594058 0.004594058 0.004594058 0.004594058 0.004594058 0.004594058 0.004594058 0.004594058 0.004594058 0.004594058 0.004594058 0.004594058 0.004594058 0.004594058 0.004594058 0.004594058 0.004594058 0.004594058 0.004594058 0.004594058 0.004594058 0.004594058 0.004594058 0.004594058 0.004594058 0.004594058 0.004594058 0.004594058 0.004594058 0.004594058 0.004594058 0.004594058 0.004594058 0.004594058 0.004594058 0.004594058 0.004594058 0.004594058 0.004594058 0.004594058 0.004594058 0.004594058 0.004594058 0.004594058 0.004594058 0.004594058 0.004594058 0.004594058 0.004594058 0.004594058 0.004594058 0.004594058 0.004594058 0.004594058 0.004594058 0.004594058 0.004594058 0.004594058 0.004594058 0.004594058 0.004594058 0.004594058 0.004594058 0.004594058 0.004594058 0.004594058 0.004594058 0.004594058 0.004594058 0.004594058 0.004594058 0.004594058 0.004594058 0.004594058 0.004594058 0.004594058 0.004594058 0.004594058 0.004594058 0.004594058 0.004594058 0.004594058 0.004594058 0.004594058 0.004594058 0.004594058 0.004594058 0.004594058 0.004594058 0.004594058 0.004594058 0.004594058 0.004594058 0.004594058 0.004594058 0.004594058 0.004594058 0.004594058 0.004594058 0.004594058 0.004594058 0.004594058 0.004594058 0.004594058 0.004594058 0.004594058 0.004594058 0.004594058 0.004594058,14 13 14 14 13 14 15 13 13 14 13 15 14 15 13 13 13 14 14 13 14 13 14 15 14 14 14 14 13 14 13 15 12 13 15 14 14 14 14 14 14 14 14 13 12 14 13 14 13 14 14 14 14 13 13 13 13 13 14 13 14 13 15 14 13 14 14 13 13 14 14 14 14 14 13 13 14 14 14 13 15 14 13 13 13 14 14 13 15 14 13 13 14 14 13 14 14 13 14 15 13 13 13 14 14 14 14 14 14 14 14 13 14 14 14 14 13 13 14 14 13 14 14 13 13 14 13 13
615,3x3x128x256,0.21327664 0.20385838 0.25711808 0.11790751 0.15526833 0.09734893 0.25431055 0.4388426 0.28385654 0.31560212 0.11110194 0.09920085 0.25261873 0.13959335 0.19799869 0.10552166 0.24403867 0.20315917 0.14131285 0.15119512 0.3444809 0.21268584 0.22908655 0.29917786 0.2557294 0.30158007 0.17655838 0.1163093 0.37964922 0.12962824 0.23210067 0.10865831 0.21160784 0.17478132 0.27122673 0.19242997 0.3354561 0.310476 0.13679144 0.2742901 0.14243579 0.21154155 0.14179897 0.12885319 0.078563884 0.14616759 0.27366656 0.28385887 0.3785273 0.32857862 0.21426658 0.10071647 0.21725845 0.14567967 0.09262829 0.29119086 0.30743104 0.26222256 0.37974218 0.33780542 0.17002037 0.30409986 0.27254936 0.1839401 0.13578492 0.16090617 0.19342798 0.19706148 0.43233213 0.19392726 0.1939023 0.19226596 0.19922778 0.113569856 0.20005469 0.08393714 0.2011597 0.12138924 0.15899526 0.41376048 0.15140328 0.3688808 0.25126633 0.27022853 0.21170029 0.20382415 0.39201418 0.18946233 0.10673654 0.2609468 0.17172506 0.18340656 0.1772023 0.21317255 0.20305322 0.16584088 0.18050641 0.15455508 0.2603219 0.06612194 0.17900003 0.10219069 0.15879016 0.07553218 0.1389074 0.25429302 0.31508327 0.1693173 0.19807816 0.1730299 0.10431945 0.13077202 0.14902458 0.25012538 0.106859654 0.0803354 0.13331725 0.25624064 0.11757734 0.20394237 0.28159127 0.15268534 0.30000967 0.20763406 0.19824743 0.26909307 0.29046226 0.232906 0.1416006 0.32132715 0.20778729 0.29029393 0.08849662 0.2439974 0.22900654 0.17266265 0.18224685 0.36587563 0.11434525 0.15812385 0.3723851 0.11908326 0.20213838 0.38785416 0.32793903 0.31150973 0.17831151 0.24161734 0.28996733 0.20396917 0.17770022 0.11641624 0.16007298 0.31430334 0.22219278 0.19544381 0.089167066 0.17165066 0.14045835 0.19333479 0.34664163 0.23877229 0.11127441 0.1334276 0.20490165 0.1838858 0.21991664 0.5206793 0.11860496 0.1627524 0.14363405 0.068580836 0.46554035 0.18798104 0.19212732 0.304317 0.13415025 0.48420116 0.34111777 0.25059748 0.39273757 0.23365223 0.09043412 0.32085863 0.15069117 0.16640611 0.14383867 0.16809148 0.09267131 0.32761464 0.119902804 0.2820555 0.16317073 0.22147779 0.13339193 0.18148534 0.16772412 0.30144304 0.13815585 0.079586156 0.27898976 0.14128281 0.23708758 0.28032973 0.215691 0.2064392 0.21528143 0.30046758 0.19478433 0.14247705 0.10170037 0.13106653 0.14759247 0.06826203 0.1526462 0.26501355 0.21421099 0.33181807 0.2522957 0.33441988 0.14760228 0.13497086 0.23317364 0.08701702 0.27209893 0.2459529 0.07020359 0.23076001 0.08367017 0.18944538 0.104276255 0.15793751 0.2496019 0.19135721 0.13345979 0.41412458 0.20694473 0.24525607 0.12135191 0.33480027 0.068687685 0.1130464 0.2317235 0.43556672 0.42692125 0.35202762 0.32812923 0.4425129 0.1389087 0.17649823 0.19199759 0.09132607 0.14357893 0.1267198 0.25423902 0.09647747,0.21325062 0.2038335 0.2570867 0.117893115 0.15524939 0.09733705 0.2542795 0.43878904 0.28382188 0.3155636 0.11108838 0.099188745 0.25258788 0.1395763 0.19797453 0.105508775 0.2440089 0.20313437 0.1412956 0.15117666 0.34443888 0.21265988 0.2290586 0.29914135 0.2556982 0.30154327 0.17653683 0.11629511 0.3796029 0.12961243 0.23207234 0.108645044 0.21158202 0.17475998 0.27119365 0.19240649 0.33541518 0.3104381 0.13677473 0.27425665 0.14241841 0.21151574 0.14178166 0.12883745 0.078554295 0.14614975 0.27363318 0.2838242 0.37848112 0.32853854 0.21424043 0.100704186 0.21723193 0.14566189 0.09261698 0.2911553 0.30739352 0.26219055 0.37969583 0.33776417 0.16999961 0.30406272 0.2725161 0.18391764 0.13576835 0.16088653 0.19340438 0.19703743 0.43227935 0.19390358 0.19387864 0.1922425 0.19920348 0.11355599 0.20003027 0.083926894 0.20113514 0.12137442 0.15897585 0.41370997 0.1513848 0.3688358 0.25123566 0.27019557 0.21167445 0.20379926 0.3919663 0.18943922 0.10672351 0.26091498 0.1717041 0.18338418 0.17718066 0.21314654 0.20302844 0.16582064 0.18048437 0.15453622 0.26029012 0.066113874 0.17897819 0.102178216 0.15877077 0.07552297 0.13889046 0.25426197 0.3150448 0.16929665 0.19805397 0.17300878 0.10430672 0.13075607 0.1490064 0.25009483 0.10684661 0.080325596 0.13330097 0.25620934 0.11756299 0.20391747 0.2815569 0.1526667 0.29997307 0.20760873 0.19822325 0.26906022 0.2904268 0.23287758 0.14158332 0.32128793 0.20776193 0.2902585 0.08848582 0.24396761 0.2289786 0.17264158 0.18222462 0.36583096 0.1143313 0.15810455 0.37233967 0.119068734 0.20211372 0.3878068 0.327899 0.31147173 0.17828974 0.24158785 0.28993192 0.20394428 0.17767853 0.11640203 0.16005345 0.31426498 0.22216566 0.19541997 0.08915619 0.17162971 0.1404412 0.19331118 0.3465993 0.13430578 0.11126083 0.13341132 0.20487665 0.18386336 0.2198898 0.52061576 0.11859049 0.16273254 0.14361651 0.06857246 0.46548352 0.1879581 0.19210388 0.30427986 0.13413389 0.48414207 0.34107614 0.2505669 0.39268962 0.23362373 0.09042308 0.32081947 0.15067278 0.1663858 0.14382112 0.16807097 0.09266 0.32757467 0.11988817 0.28202108 0.1631508 0.22145076 0.13337564 0.18146318 0.16770366 0.30140623 0.13813898 0.07957645 0.2789557 0.14126557 0.23705865 0.28029552 0.21566468 0.20641401 0.21525516 0.3004309 0.19476055 0.14245966 0.10168796 0.13105053 0.14757445 0.0682537 0.15262757 0.2649812 0.21418484 0.33177757 0.25226492 0.33437905 0.14758426 0.13495438 0.23314519 0.0870064 0.27206573 0.24592288 0.07019502 0.23073184 0.08365996 0.18942226 0.10426353 0.15791824 0.24957144 0.19133386 0.1334435 0.41407403 0.20691948 0.24522614 0.12133711 0.3347594 0.0686793 0.11303261 0.23169522 0.4355136 0.42686915 0.35198468 0.3280892 0.4424589 0.13889176 0.1764767 0.19197415 0.09131493 0.14356141 0.12670434 0.254208 0.09646569,0.0016791387 0.0016049882 0.0020243046 0.0009282922 0.0012224361 0.0007664335 0.0020022008 0.003455032 0.002234818 0.0024847526 0.00087471167 0.00078101375 0.001988881 0.001099026 0.0015588546 0.00083077775 0.0019213299 0.0015994833 0.0011125638 0.0011903674 0.0027121173 0.0016744873 0.0018036109 0.0023554438 0.0020133718 0.0023743564 0.0013900538 0.0009157095 0.0029889992 0.0010205703 0.0018273413 0.0008554728 0.0016660001 0.0013760629 0.0021353832 0.0015150118 0.0026410643 0.0024443944 0.0010769664 0.0021595012 0.0011214048 0.0016654782 0.001116391 0.0010144681 0.0006185378 0.0011507855 0.002154592 0.0022348363 0.0029801663 0.0025869177 0.0016869325 0.0007929463 0.0017104876 0.001146944 0.0007292676 0.0022925616 0.0024204215 0.0020644926 0.002989731 0.0026595604 0.0013385797 0.0023941947 0.002145796 0.0014481704 0.0010690421 0.001266823 0.0015228691 0.0015514758 0.0034037745 0.0015267999 0.0015266035 0.0015137205 0.0015685313 0.0008941417 0.0015750414 0.0006608417 0.0015837413 0.0009557041 0.0012517783 0.003257559 0.0011920063 0.0029042189 0.0019782337 0.0021275242 0.0016667279 0.0016047186 0.003086349 0.0014916474 0.0008403426 0.0020544487 0.0013520007 0.0014439699 0.0013951233 0.0016783192 0.0015986492 0.0013056743 0.0014211368 0.0012168206 0.0020495285 0.00052058167 0.0014092771 0.00080455287 0.0012501635 0.000594669 0.0010936257 0.0020020627 0.0024806676 0.0013330445 0.0015594801 0.0013622739 0.0008213128 0.0010295754 0.0011732787 0.0019692506 0.0008413119 0.000632485 0.0010496139 0.0020173965 0.0009256928 0.0016056494 0.0022169836 0.0012021001 0.0023619926 0.0016347144 0.0015608129 0.0021185845 0.002286825 0.0018336817 0.0011148293 0.0025298262 0.0016359207 0.0022855 0.0006967388 0.0019210047 0.0018029811 0.0013593825 0.0014348394 0.0028805588 0.00090024644 0.0012449177 0.0029318084 0.0009375491 0.0015914466 0.003053597 0.002581882 0.0024525332 0.0014038562 0.0019022665 0.0022829284 0.0016058604 0.0013990435 0.0009165514 0.0012602634 0.0024745273 0.0017493359 0.0015387399 0.0007020172 0.0013514151 0.0011058361 0.0015221353 0.0027291283 0.0010575257 0.00087606953 0.0010504829 0.0016132019 0.0014477429 0.0017314157 0.0040993365 0.00093378336 0.0012813587 0.0011308386 0.00053994067 0.0036652246 0.0014799851 0.001512629 0.0023959044 0.0010561724 0.0038121422 0.0026856388 0.0019729678 0.0030920443 0.001839557 0.00071199273 0.0025261375 0.0011863998 0.0013101244 0.0011324497 0.0013233934 0.0007296063 0.0025793281 0.00094400137 0.0022206383 0.001284652 0.0017437068 0.001050202 0.0014288439 0.0013205012 0.0023732774 0.0010877085 0.0006265862 0.0021965015 0.0011123273 0.0018666036 0.0022070513 0.0016981472 0.0016253073 0.0016949225 0.0023655975 0.0015335476 0.0011217296 0.0008006926 0.0010318939 0.0011620036 0.00053743075 0.0012017919 0.0020864662 0.0016864948 0.0026124218 0.0019863378 0.002632906 0.0011620808 0.0010626329 0.001835789 0.00068508973 0.0021422498 0.0019364007 0.00055271666 0.0018167861 0.0006587399 0.0014915139 0.00082097267 0.0012434508 0.0019651295 0.0015065658 0.0010507363 0.0032604255 0.0016292873 0.0019309145 0.0009554103 0.0026359009 0.00054078194 0.0008900206 0.0018243719 0.0034292408 0.0033611744 0.0027715329 0.0025833796 0.0034839283 0.0010936359 0.0013895803 0.0015116074 0.0007190152 0.0011304048 0.000997672 0.0020016378 0.0007595724,
616,256,,,0.0047707255 0.0047707255 0.0047707255 0.0047707255 0.0047707255 0.0047707255 0.0047707255 0.0047707255 0.0047707255 0.0047707255 0.0047707255 0.0047707255 0.0047707255 0.0047707255 0.0047707255 0.0047707255 0.0047707255 0.0047707255 0.0047707255 0.0047707255 0.0047707255 0.0047707255 0.0047707255 0.0047707255 0.0047707255 0.0047707255 0.0047707255 0.0047707255 0.0047707255 0.0047707255 0.0047707255 0.0047707255 0.0047707255 0.0047707255 0.0047707255 0.0047707255 0.0047707255 0.0047707255 0.0047707255 0.0047707255 0.0047707255 0.0047707255 0.0047707255 0.0047707255 0.0047707255 0.0047707255 0.0047707255 0.0047707255 0.0047707255 0.0047707255 0.0047707255 0.0047707255 0.0047707255 0.0047707255 0.0047707255 0.0047707255 0.0047707255 0.0047707255 0.0047707255 0.0047707255 0.0047707255 0.0047707255 0.0047707255 0.0047707255 0.0047707255 0.0047707255 0.0047707255 0.0047707255 0.0047707255 0.0047707255 0.0047707255 0.0047707255 0.0047707255 0.0047707255 0.0047707255 0.0047707255 0.0047707255 0.0047707255 0.0047707255 0.0047707255 0.0047707255 0.0047707255 0.0047707255 0.0047707255 0.0047707255 0.0047707255 0.0047707255 0.0047707255 0.0047707255 0.0047707255 0.0047707255 0.0047707255 0.0047707255 0.0047707255 0.0047707255 0.0047707255 0.0047707255 0.0047707255 0.0047707255 0.0047707255 0.0047707255 0.0047707255 0.0047707255 0.0047707255 0.0047707255 0.0047707255 0.0047707255 0.0047707255 0.0047707255 0.0047707255 0.0047707255 0.0047707255 0.0047707255 0.0047707255 0.0047707255 0.0047707255 0.0047707255 0.0047707255 0.0047707255 0.0047707255 0.0047707255 0.0047707255 0.0047707255 0.0047707255 0.0047707255 0.0047707255 0.0047707255 0.0047707255 0.0047707255 0.0047707255 0.0047707255 0.0047707255 0.0047707255 0.0047707255 0.0047707255 0.0047707255 0.0047707255 0.0047707255 0.0047707255 0.0047707255 0.0047707255 0.0047707255 0.0047707255 0.0047707255 0.0047707255 0.0047707255 0.0047707255 0.0047707255 0.0047707255 0.0047707255 0.0047707255 0.0047707255 0.0047707255 0.0047707255 0.0047707255 0.0047707255 0.0047707255 0.0047707255 0.0047707255 0.0047707255 0.0047707255 0.0047707255 0.0047707255 0.0047707255 0.0047707255 0.0047707255 0.0047707255 0.0047707255 0.0047707255 0.0047707255 0.0047707255 0.0047707255 0.0047707255 0.0047707255 0.0047707255 0.0047707255 0.0047707255 0.0047707255 0.0047707255 0.0047707255 0.0047707255 0.0047707255 0.0047707255 0.0047707255 0.0047707255 0.0047707255 0.0047707255 0.0047707255 0.0047707255 0.0047707255 0.0047707255 0.0047707255 0.0047707255 0.0047707255 0.0047707255 0.0047707255 0.0047707255 0.0047707255 0.0047707255 0.0047707255 0.0047707255 0.0047707255 0.0047707255 0.0047707255 0.0047707255 0.0047707255 0.0047707255 0.0047707255 0.0047707255 0.0047707255 0.0047707255 0.0047707255 0.0047707255 0.0047707255 0.0047707255 0.0047707255 0.0047707255 0.0047707255 0.0047707255 0.0047707255 0.0047707255 0.0047707255 0.0047707255 0.0047707255 0.0047707255 0.0047707255 0.0047707255 0.0047707255 0.0047707255 0.0047707255 0.0047707255 0.0047707255 0.0047707255 0.0047707255 0.0047707255 0.0047707255 0.0047707255 0.0047707255 0.0047707255 0.0047707255 0.0047707255 0.0047707255 0.0047707255 0.0047707255 0.0047707255 0.0047707255 0.0047707255 0.0047707255 0.0047707255 0.0047707255 0.0047707255 0.0047707255 0.0047707255 0.0047707255 0.0047707255 0.0047707255,14 14 13 15 14 15 13 13 13 13 15 15 13 14 14 15 14 14 14 14 13 14 14 13 13 13 14 15 13 14 14 15 14 14 13 14 13 13 14 13 14 14 14 14 15 14 13 13 13 13 14 15 14 14 15 13 13 13 13 13 14 13 13 14 14 14 14 14 13 14 14 14 14 15 14 15 14 15 14 13 14 13 13 13 14 14 13 14 15 13 14 14 14 14 14 14 14 14 13 15 14 15 14 15 14 13 13 14 14 14 15 14 14 13 15 15 14 13 15 14 13 14 13 14 14 13 13 14 14 13 14 13 15 14 14 14 14 13 15 14 13 15 14 13 13 13 14 14 13 14 14 15 14 13 14 14 15 14 14 14 13 14 15 14 14 14 14 12 15 14 14 15 13 14 14 13 14 13 13 13 13 14 15 13 14 14 14 14 15 13 15 13 14 14 14 14 14 13 14 15 13 14 14 13 14 14 14 13 14 14 15 14 14 15 14 13 14 13 13 13 14 14 14 15 13 14 15 14 15 14 15 14 13 14 14 13 14 14 15 13 15 15 14 13 13 13 13 13 14 14 14 15 14 14 13 15
624,1x1x256x512,0.27744478 0.2976531 0.357018 0.2833811 0.34796336 0.32287163 0.3671445 0.40739015 0.29957655 0.40004602 0.37599444 0.40961444 0.34690428 0.295232 0.3642361 0.2773847 0.34368962 0.35723376 0.42871895 0.37313512 0.32299498 0.31388527 0.4365087 0.3115011 0.24056885 0.34905905 0.4015921 0.2937742 0.27775905 0.4122498 0.30086082 0.3715352 0.37528208 0.29880637 0.33483046 0.36805895 0.32470503 0.3331996 0.33690447 0.4764839 0.4640653 0.31232625 0.33562684 0.3252823 0.56530875 0.40374157 0.32576895 0.43598393 0.31472757 0.49653164 0.26527423 0.34421784 0.48141503 0.42976335 0.47018772 0.4690112 0.2632574 0.37014353 0.46770486 0.38967845 0.37347525 0.36319548 0.25010064 0.2945201 0.4104041 0.3096537 0.70185846 0.58787024 0.28184336 0.4186614 0.20404886 0.29965624 0.36726254 0.7318133 0.31690732 0.6029503 0.35565674 0.23490389 0.14075164 0.38732082 0.41795564 0.22247641 0.19208312 0.40531075 0.8062645 0.8653014 0.47555912 0.29414338 0.31272468 0.195772 0.5165029 0.28369358 0.28290927 0.61456585 0.61238533 0.30398485 0.3129671 0.23490347 0.5097865 0.29807693 0.15404966 0.56508356 0.35875848 0.69554526 0.2910987 0.14076564 0.349095 0.32765827 0.35008743 0.4184679 0.49189213 0.7721601 0.91698647 0.277052 0.7095691 0.8253782 0.26030776 0.38261318 0.70407724 0.38353667 0.34750593 0.63871264 0.48430887 0.27419007 0.45340174 0.30071694 0.4708631 0.5396013 0.19854826 0.37256563 0.34806097 0.30350664 0.27250758 0.3167293 0.323161 0.26321664 0.22704303 0.26939186 0.29998016 0.33107263 0.27355185 0.3664093 0.35020548 0.28628746 0.35709766 0.33234712 0.3239463 0.20306207 0.23414159 0.37500808 0.3271593 0.25920165 0.30087903 0.23010895 0.2708127 0.26006988 0.33036488 0.32624918 0.26688734 0.2565378 0.30775088 0.33794942 0.31539184 0.40079838 0.27774608 0.3023507 0.26725194 0.39320016 0.28537259 0.2653402 0.27881134 0.46286336 0.27392873 0.5268143 0.295832 0.25829858 0.44538718 0.44091058 0.32190004 0.23849638 0.31834045 0.2787274 0.25413674 0.29586092 0.40217477 0.39811885 0.39185145 0.2818727 0.24988067 0.36699912 0.29404333 0.2824807 0.25249252 0.4354905 0.3785557 0.24542888 0.43581676 0.17538086 0.705597 0.69598514 0.20086195 0.5048719 0.33888534 0.37432832 0.5579912 0.08865463 0.37220648 0.27785227 0.31896576 0.63076717 0.3370193 0.17903781 0.36942372 0.36382023 0.2563551 0.41974804 0.17615962 0.7256572 0.38451403 0.37652025 0.232746 0.17240985 0.29600748 0.32505038 0.3316579 0.29652125 0.84555364 0.238654 0.39359832 0.4204723 0.41101354 0.4008341 0.54684377 0.12755127 0.22767568 0.36391303 0.1236793 0.28886953 0.33165735 0.3927796 0.22901222 0.2780636 0.3955002 0.3282443 0.27597353 0.3268033 0.59691507 0.19219814 0.12665445 0.4976822 0.5569172 0.29714012 0.49066028 0.5295197 0.26436695 0.37634444 0.23018149 0.4088236 0.2281395 0.1628791 0.21925256 0.27251604 0.29400986 0.3513733 0.15517138 0.267442 0.25029582 0.21449344 0.2730326 0.26835343 0.27161998 0.24401745 0.26472232 0.23708661 0.24383463 0.34601516 0.20435672 0.23854475 0.3045679 0.40824497 0.35953376 0.29834083 0.26157677 0.25492707 0.27892616 0.28960672 0.24503407 0.2710631 0.272343 0.34683657 0.30735922 0.22533692 0.2710814 0.2564662 0.37111643 0.37144 0.20268132 0.25918183 0.23010854 0.27652967 0.25461787 0.31061012 0.36695123 0.462064 0.24656726 0.29414475 0.17443082 0.22739221 0.23524578 0.312525 0.24115516 0.23099145 0.30423725 0.33430356 0.33532465 0.2828532 0.30653393 0.32461914 0.28840262 0.3150793 0.25753316 0.21533614 0.67316633 0.4198437 0.24415483 0.64833105 0.23126204 0.16140628 0.4303586 0.39715686 0.28914225 0.27646536 0.5873193 0.6302408 0.23289673 0.19961485 0.3072687 0.16970351 0.23925366 0.51820195 0.22343348 0.19116865 0.21467204 0.58860356 0.42701808 0.33203667 0.28054112 0.22597095 0.5195648 0.6208289 0.26449135 0.60917085 0.60520524 0.4661972 0.4180028 0.38733575 0.21522501 0.44003442 0.3119534 0.19665796 0.27306813 0.19403136 0.39218628 0.2895575 0.3123252 0.3841663 0.24216413 0.27877533 0.28971407 0.3144305 0.2384966 0.23261724 0.17033301 0.6994399 0.18319194 0.36837372 0.24258399 0.3705178 0.3398451 0.20749417 0.19163047 0.17123795 0.20982377 0.41696534 0.34348267 0.23428082 0.2471141 0.27831635 0.31749544 0.2871171 0.29092225 0.30153015 0.30019614 0.321278 0.40610594 0.38390556 0.341595 0.3321236 0.33287877 0.27089104 0.33434886 0.25402093 0.32153916 0.28230897 0.2595153 0.21176465 0.38560292 0.30751806 0.4201265 0.2918819 0.3500145 0.2878141 0.4143856 0.30218074 0.39039147 0.29101285 0.32210207 0.36240342 0.37893566 0.2629289 0.48833987 0.2931235 0.48689798 0.44460297 0.34525162 0.33005446 0.4890362 0.5559 0.38311633 0.27214184 0.25620905 0.5364127 0.36458632 0.48165563 0.2952595 0.26591623 0.28439915 0.31593913 0.3820106 0.29409382 0.39511544 0.34328508 0.43139127 0.34910718 0.27514696 0.39879444 0.3662249 0.35658804 0.1709642 0.1746597 0.33836794 0.5772441 0.41688132 0.4581514 0.1443432 0.39385745 0.11195326 0.38265076 0.67142993 0.12088374 0.50521594 0.34833938 0.31420007 0.6104408 0.31856754 0.20602632 0.33803964 0.31755218 0.36443275 0.40768373 0.69850403 0.35400853 0.40220055 0.33066475 0.6253113 0.422045 0.46348512 0.4192896 0.12776999 0.28029674 0.21854338 0.13564703 0.48296532 0.88992435 0.4207663 0.18902148 0.3588679 0.09642992 0.25314194 0.38540044 0.38035002 0.34009123 0.12624124 0.29186845 0.3170733 0.5904075 0.33451793 0.36001667 0.37317014 0.5703988 0.9747412 0.419301 0.31054032 0.26770192 0.43971834 0.26348653 0.98498166 0.31308675 0.1393666 0.41797045 0.32005355 0.35924372,0.27741092 0.29761678 0.35697442 0.2833465 0.3479209 0.32283223 0.36709967 0.4073404 0.29953998 0.3999972 0.37594858 0.40956444 0.34686196 0.29519597 0.36419165 0.27735084 0.34364766 0.35719016 0.42866665 0.37308958 0.32295558 0.31384695 0.43645543 0.3114631 0.24053948 0.34901643 0.4015431 0.29373834 0.27772513 0.4121995 0.3008241 0.37148985 0.37523627 0.29876992 0.3347896 0.36801404 0.32466543 0.3331589 0.33686337 0.47642577 0.46400866 0.31228814 0.33558586 0.3252426 0.5652397 0.40369228 0.3257292 0.4359307 0.31468916 0.49647102 0.26524183 0.34417585 0.48135626 0.4297109 0.47013032 0.46895397 0.2632253 0.37009838 0.46764776 0.3896309 0.37342966 0.36315113 0.25007012 0.29448417 0.41035402 0.3096159 0.7017728 0.58779854 0.28180897 0.41861027 0.20402396 0.29961967 0.36721772 0.73172396 0.31686866 0.6028767 0.35561332 0.23487522 0.14073446 0.38727355 0.41790465 0.22244926 0.19205968 0.4052613 0.8061661 0.8651958 0.47550106 0.2941075 0.31268653 0.1957481 0.5164399 0.28365898 0.28287476 0.6144908 0.6123106 0.30394775 0.31292892 0.2348748 0.50972426 0.29804057 0.15403087 0.5650146 0.3587147 0.6954604 0.2910632 0.14074846 0.3490524 0.32761827 0.35004473 0.41841686 0.49183208 0.7720659 0.9168746 0.2770182 0.7094825 0.82527745 0.260276 0.38256648 0.70399135 0.38348988 0.34746352 0.6386347 0.48424977 0.2741566 0.45334643 0.30068022 0.47080564 0.53953546 0.19852403 0.37252018 0.34801847 0.3034696 0.27247432 0.31669065 0.32312155 0.26318452 0.22701532 0.269359 0.29994354 0.33103225 0.27351847 0.36636457 0.35016274 0.2862525 0.35705405 0.33230656 0.32390678 0.20303729 0.23411302 0.37496233 0.32711938 0.25917 0.30084231 0.23008087 0.27077964 0.26003814 0.33032456 0.32620937 0.26685476 0.2565065 0.30771333 0.33790818 0.31535336 0.40074944 0.27771217 0.3023138 0.2672193 0.39315218 0.28533778 0.26530784 0.27877733 0.46280685 0.27389532 0.52675 0.2957959 0.25826707 0.44533283 0.44085678 0.32186076 0.23846726 0.31830162 0.27869338 0.25410575 0.29582483 0.4021257 0.39807025 0.39180365 0.28183827 0.24985018 0.36695433 0.29400745 0.2824462 0.2524617 0.43543732 0.3785095 0.24539892 0.4357636 0.17535944 0.7055109 0.6959002 0.20083743 0.50481033 0.338844 0.37428263 0.5579231 0.08864381 0.37216106 0.27781835 0.31892684 0.63069016 0.33697817 0.17901595 0.36937863 0.36377582 0.2563238 0.4196968 0.17613813 0.72556865 0.38446712 0.3764743 0.2327176 0.1723888 0.29597136 0.32501072 0.33161741 0.29648504 0.8454504 0.23862489 0.39355028 0.42042097 0.4109634 0.40078518 0.54677707 0.12753572 0.2276479 0.36386862 0.12366421 0.28883427 0.33161688 0.39273164 0.22898428 0.27802968 0.39545196 0.32820424 0.27593985 0.3267634 0.5968422 0.19217469 0.12663898 0.49762148 0.5568492 0.29710385 0.49060038 0.52945507 0.2643347 0.37629852 0.2301534 0.40877372 0.22811165 0.16285922 0.21922581 0.27248278 0.29397398 0.35133043 0.15515244 0.26740935 0.25026527 0.21446727 0.2729993 0.26832068 0.2715868 0.24398768 0.26469 0.23705769 0.24380487 0.34597293 0.20433179 0.23851565 0.30453074 0.40819514 0.35948986 0.29830444 0.26154485 0.25489596 0.27889213 0.28957137 0.24500416 0.27103 0.27230978 0.34679422 0.30732173 0.22530943 0.2710483 0.25643492 0.37107116 0.37139466 0.20265658 0.25915018 0.23008047 0.2764959 0.25458682 0.3105722 0.36690646 0.4620076 0.24653716 0.29410887 0.17440954 0.22736445 0.23521708 0.31248686 0.24112573 0.23096326 0.3042001 0.33426276 0.33528373 0.28281865 0.3064965 0.3245795 0.28836742 0.31504086 0.25750175 0.21530987 0.67308414 0.41979244 0.24412504 0.6482519 0.23123382 0.16138658 0.43030605 0.39710838 0.28910697 0.27643162 0.58724767 0.63016385 0.2328683 0.19959049 0.3072312 0.1696828 0.23922445 0.5181387 0.22340621 0.19114533 0.21464585 0.58853173 0.42696598 0.33199617 0.28050688 0.22594339 0.5195014 0.62075317 0.26445907 0.60909647 0.6051314 0.4661403 0.41795182 0.38728848 0.21519876 0.43998072 0.3119153 0.19663396 0.2730348 0.19400768 0.39213842 0.28952217 0.3122871 0.38411942 0.24213457 0.27874133 0.2896787 0.31439215 0.23846748 0.23258886 0.17031223 0.6993545 0.18316957 0.36832875 0.24255438 0.37047255 0.33980364 0.20746884 0.19160707 0.17121704 0.20979816 0.41691443 0.34344077 0.23425223 0.24708395 0.2782824 0.3174567 0.28708208 0.29088673 0.30149335 0.30015948 0.32123882 0.40605637 0.3838587 0.3415533 0.33208308 0.33283815 0.27085796 0.33430806 0.25398993 0.32149994 0.2822745 0.25948364 0.2117388 0.38555586 0.3074805 0.4200752 0.29184625 0.34997177 0.287779 0.414335 0.30214384 0.39034384 0.29097736 0.32206276 0.3623592 0.37888944 0.26289684 0.48828027 0.29308772 0.48683855 0.44454873 0.34520948 0.3300142 0.48897654 0.55583215 0.38306957 0.2721086 0.25617778 0.5363472 0.36454183 0.48159683 0.29522347 0.26588377 0.28436446 0.31590056 0.38196397 0.2940579 0.39506721 0.34324318 0.43133864 0.3490646 0.2751134 0.39874578 0.36618024 0.35654452 0.17094333 0.17463838 0.33832666 0.57717365 0.41683045 0.4580955 0.14432558 0.39380938 0.111939594 0.38260406 0.671348 0.12086899 0.50515425 0.34829685 0.31416175 0.6103663 0.31852868 0.20600116 0.33799836 0.3175134 0.36438826 0.40763396 0.6984188 0.35396534 0.40215147 0.3306244 0.62523496 0.42199346 0.46342856 0.41923842 0.12775439 0.28026253 0.2185167 0.13563047 0.4829064 0.88981575 0.42071494 0.18899842 0.35882413 0.09641816 0.25311106 0.38535342 0.38030362 0.34004974 0.12622583 0.29183283 0.31703457 0.5903354 0.3344771 0.35997272 0.3731246 0.5703292 0.97462225 0.41924983 0.31050244 0.26766926 0.4396647 0.26345438 0.98486143 0.31304854 0.13934958 0.41791946 0.3200145 0.35919988,0.002184338 0.0023434393 0.0028108223 0.0022310747 0.0027395347 0.002541986 0.0028905487 0.0032074049 0.0023585826 0.0031495844 0.002960225 0.0032249168 0.0027311966 0.0023243777 0.0028676507 0.0021838648 0.0027058872 0.002812521 0.003375328 0.0029377132 0.0025429572 0.0024712358 0.003436657 0.0024524652 0.0018940116 0.0027481609 0.0031617568 0.0023129003 0.002186812 0.0032456652 0.0023686937 0.002925117 0.0029546162 0.002352519 0.0026361386 0.0028977483 0.0025564206 0.0026232984 0.0026524675 0.003751384 0.0036536115 0.0024589617 0.0026424085 0.0025609655 0.0044507063 0.0031786794 0.0025647967 0.003432525 0.0024778673 0.0039092205 0.0020885183 0.002710046 0.0037902067 0.0033835503 0.0037018135 0.0036925508 0.00207264 0.0029141605 0.0036822658 0.00306796 0.002940391 0.0028594576 0.0019690562 0.002318773 0.003231134 0.0024379205 0.00552577 0.004628335 0.0022189682 0.0032961438 0.0016064879 0.00235921 0.0028914781 0.005761606 0.0024950288 0.0047470606 0.002800105 0.0018494112 0.0011081453 0.003049398 0.0032905878 0.001751569 0.0015122809 0.0031910338 0.0063477647 0.0068125655 0.0037441028 0.0023158072 0.0024620986 0.0015413236 0.004066456 0.0022335353 0.0022273604 0.0048385104 0.0048213433 0.0023932892 0.0024640071 0.0018494079 0.004013577 0.0023467762 0.0012128415 0.004448934 0.002824525 0.005476066 0.002291836 0.0011082556 0.002748444 0.0025796713 0.0027562578 0.003294621 0.0038726935 0.006079259 0.007219485 0.0021812455 0.0055864765 0.006498248 0.0020494172 0.0030123345 0.005543239 0.0030196053 0.0027359333 0.0050286194 0.0038129904 0.0021587133 0.003569657 0.0023675608 0.0037071311 0.004248311 0.0015631813 0.0029332298 0.0027403028 0.0023895244 0.002145467 0.0024936271 0.002544264 0.002072319 0.0017875222 0.002120937 0.0023617602 0.002606553 0.0021536888 0.0028847603 0.002757187 0.0022539566 0.0028114493 0.002616587 0.0025504471 0.0015987188 0.0018434096 0.0029524593 0.0025757432 0.0020407087 0.0023688371 0.0018116604 0.002132123 0.0020475443 0.0026009807 0.0025685776 0.0021012186 0.0020197362 0.0024229395 0.0026606943 0.0024830974 0.0031555074 0.00218671 0.0023804237 0.0021040891 0.0030956864 0.0022467542 0.002089038 0.002195097 0.0036441484 0.002156656 0.004147638 0.0023291016 0.002033599 0.0035065578 0.0034713133 0.0025343366 0.001877695 0.002506312 0.002194436 0.0020008327 0.0023293293 0.003166344 0.0031344113 0.0030850682 0.002219199 0.0019673242 0.002889404 0.0023150193 0.002223986 0.0019878873 0.0034286403 0.0029803896 0.001932275 0.0034312094 0.001380783 0.005555204 0.005479529 0.0015813971 0.0039748843 0.002668063 0.0029471074 0.004393095 0.0006979828 0.002930402 0.002187546 0.002511235 0.0049660644 0.0026533713 0.0014095744 0.0029084932 0.0028643766 0.0020182978 0.0033046992 0.0013869144 0.005713139 0.0030273001 0.0029643646 0.0018324221 0.0013573922 0.0023304832 0.0025591394 0.0026111607 0.002334528 0.0066570896 0.0018789361 0.003098821 0.0033104015 0.0032359322 0.0031557889 0.004305331 0.0010042182 0.0017925032 0.0028651073 0.0009737339 0.0022742855 0.0026111566 0.0030923751 0.0018030258 0.0021892102 0.003113795 0.0025842853 0.0021727548 0.0025729402 0.004699545 0.0015131865 0.0009971573 0.0039182794 0.004384639 0.0023394004 0.0038629952 0.0041689374 0.0020813756 0.0029629804 0.0018122315 0.0032186906 0.0017961548 0.001282356 0.0017261874 0.0021455337 0.0023147557 0.0027663813 0.0012216727 0.0021055855 0.0019705927 0.0016887187 0.0021496008 0.0021127614 0.0021384787 0.0019211628 0.0020841733 0.0018665959 0.0019197233 0.0027241963 0.0016089117 0.001878076 0.0023978797 0.0032141348 0.0028306288 0.0023488537 0.0020594082 0.0020070549 0.0021960011 0.0022800895 0.0019291666 0.0021340945 0.0021441714 0.0027306632 0.0024198561 0.00177409 0.0021342386 0.0020191725 0.0029218202 0.0029243673 0.0015957211 0.0020405527 0.0018116572 0.002177133 0.0020046206 0.0024454505 0.0028890274 0.0036378552 0.0019412375 0.0023158179 0.0013733035 0.0017902713 0.001852103 0.0024605265 0.0018986278 0.0018186084 0.0023952764 0.0026319902 0.0026400294 0.0022269185 0.0024133583 0.0025557443 0.0022706096 0.0024806366 0.0020275728 0.0016953533 0.005299875 0.0033054524 0.0019222444 0.0051043457 0.0018207388 0.0012707604 0.0033882365 0.0031268375 0.0022764327 0.0021766268 0.0046239975 0.00496192 0.0018336086 0.0015715787 0.0024191432 0.001336085 0.0018836571 0.004079832 0.001759104 0.0015050813 0.0016901247 0.004634108 0.003361937 0.002614143 0.0022087155 0.0017790818 0.004090562 0.00488782 0.0020823549 0.004796035 0.004764814 0.003670396 0.0032909592 0.0030495157 0.0016944784 0.003464415 0.0024560262 0.001548299 0.0021498804 0.0015276195 0.003087704 0.002279702 0.0024589535 0.0030245623 0.0019065714 0.0021948137 0.0022809345 0.0024755287 0.0018776967 0.0018314084 0.0013410412 0.005506729 0.0014422801 0.0029002263 0.001909877 0.0029171067 0.0026756192 0.0016336129 0.0015087171 0.0013481657 0.001651954 0.0032827908 0.002704258 0.0018445058 0.0019455429 0.0021912 0.002499659 0.0022604887 0.0022904468 0.0023739634 0.0023634606 0.0025294395 0.0031972942 0.0030225096 0.002689396 0.0026148274 0.002620773 0.0021327399 0.002632347 0.0019999207 0.0025314956 0.002222634 0.0020431783 0.0016672346 0.003035873 0.0024211064 0.0033076787 0.002298002 0.0027556831 0.0022659765 0.0032624805 0.0023790854 0.0030735736 0.0022911604 0.0025359273 0.002853222 0.0029833815 0.0020700537 0.0038447266 0.0023077773 0.0038333745 0.0035003836 0.0027181848 0.002598537 0.003850209 0.004376631 0.0030162958 0.0021425874 0.0020171478 0.0042232065 0.0028704081 0.003792101 0.0023245942 0.002093573 0.0022390902 0.002487406 0.0030075903 0.0023154165 0.0031107655 0.0027027023 0.0033963672 0.0027485401 0.0021662472 0.0031397305 0.002883309 0.0028074372 0.0013460105 0.0013751053 0.0026639896 0.0045446744 0.0032821295 0.0036070512 0.0011364219 0.0031008613 0.0008814141 0.0030126304 0.0052862046 0.0009517243 0.0039775926 0.002742495 0.0024737145 0.004806034 0.0025081 0.0016220564 0.0026614044 0.0025001056 0.0028691988 0.0032097162 0.0054993606 0.0027871288 0.003166547 0.0026033418 0.00492311 0.0033227832 0.0036490439 0.0033010899 0.00100594 0.0022067917 0.001720604 0.0010679564 0.0038024127 0.007006423 0.003312716 0.0014881765 0.0028253868 0.0007591981 0.0019930005 0.003034279 0.0029945166 0.002677557 0.0009939042 0.0022978964 0.0024963352 0.0046483106 0.002633678 0.002834431 0.002937989 0.004490781 0.007674191 0.0033011797 0.002444901 0.0021076319 0.0034619267 0.002074444 0.0077548143 0.0024649492 0.0010972408 0.0032907045 0.0025197992 0.0028283456,
625,512,,,0.0045940573 0.0045940573 0.0045940573 0.0045940573 0.0045940573 0.0045940573 0.0045940573 0.0045940573 0.0045940573 0.0045940573 0.0045940573 0.0045940573 0.0045940573 0.0045940573 0.0045940573 0.0045940573 0.0045940573 0.0045940573 0.0045940573 0.0045940573 0.0045940573 0.0045940573 0.0045940573 0.0045940573 0.0045940573 0.0045940573 0.0045940573 0.0045940573 0.0045940573 0.0045940573 0.0045940573 0.0045940573 0.0045940573 0.0045940573 0.0045940573 0.0045940573 0.0045940573 0.0045940573 0.0045940573 0.0045940573 0.0045940573 0.0045940573 0.0045940573 0.0045940573 0.0045940573 0.0045940573 0.0045940573 0.0045940573 0.0045940573 0.0045940573 0.0045940573 0.0045940573 0.0045940573 0.0045940573 0.0045940573 0.0045940573 0.0045940573 0.0045940573 0.0045940573 0.0045940573 0.0045940573 0.0045940573 0.0045940573 0.0045940573 0.0045940573 0.0045940573 0.0045940573 0.0045940573 0.0045940573 0.0045940573 0.0045940573 0.0045940573 0.0045940573 0.0045940573 0.0045940573 0.0045940573 0.0045940573 0.0045940573 0.0045940573 0.0045940573 0.0045940573 0.0045940573 0.0045940573 0.0045940573 0.0045940573 0.0045940573 0.0045940573 0.0045940573 0.0045940573 0.0045940573 0.0045940573 0.0045940573 0.0045940573 0.0045940573 0.0045940573 0.0045940573 0.0045940573 0.0045940573 0.0045940573 0.0045940573 0.0045940573 0.0045940573 0.0045940573 0.0045940573 0.0045940573 0.0045940573 0.0045940573 0.0045940573 0.0045940573 0.0045940573 0.0045940573 0.0045940573 0.0045940573 0.0045940573 0.0045940573 0.0045940573 0.0045940573 0.0045940573 0.0045940573 0.0045940573 0.0045940573 0.0045940573 0.0045940573 0.0045940573 0.0045940573 0.0045940573 0.0045940573 0.0045940573 0.0045940573 0.0045940573 0.0045940573 0.0045940573 0.0045940573 0.0045940573 0.0045940573 0.0045940573 0.0045940573 0.0045940573 0.0045940573 0.0045940573 0.0045940573 0.0045940573 0.0045940573 0.0045940573 0.0045940573 0.0045940573 0.0045940573 0.0045940573 0.0045940573 0.0045940573 0.0045940573 0.0045940573 0.0045940573 0.0045940573 0.0045940573 0.0045940573 0.0045940573 0.0045940573 0.0045940573 0.0045940573 0.0045940573 0.0045940573 0.0045940573 0.0045940573 0.0045940573 0.0045940573 0.0045940573 0.0045940573 0.0045940573 0.0045940573 0.0045940573 0.0045940573 0.0045940573 0.0045940573 0.0045940573 0.0045940573 0.0045940573 0.0045940573 0.0045940573 0.0045940573 0.0045940573 0.0045940573 0.0045940573 0.0045940573 0.0045940573 0.0045940573 0.0045940573 0.0045940573 0.0045940573 0.0045940573 0.0045940573 0.0045940573 0.0045940573 0.0045940573 0.0045940573 0.0045940573 0.0045940573 0.0045940573 0.0045940573 0.0045940573 0.0045940573 0.0045940573 0.0045940573 0.0045940573 0.0045940573 0.0045940573 0.0045940573 0.0045940573 0.0045940573 0.0045940573 0.0045940573 0.0045940573 0.0045940573 0.0045940573 0.0045940573 0.0045940573 0.0045940573 0.0045940573 0.0045940573 0.0045940573 0.0045940573 0.0045940573 0.0045940573 0.0045940573 0.0045940573 0.0045940573 0.0045940573 0.0045940573 0.0045940573 0.0045940573 0.0045940573 0.0045940573 0.0045940573 0.0045940573 0.0045940573 0.0045940573 0.0045940573 0.0045940573 0.0045940573 0.0045940573 0.0045940573 0.0045940573 0.0045940573 0.0045940573 0.0045940573 0.0045940573 0.0045940573 0.0045940573 0.0045940573 0.0045940573 0.0045940573 0.0045940573 0.0045940573 0.0045940573 0.0045940573 0.0045940573 0.0045940573 0.0045940573 0.0045940573 0.0045940573 0.0045940573 0.0045940573 0.0045940573 0.0045940573 0.0045940573 0.0045940573 0.0045940573 0.0045940573 0.0045940573 0.0045940573 0.0045940573 0.0045940573 0.0045940573 0.0045940573 0.0045940573 0.0045940573 0.0045940573 0.0045940573 0.0045940573 0.0045940573 0.0045940573 0.0045940573 0.0045940573 0.0045940573 0.0045940573 0.0045940573 0.0045940573 0.0045940573 0.0045940573 0.0045940573 0.0045940573 0.0045940573 0.0045940573 0.0045940573 0.0045940573 0.0045940573 0.0045940573 0.0045940573 0.0045940573 0.0045940573 0.0045940573 0.0045940573 0.0045940573 0.0045940573 0.0045940573 0.0045940573 0.0045940573 0.0045940573 0.0045940573 0.0045940573 0.0045940573 0.0045940573 0.0045940573 0.0045940573 0.0045940573 0.0045940573 0.0045940573 0.0045940573 0.0045940573 0.0045940573 0.0045940573 0.0045940573 0.0045940573 0.0045940573 0.0045940573 0.0045940573 0.0045940573 0.0045940573 0.0045940573 0.0045940573 0.0045940573 0.0045940573 0.0045940573 0.0045940573 0.0045940573 0.0045940573 0.0045940573 0.0045940573 0.0045940573 0.0045940573 0.0045940573 0.0045940573 0.0045940573 0.0045940573 0.0045940573 0.0045940573 0.0045940573 0.0045940573 0.0045940573 0.0045940573 0.0045940573 0.0045940573 0.0045940573 0.0045940573 0.0045940573 0.0045940573 0.0045940573 0.0045940573 0.0045940573 0.0045940573 0.0045940573 0.0045940573 0.0045940573 0.0045940573 0.0045940573 0.0045940573 0.0045940573 0.0045940573 0.0045940573 0.0045940573 0.0045940573 0.0045940573 0.0045940573 0.0045940573 0.0045940573 0.0045940573 0.0045940573 0.0045940573 0.0045940573 0.0045940573 0.0045940573 0.0045940573 0.0045940573 0.0045940573 0.0045940573 0.0045940573 0.0045940573 0.0045940573 0.0045940573 0.0045940573 0.0045940573 0.0045940573 0.0045940573 0.0045940573 0.0045940573 0.0045940573 0.0045940573 0.0045940573 0.0045940573 0.0045940573 0.0045940573 0.0045940573 0.0045940573 0.0045940573 0.0045940573 0.0045940573 0.0045940573 0.0045940573 0.0045940573 0.0045940573 0.0045940573 0.0045940573 0.0045940573 0.0045940573 0.0045940573 0.0045940573 0.0045940573 0.0045940573 0.0045940573 0.0045940573 0.0045940573 0.0045940573 0.0045940573 0.0045940573 0.0045940573 0.0045940573 0.0045940573 0.0045940573 0.0045940573 0.0045940573 0.0045940573 0.0045940573 0.0045940573 0.0045940573 0.0045940573 0.0045940573 0.0045940573 0.0045940573 0.0045940573 0.0045940573 0.0045940573 0.0045940573 0.0045940573 0.0045940573 0.0045940573 0.0045940573 0.0045940573 0.0045940573 0.0045940573 0.0045940573 0.0045940573 0.0045940573 0.0045940573 0.0045940573 0.0045940573 0.0045940573 0.0045940573 0.0045940573 0.0045940573 0.0045940573 0.0045940573 0.0045940573 0.0045940573 0.0045940573 0.0045940573 0.0045940573 0.0045940573 0.0045940573 0.0045940573 0.0045940573 0.0045940573 0.0045940573 0.0045940573 0.0045940573 0.0045940573 0.0045940573 0.0045940573 0.0045940573 0.0045940573 0.0045940573 0.0045940573 0.0045940573 0.0045940573 0.0045940573 0.0045940573 0.0045940573 0.0045940573 0.0045940573 0.0045940573 0.0045940573 0.0045940573 0.0045940573 0.0045940573 0.0045940573 0.0045940573 0.0045940573 0.0045940573 0.0045940573 0.0045940573 0.0045940573 0.0045940573 0.0045940573 0.0045940573 0.0045940573 0.0045940573 0.0045940573 0.0045940573 0.0045940573 0.0045940573 0.0045940573 0.0045940573 0.0045940573,13 13 13 13 13 13 13 13 13 13 13 13 13 13 13 13 13 13 13 13 13 13 13 13 14 13 13 13 13 13 13 13 13 13 13 13 13 13 13 13 13 13 13 13 12 13 13 13 13 12 13 13 13 13 13 13 13 13 13 13 13 13 13 13 13 13 12 12 13 13 14 13 13 12 13 12 13 14 14 13 13 14 14 13 12 12 13 13 13 14 12 13 13 12 12 13 13 14 12 13 14 12 13 12 13 14 13 13 13 13 13 12 12 13 12 12 13 13 12 13 13 12 13 13 13 13 13 12 14 13 13 13 13 13 13 13 14 13 13 13 13 13 13 13 13 13 13 14 14 13 13 13 13 14 13 13 13 13 13 13 13 13 13 13 13 13 13 13 13 13 13 13 13 12 13 13 13 13 13 14 13 13 13 13 13 13 13 13 13 13 13 13 13 13 13 14 13 14 12 12 14 12 13 13 12 15 13 13 13 12 13 14 13 13 13 13 14 12 13 13 14 14 13 13 13 13 12 14 13 13 13 13 12 14 14 13 15 13 13 13 14 13 13 13 13 13 12 14 14 12 12 13 13 12 13 13 14 13 14 14 14 13 13 13 14 13 13 14 13 13 13 14 13 14 14 13 14 14 13 13 13 13 13 13 13 13 14 13 13 13 13 14 13 13 13 13 14 13 14 13 13 13 13 13 14 13 14 14 14 13 14 14 13 13 13 13 13 13 13 13 13 14 12 13 14 12 14 14 13 13 13 13 12 12 14 14 13 14 14 12 14 14 14 12 13 13 13 14 12 12 13 12 12 13 13 13 14 13 13 14 13 14 13 13 13 13 14 13 13 13 14 14 14 12 14 13 14 13 13 14 14 14 14 13 13 14 14 13 13 13 13 13 13 13 13 13 13 13 13 13 13 13 13 13 13 14 13 13 13 13 13 13 13 13 13 13 13 13 13 13 13 13 13 13 13 13 13 12 13 13 13 12 13 13 13 13 13 13 13 13 13 13 13 13 13 13 13 13 14 14 13 12 13 13 14 13 15 13 12 15 12 13 13 12 13 14 13 13 13 13 12 13 13 13 12 13 13 13 14 13 14 14 13 12 13 14 13 15 13 13 13 13 14 13 13 12 13 13 13 12 12 13 13 13 13 13 12 13 14 13 13 13
636,1x1x1x400,1.1232252,1.1230881,,
657,3x3x1x256,0.3589406 0.47805995 0.2101632 0.92839324 0.28178436 0.38595352 0.39085528 0.3342765 0.23934294 0.41769055 0.3662564 0.17419797 0.668801 0.37936118 1.3123888 0.24717537 0.27950516 0.44348577 3.7155528 0.7175657 0.29181936 1.0013231 0.42962652 1.1447353 0.3094553 0.40123564 0.45435098 0.3544967 1.2754085 0.32176536 0.20377584 0.5829708 0.528664 0.65759885 0.25357395 0.96672034 1.9396893 0.722883 0.35456833 0.41859227 0.5981466 1.1128808 0.6328377 0.46897078 0.23616631 0.30509278 1.0110879 0.4373371 0.80414706 0.39608333 0.23531213 0.5253075 2.0339134 0.27558243 0.56297183 0.46802795 0.6212664 0.4031033 0.456269 0.5837968 0.7351005 0.5664704 0.1860119 0.32873762 0.38264436 0.31033257 0.45632434 0.39667717 0.46457893 0.6506744 0.44454366 1.0711495 1.0657159 0.33244818 0.25603774 0.40965274 0.11025594 1.0318589 0.80579877 0.7250976 0.3849761 0.39831373 0.5267422 1.0484879 0.7267551 0.5210086 0.5233255 0.30833018 0.7854541 0.9536815 0.29883936 0.28336477 0.68515867 1.2386762 0.5087859 0.53799975 0.22373983 0.49519062 0.54369354 0.7694067 0.1357363 0.51004773 0.25678477 0.6385035 0.32386655 3.4871404 0.51229584 0.1980727 8.168769 1.1474208 0.23536265 0.78695303 1.031283 3.4355493 0.75341034 0.7306142 0.22761315 0.22600798 0.5232242 0.739996 1.4324632 0.46418786 0.18029833 0.5595264 0.18730614 1.1139442 1.3182831 0.44098046 1.3487109 1.5763061 0.27707234 0.579748 1.4965903 0.40196013 1.2753164 1.2989768 0.38124463 1.2222173 0.98064184 0.56178784 0.100221634 0.40293354 1.9182802 0.8544536 0.5792259 1.1141361 1.6666964 0.4827645 0.87499976 1.5341763 0.44671085 0.39248616 0.8004468 0.73078567 0.897172 2.741169 0.1155286 0.17387068 1.6451406 1.3965553 0.6246794 0.65564674 0.80794483 0.10325422 0.8360537 0.5479058 2.070101 3.6288836 0.51831025 0.621573 1.1853967 0.88343275 0.32847178 0.70494103 2.8872588 1.0661939 0.6759996 0.8275734 0.9604857 1.0159107 0.7804407 0.46633694 2.1317942 0.6800828 0.27345616 0.75961715 1.3342406 0.7087309 1.2705806 2.2744703 0.40659782 0.3068974 4.165166 0.33301112 0.17180331 0.21822841 0.38148502 0.12905069 1.5252324 0.8113535 1.8198509 0.5175258 0.73731995 1.7315307 0.19488461 0.36391392 0.94049186 0.41859645 0.3079155 1.5969913 0.30380893 0.2742458 0.54672456 0.22699302 0.77222717 0.7668066 0.42918321 0.6298954 0.23467745 0.27596313 0.24396434 0.81721497 0.81669766 1.7686014 0.4270518 4.8931913 0.29277506 0.69349253 0.3419936 0.3600752 0.2223652 2.8057678 0.34364846 0.41401282 0.20440355 0.7600162 0.9574318 0.6995527 0.26618743 0.5118639 0.50145704 0.27480295 2.370074 0.49491757 0.96559465 0.33113623 0.18877336 0.84068036 1.6017367 1.219465 0.95843816 2.3247373 1.4137907 0.36407363 0.27419293 0.57681304,0.3588968 0.47800162 0.21013756 0.92827994 0.28174996 0.3859064 0.3908076 0.3342357 0.23931374 0.41763955 0.36621168 0.17417672 0.66871935 0.37931487 1.3122287 0.24714519 0.27947107 0.44343165 3.7150993 0.71747816 0.29178375 1.0012009 0.42957407 1.1445956 0.30941755 0.40118667 0.45429555 0.35445344 1.2752529 0.3217261 0.20375097 0.5828997 0.52859944 0.65751857 0.253543 0.9666023 1.9394525 0.7227948 0.35452506 0.4185412 0.59807366 1.1127449 0.6327605 0.46891353 0.2361375 0.30505553 1.0109645 0.43728372 0.8040489 0.396035 0.23528342 0.5252434 2.0336652 0.27554882 0.56290317 0.46797085 0.6211906 0.40305412 0.4562133 0.5837255 0.7350108 0.56640124 0.18598919 0.3286975 0.38259766 0.3102947 0.45626867 0.39662874 0.4645222 0.65059495 0.4444894 1.0710188 1.0655859 0.3324076 0.25600648 0.40960276 0.110242486 1.0317329 0.8057004 0.72500914 0.3849291 0.39826512 0.52667797 1.0483599 0.7266664 0.520945 0.52326167 0.30829257 0.78535825 0.9535652 0.2988029 0.28333017 0.68507504 1.238525 0.50872386 0.5379341 0.22371252 0.49513018 0.5436272 0.76931274 0.13571975 0.50998545 0.25675344 0.6384255 0.32382703 3.4867148 0.5122333 0.19804853 8.167771 1.1472808 0.23533393 0.78685695 1.0311571 3.4351301 0.7533184 0.730525 0.22758538 0.2259804 0.5231603 0.7399057 1.4322883 0.4641312 0.18027633 0.55945814 0.18728328 1.1138082 1.3181223 0.44092664 1.3485464 1.5761138 0.27703854 0.5796772 1.4964076 0.40191108 1.2751608 1.2988182 0.3811981 1.2220682 0.98052216 0.56171924 0.10020941 0.40288436 1.9180461 0.8543493 0.5791552 1.1140002 1.6664929 0.4827056 0.874893 1.5339892 0.44665632 0.39243826 0.8003491 0.73069644 0.8970625 2.7408345 0.115514494 0.17384946 1.6449399 1.396385 0.62460315 0.6555667 0.8078462 0.103241615 0.8359517 0.5478389 2.0698485 3.6284409 0.518247 0.62149715 1.1852521 0.8833249 0.3284317 0.70485497 2.8869064 1.0660639 0.6759171 0.8274724 0.9603685 1.0157868 0.78034544 0.46628004 2.131534 0.67999977 0.27342278 0.7595244 1.3340777 0.7086444 1.2704256 2.2741928 0.4065482 0.30685997 4.1646576 0.3329705 0.17178234 0.21820177 0.38143846 0.12903494 1.5250462 0.8112545 1.8196288 0.5174627 0.73723 1.7313194 0.19486083 0.36386952 0.9403771 0.41854537 0.30787793 1.5967964 0.30377185 0.27421233 0.5466578 0.22696532 0.77213293 0.766713 0.42913085 0.62981856 0.23464881 0.27592945 0.24393457 0.81711525 0.816598 1.7683856 0.4269997 4.892594 0.29273933 0.6934079 0.34195185 0.36003128 0.22233807 2.8054254 0.34360653 0.41396227 0.2043786 0.75992346 0.9573149 0.6994673 0.26615494 0.5118014 0.5013959 0.2747694 2.3697848 0.4948572 0.9654768 0.3310958 0.18875033 0.8405777 1.6015412 1.2193161 0.95832115 2.3244536 1.4136181 0.3640292 0.27415946 0.57674265,0.002825959 0.0037637923 0.0016546265 0.007309291 0.0022185037 0.0030386331 0.0030772253 0.0026317772 0.0018843601 0.0032885005 0.0028835565 0.0013714703 0.005265507 0.0029867312 0.010332509 0.0019460252 0.0022005597 0.0034915877 0.02925275 0.0056494344 0.00229751 0.007883471 0.003382473 0.009012564 0.0024363587 0.0031589502 0.0035771304 0.002790972 0.010041362 0.0025332766 0.0016043383 0.004589761 0.0041622003 0.0051773116 0.0019964015 0.007611042 0.01527128 0.0056912974 0.0027915358 0.0032956 0.0047092414 0.008761771 0.004982366 0.0036922325 0.0018593504 0.002402012 0.00796035 0.003443179 0.0063310936 0.0031183858 0.0018526254 0.004135775 0.016013112 0.0021696757 0.0044323085 0.00368481 0.0048912647 0.0031736544 0.0035922306 0.004596264 0.0057874867 0.0044598524 0.0014644818 0.0025881694 0.0030125799 0.0024432652 0.0035926667 0.003123061 0.0036576553 0.005122795 0.0034999165 0.008433219 0.00839044 0.0026173827 0.002015799 0.0032252185 0.0008680511 0.008123881 0.0063440977 0.0057087336 0.0030309376 0.0031359459 0.0041470705 0.008254802 0.005721783 0.0041019293 0.0041201706 0.0024275004 0.006183923 0.0075083873 0.0023527788 0.0022309462 0.0053942916 0.0097521655 0.0040056994 0.0042357016 0.0017615159 0.0038986627 0.004280529 0.0060575805 0.0010686595 0.0040156334 0.0020216806 0.005026973 0.0025498192 0.027454447 0.004033333 0.0015594373 0.06431316 0.009033707 0.0018530231 0.006195724 0.0081193475 0.02704827 0.005931641 0.0057521653 0.0017920109 0.0017793733 0.0041193725 0.0058260295 0.011277861 0.0036545764 0.0014194987 0.0044051823 0.0014746715 0.008770143 0.010378916 0.0034718632 0.010618475 0.0124103455 0.002181406 0.0045643877 0.011782737 0.0031646541 0.010040636 0.010226916 0.00300156 0.009622584 0.007720647 0.004422986 0.0007890505 0.0031723178 0.0151027255 0.00672716 0.0045602773 0.008771655 0.013121991 0.0038008315 0.0068889214 0.012078655 0.0035169788 0.003090065 0.0063019614 0.0057535153 0.0070634843 0.021581374 0.0009095629 0.0013688934 0.012952283 0.010995157 0.0049181352 0.0051619424 0.0063609937 0.0008129261 0.006582297 0.0043136925 0.01629802 0.0285704 0.0040806853 0.0048936782 0.009332693 0.0069553144 0.0025860763 0.005550039 0.022731546 0.008394204 0.0053221816 0.0065155304 0.007561957 0.007998321 0.0061444524 0.0036714964 0.016783733 0.005354329 0.0021529354 0.005980507 0.010504549 0.005579877 0.010003351 0.01790703 0.0032011669 0.0024162203 0.03279258 0.002621815 0.0013526169 0.0017181241 0.0030034524 0.0010160231 0.012008238 0.0063878307 0.014327786 0.0040745093 0.0058049606 0.013632436 0.0015343373 0.0028651142 0.0074045444 0.0032956328 0.0024242357 0.0125732 0.0023919044 0.0021591522 0.0043043923 0.0017871285 0.006079787 0.0060371105 0.0033789831 0.0049592014 0.0018476284 0.002172673 0.0019207447 0.006433978 0.0064299055 0.013924296 0.0033622023 0.03852436 0.002305034 0.0054599047 0.0026925341 0.002834892 0.0017506934 0.022089964 0.0027055633 0.0032595454 0.0016092804 0.0059836493 0.0075379126 0.0055076163 0.0020957082 0.0040299324 0.003947999 0.0021635385 0.018659724 0.0038965133 0.0076021794 0.0026070536 0.0014862231 0.0066187223 0.01261056 0.009600914 0.007545836 0.018302783 0.011130851 0.0028663715 0.0021587359 0.0045412807,
658,256,,,0.004594058 0.004594058 0.004594058 0.004594058 0.004594058 0.004594058 0.004594058 0.004594058 0.004594058 0.004594058 0.004594058 0.004594058 0.004594058 0.004594058 0.004594058 0.004594058 0.004594058 0.004594058 0.004594058 0.004594058 0.004594058 0.004594058 0.004594058 0.004594058 0.004594058 0.004594058 0.004594058 0.004594058 0.004594058 0.004594058 0.004594058 0.004594058 0.004594058 0.004594058 0.004594058 0.004594058 0.004594058 0.004594058 0.004594058 0.004594058 0.004594058 0.004594058 0.004594058 0.004594058 0.004594058 0.004594058 0.004594058 0.004594058 0.004594058 0.004594058 0.004594058 0.004594058 0.004594058 0.004594058 0.004594058 0.004594058 0.004594058 0.004594058 0.004594058 0.004594058 0.004594058 0.004594058 0.004594058 0.004594058 0.004594058 0.004594058 0.004594058 0.004594058 0.004594058 0.004594058 0.004594058 0.004594058 0.004594058 0.004594058 0.004594058 0.004594058 0.004594058 0.004594058 0.004594058 0.004594058 0.004594058 0.004594058 0.004594058 0.004594058 0.004594058 0.004594058 0.004594058 0.004594058 0.004594058 0.004594058 0.004594058 0.004594058 0.004594058 0.004594058 0.004594058 0.004594058 0.004594058 0.004594058 0.004594058 0.004594058 0.004594058 0.004594058 0.004594058 0.004594058 0.004594058 0.004594058 0.004594058 0.004594058 0.004594058 0.004594058 0.004594058 0.004594058 0.004594058 0.004594058 0.004594058 0.004594058 0.004594058 0.004594058 0.004594058 0.004594058 0.004594058 0.004594058 0.004594058 0.004594058 0.004594058 0.004594058 0.004594058 0.004594058 0.004594058 0.004594058 0.004594058 0.004594058 0.004594058 0.004594058 0.004594058 0.004594058 0.004594058 0.004594058 0.004594058 0.004594058 0.004594058 0.004594058 0.004594058 0.004594058 0.004594058 0.004594058 0.004594058 0.004594058 0.004594058 0.004594058 0.004594058 0.004594058 0.004594058 0.004594058 0.004594058 0.004594058 0.004594058 0.004594058 0.004594058 0.004594058 0.004594058 0.004594058 0.004594058 0.004594058 0.004594058 0.004594058 0.004594058 0.004594058 0.004594058 0.004594058 0.004594058 0.004594058 0.004594058 0.004594058 0.004594058 0.004594058 0.004594058 0.004594058 0.004594058 0.004594058 0.004594058 0.004594058 0.004594058 0.004594058 0.004594058 0.004594058 0.004594058 0.004594058 0.004594058 0.004594058 0.004594058 0.004594058 0.004594058 0.004594058 0.004594058 0.004594058 0.004594058 0.004594058 0.004594058 0.004594058 0.004594058 0.004594058 0.004594058 0.004594058 0.004594058 0.004594058 0.004594058 0.004594058 0.004594058 0.004594058 0.004594058 0.004594058 0.004594058 0.004594058 0.004594058 0.004594058 0.004594058 0.004594058 0.004594058 0.004594058 0.004594058 0.004594058 0.004594058 0.004594058 0.004594058 0.004594058 0.004594058 0.004594058 0.004594058 0.004594058 0.004594058 0.004594058 0.004594058 0.004594058 0.004594058 0.004594058 0.004594058 0.004594058 0.004594058 0.004594058 0.004594058 0.004594058 0.004594058 0.004594058 0.004594058 0.004594058 0.004594058 0.004594058 0.004594058 0.004594058 0.004594058 0.004594058 0.004594058 0.004594058 0.004594058 0.004594058,16 16 16 15 16 16 16 16 16 16 16 16 15 16 14 16 16 16 13 15 16 14 16 14 16 16 16 16 14 16 16 15 15 15 16 15 14 15 16 16 15 14 15 16 16 16 14 16 15 16 16 15 13 16 15 16 15 16 16 15 15 15 16 16 16 16 16 16 16 15 16 14 14 16 16 16 16 14 15 15 16 16 15 14 15 15 15 16 15 15 16 16 15 14 15 15 16 15 15 15 16 15 16 15 16 13 15 16 11 14 16 15 14 13 15 15 16 16 15 15 14 16 16 15 16 14 14 16 14 14 16 15 14 16 14 14 16 14 15 15 16 16 14 15 15 14 14 16 15 14 16 16 15 15 15 13 16 16 14 14 15 15 15 16 15 15 13 13 15 15 14 15 16 15 13 14 15 15 15 14 15 16 13 15 16 15 14 15 14 13 16 16 12 16 16 16 16 16 14 15 14 15 15 14 16 16 15 16 16 14 16 16 15 16 15 15 16 15 16 16 16 15 15 14 16 12 16 15 16 16 16 13 16 16 16 15 15 15 16 15 15 16 13 16 15 16 16 15 14 14 15 13 14 16 16 15
666,1x1x256x256,0.18543562 0.22341911 0.20198888 0.16469646 0.23658769 0.23144293 0.29716974 0.15966237 0.24430957 0.2728035 0.31160635 0.21964648 0.18738745 0.16106047 0.34476325 0.20643494 0.23119093 0.23185462 0.16947758 0.23038127 0.20147094 0.16917269 0.41360414 0.17648624 0.2602931 0.21717016 0.16793278 0.2169129 0.18288212 0.2280493 0.18725316 0.19463925 0.21691944 0.22907303 0.23265035 0.2036453 0.19782509 0.18847875 0.20446445 0.21374127 0.22365479 0.37551224 0.20524946 0.16678452 0.21786678 0.17882355 0.16240908 0.17310978 0.2900931 0.17074996 0.15146318 0.19091567 0.23368125 0.1745305 0.16224794 0.3428535 0.3937249 0.374541 0.30721018 0.19240412 0.22740062 0.24883042 0.28186664 0.28369868 0.25997922 0.24586728 0.33720857 0.28561816 0.18301243 0.25772092 0.20623814 0.20336507 0.17313793 0.13125512 0.32722363 0.14091133 0.26149803 0.18676387 0.19553402 0.26568088 0.20909365 0.21068001 0.58957446 0.2882414 0.1656048 0.23938371 0.21904877 0.24969287 0.28968588 0.34055546 0.18322842 0.31588647 0.26478058 0.21525878 0.09853408 0.27924564 0.15555947 0.2417241 0.70675063 0.21787377 0.33057538 0.19134568 0.1809559 0.18797576 0.1985565 0.1789913 0.23591712 0.18721947 0.16390388 0.21465386 0.41206637 0.1809668 0.19316855 0.20410362 0.25295874 0.14593056 0.19631495 0.24923885 0.46603584 0.21750854 0.2523898 0.2364698 0.28307956 0.27508637 0.24914987 0.12684847 0.26915967 0.22555466 0.25651416 0.233689 0.15564206 0.27563787 0.14589633 0.32195118 0.23338415 0.18102033 0.36467448 0.21466878 0.19757736 0.21351852 0.3608175 0.15004016 0.14921972 0.25133544 0.16720085 0.22462815 0.4671567 0.2575415 0.2618468 0.21811281 0.2135506 0.1720895 0.21632475 0.15641207 0.16670951 0.3344597 0.16072303 0.23712239 0.16925018 0.11637731 0.2600247 0.3210477 0.13860694 0.32968706 0.28150633 0.18088366 0.20245743 0.34823576 0.18482737 0.15964347 0.18708126 0.23052797 0.29932842 0.19167411 0.20636238 0.21249034 0.1732878 0.17609237 0.17807204 0.19373679 0.33768004 0.16936521 0.2081626 0.507791 0.13521594 0.5097906 0.20701706 0.17308025 0.19103457 0.23421043 0.12608667 0.32039574 0.2192816 0.1600514 0.13304193 0.20494509 0.16869722 0.22220735 0.17729124 0.23740576 0.1269679 0.123576574 0.23240161 0.22810818 0.17251447 0.18433806 0.40677375 0.15289739 0.33291224 0.13988425 0.31485164 0.19219673 0.6930949 0.1681245 0.18037842 0.176526 0.40612635 0.20462178 0.27054593 0.4121681 0.20610103 0.21323921 0.1946885 0.21861118 0.3129901 0.42729405 0.27589363 0.30700955 0.17597343 0.1790531 0.16674115 0.2727377 0.14487785 0.16916326 0.1898299 0.30270275 0.25139996 0.37463853 0.18870462 0.18293941 0.21987799 0.2433545 0.18020281 0.15159078 0.27824238 0.16413218 0.17015931 0.29994056 0.19000907 0.18667202 0.18581612 0.18707271 0.16461773 0.26992866 0.49034154 0.16081382,0.185413 0.22339185 0.20196421 0.16467635 0.23655882 0.23141469 0.29713348 0.15964289 0.24427976 0.2727702 0.31156832 0.21961968 0.1873646 0.16104081 0.34472117 0.20640975 0.23116271 0.23182632 0.1694569 0.23035315 0.20144635 0.16915205 0.41355368 0.17646469 0.26026133 0.21714367 0.16791227 0.21688643 0.1828598 0.22802147 0.18723032 0.1946155 0.21689297 0.22904508 0.23262195 0.20362045 0.19780095 0.18845576 0.2044395 0.2137152 0.22362751 0.37546644 0.20522441 0.16676417 0.21784018 0.17880173 0.16238926 0.17308865 0.2900577 0.17072912 0.15144469 0.19089238 0.23365273 0.1745092 0.16222814 0.34281164 0.39367682 0.37449533 0.3071727 0.19238064 0.22737285 0.24880005 0.28183225 0.28366408 0.2599475 0.24583729 0.3371674 0.28558332 0.18299009 0.25768945 0.20621297 0.20334026 0.1731168 0.1312391 0.3271837 0.14089413 0.26146612 0.18674108 0.19551015 0.26564845 0.20906812 0.21065429 0.5895025 0.2882062 0.16558458 0.2393545 0.21902204 0.2496624 0.2896505 0.3405139 0.18320607 0.31584793 0.26474825 0.2152325 0.09852205 0.27921158 0.15554048 0.24169461 0.7066644 0.21784717 0.33053505 0.19132233 0.18093382 0.18795283 0.19853227 0.17896946 0.23588833 0.18719661 0.16388386 0.21462767 0.41201606 0.18094471 0.19314498 0.20407872 0.25292787 0.14591275 0.19629098 0.24920842 0.46597895 0.21748199 0.252359 0.23644096 0.28304502 0.2750528 0.24911948 0.12683299 0.26912683 0.22552712 0.25648284 0.23366047 0.15562308 0.27560425 0.14587852 0.32191187 0.23335566 0.18099825 0.36462995 0.21464258 0.19755325 0.21349247 0.36077347 0.15002185 0.14920151 0.25130478 0.16718043 0.22460075 0.4670997 0.2575101 0.26181483 0.21808618 0.21352454 0.17206849 0.21629836 0.15639298 0.16668916 0.3344189 0.1607034 0.23709345 0.16922952 0.1163631 0.25999296 0.32100853 0.13859002 0.32964683 0.28147197 0.18086158 0.20243272 0.34819326 0.18480483 0.15962398 0.18705843 0.23049983 0.2992919 0.19165072 0.2063372 0.21246439 0.17326665 0.17607088 0.1780503 0.19371316 0.33763883 0.16934454 0.2081372 0.50772905 0.13519943 0.5097284 0.20699179 0.17305914 0.19101126 0.23418185 0.12607129 0.32035664 0.21925484 0.16003187 0.1330257 0.20492008 0.16867664 0.22218023 0.17726961 0.23737678 0.12695241 0.123561494 0.23237324 0.22808035 0.17249341 0.18431558 0.40672413 0.15287873 0.3328716 0.13986719 0.3148132 0.19217327 0.69301033 0.16810398 0.1803564 0.17650446 0.4060768 0.2045968 0.2705129 0.41211778 0.20607588 0.21321318 0.19466473 0.2185845 0.31295192 0.4272419 0.27585995 0.3069721 0.17595196 0.17903124 0.16672081 0.27270442 0.14486018 0.1691426 0.18980674 0.30266583 0.25136927 0.3745928 0.18868159 0.18291707 0.21985115 0.2433248 0.18018082 0.15157229 0.2782084 0.16411215 0.17013855 0.29990393 0.18998589 0.18664923 0.18579344 0.18704988 0.16459765 0.2698957 0.4902817 0.1607942,0.0014599449 0.0017589909 0.0015902694 0.0012966642 0.001862668 0.0018221629 0.0023396336 0.0012570306 0.0019234626 0.0021477968 0.002453294 0.0017292888 0.0014753117 0.001268038 0.0027143399 0.0016252736 0.0018201788 0.0018254041 0.0013343063 0.0018138043 0.0015861918 0.001331906 0.0032563282 0.0013894858 0.0020493018 0.0017097926 0.001322144 0.0017077671 0.0014398409 0.0017954446 0.0014742545 0.0015324055 0.0017078187 0.0018035045 0.0018316689 0.0016033106 0.0015574878 0.0014839036 0.0016097599 0.0016827969 0.0017608465 0.0029564286 0.0016159402 0.0013131037 0.001715277 0.0014078877 0.0012786556 0.0013629028 0.002283919 0.0013443237 0.0011924779 0.0015030897 0.0018397853 0.0013740881 0.0012773869 0.0026993044 0.0030998175 0.0029487822 0.0024186827 0.0015148082 0.0017903375 0.0019590554 0.0022191515 0.0022335753 0.0020468307 0.0019357266 0.0026548614 0.0022486874 0.0014408669 0.0020290508 0.0016237241 0.0016011044 0.0013631245 0.0010333788 0.0025762497 0.0011094026 0.0020587882 0.0014704022 0.00153945 0.00209172 0.0016462057 0.0016586952 0.004641752 0.00226934 0.0013038156 0.0018846812 0.001724583 0.0019658457 0.0022807126 0.002681212 0.0014425674 0.0024869917 0.002084632 0.0016947441 0.0007757642 0.0021985164 0.0012247282 0.0019031072 0.0055642864 0.001715332 0.0026026382 0.001506475 0.0014246757 0.0014799435 0.0015632462 0.0014092083 0.0018573884 0.0014739891 0.0012904241 0.0016899817 0.003244221 0.0014247615 0.0015208266 0.0016069191 0.0019915581 0.0011489193 0.0015455983 0.001962271 0.0036691255 0.0017124566 0.0019870787 0.0018617398 0.002228701 0.00216577 0.0019615707 0.000998685 0.0021191088 0.0017758041 0.00201955 0.0018398463 0.0012253786 0.0021701122 0.0011486498 0.0025347392 0.0018374461 0.001425183 0.002871102 0.0016900991 0.0015555373 0.0016810431 0.002840736 0.0011812744 0.0011748151 0.0019787778 0.0013163814 0.0017685099 0.0036779505 0.0020276385 0.0020615342 0.001717214 0.0016812956 0.00135487 0.0017031367 0.0012314408 0.001312513 0.0026332196 0.0012653811 0.0018668775 0.001332516 0.00091624487 0.0020471886 0.0025276262 0.00109126 0.0025956442 0.0022163147 0.0014241069 0.0015939585 0.002741679 0.0014551561 0.0012568817 0.0014729011 0.0018149593 0.0023566291 0.0015090607 0.0016247024 0.001672948 0.0013643043 0.001386385 0.0014019709 0.0015253004 0.0026585734 0.0013334216 0.0016388756 0.0039978665 0.0010645625 0.004013609 0.0016298566 0.0013626703 0.0015040257 0.0018439515 0.0009926873 0.0025224932 0.001726416 0.0012600934 0.0010474465 0.001613544 0.0013281625 0.0017494507 0.0013958237 0.0018691085 0.0009996253 0.00097292516 0.0018297106 0.0017959082 0.0013582158 0.0014513037 0.0032025522 0.0012037696 0.002621036 0.0011013164 0.002478844 0.0015131753 0.005456774 0.0013236534 0.0014201291 0.0013897989 0.003197455 0.0016109984 0.002130023 0.003245022 0.0016226447 0.0016788439 0.0015327932 0.0017211378 0.0024641883 0.0033641094 0.0021721255 0.0024171032 0.0013854485 0.0014096948 0.0013127623 0.002147279 0.0011406313 0.0013318316 0.0014945413 0.0023831956 0.0019792856 0.0029495496 0.0014856817 0.0014402919 0.0017311114 0.0019159433 0.0014187465 0.0011934825 0.0021906174 0.0012922217 0.0013396736 0.0023614482 0.0014959519 0.001469679 0.0014629405 0.0014728337 0.0012960444 0.002125163 0.0038604857 0.001266096,
667,256,,,0.004961525 0.004961525 0.004961525 0.004961525 0.004961525 0.004961525 0.004961525 0.004961525 0.004961525 0.004961525 0.004961525 0.004961525 0.004961525 0.004961525 0.004961525 0.004961525 0.004961525 0.004961525 0.004961525 0.004961525 0.004961525 0.004961525 0.004961525 0.004961525 0.004961525 0.004961525 0.004961525 0.004961525 0.004961525 0.004961525 0.004961525 0.004961525 0.004961525 0.004961525 0.004961525 0.004961525 0.004961525 0.004961525 0.004961525 0.004961525 0.004961525 0.004961525 0.004961525 0.004961525 0.004961525 0.004961525 0.004961525 0.004961525 0.004961525 0.004961525 0.004961525 0.004961525 0.004961525 0.004961525 0.004961525 0.004961525 0.004961525 0.004961525 0.004961525 0.004961525 0.004961525 0.004961525 0.004961525 0.004961525 0.004961525 0.004961525 0.004961525 0.004961525 0.004961525 0.004961525 0.004961525 0.004961525 0.004961525 0.004961525 0.004961525 0.004961525 0.004961525 0.004961525 0.004961525 0.004961525 0.004961525 0.004961525 0.004961525 0.004961525 0.004961525 0.004961525 0.004961525 0.004961525 0.004961525 0.004961525 0.004961525 0.004961525 0.004961525 0.004961525 0.004961525 0.004961525 0.004961525 0.004961525 0.004961525 0.004961525 0.004961525 0.004961525 0.004961525 0.004961525 0.004961525 0.004961525 0.004961525 0.004961525 0.004961525 0.004961525 0.004961525 0.004961525 0.004961525 0.004961525 0.004961525 0.004961525 0.004961525 0.004961525 0.004961525 0.004961525 0.004961525 0.004961525 0.004961525 0.004961525 0.004961525 0.004961525 0.004961525 0.004961525 0.004961525 0.004961525 0.004961525 0.004961525 0.004961525 0.004961525 0.004961525 0.004961525 0.004961525 0.004961525 0.004961525 0.004961525 0.004961525 0.004961525 0.004961525 0.004961525 0.004961525 0.004961525 0.004961525 0.004961525 0.004961525 0.004961525 0.004961525 0.004961525 0.004961525 0.004961525 0.004961525 0.004961525 0.004961525 0.004961525 0.004961525 0.004961525 0.004961525 0.004961525 0.004961525 0.004961525 0.004961525 0.004961525 0.004961525 0.004961525 0.004961525 0.004961525 0.004961525 0.004961525 0.004961525 0.004961525 0.004961525 0.004961525 0.004961525 0.004961525 0.004961525 0.004961525 0.004961525 0.004961525 0.004961525 0.004961525 0.004961525 0.004961525 0.004961525 0.004961525 0.004961525 0.004961525 0.004961525 0.004961525 0.004961525 0.004961525 0.004961525 0.004961525 0.004961525 0.004961525 0.004961525 0.004961525 0.004961525 0.004961525 0.004961525 0.004961525 0.004961525 0.004961525 0.004961525 0.004961525 0.004961525 0.004961525 0.004961525 0.004961525 0.004961525 0.004961525 0.004961525 0.004961525 0.004961525 0.004961525 0.004961525 0.004961525 0.004961525 0.004961525 0.004961525 0.004961525 0.004961525 0.004961525 0.004961525 0.004961525 0.004961525 0.004961525 0.004961525 0.004961525 0.004961525 0.004961525 0.004961525 0.004961525 0.004961525 0.004961525 0.004961525 0.004961525 0.004961525 0.004961525 0.004961525 0.004961525 0.004961525 0.004961525 0.004961525 0.004961525 0.004961525 0.004961525 0.004961525 0.004961525 0.004961525 0.004961525 0.004961525 0.004961525,14 14 14 14 14 14 13 14 14 13 13 14 14 14 13 14 14 14 14 14 14 14 13 14 13 14 14 14 14 14 14 14 14 14 14 14 14 14 14 14 14 13 14 14 14 14 14 14 13 14 14 14 14 14 14 13 13 13 13 14 14 13 13 13 13 14 13 13 14 13 14 14 14 14 13 14 13 14 14 13 14 14 12 13 14 14 14 13 13 13 14 13 13 14 15 13 14 14 12 14 13 14 14 14 14 14 14 14 14 14 13 14 14 14 13 14 14 13 13 14 13 14 13 13 13 14 13 14 13 14 14 13 14 13 14 14 13 14 14 14 13 14 14 13 14 14 13 13 13 14 14 14 14 14 14 13 14 14 14 15 13 13 14 13 13 14 14 13 14 14 14 14 13 14 14 14 14 14 14 14 13 14 14 12 14 12 14 14 14 14 14 13 14 14 14 14 14 14 14 14 14 15 14 14 14 14 13 14 13 14 13 14 12 14 14 14 13 14 13 13 14 14 14 14 13 13 13 13 14 14 14 13 14 14 14 13 13 13 14 14 14 14 14 14 13 14 14 13 14 14 14 14 14 13 13 14
673,1x1x256x512,0.33099872 0.27805722 0.19896655 0.08193643 0.21136609 0.40472654 0.22595778 0.07979933 0.17607251 0.13854991 0.24465542 0.30136722 0.23426901 0.44718438 0.2078419 0.51380485 0.2741877 0.15909052 0.4003401 0.15052904 0.15599267 0.3022604 0.11440487 0.21892233 0.29502276 0.4946598 0.24415287 0.31954402 0.1495612 0.1516179 0.34775865 0.16395015 0.17265992 0.21547951 0.48347428 0.32177672 0.3765464 0.3462476 0.080941625 0.26349407 0.26638022 0.16839585 0.30349573 0.18906893 0.15564632 0.16910048 0.11495318 0.23389585 0.21021752 0.15333527 0.16192307 0.14237337 0.200525 0.22073251 0.41230652 0.14945407 0.18279086 0.3951706 0.22537006 0.122215346 0.27219123 0.19240744 0.21720482 0.18120237 0.24644132 0.164957 0.2704221 0.21896124 0.2705519 0.13741277 0.23884529 0.16722623 0.37142232 0.22738098 0.34099925 0.21217462 0.24134842 0.25428304 0.15453205 0.24880408 0.62615377 0.25534877 0.2637017 0.7930831 0.226231 0.23862834 0.16331522 0.247425 0.35983187 0.2066936 0.3089464 0.06101588 0.2362641 0.23386163 0.18872601 0.050760683 0.18226826 0.16632 0.20493874 0.292299 0.2754807 0.20914137 0.40789747 0.22451797 0.26409382 0.11334505 0.17317872 0.24505429 0.20114057 0.27340376 0.17060958 0.16537589 0.4300351 0.25111005 0.1292987 0.12207364 0.4266914 0.13761646 0.15153435 0.18072051 0.25950992 0.15239961 0.27016234 0.21878974 0.06752096 0.24488291 0.16889912 0.53935504 0.16109182 0.27543992 0.22517663 0.29960343 0.093645476 0.10695866 0.2214408 0.18765637 0.14809108 0.20916113 0.45874098 0.1474196 0.23140831 0.17167452 0.3031339 0.35712218 0.13670082 0.13535856 0.20961481 0.11826328 0.20137218 0.28936705 0.17175846 0.24165472 0.27361348 0.19722538 0.21588145 0.30456173 0.46497104 0.1658421 0.15646423 0.16011275 0.10760763 0.31653458 0.25210842 0.20581111 0.22560136 0.16337489 0.3085213 0.06260854 0.37451914 0.37975705 0.13219962 0.25754222 0.2677554 0.55999243 0.1933019 0.12366553 0.08194836 0.20928274 0.22201568 0.16612177 0.18042777 0.065034054 0.29582104 0.27233362 0.2569515 0.31910774 0.21769728 0.35391322 0.153343 0.1744706 0.15063812 0.22581847 0.28669813 0.12800609 0.3101101 0.35992622 0.12829444 0.2568724 0.28777963 0.21093354 0.14357945 0.25458193 0.2666889 0.34997925 0.26766914 0.2663444 0.32135466 0.17165911 0.09913904 0.14358251 0.0900405 0.28732798 0.20460856 0.29075688 0.32401964 0.20662646 0.1337766 0.21011266 0.439247 0.14274244 0.45942917 0.32276383 0.3425179 0.15921104 0.19559155 0.26570675 0.23358135 0.2712815 0.12951313 0.13371897 0.40860656 0.0897876 0.29780602 0.33734515 0.20178516 0.1648264 0.58079946 0.15741764 0.26855943 0.2543946 0.18508469 0.1152211 0.6018299 0.19146833 0.36159903 0.23609754 0.29767075 0.16154253 0.37072715 0.43448985 0.22472395 0.19932501 0.104130514 0.092170015 0.3563798 0.26380125 0.3424203 0.1399818 0.31677753 0.43607062 0.22472723 0.10443182 0.25723994 0.17625546 0.15122323 0.15554309 0.18831648 0.38084823 0.34570175 0.12394528 0.3150582 0.16091464 0.3040831 0.17154771 0.2212868 0.26185107 0.17117566 0.23665902 0.29021096 0.36037678 0.08769149 0.15855592 0.33092698 0.16834426 0.20182924 0.23719567 0.085775055 0.23577014 0.12666081 0.22241193 0.17279056 0.17453358 0.31161746 0.31239012 0.15929563 0.16399503 0.18706751 0.19428393 0.28126675 0.2264777 0.26748842 0.13557625 0.07137006 0.18333872 0.075219885 0.16360803 0.25607076 0.15437277 0.36792532 0.3170274 0.12326249 0.07100172 0.12314454 0.5620308 0.20129484 0.36793247 0.21097907 0.3900799 0.14970194 0.24702506 0.2642551 0.17336237 0.24607798 0.29180786 0.17008169 0.28151384 0.13955197 0.1306287 0.34261 0.17533712 0.2552213 0.24259064 0.1738308 0.23503605 0.16364427 0.3548162 0.28357056 0.10427481 0.1180524 0.29172435 0.34468308 0.2998358 0.13571733 0.1472687 0.12424296 0.20158644 0.2972822 0.27292946 0.28230274 0.13476336 0.22828825 0.32937565 0.24456064 0.17722812 0.3326285 0.19111143 0.12994382 0.3390003 0.16630772 0.14429644 0.15649253 0.23238504 0.34343302 0.11313419 0.15836114 0.21218973 0.13678601 0.16831183 0.21523352 0.5815958 0.45868352 0.26178628 0.36446822 0.12559853 0.23962234 0.07829048 0.10587985 0.08606046 0.33100724 0.334717 0.44486815 0.36649767 0.11482902 0.2582013 0.2067784 0.16508822 0.19216348 0.3374578 0.35659853 0.14834383 0.20412694 0.17020361 0.3665207 0.44959942 0.24358344 0.11721754 0.3385793 0.2702725 0.23585038 0.2114369 0.5296065 0.16915765 0.0957354 0.1583657 0.13492183 0.3195478 0.31797054 0.24126205 0.36651164 0.32695404 0.43093887 0.08253219 0.34416193 0.14130151 0.24135475 0.1369705 0.17374425 0.252551 0.24509034 0.35329688 0.25363076 0.10099103 0.31940973 0.1234465 0.4289291 0.16257277 0.39549786 0.57388145 0.21329154 0.3468456 0.22008474 0.14536397 0.08790651 0.41742676 0.23895752 0.11276916 0.1603771 0.16565073 0.257351 0.12700206 0.2781679 0.1725826 0.24997145 0.11516956 0.18064533 0.20565692 0.6515653 0.46793878 0.32336986 0.2907172 0.34697464 0.21988072 0.40599692 0.27891985 0.13433215 0.19912106 0.14489003 0.11651593 0.11406608 0.20853962 0.1769112 0.18641414 0.15727471 0.20135805 0.25286087 0.36625978 0.3071489 0.56514835 0.35767153 0.17629917 0.3416811 0.20095007 0.15027782 0.32494813 0.1420877 0.38422257 0.15715593 0.54974496 0.33655334 0.24279547 0.16047971 0.2861702 0.3800135 0.43232197 0.17758876 0.16247919 0.32836187 0.11599229 0.18112218 0.30474764 0.42568496 0.309854 0.32434362 0.1562924 0.07387034 0.23671886 0.22149785 0.2544787 0.31715488 0.14129922 0.17557953 0.14687578 0.13210368 0.38283226 0.12589309 0.1589598 0.2585566 0.081592925 0.3328526 0.22182448 0.26720223 0.34620944,0.3309583 0.2780233 0.19894227 0.08192643 0.2113403 0.40467712 0.22593021 0.079789594 0.17605102 0.13853301 0.24462557 0.30133045 0.23424043 0.44712982 0.20781654 0.51374215 0.27415425 0.1590711 0.40029123 0.15051067 0.15597364 0.3022235 0.11439091 0.21889561 0.29498675 0.49459946 0.24412309 0.31950504 0.14954294 0.15159939 0.3477162 0.16393013 0.17263885 0.21545321 0.48341528 0.32173747 0.37650046 0.34620535 0.080931745 0.26346192 0.2663477 0.1683753 0.3034587 0.18904585 0.15562734 0.16907984 0.11493915 0.23386732 0.21019188 0.15331656 0.1619033 0.142356 0.20050052 0.22070557 0.41225618 0.14943583 0.18276855 0.39512238 0.22534256 0.12220043 0.27215803 0.19238396 0.21717831 0.18118025 0.24641123 0.16493687 0.27038908 0.2189345 0.27051887 0.137396 0.23881614 0.16720583 0.371377 0.22735322 0.3409576 0.21214874 0.24131897 0.254252 0.1545132 0.24877372 0.62607735 0.25531763 0.26366952 0.7929863 0.22620338 0.23859921 0.1632953 0.2473948 0.35978797 0.20666838 0.3089087 0.061008435 0.23623526 0.23383307 0.18870299 0.050754488 0.18224601 0.1662997 0.20491372 0.29226333 0.27544707 0.20911585 0.40784767 0.22449057 0.26406157 0.11333122 0.17315757 0.24502438 0.20111601 0.27337041 0.17058875 0.1653557 0.42998263 0.25107938 0.12928292 0.12205875 0.42663932 0.13759966 0.15151586 0.18069845 0.25947827 0.15238102 0.27012935 0.21876304 0.06751272 0.24485303 0.1688785 0.5392892 0.16107215 0.2754063 0.22514915 0.29956686 0.09363405 0.106945604 0.22141379 0.18763347 0.148073 0.2091356 0.458685 0.1474016 0.23138008 0.17165357 0.3030969 0.35707858 0.13668415 0.13534205 0.20958924 0.11824885 0.2013476 0.28933173 0.1717375 0.24162523 0.27358007 0.1972013 0.2158551 0.30452457 0.4649143 0.16582187 0.15644513 0.1600932 0.107594505 0.31649595 0.25207764 0.205786 0.22557384 0.16335495 0.30848363 0.0626009 0.37447345 0.3797107 0.13218349 0.2575108 0.2677227 0.5599241 0.19327831 0.12365044 0.081938356 0.2092572 0.22198857 0.1661015 0.18040577 0.06502611 0.29578492 0.2723004 0.25692016 0.31906882 0.21767071 0.35387 0.15332429 0.17444931 0.15061975 0.2257909 0.28666314 0.12799045 0.31007224 0.3598823 0.12827879 0.25684103 0.2877445 0.2109078 0.14356193 0.25455087 0.26665637 0.34993654 0.26763648 0.2663119 0.32131544 0.17163816 0.09912694 0.14356498 0.09002951 0.28729293 0.2045836 0.29072142 0.3239801 0.20660123 0.13376029 0.21008702 0.43919343 0.14272502 0.4593731 0.32272446 0.34247613 0.15919161 0.19556768 0.26567432 0.23355284 0.2712484 0.12949733 0.13370265 0.4085567 0.08977665 0.2977697 0.33730397 0.20176055 0.16480628 0.5807286 0.15739842 0.26852664 0.25436357 0.1850621 0.11520703 0.60175645 0.19144496 0.36155492 0.23606874 0.29763442 0.16152282 0.3706819 0.43443683 0.22469652 0.19930068 0.10411781 0.09215877 0.3563363 0.26376903 0.34237853 0.13996471 0.31673887 0.43601742 0.22469981 0.10441908 0.25720853 0.17623396 0.15120478 0.1555241 0.18829349 0.38080177 0.34565958 0.123930156 0.31501976 0.160895 0.304046 0.17152677 0.22125979 0.2618191 0.17115477 0.23663014 0.29017553 0.36033282 0.08768079 0.15853658 0.3308866 0.16832373 0.20180461 0.23716673 0.08576459 0.23574136 0.12664534 0.2223848 0.17276947 0.17451227 0.31157944 0.312352 0.1592762 0.16397502 0.18704468 0.19426022 0.28123242 0.22645006 0.26745576 0.1355597 0.07136135 0.18331635 0.075210705 0.16358806 0.25603953 0.15435392 0.36788043 0.3169887 0.123247445 0.07099306 0.12312951 0.5619622 0.20127028 0.3678876 0.21095333 0.39003226 0.14968367 0.24699491 0.26422286 0.17334121 0.24604794 0.29177225 0.17006093 0.28147948 0.13953494 0.13061276 0.3425682 0.17531572 0.25519016 0.24256103 0.1738096 0.23500736 0.1636243 0.3547729 0.28353596 0.104262084 0.118038 0.29168877 0.344641 0.2997992 0.13570078 0.14725073 0.1242278 0.20156184 0.2972459 0.27289617 0.2822683 0.13474692 0.2282604 0.32933545 0.2445308 0.17720649 0.3325879 0.19108811 0.12992796 0.33895895 0.16628742 0.14427882 0.15647344 0.23235668 0.3433911 0.113120385 0.15834181 0.21216384 0.13676931 0.16829129 0.21520725 0.5815248 0.45862752 0.26175433 0.36442372 0.12558322 0.2395931 0.07828092 0.105866924 0.08604996 0.33096683 0.33467618 0.44481388 0.36645293 0.114815004 0.25816977 0.20675318 0.16506808 0.19214003 0.33741662 0.35655499 0.14832573 0.20410202 0.17018284 0.36647597 0.44954455 0.24355371 0.117203236 0.33853796 0.2702395 0.2358216 0.2114111 0.52954185 0.169137 0.09572372 0.15834637 0.13490537 0.31950882 0.31793174 0.2412326 0.3664669 0.32691413 0.4308863 0.08252212 0.3441199 0.14128426 0.2413253 0.13695379 0.17372304 0.25252017 0.24506041 0.35325375 0.25359982 0.10097871 0.31937075 0.12343144 0.42887673 0.16255292 0.3954496 0.5738114 0.21326551 0.34680325 0.22005787 0.14534624 0.08789578 0.4173758 0.23892836 0.112755395 0.16035752 0.16563052 0.2573196 0.12698656 0.27813396 0.17256153 0.24994093 0.1151555 0.18062328 0.2056318 0.6514858 0.46788168 0.3233304 0.29068172 0.3469323 0.21985388 0.4059474 0.2788858 0.13431576 0.19909675 0.14487235 0.11650171 0.114052154 0.20851417 0.17688961 0.1863914 0.15725552 0.20133348 0.25283 0.36621508 0.3071114 0.5650794 0.3576279 0.17627765 0.3416394 0.20092554 0.15025948 0.3249085 0.14207037 0.38417566 0.15713675 0.5496779 0.33651227 0.24276583 0.16046011 0.2861353 0.37996712 0.4322692 0.17756708 0.16245937 0.3283218 0.11597814 0.18110007 0.30471045 0.425633 0.30981618 0.32430404 0.15627332 0.07386132 0.23668998 0.22147082 0.25444764 0.3171162 0.14128198 0.1755581 0.14685786 0.13208756 0.38278556 0.12587772 0.1589404 0.25852504 0.08158296 0.33281198 0.22179742 0.26716962 0.3461672,0.002605971 0.0021891599 0.0015664746 0.00064509 0.0016640968 0.003186434 0.001778978 0.0006282645 0.0013862285 0.0010908111 0.0019261856 0.0023726807 0.0018444128 0.0035207071 0.0016363508 0.0040452136 0.002158695 0.0012525284 0.0031518994 0.0011851233 0.0012281389 0.0023797126 0.0009007158 0.0017235875 0.0023227304 0.003894484 0.0019222291 0.0025157877 0.0011775035 0.001193696 0.0027379228 0.0012907884 0.001359361 0.001696482 0.0038064194 0.002533366 0.0029645704 0.0027260263 0.0006372578 0.0020745033 0.002097226 0.0013257897 0.0023894385 0.00148855 0.0012254121 0.0013313374 0.0009050327 0.0018414749 0.0016550542 0.001207217 0.0012748291 0.0011209133 0.0015787443 0.0017378391 0.0032461116 0.0011766601 0.0014391225 0.0031112 0.0017743509 0.0009622081 0.0021429765 0.0015148344 0.0017100655 0.0014266162 0.001940246 0.0012987155 0.0021290479 0.0017238938 0.0021300698 0.0010818582 0.001880442 0.0013165813 0.0029242283 0.0017901828 0.0026847057 0.0016704625 0.0019001494 0.002001984 0.0012166393 0.0019588482 0.004929743 0.002010375 0.002076138 0.0062439865 0.001781129 0.001878734 0.0012857898 0.0019479905 0.0028329762 0.0016273101 0.002432352 0.00048038136 0.0018601202 0.0018412053 0.0014858503 0.00039964163 0.001435008 0.0013094464 0.0016134939 0.002301286 0.0021688745 0.0016465815 0.003211399 0.0017676422 0.002079225 0.0008923718 0.0013634454 0.0019293259 0.0015835906 0.002152523 0.0013432185 0.0013020134 0.00338569 0.001977003 0.0010179757 0.00096109253 0.0033593648 0.0010834619 0.0011930382 0.0014228225 0.002043136 0.0011998506 0.0021270027 0.0017225436 0.00053159625 0.0019279766 0.0013297519 0.0042463713 0.0012682846 0.0021685536 0.0017728279 0.0023587942 0.000737276 0.0008420914 0.0017434157 0.001477429 0.0011659291 0.0016467371 0.003611693 0.0011606425 0.0018218904 0.001351603 0.0023865898 0.0028116424 0.0010762531 0.0010656854 0.001650309 0.0009310933 0.0015854142 0.0022782027 0.0013522638 0.0019025609 0.0021541738 0.0015527661 0.0016996465 0.0023978313 0.0036607424 0.001305684 0.0012318514 0.0012605764 0.0008472008 0.0024920942 0.0019848633 0.0016203623 0.001776172 0.0012862594 0.002429005 0.0004929205 0.0029486099 0.0029898481 0.0010408149 0.002027644 0.0021080528 0.0044088513 0.0015218764 0.0009736255 0.0006451839 0.0016476945 0.0017479415 0.0013078859 0.0014205178 0.00051201665 0.0023290152 0.0021440976 0.0020229933 0.002512353 0.0017139426 0.002786378 0.0012072779 0.0013736166 0.0011859823 0.0017778812 0.0022571902 0.0010077988 0.0024415138 0.002833719 0.0010100693 0.0020223702 0.0022657046 0.0016606913 0.0011304088 0.0020043375 0.0020996565 0.0027554058 0.002107374 0.0020969443 0.0025300428 0.0013514815 0.00078052713 0.0011304329 0.00070889376 0.002262149 0.0016108945 0.002289145 0.0025510243 0.0016267813 0.0010532306 0.0016542284 0.0034582159 0.001123819 0.003617111 0.0025411374 0.0026966624 0.0012534772 0.001539903 0.0020919237 0.0018389988 0.0021358142 0.001019664 0.0010527768 0.003216982 0.00070690276 0.0023446432 0.0026559366 0.0015886658 0.0012976872 0.0045726663 0.0012393576 0.002114383 0.0020028627 0.0014571819 0.000907142 0.0047382396 0.0015074407 0.0028468892 0.001858809 0.002343578 0.0012718332 0.0029187552 0.0034207625 0.0017692639 0.0015692967 0.0008198253 0.0007256596 0.0028057976 0.0020769215 0.0026958939 0.0011020844 0.0024940069 0.003433208 0.0017692898 0.0008221975 0.002025264 0.001387669 0.0011905888 0.0012245992 0.0014826258 0.0029984391 0.002721729 0.000975828 0.0024804706 0.0012668899 0.002394063 0.0013506046 0.001742203 0.0020615677 0.0013476753 0.0018632294 0.0022848467 0.0028372663 0.0006903999 0.0012483195 0.0026054063 0.0013253837 0.0015890127 0.0018674546 0.0006753117 0.0018562312 0.0009972074 0.0017510614 0.0013603895 0.0013741123 0.0024533814 0.0024594646 0.0012541433 0.0012911418 0.0014727927 0.001529608 0.0022144285 0.0017830713 0.0021059508 0.0010673992 0.0005619004 0.0014434358 0.0005922103 0.001288095 0.0020160594 0.0012153852 0.0028966963 0.002495974 0.0009704523 0.0005590005 0.0009695237 0.004424899 0.0015848053 0.0028967527 0.0016610498 0.0030711202 0.0011786115 0.0019448418 0.002080495 0.0013648914 0.0019373854 0.0022974194 0.0013390625 0.0022163738 0.0010987003 0.001028447 0.0026973872 0.0013804388 0.0020093713 0.0019099293 0.0013685796 0.0018504517 0.0012883804 0.0027934874 0.0022325667 0.0008209613 0.00092943304 0.002296762 0.0027137087 0.0023606236 0.00106851 0.0011594546 0.0009781716 0.0015871011 0.0023405189 0.0021487887 0.002222585 0.0010609993 0.001797326 0.0025931925 0.0019254393 0.0013953267 0.0026188022 0.0015046308 0.0010230548 0.0026689682 0.0013093498 0.0011360537 0.0012320743 0.0018295802 0.002703867 0.0008907117 0.0012467859 0.0016705814 0.0010769237 0.0013251283 0.0016945453 0.0045789354 0.0036112403 0.0020610578 0.0028694782 0.0009888442 0.0018865599 0.0006163852 0.00083359785 0.0006775587 0.002606038 0.0026352454 0.0035024714 0.0028854562 0.00090405514 0.002032833 0.0016279778 0.0012997487 0.0015129136 0.0026568237 0.0028075196 0.0011679191 0.0016071026 0.0013400223 0.0028856376 0.0035397208 0.0019177458 0.0009228601 0.0026656531 0.00212787 0.001856863 0.0016646544 0.004169621 0.0013317874 0.00075373007 0.0012468218 0.001062247 0.0025158175 0.0025033995 0.0018994693 0.0028855663 0.002574127 0.0033928056 0.00064978044 0.0027096055 0.0011124745 0.0019001992 0.0010783763 0.001367898 0.0019883479 0.0019296096 0.0027815257 0.001996849 0.000795108 0.0025147302 0.00097190106 0.0033769822 0.0012799443 0.0031137764 0.0045182 0.001679256 0.0027307342 0.0017327392 0.0011444585 0.00069209276 0.0032864236 0.0018813257 0.0008878378 0.0012626577 0.0013041773 0.0020261386 0.0009998942 0.002190031 0.0013587521 0.0019680387 0.00090673624 0.0014222305 0.0016191481 0.0051298095 0.0036841077 0.0025459088 0.0022888323 0.0027317503 0.0017311329 0.0031964362 0.0021959513 0.0010576044 0.001567691 0.0011407272 0.0009173363 0.00089804846 0.0016418438 0.0013928316 0.0014676488 0.0012382324 0.001585303 0.0019907875 0.0028835833 0.0024182 0.004449444 0.0028159677 0.001388013 0.002690074 0.0015820909 0.0011831456 0.0025583345 0.0011186643 0.003025005 0.0012372973 0.0043281727 0.0026497028 0.0019115419 0.0012634655 0.0022530337 0.002991867 0.0034036944 0.001398166 0.0012792076 0.002585211 0.00091321365 0.0014259848 0.0023992949 0.0033514411 0.0024394975 0.0025535752 0.0012304985 0.0005815852 0.0018637007 0.0017438647 0.0020035247 0.002496978 0.0011124565 0.0013823473 0.0011563611 0.0010400595 0.0030140595 0.0009911632 0.0012514993 0.0020356302 0.00064238557 0.0026205669 0.0017464363 0.0021036977 0.002725726,
674,512,,,0.0045940573 0.0045940573 0.0045940573 0.0045940573 0.0045940573 0.0045940573 0.0045940573 0.0045940573 0.0045940573 0.0045940573 0.0045940573 0.0045940573 0.0045940573 0.0045940573 0.0045940573 0.0045940573 0.0045940573 0.0045940573 0.0045940573 0.0045940573 0.0045940573 0.0045940573 0.0045940573 0.0045940573 0.0045940573 0.0045940573 0.0045940573 0.0045940573 0.0045940573 0.0045940573 0.0045940573 0.0045940573 0.0045940573 0.0045940573 0.0045940573 0.0045940573 0.0045940573 0.0045940573 0.0045940573 0.0045940573 0.0045940573 0.0045940573 0.0045940573 0.0045940573 0.0045940573 0.0045940573 0.0045940573 0.0045940573 0.0045940573 0.0045940573 0.0045940573 0.0045940573 0.0045940573 0.0045940573 0.0045940573 0.0045940573 0.0045940573 0.0045940573 0.0045940573 0.0045940573 0.0045940573 0.0045940573 0.0045940573 0.0045940573 0.0045940573 0.0045940573 0.0045940573 0.0045940573 0.0045940573 0.0045940573 0.0045940573 0.0045940573 0.0045940573 0.0045940573 0.0045940573 0.0045940573 0.0045940573 0.0045940573 0.0045940573 0.0045940573 0.0045940573 0.0045940573 0.0045940573 0.0045940573 0.0045940573 0.0045940573 0.0045940573 0.0045940573 0.0045940573 0.0045940573 0.0045940573 0.0045940573 0.0045940573 0.0045940573 0.0045940573 0.0045940573 0.0045940573 0.0045940573 0.0045940573 0.0045940573 0.0045940573 0.0045940573 0.0045940573 0.0045940573 0.0045940573 0.0045940573 0.0045940573 0.0045940573 0.0045940573 0.0045940573 0.0045940573 0.0045940573 0.0045940573 0.0045940573 0.0045940573 0.0045940573 0.0045940573 0.0045940573 0.0045940573 0.0045940573 0.0045940573 0.0045940573 0.0045940573 0.0045940573 0.0045940573 0.0045940573 0.0045940573 0.0045940573 0.0045940573 0.0045940573 0.0045940573 0.0045940573 0.0045940573 0.0045940573 0.0045940573 0.0045940573 0.0045940573 0.0045940573 0.0045940573 0.0045940573 0.0045940573 0.0045940573 0.0045940573 0.0045940573 0.0045940573 0.0045940573 0.0045940573 0.0045940573 0.0045940573 0.0045940573 0.0045940573 0.0045940573 0.0045940573 0.0045940573 0.0045940573 0.0045940573 0.0045940573 0.0045940573 0.0045940573 0.0045940573 0.0045940573 0.0045940573 0.0045940573 0.0045940573 0.0045940573 0.0045940573 0.0045940573 0.0045940573 0.0045940573 0.0045940573 0.0045940573 0.0045940573 0.0045940573 0.0045940573 0.0045940573 0.0045940573 0.0045940573 0.0045940573 0.0045940573 0.0045940573 0.0045940573 0.0045940573 0.0045940573 0.0045940573 0.0045940573 0.0045940573 0.0045940573 0.0045940573 0.0045940573 0.0045940573 0.0045940573 0.0045940573 0.0045940573 0.0045940573 0.0045940573 0.0045940573 0.0045940573 0.0045940573 0.0045940573 0.0045940573 0.0045940573 0.0045940573 0.0045940573 0.0045940573 0.0045940573 0.0045940573 0.0045940573 0.0045940573 0.0045940573 0.0045940573 0.0045940573 0.0045940573 0.0045940573 0.0045940573 0.0045940573 0.0045940573 0.0045940573 0.0045940573 0.0045940573 0.0045940573 0.0045940573 0.0045940573 0.0045940573 0.0045940573 0.0045940573 0.0045940573 0.0045940573 0.0045940573 0.0045940573 0.0045940573 0.0045940573 0.0045940573 0.0045940573 0.0045940573 0.0045940573 0.0045940573 0.0045940573 0.0045940573 0.0045940573 0.0045940573 0.0045940573 0.0045940573 0.0045940573 0.0045940573 0.0045940573 0.0045940573 0.0045940573 0.0045940573 0.0045940573 0.0045940573 0.0045940573 0.0045940573 0.0045940573 0.0045940573 0.0045940573 0.0045940573 0.0045940573 0.0045940573 0.0045940573 0.0045940573 0.0045940573 0.0045940573 0.0045940573 0.0045940573 0.0045940573 0.0045940573 0.0045940573 0.0045940573 0.0045940573 0.0045940573 0.0045940573 0.0045940573 0.0045940573 0.0045940573 0.0045940573 0.0045940573 0.0045940573 0.0045940573 0.0045940573 0.0045940573 0.0045940573 0.0045940573 0.0045940573 0.0045940573 0.0045940573 0.0045940573 0.0045940573 0.0045940573 0.0045940573 0.0045940573 0.0045940573 0.0045940573 0.0045940573 0.0045940573 0.0045940573 0.0045940573 0.0045940573 0.0045940573 0.0045940573 0.0045940573 0.0045940573 0.0045940573 0.0045940573 0.0045940573 0.0045940573 0.0045940573 0.0045940573 0.0045940573 0.0045940573 0.0045940573 0.0045940573 0.0045940573 0.0045940573 0.0045940573 0.0045940573 0.0045940573 0.0045940573 0.0045940573 0.0045940573 0.0045940573 0.0045940573 0.0045940573 0.0045940573 0.0045940573 0.0045940573 0.0045940573 0.0045940573 0.0045940573 0.0045940573 0.0045940573 0.0045940573 0.0045940573 0.0045940573 0.0045940573 0.0045940573 0.0045940573 0.0045940573 0.0045940573 0.0045940573 0.0045940573 0.0045940573 0.0045940573 0.0045940573 0.0045940573 0.0045940573 0.0045940573 0.0045940573 0.0045940573 0.0045940573 0.0045940573 0.0045940573 0.0045940573 0.0045940573 0.0045940573 0.0045940573 0.0045940573 0.0045940573 0.0045940573 0.0045940573 0.0045940573 0.0045940573 0.0045940573 0.0045940573 0.0045940573 0.0045940573 0.0045940573 0.0045940573 0.0045940573 0.0045940573 0.0045940573 0.0045940573 0.0045940573 0.0045940573 0.0045940573 0.0045940573 0.0045940573 0.0045940573 0.0045940573 0.0045940573 0.0045940573 0.0045940573 0.0045940573 0.0045940573 0.0045940573 0.0045940573 0.0045940573 0.0045940573 0.0045940573 0.0045940573 0.0045940573 0.0045940573 0.0045940573 0.0045940573 0.0045940573 0.0045940573 0.0045940573 0.0045940573 0.0045940573 0.0045940573 0.0045940573 0.0045940573 0.0045940573 0.0045940573 0.0045940573 0.0045940573 0.0045940573 0.0045940573 0.0045940573 0.0045940573 0.0045940573 0.0045940573 0.0045940573 0.0045940573 0.0045940573 0.0045940573 0.0045940573 0.0045940573 0.0045940573 0.0045940573 0.0045940573 0.0045940573 0.0045940573 0.0045940573 0.0045940573 0.0045940573 0.0045940573 0.0045940573 0.0045940573 0.0045940573 0.0045940573 0.0045940573 0.0045940573 0.0045940573 0.0045940573 0.0045940573 0.0045940573 0.0045940573 0.0045940573 0.0045940573 0.0045940573 0.0045940573 0.0045940573 0.0045940573 0.0045940573 0.0045940573 0.0045940573 0.0045940573 0.0045940573 0.0045940573 0.0045940573 0.0045940573 0.0045940573 0.0045940573 0.0045940573 0.0045940573 0.0045940573 0.0045940573 0.0045940573 0.0045940573 0.0045940573 0.0045940573 0.0045940573 0.0045940573 0.0045940573 0.0045940573 0.0045940573 0.0045940573 0.0045940573 0.0045940573 0.0045940573 0.0045940573 0.0045940573 0.0045940573 0.0045940573 0.0045940573 0.0045940573 0.0045940573 0.0045940573 0.0045940573 0.0045940573 0.0045940573 0.0045940573 0.0045940573 0.0045940573 0.0045940573 0.0045940573 0.0045940573 0.0045940573 0.0045940573 0.0045940573 0.0045940573 0.0045940573 0.0045940573 0.0045940573 0.0045940573 0.0045940573 0.0045940573 0.0045940573 0.0045940573 0.0045940573 0.0045940573 0.0045940573 0.0045940573 0.0045940573 0.0045940573 0.0045940573 0.0045940573 0.0045940573 0.0045940573 0.0045940573 0.0045940573 0.0045940573,13 13 14 15 14 13 14 15 14 14 14 13 14 13 14 12 13 14 13 14 14 13 15 14 13 13 14 13 14 14 13 14 14 14 13 13 13 13 15 13 13 14 13 14 14 14 15 14 14 14 14 14 14 14 13 14 14 13 14 15 13 14 14 14 14 14 13 14 13 14 14 14 13 14 13 14 14 13 14 13 12 13 13 12 14 14 14 14 13 14 13 16 14 14 14 16 14 14 14 13 13 14 13 14 13 15 14 14 14 13 14 14 13 13 14 15 13 14 14 14 13 14 13 14 15 14 14 12 14 13 14 13 15 15 14 14 14 14 13 14 14 14 13 13 14 14 14 15 14 13 14 14 13 14 14 13 13 14 14 14 15 13 13 14 14 14 13 15 13 13 14 13 13 12 14 15 15 14 14 14 14 15 13 13 13 13 14 13 14 14 14 14 13 14 13 13 14 13 13 14 14 13 13 13 13 13 13 14 15 14 15 13 14 13 13 14 14 14 13 14 13 13 13 14 14 13 14 13 14 14 13 15 13 13 14 14 12 14 13 13 14 15 12 14 13 14 13 14 13 13 14 14 15 15 13 13 13 14 13 13 14 15 13 14 14 14 14 13 13 14 13 14 13 14 14 13 14 14 13 13 15 14 13 14 14 14 15 14 14 14 14 14 13 13 14 14 14 14 13 14 13 14 15 14 15 14 13 14 13 13 15 15 15 12 14 13 14 13 14 14 13 14 14 13 14 13 14 14 13 14 13 14 14 14 14 13 13 15 15 13 13 13 14 14 14 14 13 13 13 14 14 13 14 14 13 14 14 13 14 14 14 14 13 15 14 14 14 14 14 12 13 13 13 14 14 15 15 15 13 13 13 13 15 13 14 14 14 13 13 14 14 14 13 13 14 15 13 13 14 14 12 14 15 14 14 13 13 14 13 13 13 15 13 14 14 14 14 13 14 13 13 15 13 15 13 14 13 12 14 13 14 14 15 13 14 15 14 14 13 14 13 14 13 15 14 14 12 13 13 13 13 14 13 13 14 14 14 15 15 14 14 14 14 14 13 13 13 12 13 14 13 14 14 13 14 13 14 12 13 14 14 13 13 13 14 14 13 15 14 13 13 13 13 14 15 14 14 13 13 14 14 14 14 13 14 14 13 15 13 14 13 13
679,1x1x512x256,0.34799823 0.39347953 0.39557806 0.2535652 0.27400285 0.25929546 0.302542 0.8658806 0.29310814 0.47924605 0.23516022 0.2644417 0.58509755 0.3854667 0.34264162 0.2290382 0.27373257 0.6756663 0.361252 0.3919211 0.38480645 0.23556371 0.4420382 0.40208405 0.38054788 0.4995849 0.3373159 0.3023805 0.25615194 0.23020205 0.30111882 0.3372697 0.40061706 0.32428682 0.5226104 0.27091175 0.3289289 0.33242175 0.38316375 0.27919757 0.37739462 0.5834445 0.28382394 0.32237574 0.27948722 0.38216126 0.5132217 0.51116157 0.42253378 0.32554275 0.3581503 0.35430416 0.37605864 0.28362918 0.322531 0.83958477 0.34082308 0.38981926 0.3358002 0.29904845 0.27200708 0.49700055 0.30953577 0.6649087 0.25287116 0.2530828 0.33915874 0.27021956 0.3752235 0.27905786 0.25604337 0.280122 0.32079327 0.37361053 0.2840223 0.25254682 0.5007819 0.34474424 0.54147464 0.2874726 0.3771596 0.2517822 0.55328375 0.39008057 0.32937235 0.27251378 0.31361288 0.44741908 0.22952633 0.24792661 0.4107884 0.28330252 0.41590062 0.3170914 0.49706727 0.25439292 0.33720756 0.42394271 0.26658842 0.28960443 0.317185 0.21160927 0.2411094 0.23378347 0.30366522 0.293718 0.3321453 0.3704987 0.28353688 0.297548 0.42952505 0.50949615 0.38621718 0.25847232 0.28197163 0.27015314 0.39580902 0.40045637 0.38948384 0.28203237 0.22470985 0.2985956 0.35773367 0.2511496 0.21479152 0.24525882 0.43812382 0.5093114 0.23615828 0.26447085 0.2817982 0.22871438 0.29165283 0.45617548 0.25369915 0.22714435 0.28588402 0.41268542 0.29804334 0.28597528 0.40899137 0.20546827 0.35319826 0.2994307 0.36126387 0.37607393 0.26101986 0.34752157 0.33325136 0.4605605 0.24026583 0.2961943 0.22951305 0.32550612 0.26371494 0.33509687 0.23531492 0.39803955 0.36333054 0.72089034 0.39136767 0.31758338 0.25903824 0.3523763 0.33313927 0.21858071 0.33137494 0.384998 0.28646916 0.3060356 0.3045652 0.27572525 0.26262617 0.27358574 0.21699844 0.28360987 0.26220304 0.43848953 0.52571726 0.30091664 0.36386666 0.48609814 0.24842925 0.30611137 0.49262223 0.14733154 0.31476733 0.46336746 0.46000314 0.41947743 0.44909975 0.4262022 0.28492004 0.37398714 0.315769 0.4323295 0.32479388 0.39402303 0.25472572 0.2692549 0.56944716 0.4954061 0.26951218 0.44950354 0.5470592 0.38216162 0.43109897 0.35798997 0.32849258 0.5165245 0.36091396 0.4760471 0.83240855 0.3828943 0.34864208 0.30744603 0.3064449 0.32085186 0.7106335 0.3011634 0.23681304 0.31293383 0.2695129 0.26410428 0.2653928 0.3309725 0.26029763 0.53058547 0.32328805 0.29753748 0.39530507 0.45648953 0.34166086 0.29171243 0.25990367 0.24921167 0.30753008 0.356738 0.22553724 0.5152537 0.28909233 0.27880105 0.19983645 0.39471996 0.32675087 0.22664565 0.24796042 0.42055765 0.5210033 0.30253765 0.6225166 0.40671998 0.27510566 0.21111023 0.62103045 0.27560386,0.34795576 0.39343148 0.39552978 0.25353423 0.2739694 0.2592638 0.30250508 0.8657749 0.29307234 0.47918758 0.23513152 0.26440942 0.58502614 0.38541964 0.3425998 0.22901024 0.27369916 0.6755838 0.3612079 0.39187327 0.3847595 0.23553495 0.44198427 0.402035 0.38050142 0.49952394 0.3372747 0.3023436 0.25612068 0.23017395 0.30108207 0.33722854 0.4005682 0.32424724 0.52254665 0.27087867 0.32888874 0.33238116 0.383117 0.27916348 0.37734854 0.5833733 0.28378928 0.3223364 0.27945313 0.38211462 0.51315904 0.5110992 0.4224822 0.32550302 0.3581066 0.35426092 0.37601274 0.28359455 0.32249165 0.8394823 0.3407815 0.38977167 0.33575922 0.29901198 0.27197388 0.4969399 0.309498 0.6648275 0.2528403 0.2530519 0.33911735 0.2701866 0.3751777 0.27902383 0.2560121 0.28008783 0.32075414 0.37356493 0.28398764 0.252516 0.50072074 0.34470218 0.5414086 0.28743753 0.37711355 0.25175148 0.5532162 0.39003295 0.32933214 0.27248052 0.3135746 0.44736448 0.22949831 0.24789636 0.41073826 0.28326795 0.41584986 0.3170527 0.4970066 0.2543619 0.3371664 0.42389098 0.2665559 0.28956908 0.3171463 0.21158345 0.24107999 0.23375495 0.30362818 0.29368216 0.33210477 0.37045348 0.28350228 0.29751167 0.42947263 0.509434 0.38617006 0.25844076 0.28193724 0.27012014 0.39576072 0.4004075 0.3894363 0.28199795 0.22468242 0.2985592 0.35769 0.25111893 0.21476531 0.2452289 0.43807036 0.5092492 0.23612946 0.26443857 0.28176382 0.22868647 0.2916172 0.4561198 0.2536682 0.22711661 0.28584915 0.41263506 0.29800695 0.28594038 0.40894145 0.20544319 0.35315514 0.29939416 0.36121976 0.37602803 0.260988 0.34747916 0.3332107 0.4605043 0.2402365 0.29615813 0.22948505 0.3254664 0.26368275 0.33505598 0.2352862 0.39799097 0.3632862 0.72080237 0.39131993 0.31754464 0.25900662 0.3523333 0.33309862 0.21855403 0.3313345 0.38495103 0.2864342 0.30599827 0.30452803 0.2756916 0.2625941 0.27355233 0.21697196 0.28357524 0.26217106 0.43843603 0.52565306 0.3008799 0.36382225 0.48603883 0.24839894 0.30607402 0.4925621 0.14731357 0.31472892 0.4633109 0.45994702 0.41942623 0.44904494 0.42615017 0.2848853 0.37394148 0.31573045 0.43227673 0.32475424 0.39397496 0.25469464 0.26922205 0.56937766 0.49534565 0.2694793 0.4494487 0.5469924 0.38211498 0.43104634 0.35794628 0.3284525 0.5164615 0.3608699 0.47598898 0.8323069 0.38284758 0.34859955 0.3074085 0.3064075 0.3208127 0.7105468 0.30112663 0.23678413 0.31289563 0.26948002 0.26407206 0.26536041 0.33093208 0.26026586 0.5305207 0.3232486 0.29750115 0.39525682 0.4564338 0.34161916 0.29167685 0.25987193 0.24918126 0.30749252 0.35669446 0.22550972 0.51519084 0.28905705 0.27876705 0.19981207 0.39467177 0.326711 0.22661799 0.24793015 0.42050633 0.5209397 0.30250072 0.62244064 0.40667036 0.2750721 0.21108447 0.6209547 0.27557024,0.0027398092 0.0030978858 0.0031144076 0.0019963325 0.0021572395 0.0020414474 0.0023819297 0.0068171252 0.0023076562 0.0037731305 0.0018514292 0.002081964 0.004606505 0.0030348003 0.0026976364 0.0018032303 0.0021551116 0.005319557 0.0028441567 0.0030856163 0.0030296023 0.0018546059 0.003480191 0.00316563 0.0029960743 0.0039332593 0.0026557064 0.0023806584 0.0020166982 0.0018123933 0.002370725 0.002655343 0.0031540801 0.002553128 0.0041145408 0.0021329029 0.0025896751 0.0026171745 0.0030166693 0.0021981376 0.0029712485 0.0045934906 0.0022345611 0.002538082 0.0022004184 0.0030087766 0.004040622 0.004024403 0.0033266314 0.002563016 0.0028197372 0.0027894562 0.0029607303 0.002233028 0.0025393043 0.006610097 0.002683319 0.0030690683 0.0026437733 0.002354425 0.0021415267 0.0039129127 0.0024369922 0.005234862 0.0019908685 0.0019925346 0.0026702154 0.0021274535 0.0029541552 0.002197038 0.0020158433 0.0022054159 0.0025256232 0.0029414562 0.0022361232 0.001988315 0.003942683 0.0027141904 0.0042630597 0.0022632875 0.002969398 0.0019822952 0.004356033 0.0030711256 0.0025931664 0.002145516 0.0024690914 0.0035225549 0.0018070734 0.0019519398 0.0032341594 0.0022304563 0.0032744084 0.002496478 0.003913438 0.0020028495 0.0026548535 0.0033377241 0.0020988653 0.0022800716 0.002497215 0.0016660114 0.0018982677 0.0018405902 0.002390773 0.002312458 0.0026149983 0.0029169566 0.0022323015 0.0023426116 0.0033816742 0.004011291 0.003040709 0.0020349666 0.0022199783 0.0021269303 0.003116226 0.003152815 0.0030664275 0.0022204563 0.0017691529 0.0023508598 0.0028164568 0.0019773145 0.0016910654 0.0019309362 0.003449373 0.0040098364 0.0018592871 0.0020821935 0.0022186127 0.0018006809 0.0022961986 0.0035914946 0.0019973873 0.0017883198 0.0022507808 0.003249095 0.0023465115 0.002251499 0.0032200115 0.001617663 0.002780749 0.0023574342 0.00284425 0.0029608507 0.0020550236 0.0027360565 0.0026237064 0.003626018 0.001891626 0.0023319537 0.0018069689 0.0025627275 0.0020762421 0.0026382362 0.0018526473 0.003133787 0.0028605212 0.005675609 0.0030812593 0.0025003515 0.0020394223 0.002774278 0.0026228237 0.001720898 0.002608933 0.0030311104 0.0022553874 0.002409435 0.0023978585 0.0021708 0.00206767 0.0021539554 0.0017084407 0.002232876 0.0020643391 0.0034522521 0.0041390005 0.002369133 0.0028647422 0.0038270773 0.0019558973 0.0024100316 0.0038784416 0.0011599493 0.0024781805 0.0036481174 0.0036216301 0.0033025688 0.0035357869 0.003355513 0.0022431912 0.002944421 0.0024860667 0.0034037537 0.00255712 0.003102165 0.0020054695 0.0021198587 0.0044832886 0.0039003594 0.0021218844 0.0035389662 0.004307027 0.0030087794 0.0033940657 0.0028184745 0.0025862402 0.004066626 0.0028414954 0.0037479447 0.0065535977 0.0030145478 0.0027448784 0.0024205395 0.0024126575 0.0025260842 0.0055948566 0.0023710758 0.001864442 0.0024637452 0.00212189 0.0020793076 0.002089452 0.0026057644 0.0020493374 0.004177328 0.0025452645 0.0023425287 0.0031122584 0.003593967 0.0026899148 0.002296668 0.0020462356 0.001962057 0.002421201 0.002808618 0.0017756671 0.004056621 0.0022760397 0.0021950162 0.0015733234 0.0031076516 0.0025725276 0.0017843937 0.0019522059 0.0033110734 0.0041018873 0.0023818954 0.0049011074 0.003202129 0.002165922 0.0016620824 0.004889407 0.0021698445,
680,256,,,0.0051682214 0.0051682214 0.0051682214 0.0051682214 0.0051682214 0.0051682214 0.0051682214 0.0051682214 0.0051682214 0.0051682214 0.0051682214 0.0051682214 0.0051682214 0.0051682214 0.0051682214 0.0051682214 0.0051682214 0.0051682214 0.0051682214 0.0051682214 0.0051682214 0.0051682214 0.0051682214 0.0051682214 0.0051682214 0.0051682214 0.0051682214 0.0051682214 0.0051682214 0.0051682214 0.0051682214 0.0051682214 0.0051682214 0.0051682214 0.0051682214 0.0051682214 0.0051682214 0.0051682214 0.0051682214 0.0051682214 0.0051682214 0.0051682214 0.0051682214 0.0051682214 0.0051682214 0.0051682214 0.0051682214 0.0051682214 0.0051682214 0.0051682214 0.0051682214 0.0051682214 0.0051682214 0.0051682214 0.0051682214 0.0051682214 0.0051682214 0.0051682214 0.0051682214 0.0051682214 0.0051682214 0.0051682214 0.0051682214 0.0051682214 0.0051682214 0.0051682214 0.0051682214 0.0051682214 0.0051682214 0.0051682214 0.0051682214 0.0051682214 0.0051682214 0.0051682214 0.0051682214 0.0051682214 0.0051682214 0.0051682214 0.0051682214 0.0051682214 0.0051682214 0.0051682214 0.0051682214 0.0051682214 0.0051682214 0.0051682214 0.0051682214 0.0051682214 0.0051682214 0.0051682214 0.0051682214 0.0051682214 0.0051682214 0.0051682214 0.0051682214 0.0051682214 0.0051682214 0.0051682214 0.0051682214 0.0051682214 0.0051682214 0.0051682214 0.0051682214 0.0051682214 0.0051682214 0.0051682214 0.0051682214 0.0051682214 0.0051682214 0.0051682214 0.0051682214 0.0051682214 0.0051682214 0.0051682214 0.0051682214 0.0051682214 0.0051682214 0.0051682214 0.0051682214 0.0051682214 0.0051682214 0.0051682214 0.0051682214 0.0051682214 0.0051682214 0.0051682214 0.0051682214 0.0051682214 0.0051682214 0.0051682214 0.0051682214 0.0051682214 0.0051682214 0.0051682214 0.0051682214 0.0051682214 0.0051682214 0.0051682214 0.0051682214 0.0051682214 0.0051682214 0.0051682214 0.0051682214 0.0051682214 0.0051682214 0.0051682214 0.0051682214 0.0051682214 0.0051682214 0.0051682214 0.0051682214 0.0051682214 0.0051682214 0.0051682214 0.0051682214 0.0051682214 0.0051682214 0.0051682214 0.0051682214 0.0051682214 0.0051682214 0.0051682214 0.0051682214 0.0051682214 0.0051682214 0.0051682214 0.0051682214 0.0051682214 0.0051682214 0.0051682214 0.0051682214 0.0051682214 0.0051682214 0.0051682214 0.0051682214 0.0051682214 0.0051682214 0.0051682214 0.0051682214 0.0051682214 0.0051682214 0.0051682214 0.0051682214 0.0051682214 0.0051682214 0.0051682214 0.0051682214 0.0051682214 0.0051682214 0.0051682214 0.0051682214 0.0051682214 0.0051682214 0.0051682214 0.0051682214 0.0051682214 0.0051682214 0.0051682214 0.0051682214 0.0051682214 0.0051682214 0.0051682214 0.0051682214 0.0051682214 0.0051682214 0.0051682214 0.0051682214 0.0051682214 0.0051682214 0.0051682214 0.0051682214 0.0051682214 0.0051682214 0.0051682214 0.0051682214 0.0051682214 0.0051682214 0.0051682214 0.0051682214 0.0051682214 0.0051682214 0.0051682214 0.0051682214 0.0051682214 0.0051682214 0.0051682214 0.0051682214 0.0051682214 0.0051682214 0.0051682214 0.0051682214 0.0051682214 0.0051682214 0.0051682214 0.0051682214 0.0051682214 0.0051682214 0.0051682214 0.0051682214 0.0051682214 0.0051682214 0.0051682214 0.0051682214 0.0051682214 0.0051682214 0.0051682214 0.0051682214 0.0051682214 0.0051682214 0.0051682214 0.0051682214 0.0051682214 0.0051682214 0.0051682214 0.0051682214 0.0051682214,14 14 14 14 14 14 14 13 14 14 15 14 13 14 14 15 14 13 14 14 14 15 14 14 14 13 14 14 14 15 14 14 14 14 13 14 14 14 14 14 14 13 14 14 14 14 13 13 14 14 14 14 14 14 14 13 14 14 14 14 14 13 14 13 14 14 14 14 14 14 14 14 14 14 14 14 13 14 13 14 14 14 13 14 14 14 14 14 15 14 14 14 14 14 13 14 14 14 14 14 14 15 15 15 14 14 14 14 14 14 14 13 14 14 14 14 14 14 14 14 15 14 14 14 15 15 14 13 15 14 14 15 14 14 14 15 14 14 14 14 14 15 14 14 14 14 14 14 14 14 15 14 15 14 14 14 15 14 14 13 14 14 14 14 14 15 14 14 14 14 14 14 14 14 15 14 14 14 13 14 14 14 14 14 14 15 14 14 14 14 14 14 14 14 14 14 14 14 14 14 13 13 14 14 13 14 14 14 14 13 14 14 13 14 14 14 14 14 13 14 15 14 14 14 14 14 14 13 14 14 14 14 14 14 14 14 14 14 15 13 14 14 15 14 14 15 14 14 13 14 13 14 14 15 13 14
690,1x1x768x512,0.1235113 0.05598029 0.45637047 0.07718804 0.25061908 0.104425184 0.09780921 0.16017915 0.28820014 0.12812686 0.07419737 0.20955363 0.106780246 0.39436737 0.078788094 0.16124104 0.11113175 0.45623967 0.25250474 0.057807412 0.09309739 0.21897967 0.09434017 0.5118408 0.21397167 0.14691792 0.14650925 0.07453315 0.20781276 0.43768016 0.12661807 0.14136744 0.09818733 0.12246999 0.22686012 0.10340003 0.21066575 0.23994783 0.19499056 0.14052656 0.21786949 0.24578728 0.09715794 0.05894849 0.25748026 0.37483817 0.25190723 0.10457738 0.20420654 0.17393 0.24489668 0.12613894 0.28865 0.108647205 0.06273018 0.37564263 0.13890103 0.21170402 0.06111838 0.06348178 0.23333573 0.072234675 0.070960484 0.085743874 0.12189409 0.24758522 0.0844666 0.09764153 0.2779592 0.18244898 0.05216993 0.08899444 0.0824053 0.18175457 0.07502066 0.083221674 0.10293743 0.111605935 0.058776386 0.14303853 0.306738 0.07105211 0.07901446 0.15367441 0.11689625 0.08956844 0.159646 0.2880982 0.23471703 0.2721622 0.39457008 0.1620096 0.13358383 0.1866211 0.06914474 0.12751575 0.06740995 0.3011096 0.071542695 0.31169888 0.08735696 0.42827246 0.48142263 0.15789402 0.10889413 0.12338662 0.18298182 0.15908405 0.15287362 0.29145354 0.113625646 0.09209008 0.11731203 0.079001345 0.16185917 0.174561 0.12042967 0.4146056 0.16017237 0.1289366 0.245738 0.12180281 0.119017355 0.20786972 0.2847161 0.29972526 0.1405187 0.060422316 0.06921137 0.12736323 0.16120106 0.10254472 0.096200295 0.17894769 0.08321213 0.19948441 0.0908364 0.35834444 0.4298909 0.17841405 0.27772936 0.3272993 0.12093639 0.17129686 0.23484382 0.38803512 0.13964133 0.09533084 0.04936756 0.0577473 0.29524085 0.1375805 0.10948433 0.15615012 0.07904356 0.08676943 0.29745442 0.11698298 0.07164489 0.21549845 0.12425203 0.104595445 0.08316194 0.11144124 0.055002615 0.3254646 0.095387824 0.09216013 0.26549646 0.09996114 0.15791681 0.24190043 0.13699807 0.105694875 0.27718762 0.052775044 0.2894465 0.37290916 0.23648953 0.059067983 0.103082806 0.12776749 0.07858573 0.292348 0.21451288 0.39168516 0.09515725 0.15756929 0.1681582 0.41451138 0.2783822 0.28385094 0.25166807 0.12076857 0.26124516 0.13362028 0.15508606 0.113806404 0.21317384 0.11874324 0.3015986 0.10816616 0.122185044 0.39612964 0.22077604 0.06237688 0.22996897 0.09079933 0.103445254 0.3413037 0.10153976 0.10882072 0.22092089 0.12098235 0.39449382 0.19905992 0.10040034 0.06376551 0.17334515 0.085914366 0.08178548 0.084813096 0.074879795 0.07400742 0.09669263 0.086739205 0.102713645 0.08840614 0.13565533 0.13852364 0.09141675 0.060899943 0.24497993 0.34974805 0.17924096 0.16752452 0.11271219 0.18089032 0.07211841 0.68355215 0.27913198 0.11840109 0.20771506 0.18819536 0.20569386 0.08454462 0.08306693 0.13225222 0.100690156 0.101397246 0.17792782 0.06109723 0.26213297 0.029527403 0.115504354 0.123286426 0.13255042 0.08764853 0.30448624 0.14042845 0.40602878 0.072571486 0.29991767 0.3705416 0.23201649 0.071631536 0.15023555 0.064731 0.21202575 0.27121857 0.10610945 0.17914456 0.09966691 0.12869953 0.09570559 0.0640903 0.2962575 0.18747702 0.3019107 0.08543654 0.40227506 0.2697497 0.0816003 0.096703775 0.10380768 0.1091106 0.09089022 0.3734978 0.042933717 0.074991055 0.18496265 0.13317116 0.3897827 0.21612665 0.30670303 0.44394824 0.33272767 0.07210567 0.12962171 0.08927663 0.08285239 0.06691027 0.179431 0.09454259 0.18063304 0.21492587 0.18401307 0.24074173 0.27823046 0.31065634 0.14202268 0.10449991 0.15497532 0.11544946 0.08899413 0.21052393 0.3256251 0.15483369 0.10223092 0.19482383 0.04356745 0.36857677 0.060618363 0.21186271 0.13970141 0.15325405 0.048301242 0.24110681 0.07732057 0.09908162 0.08124117 0.2245492 0.09825085 0.11170372 0.14614789 0.22140558 0.3036385 0.37012434 0.1755564 0.1218193 0.10902155 0.086797304 0.11273723 0.11100563 0.3571849 0.38068062 0.059916392 0.11460239 0.11502922 0.19900712 0.1802077 0.06081911 0.13826746 0.3562605 0.36263323 0.2673295 0.49411318 0.11406128 0.07983948 0.2198098 0.07608935 0.2702426 0.10947652 0.28236496 0.23180461 0.10798489 0.08905013 0.08561983 0.16147913 0.30602217 0.071667686 0.058393788 0.27957347 0.14173181 0.13239391 0.074536294 0.08042689 0.13517861 0.09718981 0.15210713 0.3726357 0.14991206 0.18906133 0.11860272 0.09567913 0.097817704 0.2077606 0.119369194 0.11625975 0.088345006 0.10772802 0.089060426 0.26274127 0.26659516 0.1783119 0.16153201 0.07966522 0.06421271 0.064896256 0.08472219 0.07076857 0.17904931 0.45149797 0.08812384 0.18402186 0.13925593 0.32113892 0.07118658 0.15597247 0.32757884 0.26909027 0.2796918 0.30987802 0.11566952 0.22701724 0.08015701 0.11897548 0.08740119 0.28988358 0.08216505 0.13508826 0.23099469 0.16077463 0.36967292 0.15219353 0.106259696 0.11312507 0.24323717 0.09638133 0.3439817 0.08831588 0.0874649 0.41201815 0.09120747 0.23459853 0.083072886 0.2540518 0.24547358 0.09777461 0.3139055 0.45084402 0.3771591 0.1739415 0.14586772 0.30539483 0.21658756 0.12116253 0.2645541 0.20678228 0.06893481 0.18938243 0.13742343 0.10194398 0.11783161 0.06716598 0.18955263 0.08847767 0.3190076 0.115305275 0.43101674 0.19055335 0.119074464 0.21204449 0.2448477 0.1676925 0.30715796 0.0700032 0.10103312 0.11933789 0.2691568 0.16069376 0.14602394 0.28719366 0.13163193 0.11245824 0.2520941 0.12795614 0.074825205 0.10557143 0.18610212 0.12695438 0.1837422 0.3050529 0.40653425 0.36085054 0.39062583 0.10656117 0.11244291 0.09200253 0.25196984 0.25377467 0.21581566 0.09757604 0.085584395 0.063827924 0.25346503 0.08024442 0.07789324 0.12741187 0.10238873 0.14175163 0.09115588 0.20620923 0.34709355 0.1020344 0.21523465 0.11832308 0.24882336 0.1838033 0.3331248 0.09818444 0.12504295,0.12349623 0.05597346 0.45631477 0.07717861 0.25058848 0.10441244 0.097797275 0.1601596 0.28816497 0.12811121 0.07418831 0.20952806 0.106767215 0.39431924 0.07877848 0.16122137 0.11111818 0.45618397 0.25247392 0.057800356 0.09308603 0.21895294 0.09432865 0.51177835 0.21394555 0.14689998 0.14649136 0.07452405 0.2077874 0.43762672 0.12660262 0.14135018 0.09817534 0.122455046 0.22683243 0.103387415 0.21064003 0.23991854 0.19496676 0.14050941 0.21784289 0.24575728 0.09714608 0.058941297 0.25744882 0.37479243 0.2518765 0.104564615 0.20418161 0.17390877 0.2448668 0.12612355 0.28861478 0.10863395 0.06272253 0.37559676 0.13888408 0.21167818 0.06111092 0.06347403 0.23330726 0.07222586 0.07095182 0.085733406 0.12187922 0.24755502 0.084456295 0.09762961 0.27792528 0.1824267 0.052163564 0.08898359 0.08239524 0.1817324 0.07501151 0.08321152 0.10292487 0.111592315 0.058769215 0.14302106 0.30670056 0.07104344 0.07900481 0.15365566 0.11688198 0.08955751 0.15962653 0.28806302 0.23468837 0.272129 0.39452192 0.16198982 0.13356753 0.18659832 0.06913631 0.12750018 0.06740172 0.30107287 0.07153396 0.31166083 0.0873463 0.42822018 0.48136386 0.15787475 0.10888085 0.123371564 0.1829595 0.15906464 0.15285496 0.291418 0.11361178 0.092078835 0.11729772 0.0789917 0.16183943 0.1745397 0.12041498 0.41455498 0.16015282 0.12892087 0.24570802 0.12178794 0.119002834 0.20784435 0.28468135 0.29968867 0.14050154 0.06041494 0.06920293 0.1273477 0.16118139 0.10253221 0.09618855 0.17892586 0.083201975 0.19946006 0.09082531 0.3583007 0.42983842 0.17839228 0.27769545 0.32725933 0.12092163 0.17127596 0.23481515 0.38798776 0.1396243 0.09531921 0.04936153 0.057740252 0.29520482 0.1375637 0.10947096 0.15613106 0.07903392 0.08675884 0.29741812 0.116968706 0.07163615 0.21547215 0.12423687 0.104582675 0.083151795 0.111427635 0.054995902 0.32542488 0.09537618 0.092148885 0.26546407 0.099948935 0.15789753 0.24187091 0.13698135 0.10568197 0.2771538 0.052768603 0.28941116 0.37286365 0.23646067 0.059060775 0.10307022 0.12775189 0.07857614 0.29231232 0.2144867 0.39163736 0.09514564 0.15755005 0.16813768 0.41446078 0.27834824 0.28381628 0.25163737 0.12075383 0.26121327 0.13360396 0.15506713 0.11379252 0.21314782 0.11872875 0.3015618 0.108152956 0.12217013 0.3960813 0.2207491 0.062369265 0.22994089 0.090788245 0.103432626 0.34126207 0.10152737 0.10880744 0.22089392 0.12096759 0.39444566 0.19903561 0.100388095 0.063757725 0.173324 0.085903876 0.0817755 0.08480275 0.07487066 0.07399839 0.09668083 0.08672862 0.102701105 0.08839535 0.13563877 0.13850674 0.091405585 0.06089251 0.24495003 0.34970537 0.17921908 0.16750407 0.112698436 0.18086824 0.0721096 0.68346876 0.2790979 0.11838663 0.20768972 0.18817239 0.20566876 0.0845343 0.0830568 0.13223608 0.10067786 0.10138487 0.17790611 0.061089776 0.26210096 0.029523801 0.11549026 0.123271376 0.13253425 0.08763784 0.30444908 0.14041132 0.40597925 0.072562635 0.29988107 0.37049636 0.23198818 0.07162279 0.1502172 0.0647231 0.21199986 0.2711855 0.1060965 0.1791227 0.09965475 0.12868382 0.095693916 0.06408247 0.29622135 0.18745413 0.30187383 0.08542611 0.40222594 0.2697168 0.08159035 0.09669197 0.10379501 0.10909729 0.09087913 0.37345222 0.04292848 0.0749819 0.18494007 0.13315491 0.38973513 0.21610028 0.3066656 0.44389406 0.33268708 0.07209687 0.1296059 0.08926573 0.08284228 0.0669021 0.17940912 0.09453106 0.18061098 0.21489964 0.18399061 0.24071236 0.27819648 0.31061843 0.14200535 0.10448716 0.15495642 0.11543537 0.088983275 0.21049824 0.32558534 0.1548148 0.10221845 0.19480006 0.04356213 0.36853176 0.060610965 0.21183686 0.13968436 0.15323535 0.048295345 0.2410774 0.077311136 0.09906953 0.08123126 0.2245218 0.098238856 0.1116901 0.14613006 0.22137855 0.3036014 0.3700792 0.17553498 0.12180443 0.109008245 0.08678672 0.11272348 0.110992074 0.35714132 0.38063416 0.05990908 0.1145884 0.11501519 0.19898283 0.1801857 0.060811687 0.13825057 0.35621703 0.36258897 0.2672969 0.49405286 0.114047356 0.07982974 0.21978298 0.07608006 0.27020964 0.10946316 0.28233048 0.23177631 0.10797171 0.089039266 0.08560938 0.16145943 0.30598482 0.07165894 0.05838666 0.27953935 0.14171451 0.13237774 0.0745272 0.08041707 0.13516212 0.097177945 0.15208857 0.3725902 0.14989376 0.18903825 0.118588254 0.09566745 0.09780576 0.20773526 0.11935462 0.11624556 0.088334225 0.10771488 0.089049555 0.2627092 0.26656264 0.17829013 0.1615123 0.0796555 0.06420487 0.064888336 0.08471186 0.07075994 0.17902745 0.45144287 0.088113084 0.1839994 0.13923894 0.32109973 0.07117789 0.15595342 0.32753885 0.26905742 0.27965763 0.3098402 0.11565541 0.22698952 0.08014723 0.11896096 0.08739053 0.2898482 0.08215502 0.13507177 0.2309665 0.16075502 0.3696278 0.15217495 0.10624673 0.113111265 0.24320748 0.09636957 0.34393975 0.08830511 0.08745423 0.41196787 0.091196336 0.23456989 0.08306275 0.25402078 0.24544361 0.09776268 0.31386718 0.450789 0.37711304 0.17392027 0.14584993 0.30535758 0.21656112 0.121147744 0.2645218 0.20675705 0.0689264 0.18935932 0.13740665 0.101931535 0.11781723 0.06715778 0.1895295 0.08846687 0.31896865 0.11529121 0.43096414 0.1905301 0.11905993 0.21201862 0.24481781 0.16767202 0.30712047 0.06999466 0.10102079 0.11932332 0.26912397 0.16067415 0.14600612 0.2871586 0.13161586 0.11244451 0.2520633 0.12794052 0.07481608 0.10555854 0.18607941 0.12693888 0.18371977 0.30501568 0.40648463 0.36080652 0.39057818 0.10654816 0.11242919 0.091991305 0.2519391 0.2537437 0.21578933 0.09756412 0.08557395 0.06382014 0.2534341 0.080234624 0.077883735 0.12739633 0.10237624 0.14173433 0.091144755 0.20618406 0.34705117 0.10202194 0.21520838 0.11830864 0.24879299 0.18378086 0.33308414 0.09817245 0.12502769,0.00097241125 0.0004407359 0.0035930297 0.0006077056 0.0019731377 0.00082214514 0.00077005726 0.0012610992 0.0022690156 0.0010087497 0.0005841599 0.0016498272 0.0008406867 0.0031048758 0.00062030304 0.0012694596 0.0008749463 0.0035919999 0.0019879837 0.00045512093 0.0007329608 0.0017240389 0.0007427453 0.004029751 0.0016846106 0.0011566927 0.0011534753 0.00058680354 0.0016361212 0.0034458798 0.000996871 0.0011129936 0.0007730342 0.00096421293 0.0017860822 0.0008140741 0.001658583 0.0018891224 0.0015351714 0.0011063733 0.0017152984 0.0019350967 0.00076492975 0.0004641047 0.002027156 0.0029511214 0.0019832796 0.0008233434 0.0016077292 0.0013693604 0.0019280851 0.0009930988 0.0022725572 0.00085538544 0.00049387815 0.0029574549 0.0010935755 0.0016667573 0.00048118836 0.0004997955 0.001837065 0.0005687076 0.00055867573 0.0006750662 0.0009596789 0.0019492521 0.0006650102 0.00076873705 0.002188388 0.0014364307 0.0004107367 0.0007006582 0.0006487814 0.0014309637 0.0005906418 0.00065520883 0.000810432 0.0008786796 0.0004627497 0.0011261501 0.002414965 0.00055939716 0.0006220851 0.0012098871 0.0009203306 0.00070517726 0.0012569018 0.0022682128 0.0018479399 0.002142748 0.0031064718 0.0012755104 0.0010517128 0.0014692781 0.00054438034 0.0010039384 0.0005307222 0.0023706525 0.0005632595 0.0024540222 0.0006877661 0.0033718124 0.0037902666 0.0012431083 0.0008573295 0.00097142963 0.001440626 0.0012524774 0.0012035824 0.0022946298 0.00089458097 0.0007250302 0.00092360406 0.0006219819 0.0012743262 0.0013743284 0.0009481494 0.0032642125 0.0012610458 0.001015125 0.0019347088 0.00095896015 0.0009370302 0.0016365696 0.0022415854 0.0023597532 0.0011063113 0.0004757082 0.00054490496 0.0010027378 0.0012691448 0.0008073402 0.00075739017 0.001408865 0.0006551337 0.0015705517 0.0007151599 0.0028212653 0.0033845545 0.0014046635 0.0021865782 0.0025768452 0.0009521388 0.0013486296 0.0018489382 0.0030550219 0.001099404 0.00075054495 0.00038867348 0.00045464767 0.0023244475 0.0010831788 0.00086197606 0.0012293784 0.00062231434 0.0006831405 0.0023418749 0.0009210134 0.00056406413 0.0016966311 0.0009782431 0.0008234856 0.0006547386 0.00087738293 0.0004330386 0.0025624007 0.00075099355 0.0007255818 0.0020902683 0.0007869995 0.0012432877 0.0019044954 0.0010785933 0.0008321415 0.0021823132 0.0004155008 0.002278828 0.0029359343 0.0018618951 0.00046504548 0.00081157655 0.0010059203 0.0006187098 0.0023016718 0.0016888716 0.0030837588 0.0007491783 0.0012405516 0.0013239188 0.0032634707 0.0021917184 0.002234774 0.0019813967 0.0009508176 0.0020567975 0.0010519997 0.001221001 0.0008960041 0.0016783293 0.000934872 0.0023745024 0.0008515981 0.0009619695 0.0031187504 0.0017381818 0.0004910966 0.0018105583 0.0007148681 0.0008144301 0.0026871029 0.0007994281 0.00085675146 0.0017393222 0.0009525007 0.0031058714 0.0015672096 0.0007904574 0.0005020293 0.0013647559 0.00067640847 0.0006439016 0.00066773815 0.0005895328 0.0005826645 0.00076126633 0.0006829025 0.0008086701 0.00069602637 0.0010680219 0.0010906042 0.000719729 0.00047946858 0.0019287404 0.0027535856 0.0014111738 0.0013189297 0.00088738924 0.0014241594 0.00056779216 0.005381644 0.0021976214 0.0009321782 0.0016353521 0.0014816723 0.0016194391 0.00066562445 0.00065399054 0.001041229 0.0007927391 0.0007983061 0.0014008355 0.00048102185 0.002063787 0.00023247088 0.0009093721 0.00097064074 0.0010435767 0.0006900618 0.0023972369 0.001105601 0.003196687 0.00057135936 0.0023612683 0.0029172942 0.0018266785 0.00056395895 0.0011828126 0.00050963066 0.0016692902 0.0021353187 0.0008354055 0.0014104149 0.00078468304 0.0010132585 0.0007534954 0.0005045864 0.0023324515 0.0014760168 0.0023769594 0.0006726465 0.0031671333 0.0021237542 0.00064244366 0.0007613541 0.0008172835 0.0008590338 0.0007155837 0.0029405686 0.0003380195 0.0005904086 0.001456221 0.0010484639 0.0030687805 0.001701577 0.0024146899 0.0034952287 0.0026195834 0.00056769187 0.001020519 0.00070287974 0.0006523014 0.0005267882 0.0014126702 0.000744339 0.0014221338 0.0016921231 0.001448745 0.0018953729 0.0021905235 0.0024458144 0.0011181524 0.0008227335 0.0012201292 0.0009089399 0.0007006557 0.0016574665 0.002563664 0.0012190142 0.0008048697 0.0015338588 0.0003430089 0.002901825 0.00047725168 0.0016680068 0.0010998768 0.0012065775 0.0003802783 0.0018982472 0.0006087491 0.00078007503 0.0006396162 0.0017678882 0.0007735343 0.0008794496 0.0011506303 0.0017431382 0.0023905623 0.0029140094 0.0013821652 0.00095909 0.0008583326 0.00068336 0.00088758644 0.00087395334 0.0028121364 0.0029971194 0.00047172504 0.0009022709 0.0009056314 0.001566794 0.0014187851 0.0004788322 0.0010885872 0.0028048584 0.0028550313 0.0021047 0.00389018 0.0008980107 0.00062858063 0.0017305746 0.0005990556 0.002127635 0.00086191465 0.0022230747 0.0018250103 0.00085017097 0.0007010966 0.0006740896 0.0012713341 0.0024093294 0.0005642436 0.0004597375 0.0022010973 0.0011158623 0.0010423445 0.00058682833 0.0006332052 0.0010642686 0.0007651807 0.0011975478 0.0029337811 0.0011802658 0.0014884901 0.0009337658 0.000753287 0.0007701241 0.0016357107 0.0009398002 0.00091531937 0.00069554505 0.00084814866 0.0007011776 0.0020685764 0.0020989184 0.0014038592 0.0012717504 0.0006272087 0.0005055502 0.0005109318 0.0006670225 0.00055716484 0.001409665 0.0035546683 0.0006938038 0.0014488142 0.0010963696 0.0025283443 0.00056045584 0.0012279797 0.002579046 0.0021185623 0.0022020286 0.0024396866 0.0009106725 0.0017873191 0.00063108053 0.0009367005 0.0006881144 0.0022822693 0.0006468899 0.0010635572 0.0018186338 0.0012657876 0.0029104552 0.001198228 0.00083658844 0.0008906399 0.0019150196 0.0007588155 0.002708187 0.00069531583 0.00068861595 0.0032438415 0.00071808137 0.0018470071 0.0006540374 0.0020001635 0.0019326268 0.0007697849 0.002471395 0.0035495197 0.002969394 0.0013694509 0.0011484246 0.0024043904 0.0017052057 0.00095391925 0.002082849 0.0016280083 0.0005427276 0.0014910183 0.0010819421 0.00080261054 0.0009276947 0.00052880147 0.0014923582 0.00069658953 0.0025115642 0.00090780476 0.0033934184 0.001500237 0.0009374797 0.001669438 0.0019276993 0.0013202522 0.0024182715 0.00055113906 0.0007954393 0.0009395537 0.0021190864 0.0012651508 0.0011496545 0.0022610915 0.0010363454 0.00088538986 0.0019847504 0.0010074057 0.000589103 0.0008311696 0.0014651922 0.0009995188 0.0014466124 0.0024016984 0.0032006665 0.0028409963 0.0030754188 0.0008389619 0.0008852692 0.00072434096 0.0019837723 0.001997982 0.0016991287 0.00076822145 0.0006738106 0.00050252076 0.001995544 0.0006317687 0.00061325775 0.0010031207 0.00080611213 0.0011160184 0.00071767526 0.0016234965 0.0027326865 0.00080332236 0.0016945542 0.0009315641 0.001959 0.0014470934 0.0026227098 0.0007730114 0.00098447,
691,512,,,0.0051682214 0.0051682214 0.0051682214 0.0051682214 0.0051682214 0.0051682214 0.0051682214 0.0051682214 0.0051682214 0.0051682214 0.0051682214 0.0051682214 0.0051682214 0.0051682214 0.0051682214 0.0051682214 0.0051682214 0.0051682214 0.0051682214 0.0051682214 0.0051682214 0.0051682214 0.0051682214 0.0051682214 0.0051682214 0.0051682214 0.0051682214 0.0051682214 0.0051682214 0.0051682214 0.0051682214 0.0051682214 0.0051682214 0.0051682214 0.0051682214 0.0051682214 0.0051682214 0.0051682214 0.0051682214 0.0051682214 0.0051682214 0.0051682214 0.0051682214 0.0051682214 0.0051682214 0.0051682214 0.0051682214 0.0051682214 0.0051682214 0.0051682214 0.0051682214 0.0051682214 0.0051682214 0.0051682214 0.0051682214 0.0051682214 0.0051682214 0.0051682214 0.0051682214 0.0051682214 0.0051682214 0.0051682214 0.0051682214 0.0051682214 0.0051682214 0.0051682214 0.0051682214 0.0051682214 0.0051682214 0.0051682214 0.0051682214 0.0051682214 0.0051682214 0.0051682214 0.0051682214 0.0051682214 0.0051682214 0.0051682214 0.0051682214 0.0051682214 0.0051682214 0.0051682214 0.0051682214 0.0051682214 0.0051682214 0.0051682214 0.0051682214 0.0051682214 0.0051682214 0.0051682214 0.0051682214 0.0051682214 0.0051682214 0.0051682214 0.0051682214 0.0051682214 0.0051682214 0.0051682214 0.0051682214 0.0051682214 0.0051682214 0.0051682214 0.0051682214 0.0051682214 0.0051682214 0.0051682214 0.0051682214 0.0051682214 0.0051682214 0.0051682214 0.0051682214 0.0051682214 0.0051682214 0.0051682214 0.0051682214 0.0051682214 0.0051682214 0.0051682214 0.0051682214 0.0051682214 0.0051682214 0.0051682214 0.0051682214 0.0051682214 0.0051682214 0.0051682214 0.0051682214 0.0051682214 0.0051682214 0.0051682214 0.0051682214 0.0051682214 0.0051682214 0.0051682214 0.0051682214 0.0051682214 0.0051682214 0.0051682214 0.0051682214 0.0051682214 0.0051682214 0.0051682214 0.0051682214 0.0051682214 0.0051682214 0.0051682214 0.0051682214 0.0051682214 0.0051682214 0.0051682214 0.0051682214 0.0051682214 0.0051682214 0.0051682214 0.0051682214 0.0051682214 0.0051682214 0.0051682214 0.0051682214 0.0051682214 0.0051682214 0.0051682214 0.0051682214 0.0051682214 0.0051682214 0.0051682214 0.0051682214 0.0051682214 0.0051682214 0.0051682214 0.0051682214 0.0051682214 0.0051682214 0.0051682214 0.0051682214 0.0051682214 0.0051682214 0.0051682214 0.0051682214 0.0051682214 0.0051682214 0.0051682214 0.0051682214 0.0051682214 0.0051682214 0.0051682214 0.0051682214 0.0051682214 0.0051682214 0.0051682214 0.0051682214 0.0051682214 0.0051682214 0.0051682214 0.0051682214 0.0051682214 0.0051682214 0.0051682214 0.0051682214 0.0051682214 0.0051682214 0.0051682214 0.0051682214 0.0051682214 0.0051682214 0.0051682214 0.0051682214 0.0051682214 0.0051682214 0.0051682214 0.0051682214 0.0051682214 0.0051682214 0.0051682214 0.0051682214 0.0051682214 0.0051682214 0.0051682214 0.0051682214 0.0051682214 0.0051682214 0.0051682214 0.0051682214 0.0051682214 0.0051682214 0.0051682214 0.0051682214 0.0051682214 0.0051682214 0.0051682214 0.0051682214 0.0051682214 0.0051682214 0.0051682214 0.0051682214 0.0051682214 0.0051682214 0.0051682214 0.0051682214 0.0051682214 0.0051682214 0.0051682214 0.0051682214 0.0051682214 0.0051682214 0.0051682214 0.0051682214 0.0051682214 0.0051682214 0.0051682214 0.0051682214 0.0051682214 0.0051682214 0.0051682214 0.0051682214 0.0051682214 0.0051682214 0.0051682214 0.0051682214 0.0051682214 0.0051682214 0.0051682214 0.0051682214 0.0051682214 0.0051682214 0.0051682214 0.0051682214 0.0051682214 0.0051682214 0.0051682214 0.0051682214 0.0051682214 0.0051682214 0.0051682214 0.0051682214 0.0051682214 0.0051682214 0.0051682214 0.0051682214 0.0051682214 0.0051682214 0.0051682214 0.0051682214 0.0051682214 0.0051682214 0.0051682214 0.0051682214 0.0051682214 0.0051682214 0.0051682214 0.0051682214 0.0051682214 0.0051682214 0.0051682214 0.0051682214 0.0051682214 0.0051682214 0.0051682214 0.0051682214 0.0051682214 0.0051682214 0.0051682214 0.0051682214 0.0051682214 0.0051682214 0.0051682214 0.0051682214 0.0051682214 0.0051682214 0.0051682214 0.0051682214 0.0051682214 0.0051682214 0.0051682214 0.0051682214 0.0051682214 0.0051682214 0.0051682214 0.0051682214 0.0051682214 0.0051682214 0.0051682214 0.0051682214 0.0051682214 0.0051682214 0.0051682214 0.0051682214 0.0051682214 0.0051682214 0.0051682214 0.0051682214 0.0051682214 0.0051682214 0.0051682214 0.0051682214 0.0051682214 0.0051682214 0.0051682214 0.0051682214 0.0051682214 0.0051682214 0.0051682214 0.0051682214 0.0051682214 0.0051682214 0.0051682214 0.0051682214 0.0051682214 0.0051682214 0.0051682214 0.0051682214 0.0051682214 0.0051682214 0.0051682214 0.0051682214 0.0051682214 0.0051682214 0.0051682214 0.0051682214 0.0051682214 0.0051682214 0.0051682214 0.0051682214 0.0051682214 0.0051682214 0.0051682214 0.0051682214 0.0051682214 0.0051682214 0.0051682214 0.0051682214 0.0051682214 0.0051682214 0.0051682214 0.0051682214 0.0051682214 0.0051682214 0.0051682214 0.0051682214 0.0051682214 0.0051682214 0.0051682214 0.0051682214 0.0051682214 0.0051682214 0.0051682214 0.0051682214 0.0051682214 0.0051682214 0.0051682214 0.0051682214 0.0051682214 0.0051682214 0.0051682214 0.0051682214 0.0051682214 0.0051682214 0.0051682214 0.0051682214 0.0051682214 0.0051682214 0.0051682214 0.0051682214 0.0051682214 0.0051682214 0.0051682214 0.0051682214 0.0051682214 0.0051682214 0.0051682214 0.0051682214 0.0051682214 0.0051682214 0.0051682214 0.0051682214 0.0051682214 0.0051682214 0.0051682214 0.0051682214 0.0051682214 0.0051682214 0.0051682214 0.0051682214 0.0051682214 0.0051682214 0.0051682214 0.0051682214 0.0051682214 0.0051682214 0.0051682214 0.0051682214 0.0051682214 0.0051682214 0.0051682214 0.0051682214 0.0051682214 0.0051682214 0.0051682214 0.0051682214 0.0051682214 0.0051682214 0.0051682214 0.0051682214 0.0051682214 0.0051682214 0.0051682214 0.0051682214 0.0051682214 0.0051682214 0.0051682214 0.0051682214 0.0051682214 0.0051682214 0.0051682214 0.0051682214 0.0051682214 0.0051682214 0.0051682214 0.0051682214 0.0051682214 0.0051682214 0.0051682214 0.0051682214 0.0051682214 0.0051682214 0.0051682214 0.0051682214 0.0051682214 0.0051682214 0.0051682214 0.0051682214 0.0051682214 0.0051682214 0.0051682214 0.0051682214 0.0051682214 0.0051682214 0.0051682214 0.0051682214 0.0051682214 0.0051682214 0.0051682214 0.0051682214 0.0051682214 0.0051682214 0.0051682214 0.0051682214 0.0051682214 0.0051682214 0.0051682214 0.0051682214 0.0051682214 0.0051682214 0.0051682214 0.0051682214 0.0051682214 0.0051682214 0.0051682214 0.0051682214 0.0051682214 0.0051682214 0.0051682214 0.0051682214 0.0051682214 0.0051682214 0.0051682214 0.0051682214 0.0051682214 0.0051682214 0.0051682214 0.0051682214 0.0051682214,14 15 12 14 12 14 14 13 12 13 14 13 14 12 14 13 14 12 12 15 14 13 14 11 13 13 13 14 13 12 13 13 14 14 13 14 13 13 13 13 13 13 14 15 12 12 12 14 13 13 13 13 12 14 14 12 13 13 15 14 13 14 14 14 14 13 14 14 12 13 15 14 14 13 14 14 14 14 15 13 12 14 14 13 14 14 13 12 13 12 12 13 13 13 14 13 14 12 14 12 14 12 12 13 14 14 13 13 13 12 14 14 14 14 13 13 14 12 13 13 13 14 14 13 12 12 13 15 14 13 13 14 14 13 14 13 14 12 12 13 12 12 14 13 13 12 13 14 15 15 12 13 14 13 14 14 12 14 14 13 13 14 14 14 15 12 14 14 12 14 13 13 13 14 12 15 12 12 13 15 14 13 14 12 13 12 14 13 13 12 12 12 12 14 12 13 13 14 13 14 12 14 14 12 13 14 13 14 14 12 14 14 13 14 12 13 14 14 13 14 14 14 14 14 14 14 14 14 13 13 14 15 13 12 13 13 14 13 14 11 12 14 13 13 13 14 14 13 14 14 13 15 12 16 14 14 13 14 12 13 12 14 12 12 13 14 13 14 13 12 14 13 14 13 14 14 12 13 12 14 12 12 14 14 14 14 14 12 15 14 13 13 12 13 12 12 12 14 13 14 14 14 13 14 13 13 13 13 12 12 13 14 13 14 14 13 12 13 14 13 15 12 15 13 13 13 15 13 14 14 14 13 14 14 13 13 12 12 13 14 14 14 14 14 12 12 15 14 14 13 13 15 13 12 12 12 12 14 14 13 14 12 14 12 13 14 14 14 13 12 14 15 12 13 13 14 14 13 14 13 12 13 13 14 14 14 13 14 14 14 14 14 12 12 13 13 14 14 14 14 14 13 12 14 13 13 12 14 13 12 12 12 12 14 13 14 14 14 12 14 13 13 13 12 13 14 14 13 14 12 14 14 12 14 13 14 12 13 14 12 12 12 13 13 12 13 14 12 13 14 13 13 14 14 14 13 14 12 14 12 13 14 13 13 13 12 14 14 14 12 13 13 12 13 14 12 13 14 14 13 13 13 12 12 12 12 14 14 14 12 12 13 14 14 14 12 14 14 13 14 13 14 13 12 14 13 14 12 13 12 14 13
696,3x3x1x128,0.33913028 0.48766702 0.45782736 0.9257556 0.5156938 0.54270005 0.7132341 0.9541821 2.0607197 0.7789752 0.73239547 0.23324543 1.1479709 0.8118504 0.34486073 0.73798877 0.3951852 0.5098104 1.0523574 0.64989007 0.30785683 0.71297777 0.60913295 0.6380776 0.69740987 0.80031925 0.7683749 0.8216985 1.5559069 0.17715894 0.7480132 0.5819563 0.5000426 0.6512075 0.6124591 0.78734595 0.2883168 0.23593442 0.5321332 0.6086337 0.80503404 0.5474528 1.0113448 1.947538 0.49876872 0.33225814 0.20578179 0.5495493 1.3263036 1.2589265 0.45785207 0.720928 0.20514056 0.31057936 0.893826 0.5010672 0.35563642 0.638988 0.40951857 0.4369021 0.6334132 0.23966722 0.6493806 0.6964504 0.9201594 0.31478748 0.3445148 0.21219447 0.6769847 0.9939737 0.31249124 0.65117407 0.25338554 0.8191642 0.57501346 0.6174325 0.4549066 0.7720817 0.71313787 0.20724168 0.76560706 0.7155324 1.3992001 1.2004304 0.17054328 0.5875073 0.3202402 0.7093288 0.48565018 0.78499216 1.8765496 0.38259736 0.16545375 0.2794238 0.7562463 0.6724138 0.2854103 1.3777094 0.56133264 0.93756306 0.34741327 0.69783044 0.4321622 0.66446406 0.8308673 0.44188267 1.0628413 0.7089567 1.1649339 0.35420957 0.48953035 0.5899855 0.6469372 0.70590925 0.7253744 0.3459461 0.6579594 0.48078763 0.28908503 0.99189746 0.22653745 0.9069203 0.43397382 0.63055325 0.5276619 2.5102222 0.7925217 1.3652431,0.33908892 0.4876075 0.45777148 0.9256426 0.51563084 0.54263383 0.71314704 0.9540657 2.0604682 0.7788801 0.7323061 0.23321696 1.1478308 0.8117513 0.34481865 0.7378987 0.39513695 0.50974816 1.0522289 0.6498108 0.30781928 0.71289074 0.6090586 0.6379997 0.69732475 0.8002216 0.76828116 0.8215982 1.555717 0.17713732 0.74792194 0.58188534 0.4999816 0.651128 0.6123844 0.78724986 0.28828162 0.23590562 0.5320683 0.6085594 0.80493575 0.547386 1.0112213 1.9473003 0.49870783 0.3322176 0.20575666 0.5494822 1.3261417 1.2587729 0.4577962 0.72084004 0.20511553 0.31054145 0.89371693 0.50100607 0.355593 0.63891 0.4094686 0.4368488 0.6333359 0.23963797 0.6493014 0.6963654 0.9200471 0.31474906 0.34447274 0.21216857 0.6769021 0.9938524 0.31245312 0.65109456 0.25335464 0.81906426 0.57494324 0.61735713 0.4548511 0.77198744 0.71305084 0.20721638 0.76551366 0.7154451 1.3990293 1.2002839 0.17052248 0.5874356 0.3202011 0.70924217 0.48559093 0.7848963 1.8763206 0.3825507 0.16543356 0.2793897 0.756154 0.67233175 0.28537548 1.3775412 0.5612641 0.9374487 0.3473709 0.69774526 0.43210948 0.66438293 0.8307659 0.44182876 1.0627116 0.70887023 1.1647918 0.35416633 0.48947063 0.5899135 0.6468583 0.70582306 0.7252859 0.3459039 0.6578791 0.48072895 0.28904974 0.9917764 0.2265098 0.9068096 0.43392086 0.6304763 0.5275975 2.5099158 0.79242504 1.3650765,0.0026699915 0.0038394292 0.0036044999 0.0072885244 0.0040600854 0.0042727073 0.005615331 0.007512328 0.016224159 0.006132914 0.00576619 0.001836354 0.009038039 0.0063917427 0.0027151075 0.005810226 0.0031113145 0.004013765 0.008285267 0.0051166206 0.0024237738 0.005613313 0.004795737 0.0050236196 0.005490746 0.006300958 0.006049458 0.0064692767 0.01224974 0.001394782 0.0058891494 0.004581774 0.003936863 0.0051269922 0.004821924 0.006198818 0.002269934 0.0018575245 0.004189514 0.0047918065 0.0063380767 0.004310126 0.007962372 0.015333073 0.003926833 0.0026158867 0.0016201312 0.004326632 0.01044206 0.009911598 0.0036046943 0.005675906 0.0016150828 0.0024452084 0.0070371414 0.0039449297 0.002799945 0.0050307875 0.0032241622 0.0034397542 0.0049868966 0.0018869132 0.0051126094 0.0054831924 0.0072444654 0.002478339 0.0027123836 0.0016706187 0.005329938 0.007825609 0.0024602609 0.0051267287 0.0019949183 0.006449325 0.004527112 0.0048610796 0.0035815046 0.0060786414 0.0056145736 0.0016316251 0.0060276664 0.005633426 0.011015979 0.009451054 0.0013426967 0.0046254774 0.0025212686 0.005584584 0.0038235507 0.006180286 0.014774178 0.0030122101 0.0013026264 0.002199919 0.0059539685 0.005293951 0.002247051 0.010846781 0.004419402 0.007381486 0.0027352038 0.005494057 0.0034024369 0.005231362 0.006541464 0.0034789667 0.008367808 0.0055816555 0.009171589 0.0027887113 0.0038540994 0.004644988 0.0050933724 0.005557662 0.0057109124 0.0027236529 0.0051801507 0.0037852672 0.0022759822 0.007809263 0.0017835416 0.007140233 0.0034166996 0.00496438 0.004154311 0.019763118 0.0062395674 0.010748634,
697,128,,,0.0053928886 0.0053928886 0.0053928886 0.0053928886 0.0053928886 0.0053928886 0.0053928886 0.0053928886 0.0053928886 0.0053928886 0.0053928886 0.0053928886 0.0053928886 0.0053928886 0.0053928886 0.0053928886 0.0053928886 0.0053928886 0.0053928886 0.0053928886 0.0053928886 0.0053928886 0.0053928886 0.0053928886 0.0053928886 0.0053928886 0.0053928886 0.0053928886 0.0053928886 0.0053928886 0.0053928886 0.0053928886 0.0053928886 0.0053928886 0.0053928886 0.0053928886 0.0053928886 0.0053928886 0.0053928886 0.0053928886 0.0053928886 0.0053928886 0.0053928886 0.0053928886 0.0053928886 0.0053928886 0.0053928886 0.0053928886 0.0053928886 0.0053928886 0.0053928886 0.0053928886 0.0053928886 0.0053928886 0.0053928886 0.0053928886 0.0053928886 0.0053928886 0.0053928886 0.0053928886 0.0053928886 0.0053928886 0.0053928886 0.0053928886 0.0053928886 0.0053928886 0.0053928886 0.0053928886 0.0053928886 0.0053928886 0.0053928886 0.0053928886 0.0053928886 0.0053928886 0.0053928886 0.0053928886 0.0053928886 0.0053928886 0.0053928886 0.0053928886 0.0053928886 0.0053928886 0.0053928886 0.0053928886 0.0053928886 0.0053928886 0.0053928886 0.0053928886 0.0053928886 0.0053928886 0.0053928886 0.0053928886 0.0053928886 0.0053928886 0.0053928886 0.0053928886 0.0053928886 0.0053928886 0.0053928886 0.0053928886 0.0053928886 0.0053928886 0.0053928886 0.0053928886 0.0053928886 0.0053928886 0.0053928886 0.0053928886 0.0053928886 0.0053928886 0.0053928886 0.0053928886 0.0053928886 0.0053928886 0.0053928886 0.0053928886 0.0053928886 0.0053928886 0.0053928886 0.0053928886 0.0053928886 0.0053928886 0.0053928886 0.0053928886 0.0053928886 0.0053928886 0.0053928886 0.0053928886,16 16 16 15 15 15 15 15 13 15 15 16 14 15 16 15 16 15 14 15 16 15 15 15 15 15 15 15 14 16 15 15 15 15 15 15 16 16 15 15 15 15 14 14 15 16 16 15 14 14 16 15 16 16 15 15 16 15 16 16 15 16 15 15 15 16 16 16 15 14 16 15 16 15 15 15 16 15 15 16 15 15 14 14 16 15 16 15 16 15 14 16 16 16 15 15 16 14 15 15 16 15 16 15 15 16 14 15 14 16 16 15 15 15 15 16 15 16 16 14 16 15 16 15 15 13 15 14
702,1x1x128x128,0.30515075 0.15718304 0.21176732 0.28054726 0.2018852 0.06103215 0.03967143 0.2849669 0.7230558 0.3180071 0.19211641 0.39679387 0.3463686 0.422025 0.14431767 0.54087627 0.2600338 0.15729381 0.19642179 0.10004775 0.12912016 0.21433006 0.23264846 0.16395696 0.2229866 0.13503979 0.7508754 0.22993368 0.24099025 0.27141622 0.4083372 0.41595706 0.14210428 0.24139734 0.26332763 0.5364822 0.19126388 0.1617961 0.18869102 0.11724926 0.16006948 0.19336161 0.2938461 0.21740437 0.23471987 0.12940952 0.16982958 0.18482144 0.23100847 0.11561669 0.26180595 0.59357667 0.25064474 0.18842332 0.14869753 0.19742815 0.15198395 0.24204646 0.07572575 0.55982965 0.31046942 0.33786556 0.28867045 0.5357031 0.47161645 0.22401418 0.1806849 0.29402068 0.22220005 0.18903111 0.32403284 0.46248057 0.34105337 0.21443605 0.23389538 0.24042146 0.9802899 0.12957503 0.17657791 0.8674604 0.13482468 0.29003277 0.19630685 0.32829064 0.41991 0.13325205 0.13939886 0.8065108 0.94096375 0.63605976 0.44543725 0.28902337 0.40912035 0.15059374 0.8289855 0.6850367 0.49907702 0.13942643 0.3617511 0.62250525 0.22704855 0.26814207 0.19748893 0.29685855 0.075395815 0.12584998 0.24931677 0.26419264 0.33829954 0.51821923 0.09937346 0.16326536 0.2994958 0.18482383 0.2956152 0.24220566 0.1499647 0.46688807 0.41885892 0.2990836 0.26877508 0.19571033 0.17186627 0.41831294 0.09658477 0.13377176 0.14414851 0.23787253,0.30511352 0.15716384 0.21174146 0.28051302 0.20186055 0.0610247 0.03966659 0.2849321 0.7229675 0.3179683 0.19209296 0.39674544 0.34632632 0.4219735 0.14430006 0.5408102 0.26000205 0.15727462 0.19639783 0.10003554 0.12910439 0.2143039 0.23262006 0.16393694 0.22295937 0.13502331 0.75078374 0.22990562 0.24096085 0.27138308 0.40828738 0.41590628 0.14208694 0.24136788 0.26329547 0.5364167 0.19124053 0.16177635 0.18866798 0.11723495 0.16004995 0.19333802 0.29381022 0.21737784 0.23469122 0.12939373 0.16980885 0.1847989 0.23098028 0.115602575 0.261774 0.5935042 0.25061414 0.18840033 0.14867938 0.19740406 0.15196541 0.24201691 0.0757165 0.5597613 0.3104315 0.33782434 0.28863522 0.53563774 0.47155887 0.22398685 0.18066284 0.2939848 0.22217293 0.18900804 0.3239933 0.46242413 0.34101176 0.21440989 0.23386684 0.24039212 0.98017025 0.12955922 0.17655636 0.8673546 0.13480823 0.2899974 0.1962829 0.32825056 0.41985878 0.13323578 0.13938186 0.80641234 0.94084895 0.6359821 0.4453829 0.2889881 0.4090704 0.15057535 0.8288843 0.68495315 0.49901614 0.13940941 0.36170694 0.6224293 0.22702084 0.26810935 0.19746482 0.29682234 0.07538661 0.12583463 0.24928634 0.2641604 0.33825824 0.518156 0.09936134 0.16324544 0.29945922 0.18480128 0.29557914 0.24217612 0.1499464 0.4668311 0.4188078 0.2990471 0.2687423 0.19568644 0.1718453 0.4182619 0.09657298 0.13375545 0.14413093 0.2378435,0.0024024686 0.0012375106 0.0016672557 0.002208764 0.0015894531 0.00048050945 0.00031233535 0.0022435598 0.0056926575 0.0025036875 0.001512543 0.0031239798 0.0027269789 0.003322626 0.0011362209 0.004258348 0.0020472603 0.0012383828 0.0015464396 0.00078768143 0.00101657 0.0016874323 0.001831654 0.0012908421 0.0017555855 0.0010631757 0.005911683 0.0018102805 0.0018973296 0.0021368747 0.0032148613 0.0032748526 0.0011187948 0.0019005345 0.0020731927 0.0042237537 0.001505831 0.0012738295 0.0014855746 0.0009231099 0.0012602358 0.0015223466 0.0023134663 0.0017116365 0.0018479624 0.0010188483 0.0013370776 0.0014551095 0.0018187424 0.0009102565 0.0020612127 0.004673261 0.0019733396 0.0014834672 0.0011707038 0.0015543627 0.001196578 0.001905645 0.00059619296 0.0044075693 0.0024443427 0.0026600342 0.0022727184 0.00421762 0.003713062 0.001763676 0.001422542 0.002314841 0.0017493932 0.0014882523 0.0025511284 0.0036411348 0.002685132 0.0016882669 0.0018414712 0.0018928513 0.0077178758 0.0010201513 0.0013902076 0.0068295635 0.0010614821 0.0022834442 0.0015455346 0.00258465 0.0033059746 0.0010491007 0.001097495 0.0063497033 0.0074082594 0.005007733 0.003506952 0.002275497 0.0032210269 0.0011856327 0.006526648 0.005393332 0.003929261 0.0010977119 0.0028480862 0.004901018 0.0017875658 0.0021110973 0.0015548412 0.0023371838 0.0005935954 0.0009908238 0.0019628846 0.002080003 0.0026634508 0.0040799687 0.0007823727 0.0012853972 0.0023579467 0.0014551282 0.0023273947 0.0019068986 0.0011806804 0.0036758354 0.0032976991 0.0023547017 0.002116081 0.0015408382 0.0013531126 0.0032934006 0.00076041714 0.0010531925 0.0011348892 0.0018727834,
703,128,,,0.0047707255 0.0047707255 0.0047707255 0.0047707255 0.0047707255 0.0047707255 0.0047707255 0.0047707255 0.0047707255 0.0047707255 0.0047707255 0.0047707255 0.0047707255 0.0047707255 0.0047707255 0.0047707255 0.0047707255 0.0047707255 0.0047707255 0.0047707255 0.0047707255 0.0047707255 0.0047707255 0.0047707255 0.0047707255 0.0047707255 0.0047707255 0.0047707255 0.0047707255 0.0047707255 0.0047707255 0.0047707255 0.0047707255 0.0047707255 0.0047707255 0.0047707255 0.0047707255 0.0047707255 0.0047707255 0.0047707255 0.0047707255 0.0047707255 0.0047707255 0.0047707255 0.0047707255 0.0047707255 0.0047707255 0.0047707255 0.0047707255 0.0047707255 0.0047707255 0.0047707255 0.0047707255 0.0047707255 0.0047707255 0.0047707255 0.0047707255 0.0047707255 0.0047707255 0.0047707255 0.0047707255 0.0047707255 0.0047707255 0.0047707255 0.0047707255 0.0047707255 0.0047707255 0.0047707255 0.0047707255 0.0047707255 0.0047707255 0.0047707255 0.0047707255 0.0047707255 0.0047707255 0.0047707255 0.0047707255 0.0047707255 0.0047707255 0.0047707255 0.0047707255 0.0047707255 0.0047707255 0.0047707255 0.0047707255 0.0047707255 0.0047707255 0.0047707255 0.0047707255 0.0047707255 0.0047707255 0.0047707255 0.0047707255 0.0047707255 0.0047707255 0.0047707255 0.0047707255 0.0047707255 0.0047707255 0.0047707255 0.0047707255 0.0047707255 0.0047707255 0.0047707255 0.0047707255 0.0047707255 0.0047707255 0.0047707255 0.0047707255 0.0047707255 0.0047707255 0.0047707255 0.0047707255 0.0047707255 0.0047707255 0.0047707255 0.0047707255 0.0047707255 0.0047707255 0.0047707255 0.0047707255 0.0047707255 0.0047707255 0.0047707255 0.0047707255 0.0047707255 0.0047707255 0.0047707255,12 13 13 12 13 15 15 12 11 12 13 12 12 12 13 11 12 13 13 14 13 13 13 13 13 13 11 13 13 12 12 12 13 13 12 11 13 13 13 14 13 13 12 13 13 13 13 13 13 14 12 11 12 13 13 13 13 13 14 11 12 12 12 11 12 13 13 12 13 13 12 12 12 13 13 13 11 13 13 11 13 12 13 12 12 13 13 11 11 11 12 12 12 13 11 11 11 13 12 11 13 12 13 12 14 13 12 12 12 11 14 13 12 13 12 13 13 12 12 12 12 13 13 12 14 13 13 13
708,3x3x1x128,0.6359291 0.71622306 6.7187977 0.48291686 0.401565 0.6083648 2.0924518 0.25300556 0.11178715 0.16942826 0.21201551 1.4530673 0.14909996 0.19409892 0.86087763 0.38063425 4.0932565 1.2795857 2.200655 0.5843799 2.264062 0.24682213 0.5333222 1.9795481 0.1854175 2.021227 0.09081775 0.23833036 0.37649953 1.0366749 0.18040119 0.23170772 0.4632257 0.32777977 2.9072285 0.07339626 0.4332093 0.43089136 0.98643607 0.7376633 0.20414679 6.0891266 0.38657054 2.0471983 0.40174827 0.43299657 0.31345084 0.45940158 0.4875228 0.45464858 0.22920224 0.19430257 0.357451 6.092352 0.3286502 0.61113536 0.20088291 0.8711871 0.70775646 0.0989735 0.31435403 0.085954964 0.24847822 0.22413461 0.10541521 0.44334927 1.0355219 0.8702371 1.3593554 0.3613411 0.16195871 0.37425944 0.26285303 1.328641 0.12950553 0.13661726 0.1406837 0.89407057 0.85214037 0.08397537 0.5476196 0.1810627 0.336484 0.41724387 0.7842089 1.1640058 0.25900954 0.30304834 0.2783216 0.058759693 0.12312376 0.5239559 0.4479319 8.52549 0.49800143 0.10469171 0.14769961 0.30867645 0.1401159 0.17179775 0.20477256 1.9508975 0.12806714 0.29698417 0.6492462 0.38870767 0.8405775 0.11874855 0.100788064 0.17814332 0.3171449 0.19053686 0.1479835 0.45080143 3.0354364 5.930129 0.43077007 0.077436656 0.15878765 0.7230305 0.17748788 0.9492276 0.40538484 0.38709068 0.554224 3.1669302 0.39556032 0.4012042,0.6358515 0.7161356 6.717978 0.48285794 0.40151596 0.6082906 2.0921965 0.2529747 0.111773506 0.16940759 0.21198963 1.45289 0.14908177 0.19407524 0.8607726 0.38058782 4.092757 1.2794296 2.2003863 0.5843086 2.2637856 0.246792 0.5332571 1.9793066 0.18539488 2.0209804 0.09080667 0.23830128 0.37645358 1.0365483 0.18037917 0.23167945 0.46316916 0.32773975 2.9068737 0.0733873 0.43315643 0.4308388 0.9863157 0.73757327 0.20412187 6.088383 0.38652337 2.0469484 0.40169924 0.43294373 0.3134126 0.45934552 0.4874633 0.4545931 0.22917427 0.19427885 0.35740736 6.091608 0.3286101 0.61106074 0.2008584 0.87108076 0.7076701 0.09896142 0.31431565 0.085944474 0.2484479 0.22410727 0.10540235 0.44329518 1.0353955 0.8701309 1.3591896 0.361297 0.16193894 0.37421378 0.26282093 1.3284789 0.12948973 0.13660058 0.14066653 0.8939615 0.85203636 0.08396512 0.5475527 0.1810406 0.33644292 0.41719297 0.7841132 1.1638638 0.25897795 0.30301136 0.27828765 0.058752522 0.12310873 0.5238919 0.4478772 8.524449 0.49794063 0.10467893 0.1476816 0.30863878 0.14009881 0.17177679 0.20474757 1.9506594 0.1280515 0.29694793 0.64916694 0.38866022 0.8404749 0.11873406 0.10077576 0.17812158 0.31710622 0.1905136 0.14796545 0.45074642 3.035066 5.9294057 0.4307175 0.0774272 0.15876827 0.72294223 0.17746623 0.94911176 0.40533537 0.38704345 0.55415636 3.1665437 0.39551204 0.40115523,0.005006705 0.005638863 0.052897464 0.003802031 0.003161543 0.00478969 0.016473988 0.0019919267 0.00088010635 0.0013339181 0.0016692097 0.011440079 0.0011738722 0.0015281516 0.0067777373 0.0029967544 0.032226436 0.010074249 0.017325876 0.0046008555 0.017825084 0.0019432441 0.004198875 0.015585091 0.0014598023 0.015913231 0.0007150131 0.001876388 0.0029642014 0.008161797 0.0014203084 0.0018242477 0.0036470012 0.002580628 0.022888768 0.00057785277 0.0034106805 0.0033924314 0.0077662654 0.0058076633 0.0016072588 0.047940027 0.0030434912 0.016117705 0.0031629861 0.0034090057 0.0024678158 0.003616894 0.0038382937 0.0035794731 0.0018045218 0.0015297547 0.0028142312 0.04796542 0.002587481 0.004811502 0.0015815622 0.0068589034 0.0055722054 0.0007792238 0.0024749264 0.00067672814 0.0019562826 0.0017646241 0.0008299398 0.0034905132 0.0081527205 0.0068514245 0.01070228 0.0028448584 0.0012751097 0.0029465652 0.002069456 0.010460464 0.0010196042 0.0010755952 0.0011076104 0.007039067 0.0067089475 0.0006611427 0.0043114386 0.0014255166 0.0026491568 0.003284984 0.00617412 0.009164282 0.0020391964 0.0023859162 0.0021912414 0.00046261828 0.00096936006 0.004125133 0.0035265922 0.06712165 0.003920792 0.0008242435 0.0011628472 0.0024302267 0.0011031402 0.0013525732 0.0016121856 0.015359523 0.0010082795 0.0023381726 0.005111551 0.0030603167 0.0066179126 0.00093491387 0.00079350994 0.0014025321 0.0024968993 0.001500107 0.0011650822 0.0035491844 0.023898156 0.046688233 0.0033914763 0.000609663 0.0012501439 0.0056924587 0.0013973719 0.007473321 0.003191617 0.0030475862 0.004363436 0.024933415 0.003114268 0.0031587025,
709,128,,,0.008268347 0.008268347 0.008268347 0.008268347 0.008268347 0.008268347 0.008268347 0.008268347 0.008268347 0.008268347 0.008268347 0.008268347 0.008268347 0.008268347 0.008268347 0.008268347 0.008268347 0.008268347 0.008268347 0.008268347 0.008268347 0.008268347 0.008268347 0.008268347 0.008268347 0.008268347 0.008268347 0.008268347 0.008268347 0.008268347 0.008268347 0.008268347 0.008268347 0.008268347 0.008268347 0.008268347 0.008268347 0.008268347 0.008268347 0.008268347 0.008268347 0.008268347 0.008268347 0.008268347 0.008268347 0.008268347 0.008268347 0.008268347 0.008268347 0.008268347 0.008268347 0.008268347 0.008268347 0.008268347 0.008268347 0.008268347 0.008268347 0.008268347 0.008268347 0.008268347 0.008268347 0.008268347 0.008268347 0.008268347 0.008268347 0.008268347 0.008268347 0.008268347 0.008268347 0.008268347 0.008268347 0.008268347 0.008268347 0.008268347 0.008268347 0.008268347 0.008268347 0.008268347 0.008268347 0.008268347 0.008268347 0.008268347 0.008268347 0.008268347 0.008268347 0.008268347 0.008268347 0.008268347 0.008268347 0.008268347 0.008268347 0.008268347 0.008268347 0.008268347 0.008268347 0.008268347 0.008268347 0.008268347 0.008268347 0.008268347 0.008268347 0.008268347 0.008268347 0.008268347 0.008268347 0.008268347 0.008268347 0.008268347 0.008268347 0.008268347 0.008268347 0.008268347 0.008268347 0.008268347 0.008268347 0.008268347 0.008268347 0.008268347 0.008268347 0.008268347 0.008268347 0.008268347 0.008268347 0.008268347 0.008268347 0.008268347 0.008268347 0.008268347,15 15 12 16 16 15 13 16 16 16 16 14 16 16 15 16 12 14 13 15 13 16 15 14 16 13 16 16 16 14 16 16 16 16 13 16 16 16 15 15 16 12 16 13 16 16 16 16 16 16 16 16 16 12 16 15 16 15 15 16 16 16 16 16 16 16 14 15 14 16 16 16 16 14 16 16 16 15 15 16 15 16 16 16 15 14 16 16 16 16 16 15 16 11 15 16 16 16 16 16 16 14 16 16 15 16 15 16 16 16 16 16 16 16 13 12 16 16 16 15 16 15 16 16 15 13 16 16
714,1x1x128x128,0.18321241 0.18994422 0.22095953 0.17844343 0.17529888 0.305932 0.34381005 0.18791373 0.14147903 0.25899243 0.15034553 0.21529035 0.255147 1.1963686 1.0986203 0.26092282 0.2546282 0.22499233 0.30246893 0.28333473 0.16378911 0.27634183 0.23395258 0.3388653 0.21522628 0.22160877 0.15434434 0.1953409 0.19635648 0.68719894 0.17051956 0.18668276 0.27929926 0.3004201 0.7444265 0.21455166 0.15908873 0.30102825 0.24968472 0.20211379 0.20524696 0.51703715 0.27384162 0.36985648 0.2130167 0.17776008 0.20173123 0.17454837 0.23520784 0.32204562 0.25104588 0.18948503 0.17200018 0.2472237 0.21141593 0.1710508 0.29814836 0.25211975 0.30871356 0.4523275 0.27615458 0.21274947 0.24709813 0.1479848 0.18865137 0.24740343 0.35706505 0.1811454 0.43769866 0.2001267 0.14187832 0.7415234 0.26791155 0.3599287 0.1878959 0.35449085 0.2811892 0.25154892 0.33004808 0.20999429 0.37468925 0.27850148 0.25187135 0.27043688 0.21467946 0.1895697 0.20652668 0.22803017 0.43695337 0.26183376 0.27189016 0.2602941 0.24790275 0.26582175 0.23280978 0.24473855 0.24206492 0.17544037 0.2771513 0.37463802 0.4390936 0.26753092 0.23180896 0.20484284 0.49113297 0.26796728 0.2591554 0.3884855 0.21518876 0.1758489 0.2088321 0.15003264 0.28676647 0.2936049 0.27769107 0.37028363 0.25770432 0.22719188 0.30232072 0.2728587 0.18993448 0.37309578 0.15341794 0.27063987 0.23695515 0.2614809 0.49222618 0.31267792,0.18319006 0.18992105 0.22093257 0.17842165 0.1752775 0.30589464 0.3437681 0.1878908 0.14146177 0.25896084 0.15032718 0.21526408 0.25511587 1.1962225 1.0984863 0.26089096 0.25459716 0.22496489 0.30243203 0.28330013 0.16376911 0.27630812 0.23392403 0.33882397 0.21520002 0.22158173 0.1543255 0.19531706 0.19633251 0.6871151 0.17049876 0.18665998 0.2792652 0.30038345 0.74433565 0.21452548 0.15906931 0.30099154 0.24965425 0.20208912 0.2052219 0.5169741 0.27380818 0.36981136 0.21299072 0.17773838 0.20170662 0.17452708 0.23517913 0.32200631 0.25101525 0.1894619 0.1719792 0.24719353 0.21139012 0.17102993 0.29811198 0.25208896 0.3086759 0.45227227 0.27612087 0.2127235 0.24706799 0.14796674 0.18862835 0.24737324 0.35702148 0.1811233 0.43764523 0.20010227 0.141861 0.74143285 0.26787886 0.35988477 0.18787296 0.3544476 0.28115487 0.25151822 0.33000782 0.20996866 0.3746435 0.27846748 0.2518406 0.27040386 0.21465327 0.18954657 0.20650147 0.22800235 0.43690002 0.2618018 0.27185696 0.26026234 0.24787249 0.26578933 0.23278138 0.24470867 0.24203539 0.17541896 0.27711746 0.3745923 0.43904 0.26749828 0.23178068 0.20481785 0.49107304 0.26793456 0.25912377 0.38843808 0.21516249 0.17582744 0.2088066 0.15001433 0.28673145 0.29356906 0.27765718 0.37023842 0.25767285 0.22716416 0.30228382 0.2728254 0.1899113 0.37305024 0.15339921 0.27060682 0.23692624 0.26144898 0.49216613 0.31263974,0.0014424415 0.0014954413 0.0017396265 0.0014048949 0.0013801377 0.0024086193 0.0027068353 0.0014794552 0.0011138723 0.0020390619 0.0011836785 0.0016949928 0.0020087864 0.009419075 0.008649498 0.0020542596 0.002004702 0.001771377 0.0023813546 0.0022307097 0.0012895205 0.0021756545 0.0018419215 0.0026679053 0.0016944883 0.001744738 0.0012151614 0.0015379296 0.0015459253 0.005410355 0.0013425099 0.0014697636 0.0021989385 0.002365224 0.0058609108 0.001689177 0.0012525143 0.002370012 0.0019657814 0.0015912529 0.0016159206 0.004070662 0.0021559699 0.0029119004 0.0016770923 0.0013995148 0.0015882411 0.001374229 0.0018518041 0.0025354829 0.001976498 0.001491826 0.001354167 0.0019464057 0.0016644892 0.0013466923 0.0023473385 0.0019849525 0.0024305189 0.003561199 0.00217418 0.0016749882 0.0019454173 0.0011650925 0.0014852625 0.0019478208 0.0028111928 0.0014261677 0.0034460253 0.0015756084 0.0011170158 0.0058380538 0.0021092824 0.0028337382 0.0014793146 0.002790926 0.0022138178 0.0019804584 0.0025984868 0.0016532965 0.002949949 0.0021926572 0.0019829967 0.0021291643 0.0016901832 0.0014924926 0.0016259959 0.0017952941 0.0034401577 0.0020614315 0.002140606 0.0020493097 0.0019517519 0.0020928294 0.0018329242 0.0019268399 0.0019057904 0.0013812516 0.0021820273 0.0029495456 0.003457008 0.0021062857 0.0018250447 0.0016127389 0.0038667168 0.0021097208 0.0020403448 0.0030585674 0.0016941928 0.001384468 0.0016441465 0.0011812152 0.002257728 0.0023115673 0.002186277 0.0029152632 0.00202892 0.0017886942 0.0023801876 0.0021482315 0.0014953646 0.0029374035 0.0012078679 0.0021307624 0.001865561 0.0020586534 0.0038753238 0.0024617303,
715,128,,,0.01127395 0.01127395 0.01127395 0.01127395 0.01127395 0.01127395 0.01127395 0.01127395 0.01127395 0.01127395 0.01127395 0.01127395 0.01127395 0.01127395 0.01127395 0.01127395 0.01127395 0.01127395 0.01127395 0.01127395 0.01127395 0.01127395 0.01127395 0.01127395 0.01127395 0.01127395 0.01127395 0.01127395 0.01127395 0.01127395 0.01127395 0.01127395 0.01127395 0.01127395 0.01127395 0.01127395 0.01127395 0.01127395 0.01127395 0.01127395 0.01127395 0.01127395 0.01127395 0.01127395 0.01127395 0.01127395 0.01127395 0.01127395 0.01127395 0.01127395 0.01127395 0.01127395 0.01127395 0.01127395 0.01127395 0.01127395 0.01127395 0.01127395 0.01127395 0.01127395 0.01127395 0.01127395 0.01127395 0.01127395 0.01127395 0.01127395 0.01127395 0.01127395 0.01127395 0.01127395 0.01127395 0.01127395 0.01127395 0.01127395 0.01127395 0.01127395 0.01127395 0.01127395 0.01127395 0.01127395 0.01127395 0.01127395 0.01127395 0.01127395 0.01127395 0.01127395 0.01127395 0.01127395 0.01127395 0.01127395 0.01127395 0.01127395 0.01127395 0.01127395 0.01127395 0.01127395 0.01127395 0.01127395 0.01127395 0.01127395 0.01127395 0.01127395 0.01127395 0.01127395 0.01127395 0.01127395 0.01127395 0.01127395 0.01127395 0.01127395 0.01127395 0.01127395 0.01127395 0.01127395 0.01127395 0.01127395 0.01127395 0.01127395 0.01127395 0.01127395 0.01127395 0.01127395 0.01127395 0.01127395 0.01127395 0.01127395 0.01127395 0.01127395,14 14 14 14 14 13 13 14 14 13 14 14 13 11 11 13 13 14 13 13 14 13 14 13 14 14 14 14 14 12 14 14 13 13 12 14 14 13 13 14 14 12 13 13 14 14 14 14 14 13 13 14 14 14 14 14 13 13 13 13 13 14 14 14 14 14 13 14 13 14 14 12 13 13 14 13 13 13 13 14 13 13 13 13 14 14 14 14 13 13 13 13 13 13 14 14 14 14 13 13 13 13 14 14 13 13 13 13 14 14 14 14 13 13 13 13 13 14 13 13 14 13 14 13 14 13 13 13
720,1x1x128x13,0.16831954 0.26379797 0.18155509 0.18219404 0.1694149 0.15389737 0.172062 0.2882609 0.15581425 0.16740674 0.16348173 0.18265045 0.16996257,0.168299 0.26376575 0.18153293 0.1821718 0.16939422 0.15387858 0.172041 0.2882257 0.15579523 0.16738631 0.16346177 0.18262815 0.16994183,0.001325189 0.0020768957 0.0014293932 0.0014344237 0.0013338128 0.0012116424 0.0013546535 0.0022694939 0.0012267341 0.0013180025 0.0012871006 0.001438017 0.0013381246,
721,13,,,0.0045940573 0.0045940573 0.0045940573 0.0045940573 0.0045940573 0.0045940573 0.0045940573 0.0045940573 0.0045940573 0.0045940573 0.0045940573 0.0045940573 0.0045940573,15 14 15 15 15 15 15 14 15 15 15 15 15
728,3x3x128x32,0.17567061 0.38110226 0.13538001 0.22367883 0.408036 0.5160211 0.33474886 0.7185539 1.0364143 0.12104877 0.18128285 0.2180625 0.1281695 0.11536574 0.17690541 0.38559115 0.14235154 0.20074639 0.103114046 0.1504952 0.36481282 0.17563425 0.18713938 0.3325532 0.39493167 0.3324033 0.35356924 0.38414922 0.12074951 0.27013767 0.48457518 0.17842487,0.17564918 0.38105577 0.13536349 0.22365153 0.4079862 0.51595813 0.19874947 0.7184662 1.0362878 0.121034 0.18126073 0.21803589 0.12815388 0.11535167 0.17688382 0.2409827 0.14233416 0.20072189 0.10310146 0.15047684 0.3647683 0.1756128 0.18711655 0.33251262 0.39488348 0.33236274 0.3535261 0.38410234 0.12073477 0.2701047 0.48451602 0.17840308,0.0013830644 0.0030004391 0.0010658542 0.0017610356 0.0032124897 0.0040626624 0.0015649564 0.005657214 0.008159746 0.0009530236 0.0014272499 0.0017168181 0.0010090857 0.00090828084 0.0013927859 0.0018975015 0.0011207415 0.0015804874 0.00081182254 0.001184857 0.0028721914 0.001382778 0.0014733586 0.0026182097 0.0031093187 0.0026170295 0.0027836699 0.003024428 0.0009506675 0.0021268087 0.0038150868 0.0014047486,
729,32,,,0.005392888 0.005392888 0.005392888 0.005392888 0.005392888 0.005392888 0.005392888 0.005392888 0.005392888 0.005392888 0.005392888 0.005392888 0.005392888 0.005392888 0.005392888 0.005392888 0.005392888 0.005392888 0.005392888 0.005392888 0.005392888 0.005392888 0.005392888 0.005392888 0.005392888 0.005392888 0.005392888 0.005392888 0.005392888 0.005392888 0.005392888 0.005392888,14 13 14 14 13 12 14 12 11 15 14 14 14 15 14 14 14 14 15 14 13 14 14 13 13 13 13 13 15 13 13 14
734,3x3x32x32,0.10163191 0.2321089 0.08401377 0.16540188 0.0965047 0.73628896 0.246976 0.8029731 0.12935793 0.7126307 0.2405765 0.3011553 0.4714441 0.1152784 0.8655935 0.17891948 0.11328291 0.118247114 0.24687171 0.22267278 0.12778266 0.14270212 0.42869297 0.23443057 0.12800792 0.33257198 0.28088614 0.7744234 0.37094986 0.3575451 0.118174195 0.70831054,0.10161951 0.23208058 0.084003516 0.1653817 0.09649293 0.73619914 0.24694587 0.8028751 0.12934214 0.7125437 0.24054714 0.30111855 0.47138658 0.11526433 0.8654878 0.17889763 0.11326909 0.11823268 0.24684158 0.22264561 0.12776707 0.14268471 0.42864063 0.23440196 0.12799229 0.3325314 0.28085187 0.77432895 0.3709046 0.35750148 0.11815978 0.70822406,0.00080015365 0.0018274061 0.000661445 0.0013022181 0.00075978687 0.0057968437 0.0019444557 0.006321851 0.001018442 0.0056105806 0.0018940719 0.0023710122 0.0037117053 0.0009075931 0.0068148645 0.0014086427 0.0008918826 0.000930966 0.0019436345 0.0017531151 0.0010060399 0.0011235017 0.003375123 0.0018456847 0.0010078133 0.0026183573 0.002211432 0.0060970783 0.0029205086 0.0028149723 0.00093039195 0.0055765673,
735,32,,,0.004594058 0.004594058 0.004594058 0.004594058 0.004594058 0.004594058 0.004594058 0.004594058 0.004594058 0.004594058 0.004594058 0.004594058 0.004594058 0.004594058 0.004594058 0.004594058 0.004594058 0.004594058 0.004594058 0.004594058 0.004594058 0.004594058 0.004594058 0.004594058 0.004594058 0.004594058 0.004594058 0.004594058 0.004594058 0.004594058 0.004594058 0.004594058,15 14 15 14 15 12 14 12 14 12 14 13 13 15 12 14 15 15 14 14 14 14 13 14 14 13 13 12 13 13 15 12
740,1x1x32x4,0.36743903 0.51961076 0.4142611 0.40255558,0.3673942 0.51954734 0.41421053 0.40250644,0.002892868 0.004090924 0.0032615003 0.003169342,
741,4,,,0.0040013506 0.0040013506 0.0040013506 0.0040013506,16 15 16 16
748,3x3x1x256,0.32490787 0.7393562 0.29050726 0.36220437 0.6461968 0.60427296 0.36626807 2.1971922 0.30564624 0.7211459 1.3335226 0.36406484 0.6160737 0.17087097 0.3706162 0.5572837 0.8668371 0.26411143 0.13191658 0.3059403 0.20389545 0.33383927 0.4665546 0.36920455 0.6711092 0.7188882 0.4087229 0.46305484 0.4204562 0.53324354 0.5912817 0.37211603 2.2541761 0.55220395 0.60293466 0.47758406 0.9916681 0.70086634 0.65440893 0.34574112 0.5305511 0.3445416 0.98136234 0.22278693 0.28097206 0.27785686 1.5637269 0.5075165 0.33427584 0.5855153 0.7479047 0.6494109 2.6096683 0.61222774 0.19766253 0.3698988 0.34808967 1.6823117 1.0584193 0.31420672 0.57214373 0.30149972 0.35916656 0.27668923 0.46752203 0.7242757 1.8742837 0.3630697 0.62561727 0.2207797 0.76532847 0.6954815 0.2617883 0.17353489 0.4021792 0.27790758 0.49340385 0.2780964 0.26608554 0.11614506 0.18216398 2.5731916 0.47469872 0.3104498 0.46676514 0.87597585 0.91140515 0.23851639 0.33562428 0.30538312 0.6353909 0.35420376 0.26993456 0.30381203 1.4829732 0.6847461 0.9740427 0.37816608 0.4274355 0.53486943 0.13052955 0.401648 0.4771334 0.30122894 0.45900717 0.75862384 0.31096897 1.930482 0.67889994 0.3758317 0.28894776 1.8749809 0.4197982 0.7159539 0.26734632 0.3213201 0.35636 0.58394766 0.119734034 0.56164694 0.33122745 0.21595776 0.35955733 0.48067725 0.9810861 0.1850986 0.6869893 0.5496791 0.34752154 0.9875428 0.26797473 1.8756902 0.6018417 0.76969796 1.0885757 0.37424868 0.6403739 1.1597483 1.0603176 0.9503294 0.21547772 0.31106776 1.1247743 0.28580698 0.43075117 0.2036198 0.7346577 0.6218097 0.21663542 0.335232 0.47704265 0.5782204 0.28385055 0.38930687 0.6999591 0.38284165 0.9032665 0.36406767 0.7253081 0.28696632 2.1002622 0.4597687 0.48459277 0.25428325 0.37338796 1.3835038 1.8093959 0.7475182 0.79729986 1.0203904 1.3954486 0.55351245 0.74091667 2.8358424 0.41618767 0.29245684 0.327497 0.2987525 0.3297216 0.76866096 0.6748511 0.33352736 3.4333723 0.26885873 0.23382442 0.657312 0.38536724 0.6306098 1.29275 0.59738374 0.34445515 0.55827945 0.6867615 0.9121809 2.114227 0.57701546 0.23141803 0.25726575 0.45860815 0.4785998 1.1608744 0.8942926 3.0904777 0.30667943 0.38323295 0.89103097 0.2934783 0.44960648 2.040658 0.3802179 0.91366935 0.50045466 0.6622047 0.68870026 0.24492747 0.22568972 0.5409735 1.9707209 0.42049235 1.4395175 0.32819915 0.6121689 1.2070638 0.24192911 1.7515733 1.7004179 0.4231384 0.52401775 1.1697062 0.61207324 0.7276487 1.000759 0.3766898 1.523355 0.5912587 0.8189942 0.2977843 0.29048356 0.26961792 0.67541766 1.3004881 0.4363828 0.17332426 0.35758162 1.0982101 0.42866838 0.6276545 0.5382618 0.5923841 0.31720436 0.625003 0.23952557 0.14226387 0.43878278 0.41498116 0.51419026,0.3248682 0.739266 0.29047182 0.36216018 0.6461179 0.60419923 0.36622337 2.1969242 0.30560896 0.72105795 1.3333598 0.3640204 0.6159985 0.17085011 0.370571 0.5572157 0.8667313 0.2640792 0.13190047 0.30590296 0.20387056 0.33379853 0.4664977 0.3691595 0.6710273 0.7188005 0.40867305 0.46299833 0.42040488 0.53317845 0.5912096 0.3720706 2.253901 0.5521366 0.6028611 0.4775258 0.99154705 0.7007808 0.65432906 0.34569892 0.5304863 0.34449956 0.98124254 0.22275975 0.2809378 0.27782294 1.563536 0.5074546 0.33423504 0.58544385 0.7478134 0.6493317 2.6093497 0.61215305 0.1976384 0.36985368 0.34804717 1.6821063 1.0582902 0.3141684 0.5720739 0.30146295 0.35912272 0.27665547 0.46746498 0.7241873 1.8740549 0.3630254 0.6255409 0.22075276 0.76523507 0.6953966 0.26175636 0.1735137 0.40213013 0.27787367 0.49334362 0.27806246 0.26605308 0.11613088 0.18214175 2.5728776 0.4746408 0.3104119 0.46670815 0.875869 0.9112939 0.23848727 0.3355833 0.30534586 0.63531333 0.35416052 0.2699016 0.30377495 1.4827923 0.6846625 0.9739238 0.37811995 0.4273833 0.53480417 0.13051362 0.40159902 0.47707516 0.3011922 0.45895118 0.7585312 0.310931 1.9302464 0.6788171 0.37578583 0.2889125 1.8747522 0.41974697 0.7158665 0.2673137 0.32128087 0.35631648 0.58387643 0.11971942 0.5615784 0.331187 0.21593142 0.35951343 0.48061857 0.9809663 0.18507601 0.6869055 0.549612 0.34747913 0.9874223 0.267942 1.8754613 0.6017682 0.769604 1.0884428 0.37420303 0.64029574 1.1596067 1.0601883 0.95021343 0.21545142 0.3110298 1.124637 0.2857721 0.4306986 0.20359495 0.73456806 0.62173384 0.21660899 0.33519107 0.4769844 0.57814986 0.2838159 0.38925937 0.6998737 0.38279495 0.9031562 0.36402324 0.7252196 0.2869313 2.1000059 0.4597126 0.4845336 0.2542522 0.3733424 1.3833349 1.809175 0.747427 0.7972025 1.0202659 1.3952783 0.55344486 0.74082625 2.8354964 0.41613686 0.29242116 0.32745704 0.298716 0.32968137 0.76856714 0.67476875 0.33348665 3.4329531 0.26882592 0.23379588 0.65723175 0.38532022 0.63053286 1.2925922 0.59731084 0.34441313 0.5582113 0.6866777 0.9120696 2.113969 0.576945 0.23138978 0.25723436 0.45855218 0.47854137 1.1607326 0.89418346 3.0901005 0.306642 0.38318616 0.8909222 0.2934425 0.4495516 2.040409 0.3801715 0.9135579 0.5003936 0.66212386 0.6886162 0.24489757 0.22566217 0.5409075 1.9704804 0.42044103 1.4393419 0.3281591 0.61209416 1.2069166 0.24189958 1.7513596 1.7002103 0.42308676 0.5239538 1.1695634 0.61199856 0.72755986 1.0006369 0.37664384 1.5231692 0.5911866 0.81889427 0.29774794 0.29044813 0.269585 0.6753352 1.3003293 0.43632954 0.17330311 0.35753796 1.098076 0.42861605 0.6275779 0.5381961 0.5923118 0.31716564 0.62492675 0.23949635 0.14224651 0.43872923 0.4149305 0.5141275,0.0025580174 0.005820992 0.0022871797 0.002851655 0.005087543 0.004757474 0.0028836485 0.017298616 0.0024063697 0.005677622 0.010498896 0.0028663024 0.004850382 0.0013452765 0.0029178818 0.004387525 0.006824656 0.002079364 0.0010385864 0.0024086847 0.0016052801 0.0026283348 0.00367321 0.0029067677 0.0052836793 0.005659846 0.003217898 0.0036456562 0.0033102746 0.0041982555 0.0046551935 0.0029296898 0.017747251 0.004347532 0.0047469377 0.0037600456 0.007807457 0.005517959 0.0051521976 0.0027220387 0.004177057 0.002712595 0.007726319 0.0017540138 0.0022121086 0.0021875822 0.012311308 0.0039957054 0.002631772 0.0046097944 0.0058882944 0.005112848 0.02054606 0.004820103 0.0015562079 0.0029122336 0.002740529 0.013244932 0.008332994 0.002473767 0.0045045186 0.002373724 0.002827738 0.0021783896 0.0036808266 0.0057022623 0.014756338 0.0028584676 0.0049255188 0.0017382107 0.006025473 0.005475564 0.0020610737 0.0013662495 0.003166379 0.0021879815 0.0038845954 0.0021894681 0.002094906 0.0009144164 0.001434187 0.02025888 0.003737329 0.002444188 0.0036748673 0.006896606 0.007175543 0.0018778526 0.0026423882 0.0024042982 0.005002467 0.0027886655 0.0021252094 0.0023919288 0.011675529 0.0053910436 0.007668691 0.0029773223 0.0033652228 0.0042110565 0.0010276664 0.003162197 0.0037564973 0.002371592 0.0036137889 0.0059726867 0.0024482755 0.0151987905 0.0053450163 0.0029589436 0.0022749016 0.014761828 0.0033050943 0.005636744 0.002104832 0.0025297706 0.0028056416 0.004597452 0.0009426726 0.004421877 0.0026077717 0.0017002474 0.0028308143 0.003784398 0.0077241445 0.0014572914 0.0054087047 0.0043276534 0.0027360562 0.0077749784 0.0021097795 0.014767412 0.0047383322 0.0060598743 0.008570416 0.0029464804 0.005041699 0.009130761 0.00834794 0.0074819955 0.0016964679 0.0024490536 0.00885541 0.0022501738 0.0033913276 0.0016031099 0.0057840003 0.0048955423 0.0017055826 0.0026392997 0.0037557827 0.004552361 0.0022347707 0.0030650343 0.0055108164 0.0030141335 0.0071114665 0.0028663247 0.0057103904 0.0022593017 0.01653548 0.0036197843 0.0038152253 0.0020019857 0.0029397039 0.0108924005 0.014245473 0.005885252 0.0062771854 0.00803359 0.010986444 0.0043578334 0.0058332775 0.022326743 0.0032766683 0.0023025288 0.002578402 0.0023520945 0.0025959162 0.00605171 0.00531314 0.0026258791 0.027031127 0.0021167395 0.0018409125 0.005175053 0.0030340175 0.0049648257 0.010177891 0.004703235 0.0027119145 0.004395365 0.005406911 0.0071816505 0.016645426 0.004542874 0.0018219667 0.0020254673 0.003610647 0.0037680424 0.009139627 0.0070408145 0.0243315 0.0024145038 0.003017214 0.007015135 0.0023105708 0.0035397764 0.016066214 0.0029934763 0.0071933693 0.0039401073 0.0052135736 0.005422175 0.0019283274 0.0017768675 0.004259114 0.015515594 0.0033105593 0.0113334 0.0025839298 0.004819639 0.00950328 0.0019047211 0.013790233 0.013387483 0.0033313918 0.0041256202 0.009209161 0.004818886 0.005728818 0.007879031 0.0029656994 0.011993458 0.0046550124 0.0064479862 0.0023444719 0.0022869932 0.0021227167 0.0053176004 0.010238813 0.0034356657 0.0013645914 0.0028152594 0.0086462675 0.0033749295 0.0049415585 0.0042377645 0.0046638725 0.0024973673 0.004920683 0.0018857981 0.0011200513 0.0034545609 0.0032671692 0.004048248,
749,256,,,0.007751701 0.007751701 0.007751701 0.007751701 0.007751701 0.007751701 0.007751701 0.007751701 0.007751701 0.007751701 0.007751701 0.007751701 0.007751701 0.007751701 0.007751701 0.007751701 0.007751701 0.007751701 0.007751701 0.007751701 0.007751701 0.007751701 0.007751701 0.007751701 0.007751701 0.007751701 0.007751701 0.007751701 0.007751701 0.007751701 0.007751701 0.007751701 0.007751701 0.007751701 0.007751701 0.007751701 0.007751701 0.007751701 0.007751701 0.007751701 0.007751701 0.007751701 0.007751701 0.007751701 0.007751701 0.007751701 0.007751701 0.007751701 0.007751701 0.007751701 0.007751701 0.007751701 0.007751701 0.007751701 0.007751701 0.007751701 0.007751701 0.007751701 0.007751701 0.007751701 0.007751701 0.007751701 0.007751701 0.007751701 0.007751701 0.007751701 0.007751701 0.007751701 0.007751701 0.007751701 0.007751701 0.007751701 0.007751701 0.007751701 0.007751701 0.007751701 0.007751701 0.007751701 0.007751701 0.007751701 0.007751701 0.007751701 0.007751701 0.007751701 0.007751701 0.007751701 0.007751701 0.007751701 0.007751701 0.007751701 0.007751701 0.007751701 0.007751701 0.007751701 0.007751701 0.007751701 0.007751701 0.007751701 0.007751701 0.007751701 0.007751701 0.007751701 0.007751701 0.007751701 0.007751701 0.007751701 0.007751701 0.007751701 0.007751701 0.007751701 0.007751701 0.007751701 0.007751701 0.007751701 0.007751701 0.007751701 0.007751701 0.007751701 0.007751701 0.007751701 0.007751701 0.007751701 0.007751701 0.007751701 0.007751701 0.007751701 0.007751701 0.007751701 0.007751701 0.007751701 0.007751701 0.007751701 0.007751701 0.007751701 0.007751701 0.007751701 0.007751701 0.007751701 0.007751701 0.007751701 0.007751701 0.007751701 0.007751701 0.007751701 0.007751701 0.007751701 0.007751701 0.007751701 0.007751701 0.007751701 0.007751701 0.007751701 0.007751701 0.007751701 0.007751701 0.007751701 0.007751701 0.007751701 0.007751701 0.007751701 0.007751701 0.007751701 0.007751701 0.007751701 0.007751701 0.007751701 0.007751701 0.007751701 0.007751701 0.007751701 0.007751701 0.007751701 0.007751701 0.007751701 0.007751701 0.007751701 0.007751701 0.007751701 0.007751701 0.007751701 0.007751701 0.007751701 0.007751701 0.007751701 0.007751701 0.007751701 0.007751701 0.007751701 0.007751701 0.007751701 0.007751701 0.007751701 0.007751701 0.007751701 0.007751701 0.007751701 0.007751701 0.007751701 0.007751701 0.007751701 0.007751701 0.007751701 0.007751701 0.007751701 0.007751701 0.007751701 0.007751701 0.007751701 0.007751701 0.007751701 0.007751701 0.007751701 0.007751701 0.007751701 0.007751701 0.007751701 0.007751701 0.007751701 0.007751701 0.007751701 0.007751701 0.007751701 0.007751701 0.007751701 0.007751701 0.007751701 0.007751701 0.007751701 0.007751701 0.007751701 0.007751701 0.007751701 0.007751701 0.007751701 0.007751701 0.007751701 0.007751701 0.007751701 0.007751701 0.007751701 0.007751701 0.007751701 0.007751701 0.007751701 0.007751701 0.007751701 0.007751701 0.007751701 0.007751701 0.007751701 0.007751701 0.007751701 0.007751701 0.007751701 0.007751701 0.007751701,16 15 16 16 15 15 16 13 16 15 14 16 15 16 16 15 15 16 16 16 16 16 16 16 15 15 16 16 16 15 15 16 13 15 15 16 14 15 15 16 15 16 15 16 16 16 14 15 16 15 15 15 13 15 16 16 16 14 14 16 15 16 16 16 16 15 14 16 15 16 15 15 16 16 16 16 16 16 16 16 16 13 16 16 16 15 15 16 16 16 15 16 16 16 14 15 15 16 16 15 16 16 16 16 16 15 16 14 15 16 16 14 16 15 16 16 16 15 16 15 16 16 16 16 15 16 15 15 16 15 16 14 15 15 14 16 15 14 14 15 16 16 14 16 16 16 15 15 16 16 16 15 16 16 15 16 15 16 15 16 13 16 16 16 16 14 14 15 15 14 14 15 15 13 16 16 16 16 16 15 15 16 13 16 16 15 16 15 14 15 16 15 15 15 13 15 16 16 16 16 14 15 13 16 16 15 16 16 13 16 15 15 15 15 16 16 15 14 16 14 16 15 14 16 14 14 16 15 14 15 15 14 16 14 15 15 16 16 16 15 14 16 16 16 14 16 15 15 15 16 15 16 16 16 16 15
754,1x1x256x128,0.18253584 0.13136508 0.1684068 0.17255561 0.357213 0.092574336 0.09618018 0.12225083 0.195365 0.3581301 0.13771471 0.124249615 0.14670974 0.20591196 0.33218455 0.26513088 0.14852487 0.10877675 0.120375335 0.17235368 0.15080051 0.15053709 0.64421594 0.18581085 0.14560843 0.18121968 0.37675804 0.13344511 0.5105376 0.21618335 0.103458695 0.19014208 0.11457165 0.18163206 0.5261433 0.19287653 0.19352011 0.12167367 0.07337639 0.084017366 0.09246287 0.13522136 0.21956909 0.20774955 0.073042706 0.26150164 0.1288163 0.1661558 0.16148801 0.027182382 0.25363666 0.12236248 0.17845292 0.7218448 0.22623332 0.0868301 0.31335378 0.17938146 0.20390601 0.20915596 0.20210426 0.33235613 0.3044386 0.0734963 0.14357856 0.13172571 0.23714396 0.36783007 0.222378 0.18247534 0.39629754 0.14038077 0.10978186 0.123914056 0.22148183 0.2298978 0.36803284 0.17217429 0.16315322 0.27731016 0.4663678 0.10504428 0.14423579 0.1844146 0.13760309 0.1775598 0.21358712 0.17661273 0.2681215 0.19250059 0.2082914 0.2258333 0.30597037 0.20504035 0.16196519 0.11992385 0.09177966 0.22554088 0.17093678 0.14206596 0.13578051 0.15830581 0.3031682 0.1798969 0.22119989 0.15932895 0.16672172 0.09302458 0.21466485 0.16320078 0.10677851 0.21838588 0.21558326 0.13340132 0.23664188 0.14561772 0.17083134 0.16843104 0.13451888 0.24928004 0.1660561 0.28572705 0.2375518 0.18605387 0.17971106 0.28036088 0.23444282 0.1645893,0.18251356 0.13134904 0.16838624 0.17253456 0.3571694 0.09256303 0.096168436 0.12223591 0.19534115 0.3580864 0.1376979 0.12423445 0.14669184 0.20588683 0.332144 0.26509854 0.14850673 0.10876347 0.12036065 0.17233266 0.15078211 0.15051872 0.6441373 0.18578817 0.14559066 0.18119757 0.37671205 0.13342883 0.5104753 0.21615697 0.103446074 0.19011886 0.114557676 0.1816099 0.52607906 0.192853 0.1934965 0.121658824 0.07336743 0.084007114 0.09245159 0.13520485 0.21954228 0.20772418 0.07303379 0.26146972 0.12880059 0.16613552 0.16146831 0.027179064 0.25360572 0.12234754 0.17843115 0.7217567 0.2262057 0.0868195 0.31331554 0.17935957 0.20388113 0.20913044 0.2020796 0.33231556 0.30440146 0.07348733 0.14356104 0.13170964 0.23711503 0.36778516 0.22235085 0.18245307 0.39624918 0.14036365 0.109768465 0.12389894 0.2214548 0.22986974 0.36798793 0.17215328 0.16313331 0.27727634 0.4663109 0.10503147 0.14421818 0.18439208 0.1375863 0.17753813 0.21356104 0.17659117 0.2680888 0.1924771 0.20826598 0.22580574 0.30593303 0.20501532 0.16194542 0.11990921 0.09176845 0.22551335 0.17091592 0.14204863 0.13576394 0.1582865 0.3031312 0.17987494 0.2211729 0.1593095 0.16670136 0.093013234 0.21463865 0.16318087 0.10676548 0.21835923 0.21555696 0.13338505 0.236613 0.14559996 0.17081049 0.16841048 0.13450247 0.24924962 0.16603583 0.2856922 0.23752281 0.18603116 0.17968912 0.28032666 0.2344142 0.16456921,0.0014371147 0.0010342444 0.0013258759 0.0013585398 0.0028123574 0.0007288428 0.0007572318 0.0009624875 0.0015381193 0.002819578 0.0010842355 0.0009782241 0.0011550538 0.0016211561 0.002615307 0.00208739 0.0011693443 0.0008564053 0.00094772165 0.00135695 0.0011872607 0.0011851868 0.0050719474 0.0014628989 0.0011463831 0.0014267525 0.0029662366 0.0010506207 0.0040194904 0.0017020234 0.000814536 0.001496999 0.0009020289 0.0014299992 0.0041423547 0.0015185276 0.0015235945 0.0009579435 0.0005776963 0.0006614733 0.00072796526 0.0010646051 0.0017286794 0.0016356235 0.00057506916 0.0020588166 0.0010141778 0.0013081537 0.001271404 0.00021400838 0.0019968955 0.0009633665 0.0014049697 0.0056831236 0.0017811473 0.0006836181 0.0024670516 0.0014122801 0.0016053632 0.0016466964 0.0015911779 0.0026166579 0.0023968618 0.0005786404 0.0011304019 0.0010370838 0.0018670474 0.0028959461 0.0017507941 0.0014366383 0.0031200722 0.0011052255 0.00086431863 0.00097558217 0.0017437385 0.001809998 0.0028975427 0.0013555377 0.0012845142 0.0021832783 0.0036717393 0.00082701945 0.0011355762 0.0014519062 0.0010833567 0.001397938 0.001681583 0.0013904817 0.0021109353 0.0015155678 0.0016398896 0.0017779979 0.0024089215 0.0016142938 0.0012751608 0.000944167 0.00072258624 0.0017756957 0.0013457946 0.0011184931 0.0010690074 0.0012463504 0.0023868599 0.0014163381 0.0017415188 0.0012544056 0.0013126092 0.00073238765 0.0016900682 0.0012848887 0.00084067305 0.0017193641 0.001697299 0.001050276 0.0018630945 0.0011464563 0.0013449645 0.0013260668 0.0010590745 0.0019625954 0.0013073687 0.0022495447 0.0018702584 0.0014648123 0.001414875 0.0022072967 0.0018457811 0.0012958206,
755,128,,,0.010334761 0.010334761 0.010334761 0.010334761 0.010334761 0.010334761 0.010334761 0.010334761 0.010334761 0.010334761 0.010334761 0.010334761 0.010334761 0.010334761 0.010334761 0.010334761 0.010334761 0.010334761 0.010334761 0.010334761 0.010334761 0.010334761 0.010334761 0.010334761 0.010334761 0.010334761 0.010334761 0.010334761 0.010334761 0.010334761 0.010334761 0.010334761 0.010334761 0.010334761 0.010334761 0.010334761 0.010334761 0.010334761 0.010334761 0.010334761 0.010334761 0.010334761 0.010334761 0.010334761 0.010334761 0.010334761 0.010334761 0.010334761 0.010334761 0.010334761 0.010334761 0.010334761 0.010334761 0.010334761 0.010334761 0.010334761 0.010334761 0.010334761 0.010334761 0.010334761 0.010334761 0.010334761 0.010334761 0.010334761 0.010334761 0.010334761 0.010334761 0.010334761 0.010334761 0.010334761 0.010334761 0.010334761 0.010334761 0.010334761 0.010334761 0.010334761 0.010334761 0.010334761 0.010334761 0.010334761 0.010334761 0.010334761 0.010334761 0.010334761 0.010334761 0.010334761 0.010334761 0.010334761 0.010334761 0.010334761 0.010334761 0.010334761 0.010334761 0.010334761 0.010334761 0.010334761 0.010334761 0.010334761 0.010334761 0.010334761 0.010334761 0.010334761 0.010334761 0.010334761 0.010334761 0.010334761 0.010334761 0.010334761 0.010334761 0.010334761 0.010334761 0.010334761 0.010334761 0.010334761 0.010334761 0.010334761 0.010334761 0.010334761 0.010334761 0.010334761 0.010334761 0.010334761 0.010334761 0.010334761 0.010334761 0.010334761 0.010334761 0.010334761,12 12 12 12 11 13 13 13 12 11 12 12 12 12 11 11 12 13 13 12 12 12 10 12 12 12 11 12 10 12 13 12 13 12 10 12 12 13 13 13 13 12 12 12 13 11 12 12 12 15 11 13 12 10 12 13 11 12 12 12 12 11 11 13 12 12 12 11 12 12 11 12 13 12 12 12 11 12 12 11 11 13 12 12 12 12 12 12 11 12 12 12 11 12 12 13 13 12 12 12 12 12 11 12 12 12 12 13 12 12 13 12 12 12 12 12 12 12 12 11 12 11 12 12 12 11 12 12
760,3x3x1x128,0.060995884 0.1600846 0.16583522 0.13451129 1.0694118 0.22050594 0.67212015 0.17287622 0.058778636 0.36816818 0.68289447 0.18433182 0.18644357 0.06833066 0.109470405 0.07063671 0.45027182 0.27600434 0.19108728 0.20079479 0.5569607 0.26007873 1.3280984 0.2478303 0.2243681 0.12569226 0.09310307 0.09712819 0.123034425 0.47744954 0.29663515 0.79337543 0.18501669 0.22069852 0.20185737 0.2671906 0.25616896 0.12236732 0.6432838 0.3836401 0.22769612 0.4936082 0.15515958 0.10059767 0.58929855 0.19323741 0.14599557 0.170148 0.118337505 2.2789454 0.15778363 0.11636527 0.2832912 4.9854336 0.61833704 0.5929889 0.70821685 0.1578949 0.25808775 0.07733684 0.101083905 0.37336916 0.1380927 0.41321737 0.22829542 0.18316938 0.10419179 0.111704 0.072169505 2.1452484 0.08350042 2.5213637 0.9676306 0.2455754 0.07538343 0.25483796 0.13354859 1.0013806 0.2100731 0.1659555 0.19941387 0.3122837 0.12417965 0.22261153 0.79912275 3.3089879 0.87038624 0.23845391 0.05762388 0.12962511 0.08339688 0.07727685 0.6670445 2.519019 0.25518084 0.50684386 0.37797344 0.15786202 0.35255927 0.8395234 0.13123664 0.11620811 0.101871185 0.34869897 0.099080585 0.6157798 0.57224363 0.23506743 0.20222509 0.15983692 0.16812222 0.0615826 2.2665484 0.28272665 0.07800099 0.81201684 0.094455265 0.25325173 0.22366263 0.16538778 0.05008779 0.5533787 0.064957716 0.09078613 0.080212295 0.4436671 0.32726562 0.18168722,0.06098844 0.16006507 0.16581498 0.13449489 1.0692812 0.22047903 0.67203814 0.17285512 0.058771465 0.36812326 0.68281114 0.18430933 0.18642081 0.068322316 0.109457046 0.07062809 0.45021686 0.27597067 0.19106396 0.20077029 0.5568927 0.260047 1.3279364 0.24780007 0.22434072 0.12567692 0.09309171 0.097116336 0.123019405 0.47739127 0.29659897 0.7932786 0.1849941 0.2206716 0.20183274 0.267158 0.2561377 0.122352384 0.6432053 0.3835933 0.22766833 0.49354795 0.15514064 0.10058539 0.58922666 0.19321384 0.14597777 0.17012724 0.11832306 2.2786674 0.15776438 0.11635107 0.28325662 4.984825 0.6182616 0.59291655 0.7081304 0.15787563 0.25805625 0.0773274 0.10107157 0.3733236 0.13807584 0.41316694 0.22826757 0.18314703 0.10417908 0.11169037 0.0721607 2.1449866 0.08349024 2.5210562 0.96751255 0.24554542 0.07537423 0.25480688 0.13353229 1.0012584 0.21004745 0.16593525 0.19938953 0.31224558 0.12416449 0.22258437 0.79902524 3.308584 0.87028 0.23842481 0.05761685 0.1296093 0.083386704 0.077267416 0.6669631 2.5187113 0.2551497 0.506782 0.3779273 0.15784276 0.35251626 0.8394209 0.13122062 0.11619392 0.10185876 0.34865642 0.09906849 0.61570466 0.57217383 0.23503874 0.20220041 0.15981741 0.1681017 0.06157508 2.2662718 0.28269213 0.07799148 0.8119178 0.09444374 0.25322083 0.22363533 0.1653676 0.050081678 0.55331117 0.06494979 0.09077505 0.080202505 0.44361296 0.3272257 0.18166505,0.00048022394 0.0012603549 0.0013056297 0.0010590148 0.008419537 0.0017360554 0.005291639 0.0013610639 0.00046276744 0.0028986083 0.0053764656 0.0014512546 0.0014678804 0.000537971 0.0008618665 0.0005561267 0.0035450147 0.0021729975 0.0015044406 0.0015808684 0.004384982 0.0020476142 0.010456192 0.0019511817 0.0017664623 0.000989582 0.0007330056 0.0007646956 0.00096865674 0.0037589865 0.002335425 0.006246288 0.0014566465 0.0017375716 0.0015892342 0.0021036062 0.0020168324 0.0009634046 0.0050646085 0.0030204195 0.001792664 0.0038862042 0.0012215798 0.000792011 0.00463958 0.0015213687 0.0011494312 0.0013395846 0.00093167764 0.017942263 0.0012422391 0.00091615017 0.0022303672 0.03925059 0.0048682014 0.0046686344 0.00557583 0.0012431152 0.002031939 0.00060887716 0.0007958391 0.0029395558 0.0010872114 0.003253283 0.0017973824 0.0014421026 0.0008203077 0.00087945175 0.0005681945 0.016889658 0.00065740343 0.019850835 0.007618209 0.0019334285 0.0005934979 0.0020063533 0.0010514354 0.007883924 0.0016539169 0.0013065768 0.0015699964 0.0024586266 0.0009776732 0.0017526328 0.006291537 0.026051842 0.006852599 0.0018773607 0.00045367598 0.0010205457 0.00065658824 0.00060840487 0.005251678 0.019832373 0.0020090528 0.0039904094 0.0029758054 0.0012428564 0.0027757187 0.0066096135 0.0010332332 0.0009149128 0.0008020375 0.0027453261 0.0007800669 0.004848068 0.0045053056 0.0018506987 0.0015921292 0.0012584048 0.0013236355 0.00048484316 0.01784466 0.0022259224 0.00061410613 0.0063930536 0.0007436515 0.0019938648 0.0017609082 0.0013021071 0.00039434392 0.004356781 0.00051141565 0.0007147642 0.0006315158 0.0034930154 0.0025765803 0.0014304335,
761,128,,,0.010334761 0.010334761 0.010334761 0.010334761 0.010334761 0.010334761 0.010334761 0.010334761 0.010334761 0.010334761 0.010334761 0.010334761 0.010334761 0.010334761 0.010334761 0.010334761 0.010334761 0.010334761 0.010334761 0.010334761 0.010334761 0.010334761 0.010334761 0.010334761 0.010334761 0.010334761 0.010334761 0.010334761 0.010334761 0.010334761 0.010334761 0.010334761 0.010334761 0.010334761 0.010334761 0.010334761 0.010334761 0.010334761 0.010334761 0.010334761 0.010334761 0.010334761 0.010334761 0.010334761 0.010334761 0.010334761 0.010334761 0.010334761 0.010334761 0.010334761 0.010334761 0.010334761 0.010334761 0.010334761 0.010334761 0.010334761 0.010334761 0.010334761 0.010334761 0.010334761 0.010334761 0.010334761 0.010334761 0.010334761 0.010334761 0.010334761 0.010334761 0.010334761 0.010334761 0.010334761 0.010334761 0.010334761 0.010334761 0.010334761 0.010334761 0.010334761 0.010334761 0.010334761 0.010334761 0.010334761 0.010334761 0.010334761 0.010334761 0.010334761 0.010334761 0.010334761 0.010334761 0.010334761 0.010334761 0.010334761 0.010334761 0.010334761 0.010334761 0.010334761 0.010334761 0.010334761 0.010334761 0.010334761 0.010334761 0.010334761 0.010334761 0.010334761 0.010334761 0.010334761 0.010334761 0.010334761 0.010334761 0.010334761 0.010334761 0.010334761 0.010334761 0.010334761 0.010334761 0.010334761 0.010334761 0.010334761 0.010334761 0.010334761 0.010334761 0.010334761 0.010334761 0.010334761 0.010334761 0.010334761 0.010334761 0.010334761 0.010334761 0.010334761,16 16 16 16 14 16 15 16 16 16 15 16 16 16 16 16 16 16 16 16 15 16 14 16 16 16 16 16 16 16 16 15 16 16 16 16 16 16 15 16 16 16 16 16 15 16 16 16 16 13 16 16 16 12 15 15 15 16 16 16 16 16 16 16 16 16 16 16 16 13 16 13 15 16 16 16 16 14 16 16 16 16 16 16 15 13 15 16 16 16 16 16 15 13 16 15 16 16 16 15 16 16 16 16 16 15 15 16 16 16 16 16 13 16 16 15 16 16 16 16 16 15 16 16 16 16 16 16
766,1x1x128x128,0.18965082 0.14458127 0.16953486 0.15100914 0.15644974 0.18247062 0.24300088 0.14474471 0.24316493 0.1773702 0.2279438 0.20176555 0.1488943 0.2529969 0.18519819 0.5796555 0.1928461 0.28346834 0.17228222 0.19942486 0.32549945 0.3067545 0.21319051 0.26808628 0.18075788 0.25971255 0.48666632 0.3117246 0.20964599 0.19328107 0.18860391 0.1825166 0.124246195 0.23987432 0.36097533 0.32705036 0.29706222 0.22442225 0.27189142 1.229927 0.289938 0.719982 0.1668662 0.13972557 0.21559882 0.2028571 0.20621832 0.29010844 0.19299707 0.21898556 0.18332367 0.18021148 0.13754895 0.21248421 0.21657307 0.26264822 0.20354545 0.60692215 0.35875702 0.19472778 0.24472761 0.1446034 0.20963353 0.24073727 0.80875623 0.18133955 0.1451352 0.22917305 0.21343674 0.19195071 0.27129167 0.1419836 0.21325175 0.14780155 0.19425382 0.22447552 0.25015363 0.23576055 0.42372778 0.19155043 0.22032797 0.18364026 0.15613528 0.14176217 0.18372904 0.23197196 0.13562128 0.36389568 0.15358624 0.29834858 0.12978257 0.17384289 0.20162979 0.22603504 0.17443042 0.22337012 0.18522042 0.22458182 0.3479211 0.16286619 0.18117513 0.23052457 0.15846692 0.51997733 0.19311182 0.1780371 0.1877654 0.2784933 0.2670937 0.14198267 0.19642836 0.394915 0.2987875 0.20975295 0.5093422 0.26942623 0.9715331 0.2315694 0.26049688 0.16016003 1.7884151 0.22515868 0.22701956 0.17794332 0.22622298 0.14663914 0.22933365 0.20024695,0.18962768 0.14456363 0.16951416 0.15099071 0.15643063 0.18244834 0.24297123 0.14472704 0.24313526 0.17734857 0.22791597 0.20174092 0.14887612 0.25296602 0.18517558 0.5795848 0.19282256 0.28343374 0.1722612 0.19940051 0.32545972 0.30671707 0.2131645 0.26805356 0.18073581 0.25968087 0.48660693 0.31168658 0.2096204 0.19325748 0.1885809 0.18249433 0.12423103 0.23984505 0.36093128 0.32701042 0.29702595 0.22439486 0.27185822 1.2297769 0.2899026 0.7198942 0.16684584 0.1397085 0.2155725 0.20283234 0.20619315 0.29007304 0.19297352 0.21895882 0.18330128 0.18018949 0.13753217 0.21245828 0.21654665 0.2626162 0.20352061 0.6068481 0.35871324 0.19470401 0.24469773 0.14458574 0.20960794 0.2407079 0.8086575 0.18131742 0.14511749 0.22914508 0.21341069 0.19192728 0.27125856 0.14196627 0.21322574 0.1477835 0.19423011 0.22444811 0.25012308 0.23573178 0.42367607 0.19152705 0.22030108 0.18361785 0.15611623 0.14174487 0.18370663 0.23194365 0.13560474 0.36385128 0.1535675 0.2983122 0.12976673 0.17382167 0.20160517 0.22600746 0.17440914 0.22334285 0.18519782 0.2245544 0.34787866 0.16284631 0.18115301 0.23049644 0.15844758 0.5199139 0.19308826 0.17801538 0.18774249 0.27845928 0.2670611 0.14196534 0.1964044 0.39486682 0.29875106 0.20972735 0.50928 0.26939332 0.97141457 0.23154114 0.26046512 0.1601405 1.7881968 0.2251312 0.22699185 0.1779216 0.22619537 0.14662124 0.22930567 0.2002225,0.0014931313 0.0011382963 0.0013347572 0.0011889032 0.0012317372 0.0014366012 0.0019131593 0.001139583 0.0019144509 0.0013964454 0.001794614 0.0015885112 0.0011722529 0.0019918585 0.0014580755 0.00456366 0.0015182879 0.0022317616 0.0013563874 0.0015700827 0.002562675 0.002415095 0.0016784606 0.002110658 0.0014231167 0.0020447313 0.0038315507 0.002454225 0.0016505544 0.0015217124 0.001484889 0.0014369632 0.0009781971 0.0018885437 0.0028419786 0.0025748853 0.002338787 0.0017668887 0.0021406158 0.009683282 0.0022826977 0.005668458 0.0013137468 0.0011000669 0.0016974213 0.0015971051 0.0016235681 0.0022840397 0.0015194765 0.0017240852 0.0014433172 0.0014188149 0.0010829305 0.0016728998 0.0017050918 0.002067844 0.0016025245 0.0047783316 0.0028245137 0.0015331025 0.0019267538 0.0011384704 0.0016504562 0.0018953378 0.006367382 0.0014276962 0.0011426574 0.001804292 0.0016803992 0.0015112384 0.0021358943 0.0011178446 0.0016789428 0.0011636496 0.0015293709 0.001767308 0.0019694732 0.0018561558 0.0033360322 0.001508087 0.0017346542 0.0014458098 0.0012292616 0.0011161013 0.0014465089 0.001826328 0.0010677539 0.0028649706 0.0012091929 0.002348915 0.0010217853 0.0013686746 0.0015874422 0.0017795863 0.0013733003 0.0017586051 0.0014582506 0.0017681449 0.002739202 0.0012822545 0.0014264017 0.0018149326 0.0012476187 0.0040938105 0.00152038 0.0014016959 0.0014782873 0.0021925927 0.0021028435 0.0011178374 0.0015464913 0.0031091876 0.0023523704 0.0016513964 0.004010079 0.0021212073 0.0076489337 0.0018231586 0.0020509064 0.0012609488 0.01408029 0.0017726866 0.0017873374 0.0014009575 0.0017810658 0.001154498 0.0018055565 0.0015765552,
767,128,,,0.01127395 0.01127395 0.01127395 0.01127395 0.01127395 0.01127395 0.01127395 0.01127395 0.01127395 0.01127395 0.01127395 0.01127395 0.01127395 0.01127395 0.01127395 0.01127395 0.01127395 0.01127395 0.01127395 0.01127395 0.01127395 0.01127395 0.01127395 0.01127395 0.01127395 0.01127395 0.01127395 0.01127395 0.01127395 0.01127395 0.01127395 0.01127395 0.01127395 0.01127395 0.01127395 0.01127395 0.01127395 0.01127395 0.01127395 0.01127395 0.01127395 0.01127395 0.01127395 0.01127395 0.01127395 0.01127395 0.01127395 0.01127395 0.01127395 0.01127395 0.01127395 0.01127395 0.01127395 0.01127395 0.01127395 0.01127395 0.01127395 0.01127395 0.01127395 0.01127395 0.01127395 0.01127395 0.01127395 0.01127395 0.01127395 0.01127395 0.01127395 0.01127395 0.01127395 0.01127395 0.01127395 0.01127395 0.01127395 0.01127395 0.01127395 0.01127395 0.01127395 0.01127395 0.01127395 0.01127395 0.01127395 0.01127395 0.01127395 0.01127395 0.01127395 0.01127395 0.01127395 0.01127395 0.01127395 0.01127395 0.01127395 0.01127395 0.01127395 0.01127395 0.01127395 0.01127395 0.01127395 0.01127395 0.01127395 0.01127395 0.01127395 0.01127395 0.01127395 0.01127395 0.01127395 0.01127395 0.01127395 0.01127395 0.01127395 0.01127395 0.01127395 0.01127395 0.01127395 0.01127395 0.01127395 0.01127395 0.01127395 0.01127395 0.01127395 0.01127395 0.01127395 0.01127395 0.01127395 0.01127395 0.01127395 0.01127395 0.01127395 0.01127395,14 14 14 14 14 14 14 14 14 14 14 14 14 13 14 12 14 13 14 14 13 13 14 13 14 13 13 13 14 14 14 14 14 14 13 13 13 14 13 11 13 12 14 14 14 14 14 13 14 14 14 14 14 14 14 13 14 12 13 14 14 14 14 14 12 14 14 14 14 14 13 14 14 14 14 14 13 14 13 14 14 14 14 14 14 14 14 13 14 13 14 14 14 14 14 14 14 14 13 14 14 14 14 12 14 14 14 13 13 14 14 13 13 14 12 13 12 14 13 14 11 14 14 14 14 14 14 14
772,1x1x128x13,0.18365452 0.20220116 0.18408088 0.21381947 0.23961426 0.20124187 0.20934269 0.19388716 0.24068016 0.19356738 0.19228831 0.17896456 0.2295948,0.1836321 0.20217648 0.18405843 0.21379338 0.23958501 0.20121731 0.20931715 0.1938635 0.24065079 0.19354375 0.19226484 0.17894273 0.22956677,0.0014459221 0.0015919408 0.0014492789 0.0016834125 0.0018864962 0.0015843882 0.0016481666 0.0015264843 0.0018948881 0.0015239666 0.0015138964 0.0014089978 0.0018076124,
773,13,,,0.0051682214 0.0051682214 0.0051682214 0.0051682214 0.0051682214 0.0051682214 0.0051682214 0.0051682214 0.0051682214 0.0051682214 0.0051682214 0.0051682214 0.0051682214,15 15 15 15 15 15 15 15 15 15 15 15 15
780,3x3x256x32,0.16933203 0.19735056 0.18663788 0.30668086 0.16430786 0.097765535 0.06593422 0.07778258 0.19348407 0.17660329 0.2516759 0.38477233 0.14654315 0.42050755 0.24729776 0.15275277 0.07609044 0.20107046 0.258165 0.10558366 0.15938163 0.5347432 0.35237408 0.23756734 0.79700863 0.15669706 0.15294749 0.1283715 0.39713946 0.28465983 0.21566837 0.18602715,0.16402103 0.19732647 0.18661511 0.29706198 0.16428782 0.0977536 0.06592617 0.07777309 0.19346046 0.11588917 0.2516452 0.3847254 0.11905513 0.42045623 0.24726757 0.15273413 0.07608115 0.20104592 0.25006783 0.10557077 0.15936217 0.5346779 0.24224105 0.23753835 0.42340475 0.10282647 0.1051444 0.12835583 0.3350531 0.24015786 0.16173811 0.15113288,0.0012915041 0.0015537518 0.0014694103 0.0023390707 0.0012936048 0.00076971337 0.0005191037 0.0006123865 0.0015233108 0.0009125131 0.0019814584 0.003029334 0.00093744195 0.003310679 0.0019469887 0.0012026309 0.00059906417 0.0015830387 0.001969038 0.00083126593 0.0012548203 0.0042100623 0.0019074099 0.0018703807 0.0033338957 0.0008096572 0.00082790863 0.0010106758 0.0026382133 0.0018910067 0.0012735284 0.0011900227,
781,32,,,0.005168222 0.005168222 0.005168222 0.005168222 0.005168222 0.005168222 0.005168222 0.005168222 0.005168222 0.005168222 0.005168222 0.005168222 0.005168222 0.005168222 0.005168222 0.005168222 0.005168222 0.005168222 0.005168222 0.005168222 0.005168222 0.005168222 0.005168222 0.005168222 0.005168222 0.005168222 0.005168222 0.005168222 0.005168222 0.005168222 0.005168222 0.005168222,14 14 14 13 14 15 15 15 14 15 13 13 15 13 14 14 15 14 13 15 14 12 14 14 13 15 15 14 13 14 14 14
786,3x3x32x32,0.32606602 0.14549069 0.44052374 0.20872904 0.040219214 0.14910771 0.10300368 0.15861145 0.057942964 0.5667626 0.09482909 0.23262051 0.574334 0.6908963 0.63418233 0.039020024 0.6536056 0.097869 0.36727053 0.17269388 0.106437266 0.07488535 0.068938464 0.16969998 0.10481323 0.687991 0.15431157 0.33548492 0.20197925 0.49191514 0.122380964 0.09268616,0.32602623 0.14547294 0.44046998 0.20870356 0.040214308 0.14908952 0.10299111 0.15859209 0.057935894 0.5666934 0.09481751 0.23259212 0.57426393 0.690812 0.6341049 0.03901526 0.65352577 0.09785706 0.3672257 0.1726728 0.10642427 0.07487622 0.06893005 0.16967927 0.10480044 0.6879071 0.15429273 0.33544397 0.2019546 0.49185508 0.12236603 0.09267485,0.0025671357 0.0011454562 0.0034682676 0.0016433351 0.0003166481 0.0011739332 0.0008109536 0.0012487567 0.00045618814 0.004462153 0.00074659457 0.001831434 0.0045217634 0.0054394645 0.004992952 0.00030720676 0.005145872 0.00077052804 0.002891541 0.0013596283 0.0008379864 0.00058957655 0.00054275634 0.0013360572 0.00082520035 0.005416591 0.0012149034 0.0026412911 0.0015901937 0.0038728747 0.00096351205 0.00072972325,
787,32,,,0.0062016635 0.0062016635 0.0062016635 0.0062016635 0.0062016635 0.0062016635 0.0062016635 0.0062016635 0.0062016635 0.0062016635 0.0062016635 0.0062016635 0.0062016635 0.0062016635 0.0062016635 0.0062016635 0.0062016635 0.0062016635 0.0062016635 0.0062016635 0.0062016635 0.0062016635 0.0062016635 0.0062016635 0.0062016635 0.0062016635 0.0062016635 0.0062016635 0.0062016635 0.0062016635 0.0062016635 0.0062016635,12 13 12 13 15 13 14 13 15 11 14 13 11 11 11 15 11 14 12 13 14 14 14 13 14 11 13 12 13 12 14 14
792,1x1x32x4,0.4587638 0.44376257 0.3545737 0.39330402,0.45870784 0.44370842 0.35453042 0.39325604,0.0036118727 0.003493767 0.0027915782 0.0030965041,
793,4,,,0.0038763238 0.0038763238 0.0038763238 0.0038763238,16 16 16 16
800,3x3x1x512,0.8721238 1.403703 0.27402028 0.78721917 0.337957 0.65727556 1.0915172 0.9958458 0.72373027 1.0678098 2.048004 0.3543671 0.8864282 0.9510477 1.2107328 0.65432745 0.95240945 0.41815642 0.23755166 0.89302045 3.2772806 0.42860267 1.2605284 0.45632905 0.42173228 0.23520614 1.0802491 0.43577096 0.46842775 0.15574019 0.09277597 2.2429023 0.63698375 2.0381103 1.2054976 1.1035398 0.29404157 0.53739065 0.6832694 0.81047827 0.09856394 0.5229485 0.6321834 1.4658248 0.78367406 0.10831564 0.3843167 0.9939742 0.34964076 0.6062856 0.23316047 0.9930722 0.16223526 0.92488086 1.51347 0.40746874 1.0991971 0.18590485 3.7861493 3.1862845 0.21544516 1.1882211 0.7008046 1.5864754 0.89541197 0.297115 0.80704314 1.3878497 0.21959504 1.1940061 1.2317585 1.1209267 1.0514667 0.7576958 3.068855 0.9845677 1.1904442 0.8298819 0.94974613 0.16890629 0.17592041 1.6972692 1.5120106 0.8078949 0.5530583 1.6049659 0.29040202 0.14658703 0.24900357 0.3804769 0.48211223 0.6779566 0.76382136 0.5572302 1.1977338 1.0647868 0.9361067 0.14589521 6.4103723 1.1707891 1.0415965 0.360737 0.36070114 0.17015144 1.2601424 0.9291844 0.33162713 0.8979386 0.48906854 0.21365722 0.49156278 0.8528481 0.59189546 0.93620926 0.7443273 0.6127166 1.2174609 0.22656965 1.4702452 1.2855171 0.350261 0.9861456 1.4341583 0.813161 0.2714884 0.2899655 0.8315337 0.5331888 3.7637892 1.2205902 0.42352632 1.0424237 0.77975583 0.27369457 1.1366707 0.24807265 0.7554506 0.53032076 0.9457003 0.28174338 0.15467325 0.18625246 1.0679882 0.4125373 0.49854162 0.25438994 0.48448443 0.7903472 1.8449615 0.65014285 0.20116863 0.90345174 0.8738637 0.6323668 1.5646957 0.84698033 0.17719467 1.2157856 2.1531012 0.44761616 0.7541878 0.8172325 0.6920816 0.71903944 2.0664215 0.28020447 0.4881056 1.3011208 0.46482033 0.6715464 0.8744426 0.20072444 0.49935493 0.88136613 0.71001023 0.8599652 0.19868858 0.21934187 0.43344042 2.6926658 0.86934596 0.84502125 1.3363017 0.15276673 0.28915069 0.5904719 0.8572557 0.3083977 1.9927887 0.21025291 0.59288365 0.64116114 0.62633544 1.1636521 0.24666442 0.6672022 0.9869538 0.8577009 0.21907225 1.0775851 0.37023875 1.142299 1.0754614 0.30152646 0.4049198 1.2107599 0.36318696 1.2032173 1.3880337 0.4433156 0.5879698 0.7136905 0.36439356 0.76386553 0.5089497 2.3379908 0.9578335 1.1791221 0.41191027 0.8980394 1.2098528 0.8051749 0.71585935 1.3080548 1.0516407 0.5286351 1.1424347 0.6303864 1.1716062 0.46318328 1.7430787 1.8258168 0.15195306 0.26570156 0.55734235 0.2046545 1.3497312 0.31994015 0.8167807 0.34770495 0.122222476 0.79227644 0.36522633 0.37251818 0.22724105 0.6351803 1.0485666 2.1502955 0.8189332 1.1586678 0.31403843 1.9621894 0.18236879 5.555253 1.844552 1.0468669 0.41868323 1.3968351 0.27290845 0.88783896 0.1486111 2.4910243 0.17519435 0.7459649 0.40624568 0.9406474 0.35813645 0.6431517 0.8885201 0.22875176 2.7644384 0.26408532 1.128283 1.0839288 0.936117 1.4156812 0.39835754 0.49993575 0.13361394 0.60338485 0.52184176 0.39614016 0.8867204 1.1816871 0.8452841 1.0138212 0.48667127 0.2679475 2.4073184 0.59300154 0.2795283 0.2517784 0.12467986 0.18783228 0.1837144 0.389405 0.184728 3.5950334 1.0451272 0.9726388 0.7794619 2.1403446 0.24481173 0.89550364 0.293497 0.69295204 0.33389282 0.18482397 0.38352954 0.19633126 0.8459216 1.3212124 1.2201217 0.79104763 0.6488556 0.35472205 1.2005295 0.9336867 1.014815 1.632505 1.0961077 0.30107588 2.1130116 0.25853235 0.2785247 0.67694736 1.0772111 0.44449934 1.2679799 1.976334 0.62273854 0.648351 0.78710437 0.822557 1.225086 1.8313172 0.37794304 0.3201602 1.2024841 0.37854576 0.64057994 1.0438453 1.8732536 1.3540817 0.11457341 0.22643945 1.5750933 0.97489905 0.6149682 1.1184155 1.0451816 1.0613374 1.8951949 0.38481483 0.28082752 0.4817923 0.2992788 1.5585328 1.7644546 0.20229945 3.6103873 0.42864257 1.3027995 0.36674032 0.18602715 1.1396675 1.9273629 0.8444444 0.7238843 0.5750312 2.7188683 1.0529704 0.9444621 1.1372405 0.9651955 0.5456609 0.82443666 0.9695271 0.65882295 1.1196756 0.26597443 0.41821948 0.31863323 0.9172986 1.2458107 0.6989434 0.3346938 0.5081603 1.5019456 1.2530928 1.1772504 0.5615045 0.44942334 0.49421027 1.8777034 0.5357201 1.0142336 3.4799025 0.79177564 1.5090407 0.9142219 0.43388063 0.5838606 0.8649719 0.31273165 0.9016466 0.17801803 3.418242 1.4472884 0.16685005 0.47085372 0.38762462 0.41382006 0.86522615 0.14769627 0.7417281 1.374541 0.9379996 0.17749923 3.120803 1.0771439 0.45373413 0.6452982 0.23102577 0.6795215 0.7204884 0.9592528 0.15535268 1.2816552 0.24951123 0.74853146 0.89474815 0.31642157 0.7276816 0.45820037 1.2844278 0.36812305 0.18476887 2.019998 0.2866538 0.45744675 0.25867197 0.7758948 1.6154854 1.1410055 0.35347784 1.2049084 0.42101294 0.31375888 0.89955884 0.73606116 0.61359936 1.1132165 1.8679564 0.9325955 0.269955 1.0640926 0.5795529 0.8174526 0.14927259 0.4812144 0.9268124 0.5639141 0.5520836 1.7414204 0.3698777 0.69352645 0.72598195 1.5203311 0.34044322 0.8317257 0.87488526 0.26641786 0.41822875 0.8592512 0.14384109 1.0993253 1.8687774 0.70136446 0.32741067 0.50136656 0.1354433 0.59196687 0.27662674 0.7337054 0.5098986 0.97663826 1.0329566 0.45092857 0.18416132 0.25774184 0.51855314 1.2907925 1.2805127 0.64834297 0.75397176 0.68396145 1.0111357 0.66323775 1.7866411 1.0179391 1.1562084 0.638339 0.10367878 0.91504204 0.26500112 0.4097848 0.34276834 1.0948265 0.20064546 0.81088364 0.7062575,0.8720174 1.4035317 0.27398685 0.7871231 0.33791575 0.6571953 1.0913839 0.99572426 0.72364193 1.0676795 2.0477538 0.35432386 0.88632 0.9509316 1.210585 0.65424764 0.9522932 0.41810536 0.23752268 0.89291143 3.2768807 0.42855036 1.2603745 0.45627338 0.4216808 0.23517743 1.0801172 0.43571776 0.4683706 0.15572119 0.09276465 2.2426286 0.636906 2.0378613 1.2053505 1.1034052 0.2940057 0.537325 0.683186 0.8103793 0.09855191 0.5228847 0.6321062 1.465646 0.78357846 0.10830242 0.3842698 0.9938529 0.34959808 0.60621154 0.23313202 0.992951 0.16221547 0.92476803 1.5132853 0.40741903 1.0990629 0.18588217 3.7856872 3.1858957 0.21541886 1.188076 0.70071906 1.5862818 0.89530265 0.29707876 0.8069446 1.3876803 0.21956824 1.1938603 1.2316082 1.12079 1.0513383 0.7576033 3.0684805 0.98444754 1.190299 0.82978064 0.94963026 0.16888566 0.17589894 1.6970621 1.511826 0.8077963 0.5529908 1.6047701 0.2903666 0.14656915 0.24897318 0.38043046 0.4820534 0.67787385 0.76372814 0.55716217 1.1975876 1.0646569 0.9359925 0.1458774 6.4095902 1.1706463 1.0414693 0.36069298 0.36065713 0.17013068 1.2599887 0.929071 0.33158666 0.89782906 0.48900887 0.21363114 0.4915028 0.85274404 0.5918232 0.936095 0.74423647 0.6126419 1.2173122 0.22654201 1.4700658 1.2853602 0.35021824 0.9860253 1.4339833 0.8130618 0.2714553 0.2899301 0.8314322 0.5331238 3.76333 1.2204413 0.4234746 1.0422965 0.7796607 0.27366117 1.1365321 0.24804239 0.7553584 0.53025603 0.94558483 0.28170902 0.15465437 0.18622972 1.0678577 0.41248694 0.4984808 0.25435892 0.4844253 0.7902508 1.8447363 0.6500635 0.20114408 0.9033415 0.87375706 0.6322896 1.5645047 0.846877 0.17717305 1.2156373 2.1528385 0.44756153 0.7540958 0.8171327 0.6919971 0.7189517 2.0661695 0.28017026 0.48804602 1.300962 0.46476358 0.67146444 0.8743358 0.20069994 0.49929398 0.8812586 0.7099236 0.85986024 0.19866432 0.2193151 0.43338752 2.692337 0.86923987 0.84491813 1.3361386 0.1527481 0.2891154 0.59039986 0.8571511 0.30836007 1.9925455 0.21022725 0.5928113 0.6410829 0.62625897 1.16351 0.24663432 0.66712075 0.98683333 0.8575962 0.21904552 1.0774536 0.37019357 1.1421596 1.0753301 0.30148965 0.4048704 1.2106122 0.3631426 1.2030704 1.3878644 0.44326147 0.587898 0.7136034 0.3643491 0.7637723 0.5088876 2.3377054 0.95771664 1.1789782 0.41186 0.89792985 1.2097052 0.80507666 0.71577203 1.3078952 1.0515125 0.52857053 1.1422954 0.6303095 1.1714631 0.46312678 1.7428659 1.825594 0.1519345 0.26566914 0.55727434 0.20462953 1.3495665 0.3199011 0.81668097 0.3476625 0.12220756 0.79217976 0.36518177 0.3724727 0.22721332 0.6351028 1.0484385 2.1500332 0.81883323 1.1585264 0.3140001 1.96195 0.18234654 5.554575 1.8443269 1.0467392 0.41863215 1.3966646 0.27287516 0.8877306 0.14859296 2.4907203 0.17517297 0.7458738 0.40619612 0.9405326 0.35809276 0.6430732 0.8884117 0.22872384 2.764101 0.26405308 1.1281453 1.0837966 0.9360028 1.4155084 0.3983089 0.49987474 0.13359763 0.6033112 0.52177805 0.39609182 0.88661224 1.1815429 0.845181 1.0136975 0.48661187 0.2679148 2.4070246 0.5929292 0.2794942 0.25174767 0.12466464 0.18780935 0.183692 0.3893575 0.18470545 3.5945947 1.0449996 0.97252005 0.7793668 2.1400836 0.24478185 0.8953944 0.29346117 0.69286746 0.33385205 0.18480143 0.38348275 0.1963073 0.84581834 1.3210512 1.2199728 0.79095113 0.6487765 0.35467878 1.200383 0.93357277 1.0146911 1.6323057 1.095974 0.30103913 2.1127539 0.2585008 0.27849072 0.67686474 1.0770797 0.4444451 1.2678251 1.9760927 0.62266254 0.64827186 0.78700835 0.8224566 1.2249365 1.8310937 0.37789693 0.32012114 1.2023374 0.37849957 0.6405018 1.043718 1.8730251 1.3539165 0.114559434 0.22641182 1.5749011 0.9747801 0.61489314 1.118279 1.0450541 1.0612079 1.8949636 0.38476786 0.28079325 0.4817335 0.2992423 1.5583427 1.7642392 0.20227475 3.6099467 0.42859024 1.3026406 0.36669555 0.18600446 1.1395285 1.9271277 0.84434134 0.72379595 0.574961 2.7185366 1.0528419 0.94434685 1.1371017 0.9650777 0.54559433 0.82433605 0.9694088 0.65874255 1.1195389 0.26594198 0.41816846 0.31859434 0.9171867 1.2456586 0.6988581 0.33465296 0.50809824 1.5017624 1.2529398 1.1771067 0.561436 0.44936848 0.49414995 1.8774742 0.5356547 1.0141097 3.4794776 0.791679 1.5088565 0.9141103 0.4338277 0.5837893 0.8648663 0.3126935 0.9015366 0.17799631 3.417825 1.4471118 0.16682969 0.47079626 0.3875773 0.41376957 0.8651206 0.14767826 0.74163765 1.3743733 0.93788517 0.17747758 3.1204221 1.0770125 0.45367876 0.64521945 0.23099758 0.67943853 0.7204005 0.9591357 0.15533371 1.2814988 0.24948077 0.74844015 0.89463896 0.31638297 0.72759277 0.45814443 1.284271 0.3680781 0.18474631 2.0197515 0.2866188 0.45739093 0.25864038 0.77580017 1.6152883 1.1408663 0.35343468 1.2047614 0.42096156 0.31372058 0.89944905 0.73597133 0.61352444 1.1130807 1.8677284 0.93248165 0.26992205 1.0639627 0.5794822 0.8173529 0.14925438 0.4811557 0.92669934 0.56384534 0.5520162 1.7412078 0.36983258 0.6934418 0.7258933 1.5201455 0.34040168 0.8316242 0.87477845 0.26638535 0.41817772 0.8591463 0.14382353 1.0991911 1.8685493 0.70127887 0.32737073 0.5013054 0.13542676 0.5918946 0.27659297 0.7336158 0.5098364 0.9765191 1.0328305 0.45087355 0.18413883 0.25771037 0.5184899 1.2906349 1.2803564 0.6482638 0.7538797 0.68387794 1.0110123 0.6631568 1.7864231 1.0178149 1.1560674 0.6382611 0.10366612 0.9149304 0.26496878 0.4097348 0.34272653 1.0946928 0.20062096 0.81078464 0.70617133,0.0068662786 0.01105143 0.0021573768 0.0061978195 0.002660754 0.0051747663 0.008593574 0.007840348 0.005697968 0.008406925 0.016124045 0.0027899516 0.0069788974 0.0074876505 0.009532166 0.0051515563 0.007498372 0.0032921683 0.0018702573 0.0070307986 0.02580221 0.0033744122 0.009924209 0.0035927037 0.0033203212 0.0018517908 0.00850486 0.0034308485 0.0036879573 0.0012261511 0.00073043036 0.017658493 0.005015008 0.016046152 0.009490949 0.00868823 0.0023150055 0.004230906 0.0053794174 0.0063809394 0.0007759993 0.0041172025 0.004977214 0.01154052 0.006169909 0.000852775 0.0030257464 0.007825614 0.0027527409 0.0047733192 0.0018356852 0.007818512 0.0012772871 0.007281638 0.0119156325 0.0032080237 0.008654038 0.0014636391 0.02980856 0.025085792 0.0016962115 0.009354929 0.005517473 0.012490408 0.007049627 0.002339203 0.0063538947 0.010926616 0.0017288837 0.009400475 0.009697702 0.008825118 0.008278254 0.00596538 0.024161264 0.0077515556 0.009372434 0.0065337056 0.0074774036 0.0013298084 0.001385031 0.013362694 0.011904142 0.0063606007 0.004354258 0.012635984 0.002286351 0.0011540878 0.0019604187 0.0029955155 0.003795696 0.0053375894 0.0060136076 0.0043871035 0.009429824 0.008383125 0.0073700193 0.001148641 0.050469216 0.009217688 0.008200546 0.0028401022 0.00283982 0.0013396117 0.009921171 0.0073155197 0.0026109186 0.00706952 0.0038504635 0.0016821349 0.0038701007 0.00671452 0.0046600252 0.007370827 0.00586013 0.0048239515 0.009585136 0.0017837953 0.011575322 0.010120947 0.002757624 0.0077639786 0.011291208 0.0064020613 0.0021374433 0.0022829142 0.0065467106 0.004197825 0.02963252 0.009609775 0.0033344456 0.008207059 0.0061390605 0.0021548124 0.008949071 0.0019530897 0.005947704 0.0041752444 0.00744555 0.0022181813 0.001217751 0.0014663758 0.0084083285 0.0032479286 0.0039250455 0.0020028262 0.0038143725 0.006222447 0.014525483 0.0051186103 0.0015838117 0.007112925 0.006879977 0.004978658 0.012318935 0.0066683227 0.0013950634 0.009571947 0.016951485 0.0035241065 0.005937762 0.006434116 0.0054487963 0.005661037 0.01626905 0.002206065 0.003842882 0.010243795 0.0036595557 0.0052871215 0.006884534 0.0015803145 0.003931449 0.006939044 0.00558995 0.006770553 0.001564286 0.0017268906 0.0034125003 0.021199504 0.0068444083 0.0066528986 0.010520777 0.0012027409 0.0022764993 0.0046488177 0.006749221 0.002428032 0.015689334 0.0016553326 0.0046678055 0.005047897 0.004931173 0.009161496 0.0019420026 0.005252919 0.0077703414 0.006752726 0.0017247678 0.008483887 0.00291491 0.008993383 0.008467167 0.0023739343 0.0031879558 0.009532379 0.0028593906 0.009472995 0.0109280655 0.0034902478 0.0046291184 0.0056189243 0.0028688905 0.006013955 0.004006989 0.018407129 0.007541076 0.009283293 0.003242992 0.0070703137 0.009525238 0.0063391863 0.005636 0.010298387 0.008279626 0.0041619726 0.008994452 0.004963067 0.00922412 0.0036466676 0.013723354 0.014374755 0.0011963347 0.002091883 0.004387987 0.0016112562 0.010626508 0.0025189063 0.006430559 0.0027375 0.00096226425 0.006237636 0.002875447 0.0029328559 0.0017890813 0.0050008097 0.008255421 0.016929395 0.0064475057 0.009122255 0.0024724416 0.015448425 0.0014357995 0.04373681 0.014522259 0.008242041 0.0032963161 0.01099736 0.0021486233 0.006990005 0.0011700233 0.019611971 0.0013793147 0.005873022 0.0031983946 0.0074057686 0.002819628 0.0050635687 0.006995368 0.0018009751 0.021764575 0.002079158 0.008883034 0.008533832 0.007370101 0.011145735 0.0031362905 0.0039360216 0.0010519498 0.004750482 0.0041084886 0.0031188333 0.0069811987 0.009303487 0.0066549685 0.00798187 0.0038315896 0.0021095653 0.018952949 0.0046687336 0.0022007418 0.0019822652 0.0009816113 0.0014788138 0.0014463937 0.003065807 0.0014543736 0.028303895 0.008228343 0.0076576383 0.0061367466 0.01685105 0.0019274162 0.0070503494 0.002310718 0.0054556495 0.0026287562 0.0014551294 0.0030195492 0.0015457268 0.006659987 0.010401978 0.009606086 0.0062279617 0.005108476 0.0027927463 0.0094518345 0.007350967 0.007989693 0.012852801 0.008629716 0.0023703869 0.016635858 0.0020354395 0.0021928404 0.005329644 0.008480942 0.0034995677 0.009982875 0.015559785 0.0049028546 0.0051045027 0.006196916 0.0064760363 0.00964517 0.01441806 0.0029755663 0.002520639 0.009467224 0.0029803116 0.0050433213 0.008218252 0.014748229 0.01066076 0.0009020428 0.0017827703 0.012400796 0.0076754335 0.0048416783 0.008805347 0.008228772 0.008355968 0.014920973 0.0030296682 0.0022109705 0.0037931772 0.0023562384 0.012270415 0.013891648 0.0015927146 0.028424777 0.0033747263 0.010257012 0.0028873666 0.0014646021 0.008972665 0.015174234 0.006648357 0.0056991805 0.004527252 0.0214058 0.008290093 0.007435802 0.008953556 0.007599037 0.0042960183 0.006490835 0.0076331403 0.0051869494 0.008815267 0.0020940313 0.0032926651 0.0025086168 0.0072219423 0.009808335 0.0055028195 0.0026350627 0.0040007737 0.0118249 0.009865668 0.009268557 0.004420756 0.0035383345 0.0038909444 0.014783261 0.0042177537 0.007985116 0.027397461 0.006233693 0.01188076 0.007197719 0.0034159662 0.004596766 0.006809971 0.0024621536 0.0070987134 0.0014015457 0.026912007 0.011394582 0.0013136197 0.003707057 0.0030517897 0.003258028 0.006811973 0.001162821 0.0058396664 0.010821837 0.0073849224 0.0013974613 0.024570253 0.008480414 0.0035722738 0.005080468 0.0018188786 0.00534991 0.005672445 0.00755225 0.0012231001 0.010090542 0.0019644154 0.0058932295 0.007044401 0.0024912045 0.005729077 0.0036074363 0.01011237 0.0028982528 0.0014546954 0.015903555 0.002256841 0.0036015033 0.0020365384 0.0061086626 0.012718805 0.0089831995 0.0027829502 0.00948631 0.0033146578 0.002470241 0.007082276 0.00579505 0.004830901 0.008764415 0.014706522 0.0073423753 0.0021253705 0.008377659 0.004562852 0.0064358497 0.0011752313 0.0037886275 0.0072968453 0.004439727 0.0043465844 0.013710298 0.0029120676 0.0054601715 0.005715695 0.01196965 0.0026803282 0.006548222 0.0068880194 0.0020975224 0.003292738 0.0067649316 0.0011324688 0.008655048 0.014712987 0.005521881 0.0025777223 0.0039472864 0.0010663525 0.0046605878 0.0021778974 0.0057765027 0.0040144594 0.007689127 0.008132524 0.0035501854 0.0014499121 0.0020292155 0.004082598 0.010162479 0.010081546 0.0051044393 0.005936061 0.0053848657 0.0079607265 0.0052217073 0.014066324 0.008014291 0.009102893 0.005025678 0.0008162687 0.0072041764 0.0020863684 0.003226258 0.002698634 0.008619629 0.0015796926 0.006384131 0.005560404,
801,512,,,0.0077517014 0.0077517014 0.0077517014 0.0077517014 0.0077517014 0.0077517014 0.0077517014 0.0077517014 0.0077517014 0.0077517014 0.0077517014 0.0077517014 0.0077517014 0.0077517014 0.0077517014 0.0077517014 0.0077517014 0.0077517014 0.0077517014 0.0077517014 0.0077517014 0.0077517014 0.0077517014 0.0077517014 0.0077517014 0.0077517014 0.0077517014 0.0077517014 0.0077517014 0.0077517014 0.0077517014 0.0077517014 0.0077517014 0.0077517014 0.0077517014 0.0077517014 0.0077517014 0.0077517014 0.0077517014 0.0077517014 0.0077517014 0.0077517014 0.0077517014 0.0077517014 0.0077517014 0.0077517014 0.0077517014 0.0077517014 0.0077517014 0.0077517014 0.0077517014 0.0077517014 0.0077517014 0.0077517014 0.0077517014 0.0077517014 0.0077517014 0.0077517014 0.0077517014 0.0077517014 0.0077517014 0.0077517014 0.0077517014 0.0077517014 0.0077517014 0.0077517014 0.0077517014 0.0077517014 0.0077517014 0.0077517014 0.0077517014 0.0077517014 0.0077517014 0.0077517014 0.0077517014 0.0077517014 0.0077517014 0.0077517014 0.0077517014 0.0077517014 0.0077517014 0.0077517014 0.0077517014 0.0077517014 0.0077517014 0.0077517014 0.0077517014 0.0077517014 0.0077517014 0.0077517014 0.0077517014 0.0077517014 0.0077517014 0.0077517014 0.0077517014 0.0077517014 0.0077517014 0.0077517014 0.0077517014 0.0077517014 0.0077517014 0.0077517014 0.0077517014 0.0077517014 0.0077517014 0.0077517014 0.0077517014 0.0077517014 0.0077517014 0.0077517014 0.0077517014 0.0077517014 0.0077517014 0.0077517014 0.0077517014 0.0077517014 0.0077517014 0.0077517014 0.0077517014 0.0077517014 0.0077517014 0.0077517014 0.0077517014 0.0077517014 0.0077517014 0.0077517014 0.0077517014 0.0077517014 0.0077517014 0.0077517014 0.0077517014 0.0077517014 0.0077517014 0.0077517014 0.0077517014 0.0077517014 0.0077517014 0.0077517014 0.0077517014 0.0077517014 0.0077517014 0.0077517014 0.0077517014 0.0077517014 0.0077517014 0.0077517014 0.0077517014 0.0077517014 0.0077517014 0.0077517014 0.0077517014 0.0077517014 0.0077517014 0.0077517014 0.0077517014 0.0077517014 0.0077517014 0.0077517014 0.0077517014 0.0077517014 0.0077517014 0.0077517014 0.0077517014 0.0077517014 0.0077517014 0.0077517014 0.0077517014 0.0077517014 0.0077517014 0.0077517014 0.0077517014 0.0077517014 0.0077517014 0.0077517014 0.0077517014 0.0077517014 0.0077517014 0.0077517014 0.0077517014 0.0077517014 0.0077517014 0.0077517014 0.0077517014 0.0077517014 0.0077517014 0.0077517014 0.0077517014 0.0077517014 0.0077517014 0.0077517014 0.0077517014 0.0077517014 0.0077517014 0.0077517014 0.0077517014 0.0077517014 0.0077517014 0.0077517014 0.0077517014 0.0077517014 0.0077517014 0.0077517014 0.0077517014 0.0077517014 0.0077517014 0.0077517014 0.0077517014 0.0077517014 0.0077517014 0.0077517014 0.0077517014 0.0077517014 0.0077517014 0.0077517014 0.0077517014 0.0077517014 0.0077517014 0.0077517014 0.0077517014 0.0077517014 0.0077517014 0.0077517014 0.0077517014 0.0077517014 0.0077517014 0.0077517014 0.0077517014 0.0077517014 0.0077517014 0.0077517014 0.0077517014 0.0077517014 0.0077517014 0.0077517014 0.0077517014 0.0077517014 0.0077517014 0.0077517014 0.0077517014 0.0077517014 0.0077517014 0.0077517014 0.0077517014 0.0077517014 0.0077517014 0.0077517014 0.0077517014 0.0077517014 0.0077517014 0.0077517014 0.0077517014 0.0077517014 0.0077517014 0.0077517014 0.0077517014 0.0077517014 0.0077517014 0.0077517014 0.0077517014 0.0077517014 0.0077517014 0.0077517014 0.0077517014 0.0077517014 0.0077517014 0.0077517014 0.0077517014 0.0077517014 0.0077517014 0.0077517014 0.0077517014 0.0077517014 0.0077517014 0.0077517014 0.0077517014 0.0077517014 0.0077517014 0.0077517014 0.0077517014 0.0077517014 0.0077517014 0.0077517014 0.0077517014 0.0077517014 0.0077517014 0.0077517014 0.0077517014 0.0077517014 0.0077517014 0.0077517014 0.0077517014 0.0077517014 0.0077517014 0.0077517014 0.0077517014 0.0077517014 0.0077517014 0.0077517014 0.0077517014 0.0077517014 0.0077517014 0.0077517014 0.0077517014 0.0077517014 0.0077517014 0.0077517014 0.0077517014 0.0077517014 0.0077517014 0.0077517014 0.0077517014 0.0077517014 0.0077517014 0.0077517014 0.0077517014 0.0077517014 0.0077517014 0.0077517014 0.0077517014 0.0077517014 0.0077517014 0.0077517014 0.0077517014 0.0077517014 0.0077517014 0.0077517014 0.0077517014 0.0077517014 0.0077517014 0.0077517014 0.0077517014 0.0077517014 0.0077517014 0.0077517014 0.0077517014 0.0077517014 0.0077517014 0.0077517014 0.0077517014 0.0077517014 0.0077517014 0.0077517014 0.0077517014 0.0077517014 0.0077517014 0.0077517014 0.0077517014 0.0077517014 0.0077517014 0.0077517014 0.0077517014 0.0077517014 0.0077517014 0.0077517014 0.0077517014 0.0077517014 0.0077517014 0.0077517014 0.0077517014 0.0077517014 0.0077517014 0.0077517014 0.0077517014 0.0077517014 0.0077517014 0.0077517014 0.0077517014 0.0077517014 0.0077517014 0.0077517014 0.0077517014 0.0077517014 0.0077517014 0.0077517014 0.0077517014 0.0077517014 0.0077517014 0.0077517014 0.0077517014 0.0077517014 0.0077517014 0.0077517014 0.0077517014 0.0077517014 0.0077517014 0.0077517014 0.0077517014 0.0077517014 0.0077517014 0.0077517014 0.0077517014 0.0077517014 0.0077517014 0.0077517014 0.0077517014 0.0077517014 0.0077517014 0.0077517014 0.0077517014 0.0077517014 0.0077517014 0.0077517014 0.0077517014 0.0077517014 0.0077517014 0.0077517014 0.0077517014 0.0077517014 0.0077517014 0.0077517014 0.0077517014 0.0077517014 0.0077517014 0.0077517014 0.0077517014 0.0077517014 0.0077517014 0.0077517014 0.0077517014 0.0077517014 0.0077517014 0.0077517014 0.0077517014 0.0077517014 0.0077517014 0.0077517014 0.0077517014 0.0077517014 0.0077517014 0.0077517014 0.0077517014 0.0077517014 0.0077517014 0.0077517014 0.0077517014 0.0077517014 0.0077517014 0.0077517014 0.0077517014 0.0077517014 0.0077517014 0.0077517014 0.0077517014 0.0077517014 0.0077517014 0.0077517014 0.0077517014 0.0077517014 0.0077517014 0.0077517014 0.0077517014 0.0077517014 0.0077517014 0.0077517014 0.0077517014 0.0077517014 0.0077517014 0.0077517014 0.0077517014 0.0077517014 0.0077517014 0.0077517014 0.0077517014 0.0077517014 0.0077517014 0.0077517014 0.0077517014 0.0077517014 0.0077517014 0.0077517014 0.0077517014 0.0077517014 0.0077517014 0.0077517014 0.0077517014 0.0077517014 0.0077517014 0.0077517014 0.0077517014 0.0077517014 0.0077517014 0.0077517014 0.0077517014 0.0077517014 0.0077517014 0.0077517014 0.0077517014 0.0077517014 0.0077517014 0.0077517014 0.0077517014 0.0077517014 0.0077517014 0.0077517014 0.0077517014 0.0077517014 0.0077517014 0.0077517014 0.0077517014 0.0077517014 0.0077517014 0.0077517014 0.0077517014 0.0077517014 0.0077517014 0.0077517014 0.0077517014 0.0077517014 0.0077517014 0.0077517014 0.0077517014 0.0077517014,15 14 16 15 16 15 14 14 15 14 13 16 15 15 14 15 15 16 16 15 13 16 14 16 16 16 14 16 16 16 16 13 15 13 14 14 16 15 15 15 16 15 15 14 15 16 16 14 16 15 16 14 16 15 14 16 14 16 13 13 16 14 15 14 15 16 15 14 16 14 14 14 14 15 13 15 14 15 15 16 16 14 14 15 15 14 16 16 16 16 16 15 15 15 14 14 15 16 12 14 14 16 16 16 14 15 16 15 16 16 16 15 15 15 15 15 14 16 14 14 16 15 14 15 16 16 15 15 13 14 16 14 15 16 14 16 15 15 15 16 16 16 14 16 15 16 16 15 14 15 16 15 15 15 14 15 16 14 13 16 15 15 15 15 13 16 16 14 16 15 15 16 15 15 15 15 16 16 16 13 15 15 14 16 16 15 15 16 13 16 15 15 15 14 16 15 15 15 16 14 16 14 14 16 16 14 16 14 14 16 15 15 16 15 15 13 15 14 16 15 14 15 15 14 14 15 14 15 14 16 14 14 16 16 15 16 14 16 15 16 16 15 16 16 16 15 14 13 15 14 16 14 16 12 14 14 16 14 16 15 16 13 16 15 16 15 16 15 15 16 13 16 14 14 15 14 16 15 16 15 15 16 15 14 15 14 16 16 13 15 16 16 16 16 16 16 16 13 14 15 15 13 16 15 16 15 16 16 16 16 15 14 14 15 15 16 14 15 14 14 14 16 13 16 16 15 14 16 14 14 15 15 15 15 14 14 16 16 14 16 15 14 14 14 16 16 14 15 15 14 14 14 14 16 16 16 16 14 14 16 13 16 14 16 16 14 14 15 15 15 13 14 15 14 15 15 15 15 15 14 16 16 16 15 14 15 16 15 14 14 14 15 16 16 14 15 14 13 15 14 15 16 15 15 16 15 16 13 14 16 16 16 16 15 16 15 14 15 16 13 14 16 15 16 15 15 15 16 14 16 15 15 16 15 16 14 16 16 13 16 16 16 15 14 14 16 14 16 16 15 15 15 14 14 15 16 14 15 15 16 16 15 15 15 14 16 15 15 14 16 15 15 16 16 15 16 14 14 15 16 15 16 15 16 15 15 15 14 16 16 16 15 14 14 15 15 15 14 15 14 14 14 15 16 15 16 16 16 14 16 15 15
806,1x1x512x128,0.12728663 0.18608819 0.18511876 0.21109073 0.22999011 0.06672158 0.105701834 0.16640446 0.13778403 0.19318387 0.32231605 0.1574734 0.12385054 0.24553443 0.14900094 0.20515646 0.122296244 0.12831184 0.2181756 0.20459463 0.16441043 0.18569395 0.16127123 0.2621449 0.1728842 0.2510717 0.106972285 0.2213535 0.17590263 0.12910558 0.21334572 0.1209787 0.14298348 0.17836317 0.15485317 0.21250856 0.3613273 0.15965992 0.3560038 0.24957879 0.102153026 0.2170876 0.12665913 0.29034743 0.26876011 0.10588222 0.1850725 0.15373753 0.1215622 0.18861656 0.2768933 0.036538713 0.11842351 0.23212203 0.11499659 0.20269606 0.14800678 0.18003817 0.15207481 0.13864632 0.11360751 0.18546721 0.14181297 0.19420908 0.16254811 0.06552119 0.14047107 0.09832339 0.14243883 0.09884428 0.14636895 0.1472682 0.12698378 0.17856798 0.16058932 0.27199072 0.34418568 0.10251346 0.32956502 0.20145392 0.2477627 0.31528667 0.1895781 0.21846987 0.17605843 0.32290325 0.21973567 0.15740903 0.16637869 0.11477134 0.017207183 0.09189928 0.15698975 0.14693944 0.13587563 0.32385075 0.26226833 0.108853295 0.21201913 0.25590262 0.12515162 0.14169292 0.13006121 0.20268264 0.16382092 0.36377436 0.2862124 0.16356751 0.15830003 0.20224847 0.21763697 0.16053775 0.12626195 0.12904721 0.18169151 0.18786018 0.25666213 0.08245773 0.20384686 0.16337265 0.22733767 0.1576924 0.28017852 0.24964619 0.14805406 0.11807063 0.14200038 0.20427746,0.12727109 0.18606548 0.18509617 0.21106496 0.22996205 0.06671344 0.10568893 0.16638415 0.13776721 0.1931603 0.3222767 0.1574542 0.12383543 0.24550447 0.14898275 0.20513143 0.12228132 0.12829618 0.21814898 0.20456967 0.16439037 0.18567128 0.16125154 0.2621129 0.1728631 0.25104105 0.10695923 0.22132649 0.17588118 0.12908982 0.21331967 0.12096394 0.14296603 0.1783414 0.15483427 0.21248262 0.3612832 0.15964045 0.35596034 0.24954833 0.10214055 0.2170611 0.12664366 0.290312 0.26872733 0.10586929 0.18504992 0.15371877 0.12154736 0.18859354 0.2768595 0.036534254 0.11840905 0.2320937 0.11498256 0.20267132 0.14798872 0.1800162 0.15205625 0.1386294 0.113593645 0.18544458 0.14179565 0.19418539 0.16252826 0.06551319 0.14045392 0.098311394 0.14242145 0.09883222 0.14635108 0.14725024 0.12696828 0.17854618 0.16056973 0.27195752 0.34414366 0.10250095 0.32952482 0.20142934 0.24773246 0.3152482 0.18955497 0.2184432 0.17603694 0.32286382 0.21970886 0.15738982 0.1663584 0.11475733 0.017205082 0.09188806 0.1569706 0.1469215 0.13585904 0.32381123 0.26223633 0.10884001 0.21199325 0.2558714 0.12513635 0.14167562 0.13004534 0.20265791 0.16380094 0.36372998 0.2861775 0.16354756 0.1582807 0.20222378 0.2176104 0.16051815 0.12624654 0.12903146 0.18166934 0.18783726 0.2566308 0.08244767 0.20382199 0.16335271 0.22730993 0.15767317 0.2801443 0.24961573 0.148036 0.11805622 0.14198305 0.20425253,0.0010021345 0.0014650825 0.0014574502 0.0016619288 0.0018107248 0.00052530266 0.00083219627 0.0013101114 0.0010847811 0.0015209472 0.0025376119 0.0012397968 0.0009750821 0.0019331061 0.0011730925 0.0016152081 0.00096284505 0.0010102062 0.0017177084 0.0016107848 0.0012944124 0.0014619787 0.0012696972 0.002063881 0.0013611268 0.0019767012 0.0008421987 0.0017427283 0.0013848911 0.0010164552 0.0016796825 0.000952472 0.0011257168 0.001404263 0.0012191675 0.0016730914 0.0028447497 0.0012570114 0.0028028374 0.0019649474 0.0008042563 0.0017091426 0.0009971942 0.0022859212 0.0021159633 0.0008336165 0.001457086 0.001210384 0.00095706584 0.0014849885 0.002179996 0.00028767128 0.0009323548 0.0018275095 0.0009053745 0.0015958372 0.0011652656 0.0014174504 0.0011972933 0.0010915701 0.0008944381 0.0014601935 0.0011165012 0.0015290189 0.0012797501 0.0005158519 0.0011059364 0.0007741055 0.0011214288 0.00077820645 0.0011523707 0.0011594506 0.0009997502 0.0014058754 0.0012643286 0.0021413977 0.0027097927 0.0008070941 0.0025946836 0.0015860578 0.0019506493 0.0024822692 0.0014925589 0.0017200252 0.0013861177 0.0025422347 0.001729991 0.0012392899 0.0013099086 0.000903601 0.00013547309 0.00072352804 0.001235989 0.0011568622 0.0010697562 0.0025496949 0.002064853 0.000857008 0.0016692382 0.0020147352 0.0009853255 0.0011155561 0.001023979 0.0015957316 0.0012897712 0.0028640155 0.002253366 0.001287776 0.0012463047 0.0015923132 0.0017134678 0.0012639224 0.0009940673 0.0010159957 0.0014304672 0.0014790335 0.002020715 0.00064919423 0.0016048976 0.0012862418 0.0017898419 0.001241521 0.0022058606 0.0019654783 0.0011656379 0.0009295766 0.0011179767 0.0016082876,
807,128,,,0.006201664 0.006201664 0.006201664 0.006201664 0.006201664 0.006201664 0.006201664 0.006201664 0.006201664 0.006201664 0.006201664 0.006201664 0.006201664 0.006201664 0.006201664 0.006201664 0.006201664 0.006201664 0.006201664 0.006201664 0.006201664 0.006201664 0.006201664 0.006201664 0.006201664 0.006201664 0.006201664 0.006201664 0.006201664 0.006201664 0.006201664 0.006201664 0.006201664 0.006201664 0.006201664 0.006201664 0.006201664 0.006201664 0.006201664 0.006201664 0.006201664 0.006201664 0.006201664 0.006201664 0.006201664 0.006201664 0.006201664 0.006201664 0.006201664 0.006201664 0.006201664 0.006201664 0.006201664 0.006201664 0.006201664 0.006201664 0.006201664 0.006201664 0.006201664 0.006201664 0.006201664 0.006201664 0.006201664 0.006201664 0.006201664 0.006201664 0.006201664 0.006201664 0.006201664 0.006201664 0.006201664 0.006201664 0.006201664 0.006201664 0.006201664 0.006201664 0.006201664 0.006201664 0.006201664 0.006201664 0.006201664 0.006201664 0.006201664 0.006201664 0.006201664 0.006201664 0.006201664 0.006201664 0.006201664 0.006201664 0.006201664 0.006201664 0.006201664 0.006201664 0.006201664 0.006201664 0.006201664 0.006201664 0.006201664 0.006201664 0.006201664 0.006201664 0.006201664 0.006201664 0.006201664 0.006201664 0.006201664 0.006201664 0.006201664 0.006201664 0.006201664 0.006201664 0.006201664 0.006201664 0.006201664 0.006201664 0.006201664 0.006201664 0.006201664 0.006201664 0.006201664 0.006201664 0.006201664 0.006201664 0.006201664 0.006201664 0.006201664 0.006201664,12 12 12 12 12 13 13 12 12 12 11 12 12 12 12 12 13 12 12 12 12 12 12 11 12 11 13 12 12 12 12 13 12 12 12 12 11 12 11 11 13 12 12 11 11 13 12 12 13 12 11 14 13 12 13 12 12 12 12 12 13 12 12 12 12 13 12 13 12 13 12 12 12 12 12 11 11 13 11 12 11 11 12 12 12 11 12 12 12 13 15 13 12 12 12 11 11 13 12 11 12 12 12 12 12 11 11 12 12 12 12 12 12 12 12 12 11 13 12 12 12 12 11 11 12 13 12 12
812,3x3x1x128,0.13490419 0.04888887 0.17277983 0.054668285 0.93921137 1.4151946 0.13570312 0.17903507 0.15205811 0.13264239 0.33016613 0.152174 0.11337486 0.07843105 0.10836022 0.20647989 1.9245503 0.10601867 0.039891478 0.31911138 0.03497472 0.076618955 0.27170366 0.30055016 0.06322026 0.2706145 0.15615861 0.03913845 0.2529429 0.12524319 1.0439162 0.31091088 0.116713315 0.22456291 0.107861355 0.070093855 0.21050654 0.14096399 1.1915553 0.04546464 0.06587912 0.23436283 0.22162654 0.38151535 0.049619015 0.19487646 0.08797545 0.12354579 0.19162942 0.15019025 0.20003134 0.4055055 1.3265325 0.1469706 0.23324573 0.13679217 0.15078597 0.27113032 0.21309365 0.12695181 0.13741969 0.8973612 0.070181884 0.047584902 0.06996913 0.2296298 0.191232 0.16905393 0.16347826 0.6178415 0.1338289 0.30352306 0.06729713 0.9408136 0.18590914 0.2380702 0.45568466 0.17364544 0.32993576 0.072536744 0.13637814 1.4663187 0.11427553 0.06391274 0.031188989 0.4514989 0.033798847 0.15027232 0.35051304 0.30798268 1.5341862 0.20128028 0.07618326 0.12717259 0.16400011 0.24298838 0.21178328 0.18370497 0.19813812 0.043087926 0.12230729 0.16869009 0.12840572 0.06772574 0.051094525 0.12484937 0.12529251 0.18210167 0.14177072 0.06218182 0.04642599 0.16246015 0.1276683 0.09670112 0.2523459 0.19858196 0.21517442 0.41045153 0.044503897 0.14729095 0.31087786 0.2128282 0.38264564 0.06054273 0.13022187 0.13186836 0.124987565 0.0764689,0.13488773 0.048882905 0.17275874 0.054661613 0.93909675 1.4150219 0.13568655 0.17901321 0.15203954 0.13262619 0.33012584 0.15215541 0.11336102 0.07842148 0.108347 0.2064547 1.9243153 0.106005736 0.03988661 0.31907243 0.03497045 0.076609604 0.27167052 0.30051348 0.06321255 0.27058148 0.15613955 0.039133675 0.252912 0.12522791 1.0437889 0.31087294 0.11669907 0.22453551 0.10784819 0.0700853 0.21048085 0.14094678 1.1914098 0.045459088 0.06587108 0.23433422 0.22159949 0.38146877 0.04961296 0.19485268 0.08796471 0.123530716 0.19160603 0.15017192 0.20000692 0.40545604 1.3263706 0.14695267 0.23321725 0.13677546 0.15076756 0.2710972 0.21306765 0.12693633 0.1374029 0.89725167 0.07017332 0.047579095 0.069960594 0.22960179 0.19120866 0.1690333 0.1634583 0.6177661 0.13381256 0.30348602 0.06728891 0.94069874 0.18588646 0.23804115 0.45562905 0.17362425 0.3298955 0.07252789 0.1363615 1.4661398 0.11426158 0.06390494 0.031185184 0.4514438 0.03379472 0.150254 0.35047024 0.3079451 1.5339991 0.20125571 0.07617396 0.12715708 0.1639801 0.24295872 0.21175744 0.18368256 0.19811393 0.04308267 0.12229236 0.1686695 0.12839006 0.06771747 0.05108829 0.124834135 0.12527722 0.18207943 0.14175342 0.06217423 0.046420325 0.16244033 0.12765273 0.09668932 0.25231507 0.19855772 0.21514815 0.41040143 0.044498466 0.14727296 0.31083992 0.21280223 0.38259894 0.060535338 0.13020599 0.13185227 0.124972306 0.07645957,0.0010621081 0.00038490476 0.0013603051 0.0004304064 0.0073944624 0.011141905 0.001068398 0.0014095528 0.0011971617 0.0010443007 0.002599416 0.0011980741 0.0008926065 0.00061749195 0.000853126 0.0016256275 0.015152089 0.0008346908 0.0003140678 0.0025123814 0.0002753579 0.00060322526 0.002139138 0.0023662478 0.0004977366 0.002130563 0.0012294453 0.00030813916 0.001991433 0.0009860465 0.00821881 0.0024478184 0.0009188903 0.0017679961 0.0008491983 0.00055185275 0.0016573296 0.0011098172 0.00938118 0.00035794557 0.00051866996 0.0018451513 0.0017448779 0.003003691 0.00039065324 0.001534273 0.00069263554 0.0009726828 0.0015087089 0.001182456 0.0015748576 0.0031925673 0.0104438625 0.0011571076 0.0018363564 0.0010769721 0.0011871462 0.0021346237 0.001677698 0.0009994986 0.0010819127 0.007064974 0.0005525458 0.00037463853 0.00055087084 0.001807888 0.00150558 0.0013309709 0.0012870732 0.0048642997 0.0010536422 0.0023896536 0.00052983395 0.0074070767 0.0014636728 0.0018743398 0.0035876303 0.0013671201 0.0025976023 0.0005710858 0.0010737126 0.011544408 0.0008996975 0.0005031885 0.00024555263 0.0035546755 0.00026610016 0.0011831024 0.0027596082 0.0024247647 0.012078733 0.0015846906 0.00059979496 0.0010012368 0.0012911819 0.0019130608 0.0016673814 0.0014463194 0.0015599523 0.0003392336 0.000962932 0.0013281064 0.0010109453 0.0005332084 0.00040227 0.0009829459 0.0009864349 0.0014336964 0.0011161687 0.0004895609 0.00036551437 0.0012790577 0.0010051397 0.0007613332 0.001986733 0.0015634466 0.00169408 0.0032315073 0.00035038163 0.0011596296 0.0024475583 0.0016756081 0.00301259 0.0004766562 0.001025244 0.0010382069 0.0009840339 0.0006020439,
813,128,,,0.008268346 0.008268346 0.008268346 0.008268346 0.008268346 0.008268346 0.008268346 0.008268346 0.008268346 0.008268346 0.008268346 0.008268346 0.008268346 0.008268346 0.008268346 0.008268346 0.008268346 0.008268346 0.008268346 0.008268346 0.008268346 0.008268346 0.008268346 0.008268346 0.008268346 0.008268346 0.008268346 0.008268346 0.008268346 0.008268346 0.008268346 0.008268346 0.008268346 0.008268346 0.008268346 0.008268346 0.008268346 0.008268346 0.008268346 0.008268346 0.008268346 0.008268346 0.008268346 0.008268346 0.008268346 0.008268346 0.008268346 0.008268346 0.008268346 0.008268346 0.008268346 0.008268346 0.008268346 0.008268346 0.008268346 0.008268346 0.008268346 0.008268346 0.008268346 0.008268346 0.008268346 0.008268346 0.008268346 0.008268346 0.008268346 0.008268346 0.008268346 0.008268346 0.008268346 0.008268346 0.008268346 0.008268346 0.008268346 0.008268346 0.008268346 0.008268346 0.008268346 0.008268346 0.008268346 0.008268346 0.008268346 0.008268346 0.008268346 0.008268346 0.008268346 0.008268346 0.008268346 0.008268346 0.008268346 0.008268346 0.008268346 0.008268346 0.008268346 0.008268346 0.008268346 0.008268346 0.008268346 0.008268346 0.008268346 0.008268346 0.008268346 0.008268346 0.008268346 0.008268346 0.008268346 0.008268346 0.008268346 0.008268346 0.008268346 0.008268346 0.008268346 0.008268346 0.008268346 0.008268346 0.008268346 0.008268346 0.008268346 0.008268346 0.008268346 0.008268346 0.008268346 0.008268346 0.008268346 0.008268346 0.008268346 0.008268346 0.008268346 0.008268346,16 16 16 16 15 14 16 16 16 16 16 16 16 16 16 16 14 16 16 16 16 16 16 16 16 16 16 16 16 16 14 16 16 16 16 16 16 16 14 16 16 16 16 16 16 16 16 16 16 16 16 16 14 16 16 16 16 16 16 16 16 15 16 16 16 16 16 16 16 15 16 16 16 15 16 16 16 16 16 16 16 14 16 16 16 16 16 16 16 16 14 16 16 16 16 16 16 16 16 16 16 16 16 16 16 16 16 16 16 16 16 16 16 16 16 16 16 16 16 16 16 16 16 16 16 16 16 16
818,1x1x128x128,0.12581424 0.1454419 0.13741525 0.20704861 0.11295224 0.17427838 0.1918766 0.21731606 0.11554388 0.12175371 0.84397894 0.17964877 0.15183738 0.3027468 0.1380963 0.1250072 0.13683137 0.10196871 0.10147572 0.21353206 0.1110026 0.14960966 0.19066578 0.10623517 0.16297053 0.120432526 0.26623636 0.19036974 0.12148428 0.17864792 0.106091626 0.23023775 0.15629685 0.100987084 0.22989632 0.1039239 0.123576984 0.13952538 0.11835762 0.11110332 0.25061658 0.1441238 0.13730724 0.15684344 0.22484651 0.12868668 0.24523488 0.12961821 0.34184894 0.13688572 0.19343098 0.14061113 0.4895095 0.13393918 0.22902487 0.18365604 0.15202649 0.12007462 0.113335826 0.41940406 0.309188 0.12806825 0.24062693 0.15098651 0.19953482 0.096728414 0.13708629 0.31049708 0.15698938 0.17887378 0.19368494 0.14927775 0.13924475 0.1552207 0.32135734 0.23832342 0.24853723 0.13277283 0.14089517 0.11893882 0.12255997 0.1636941 0.28183317 0.19193324 0.10336679 0.14056288 0.1309132 0.101443924 0.18858016 0.18688987 0.2813698 0.115979835 0.14454427 0.07786764 0.115343735 0.16297644 0.17262574 0.10363522 0.20141037 0.13483861 0.15688205 0.13544485 0.10495481 0.21510541 0.13490245 0.46766642 0.118248194 0.16725823 0.14448509 0.11343985 0.17559896 0.13359307 0.49032807 0.10861098 0.113193266 0.19136663 0.13904807 0.8577377 0.12640534 0.093380205 0.38067088 0.20831838 0.13093825 0.16273288 0.11684404 0.11150131 1.1465362 0.11259341,0.12579888 0.14542416 0.13739847 0.20702335 0.112938456 0.1742571 0.19185318 0.21728954 0.11552978 0.12173884 0.84387594 0.17962684 0.15181886 0.30270988 0.13807945 0.124991946 0.13681468 0.10195627 0.10146334 0.213506 0.11098906 0.14959139 0.19064252 0.106222205 0.16295065 0.12041783 0.26620388 0.19034651 0.12146945 0.17862612 0.10607868 0.23020966 0.15627778 0.10097476 0.22986826 0.10391121 0.123561904 0.13950837 0.11834318 0.11108976 0.25058597 0.1441062 0.1372905 0.1568243 0.22481906 0.12867098 0.24520494 0.1296024 0.34180722 0.13686901 0.19340737 0.14059398 0.48944977 0.13392283 0.22899693 0.18363363 0.15200794 0.12005997 0.11332199 0.41935286 0.30915028 0.12805262 0.24059758 0.15096809 0.19951047 0.096716605 0.13706957 0.31045917 0.15697023 0.17885195 0.19366129 0.14925954 0.13922775 0.15520175 0.32131812 0.23829433 0.2485069 0.13275662 0.14087798 0.118924305 0.12254502 0.16367413 0.28179878 0.19190982 0.10335418 0.14054573 0.13089722 0.10143155 0.18855713 0.18686707 0.28133547 0.11596569 0.14452663 0.077858135 0.11532965 0.16295655 0.17260467 0.10362258 0.2013858 0.13482215 0.1568629 0.13542831 0.104942 0.21507917 0.13488598 0.46760935 0.11823376 0.16723782 0.14446744 0.11342601 0.17557754 0.13357677 0.49026823 0.108597726 0.11317945 0.19134326 0.1390311 0.85763305 0.1263899 0.09336881 0.3806244 0.20829296 0.13092226 0.16271302 0.11682978 0.111487694 1.1463963 0.112579666,0.0009905424 0.001145072 0.0010818777 0.0016301052 0.0008892792 0.0013721031 0.0015106549 0.0017109412 0.00090968335 0.0009585736 0.0066446923 0.0014143846 0.0011954241 0.0023835422 0.0010872397 0.0009841885 0.001077281 0.0008028053 0.00079892395 0.0016811496 0.0008739296 0.001177885 0.0015011223 0.0008363953 0.001283076 0.0009481719 0.0020960935 0.0014987914 0.0009564524 0.0014065049 0.00083526515 0.0018126746 0.0012305337 0.00079507683 0.0018099863 0.00081819855 0.00097292836 0.001098491 0.0009318361 0.0008747225 0.001973118 0.0011346944 0.0010810276 0.0012348371 0.0017702288 0.0010131573 0.0019307475 0.0010204914 0.0026913953 0.0010777088 0.0015228927 0.0011070392 0.0038539353 0.0010545105 0.0018031255 0.0014459341 0.0011969128 0.00094535406 0.0008922991 0.003301991 0.0024342542 0.0010082884 0.0018944691 0.0011887251 0.0015709486 0.00076154806 0.001079288 0.0024445604 0.0012359861 0.001408283 0.001524892 0.0011752719 0.0010962815 0.001222061 0.002530064 0.0018763334 0.0019567474 0.0010453278 0.0011092754 0.00093641185 0.00096492143 0.0012887727 0.0022188881 0.0015111009 0.0008138124 0.0011066593 0.0010306868 0.0007986736 0.0014847019 0.0014713943 0.00221524 0.0009131156 0.0011380049 0.0006130562 0.0009081075 0.0012831225 0.0013590918 0.0008159258 0.001585715 0.0010615917 0.001235141 0.0010663647 0.00082631496 0.0016935368 0.0010620944 0.0036819633 0.0009309745 0.0013168332 0.0011375389 0.00089311815 0.0013825003 0.0010517855 0.0038603798 0.0008551002 0.0008911768 0.0015066399 0.001094733 0.0067530163 0.000995196 0.0007351875 0.0029970426 0.001640102 0.0010308839 0.0012812049 0.0009199196 0.00087785587 0.009026743 0.0008864541,
819,128,,,0.010334762 0.010334762 0.010334762 0.010334762 0.010334762 0.010334762 0.010334762 0.010334762 0.010334762 0.010334762 0.010334762 0.010334762 0.010334762 0.010334762 0.010334762 0.010334762 0.010334762 0.010334762 0.010334762 0.010334762 0.010334762 0.010334762 0.010334762 0.010334762 0.010334762 0.010334762 0.010334762 0.010334762 0.010334762 0.010334762 0.010334762 0.010334762 0.010334762 0.010334762 0.010334762 0.010334762 0.010334762 0.010334762 0.010334762 0.010334762 0.010334762 0.010334762 0.010334762 0.010334762 0.010334762 0.010334762 0.010334762 0.010334762 0.010334762 0.010334762 0.010334762 0.010334762 0.010334762 0.010334762 0.010334762 0.010334762 0.010334762 0.010334762 0.010334762 0.010334762 0.010334762 0.010334762 0.010334762 0.010334762 0.010334762 0.010334762 0.010334762 0.010334762 0.010334762 0.010334762 0.010334762 0.010334762 0.010334762 0.010334762 0.010334762 0.010334762 0.010334762 0.010334762 0.010334762 0.010334762 0.010334762 0.010334762 0.010334762 0.010334762 0.010334762 0.010334762 0.010334762 0.010334762 0.010334762 0.010334762 0.010334762 0.010334762 0.010334762 0.010334762 0.010334762 0.010334762 0.010334762 0.010334762 0.010334762 0.010334762 0.010334762 0.010334762 0.010334762 0.010334762 0.010334762 0.010334762 0.010334762 0.010334762 0.010334762 0.010334762 0.010334762 0.010334762 0.010334762 0.010334762 0.010334762 0.010334762 0.010334762 0.010334762 0.010334762 0.010334762 0.010334762 0.010334762 0.010334762 0.010334762 0.010334762 0.010334762 0.010334762 0.010334762,13 13 13 13 14 13 13 13 14 14 11 13 13 12 13 13 13 14 14 13 14 13 13 14 13 14 12 13 14 13 14 13 13 14 13 14 14 13 14 14 12 13 13 13 13 13 13 13 12 13 13 13 12 13 13 13 13 14 14 12 12 13 13 13 13 14 13 12 13 13 13 13 13 13 12 13 12 13 13 14 14 13 12 13 14 13 13 14 13 13 12 14 13 14 14 13 13 14 13 13 13 13 14 13 13 12 14 13 13 14 13 13 12 14 14 13 13 11 13 14 12 13 13 13 14 14 10 14
824,1x1x128x13,0.18613586 0.16432069 0.16906753 0.1646237 0.11311566 0.1327089 0.14260653 0.19340758 0.15452407 0.1667446 0.2061331 0.17320836 0.15765496,0.18611313 0.16430064 0.16904691 0.16460359 0.113101855 0.13269271 0.14258912 0.19338398 0.15450522 0.16672426 0.20610794 0.17318723 0.15763572,0.0014654577 0.0012937058 0.001331078 0.0012960912 0.0008905658 0.0010448245 0.001122749 0.0015227085 0.0012165766 0.0013127895 0.0016228972 0.001363679 0.0012412261,
825,13,,,0.0044300067 0.0044300067 0.0044300067 0.0044300067 0.0044300067 0.0044300067 0.0044300067 0.0044300067 0.0044300067 0.0044300067 0.0044300067 0.0044300067 0.0044300067,15 15 15 15 16 15 15 15 15 15 15 15 15
832,3x3x512x32,0.05017146 0.064323105 0.07023574 0.048557483 0.064222485 0.12727454 0.036225453 0.036354057 0.03421507 0.08665805 0.08989195 0.06395512 0.06905324 0.082014956 0.07606838 0.13563722 0.055396948 0.06302461 0.045247123 0.07097951 0.1545303 0.08712779 0.0349762 0.08615215 0.044398744 0.030580215 0.040292557 0.03600131 0.10432496 0.034090146 0.07605058 0.05899389,0.042327963 0.04019998 0.050478186 0.047034506 0.03813063 0.127259 0.036221035 0.034078047 0.032072973 0.059573445 0.07303035 0.051958658 0.06257265 0.08200494 0.07368254 0.09324438 0.038082864 0.04923365 0.036759835 0.0465776 0.12071619 0.08711716 0.022951797 0.059225664 0.043006204 0.029621085 0.039028805 0.035996914 0.101052865 0.03195587 0.0736653 0.058986694,0.00033329104 0.00031653527 0.00039746604 0.00037035043 0.00030024117 0.0010020394 0.000285205 0.0002683311 0.0002525431 0.00046908224 0.00057504216 0.00040912328 0.00049269805 0.0006457082 0.00058017747 0.00073420774 0.00029986506 0.0003876665 0.00028944752 0.00036675273 0.0009505212 0.00068596186 0.00018072281 0.0004663438 0.00033863154 0.00023323689 0.00030731343 0.00028344025 0.00079569186 0.00025162104 0.0005800417 0.00046446215,
833,32,,,0.0040013506 0.0040013506 0.0040013506 0.0040013506 0.0040013506 0.0040013506 0.0040013506 0.0040013506 0.0040013506 0.0040013506 0.0040013506 0.0040013506 0.0040013506 0.0040013506 0.0040013506 0.0040013506 0.0040013506 0.0040013506 0.0040013506 0.0040013506 0.0040013506 0.0040013506 0.0040013506 0.0040013506 0.0040013506 0.0040013506 0.0040013506 0.0040013506 0.0040013506 0.0040013506 0.0040013506 0.0040013506,15 15 15 15 15 13 15 15 15 15 14 15 14 14 14 14 15 15 15 15 14 14 16 15 15 16 15 15 14 15 14 15
838,3x3x32x32,0.055480666 0.27268773 0.10284522 0.4714708 0.06654928 0.5085408 0.08516064 0.2111587 0.11116271 0.08758365 0.041851927 0.113284595 0.65133697 0.25763425 0.088971004 0.21970513 0.18563746 0.091321394 0.18314168 0.07044548 0.36662138 0.1703453 0.1319592 0.1487319 0.18638496 0.07048505 0.16346489 0.20076 0.0782278 0.07934546 0.43366256 0.08895963,0.055473898 0.27265447 0.102832675 0.47141328 0.06654116 0.50847876 0.08515025 0.21113291 0.11114914 0.08757297 0.04184682 0.113270774 0.6512575 0.2576028 0.08896014 0.21967831 0.1856148 0.09131025 0.18311933 0.07043688 0.3665766 0.17032452 0.1319431 0.14871375 0.1863622 0.07047645 0.16344494 0.20073551 0.07821825 0.07933578 0.43360963 0.08894877,0.00043680234 0.0021468857 0.0008097061 0.0037119156 0.00052394613 0.0040037697 0.00067047443 0.0016624639 0.0008751901 0.00068955094 0.0003295025 0.00089189585 0.005128012 0.0020283686 0.00070047355 0.0017297505 0.0014615338 0.00071897835 0.0014418844 0.0005546211 0.0028864301 0.0013411379 0.0010389221 0.0011709745 0.001467419 0.0005549327 0.001286968 0.0015805946 0.00061589177 0.0006246912 0.003414249 0.00070038403,
839,32,,,0.00400135 0.00400135 0.00400135 0.00400135 0.00400135 0.00400135 0.00400135 0.00400135 0.00400135 0.00400135 0.00400135 0.00400135 0.00400135 0.00400135 0.00400135 0.00400135 0.00400135 0.00400135 0.00400135 0.00400135 0.00400135 0.00400135 0.00400135 0.00400135 0.00400135 0.00400135 0.00400135 0.00400135 0.00400135 0.00400135 0.00400135 0.00400135,15 12 14 12 14 11 14 13 14 14 15 14 11 12 14 13 13 14 13 14 12 13 13 13 13 14 13 13 14 14 12 14
844,1x1x32x4,0.44856498 0.47546235 0.5346365 0.36807987,0.44851023 0.47540432 0.5345713 0.36803493,0.0035315766 0.0037433412 0.0042092227 0.0028979129,
845,4,,,0.003876324 0.003876324 0.003876324 0.003876324,16 16 15 16
