raw_id,size,max,sat,scale,exp
12,3x3x3x32,0.3176455 0.08144065 0.14329018 0.23982078 1.1951376 0.14075543 0.40130565 0.16075872 0.24479666 0.20814915 0.18840368 0.10931937 0.12128647 1.008798 0.11557355 0.12822114 0.10496075 0.37192667 0.36468193 0.10744292 0.12755492 0.16321823 1.0811075 0.20719759 0.51528573 0.16010194 0.22148576 0.44922155 0.14967158 0.5444188 0.10270343 0.30382726,0.31760672 0.08143071 0.1432727 0.23979151 1.1949918 0.14073825 0.40125665 0.16073911 0.24476679 0.20812376 0.18838069 0.10930603 0.12127167 1.0086749 0.115559444 0.1282055 0.10494793 0.37188128 0.3646374 0.10742981 0.12753937 0.1631983 1.0809755 0.2071723 0.51522285 0.1600824 0.22145873 0.44916674 0.14965332 0.5443524 0.10269089 0.30379018,0.0025008402 0.0006411867 0.0011281315 0.0018881222 0.009409385 0.0011081751 0.0031595011 0.0012656623 0.0019272976 0.0016387698 0.0014833125 0.0008606774 0.00095489505 0.007942322 0.0009099169 0.0010094921 0.00082636165 0.002928199 0.0028711606 0.000845904 0.001004247 0.0012850261 0.008511619 0.001631278 0.004056873 0.0012604913 0.0017437695 0.0035367461 0.0011783725 0.0042862394 0.0008085897 0.0023920487,
13,32,,,0.0065280003 0.0065280003 0.0065280003 0.0065280003 0.0065280003 0.0065280003 0.0065280003 0.0065280003 0.0065280003 0.0065280003 0.0065280003 0.0065280003 0.0065280003 0.0065280003 0.0065280003 0.0065280003 0.0065280003 0.0065280003 0.0065280003 0.0065280003 0.0065280003 0.0065280003 0.0065280003 0.0065280003 0.0065280003 0.0065280003 0.0065280003 0.0065280003 0.0065280003 0.0065280003 0.0065280003 0.0065280003,13 15 14 14 11 14 13 14 14 14 14 15 15 11 15 14 15 13 13 15 14 14 11 14 12 14 14 13 14 12 15 13
18,3x3x32x64,0.34369346 1.3542767 0.44738105 0.4709924 0.24413268 0.46387208 1.262278 0.45198247 0.46553373 0.24255402 0.5057898 0.49366271 0.59084857 0.25512815 0.45515093 0.5804215 0.6799333 0.21261676 0.631015 0.2286584 0.16997668 0.3515463 0.59100276 0.64929014 0.21138334 0.21445014 0.5203758 0.5089265 0.47618446 0.19379872 0.7279068 0.7862256 0.46250436 0.2144623 0.70110375 0.78571033 0.4472789 0.5480264 0.31527948 0.36220232 0.3633502 0.59472305 0.47563404 0.7849202 0.3199334 0.48263523 0.490095 0.65616995 0.85244393 0.4633569 0.41192088 0.66448385 0.91816705 0.5519585 0.54310095 0.61480033 1.0352448 0.43177912 0.9029088 0.47358814 0.604071 0.7164566 0.356522 0.53904384,0.3436515 1.3541113 0.44732645 0.47093493 0.24410288 0.46381548 1.2621238 0.4519273 0.4654769 0.24252443 0.5057281 0.49360248 0.59077644 0.25509703 0.45509538 0.58035064 0.67985034 0.2125908 0.630938 0.2286305 0.16995594 0.3515034 0.59093064 0.6492109 0.21135755 0.21442395 0.52031225 0.5088644 0.47612634 0.19377507 0.72781795 0.78612965 0.4624479 0.21443611 0.7010182 0.7856145 0.44722432 0.5479595 0.315241 0.36215812 0.36330587 0.5946505 0.475576 0.78482443 0.31989437 0.4825763 0.49003518 0.6560899 0.85233986 0.46330035 0.4118706 0.6644028 0.918055 0.55189115 0.5430347 0.6147253 1.0351185 0.43172643 0.90279865 0.47353032 0.6039973 0.71636915 0.35647848 0.5389781,0.0027059175 0.010662294 0.0035222555 0.003708149 0.0019220699 0.0036520904 0.009937983 0.0035584827 0.0036651725 0.0019096412 0.0039821113 0.0038866338 0.004651783 0.002008638 0.0035834282 0.00456969 0.0053531523 0.0016739432 0.0049680155 0.0018002401 0.0013382357 0.0027677433 0.004652997 0.0051118964 0.0016642327 0.0016883776 0.0040969467 0.0040068063 0.0037490262 0.001525788 0.00573085 0.0061899973 0.003641322 0.0016884734 0.0055198283 0.006185941 0.0035214513 0.004314642 0.0024822126 0.0028516387 0.002860676 0.0046822876 0.003744693 0.0061797197 0.0025188534 0.0037998136 0.0038585446 0.005166062 0.0067113377 0.0036480343 0.0032430757 0.005231518 0.0072287796 0.0043455996 0.0042758635 0.0048403568 0.008150539 0.0033994208 0.0071086506 0.0037285853 0.004755884 0.005640702 0.0028069173 0.004243922,
19,64,,,0.009540019 0.009540019 0.009540019 0.009540019 0.009540019 0.009540019 0.009540019 0.009540019 0.009540019 0.009540019 0.009540019 0.009540019 0.009540019 0.009540019 0.009540019 0.009540019 0.009540019 0.009540019 0.009540019 0.009540019 0.009540019 0.009540019 0.009540019 0.009540019 0.009540019 0.009540019 0.009540019 0.009540019 0.009540019 0.009540019 0.009540019 0.009540019 0.009540019 0.009540019 0.009540019 0.009540019 0.009540019 0.009540019 0.009540019 0.009540019 0.009540019 0.009540019 0.009540019 0.009540019 0.009540019 0.009540019 0.009540019 0.009540019 0.009540019 0.009540019 0.009540019 0.009540019 0.009540019 0.009540019 0.009540019 0.009540019 0.009540019 0.009540019 0.009540019 0.009540019 0.009540019 0.009540019 0.009540019 0.009540019,13 11 13 13 14 13 11 13 13 14 12 13 12 13 13 12 12 14 12 14 14 13 12 12 14 14 12 12 13 14 12 12 13 14 12 12 13 12 13 13 13 12 13 12 13 13 13 12 12 13 13 12 12 12 12 12 11 13 12 13 12 12 13 12
24,1x1x64x64,0.30664012 0.26559335 0.33207437 0.4756328 0.58667904 1.0974762 0.32829773 0.2548893 0.22924542 0.62193525 0.5396916 0.41476998 0.37274876 0.9171932 0.83795685 0.47658318 0.75740135 0.5804613 0.6089098 0.35094061 0.25943354 0.20705466 0.3050016 0.53058213 0.636249 0.7235408 0.67030853 0.53415096 0.24465398 0.29104346 0.58120036 0.30477878 0.5235781 1.5821614 0.28567365 0.35400182 0.33087608 1.4161284 0.24786294 0.40097338 0.46651295 0.16847664 0.11104505 0.18374848 0.35195482 0.7332521 1.133468 0.18699574 0.17496435 0.27760306 0.14594637 0.34810308 0.2416752 0.15794563 0.25602096 0.12063909 1.024043 0.2998499 0.23695366 0.39636645 0.97125345 0.31086138 0.45916423 0.23408242,0.30660272 0.26556095 0.33203384 0.47557476 0.58660746 1.0973424 0.32825765 0.2548582 0.22921745 0.6218593 0.53962576 0.41471934 0.37270325 0.91708124 0.8378546 0.47652504 0.7573089 0.58039045 0.6088355 0.3508978 0.25940186 0.20702939 0.30496436 0.53051734 0.6361714 0.72345245 0.6702267 0.5340858 0.24462414 0.29100794 0.58112943 0.3047416 0.5235142 1.5819684 0.28563878 0.35395864 0.3308357 1.4159555 0.24783269 0.40092444 0.466456 0.16845608 0.111031495 0.18372606 0.35191184 0.7331626 1.1333296 0.18697292 0.174943 0.27756917 0.14592855 0.34806058 0.2416457 0.15792637 0.2559897 0.12062437 1.0239179 0.2998133 0.23692475 0.39631808 0.97113496 0.31082344 0.45910817 0.23405385,0.0024141946 0.002091031 0.0026144397 0.0037446832 0.0046189562 0.008640491 0.0025847058 0.0020067575 0.0018048618 0.00489653 0.004249022 0.0032655066 0.0029346712 0.007221112 0.0065972805 0.0037521657 0.0059630624 0.0045700036 0.0047939806 0.0027629747 0.0020425343 0.0016301527 0.0024012942 0.0041773017 0.0050092237 0.005696476 0.0052773757 0.0042054 0.0019261743 0.0022914011 0.0045758225 0.00239954 0.004122159 0.012456444 0.0022491242 0.002787076 0.0026050054 0.0111492565 0.0019514385 0.0031568853 0.0036728818 0.0013264258 0.00087426376 0.0014466619 0.0027709594 0.005772934 0.008923856 0.0014722277 0.001377504 0.002185584 0.0011490437 0.0027406344 0.001902722 0.0012435147 0.002015667 0.0009497982 0.008062346 0.0023607346 0.0018655492 0.0031206147 0.007646732 0.0024474286 0.003615025 0.0018429437,
25,64,,,0.0088587785 0.0088587785 0.0088587785 0.0088587785 0.0088587785 0.0088587785 0.0088587785 0.0088587785 0.0088587785 0.0088587785 0.0088587785 0.0088587785 0.0088587785 0.0088587785 0.0088587785 0.0088587785 0.0088587785 0.0088587785 0.0088587785 0.0088587785 0.0088587785 0.0088587785 0.0088587785 0.0088587785 0.0088587785 0.0088587785 0.0088587785 0.0088587785 0.0088587785 0.0088587785 0.0088587785 0.0088587785 0.0088587785 0.0088587785 0.0088587785 0.0088587785 0.0088587785 0.0088587785 0.0088587785 0.0088587785 0.0088587785 0.0088587785 0.0088587785 0.0088587785 0.0088587785 0.0088587785 0.0088587785 0.0088587785 0.0088587785 0.0088587785 0.0088587785 0.0088587785 0.0088587785 0.0088587785 0.0088587785 0.0088587785 0.0088587785 0.0088587785 0.0088587785 0.0088587785 0.0088587785 0.0088587785 0.0088587785 0.0088587785,13 13 13 13 12 11 13 13 14 12 12 13 13 12 12 13 12 12 12 13 13 14 13 12 12 12 12 12 14 13 12 13 12 11 13 13 13 11 13 13 13 14 15 14 13 12 11 14 14 13 14 13 14 14 13 15 11 13 14 13 12 13 13 14
34,3x3x32x16,0.53478885 0.69026333 0.21713245 0.41829598 0.29389644 0.3059587 0.11704172 0.52435356 0.48069283 0.69790524 0.20423469 0.4851791 0.7940699 0.56328803 0.48445162 0.6394864,0.5347236 0.69017905 0.21710594 0.41824493 0.29386058 0.30592135 0.11702744 0.5242896 0.48063415 0.69782007 0.20420977 0.48511988 0.79397297 0.56321925 0.4843925 0.6394083,0.004210422 0.0054344805 0.0017094956 0.0032932672 0.0023138628 0.0024088295 0.0009214759 0.0041282647 0.0037845208 0.0054946463 0.001607951 0.0038198417 0.0062517556 0.0044347974 0.003814114 0.0050347107,
35,16,,,0.0049615246 0.0049615246 0.0049615246 0.0049615246 0.0049615246 0.0049615246 0.0049615246 0.0049615246 0.0049615246 0.0049615246 0.0049615246 0.0049615246 0.0049615246 0.0049615246 0.0049615246 0.0049615246,13 13 15 14 14 14 16 13 14 13 15 14 13 13 14 13
40,3x3x16x32,0.95441586 0.62322843 0.7229381 0.67660093 0.42286333 0.88275635 0.487007 0.51041764 0.5437556 0.8359088 0.7979913 0.8244926 0.5438057 0.85447514 0.41751108 1.0338721 0.71316224 0.47987515 0.9242325 0.45655316 0.81188065 0.2461593 0.49652502 0.87697583 0.56713057 0.92370766 0.6558994 0.6252081 0.9855497 0.39336854 0.6648454 0.66656744,0.9542994 0.6231524 0.7228499 0.6765183 0.42281175 0.8826486 0.48694754 0.51035535 0.5436892 0.8358068 0.7978939 0.82439196 0.5437393 0.8543709 0.41746014 1.0337459 0.7130752 0.4798166 0.92411965 0.45649746 0.8117815 0.24612926 0.4964644 0.87686884 0.56706136 0.9235949 0.65581936 0.6251318 0.9854294 0.39332053 0.6647642 0.6664861,0.0075141685 0.0049067116 0.0056917313 0.005326916 0.0033292263 0.0069499887 0.0038342325 0.004018546 0.0042810175 0.0065811556 0.006282629 0.0064912755 0.004281412 0.00672733 0.0032870877 0.008139731 0.0056147655 0.0037780832 0.0072765327 0.003594468 0.0063919807 0.0019380257 0.0039091683 0.006904479 0.00446505 0.007272401 0.0051639318 0.0049222973 0.0077592866 0.003097012 0.005234364 0.005247922,
41,32,,,0.0056379763 0.0056379763 0.0056379763 0.0056379763 0.0056379763 0.0056379763 0.0056379763 0.0056379763 0.0056379763 0.0056379763 0.0056379763 0.0056379763 0.0056379763 0.0056379763 0.0056379763 0.0056379763 0.0056379763 0.0056379763 0.0056379763 0.0056379763 0.0056379763 0.0056379763 0.0056379763 0.0056379763 0.0056379763 0.0056379763 0.0056379763 0.0056379763 0.0056379763 0.0056379763 0.0056379763 0.0056379763,14 14 14 14 15 14 15 14 14 14 14 14 14 14 15 13 14 15 14 15 14 16 14 14 14 14 14 14 14 15 14 14
53,1x1x96x128,0.3347792 0.5906613 0.3889089 0.9461678 0.85144955 0.49104473 0.73229164 0.6641234 0.3806429 0.93501365 0.3860077 0.48282132 0.3989612 0.9571595 1.0291681 0.7125297 0.16064672 1.0154243 0.6143336 0.48695484 1.0123802 0.2354219 0.26616275 0.41725746 0.36385614 0.76140976 0.68716365 0.5701286 0.29420096 0.43161523 0.5174001 0.48794404 0.70984286 1.0375332 0.739928 0.3666199 0.6867974 0.28006393 0.55872506 0.79793125 0.32341745 0.4360211 0.5335179 0.7878735 0.43763018 0.37579432 0.52698576 0.51959944 0.5567384 0.5107352 0.65309757 0.31808132 0.40982118 0.67340446 0.4343616 0.6189732 0.8584325 0.85712296 0.83149624 0.27741972 0.3647155 0.43623674 0.4987193 0.31617528 0.34009805 0.46558285 0.28730974 0.30806097 0.42505315 0.5223651 0.601172 0.56564355 0.21113344 0.35893312 0.66070735 0.40423772 0.3421603 0.32573676 0.4112333 0.5775855 0.7679271 0.36282146 0.5062173 0.32035196 0.38874248 0.9461454 0.427428 0.54803604 0.5502465 0.37942755 0.44907573 0.5615803 0.29208437 0.33909455 0.42586252 0.456852 0.47826555 0.61853397 0.43888015 0.28782216 0.7711971 0.886741 0.5593535 0.49204525 0.3616529 1.0675988 0.51492274 0.3801097 0.42422038 0.45549643 0.41489345 0.40986544 0.7999379 0.49275702 0.4215187 0.40380955 0.74399626 0.2847867 0.2724167 0.9238914 0.7191545 0.40351248 0.62396336 0.4082313 0.24210863 0.9365463 0.44126412 0.5095704,0.33473834 0.59058917 0.38886145 0.9460523 0.8513456 0.4909848 0.73220223 0.66404235 0.38059646 0.9348995 0.3859606 0.4827624 0.39891252 0.9570427 1.0290426 0.71244276 0.16062713 1.0153004 0.61425865 0.4868954 1.0122566 0.23539317 0.26613027 0.41720656 0.36381173 0.76131684 0.6870798 0.570059 0.29416505 0.43156254 0.5173369 0.4878845 0.7097562 1.0374066 0.7398377 0.36657515 0.6867136 0.28002974 0.5586569 0.79783386 0.32337797 0.4359679 0.53345275 0.78777736 0.43757677 0.37574846 0.52692145 0.519536 0.5566704 0.5106729 0.6530179 0.31804252 0.40977117 0.67332226 0.43430862 0.6188976 0.85832775 0.85701835 0.83139473 0.27738586 0.364671 0.43618348 0.49865842 0.31613672 0.34005657 0.46552604 0.2872747 0.3080234 0.4250013 0.5223014 0.6010986 0.5655745 0.21110767 0.3588893 0.6606267 0.40418836 0.34211856 0.325697 0.41118312 0.57751507 0.76783335 0.36277717 0.5061555 0.32031286 0.38869503 0.94602996 0.42737582 0.54796916 0.55017936 0.37938124 0.44902092 0.56151175 0.29204872 0.33905318 0.42581055 0.45679623 0.47820717 0.61845845 0.4388266 0.28778705 0.77110296 0.8866328 0.55928516 0.4919852 0.36160877 1.0674685 0.51485986 0.38006333 0.42416862 0.45544082 0.4148428 0.4098154 0.7998403 0.49269688 0.42146727 0.40376028 0.7439054 0.28475195 0.27238348 0.9237787 0.7190667 0.4034632 0.62388724 0.4081815 0.24207908 0.93643206 0.44121027 0.5095082,0.002635735 0.0046503083 0.003061901 0.0074492306 0.0067035086 0.003866022 0.005765372 0.00522868 0.0029968226 0.0073614134 0.00303906 0.0038012788 0.0031410435 0.007535769 0.008102697 0.0056097857 0.0012647805 0.007994492 0.004836682 0.0038338222 0.007970525 0.0018534895 0.002095514 0.003285091 0.0028646593 0.0059946207 0.005410077 0.0044886535 0.0023162602 0.0033981302 0.004073519 0.0038416102 0.0055886316 0.008168556 0.005825494 0.0028864185 0.0054071937 0.0022049586 0.004398873 0.0062821563 0.0025462832 0.003432818 0.004200415 0.0062029716 0.0034454863 0.0029586493 0.0041489876 0.004090835 0.0043832315 0.0040210467 0.005141873 0.0025042717 0.0032265447 0.0053017503 0.003419753 0.0048732096 0.0067584864 0.006748176 0.0065464154 0.0021841407 0.0028714251 0.0034345156 0.0039264443 0.0024892655 0.0026776108 0.0036655595 0.0022620053 0.002425381 0.003346467 0.004112609 0.00473306 0.004453343 0.0016622652 0.0028259 0.005201785 0.0031825856 0.002693847 0.0025645434 0.0032376624 0.0045473627 0.006045932 0.0028565133 0.003985476 0.0025221484 0.0030605907 0.0074490546 0.003365164 0.004314718 0.004332121 0.002987254 0.0035355978 0.0044213524 0.0022995963 0.0026697102 0.003352839 0.0035968206 0.0037654107 0.0048697516 0.0034553276 0.0022660398 0.006071677 0.0069813607 0.0044038203 0.003873899 0.0028473132 0.008405264 0.0040540146 0.0029926246 0.0033399104 0.0035861481 0.003266479 0.003226893 0.006297955 0.003879503 0.00331864 0.003179215 0.005857523 0.0022421414 0.0021447518 0.007273848 0.0056619425 0.0031768756 0.004912498 0.0032140275 0.0019061345 0.0073734806 0.0034740965 0.0040118755,
54,128,,,0.0062016635 0.0062016635 0.0062016635 0.0062016635 0.0062016635 0.0062016635 0.0062016635 0.0062016635 0.0062016635 0.0062016635 0.0062016635 0.0062016635 0.0062016635 0.0062016635 0.0062016635 0.0062016635 0.0062016635 0.0062016635 0.0062016635 0.0062016635 0.0062016635 0.0062016635 0.0062016635 0.0062016635 0.0062016635 0.0062016635 0.0062016635 0.0062016635 0.0062016635 0.0062016635 0.0062016635 0.0062016635 0.0062016635 0.0062016635 0.0062016635 0.0062016635 0.0062016635 0.0062016635 0.0062016635 0.0062016635 0.0062016635 0.0062016635 0.0062016635 0.0062016635 0.0062016635 0.0062016635 0.0062016635 0.0062016635 0.0062016635 0.0062016635 0.0062016635 0.0062016635 0.0062016635 0.0062016635 0.0062016635 0.0062016635 0.0062016635 0.0062016635 0.0062016635 0.0062016635 0.0062016635 0.0062016635 0.0062016635 0.0062016635 0.0062016635 0.0062016635 0.0062016635 0.0062016635 0.0062016635 0.0062016635 0.0062016635 0.0062016635 0.0062016635 0.0062016635 0.0062016635 0.0062016635 0.0062016635 0.0062016635 0.0062016635 0.0062016635 0.0062016635 0.0062016635 0.0062016635 0.0062016635 0.0062016635 0.0062016635 0.0062016635 0.0062016635 0.0062016635 0.0062016635 0.0062016635 0.0062016635 0.0062016635 0.0062016635 0.0062016635 0.0062016635 0.0062016635 0.0062016635 0.0062016635 0.0062016635 0.0062016635 0.0062016635 0.0062016635 0.0062016635 0.0062016635 0.0062016635 0.0062016635 0.0062016635 0.0062016635 0.0062016635 0.0062016635 0.0062016635 0.0062016635 0.0062016635 0.0062016635 0.0062016635 0.0062016635 0.0062016635 0.0062016635 0.0062016635 0.0062016635 0.0062016635 0.0062016635 0.0062016635 0.0062016635 0.0062016635 0.0062016635 0.0062016635,14 13 14 13 13 14 13 13 14 13 14 14 14 13 12 13 15 12 13 14 12 15 14 14 14 13 13 13 14 14 13 14 13 12 13 14 13 14 13 13 14 14 13 13 14 14 13 13 13 13 13 14 14 13 14 13 13 13 13 14 14 14 13 14 14 14 14 14 14 13 13 13 15 14 13 14 14 14 14 13 13 14 13 14 14 13 14 13 13 14 14 13 14 14 14 14 14 13 14 14 13 13 13 14 14 12 13 14 14 14 14 14 13 14 14 14 13 14 14 13 13 14 13 14 15 13 14 13
59,3x3x128x128,0.1786279 0.16731009 0.086533 0.17738865 0.29305395 0.23536304 0.16717856 0.11551017 0.18001112 0.13595724 0.052185353 0.1714289 0.08478203 0.16590303 0.33171427 0.15641938 0.3199329 0.107960284 0.18373492 0.19321057 0.068269365 0.25532934 0.49058822 0.17993931 0.29143175 0.19986951 0.2691018 0.2780147 0.24143729 0.11456843 0.20829403 0.28347042 0.16397975 0.06946235 0.23189801 0.25910792 0.06592297 0.08161719 0.16920784 0.111065894 0.11148044 0.3526703 0.21634874 0.14439234 0.0836264 0.22736432 0.26439404 0.09298253 0.19314846 0.21026461 0.2002459 0.22485876 0.16604504 0.340534 0.11618882 0.24619281 0.16012794 0.08426247 0.14655899 0.07586891 0.17192 0.29322964 0.28817034 0.158522 0.11708716 0.20239957 0.13427924 0.36117747 0.18407767 0.21796668 0.073447086 0.25227055 0.09980741 0.215393 0.10432423 0.17302288 0.2353956 0.35629523 0.12662154 0.17986432 0.21489187 0.27413806 0.20908783 0.13211107 0.22739142 0.08031009 0.17694965 0.16759548 0.16025421 0.10028039 0.070129216 0.11074641 0.30378777 0.12944296 0.17900093 0.18282786 0.20391081 0.07763918 0.077131726 0.17601196 0.29148832 0.14116141 0.28550944 0.114850424 0.21869014 0.22499259 0.14361446 0.2142178 0.11952433 0.08867628 0.113036916 0.15687147 0.08419343 0.17195675 0.068866305 0.2247692 0.16874115 0.27029565 0.09260611 0.07696456 0.09012875 0.16197367 0.083639495 0.08119753 0.16067068 0.22300406 0.19333465 0.26781332,0.1786061 0.16728966 0.08652244 0.177367 0.2930182 0.23533432 0.16715816 0.11549608 0.17998914 0.13594064 0.052178986 0.17140798 0.084771685 0.1658828 0.33167377 0.1564003 0.31989387 0.1079471 0.1837125 0.19318698 0.06826103 0.2552982 0.4752012 0.17991737 0.29139617 0.19984512 0.26906896 0.27798074 0.24140781 0.11455445 0.20826861 0.28343582 0.16395974 0.06945387 0.23186971 0.2590763 0.06591492 0.08160723 0.16918719 0.111052334 0.11146683 0.35262728 0.21632233 0.14437473 0.08361619 0.22733657 0.2643618 0.09297118 0.19312489 0.21023895 0.20022146 0.22483133 0.16602477 0.34049243 0.11617464 0.24616276 0.16010839 0.084252186 0.14654109 0.07585966 0.17189902 0.29319385 0.28813517 0.15850264 0.11707287 0.20237488 0.13426286 0.3611334 0.18405521 0.21794008 0.07343812 0.25223976 0.09979523 0.21536672 0.104311496 0.17300177 0.23536687 0.35625175 0.12660609 0.17984237 0.21486564 0.27410462 0.20906231 0.13209495 0.22736366 0.08030029 0.17692806 0.16757503 0.16023465 0.100268155 0.07012066 0.1107329 0.3037507 0.12942716 0.17897908 0.18280554 0.20388593 0.07762971 0.07712231 0.17599049 0.29145277 0.14114419 0.2854746 0.1148364 0.21866345 0.22496514 0.14359693 0.21419165 0.11950974 0.08866546 0.113023125 0.15685232 0.08418316 0.17193575 0.0688579 0.22474177 0.16872056 0.27026266 0.09259481 0.07695517 0.090117745 0.16195391 0.08362929 0.08118762 0.16065107 0.22297683 0.19331105 0.26778066,0.0014063471 0.0013172415 0.00068127905 0.0013965906 0.00230723 0.0018530261 0.001316206 0.0009094179 0.0014172373 0.0010703987 0.00041085816 0.0013496692 0.00066749356 0.0013061637 0.0026116045 0.0012314983 0.0025188494 0.0008499772 0.0014465551 0.0015211573 0.0005374884 0.002010222 0.0037417416 0.0014166721 0.002294458 0.0015735836 0.0021186532 0.0021888248 0.0019008489 0.00090200355 0.0016399104 0.002231778 0.0012910216 0.0005468809 0.0018257458 0.0020399708 0.0005190151 0.0006425766 0.0013321826 0.00087442785 0.0008776916 0.0027765927 0.0017033254 0.0011368089 0.0006583952 0.0017900517 0.002081589 0.00073205656 0.0015206684 0.0016554248 0.0015765469 0.0017703255 0.0013072817 0.0026810428 0.0009147609 0.0019382894 0.001260696 0.000663403 0.0011538669 0.00059732015 0.0013535356 0.002308613 0.002268781 0.0012480522 0.0009218336 0.0015935029 0.0010571879 0.00284357 0.0014492536 0.0017160636 0.00057825295 0.00198614 0.0007857892 0.0016958009 0.0008213504 0.0013622186 0.0018532824 0.002805132 0.0009968984 0.0014160817 0.0016918554 0.0021583042 0.0016461599 0.0010401177 0.0017902651 0.0006322857 0.0013931344 0.0013194884 0.0012616902 0.00078951305 0.0005521312 0.0008719126 0.0023917377 0.0010191115 0.0014092841 0.0014394136 0.001605401 0.00061125756 0.00060726225 0.0013857519 0.0022949036 0.0011113716 0.0022478316 0.00090422365 0.0017217594 0.001771379 0.0011306845 0.0016865483 0.0009410216 0.0006981533 0.0008899459 0.0012350576 0.0006628595 0.0013538249 0.0005421882 0.0017696202 0.0013285084 0.0021280525 0.000729093 0.00060594623 0.0007095885 0.0012752276 0.0006584983 0.0006392726 0.0012649691 0.0017557231 0.0015221343 0.0021085092,
60,128,,,0.0062016635 0.0062016635 0.0062016635 0.0062016635 0.0062016635 0.0062016635 0.0062016635 0.0062016635 0.0062016635 0.0062016635 0.0062016635 0.0062016635 0.0062016635 0.0062016635 0.0062016635 0.0062016635 0.0062016635 0.0062016635 0.0062016635 0.0062016635 0.0062016635 0.0062016635 0.0062016635 0.0062016635 0.0062016635 0.0062016635 0.0062016635 0.0062016635 0.0062016635 0.0062016635 0.0062016635 0.0062016635 0.0062016635 0.0062016635 0.0062016635 0.0062016635 0.0062016635 0.0062016635 0.0062016635 0.0062016635 0.0062016635 0.0062016635 0.0062016635 0.0062016635 0.0062016635 0.0062016635 0.0062016635 0.0062016635 0.0062016635 0.0062016635 0.0062016635 0.0062016635 0.0062016635 0.0062016635 0.0062016635 0.0062016635 0.0062016635 0.0062016635 0.0062016635 0.0062016635 0.0062016635 0.0062016635 0.0062016635 0.0062016635 0.0062016635 0.0062016635 0.0062016635 0.0062016635 0.0062016635 0.0062016635 0.0062016635 0.0062016635 0.0062016635 0.0062016635 0.0062016635 0.0062016635 0.0062016635 0.0062016635 0.0062016635 0.0062016635 0.0062016635 0.0062016635 0.0062016635 0.0062016635 0.0062016635 0.0062016635 0.0062016635 0.0062016635 0.0062016635 0.0062016635 0.0062016635 0.0062016635 0.0062016635 0.0062016635 0.0062016635 0.0062016635 0.0062016635 0.0062016635 0.0062016635 0.0062016635 0.0062016635 0.0062016635 0.0062016635 0.0062016635 0.0062016635 0.0062016635 0.0062016635 0.0062016635 0.0062016635 0.0062016635 0.0062016635 0.0062016635 0.0062016635 0.0062016635 0.0062016635 0.0062016635 0.0062016635 0.0062016635 0.0062016635 0.0062016635 0.0062016635 0.0062016635 0.0062016635 0.0062016635 0.0062016635 0.0062016635 0.0062016635 0.0062016635,13 13 14 13 12 13 13 14 13 13 15 13 14 13 12 13 12 14 13 13 14 12 12 13 12 13 12 12 13 14 13 12 13 14 13 12 14 14 13 14 14 12 13 13 14 13 12 14 13 13 13 13 13 12 14 13 13 14 13 14 13 12 12 13 14 13 13 12 13 13 14 12 14 13 14 13 13 12 13 13 13 12 13 13 13 14 13 13 13 14 14 14 12 13 13 13 13 14 14 13 12 13 12 14 13 13 13 13 14 14 14 13 14 13 14 13 13 12 14 14 14 13 14 14 13 13 13 12
65,1x1x128x128,1.2668971 0.22814646 0.4289424 0.26908305 0.3299985 0.36632085 0.40442905 0.2610043 0.3400451 0.3336113 0.14795789 0.24741036 0.3053853 0.18228756 0.40587223 0.19089684 0.25785977 0.25073665 0.28084096 0.6179018 0.5910984 0.2471447 0.54187536 0.33686152 0.22239017 0.7714166 0.53141457 0.25337738 0.22490479 0.22319502 0.40845984 0.31059813 0.38165727 0.28017497 0.3228302 0.5514189 0.28512168 0.26367405 0.5680198 0.28991118 0.26982033 1.1031891 0.19207728 0.34807748 0.2562572 0.64744234 0.24020141 0.2321288 0.68461484 0.16025566 0.5073955 0.83453757 0.24036403 0.16137338 0.368926 0.8017258 0.46495298 0.31990087 0.31587693 0.40439397 0.29069245 0.38979337 0.22439787 0.39528713 0.26712602 0.41682193 0.25805056 0.16389741 0.12918021 0.16048402 0.20754467 0.23081422 0.2386082 0.15831959 0.18479416 0.4735735 0.17921142 0.1469478 0.28315368 0.24332137 0.3018309 0.5207095 0.1542937 0.38447267 0.25408262 0.16857462 0.25764766 0.2040206 0.19840728 0.76238906 0.32885286 0.18838318 0.19530039 0.2495458 0.2918353 0.21973892 0.20913889 0.64904594 0.13063608 0.3085782 0.17386079 0.17147994 0.1894659 0.25425372 0.31322032 0.14131992 0.2883917 0.2985562 0.27606606 0.17760924 0.25129822 0.18962552 0.28960454 0.34943563 0.2521783 0.32933536 0.44084623 0.27156666 0.56754416 0.61371326 0.26033846 0.3118933 0.18028903 0.29738742 0.16252236 0.36769417 0.1521348 0.2113754,1.2667425 0.22811863 0.42889008 0.2690502 0.3299582 0.36627614 0.4043797 0.26097244 0.34000358 0.3335706 0.14793983 0.24738015 0.30534804 0.18226531 0.4058227 0.19087353 0.2578283 0.25070605 0.2808067 0.6178264 0.59102625 0.24711454 0.5418092 0.3368204 0.22236302 0.7713224 0.5313497 0.25334647 0.22487734 0.22316778 0.40841 0.31056023 0.3816107 0.28014076 0.3227908 0.5513516 0.2850869 0.2636419 0.5679505 0.2898758 0.2697874 1.1030544 0.19205384 0.34803498 0.2562259 0.64736336 0.2401721 0.23210047 0.68453133 0.16023609 0.5073336 0.83443576 0.2403347 0.16135369 0.36888096 0.801628 0.46489623 0.31986183 0.3158384 0.40434462 0.29065695 0.3897458 0.22437048 0.3952389 0.26709342 0.41677105 0.2580191 0.1638774 0.12916444 0.16046442 0.20751934 0.23078604 0.23857908 0.15830028 0.1847716 0.4735157 0.17918956 0.14692988 0.28311914 0.24329168 0.30179405 0.520646 0.15427488 0.38442573 0.2540516 0.16855405 0.25761622 0.2039957 0.19838306 0.762296 0.32881275 0.18836018 0.19527656 0.24951534 0.2917997 0.21971211 0.20911336 0.6489667 0.13062014 0.30854055 0.17383957 0.171459 0.18944278 0.2542227 0.31318212 0.14130266 0.2883565 0.2985198 0.27603236 0.17758757 0.25126755 0.18960238 0.2895692 0.34939298 0.25214756 0.3292952 0.4407924 0.27153352 0.5674749 0.6136384 0.2603067 0.31185526 0.18026704 0.29735112 0.16250253 0.36764932 0.15211624 0.2113496,0.00997435 0.0017962097 0.0033770872 0.0021185055 0.0025980962 0.002884064 0.003184092 0.002054901 0.0026771936 0.0026265401 0.0011648806 0.0019478753 0.0024043152 0.0014351599 0.0031954544 0.0015029412 0.002030144 0.0019740635 0.0022110762 0.0048647746 0.00465375 0.0019457837 0.004266214 0.0026521292 0.0017508899 0.006073405 0.004183856 0.001994854 0.0017706878 0.0017572265 0.0032158268 0.0024453562 0.0030048087 0.0022058326 0.0025416599 0.0043413513 0.0022447787 0.0020759203 0.0044720513 0.0022824868 0.0021243102 0.008685468 0.0015122349 0.002740433 0.002017527 0.005097349 0.0018911189 0.0018275628 0.0053900103 0.0012617015 0.0039947527 0.00657036 0.0018923993 0.0012705015 0.0029045744 0.0063120313 0.0036606002 0.002518597 0.0024869165 0.0031838159 0.0022886374 0.0030688646 0.0017666967 0.0031121173 0.0021030977 0.0032816618 0.0020316464 0.0012903732 0.0010170429 0.0012634994 0.0016340106 0.0018172129 0.0018785754 0.0012464589 0.0014548944 0.00372847 0.0014109415 0.0011569281 0.0022292845 0.0019156825 0.002376331 0.0040995744 0.0012147628 0.0030269742 0.0020004062 0.0013271973 0.0020284741 0.0016062654 0.0015620714 0.0060023307 0.0025890768 0.0014831511 0.0015376107 0.0019646876 0.0022976354 0.0017300165 0.0016465619 0.005109974 0.001028505 0.0024294532 0.0013688155 0.0013500709 0.0014916755 0.0020017535 0.0024660008 0.0011126194 0.0022705237 0.0023505494 0.0021734831 0.0013983273 0.0019784847 0.0014929321 0.0022800725 0.0027511257 0.0019854137 0.0025928754 0.0034708064 0.0021380591 0.0044683064 0.0048317984 0.002049659 0.0024555533 0.0014194255 0.0023413475 0.0012795475 0.0028948765 0.0011977657 0.0016641702,
66,128,,,0.0088587785 0.0088587785 0.0088587785 0.0088587785 0.0088587785 0.0088587785 0.0088587785 0.0088587785 0.0088587785 0.0088587785 0.0088587785 0.0088587785 0.0088587785 0.0088587785 0.0088587785 0.0088587785 0.0088587785 0.0088587785 0.0088587785 0.0088587785 0.0088587785 0.0088587785 0.0088587785 0.0088587785 0.0088587785 0.0088587785 0.0088587785 0.0088587785 0.0088587785 0.0088587785 0.0088587785 0.0088587785 0.0088587785 0.0088587785 0.0088587785 0.0088587785 0.0088587785 0.0088587785 0.0088587785 0.0088587785 0.0088587785 0.0088587785 0.0088587785 0.0088587785 0.0088587785 0.0088587785 0.0088587785 0.0088587785 0.0088587785 0.0088587785 0.0088587785 0.0088587785 0.0088587785 0.0088587785 0.0088587785 0.0088587785 0.0088587785 0.0088587785 0.0088587785 0.0088587785 0.0088587785 0.0088587785 0.0088587785 0.0088587785 0.0088587785 0.0088587785 0.0088587785 0.0088587785 0.0088587785 0.0088587785 0.0088587785 0.0088587785 0.0088587785 0.0088587785 0.0088587785 0.0088587785 0.0088587785 0.0088587785 0.0088587785 0.0088587785 0.0088587785 0.0088587785 0.0088587785 0.0088587785 0.0088587785 0.0088587785 0.0088587785 0.0088587785 0.0088587785 0.0088587785 0.0088587785 0.0088587785 0.0088587785 0.0088587785 0.0088587785 0.0088587785 0.0088587785 0.0088587785 0.0088587785 0.0088587785 0.0088587785 0.0088587785 0.0088587785 0.0088587785 0.0088587785 0.0088587785 0.0088587785 0.0088587785 0.0088587785 0.0088587785 0.0088587785 0.0088587785 0.0088587785 0.0088587785 0.0088587785 0.0088587785 0.0088587785 0.0088587785 0.0088587785 0.0088587785 0.0088587785 0.0088587785 0.0088587785 0.0088587785 0.0088587785 0.0088587785 0.0088587785 0.0088587785,11 14 13 13 13 13 13 13 13 13 14 14 13 14 13 14 13 13 13 12 12 14 12 13 14 12 12 13 14 14 13 13 13 13 13 12 13 13 12 13 13 11 14 13 13 12 14 14 12 14 12 12 14 14 13 12 13 13 13 13 13 13 14 13 13 13 13 14 14 14 14 14 14 14 14 13 14 14 13 14 13 12 14 13 13 14 13 14 14 12 13 14 14 13 13 14 14 12 14 13 14 14 14 13 13 14 13 13 13 14 13 14 13 13 13 13 13 13 12 12 13 13 14 13 14 13 14 14
75,3x3x64x32,0.39156008 0.37719524 0.47745812 0.30882606 0.26031166 0.8595296 0.26468518 0.37005544 0.2970019 0.23687053 0.51161504 0.36778736 0.3999289 0.3354292 0.47308066 0.26113796 0.1816056 0.24866058 0.54251724 0.20557837 0.35032666 0.19900544 0.17255795 0.46642628 0.28407922 0.26290426 0.35537127 0.37944242 0.35168684 0.3721875 0.22347607 0.3812159,0.39151227 0.37714922 0.47739986 0.3087884 0.2602799 0.8594247 0.26465288 0.37001026 0.29696566 0.23684162 0.51155263 0.36774248 0.3998801 0.33538827 0.4730229 0.26110607 0.18158343 0.24863024 0.542451 0.2055533 0.35028392 0.19898115 0.1725369 0.46636936 0.28404453 0.2628722 0.3553279 0.3793961 0.35164392 0.37214208 0.22344878 0.38116938,0.0030827739 0.002969679 0.003759054 0.0024314045 0.002049448 0.0067671235 0.0020838808 0.0029134667 0.0023383123 0.0018648946 0.0040279734 0.0028956102 0.0031486624 0.0026408525 0.0037245897 0.0020559533 0.0014297909 0.0019577185 0.004271268 0.0016185299 0.0027581411 0.0015667807 0.0013585582 0.0036721998 0.0022365712 0.0020698598 0.0027978576 0.002987371 0.0027688497 0.0029302526 0.0017594392 0.0030013337,
76,32,,,0.004134712 0.004134712 0.004134712 0.004134712 0.004134712 0.004134712 0.004134712 0.004134712 0.004134712 0.004134712 0.004134712 0.004134712 0.004134712 0.004134712 0.004134712 0.004134712 0.004134712 0.004134712 0.004134712 0.004134712 0.004134712 0.004134712 0.004134712 0.004134712 0.004134712 0.004134712 0.004134712 0.004134712 0.004134712 0.004134712 0.004134712 0.004134712,14 14 14 14 14 13 14 14 14 15 13 14 14 14 14 14 15 14 13 15 14 15 15 14 14 14 14 14 14 14 15 14
81,3x3x32x64,0.77432656 0.27294067 0.35153976 0.20423126 0.38925654 0.2351884 0.33326638 0.31690204 0.51952493 0.30385 0.53477854 0.31097862 0.40228674 0.23517793 0.3555152 0.40364468 0.28694326 0.24713713 0.26137447 0.30924258 0.41743076 0.3034884 0.30087206 0.3318619 0.29695028 0.2801389 0.2579406 0.46832427 0.34139857 0.2115756 0.262235 0.14542145 0.37631986 0.34494635 0.49060926 0.3928761 0.52589446 0.76648307 0.31844673 0.34612614 0.26556563 0.42884037 0.34790564 0.33099324 0.3742915 0.24921228 0.63507384 0.3638662 0.29676226 0.2123848 0.20928253 0.23192136 0.24013922 0.22792208 0.53963524 0.43603453 0.23315123 0.23299848 0.63415146 0.19822007 0.24042907 0.31937638 0.27413934 0.45503312,0.77423203 0.27290738 0.35149688 0.20420635 0.38920903 0.2351597 0.33322573 0.3168634 0.5194616 0.3038129 0.53471327 0.31094065 0.40223762 0.23514923 0.35547182 0.40359542 0.28690824 0.24710697 0.26134256 0.30920482 0.4173798 0.30345136 0.30083534 0.3318214 0.29691404 0.28010473 0.2579091 0.4682671 0.3413569 0.21154977 0.26220298 0.1454037 0.37627393 0.34490427 0.4905494 0.39282814 0.52583027 0.7663895 0.31840786 0.34608388 0.2655332 0.42878804 0.3478632 0.33095282 0.37424585 0.24918187 0.6349963 0.3638218 0.29672605 0.21235888 0.20925699 0.23189305 0.24010992 0.22789428 0.5395694 0.43598133 0.23312278 0.23297003 0.63407403 0.19819587 0.24039973 0.3193374 0.2741059 0.45497757,0.006096315 0.002148877 0.0027676919 0.001607924 0.003064638 0.0018516511 0.0026238246 0.0024949873 0.0040902486 0.0023922275 0.004210341 0.0024483516 0.0031672253 0.0018515688 0.0027989908 0.0031779166 0.0022591199 0.0019457241 0.0020578154 0.0024346835 0.003286455 0.0023893807 0.0023687822 0.002612767 0.0023379058 0.002205549 0.0020307803 0.0036871426 0.0026878496 0.0016657462 0.0020645903 0.001144911 0.002962787 0.0027157818 0.0038625936 0.0030931348 0.0041403957 0.006034563 0.0025071485 0.0027250699 0.0020908127 0.0033762837 0.0027390802 0.0026059276 0.0029468178 0.001962062 0.004999971 0.0028647387 0.0023364255 0.0016721172 0.0016476929 0.0018259295 0.0018906293 0.0017944431 0.0042485776 0.003432924 0.0018356125 0.0018344097 0.004992709 0.0015605974 0.0018929113 0.0025144678 0.0021583142 0.0035825006,
82,64,,,0.0053928886 0.0053928886 0.0053928886 0.0053928886 0.0053928886 0.0053928886 0.0053928886 0.0053928886 0.0053928886 0.0053928886 0.0053928886 0.0053928886 0.0053928886 0.0053928886 0.0053928886 0.0053928886 0.0053928886 0.0053928886 0.0053928886 0.0053928886 0.0053928886 0.0053928886 0.0053928886 0.0053928886 0.0053928886 0.0053928886 0.0053928886 0.0053928886 0.0053928886 0.0053928886 0.0053928886 0.0053928886 0.0053928886 0.0053928886 0.0053928886 0.0053928886 0.0053928886 0.0053928886 0.0053928886 0.0053928886 0.0053928886 0.0053928886 0.0053928886 0.0053928886 0.0053928886 0.0053928886 0.0053928886 0.0053928886 0.0053928886 0.0053928886 0.0053928886 0.0053928886 0.0053928886 0.0053928886 0.0053928886 0.0053928886 0.0053928886 0.0053928886 0.0053928886 0.0053928886 0.0053928886 0.0053928886 0.0053928886 0.0053928886,13 14 14 15 14 15 14 14 13 14 13 14 14 15 14 14 14 15 14 14 14 14 14 14 14 14 14 14 14 15 14 15 14 14 14 14 13 13 14 14 14 14 14 14 14 14 13 14 14 15 15 15 15 15 13 14 15 15 13 15 15 14 14 14
94,1x1x192x256,0.4378025 0.21940303 0.5054106 0.48360273 0.24661537 0.33894306 0.7636337 0.26839593 0.39598033 0.3407701 0.35050598 0.28533277 0.3754999 0.20845406 0.3290453 0.22007833 0.44139522 0.29579163 0.29242092 0.119816475 0.25618762 0.12620118 0.5481026 0.34221315 0.38784346 0.34326664 0.46371317 0.31506822 0.35251424 0.31230587 0.28979638 0.717192 0.51100296 0.48521778 0.2162076 0.29142788 0.44143707 0.23343335 0.47110742 0.35063735 0.29892558 0.18803887 0.124348395 0.35393596 0.47961676 0.41263875 0.4090665 0.37147555 0.14915255 0.22615893 0.23965624 0.23222075 0.2707453 0.1698027 0.2691506 0.1471821 0.36948216 0.122772455 0.3662119 0.34489927 0.39325535 0.39091715 0.44055182 0.24892883 0.43912405 0.25720808 0.24931237 0.24425295 0.37670884 0.32512066 0.2379537 0.25346074 0.51957184 0.27816683 0.48037016 0.22038543 0.4589818 0.4953434 0.30137068 0.360027 0.5119369 0.17095481 0.31815037 0.3812961 0.38989332 0.2508785 0.18380907 0.25716877 0.27582553 0.21027978 0.18052378 0.1307589 0.4132386 0.22980836 0.24620165 0.23453563 0.1901986 0.26461333 0.5166846 0.29064837 0.3564945 0.20525934 0.15109654 0.09939781 0.35848734 0.22958998 0.2874246 0.38639605 0.3578175 0.38397172 0.44379586 0.26824188 0.36915976 0.30180874 0.23083279 0.2633965 0.12047402 0.52499396 0.3130098 0.2636512 0.29128167 0.22828573 0.40255725 0.33272082 0.20953596 0.2981522 0.22853988 0.11226078 0.17079888 0.49439847 0.23079471 0.11149204 0.45325726 0.26199088 0.39796963 0.19956999 0.112439685 0.3213288 0.21030119 0.39669165 0.504639 0.18145862 0.1926449 0.106867686 0.23103131 0.24309713 0.38193882 0.20682573 0.35510918 0.38083512 0.32728797 0.4223477 0.20127973 0.33320022 0.30329514 0.35063663 0.35885265 0.26218662 0.25504315 0.3669436 0.22360635 0.40031976 0.41225985 0.34389728 0.36525232 0.34795073 0.38178605 0.47265494 0.33517116 0.35751656 0.3529308 0.17863052 0.24348567 0.30446026 0.21250692 0.38705242 0.23743095 0.32035032 0.23545666 0.23022904 0.66420305 0.11314369 0.20166531 0.3270384 0.22042863 0.5021356 0.29491732 0.4237456 0.26859236 0.29541156 0.31977397 0.19409148 0.108916044 0.29228038 0.23120053 0.09457644 0.26161247 0.23754153 0.29476428 0.14015591 0.45628384 0.26873714 0.6562071 0.21525069 0.23501916 0.16391152 0.21257934 0.31841436 0.34460714 0.37565827 0.78494775 0.37034458 0.40949887 0.27791348 0.2523526 0.49977237 0.40349695 0.34490594 0.15099165 0.48658505 0.33941668 0.35442826 0.29303676 0.55083686 0.38281658 0.462534 0.27249125 0.37906736 0.35462874 0.33657262 0.33438864 0.42324248 0.30455172 0.14894685 0.7230335 0.27483392 0.25726935 0.2514353 0.25645605 0.30619058 0.2619228 0.37334868 0.6129369 0.16718552 0.40369987 0.3050259 0.29131883 0.32995528 0.21420066 0.25009757 0.3223456 0.28620395 0.17630403 0.31259945 0.49044213 0.3814065,0.43774906 0.21937625 0.5053489 0.4835437 0.24658526 0.3389017 0.76354057 0.26836318 0.39593202 0.3407285 0.35046318 0.28529793 0.3754541 0.20842862 0.32900512 0.22005147 0.44134137 0.2957555 0.29238522 0.11980186 0.25615636 0.12618579 0.54803574 0.34217137 0.38779613 0.34322476 0.46365657 0.31502977 0.35247123 0.31226775 0.28976104 0.71710443 0.51094055 0.48515856 0.21618122 0.2913923 0.4413832 0.23340486 0.47104993 0.35059455 0.2988891 0.18801592 0.12433322 0.35389274 0.47955823 0.4125884 0.40901658 0.37143022 0.14913435 0.22613133 0.23962699 0.23219241 0.2707123 0.16978198 0.26911777 0.14716414 0.36943707 0.12275747 0.36616722 0.34485716 0.39320734 0.39086944 0.44049805 0.24889846 0.43907046 0.25717667 0.24928194 0.24422313 0.37666288 0.32508096 0.23792465 0.2534298 0.5195084 0.2781329 0.48031154 0.22035854 0.4589258 0.49528292 0.3013339 0.35998303 0.51187444 0.17093395 0.31811154 0.38124955 0.38984576 0.25084788 0.18378663 0.2571374 0.27579188 0.21025412 0.18050174 0.13074294 0.4131882 0.22978032 0.2461716 0.23450701 0.1901754 0.26458105 0.51662153 0.2906129 0.35645097 0.20523429 0.15107809 0.09938568 0.3584436 0.22956195 0.28738952 0.38634887 0.3577738 0.38392484 0.44374168 0.26820913 0.36911473 0.3017719 0.23080462 0.26336437 0.12045931 0.5249299 0.3129716 0.26361904 0.29124612 0.22825788 0.4025081 0.3326802 0.20951039 0.29811582 0.228512 0.11224708 0.17077804 0.49433815 0.23076655 0.11147843 0.45320195 0.2619589 0.3979211 0.19954562 0.11242596 0.32128957 0.21027552 0.39664322 0.50457746 0.18143648 0.19262138 0.10685464 0.23100312 0.24306746 0.3818922 0.20680049 0.35506585 0.38078865 0.32724804 0.42229617 0.20125516 0.33315954 0.30325812 0.35059384 0.35880888 0.26215464 0.255012 0.36689883 0.22357905 0.40027088 0.41220954 0.3438553 0.36520776 0.34790826 0.38173944 0.47259727 0.33513027 0.35747293 0.35288772 0.17860872 0.24345596 0.3044231 0.21248098 0.38700518 0.23740198 0.32031122 0.23542792 0.23020095 0.664122 0.11312988 0.20164071 0.3269985 0.22040172 0.5020743 0.29488134 0.4236939 0.26855958 0.29537553 0.31973493 0.1940678 0.10890275 0.2922447 0.23117232 0.0945649 0.26158053 0.23751253 0.2947283 0.1401388 0.45622814 0.26870432 0.65612704 0.21522442 0.23499048 0.16389151 0.2125534 0.3183755 0.3445651 0.3756124 0.78485197 0.3702994 0.4094489 0.27787957 0.25232178 0.4997114 0.4034477 0.34486383 0.15097323 0.48652568 0.33937526 0.354385 0.293001 0.5507696 0.38276988 0.46247756 0.272458 0.37902108 0.35458547 0.33653152 0.3343478 0.42319083 0.30451456 0.14892867 0.7229452 0.27480036 0.25723797 0.25140464 0.25642475 0.3061532 0.26189086 0.37330312 0.6128621 0.16716512 0.4036506 0.30498868 0.29128328 0.32991502 0.21417451 0.25006706 0.32230628 0.28616902 0.17628251 0.3125613 0.49038225 0.38135993,0.003446843 0.0017273721 0.0039791255 0.0038074306 0.0019416163 0.0026685174 0.0060121305 0.002113096 0.0031175748 0.0026829015 0.0027595526 0.0022464404 0.0029563315 0.0016411702 0.0025905916 0.0017326887 0.003475129 0.0023287835 0.002302246 0.0009433217 0.0020169793 0.0009935889 0.004315242 0.0026942627 0.003053513 0.0027025572 0.0036508392 0.0024805493 0.002775364 0.0024588013 0.002281583 0.0056464914 0.004023154 0.0038201462 0.0017022144 0.0022944275 0.0034754584 0.0018378336 0.0037090546 0.002760587 0.0023534575 0.0014804404 0.0009790018 0.002786557 0.003776049 0.0032487274 0.003220603 0.0029246474 0.0011742862 0.0017805616 0.0018868267 0.0018282867 0.0021315927 0.0013368661 0.0021190376 0.0011587727 0.0029089532 0.00096659426 0.0028832064 0.0027154107 0.003096121 0.0030777121 0.0034684886 0.0019598303 0.0034572477 0.002025013 0.0019628499 0.0019230167 0.0029658494 0.0025596926 0.0018734224 0.0019955102 0.0040906174 0.0021900227 0.0037819806 0.0017351066 0.003613589 0.0038998656 0.002372708 0.002834512 0.0040305075 0.0013459366 0.0025048153 0.003001965 0.0030696515 0.00197518 0.0014471388 0.002024704 0.0021715895 0.0016555443 0.0014212736 0.001029472 0.0032534504 0.0018092939 0.001938359 0.0018465118 0.0014974441 0.0020833153 0.004067886 0.0022882905 0.0028067005 0.001616018 0.0011895912 0.0007825644 0.0028223905 0.0018075744 0.0022629097 0.0030421172 0.0028171167 0.0030230302 0.003494029 0.002111883 0.0029064151 0.0023761569 0.0018173592 0.0020737352 0.0009484985 0.004133306 0.0024643433 0.0020757404 0.0022932766 0.0017973061 0.0031693552 0.0026195291 0.0016496881 0.0023473687 0.0017993071 0.00088383525 0.001344709 0.0038924264 0.0018170595 0.00087778294 0.0035685194 0.0020626686 0.003133237 0.0015712254 0.00088524376 0.002529839 0.0016557127 0.003123175 0.003973051 0.0014286337 0.0015167037 0.0008413751 0.0018189222 0.001913917 0.0030070252 0.0016283504 0.002795794 0.0029983358 0.0025767563 0.0033251666 0.0015846862 0.0026233033 0.0023878592 0.0027605814 0.0028252667 0.0020642097 0.0020079685 0.0028889673 0.001760465 0.0031517392 0.0032457444 0.002707522 0.0028756517 0.002739435 0.0030058224 0.0037212383 0.002638821 0.0028147474 0.0027786435 0.0014063679 0.0019169761 0.0023970322 0.0016730785 0.003047285 0.0018693069 0.0025221356 0.0018537631 0.0018126059 0.005229307 0.0008907864 0.0015877221 0.0025747914 0.0017354466 0.003953341 0.0023219003 0.0033361723 0.0021146424 0.0023257916 0.002517598 0.001528093 0.000857502 0.0023011393 0.0018202545 0.0007446055 0.0020596893 0.0018701773 0.0023206954 0.0011034552 0.0035923475 0.0021157821 0.0051663546 0.0016946804 0.0018503187 0.0012904843 0.0016736488 0.0025068936 0.002713111 0.002957578 0.0061799367 0.0029157433 0.003224007 0.002188028 0.0019867856 0.0039347354 0.0031767534 0.0027154633 0.0011887656 0.003830911 0.0026722462 0.002790433 0.0023070944 0.0043367688 0.003013936 0.0036415556 0.0021453386 0.0029844178 0.0027920115 0.0026498544 0.0026326599 0.0033322112 0.0023977524 0.0011726667 0.005692482 0.0021637823 0.0020254957 0.001979564 0.0020190927 0.0024106551 0.0020621328 0.0029393947 0.004825686 0.0013162608 0.0031783513 0.0024014856 0.002293569 0.002597756 0.0016864134 0.001969032 0.0025378447 0.0022532993 0.0013880513 0.0024611126 0.0038612776 0.003002834,
95,256,,,0.005392888 0.005392888 0.005392888 0.005392888 0.005392888 0.005392888 0.005392888 0.005392888 0.005392888 0.005392888 0.005392888 0.005392888 0.005392888 0.005392888 0.005392888 0.005392888 0.005392888 0.005392888 0.005392888 0.005392888 0.005392888 0.005392888 0.005392888 0.005392888 0.005392888 0.005392888 0.005392888 0.005392888 0.005392888 0.005392888 0.005392888 0.005392888 0.005392888 0.005392888 0.005392888 0.005392888 0.005392888 0.005392888 0.005392888 0.005392888 0.005392888 0.005392888 0.005392888 0.005392888 0.005392888 0.005392888 0.005392888 0.005392888 0.005392888 0.005392888 0.005392888 0.005392888 0.005392888 0.005392888 0.005392888 0.005392888 0.005392888 0.005392888 0.005392888 0.005392888 0.005392888 0.005392888 0.005392888 0.005392888 0.005392888 0.005392888 0.005392888 0.005392888 0.005392888 0.005392888 0.005392888 0.005392888 0.005392888 0.005392888 0.005392888 0.005392888 0.005392888 0.005392888 0.005392888 0.005392888 0.005392888 0.005392888 0.005392888 0.005392888 0.005392888 0.005392888 0.005392888 0.005392888 0.005392888 0.005392888 0.005392888 0.005392888 0.005392888 0.005392888 0.005392888 0.005392888 0.005392888 0.005392888 0.005392888 0.005392888 0.005392888 0.005392888 0.005392888 0.005392888 0.005392888 0.005392888 0.005392888 0.005392888 0.005392888 0.005392888 0.005392888 0.005392888 0.005392888 0.005392888 0.005392888 0.005392888 0.005392888 0.005392888 0.005392888 0.005392888 0.005392888 0.005392888 0.005392888 0.005392888 0.005392888 0.005392888 0.005392888 0.005392888 0.005392888 0.005392888 0.005392888 0.005392888 0.005392888 0.005392888 0.005392888 0.005392888 0.005392888 0.005392888 0.005392888 0.005392888 0.005392888 0.005392888 0.005392888 0.005392888 0.005392888 0.005392888 0.005392888 0.005392888 0.005392888 0.005392888 0.005392888 0.005392888 0.005392888 0.005392888 0.005392888 0.005392888 0.005392888 0.005392888 0.005392888 0.005392888 0.005392888 0.005392888 0.005392888 0.005392888 0.005392888 0.005392888 0.005392888 0.005392888 0.005392888 0.005392888 0.005392888 0.005392888 0.005392888 0.005392888 0.005392888 0.005392888 0.005392888 0.005392888 0.005392888 0.005392888 0.005392888 0.005392888 0.005392888 0.005392888 0.005392888 0.005392888 0.005392888 0.005392888 0.005392888 0.005392888 0.005392888 0.005392888 0.005392888 0.005392888 0.005392888 0.005392888 0.005392888 0.005392888 0.005392888 0.005392888 0.005392888 0.005392888 0.005392888 0.005392888 0.005392888 0.005392888 0.005392888 0.005392888 0.005392888 0.005392888 0.005392888 0.005392888 0.005392888 0.005392888 0.005392888 0.005392888 0.005392888 0.005392888 0.005392888 0.005392888 0.005392888 0.005392888 0.005392888 0.005392888 0.005392888 0.005392888 0.005392888 0.005392888 0.005392888 0.005392888 0.005392888 0.005392888 0.005392888 0.005392888 0.005392888 0.005392888 0.005392888 0.005392888 0.005392888 0.005392888 0.005392888 0.005392888 0.005392888 0.005392888 0.005392888 0.005392888 0.005392888 0.005392888 0.005392888 0.005392888 0.005392888 0.005392888 0.005392888 0.005392888 0.005392888 0.005392888,13 14 12 13 14 13 12 13 13 13 13 13 13 14 13 14 13 13 13 15 13 14 12 13 13 13 13 13 13 13 13 12 12 13 14 13 13 14 13 13 13 14 14 13 13 13 13 13 14 14 14 14 13 14 13 14 13 15 13 13 13 13 13 13 13 13 13 14 13 13 14 13 12 13 13 14 13 12 13 13 12 14 13 13 13 13 14 13 13 14 14 14 13 14 14 14 14 13 12 13 13 14 14 15 13 14 13 13 13 13 13 13 13 13 14 13 15 12 13 13 13 14 13 13 14 13 14 15 14 13 14 15 13 13 13 14 15 13 14 13 12 14 14 15 14 14 13 14 13 13 13 13 14 13 13 13 13 13 13 13 14 13 13 13 13 13 13 13 13 13 13 14 14 13 14 13 14 13 14 14 12 15 14 13 14 12 13 13 13 13 13 14 15 13 14 15 13 14 13 14 13 13 12 14 14 14 14 13 13 13 12 13 13 13 13 12 13 13 14 13 13 13 13 12 13 13 13 13 13 13 13 13 13 14 12 13 13 13 13 13 13 13 12 14 13 13 13 13 14 13 13 13 14 13 13 13
100,3x3x256x256,0.048849177 0.086606495 0.115376025 0.07133355 0.07665641 0.09693413 0.06681767 0.058791686 0.07802459 0.104384206 0.10241548 0.18633595 0.09375927 0.08599532 0.12623101 0.09642128 0.09134186 0.11303904 0.16172296 0.11056829 0.115591936 0.107664 0.08828194 0.04896475 0.13100296 0.22128502 0.0931882 0.06809681 0.16931745 0.17082399 0.10234718 0.09824217 0.06876057 0.086486846 0.054639924 0.12309245 0.063158825 0.083599165 0.11308071 0.10485546 0.0974321 0.0718034 0.050746698 0.04983404 0.088014275 0.09431859 0.18399198 0.27725363 0.07601819 0.31248283 0.12125858 0.08214413 0.083663635 0.15304594 0.13231678 0.14296919 0.044088587 0.091234155 0.1398515 0.09518939 0.06146761 0.05645935 0.076215155 0.08549802 0.12769099 0.19271556 0.1452816 0.053715166 0.08625416 0.048477724 0.05320809 0.11700509 0.14141229 0.15035473 0.19732383 0.17282297 0.110855065 0.1587327 0.10662089 0.12446965 0.053365882 0.07071296 0.14880924 0.06510622 0.09975063 0.11142127 0.107239984 0.11077985 0.12637554 0.074536696 0.0765941 0.120576546 0.108804725 0.084836274 0.08419435 0.11598427 0.1645191 0.12847635 0.1284042 0.112470314 0.118930556 0.20582175 0.12859917 0.06659933 0.074205466 0.05836762 0.093392745 0.17739812 0.10801625 0.11838077 0.14888173 0.12416597 0.08284032 0.113371 0.11200352 0.10204043 0.09215865 0.09277415 0.12879428 0.12006473 0.12386711 0.13564435 0.07721903 0.045936882 0.09288658 0.0898271 0.055678587 0.12619494 0.09667041 0.08001597 0.15491317 0.06937901 0.13551126 0.12142617 0.2536752 0.07962537 0.0801441 0.042547904 0.12281363 0.058700822 0.08891233 0.0658487 0.0886777 0.04079818 0.061265316 0.23329383 0.06961198 0.11134725 0.08295045 0.08714623 0.14001492 0.16762504 0.09404155 0.14923193 0.08210228 0.10421091 0.049833562 0.12192984 0.053855304 0.07469236 0.061522886 0.1016903 0.22427176 0.1331119 0.103305146 0.08498888 0.13191333 0.15667805 0.13799736 0.14992991 0.066857 0.15455735 0.19627546 0.09469621 0.062865645 0.10340593 0.077669255 0.24477401 0.13498993 0.15595397 0.07779621 0.07488656 0.05747306 0.08708304 0.111040324 0.0684442 0.16172573 0.050182335 0.05266446 0.14543326 0.13222514 0.066508226 0.08877044 0.09452277 0.12474427 0.07260471 0.13393493 0.09896341 0.056238838 0.05147681 0.20980608 0.15608831 0.19272093 0.07631163 0.05171787 0.056980297 0.059705865 0.040378608 0.09406445 0.13452739 0.10708911 0.108150415 0.13615325 0.15112671 0.12921485 0.061773714 0.047392536 0.076383136 0.071594566 0.06538676 0.051285625 0.05049112 0.05572854 0.1047893 0.105110146 0.23493832 0.10778722 0.13876155 0.117741756 0.050244056 0.26169002 0.05615342 0.123223744 0.049985662 0.10419684 0.111928284 0.09702703 0.1116553 0.09269292 0.086323105 0.11425241 0.09510132 0.19923227 0.15585472 0.09546769 0.1456393 0.16098411 0.12466864 0.120833606 0.055017747 0.087296836 0.13477477 0.108817704 0.23799329 0.09022831 0.046855997,0.048843212 0.08659593 0.115361944 0.07132484 0.07664706 0.0969223 0.06680951 0.05878451 0.07801507 0.104371466 0.102402985 0.18631321 0.093747824 0.085984826 0.1262156 0.09640951 0.091330715 0.11302525 0.16170323 0.1105548 0.115577824 0.10765086 0.08827116 0.048958775 0.13098697 0.221258 0.09317682 0.068088494 0.1692968 0.17080314 0.102334686 0.09823018 0.06875217 0.086476296 0.054633256 0.12307742 0.06315112 0.08358896 0.113066904 0.10484267 0.09742021 0.07179464 0.050740503 0.04982796 0.08800354 0.09430708 0.18396953 0.27721977 0.076008916 0.31244472 0.12124378 0.082134105 0.08365342 0.15302725 0.13230065 0.14295174 0.044083204 0.09122302 0.13983442 0.09517778 0.06146011 0.05645246 0.07620585 0.08548758 0.1276754 0.19269203 0.14526387 0.053708613 0.08624363 0.04847181 0.053201597 0.11699081 0.14139503 0.15033637 0.19729975 0.17280187 0.110841535 0.15871333 0.10660788 0.12445446 0.053359367 0.070704326 0.14879109 0.06509827 0.09973846 0.111407675 0.1072269 0.11076634 0.12636012 0.0745276 0.07658476 0.12056183 0.10879145 0.084825926 0.08418407 0.11597011 0.16449901 0.12846068 0.12838854 0.11245658 0.11891604 0.20579664 0.12858348 0.0665912 0.074196406 0.0583605 0.093381345 0.17737646 0.108003065 0.11836632 0.14886355 0.12415081 0.08283021 0.113357164 0.111989856 0.102027975 0.09214741 0.092762835 0.12877856 0.12005008 0.12385199 0.13562779 0.07720961 0.045931276 0.09287524 0.08981613 0.055671792 0.12617955 0.09665861 0.08000621 0.15489428 0.06937054 0.13549472 0.12141135 0.25364423 0.079615645 0.08013432 0.04254271 0.122798644 0.05869366 0.088901475 0.06584067 0.08866688 0.040793203 0.06125784 0.23326537 0.06960349 0.11133366 0.08294033 0.08713559 0.13999784 0.16760458 0.09403007 0.14921372 0.082092255 0.104198195 0.049827483 0.12191496 0.05384873 0.07468324 0.061515376 0.101677895 0.22424439 0.13309565 0.10329254 0.084978506 0.13189723 0.15665893 0.13798052 0.14991161 0.066848844 0.15453848 0.1962515 0.09468465 0.06285798 0.10339331 0.07765978 0.24474415 0.13497347 0.15593493 0.077786714 0.074877426 0.057466045 0.08707241 0.11102677 0.06843585 0.161706 0.05017621 0.05265803 0.14541551 0.132209 0.066500105 0.08875961 0.094511226 0.124729045 0.07259584 0.13391858 0.09895133 0.05623197 0.051470526 0.20978047 0.15606925 0.1926974 0.07630232 0.051711556 0.056973346 0.059698578 0.04037368 0.09405297 0.13451096 0.10707604 0.10813722 0.13613664 0.15110828 0.12919907 0.061766177 0.047386754 0.076373816 0.071585834 0.06537878 0.051279366 0.05048496 0.05572174 0.10477651 0.10509732 0.23490965 0.10777407 0.13874461 0.11772739 0.050237924 0.2616581 0.05614657 0.1232087 0.049979564 0.10418413 0.11191462 0.09701519 0.111641675 0.0926816 0.08631257 0.11423846 0.09508971 0.19920796 0.15583569 0.095456034 0.14562152 0.16096446 0.12465343 0.12081885 0.05501103 0.08728618 0.13475832 0.10880442 0.23796424 0.0902173 0.04685028,0.00038459222 0.0006818577 0.00090836175 0.0005616129 0.00060352014 0.00076316774 0.0005260591 0.00046287017 0.0006142919 0.00082182256 0.0008063227 0.0014670332 0.00073817186 0.0006770459 0.0009938236 0.00075913 0.00071913947 0.0008899626 0.0012732538 0.00087051024 0.0009100616 0.0008476446 0.00069504854 0.00038550215 0.0010313935 0.0017421889 0.0007336757 0.00053612987 0.0013330457 0.0013449066 0.00080578495 0.000773466 0.0005413557 0.0006809157 0.0004301831 0.00096911355 0.0004972529 0.0006581808 0.0008902906 0.0008255328 0.00076708826 0.0005653121 0.0003995315 0.00039234615 0.00069294125 0.00074257544 0.0014485789 0.002182833 0.0005984954 0.0024601945 0.00095467543 0.00064672524 0.00065868837 0.001204939 0.0010417374 0.0011256043 0.00034711184 0.00071829144 0.0011010584 0.0007494313 0.00048393788 0.00044450758 0.00060004607 0.00067313056 0.0010053181 0.0015172601 0.00114381 0.00042290246 0.0006790837 0.00038166778 0.0004189102 0.0009211875 0.0011133467 0.0011837509 0.0015535413 0.0013606446 0.000872768 0.0012497113 0.0008394321 0.0009799564 0.0004201525 0.000556727 0.0011715834 0.0005125848 0.0007853422 0.0008772258 0.0008443063 0.00087217585 0.0009949616 0.0005868315 0.00060302956 0.0009493058 0.00085662556 0.0006679207 0.0006628667 0.0009131505 0.0012952678 0.0010115014 0.0010109334 0.0008854849 0.00093634677 0.001620446 0.0010124684 0.0005243402 0.00058422366 0.0004595315 0.00073528616 0.0013966651 0.0008504178 0.0009320183 0.001172154 0.0009775654 0.0006522064 0.0008925761 0.0008818099 0.00080336985 0.00072557013 0.00073041604 0.0010140045 0.00094527623 0.00097521255 0.0010679354 0.0006079497 0.00036166358 0.00073130114 0.00070721365 0.00043836058 0.0009935397 0.0007610914 0.00062997016 0.00121964 0.0005462247 0.0010668876 0.0009559949 0.0019971987 0.0006268948 0.0006309789 0.00033498197 0.0009669185 0.0004621548 0.0007000116 0.0005184305 0.0006981644 0.00032120632 0.0004823452 0.0018367352 0.00054805895 0.000876643 0.0006530735 0.000686107 0.0011023452 0.0013197211 0.0007403942 0.0011749112 0.0006463957 0.0008204582 0.0003923424 0.00095996034 0.00042400573 0.00058805704 0.00048437304 0.0008006134 0.0017657038 0.0010479973 0.0008133271 0.0006691221 0.0010385609 0.0012335349 0.0010864608 0.0011804064 0.00052636885 0.0012168385 0.0015452873 0.00074554846 0.0004949447 0.0008141205 0.0006114943 0.0019271193 0.0010627832 0.0012278341 0.00061249384 0.00058958604 0.00045248854 0.0006856095 0.00087422656 0.00053886493 0.0012732756 0.00039508828 0.00041463014 0.0011450041 0.0010410157 0.00052362285 0.00069889455 0.0007441829 0.0009821184 0.0005716208 0.0010544771 0.00077914435 0.00044277144 0.00040527972 0.0016518147 0.0012288918 0.0015173024 0.0006008057 0.0004071776 0.00044860903 0.00047006755 0.00031790297 0.00074057456 0.0010591415 0.0008431184 0.0008514742 0.001071942 0.001189829 0.0010173155 0.00048634785 0.00037312406 0.0006013686 0.00056366797 0.0005147935 0.00040377452 0.00039751935 0.00043875386 0.00082501187 0.00082753797 0.0018496823 0.0008486147 0.0010924772 0.0009269873 0.0003955742 0.0020603 0.00044209897 0.00097014726 0.00039353987 0.00082034746 0.0008812175 0.0007638991 0.00087906834 0.0007297764 0.00067962654 0.00089951546 0.0007487379 0.0015685667 0.0012270526 0.0007516223 0.0011466262 0.0012674367 0.0009815231 0.00095132954 0.00043315772 0.0006872928 0.0010610891 0.0008567277 0.0018737342 0.00071037246 0.00036889984,
101,256,,,0.004770726 0.004770726 0.004770726 0.004770726 0.004770726 0.004770726 0.004770726 0.004770726 0.004770726 0.004770726 0.004770726 0.004770726 0.004770726 0.004770726 0.004770726 0.004770726 0.004770726 0.004770726 0.004770726 0.004770726 0.004770726 0.004770726 0.004770726 0.004770726 0.004770726 0.004770726 0.004770726 0.004770726 0.004770726 0.004770726 0.004770726 0.004770726 0.004770726 0.004770726 0.004770726 0.004770726 0.004770726 0.004770726 0.004770726 0.004770726 0.004770726 0.004770726 0.004770726 0.004770726 0.004770726 0.004770726 0.004770726 0.004770726 0.004770726 0.004770726 0.004770726 0.004770726 0.004770726 0.004770726 0.004770726 0.004770726 0.004770726 0.004770726 0.004770726 0.004770726 0.004770726 0.004770726 0.004770726 0.004770726 0.004770726 0.004770726 0.004770726 0.004770726 0.004770726 0.004770726 0.004770726 0.004770726 0.004770726 0.004770726 0.004770726 0.004770726 0.004770726 0.004770726 0.004770726 0.004770726 0.004770726 0.004770726 0.004770726 0.004770726 0.004770726 0.004770726 0.004770726 0.004770726 0.004770726 0.004770726 0.004770726 0.004770726 0.004770726 0.004770726 0.004770726 0.004770726 0.004770726 0.004770726 0.004770726 0.004770726 0.004770726 0.004770726 0.004770726 0.004770726 0.004770726 0.004770726 0.004770726 0.004770726 0.004770726 0.004770726 0.004770726 0.004770726 0.004770726 0.004770726 0.004770726 0.004770726 0.004770726 0.004770726 0.004770726 0.004770726 0.004770726 0.004770726 0.004770726 0.004770726 0.004770726 0.004770726 0.004770726 0.004770726 0.004770726 0.004770726 0.004770726 0.004770726 0.004770726 0.004770726 0.004770726 0.004770726 0.004770726 0.004770726 0.004770726 0.004770726 0.004770726 0.004770726 0.004770726 0.004770726 0.004770726 0.004770726 0.004770726 0.004770726 0.004770726 0.004770726 0.004770726 0.004770726 0.004770726 0.004770726 0.004770726 0.004770726 0.004770726 0.004770726 0.004770726 0.004770726 0.004770726 0.004770726 0.004770726 0.004770726 0.004770726 0.004770726 0.004770726 0.004770726 0.004770726 0.004770726 0.004770726 0.004770726 0.004770726 0.004770726 0.004770726 0.004770726 0.004770726 0.004770726 0.004770726 0.004770726 0.004770726 0.004770726 0.004770726 0.004770726 0.004770726 0.004770726 0.004770726 0.004770726 0.004770726 0.004770726 0.004770726 0.004770726 0.004770726 0.004770726 0.004770726 0.004770726 0.004770726 0.004770726 0.004770726 0.004770726 0.004770726 0.004770726 0.004770726 0.004770726 0.004770726 0.004770726 0.004770726 0.004770726 0.004770726 0.004770726 0.004770726 0.004770726 0.004770726 0.004770726 0.004770726 0.004770726 0.004770726 0.004770726 0.004770726 0.004770726 0.004770726 0.004770726 0.004770726 0.004770726 0.004770726 0.004770726 0.004770726 0.004770726 0.004770726 0.004770726 0.004770726 0.004770726 0.004770726 0.004770726 0.004770726 0.004770726 0.004770726 0.004770726 0.004770726 0.004770726 0.004770726 0.004770726 0.004770726 0.004770726 0.004770726 0.004770726 0.004770726 0.004770726 0.004770726 0.004770726 0.004770726 0.004770726 0.004770726 0.004770726 0.004770726 0.004770726,15 14 14 14 14 14 14 15 14 14 14 13 14 14 13 14 14 14 13 14 14 14 14 15 13 13 14 14 13 13 14 14 14 14 15 14 14 14 14 14 14 14 15 15 14 14 13 12 14 12 14 14 14 13 13 13 15 14 13 14 15 15 14 14 13 13 13 15 14 15 15 14 13 13 13 13 14 13 14 13 15 14 13 14 14 14 14 14 13 14 14 14 14 14 14 14 13 13 13 14 14 13 13 14 14 15 14 13 14 14 13 13 14 14 14 14 14 14 13 14 13 13 14 15 14 14 15 13 14 14 13 14 13 14 12 14 14 15 14 15 14 14 14 15 15 13 14 14 14 14 13 13 14 13 14 14 15 14 15 14 15 14 13 13 14 14 13 13 13 13 14 13 13 14 14 14 14 13 13 13 14 14 15 14 14 14 13 15 15 13 13 14 14 14 13 14 13 14 15 15 13 13 13 14 15 15 15 15 14 13 14 14 13 13 13 15 15 14 14 14 15 15 15 14 14 13 14 13 14 15 12 15 14 15 14 14 14 14 14 14 14 14 13 13 14 13 13 13 14 15 14 13 14 13 14 15
106,1x1x256x256,0.527157 0.3806355 0.37727958 0.20989403 0.39396948 0.56487393 0.37545732 0.30921412 0.6047941 0.39336264 0.66344523 0.2881276 0.25022587 0.35362634 0.3147519 0.40986907 0.74230945 0.5694969 0.31810713 0.46579605 0.23176976 0.45630938 0.57733524 0.4042196 0.28276914 0.21918532 0.32698974 0.61155057 0.31971604 0.27734226 0.37438086 0.55393934 0.3678151 0.23471528 0.2593579 0.6517608 0.42955488 0.30743206 0.437819 0.36036906 0.29249215 0.21505287 0.30295977 0.47775322 0.5104068 0.32621965 0.36617452 0.40914184 0.37024996 0.31817123 0.26504192 0.25093207 0.29368752 0.33161628 0.44932723 0.27285355 0.5331892 0.19326384 0.3368922 0.23593141 0.6010243 0.4311127 0.3327379 0.29779926 0.36137575 0.3757052 0.26294804 0.25627095 0.2737388 0.22576147 0.5488398 0.28201574 0.24456121 0.24515696 0.31520042 0.24199827 0.30377227 0.35378978 0.7334837 0.27430376 0.43189898 0.32915732 0.3333084 0.5398661 0.36330178 0.42669955 0.3619278 0.49914813 0.5137582 0.2986392 0.18292478 0.43440413 0.20656991 0.20225106 1.0153327 0.21963042 0.46627554 0.26409823 0.23159523 0.26536387 0.2878389 0.38883767 0.2723141 0.32898456 0.47528765 0.31696227 0.52594984 0.25357965 0.26212564 0.2553838 0.43334705 0.23410162 0.28711474 0.26024613 0.67529064 0.20542283 0.53496486 0.2981054 0.31076437 0.27302063 0.43575487 0.31891334 0.30530685 0.2995818 0.3392794 0.29701933 0.6153214 0.6236176 0.2722329 0.40548635 0.51633376 0.3654619 0.59684527 0.40242887 0.39933932 0.38470116 0.27151617 0.20953985 0.29131898 0.2172184 0.49943972 0.394358 0.38118348 0.21915543 0.689648 0.61834997 0.24492003 0.47065654 0.26574978 0.1821581 0.3339118 0.2148781 0.28902504 0.20246893 0.20378034 0.47207236 0.30034518 0.5970986 0.2225132 0.41387326 0.2682757 0.4452851 0.59425306 0.3003853 0.42477375 0.24625139 0.94718283 0.17427926 0.28825265 0.3299674 0.67259145 0.4786513 0.177988 0.21346614 0.45545328 0.28558254 0.27412254 0.23074982 0.30167264 0.22181554 0.22442606 0.82719874 0.18740313 0.19038796 0.31744668 0.28328452 0.45967323 0.3190689 0.35785237 0.27270374 0.30686 0.48067743 0.348897 0.25990868 0.2969365 0.41810396 0.4269129 0.2790998 0.27613896 0.41254494 0.43319017 0.4100973 0.1592505 0.36007333 0.3919706 0.32595283 0.42416698 0.2177302 0.28821242 0.38166875 0.20426095 0.23660243 0.35434738 0.49052694 0.41326553 0.459727 0.12681115 0.38728625 0.28121352 0.23564838 0.2167697 0.28790483 0.29976508 0.51045877 0.34028882 0.34612283 0.21110836 0.28849685 0.26574367 0.42158395 0.15098602 0.43998194 0.26991343 0.45330098 0.5880627 0.29409012 0.24078771 0.20589696 0.51384336 0.20171243 0.41164002 0.49732548 0.18238865 0.1885009 0.16059491 0.7079867 0.37847614 0.358429 0.4332149 0.30675298 0.4149748 0.45146048 0.30620348 0.2403544 0.14940712 0.35790572,0.52709264 0.38058907 0.37723354 0.20986842 0.39392138 0.56480503 0.37541148 0.3091764 0.60472023 0.39331463 0.66336423 0.28809243 0.25019535 0.3535832 0.31471348 0.40981904 0.74221885 0.56942743 0.31806833 0.4657392 0.23174147 0.4562537 0.5772648 0.40417024 0.28273463 0.21915857 0.32694983 0.61147594 0.31967703 0.27730843 0.37433517 0.55387175 0.36777022 0.23468663 0.25932625 0.65168124 0.42950246 0.30739453 0.43776557 0.3603251 0.29245645 0.21502662 0.30292282 0.4776949 0.5103445 0.32617983 0.36612982 0.4090919 0.37020478 0.3181324 0.26500955 0.25090146 0.2936517 0.3315758 0.4492724 0.27282023 0.53312415 0.19324026 0.3368511 0.2359026 0.600951 0.43106008 0.3326973 0.2977629 0.36133164 0.37565938 0.26291594 0.25623965 0.2737054 0.22573392 0.5487729 0.28198132 0.24453136 0.24512704 0.31516197 0.24196874 0.3037352 0.3537466 0.73339415 0.27427027 0.4318463 0.32911715 0.33326772 0.53980017 0.36325747 0.42664745 0.36188364 0.4990872 0.5136955 0.29860276 0.18290246 0.43435112 0.2065447 0.20222637 1.0152087 0.21960361 0.46621862 0.26406598 0.23156697 0.2653315 0.2878038 0.3887902 0.27228087 0.3289444 0.47522962 0.3169236 0.52588564 0.25354868 0.26209363 0.25535262 0.43329418 0.23407304 0.28707972 0.2602144 0.6752083 0.20539775 0.53489953 0.29806903 0.31072646 0.2729873 0.43570167 0.31887442 0.3052696 0.29954523 0.339238 0.29698306 0.6152463 0.6235415 0.27219966 0.40543684 0.51627076 0.3654173 0.59677243 0.40237975 0.39929056 0.3846542 0.27148303 0.20951428 0.29128343 0.21719189 0.49937877 0.39430988 0.38113695 0.21912868 0.6895638 0.6182745 0.24489014 0.47059909 0.26571736 0.18213587 0.33387104 0.21485187 0.28898978 0.20244423 0.20375547 0.47201476 0.30030853 0.59702575 0.22248603 0.41382274 0.26824299 0.44523075 0.5941806 0.30034864 0.4247219 0.24622133 0.9470672 0.17425798 0.28821746 0.32992715 0.6725094 0.47859287 0.17796628 0.21344008 0.4553977 0.28554767 0.2740891 0.23072165 0.3016358 0.22178848 0.22439867 0.82709783 0.18738025 0.19036472 0.31740794 0.28324994 0.4596171 0.31903 0.35780868 0.27267048 0.30682257 0.48061875 0.34885445 0.25987694 0.29690027 0.41805294 0.4268608 0.27906573 0.27610525 0.41249457 0.4331373 0.41004723 0.15923105 0.3600294 0.39192277 0.32591304 0.4241152 0.21770363 0.28817725 0.38162217 0.20423602 0.23657355 0.35430413 0.4904671 0.41321507 0.4596709 0.12679568 0.38723898 0.28117922 0.23561962 0.21674323 0.2878697 0.2997285 0.5103965 0.34024727 0.34608057 0.2110826 0.28846163 0.26571125 0.42153248 0.1509676 0.43992826 0.26988047 0.45324564 0.58799094 0.2940542 0.24075833 0.20587182 0.51378065 0.20168781 0.4115898 0.4972648 0.18236639 0.18847789 0.1605753 0.70790035 0.37842995 0.35838526 0.43316203 0.30671555 0.41492414 0.4514054 0.3061661 0.24032508 0.1493889 0.35786206,0.0041503357 0.0029967644 0.0029703428 0.0016525072 0.003101743 0.0044472837 0.002955996 0.0024344597 0.0047615767 0.0030969656 0.0052233404 0.0022684443 0.0019700422 0.0027841197 0.002478059 0.0032269217 0.005844243 0.0044836807 0.002504475 0.0036672377 0.001824736 0.003592549 0.004545392 0.0031824429 0.002226257 0.0017256581 0.0025744082 0.004814771 0.0025171419 0.002183531 0.002947521 0.004361195 0.0028958286 0.0018479262 0.002041939 0.0051313485 0.003381909 0.0024204294 0.003446973 0.0028372055 0.0023028066 0.001693123 0.002385219 0.0037613772 0.004018461 0.002568345 0.0028829118 0.003221196 0.0029149982 0.0025049795 0.0020866895 0.001975602 0.002312218 0.0026108332 0.0035375778 0.0021481907 0.004197828 0.0015215768 0.0026523708 0.0018575009 0.0047318977 0.003394174 0.0026196637 0.0023445897 0.002845131 0.0029579478 0.0020702044 0.0020176352 0.0021551605 0.0017774324 0.004321046 0.0022203254 0.0019254438 0.0019301341 0.0024815903 0.0019052656 0.0023916156 0.0027854063 0.005774757 0.0021596083 0.0034003644 0.0025914735 0.0026241553 0.004250395 0.0028602951 0.0033594288 0.0028494776 0.0039298204 0.004044846 0.0023512028 0.0014401769 0.0034200875 0.0016263362 0.0015923337 0.00799377 0.0017291623 0.0036710128 0.0020792596 0.001823362 0.0020892245 0.0022661716 0.0030613402 0.002143944 0.0025901136 0.0037419656 0.0024954614 0.004140832 0.0019964464 0.0020637293 0.0020106505 0.0034117652 0.0018430948 0.0022604703 0.0020489322 0.0053166007 0.0016173052 0.004211807 0.0023470002 0.002446665 0.0021495062 0.0034307218 0.0025108221 0.0024036977 0.0023586238 0.0026711652 0.0023384492 0.0048444592 0.004909775 0.0021433043 0.0031924162 0.004065124 0.0028773015 0.0046989955 0.0031683445 0.0031440202 0.0030287732 0.0021376617 0.0016497187 0.0022935702 0.0017101724 0.003932116 0.0031048022 0.0030010783 0.0017254227 0.005429636 0.0048683034 0.0019282688 0.0037055046 0.0020922627 0.0014341407 0.0026289057 0.001691747 0.00227551 0.001594049 0.0016043738 0.0037166516 0.002364634 0.0047009904 0.0017518585 0.0032584467 0.0021121495 0.003505754 0.0046785874 0.00236495 0.003344267 0.0019387506 0.007457222 0.0013721101 0.0022694287 0.0025978514 0.0052953493 0.0037684478 0.0014013093 0.0016806305 0.0035858087 0.0022484069 0.002158182 0.0018167059 0.0023750851 0.001746366 0.0017669187 0.0065125814 0.0014754351 0.0014989348 0.0024992751 0.0022303145 0.0036190324 0.002512047 0.0028173912 0.0021470117 0.0024159257 0.0037843995 0.0027468854 0.0020462752 0.0023377973 0.0032917554 0.0033611087 0.0021973678 0.002174057 0.0032479886 0.0034105298 0.0032287184 0.0012537878 0.0028348772 0.003086006 0.0025662445 0.00333949 0.0017142018 0.0022691123 0.003004899 0.0016081576 0.0018627838 0.0027897963 0.0038619456 0.003253662 0.003619456 0.0009983912 0.003049126 0.0022140096 0.0018552726 0.0017066397 0.0022666906 0.002360067 0.0040188697 0.0026791124 0.0027250438 0.0016620676 0.0022713514 0.0020922145 0.0033191533 0.0011887213 0.0034640022 0.0021250432 0.0035688633 0.00462985 0.0023153876 0.0018957349 0.001621038 0.004045517 0.001588093 0.0032408645 0.003915471 0.0014359558 0.0014840779 0.0012643725 0.0055740187 0.0029797633 0.0028219311 0.0034107247 0.002415083 0.0032671192 0.0035543733 0.002410757 0.0018923235 0.0011762906 0.0028178114,
107,256,,,0.006528 0.006528 0.006528 0.006528 0.006528 0.006528 0.006528 0.006528 0.006528 0.006528 0.006528 0.006528 0.006528 0.006528 0.006528 0.006528 0.006528 0.006528 0.006528 0.006528 0.006528 0.006528 0.006528 0.006528 0.006528 0.006528 0.006528 0.006528 0.006528 0.006528 0.006528 0.006528 0.006528 0.006528 0.006528 0.006528 0.006528 0.006528 0.006528 0.006528 0.006528 0.006528 0.006528 0.006528 0.006528 0.006528 0.006528 0.006528 0.006528 0.006528 0.006528 0.006528 0.006528 0.006528 0.006528 0.006528 0.006528 0.006528 0.006528 0.006528 0.006528 0.006528 0.006528 0.006528 0.006528 0.006528 0.006528 0.006528 0.006528 0.006528 0.006528 0.006528 0.006528 0.006528 0.006528 0.006528 0.006528 0.006528 0.006528 0.006528 0.006528 0.006528 0.006528 0.006528 0.006528 0.006528 0.006528 0.006528 0.006528 0.006528 0.006528 0.006528 0.006528 0.006528 0.006528 0.006528 0.006528 0.006528 0.006528 0.006528 0.006528 0.006528 0.006528 0.006528 0.006528 0.006528 0.006528 0.006528 0.006528 0.006528 0.006528 0.006528 0.006528 0.006528 0.006528 0.006528 0.006528 0.006528 0.006528 0.006528 0.006528 0.006528 0.006528 0.006528 0.006528 0.006528 0.006528 0.006528 0.006528 0.006528 0.006528 0.006528 0.006528 0.006528 0.006528 0.006528 0.006528 0.006528 0.006528 0.006528 0.006528 0.006528 0.006528 0.006528 0.006528 0.006528 0.006528 0.006528 0.006528 0.006528 0.006528 0.006528 0.006528 0.006528 0.006528 0.006528 0.006528 0.006528 0.006528 0.006528 0.006528 0.006528 0.006528 0.006528 0.006528 0.006528 0.006528 0.006528 0.006528 0.006528 0.006528 0.006528 0.006528 0.006528 0.006528 0.006528 0.006528 0.006528 0.006528 0.006528 0.006528 0.006528 0.006528 0.006528 0.006528 0.006528 0.006528 0.006528 0.006528 0.006528 0.006528 0.006528 0.006528 0.006528 0.006528 0.006528 0.006528 0.006528 0.006528 0.006528 0.006528 0.006528 0.006528 0.006528 0.006528 0.006528 0.006528 0.006528 0.006528 0.006528 0.006528 0.006528 0.006528 0.006528 0.006528 0.006528 0.006528 0.006528 0.006528 0.006528 0.006528 0.006528 0.006528 0.006528 0.006528 0.006528 0.006528 0.006528 0.006528 0.006528 0.006528 0.006528 0.006528 0.006528 0.006528 0.006528 0.006528 0.006528 0.006528 0.006528 0.006528 0.006528 0.006528 0.006528 0.006528 0.006528 0.006528 0.006528 0.006528 0.006528 0.006528 0.006528 0.006528 0.006528 0.006528 0.006528,12 13 13 14 13 12 13 13 12 13 12 13 13 13 13 13 12 12 13 13 14 13 12 13 13 14 13 12 13 13 13 12 13 14 13 12 13 13 13 13 13 14 13 13 12 13 13 13 13 13 13 13 13 13 13 13 12 14 13 14 12 13 13 13 13 13 13 13 13 14 12 13 14 14 13 14 13 13 12 13 13 13 13 12 13 13 13 12 12 13 14 13 14 14 11 14 13 13 14 13 13 13 13 13 13 13 12 13 13 13 13 14 13 13 12 14 12 13 13 13 13 13 13 13 13 13 12 12 13 13 12 13 12 13 13 13 13 14 13 14 12 13 13 14 12 12 14 13 13 14 13 14 13 14 14 13 13 12 14 13 13 13 12 13 13 14 12 14 13 13 12 13 14 14 13 13 13 14 13 14 14 12 14 14 13 13 13 13 13 13 13 13 13 13 13 13 13 13 13 13 13 13 14 13 13 13 13 14 13 13 14 14 13 13 13 13 14 13 13 14 14 13 13 12 13 13 14 13 13 13 14 13 13 13 12 13 14 14 12 14 13 12 14 14 14 12 13 13 13 13 13 13 13 14 14 13
116,1x1x128x64,0.29423496 0.31918502 0.49663863 0.4193715 0.21811023 0.2502917 0.28861514 0.5157616 0.3255523 0.23651294 0.32683483 0.18692203 0.20864516 0.27252543 0.35077924 0.19656116 0.28973523 0.3205606 0.24194089 0.41881305 0.31941208 0.23228581 0.26119262 0.62045413 0.4093055 0.2768874 0.3039568 0.20156613 0.33815643 0.23775075 0.22890846 0.2734104 0.24338984 1.1558781 0.25188276 0.59727776 0.20162189 0.27491224 0.22700742 0.16533501 0.20293114 0.25288275 0.35653752 0.34810007 0.3290818 0.19099505 0.27879575 0.43035415 0.40230867 0.7079343 0.24089015 0.22688027 0.59881395 0.20532085 0.22047766 0.22671525 0.30462372 0.22988273 1.1040919 0.4585851 0.34323353 0.36765334 0.25028655 0.16110747,0.29419905 0.31914607 0.49657804 0.4193203 0.2180836 0.25026116 0.2885799 0.5156987 0.3255126 0.23648408 0.32679492 0.18689921 0.2086197 0.27249217 0.3507364 0.19653717 0.28969985 0.3205215 0.24191135 0.41876194 0.3193731 0.23225746 0.26116076 0.6203784 0.40925556 0.2768536 0.30391973 0.20154153 0.33811516 0.23772174 0.22888052 0.27337706 0.24336013 1.1557369 0.251852 0.59720486 0.20159727 0.27487868 0.22697972 0.16531484 0.20290637 0.2528519 0.356494 0.34805757 0.32904166 0.19097175 0.27876174 0.4303016 0.40225956 0.7078479 0.24086075 0.22685258 0.5987409 0.2052958 0.22045076 0.22668758 0.30458653 0.22985469 1.103957 0.45852914 0.34319165 0.3676085 0.250256 0.1610878,0.002316528 0.0025129612 0.0039100633 0.0033017346 0.0017171938 0.0019705603 0.0022722827 0.0040606195 0.0025630912 0.0018620794 0.0025731884 0.0014716474 0.0016426748 0.0021456077 0.002761704 0.0015475367 0.0022811012 0.0025237913 0.0019048138 0.003297338 0.0025147488 0.0018287989 0.002056384 0.0048848693 0.0032224848 0.0021799495 0.0023930687 0.0015869412 0.002662324 0.0018718247 0.0018022088 0.0021525752 0.0019162215 0.009100291 0.0019830866 0.0047024004 0.0015873801 0.002164399 0.0017872419 0.0013016916 0.001597688 0.00199096 0.0028070395 0.0027406109 0.002590879 0.0015037146 0.0021949743 0.0033882016 0.003167398 0.0055736057 0.0018965413 0.0017862408 0.004714495 0.0016165024 0.0017358328 0.0017849415 0.002398319 0.0018098794 0.008692576 0.0036104657 0.0027022965 0.002894555 0.0019705198 0.0012684078,
117,64,,,0.0056379763 0.0056379763 0.0056379763 0.0056379763 0.0056379763 0.0056379763 0.0056379763 0.0056379763 0.0056379763 0.0056379763 0.0056379763 0.0056379763 0.0056379763 0.0056379763 0.0056379763 0.0056379763 0.0056379763 0.0056379763 0.0056379763 0.0056379763 0.0056379763 0.0056379763 0.0056379763 0.0056379763 0.0056379763 0.0056379763 0.0056379763 0.0056379763 0.0056379763 0.0056379763 0.0056379763 0.0056379763 0.0056379763 0.0056379763 0.0056379763 0.0056379763 0.0056379763 0.0056379763 0.0056379763 0.0056379763 0.0056379763 0.0056379763 0.0056379763 0.0056379763 0.0056379763 0.0056379763 0.0056379763 0.0056379763 0.0056379763 0.0056379763 0.0056379763 0.0056379763 0.0056379763 0.0056379763 0.0056379763 0.0056379763 0.0056379763 0.0056379763 0.0056379763 0.0056379763 0.0056379763 0.0056379763 0.0056379763 0.0056379763,14 14 13 14 15 14 14 13 14 15 14 15 15 14 14 15 14 14 15 14 14 15 14 13 14 14 14 15 14 15 15 14 15 12 14 13 15 14 15 15 15 14 14 14 14 15 14 14 14 13 15 15 13 15 15 15 14 15 12 14 14 14 14 15
122,3x3x64x64,0.15184914 0.23964399 0.48498997 0.143945 0.17112152 0.18079054 0.1914829 0.16907467 0.30696443 0.23936608 0.17452274 0.2672273 0.30004072 0.2744115 0.3934365 0.28331462 0.28893343 0.14631206 0.42825857 0.47410172 0.1966569 0.21388677 0.27727082 0.2333367 0.21282327 0.36508325 0.20207629 0.23452994 0.15751427 0.17274857 0.17637207 0.21875189 0.24751745 0.13233462 0.22817664 0.1426607 0.2881307 0.29913145 0.19531329 0.3793044 0.19746447 0.14015518 0.16092797 0.47413903 0.5426849 0.24008706 0.29103056 0.20952393 0.18853697 0.3071781 0.22455713 0.26514018 0.37487903 0.21375325 0.16753857 0.18342689 0.256328 0.25906235 0.17926513 0.16552657 0.13384289 0.26250595 0.36370727 0.21189038,0.15183061 0.23961475 0.48493078 0.14392743 0.17110063 0.18076849 0.19145954 0.16905405 0.30692697 0.23933686 0.17450143 0.26719466 0.30000412 0.27437803 0.39338848 0.28328004 0.28889817 0.14629419 0.42820632 0.47404385 0.1966329 0.21386068 0.27723697 0.23330823 0.2127973 0.3650387 0.20205162 0.23450132 0.15749505 0.17272748 0.17635053 0.2187252 0.24748725 0.13231847 0.22814879 0.14264329 0.28809553 0.29909495 0.19528946 0.3792581 0.19744037 0.14013807 0.16090833 0.4740812 0.5426187 0.24005775 0.29099503 0.20949836 0.18851396 0.30714062 0.22452973 0.26510784 0.3748333 0.21372718 0.16751812 0.18340449 0.25629672 0.25903073 0.17924325 0.16550638 0.13382655 0.2624739 0.36366287 0.21186452,0.0011955167 0.0018867303 0.0038183527 0.0011332869 0.001347249 0.0014233739 0.0015075554 0.0013311342 0.0024167479 0.0018845422 0.001374027 0.002103895 0.0023622373 0.002160457 0.003097547 0.0022305516 0.0022747887 0.0011519227 0.0033717034 0.0037326287 0.0015482906 0.0016839423 0.0021829682 0.0018370727 0.0016755693 0.0028743204 0.0015909576 0.001846467 0.0012401185 0.0013600589 0.0013885868 0.0017222457 0.0019487184 0.0010418777 0.0017964472 0.0011231755 0.0022684687 0.0023550782 0.0015377123 0.0029862842 0.0015546486 0.0011034494 0.0012669947 0.0037329227 0.004272588 0.0018902185 0.0022912994 0.0016495934 0.001484362 0.00241843 0.0017679506 0.0020874634 0.0029514432 0.0016828912 0.0013190403 0.0014441299 0.0020180845 0.002039612 0.0014113642 0.0013031998 0.0010537524 0.0020667238 0.0028634872 0.0016682246,
123,64,,,0.0044300067 0.0044300067 0.0044300067 0.0044300067 0.0044300067 0.0044300067 0.0044300067 0.0044300067 0.0044300067 0.0044300067 0.0044300067 0.0044300067 0.0044300067 0.0044300067 0.0044300067 0.0044300067 0.0044300067 0.0044300067 0.0044300067 0.0044300067 0.0044300067 0.0044300067 0.0044300067 0.0044300067 0.0044300067 0.0044300067 0.0044300067 0.0044300067 0.0044300067 0.0044300067 0.0044300067 0.0044300067 0.0044300067 0.0044300067 0.0044300067 0.0044300067 0.0044300067 0.0044300067 0.0044300067 0.0044300067 0.0044300067 0.0044300067 0.0044300067 0.0044300067 0.0044300067 0.0044300067 0.0044300067 0.0044300067 0.0044300067 0.0044300067 0.0044300067 0.0044300067 0.0044300067 0.0044300067 0.0044300067 0.0044300067 0.0044300067 0.0044300067 0.0044300067 0.0044300067 0.0044300067 0.0044300067 0.0044300067 0.0044300067,15 15 14 15 15 15 15 15 14 15 15 14 14 14 14 14 14 15 14 14 15 15 14 15 15 14 15 15 15 15 15 15 15 15 15 15 14 14 15 14 15 15 15 14 13 15 14 15 15 14 15 14 14 15 15 15 14 14 15 15 15 14 14 15
128,3x3x64x64,0.22708969 0.21276398 0.12900579 0.107426636 0.16854006 0.17261954 0.09550481 0.27843 0.17748418 0.14792362 0.16498369 0.19622658 0.18444517 0.14394256 0.17773628 0.16909188 0.21889275 0.22123179 0.12470006 0.15210974 0.15710388 0.16262467 0.19497478 0.110281736 0.24215478 0.2309715 0.22235867 0.19325949 0.7002272 0.21183693 0.16108765 0.3290085 0.17008622 0.23760787 0.11878122 0.31753728 0.16693796 0.25475004 0.13185051 0.28728467 0.1461403 0.15629299 0.24811524 0.13150498 0.1667507 0.12759481 0.18253998 0.25995016 0.1707129 0.254808 0.20383513 0.20251314 0.36545405 0.18032527 0.31151578 0.28267467 0.21512885 0.4139034 0.19501418 0.23532712 0.2571301 0.092102885 0.16240837 0.15406294,0.22706197 0.21273802 0.12899005 0.10741353 0.16851948 0.17259847 0.09549315 0.27839604 0.17746253 0.14790556 0.16496356 0.19620264 0.18442267 0.143925 0.1777146 0.16907124 0.21886605 0.22120479 0.12468485 0.15209118 0.15708472 0.16260482 0.19495098 0.11026827 0.24212523 0.23094332 0.22233154 0.1932359 0.7001418 0.21181108 0.16106798 0.32896832 0.17006546 0.23757887 0.118766725 0.3174985 0.16691759 0.25471896 0.13183442 0.2872496 0.14612247 0.15627392 0.24808496 0.13148893 0.16673036 0.12757924 0.1825177 0.25991842 0.17069207 0.2547769 0.20381024 0.20248844 0.36540946 0.18030326 0.31147778 0.2826402 0.2151026 0.41385287 0.19499038 0.2352984 0.2570987 0.09209165 0.16238855 0.15404414,0.0017878895 0.0016751025 0.0010156697 0.0008457758 0.001326925 0.0013590431 0.0007519146 0.0021920947 0.0013973428 0.0011646107 0.0012989256 0.0015449027 0.001452147 0.0011332677 0.0013993275 0.0013312696 0.0017233547 0.00174177 0.0009817705 0.0011975683 0.0012368875 0.0012803529 0.0015350471 0.0008682541 0.0019064979 0.0018184513 0.0017506421 0.0015215426 0.0055129277 0.0016678037 0.0012682518 0.0025903017 0.0013390981 0.0018706998 0.0009351711 0.0024999883 0.0013143118 0.0020056611 0.0010380662 0.002261808 0.0011505706 0.0012305033 0.001953425 0.001035346 0.0013128375 0.001004561 0.0014371473 0.0020466018 0.001344032 0.0020061173 0.0016048051 0.0015943971 0.0028772398 0.0014197107 0.002452581 0.0022255133 0.0016937213 0.003258684 0.0015353573 0.0018527432 0.0020243993 0.0007251311 0.00127865 0.0012129459,
129,64,,,0.0053928886 0.0053928886 0.0053928886 0.0053928886 0.0053928886 0.0053928886 0.0053928886 0.0053928886 0.0053928886 0.0053928886 0.0053928886 0.0053928886 0.0053928886 0.0053928886 0.0053928886 0.0053928886 0.0053928886 0.0053928886 0.0053928886 0.0053928886 0.0053928886 0.0053928886 0.0053928886 0.0053928886 0.0053928886 0.0053928886 0.0053928886 0.0053928886 0.0053928886 0.0053928886 0.0053928886 0.0053928886 0.0053928886 0.0053928886 0.0053928886 0.0053928886 0.0053928886 0.0053928886 0.0053928886 0.0053928886 0.0053928886 0.0053928886 0.0053928886 0.0053928886 0.0053928886 0.0053928886 0.0053928886 0.0053928886 0.0053928886 0.0053928886 0.0053928886 0.0053928886 0.0053928886 0.0053928886 0.0053928886 0.0053928886 0.0053928886 0.0053928886 0.0053928886 0.0053928886 0.0053928886 0.0053928886 0.0053928886 0.0053928886,14 14 14 15 14 14 15 13 14 14 14 14 14 14 14 14 14 14 14 14 14 14 14 15 14 14 14 14 12 14 14 13 14 14 15 13 14 13 14 13 14 14 13 14 14 14 14 13 14 13 14 14 13 14 13 13 14 13 14 14 13 15 14 14
137,3x3x64x64,0.26447985 0.20271939 0.12953778 0.27061957 0.28573743 0.15499933 0.24428703 0.19210924 0.25133657 0.34292424 0.20302308 0.13482524 0.19258979 0.26218396 0.24928623 0.114635676 0.34413427 0.4163772 0.29733163 0.16968654 0.121597596 0.18038318 0.20337634 0.1784906 0.24978375 0.18968001 0.40476158 0.09815901 0.23024672 0.18277602 0.19837448 0.20388132 0.30220336 0.15526134 0.16067947 0.16070516 0.34439987 0.21326765 0.33457667 0.32875878 0.26505336 0.33562595 0.41144726 0.20473547 0.13731657 0.20055024 0.35778484 0.22703119 0.27234432 0.2328496 0.17650078 0.23103371 0.34569725 0.23534085 0.20435725 0.15714313 0.45538735 0.16746782 0.26998082 0.17989886 0.27835843 0.15648195 0.20289084 0.40091416,0.26444757 0.20269464 0.12952197 0.27058655 0.28570256 0.1549804 0.24425723 0.19208579 0.2513059 0.34288236 0.2029983 0.1348088 0.19256628 0.262152 0.24925582 0.11462169 0.34409228 0.41632637 0.29729536 0.16966584 0.121582754 0.18036115 0.20335153 0.17846881 0.24975328 0.18965685 0.40471217 0.09814703 0.23021863 0.18275371 0.19835028 0.20385644 0.3021665 0.1552424 0.16065986 0.16068555 0.34435782 0.21324164 0.33453584 0.32871863 0.265021 0.33558497 0.41139704 0.20471048 0.13729982 0.20052578 0.35774118 0.22700347 0.27231106 0.23282118 0.17647925 0.23100552 0.34565508 0.23531212 0.20433232 0.15712395 0.45533177 0.16744739 0.2699479 0.1798769 0.27832446 0.15646286 0.20286609 0.40086526,0.0020822643 0.0015960208 0.001019858 0.0021306027 0.0022496264 0.0012203181 0.0019232852 0.0015124865 0.0019787867 0.002699861 0.0015984118 0.0010614865 0.0015162699 0.002064189 0.0019626443 0.000902533 0.002709388 0.0032781605 0.0023409084 0.0013359515 0.00095734454 0.0014201666 0.0016011931 0.0014052662 0.0019665612 0.0014933611 0.00318671 0.00077281124 0.0018127451 0.0014390056 0.0015618133 0.0016051688 0.0023792638 0.0012223811 0.0012650383 0.0012652406 0.0027114789 0.001679068 0.0026341404 0.0025883357 0.0020867796 0.0026424013 0.0032393467 0.0016118935 0.0010811009 0.0015789431 0.0028168596 0.0017874289 0.0021441816 0.0018332376 0.0013896005 0.0018189411 0.0027216936 0.0018528514 0.001608916 0.0012371965 0.0035852895 0.0013184834 0.0021255738 0.0014163535 0.0021915312 0.0012319911 0.0015973708 0.0031564194,
138,64,,,0.0042772684 0.0042772684 0.0042772684 0.0042772684 0.0042772684 0.0042772684 0.0042772684 0.0042772684 0.0042772684 0.0042772684 0.0042772684 0.0042772684 0.0042772684 0.0042772684 0.0042772684 0.0042772684 0.0042772684 0.0042772684 0.0042772684 0.0042772684 0.0042772684 0.0042772684 0.0042772684 0.0042772684 0.0042772684 0.0042772684 0.0042772684 0.0042772684 0.0042772684 0.0042772684 0.0042772684 0.0042772684 0.0042772684 0.0042772684 0.0042772684 0.0042772684 0.0042772684 0.0042772684 0.0042772684 0.0042772684 0.0042772684 0.0042772684 0.0042772684 0.0042772684 0.0042772684 0.0042772684 0.0042772684 0.0042772684 0.0042772684 0.0042772684 0.0042772684 0.0042772684 0.0042772684 0.0042772684 0.0042772684 0.0042772684 0.0042772684 0.0042772684 0.0042772684 0.0042772684 0.0042772684 0.0042772684 0.0042772684 0.0042772684,14 15 15 14 14 15 15 15 14 14 15 15 15 14 14 16 14 14 14 15 16 15 15 15 14 15 14 16 15 15 15 15 14 15 15 15 14 15 14 14 14 14 14 15 15 15 14 15 14 15 15 15 14 15 15 15 14 15 14 15 14 15 15 14
143,3x3x64x64,0.19487755 0.21367253 0.20450379 0.2012422 0.15726195 0.17832758 0.13191833 0.25275788 0.20563586 0.1672632 0.16231965 0.18366392 0.20283665 0.14693865 0.14921789 0.19941114 0.17201078 0.22140025 0.16567461 0.3431245 0.13100204 0.22125229 0.18859914 0.13344622 0.21680416 0.24264242 0.20294699 0.17950086 0.27315173 0.10464147 0.19730777 0.16692786 0.26796892 0.19320612 0.16876332 0.25877485 0.16838871 0.3020619 0.18677436 0.12596148 0.27316353 0.16260561 0.17098555 0.24174218 0.15755355 0.13875651 0.15846594 0.20379825 0.19362336 0.25896004 0.21446465 0.1965538 0.21939048 0.21183267 0.16884615 0.20629965 0.26215455 0.68805915 0.12445937 0.2323422 0.25638217 0.16297373 0.13934168 0.15322691,0.19485377 0.21364646 0.20447883 0.20121764 0.15724276 0.17830582 0.13190222 0.25272703 0.20561077 0.16724278 0.16229983 0.18364151 0.2028119 0.14692071 0.14919968 0.1993868 0.17198978 0.22137322 0.16565439 0.34308264 0.13098605 0.22122529 0.18857613 0.13342993 0.21677771 0.24261281 0.20292222 0.17947896 0.2731184 0.1046287 0.19728369 0.16690749 0.2679362 0.19318253 0.16874273 0.2587433 0.16836816 0.30202502 0.18675157 0.12594612 0.2731302 0.16258578 0.17096467 0.24171267 0.15753432 0.13873957 0.1584466 0.20377338 0.19359973 0.25892842 0.21443847 0.1965298 0.2193637 0.21180682 0.16882554 0.20627448 0.26212257 0.68797517 0.12444419 0.23231384 0.25635087 0.16295384 0.13932468 0.15320821,0.0015342816 0.0016822555 0.0016100695 0.0015843909 0.001238132 0.0014039829 0.0010386001 0.0019899767 0.0016189824 0.0013168723 0.0012779514 0.0014459961 0.001596944 0.001156856 0.0011748007 0.0015699748 0.0013542502 0.0017430962 0.0013043652 0.002701438 0.0010313862 0.0017419314 0.0014848515 0.0010506294 0.0017069111 0.0019103371 0.0015978127 0.0014132202 0.0021505386 0.000823848 0.0015534149 0.0013142322 0.0021097339 0.0015211223 0.0013286829 0.0020373487 0.0013257335 0.0023781497 0.0014704849 0.0009917017 0.0021506315 0.001280203 0.0013461786 0.0019032494 0.0012404277 0.0010924375 0.001247611 0.0016045148 0.0015244073 0.0020388064 0.0016884919 0.0015474788 0.0017272732 0.0016677702 0.0013293349 0.0016242085 0.0020639573 0.005417127 0.0009798754 0.0018292428 0.0020185108 0.001283101 0.0010970447 0.0012063639,
144,64,,,0.004594058 0.004594058 0.004594058 0.004594058 0.004594058 0.004594058 0.004594058 0.004594058 0.004594058 0.004594058 0.004594058 0.004594058 0.004594058 0.004594058 0.004594058 0.004594058 0.004594058 0.004594058 0.004594058 0.004594058 0.004594058 0.004594058 0.004594058 0.004594058 0.004594058 0.004594058 0.004594058 0.004594058 0.004594058 0.004594058 0.004594058 0.004594058 0.004594058 0.004594058 0.004594058 0.004594058 0.004594058 0.004594058 0.004594058 0.004594058 0.004594058 0.004594058 0.004594058 0.004594058 0.004594058 0.004594058 0.004594058 0.004594058 0.004594058 0.004594058 0.004594058 0.004594058 0.004594058 0.004594058 0.004594058 0.004594058 0.004594058 0.004594058 0.004594058 0.004594058 0.004594058 0.004594058 0.004594058 0.004594058,15 15 15 15 15 15 15 14 15 15 15 15 15 15 15 15 15 15 15 14 15 15 15 15 15 15 15 15 14 16 15 15 14 15 15 14 15 14 15 15 14 15 15 15 15 15 15 15 15 14 15 15 15 15 15 15 14 13 15 15 14 15 15 15
152,1x1x128x64,0.32526422 0.4559007 0.25108376 0.38735038 0.31602386 0.29488716 0.4913521 0.4605566 0.7698014 0.38562825 0.5243205 0.2946649 0.30770174 0.39039657 0.2860673 0.5175309 0.3677065 0.28261524 0.59510916 0.6267682 0.31592402 0.45409188 0.28887844 0.33354166 0.36356765 0.29026335 0.36631337 0.24326651 0.27600577 0.36972776 0.32753155 0.4004535 0.31988418 0.27319843 0.34167936 0.36515224 0.28684577 0.35194573 0.36828586 0.30693194 0.90259933 0.38560778 0.2530824 0.6429984 0.43274567 0.4217898 0.31514114 0.4006028 0.4010893 0.33698216 0.54271966 0.35734323 0.36397082 0.6322891 0.45129707 0.3327532 0.3355402 0.30874527 0.29437813 0.45530462 0.24297976 0.2996463 0.41650552 0.3091508,0.32522452 0.45584506 0.25105312 0.3873031 0.3159853 0.29485118 0.49129215 0.4605004 0.76970744 0.3855812 0.5242565 0.29462895 0.3076642 0.39034894 0.28603238 0.5174678 0.36766163 0.28258073 0.5950365 0.62669164 0.31588548 0.45403647 0.28884318 0.33350095 0.36352327 0.29022795 0.36626866 0.24323681 0.2759721 0.36968264 0.32749158 0.40040463 0.31984514 0.2731651 0.34163767 0.36510766 0.2868108 0.35190278 0.36824092 0.30689448 0.9024892 0.38556072 0.2530515 0.64291996 0.43269286 0.42173833 0.3151027 0.40055388 0.40104035 0.33694103 0.54265344 0.3572996 0.36392638 0.632212 0.451242 0.33271262 0.33549926 0.30870757 0.2943422 0.45524904 0.24295011 0.29960972 0.4164547 0.30911306,0.002560823 0.0035893312 0.0019767962 0.003049631 0.0024880732 0.0023216628 0.003868442 0.0036259873 0.0060606883 0.0030360725 0.004128004 0.002319913 0.0024225526 0.0030736136 0.0022522234 0.00407455 0.0028949734 0.002225045 0.004685327 0.00493458 0.0024872874 0.0035750903 0.0022743559 0.0026259918 0.002862388 0.0022852595 0.0028840052 0.0019152504 0.0021730086 0.002910887 0.002578674 0.0031527923 0.0025184657 0.0021509062 0.0026900603 0.0028748633 0.0022583527 0.0027708882 0.0028995348 0.002416492 0.007106214 0.0030359111 0.0019925314 0.0050623617 0.0034070304 0.0033207743 0.0024811237 0.0031539677 0.003157798 0.002653079 0.004272862 0.0028133825 0.002865562 0.004978047 0.0035530867 0.0026197843 0.0026417265 0.0024307682 0.0023176551 0.003584638 0.001912993 0.0023591316 0.003279171 0.002433961,
153,64,,,0.005168222 0.005168222 0.005168222 0.005168222 0.005168222 0.005168222 0.005168222 0.005168222 0.005168222 0.005168222 0.005168222 0.005168222 0.005168222 0.005168222 0.005168222 0.005168222 0.005168222 0.005168222 0.005168222 0.005168222 0.005168222 0.005168222 0.005168222 0.005168222 0.005168222 0.005168222 0.005168222 0.005168222 0.005168222 0.005168222 0.005168222 0.005168222 0.005168222 0.005168222 0.005168222 0.005168222 0.005168222 0.005168222 0.005168222 0.005168222 0.005168222 0.005168222 0.005168222 0.005168222 0.005168222 0.005168222 0.005168222 0.005168222 0.005168222 0.005168222 0.005168222 0.005168222 0.005168222 0.005168222 0.005168222 0.005168222 0.005168222 0.005168222 0.005168222 0.005168222 0.005168222 0.005168222 0.005168222 0.005168222,15 15 15 15 15 15 15 15 14 15 14 15 15 15 15 14 15 15 14 14 15 15 15 15 15 15 15 16 15 15 15 15 15 15 15 15 15 15 15 15 14 15 15 14 15 15 15 15 15 15 14 15 15 14 15 15 15 15 15 15 16 15 15 15
161,1x1x128x128,0.34282872 0.2857561 0.3769941 0.41178963 0.4372185 0.43684104 0.46113944 0.3634766 0.51754034 0.36207563 0.3562691 0.39068204 1.0063334 0.49612883 0.3744565 0.29563138 0.3064567 0.59611726 0.43140274 0.47771987 0.40900815 0.32036668 0.3362896 0.42501837 0.79356635 0.44417125 0.33488965 0.4696352 0.46150613 0.25893778 0.30990875 0.58332366 0.2744602 0.27747843 0.2831778 0.42921206 0.50147635 0.5293234 0.34517425 0.25870267 0.32268906 0.4195521 0.28311023 0.2917535 0.4243834 0.4504622 0.52974415 0.38503587 0.29527333 0.29993024 0.37392563 0.4821089 0.37527528 0.43843397 0.44898728 0.36882135 0.7507418 0.30460078 0.57008505 0.40807825 0.5632682 0.43940696 0.37474564 0.3761577 0.33201024 0.27831888 0.40479383 1.1508954 0.573295 0.44873837 0.321797 0.43422866 0.3433447 0.566815 0.4094582 0.41205215 0.51303446 0.3959964 0.34036002 0.340061 0.6480973 0.35622177 0.3642834 0.47069865 0.41466564 0.67420954 0.48268443 0.34849396 0.3092209 0.9535185 0.43170744 0.5598365 0.57687885 0.30013996 0.26128587 0.5093371 0.42043573 0.37774697 0.2642066 0.3794759 0.33885908 0.36009303 0.4556314 0.52368826 0.46393645 0.40429375 0.32349402 0.30521312 0.46670637 0.40102407 0.38517025 0.49233922 0.31416598 0.32438967 0.41318166 0.38526624 0.43553048 0.70164 0.34130406 0.39252064 0.37790984 0.5425885 0.3118273 0.39523822 0.25635138 0.5229763 0.28477055 0.2912106,0.34278688 0.28572124 0.3769481 0.41173935 0.4371651 0.43678772 0.46108314 0.36343223 0.5174772 0.36203146 0.3562256 0.39063436 1.0062106 0.4960683 0.37441078 0.29559532 0.3064193 0.59604454 0.4313501 0.47766155 0.40895823 0.32032758 0.33624858 0.42496648 0.7934695 0.44411704 0.33484876 0.46957788 0.4614498 0.25890616 0.30987093 0.58325243 0.2744267 0.27744454 0.28314325 0.4291597 0.50141513 0.5292588 0.3451321 0.25867108 0.32264966 0.4195009 0.28307566 0.29171792 0.4243316 0.45040724 0.52967954 0.3849889 0.2952373 0.29989365 0.37388 0.48205006 0.37522948 0.43838045 0.4489325 0.36877632 0.75065017 0.30456358 0.5700155 0.40802845 0.5631994 0.43935332 0.37469992 0.37611178 0.33196974 0.27828494 0.40474445 1.1507549 0.573225 0.44868362 0.32175773 0.43417567 0.3433028 0.5667459 0.40940824 0.41200185 0.5129718 0.39594808 0.34031847 0.34001952 0.6480182 0.3561783 0.36423898 0.47064123 0.41461504 0.6741272 0.48262554 0.34845144 0.30918315 0.9534021 0.43165475 0.55976814 0.57680845 0.30010334 0.26125398 0.50927496 0.42038444 0.37770087 0.26417434 0.37942958 0.33881775 0.3600491 0.4555758 0.5236243 0.46387982 0.40424442 0.32345456 0.30517587 0.4666494 0.40097514 0.38512322 0.49227914 0.31412765 0.32435006 0.41313124 0.38521925 0.43547732 0.7015544 0.34126243 0.3924727 0.37786373 0.54252225 0.31178924 0.39519 0.2563201 0.52291244 0.2847358 0.29117507,0.0026991093 0.0022497736 0.0029680952 0.0032420421 0.003442245 0.0034392735 0.003630576 0.0028616711 0.004074624 0.0028506415 0.0028049261 0.0030758611 0.007922918 0.0039060495 0.0029481163 0.0023275223 0.0024127504 0.004693264 0.0033964575 0.0037611146 0.0032201435 0.0025222644 0.0026476267 0.0033461929 0.0062477915 0.0034969845 0.0026366045 0.0036974635 0.003633463 0.0020386311 0.0024399285 0.004592539 0.0021608402 0.0021846027 0.0022294745 0.0033792101 0.0039481507 0.004167392 0.0027175758 0.0020367801 0.0025405486 0.0033031567 0.0022289422 0.0022969914 0.0033411938 0.0035465136 0.004170705 0.0030314086 0.0023247031 0.0023613672 0.002943937 0.0037956699 0.002954563 0.0034518146 0.0035349017 0.0029037506 0.0059106313 0.0023981384 0.004488311 0.0032128224 0.004434641 0.003459475 0.0029503931 0.00296151 0.002613935 0.00219122 0.0031869642 0.009061063 0.0045135827 0.003532942 0.0025335255 0.0034187061 0.0027031715 0.0044625658 0.003223687 0.003244109 0.0040391483 0.0031177015 0.002679673 0.002677319 0.0051025054 0.0028045536 0.0028680235 0.0037058364 0.0032646854 0.0053080884 0.0038002012 0.0027437122 0.002434513 0.007507103 0.0033988564 0.0044076233 0.004541799 0.0023630185 0.0020571179 0.004010039 0.0033101137 0.0029740226 0.002080113 0.0029876344 0.0026678562 0.0028350323 0.003587211 0.004123026 0.003652597 0.003183027 0.0025468862 0.0024029596 0.003674405 0.0031572846 0.0030324664 0.0038762137 0.002473446 0.0025539375 0.003253002 0.0030332224 0.0034289553 0.0055240504 0.0026871057 0.0030903362 0.002975305 0.0042718286 0.0024550334 0.0031117322 0.0020182685 0.004117421 0.0022420143 0.002292717,
162,128,,,0.004961525 0.004961525 0.004961525 0.004961525 0.004961525 0.004961525 0.004961525 0.004961525 0.004961525 0.004961525 0.004961525 0.004961525 0.004961525 0.004961525 0.004961525 0.004961525 0.004961525 0.004961525 0.004961525 0.004961525 0.004961525 0.004961525 0.004961525 0.004961525 0.004961525 0.004961525 0.004961525 0.004961525 0.004961525 0.004961525 0.004961525 0.004961525 0.004961525 0.004961525 0.004961525 0.004961525 0.004961525 0.004961525 0.004961525 0.004961525 0.004961525 0.004961525 0.004961525 0.004961525 0.004961525 0.004961525 0.004961525 0.004961525 0.004961525 0.004961525 0.004961525 0.004961525 0.004961525 0.004961525 0.004961525 0.004961525 0.004961525 0.004961525 0.004961525 0.004961525 0.004961525 0.004961525 0.004961525 0.004961525 0.004961525 0.004961525 0.004961525 0.004961525 0.004961525 0.004961525 0.004961525 0.004961525 0.004961525 0.004961525 0.004961525 0.004961525 0.004961525 0.004961525 0.004961525 0.004961525 0.004961525 0.004961525 0.004961525 0.004961525 0.004961525 0.004961525 0.004961525 0.004961525 0.004961525 0.004961525 0.004961525 0.004961525 0.004961525 0.004961525 0.004961525 0.004961525 0.004961525 0.004961525 0.004961525 0.004961525 0.004961525 0.004961525 0.004961525 0.004961525 0.004961525 0.004961525 0.004961525 0.004961525 0.004961525 0.004961525 0.004961525 0.004961525 0.004961525 0.004961525 0.004961525 0.004961525 0.004961525 0.004961525 0.004961525 0.004961525 0.004961525 0.004961525 0.004961525 0.004961525 0.004961525 0.004961525 0.004961525 0.004961525,15 15 15 15 15 15 15 15 14 15 15 15 13 14 15 15 15 14 15 15 15 15 15 15 14 15 15 15 15 15 15 14 15 15 15 15 14 14 15 15 15 15 15 15 15 15 14 15 15 15 15 15 15 15 15 15 14 15 14 15 14 15 15 15 15 15 15 13 14 15 15 15 15 14 15 15 14 15 15 15 14 15 15 15 15 14 15 15 15 14 15 14 14 15 15 14 15 15 15 15 15 15 15 14 15 15 15 15 15 15 15 15 15 15 15 15 15 14 15 15 15 14 15 15 15 14 15 15
171,1x1x384x256,0.6267434 0.22140124 0.1575575 0.12240104 0.1354639 0.39603606 0.31132564 0.18614113 0.27241457 0.19017789 0.206902 0.16872506 0.38147932 0.28664586 0.2705016 0.14990786 0.24363433 0.17557003 0.14181408 0.27022946 0.39481595 0.15175591 0.26480058 0.11761721 0.17453605 0.23827323 0.1460324 0.28958902 0.12132521 0.2780274 0.19388692 0.25154912 0.25554803 0.15889654 0.37179482 0.21557797 0.71659404 0.15525222 0.27600977 0.15103847 0.20540665 0.23563814 0.39725843 0.2410503 0.14299434 0.26082617 0.31604975 0.18265201 0.2718175 0.5187284 0.18812604 0.21364768 0.23063993 0.29730365 0.12827584 0.29599753 0.5492535 0.50106335 0.46911094 0.20655224 0.14033891 0.39677548 0.19045445 0.321739 0.1341017 0.17918609 0.80242336 0.21973129 0.27490836 0.18911088 0.3125029 0.16859399 0.35536256 0.23539557 0.31969362 0.28422037 0.4379104 0.23082682 0.2804118 0.26504526 0.45769635 0.4216302 0.16057882 0.3241214 0.20444524 0.17507066 0.16007993 0.20798649 0.13617012 0.22124855 0.24059753 0.3248654 0.25742912 0.3206917 0.26279688 0.2175015 0.21001787 0.284918 0.17237535 0.38309932 0.23063447 0.29939094 0.24566174 0.2906499 0.2992362 0.23063093 0.24503615 0.38917056 0.5218122 0.108971685 0.21358566 0.20300299 0.20502672 0.3074625 0.1971515 0.31366584 0.12649362 0.33740398 0.24356689 0.3664685 0.19641824 0.16028096 0.123006 0.3456926 0.22425225 0.43378884 0.19880752 0.19655883 0.21519978 0.29293084 0.34095314 0.3764675 0.32517093 0.2744951 0.21565841 0.16604891 0.37484908 0.28955755 0.25284484 0.15116666 0.11564573 0.14183344 0.39177686 0.43292987 0.23430443 0.5442153 0.32136723 0.22193946 0.22825558 0.2707069 0.35462216 0.27165124 0.2052411 0.13632469 0.0964335 0.22802293 0.25347415 0.2362595 0.14649533 0.41130158 0.19522688 0.22407535 0.22640802 0.28483027 0.24314694 0.23051447 0.17839901 0.3694888 0.23748761 0.35676807 0.24981795 0.30027527 0.121463075 0.39453137 0.19696353 0.27998826 0.1848048 0.66572267 0.33195484 0.28872845 0.38781634 0.27775973 0.19501038 0.1902136 0.13965613 0.27705047 0.13745879 0.36107892 0.27083644 0.36173388 0.38185906 0.21624075 0.25192064 0.31388378 0.35254365 0.12209022 0.28267348 0.23070398 0.5078992 0.24224824 0.32373914 0.4775385 0.17680612 0.367639 0.2010275 0.31041545 0.44359297 0.34185034 0.42355776 0.2310433 0.1774071 0.3732854 0.21949117 0.31542724 0.20385017 0.27244654 0.24228716 0.21122663 0.29923484 0.18081182 0.4944521 0.19043085 0.21045548 0.18246743 0.20496394 0.41195157 0.15930572 0.338108 0.20087871 0.27645284 0.23924807 0.2502709 0.19660835 0.5511213 0.19887222 0.4343549 0.24202706 0.2244218 0.12464053 0.27934346 0.17747065 0.2768928 0.22597696 0.27671194 0.17685382 0.49696204 0.12639974 0.4404853 0.14388171 0.24951756 0.29588372 0.25987804 0.36542985 0.11283403 0.21935035 0.24564153,0.62666684 0.22137421 0.15753826 0.1223861 0.13544735 0.39598772 0.31128764 0.18611841 0.27238134 0.19015469 0.20687675 0.16870447 0.38143277 0.28661087 0.27046862 0.14988957 0.24360459 0.1755486 0.14179677 0.2701965 0.39476776 0.15173739 0.26476824 0.11760286 0.17451474 0.23824415 0.14601457 0.28955367 0.1213104 0.27799347 0.19386326 0.25151843 0.25551683 0.15887713 0.37174943 0.21555167 0.7165066 0.15523328 0.27597606 0.15102004 0.20538157 0.23560938 0.39720994 0.24102089 0.1429769 0.26079434 0.3160112 0.18262972 0.27178434 0.5186651 0.18810308 0.2136216 0.23061179 0.29726735 0.1282602 0.2959614 0.5491865 0.5010022 0.4690537 0.20652704 0.14032178 0.39672706 0.1904312 0.32169974 0.13408533 0.17916423 0.8023254 0.21970448 0.27487484 0.1890878 0.31246477 0.16857341 0.3553192 0.23536684 0.3196546 0.28418568 0.43785697 0.23079865 0.28037757 0.2650129 0.45764047 0.42157876 0.16055922 0.3240818 0.20442028 0.17504929 0.16006039 0.2079611 0.1361535 0.22122155 0.24056816 0.32482573 0.2573977 0.32065257 0.2627648 0.21747495 0.20999224 0.28488326 0.17235431 0.38305256 0.23060632 0.2993544 0.24563175 0.29061443 0.29919967 0.23060279 0.24500625 0.38912308 0.5217485 0.108958386 0.21355958 0.20297822 0.2050017 0.307425 0.19712745 0.31362754 0.12647818 0.33736283 0.24353716 0.3664238 0.19639428 0.16026141 0.12299099 0.34565043 0.2242249 0.43373588 0.19878326 0.19653484 0.21517351 0.2928951 0.34091154 0.37642157 0.32513127 0.2744616 0.2156321 0.16602865 0.37480333 0.28952223 0.25281397 0.15114821 0.11563161 0.14181614 0.39172903 0.43287703 0.23427583 0.54414886 0.321328 0.22191238 0.22822772 0.27067387 0.35457888 0.27161807 0.20521605 0.13630804 0.09642173 0.22799511 0.2534432 0.23623067 0.14647745 0.41125137 0.19520305 0.224048 0.22638038 0.2847955 0.24311726 0.23048633 0.17837724 0.3694437 0.23745863 0.35672453 0.24978746 0.30023864 0.121448256 0.39448324 0.1969395 0.2799541 0.18478225 0.6656414 0.3319143 0.2886932 0.387769 0.27772582 0.19498658 0.19019039 0.13963908 0.27701667 0.13744201 0.36103487 0.2708034 0.36168972 0.38181248 0.21621436 0.2518899 0.31384546 0.35250065 0.12207532 0.282639 0.23067582 0.50783724 0.24221867 0.32369965 0.47748023 0.17678455 0.36759412 0.20100296 0.31037757 0.44353884 0.34180862 0.42350605 0.2310151 0.17738545 0.37323987 0.21946439 0.31538877 0.2038253 0.2724133 0.24225758 0.21120085 0.2991983 0.18078975 0.49439174 0.19040762 0.2104298 0.18244515 0.20493893 0.4119013 0.15928629 0.33806676 0.2008542 0.2764191 0.23921886 0.25024036 0.19658436 0.551054 0.19884795 0.4343019 0.24199753 0.22439441 0.124625325 0.27930936 0.17744899 0.27685902 0.22594938 0.27667817 0.17683223 0.4969014 0.12638432 0.44043154 0.14386414 0.24948712 0.29584762 0.25984633 0.36538523 0.11282026 0.21932358 0.24561155,0.0049343845 0.0017431041 0.0012404588 0.0009636701 0.0010665146 0.0031180135 0.0024510839 0.0014654993 0.0021447348 0.001497281 0.0016289508 0.0013283816 0.0030034077 0.0022567785 0.0021296742 0.0011802329 0.0019181464 0.0013822725 0.00111651 0.0021275315 0.0031084076 0.0011947827 0.0020847893 0.0009260068 0.0013741318 0.0018759381 0.001149721 0.00227995 0.0009552 0.002188925 0.0015264823 0.00198046 0.0020119436 0.001251001 0.0029271608 0.0016972573 0.005641784 0.0012223093 0.0021730398 0.0011891341 0.0016171777 0.001855192 0.0031276373 0.0018978022 0.0011258023 0.0020534988 0.0024882772 0.0014380293 0.0021400342 0.004083977 0.0014811266 0.0016820598 0.0018158408 0.0023406877 0.0010099228 0.0023304047 0.0043243035 0.003944899 0.0036933362 0.0016261971 0.0011048958 0.0031238352 0.0014994583 0.0025330689 0.00105579 0.0014107419 0.006317523 0.0017299565 0.0021643688 0.0014888803 0.0024603526 0.0013273497 0.002797789 0.0018532822 0.0025169654 0.0022376825 0.0034476926 0.0018173122 0.0022076974 0.0020867158 0.0036034682 0.003319518 0.0012642458 0.0025518253 0.0016096085 0.0013783409 0.0012603181 0.001637489 0.0010720749 0.001741902 0.0018942375 0.002557683 0.0020267537 0.0025248234 0.0020690144 0.0017124012 0.0016534822 0.0022431752 0.0013571206 0.003016162 0.0018157978 0.0023571213 0.0019341083 0.0022883026 0.002355903 0.0018157699 0.001929183 0.0030639612 0.0041082557 0.00085794006 0.0016815715 0.0015982537 0.0016141866 0.0024206692 0.0015521846 0.0024695082 0.0009958912 0.0026564002 0.0019176154 0.0028852266 0.0015464117 0.0012619009 0.000968433 0.002721657 0.0017655503 0.0034152432 0.0015652225 0.0015475184 0.0016942796 0.0023062606 0.002684343 0.0029639495 0.0025600886 0.002161115 0.0016978906 0.0013073122 0.0029512073 0.0022797026 0.0019906613 0.0011901434 0.0009104851 0.0011166625 0.0030844805 0.0034084807 0.0018446916 0.0042846366 0.0025301417 0.0017473416 0.0017970686 0.0021312903 0.0027919598 0.002138725 0.0016158744 0.0010732916 0.00075922627 0.0017952371 0.001995616 0.001860084 0.0011533657 0.0032381997 0.0015370318 0.0017641576 0.0017825227 0.0022424841 0.0019143091 0.001814853 0.0014045452 0.0029090056 0.001869753 0.0028088547 0.0019668303 0.0023640837 0.00095628545 0.0031061673 0.0015507047 0.002204363 0.0014549784 0.005241271 0.0026134984 0.0022731747 0.0030532994 0.0021868173 0.0015353274 0.0014975622 0.0010995204 0.0021812336 0.0010822206 0.0028427942 0.00213231 0.0028479504 0.0030063975 0.0017024752 0.001983385 0.0024712242 0.0027755958 0.000961223 0.002225504 0.001816345 0.003998718 0.0019072336 0.0025488161 0.0037596868 0.0013920043 0.0028944418 0.0015827004 0.0024439178 0.003492432 0.0026914065 0.0033346934 0.0018190165 0.0013967358 0.0029388967 0.0017280661 0.002483376 0.0016049236 0.0021449868 0.00190754 0.0016629988 0.0023558922 0.0014235413 0.0038928483 0.0014992725 0.0016569276 0.001436576 0.0016136924 0.0032433174 0.0012542227 0.002661943 0.0015815292 0.0021765283 0.0018836131 0.0019703966 0.0015479083 0.0043390077 0.0015657318 0.0034197 0.0019054923 0.0017668852 0.0009813018 0.0021992864 0.0013972361 0.0021799922 0.0017791289 0.0021785684 0.0013923798 0.0039126095 0.0009951522 0.003467965 0.0011327885 0.0019644655 0.0023295088 0.0020460342 0.0028770491 0.0008883485 0.0017269573 0.0019339492,
172,256,,,0.005392888 0.005392888 0.005392888 0.005392888 0.005392888 0.005392888 0.005392888 0.005392888 0.005392888 0.005392888 0.005392888 0.005392888 0.005392888 0.005392888 0.005392888 0.005392888 0.005392888 0.005392888 0.005392888 0.005392888 0.005392888 0.005392888 0.005392888 0.005392888 0.005392888 0.005392888 0.005392888 0.005392888 0.005392888 0.005392888 0.005392888 0.005392888 0.005392888 0.005392888 0.005392888 0.005392888 0.005392888 0.005392888 0.005392888 0.005392888 0.005392888 0.005392888 0.005392888 0.005392888 0.005392888 0.005392888 0.005392888 0.005392888 0.005392888 0.005392888 0.005392888 0.005392888 0.005392888 0.005392888 0.005392888 0.005392888 0.005392888 0.005392888 0.005392888 0.005392888 0.005392888 0.005392888 0.005392888 0.005392888 0.005392888 0.005392888 0.005392888 0.005392888 0.005392888 0.005392888 0.005392888 0.005392888 0.005392888 0.005392888 0.005392888 0.005392888 0.005392888 0.005392888 0.005392888 0.005392888 0.005392888 0.005392888 0.005392888 0.005392888 0.005392888 0.005392888 0.005392888 0.005392888 0.005392888 0.005392888 0.005392888 0.005392888 0.005392888 0.005392888 0.005392888 0.005392888 0.005392888 0.005392888 0.005392888 0.005392888 0.005392888 0.005392888 0.005392888 0.005392888 0.005392888 0.005392888 0.005392888 0.005392888 0.005392888 0.005392888 0.005392888 0.005392888 0.005392888 0.005392888 0.005392888 0.005392888 0.005392888 0.005392888 0.005392888 0.005392888 0.005392888 0.005392888 0.005392888 0.005392888 0.005392888 0.005392888 0.005392888 0.005392888 0.005392888 0.005392888 0.005392888 0.005392888 0.005392888 0.005392888 0.005392888 0.005392888 0.005392888 0.005392888 0.005392888 0.005392888 0.005392888 0.005392888 0.005392888 0.005392888 0.005392888 0.005392888 0.005392888 0.005392888 0.005392888 0.005392888 0.005392888 0.005392888 0.005392888 0.005392888 0.005392888 0.005392888 0.005392888 0.005392888 0.005392888 0.005392888 0.005392888 0.005392888 0.005392888 0.005392888 0.005392888 0.005392888 0.005392888 0.005392888 0.005392888 0.005392888 0.005392888 0.005392888 0.005392888 0.005392888 0.005392888 0.005392888 0.005392888 0.005392888 0.005392888 0.005392888 0.005392888 0.005392888 0.005392888 0.005392888 0.005392888 0.005392888 0.005392888 0.005392888 0.005392888 0.005392888 0.005392888 0.005392888 0.005392888 0.005392888 0.005392888 0.005392888 0.005392888 0.005392888 0.005392888 0.005392888 0.005392888 0.005392888 0.005392888 0.005392888 0.005392888 0.005392888 0.005392888 0.005392888 0.005392888 0.005392888 0.005392888 0.005392888 0.005392888 0.005392888 0.005392888 0.005392888 0.005392888 0.005392888 0.005392888 0.005392888 0.005392888 0.005392888 0.005392888 0.005392888 0.005392888 0.005392888 0.005392888 0.005392888 0.005392888 0.005392888 0.005392888 0.005392888 0.005392888 0.005392888 0.005392888 0.005392888 0.005392888 0.005392888 0.005392888 0.005392888 0.005392888 0.005392888 0.005392888 0.005392888 0.005392888 0.005392888 0.005392888 0.005392888 0.005392888 0.005392888 0.005392888 0.005392888 0.005392888 0.005392888 0.005392888 0.005392888,12 14 14 15 14 13 13 14 13 14 14 14 13 13 13 14 14 14 14 13 13 14 13 15 14 14 14 13 15 13 14 13 13 14 13 14 12 14 13 14 14 14 13 14 14 13 13 14 13 12 14 14 14 13 14 13 12 12 13 14 14 13 14 13 14 14 12 14 13 14 13 14 13 14 13 13 13 14 13 13 13 13 14 13 14 14 14 14 14 14 14 13 13 13 13 14 14 13 14 13 14 13 14 13 13 14 14 13 12 15 14 14 14 13 14 13 14 13 14 13 14 14 15 13 14 13 14 14 14 13 13 13 13 13 14 14 13 13 13 14 15 14 13 13 14 12 13 14 14 13 13 13 14 14 15 14 13 14 14 13 14 14 14 13 14 14 14 13 14 13 13 13 15 13 14 13 14 12 13 13 13 13 14 14 14 13 14 13 13 13 13 14 13 13 13 15 13 14 12 14 13 13 14 13 14 13 13 13 13 14 14 13 14 13 14 13 14 14 13 14 13 14 14 14 14 13 14 13 14 13 14 13 14 12 14 13 14 14 14 13 14 13 14 13 14 12 14 13 14 13 13 13 13 15 14 14
177,3x3x256x512,0.15680747 0.12212362 0.09751809 0.05235048 0.06791927 0.05922223 0.13240722 0.06394929 0.102617525 0.061033905 0.07470279 0.09375886 0.06698425 0.13465215 0.0951168 0.088145256 0.15156986 0.12414079 0.06951542 0.061853103 0.09253614 0.102003604 0.06257659 0.09211755 0.074079275 0.05602973 0.081589244 0.06819358 0.08511291 0.06631797 0.05529791 0.10200238 0.09057639 0.07812043 0.09846651 0.0873459 0.06585436 0.06682261 0.064080656 0.11919716 0.04628444 0.06549378 0.11528448 0.062375013 0.082586005 0.14856167 0.10568891 0.074753955 0.083883084 0.31138554 0.073896766 0.07525104 0.15436155 0.094968215 0.074488334 0.04898797 0.077412315 0.090131536 0.08856804 0.095196076 0.053688686 0.07467751 0.16693373 0.07519044 0.16653104 0.0838279 0.05757301 0.1117692 0.07207888 0.20782347 0.11240299 0.10453029 0.0653986 0.18763383 0.070286036 0.4262808 0.094001524 0.06897938 0.13907796 0.07505032 0.18204077 0.13214163 0.07127295 0.10293608 0.15118843 0.09877379 0.123982236 0.05895467 0.10735596 0.106650166 0.085034944 0.051006984 0.058463845 0.043060586 0.053850964 0.07585603 0.09063299 0.13355914 0.07787535 0.08589833 0.1566227 0.36327133 0.06846299 0.09961519 0.10479197 0.11512129 0.08175773 0.111455694 0.14944422 0.14562123 0.16117601 0.06904295 0.06715402 0.061461445 0.09849404 0.053784274 0.08040728 0.09557588 0.056293745 0.04907073 0.076974995 0.09765333 0.12591794 0.07383104 0.06780069 0.041319825 0.07827555 0.048088733 0.06805508 0.16115145 0.20858613 0.085041955 0.05473913 0.17867187 0.120375715 0.16201548 0.096742645 0.083358094 0.04742737 0.08723596 0.14285736 0.10837741 0.08526441 0.06426028 0.058675006 0.08801506 0.15355696 0.06737987 0.061694495 0.11449956 0.10870081 0.15049069 0.07066485 0.14540716 0.06591688 0.18248852 0.107025534 0.04454164 0.10703522 0.0722938 0.15561531 0.06679531 0.089022316 0.053338997 0.08881504 0.1336805 0.110771425 0.07600379 0.062145684 0.048947144 0.059671666 0.054614447 0.059914082 0.15946516 0.06392807 0.06872695 0.30644542 0.10082544 0.07054148 0.15327208 0.0900374 0.094609 0.045218468 0.071820915 0.19906734 0.057625193 0.08849357 0.06925832 0.11377541 0.0880908 0.1323647 0.058355857 0.03752032 0.09047236 0.08783109 0.083866365 0.20513299 0.07880654 0.06301858 0.09084208 0.27685228 0.11957672 0.14705683 0.13793464 0.09954202 0.18496221 0.07422925 0.05992148 0.08068707 0.075748615 0.05223641 0.09694284 0.068453 0.10487747 0.066225015 0.10177927 0.08363389 0.1930002 0.11169513 0.10846337 0.058781136 0.13986674 0.09266157 0.080107674 0.10621606 0.0491789 0.09805699 0.15581657 0.080219515 0.07426186 0.04854776 0.13531747 0.086893305 0.120096415 0.16709492 0.1304889 0.05449069 0.07936817 0.06023035 0.116397075 0.173857 0.054978583 0.08867419 0.07774677 0.06529765 0.08219415 0.1374068 0.080431305 0.083943546 0.051033404 0.05144636 0.08706824 0.10970051 0.12229558 0.07482684 0.05943931 0.17758301 0.051003158 0.048350837 0.058250893 0.06788354 0.12222074 0.06669513 0.10220865 0.15337211 0.12150105 0.08185105 0.10328208 0.16532277 0.12496609 0.10389041 0.06726758 0.108502604 0.08599434 0.057729337 0.11705933 0.103838585 0.07729199 0.06701093 0.07819355 0.07602423 0.07896234 0.093828924 0.1722423 0.111851335 0.06526617 0.13155101 0.065002084 0.08393151 0.05119748 0.16209671 0.14783859 0.07249746 0.09735175 0.07748807 0.07500612 0.06976783 0.06653393 0.14451672 0.080376856 0.06541514 0.065148115 0.056554094 0.047986303 0.103612185 0.07814754 0.060416494 0.10722814 0.26831505 0.07512169 0.084596604 0.08375995 0.053958625 0.09933136 0.13104689 0.08467832 0.10354144 0.14032629 0.07295686 0.06446094 0.0598171 0.10485693 0.10792911 0.114934005 0.13838436 0.059786525 0.119247586 0.13665718 0.07296735 0.08935777 0.09915908 0.061118305 0.058445606 0.12576126 0.07277514 0.05967867 0.09124316 0.05020132 0.07491085 0.05359931 0.14342038 0.09029925 0.05644578 0.06587578 0.13543098 0.07770951 0.0911752 0.06420425 0.081397235 0.11132 0.11043586 0.0743731 0.051709626 0.057645623 0.07509432 0.11660485 0.054554638 0.062210083 0.13361119 0.0930014 0.10753741 0.059569903 0.05638862 0.15243004 0.12910919 0.114578344 0.098300084 0.05324936 0.057561383 0.100896455 0.1030588 0.07529681 0.053983644 0.15172428 0.077248216 0.078484334 0.06284101 0.085861765 0.05404739 0.10173847 0.059195872 0.1927628 0.07321289 0.060108032 0.16445184 0.084632754 0.1769173 0.0812882 0.116375364 0.06330498 0.067498 0.08572006 0.1045443 0.07358971 0.08897616 0.09501706 0.11808112 0.13104296 0.043281738 0.08948976 0.06350308 0.07497967 0.073782206 0.12793744 0.069763154 0.123880036 0.22192569 0.074022055 0.051205304 0.12240784 0.14077602 0.07732786 0.10097316 0.07746335 0.11175911 0.058675878 0.1431202 0.18823107 0.09112935 0.085069776 0.09974401 0.20458393 0.055326357 0.06817781 0.08163863 0.06908054 0.064861774 0.07908912 0.06352082 0.056043714 0.07299668 0.13946652 0.05303369 0.061146468 0.13423385 0.09319627 0.057316676 0.124826334 0.15954648 0.25365165 0.1268336 0.06470125 0.07527758 0.08509497 0.18675287 0.08403278 0.11209298 0.10215578 0.05731955 0.06446202 0.10567964 0.071610205 0.06366922 0.24496332 0.06140532 0.0754097 0.08787408 0.0729659 0.06782602 0.05902458 0.14761741 0.04299382 0.0492644 0.11793801 0.15020207 0.041339867 0.08387117 0.1144525 0.05359583 0.079891756 0.058109038 0.09828018 0.10564549 0.072096094 0.07270131 0.08813007 0.0528511 0.07392618 0.06675776 0.09404375 0.0499852 0.06464038 0.07559873 0.06766268 0.12715487 0.053652786 0.08876144 0.05721367 0.08449514 0.07394155 0.15405627 0.05770204 0.09097603 0.07988172 0.14627726 0.15934211 0.118513145 0.1156144 0.12116803 0.04565177 0.09979429 0.0684646 0.050096314 0.060839836 0.078277566 0.05905762 0.06709361 0.093999095 0.053882204 0.046633247 0.116778105 0.19830082,0.15678832 0.12210871 0.09750618 0.05234409 0.067910984 0.059215 0.13239105 0.06394148 0.102605 0.061026454 0.07469368 0.093747415 0.06697608 0.13463572 0.09510519 0.0881345 0.15155135 0.12412564 0.06950694 0.061845552 0.09252485 0.101991154 0.062568955 0.092106305 0.07407023 0.056022894 0.08157928 0.068185255 0.08510252 0.06630987 0.055291165 0.10198993 0.09056534 0.0781109 0.09845449 0.087335244 0.06584633 0.06681446 0.06407284 0.11918261 0.04627879 0.06548578 0.115270406 0.0623674 0.082575925 0.14854355 0.10567601 0.07474483 0.08387285 0.24324858 0.07388774 0.075241864 0.15434271 0.09495663 0.074479245 0.04898199 0.07740287 0.09012053 0.088557236 0.09518445 0.053682134 0.0746684 0.16691336 0.07518127 0.16651072 0.08381767 0.057565983 0.11175556 0.07207009 0.20779811 0.112389274 0.104517534 0.065390624 0.18761094 0.07027745 0.34632063 0.09399006 0.06897096 0.13906099 0.07504115 0.18201855 0.13212551 0.071264245 0.10292352 0.15116999 0.09876174 0.1239671 0.058947474 0.107342854 0.10663715 0.085024565 0.05100076 0.058456708 0.043055333 0.053844392 0.07584678 0.09062193 0.13354284 0.077865854 0.08588785 0.15660359 0.363227 0.06845463 0.099603035 0.10477918 0.115107246 0.081747755 0.1114421 0.14942598 0.14560346 0.16115634 0.069034524 0.067145824 0.061453942 0.09848201 0.05377771 0.080397464 0.09556422 0.056286875 0.049064744 0.0769656 0.097641416 0.12590256 0.07382202 0.06779242 0.041314784 0.078265995 0.048082862 0.06804678 0.16113178 0.20856066 0.08503158 0.054732446 0.17865005 0.12036102 0.16199571 0.09673084 0.08334792 0.047421586 0.08722531 0.14283992 0.10836419 0.085254006 0.06425244 0.058667846 0.08800432 0.15353823 0.06737165 0.061686967 0.11448559 0.10868755 0.15047233 0.070656225 0.14538941 0.06590884 0.18246625 0.10701247 0.044536203 0.10702216 0.07228498 0.15559632 0.06678716 0.08901145 0.053332485 0.0888042 0.13366418 0.1107579 0.075994514 0.0621381 0.048941173 0.059664384 0.054607783 0.05990677 0.1594457 0.06392027 0.06871857 0.30640802 0.100813136 0.070532866 0.15325336 0.09002641 0.09459746 0.045212947 0.071812145 0.19904304 0.05761816 0.088482775 0.06924986 0.11376153 0.08808005 0.13234855 0.058348738 0.03751574 0.09046132 0.08782037 0.083856136 0.20510796 0.07879692 0.063010894 0.090831 0.2768185 0.119562134 0.14703888 0.13791782 0.09952987 0.18493964 0.07422019 0.059914168 0.080677226 0.07573937 0.052230034 0.09693101 0.06844464 0.10486467 0.06621693 0.10176685 0.083623685 0.19297665 0.111681506 0.10845014 0.058773965 0.13984968 0.09265026 0.0800979 0.106203094 0.049172897 0.09804502 0.15579756 0.080209725 0.07425279 0.048541833 0.13530095 0.086882696 0.12008176 0.16707453 0.13047299 0.05448404 0.07935848 0.060223 0.116382875 0.17383578 0.054971874 0.08866336 0.07773728 0.06528968 0.08218411 0.13739002 0.080421485 0.0839333 0.051027175 0.05144008 0.08705761 0.10968712 0.12228066 0.07481771 0.059432056 0.17756133 0.050996933 0.048344936 0.05824378 0.06787526 0.12220582 0.06668699 0.10219618 0.1533534 0.121486224 0.08184107 0.10326947 0.16530259 0.12495084 0.10387774 0.06725937 0.10848936 0.08598385 0.057722293 0.11704504 0.10382591 0.077282555 0.06700276 0.07818401 0.07601494 0.0789527 0.09381747 0.17222129 0.111837685 0.065258205 0.13153495 0.06499416 0.08392127 0.051191233 0.16207694 0.14782055 0.07248861 0.097339876 0.07747861 0.07499697 0.06975932 0.06652581 0.1444991 0.08036705 0.06540716 0.065140165 0.056547195 0.047980446 0.10359954 0.078138 0.06040912 0.10721505 0.2682823 0.07511252 0.084586285 0.08374973 0.053952042 0.099319234 0.13103089 0.08466799 0.103528805 0.14030915 0.07294796 0.06445307 0.059809804 0.10484414 0.10791594 0.11491998 0.13836746 0.05977923 0.11923303 0.1366405 0.07295845 0.08934687 0.09914698 0.061110847 0.058438476 0.1257459 0.07276626 0.059671387 0.09123203 0.050195195 0.07490171 0.053592768 0.14340289 0.09028823 0.056438893 0.065867744 0.13541445 0.07770003 0.09116407 0.06419642 0.0813873 0.11130641 0.11042238 0.07436403 0.051703315 0.057638586 0.075085156 0.11659062 0.05454798 0.06220249 0.13359487 0.09299005 0.10752428 0.059562635 0.056381736 0.15241143 0.12909342 0.11456436 0.09828809 0.05324286 0.05755436 0.10088415 0.10304622 0.07528762 0.053977057 0.15170577 0.07723878 0.07847476 0.06283334 0.08585128 0.054040797 0.10172605 0.059188645 0.1927393 0.07320396 0.060100697 0.16443177 0.08462242 0.17689571 0.08127829 0.11636116 0.06329726 0.067489766 0.0857096 0.104531534 0.07358073 0.0889653 0.09500546 0.11806671 0.13102697 0.043276455 0.089478835 0.06349533 0.07497052 0.073773205 0.12792182 0.069754645 0.12386492 0.22189862 0.07401302 0.051199052 0.1223929 0.14075884 0.07731843 0.100960836 0.0774539 0.11174548 0.058668718 0.14310274 0.1882081 0.09111823 0.08505939 0.09973183 0.19816728 0.055319604 0.06816949 0.081628665 0.06907211 0.064853854 0.079079464 0.06351306 0.056036875 0.07298778 0.1394495 0.053027216 0.061139006 0.13421746 0.0931849 0.057309683 0.124811105 0.15952702 0.2536207 0.12681812 0.064693354 0.075268395 0.08508459 0.18673009 0.08402252 0.1120793 0.10214331 0.057312556 0.06445415 0.10566674 0.071601465 0.06366145 0.24493343 0.06139783 0.0754005 0.08786335 0.072956994 0.06781774 0.05901738 0.1475994 0.042988572 0.04925839 0.11792362 0.15018374 0.04133482 0.083860934 0.11443854 0.05358929 0.07988201 0.05810195 0.09826818 0.105632596 0.072087295 0.07269244 0.08811932 0.052844647 0.07391716 0.06674961 0.094032265 0.049979102 0.06463249 0.0755895 0.067654416 0.12713934 0.05364624 0.08875061 0.057206687 0.08448483 0.07393253 0.15403748 0.057694994 0.09096493 0.07987197 0.14625941 0.15932266 0.11849868 0.11560029 0.12115325 0.0456462 0.09978212 0.06845624 0.0500902 0.06083241 0.078268014 0.059050415 0.06708542 0.09398763 0.05387563 0.04662756 0.11676385 0.19827662,0.0012345536 0.0009614859 0.0007677652 0.0004121582 0.0005347322 0.00046625987 0.0010424493 0.0005034762 0.00080791337 0.00048052325 0.0005881392 0.0007381686 0.00052737066 0.0010601238 0.0007488598 0.0006939724 0.0011933177 0.0009773673 0.00054729875 0.00048697286 0.0007285421 0.00080308 0.00049266894 0.0007252465 0.00058323017 0.00044112516 0.0006423566 0.00053689175 0.0006700986 0.00052212493 0.0004353635 0.0008030703 0.0007131129 0.0006150465 0.0007752322 0.0006876791 0.0005184751 0.0005260981 0.00050451054 0.00093844574 0.00036439992 0.0005156361 0.000907641 0.00049108185 0.00065020414 0.0011696343 0.0008320946 0.00058854197 0.00066041615 0.0019153432 0.00058179325 0.0005924556 0.0012152969 0.00074769 0.00058645074 0.00038568498 0.0006094714 0.00070961047 0.00069730106 0.0007494839 0.00042269396 0.00058794016 0.0013142785 0.0005919785 0.001311108 0.0006599816 0.00045327545 0.000879965 0.00056748104 0.0016362056 0.00088495493 0.00082297274 0.0005148868 0.0014772515 0.00055336574 0.0027269342 0.0007400792 0.00054307847 0.0010949684 0.0005908752 0.001433217 0.0010403583 0.00056113576 0.0008104214 0.0011903149 0.0007776515 0.0009761189 0.00046415333 0.0008452193 0.0008396626 0.0006694848 0.0004015808 0.00046028904 0.00033901838 0.0004239716 0.0005972187 0.0007135585 0.0010515184 0.00061311695 0.0006762823 0.0012330991 0.0028600553 0.00053901284 0.0007842759 0.0008250329 0.00090635626 0.00064368313 0.00087749684 0.0011765825 0.0011464839 0.0012689476 0.00054357894 0.0005287073 0.0004838893 0.0007754489 0.00042344653 0.0006330509 0.0007524741 0.00044320375 0.00038633656 0.00060602836 0.00076883007 0.0009913588 0.0005812758 0.0005337986 0.00032531327 0.0006162677 0.0003786052 0.0005358014 0.0012687542 0.00164221 0.00066953996 0.00043096414 0.0014066934 0.00094772456 0.0012755567 0.00076166017 0.0006562828 0.0003733983 0.0006868135 0.0011247238 0.0008532613 0.0006712914 0.00050592475 0.00046195154 0.0006929474 0.0012089624 0.0005304855 0.00048572416 0.00090146135 0.0008558075 0.0011848215 0.00055634824 0.0011447985 0.0005189673 0.0014367421 0.0008426179 0.00035067878 0.00084269413 0.0005691731 0.0012251679 0.00052588317 0.0007008776 0.00041994083 0.00069924566 0.0010524738 0.0008721095 0.000598382 0.00048927637 0.00038536356 0.0004697983 0.00042998255 0.00047170685 0.001255478 0.0005033092 0.0005410911 0.0024126614 0.00079380424 0.0005553769 0.0012067194 0.00070886937 0.0007448619 0.00035600745 0.00056544994 0.001567268 0.00045368628 0.00069671473 0.0005452745 0.0008957601 0.0006935437 0.0010421146 0.0004594389 0.00029539954 0.00071229384 0.000691499 0.00066028454 0.0016150232 0.0006204482 0.0004961488 0.0007152047 0.0021796734 0.0009414341 0.0011577865 0.0010859671 0.00078369974 0.0014562176 0.0005844109 0.0004717651 0.00063525373 0.000596373 0.00041126012 0.0007632363 0.0005389342 0.00082570605 0.00052139314 0.0008013138 0.0006584542 0.0015195012 0.00087938196 0.0008539381 0.0004627871 0.0011011786 0.0007295296 0.0006306921 0.00083624484 0.00038718816 0.00077200803 0.0012267524 0.0006315726 0.00058466766 0.00038221915 0.0010653618 0.0006841157 0.00094552565 0.0013155475 0.0010273464 0.00042900819 0.00062486995 0.00047419683 0.0009164006 0.0013687857 0.0004328494 0.0006981367 0.00061210454 0.000514092 0.000647119 0.0010818111 0.00063324004 0.0006608921 0.00040178877 0.00040504 0.000685493 0.0008636781 0.0009628398 0.00058911584 0.00046796893 0.0013981207 0.00040155064 0.0003806688 0.00045861246 0.00053445087 0.0009622506 0.0005250944 0.0008046943 0.001207507 0.00095658447 0.0006444178 0.0008131455 0.0013015952 0.0009838649 0.0008179349 0.00052960136 0.0008542469 0.0006770382 0.00045450625 0.00092161447 0.0008175269 0.0006085241 0.0005275808 0.0006156221 0.00059854286 0.0006216748 0.00073872023 0.0013560732 0.0008806117 0.00051384413 0.0010357082 0.000511765 0.0006607974 0.00040308057 0.0012761963 0.0011639413 0.00057077646 0.0007664557 0.0006100678 0.0005905273 0.00054928596 0.0005238253 0.0011377882 0.00063281145 0.00051501696 0.0005129147 0.0004452535 0.0003777988 0.0008157444 0.00061525987 0.00047566238 0.00084421295 0.002112459 0.00059143716 0.00066603377 0.00065944664 0.00042481924 0.0007820412 0.0010317393 0.0006666771 0.00081518746 0.0011047965 0.0005743934 0.0005075045 0.00047094334 0.0008255444 0.0008497318 0.00090488174 0.0010895076 0.0004707026 0.0009388427 0.0010759095 0.00057447597 0.0007035187 0.0007806849 0.00048118777 0.00046014547 0.0009901252 0.0005729627 0.00046985343 0.00071836245 0.00039523776 0.00058977725 0.0004219903 0.0011291566 0.00071093097 0.00044440074 0.00051864365 0.0010662555 0.00061181124 0.0007178273 0.00050548365 0.00064084487 0.0008764284 0.00086946756 0.0005855435 0.0004071127 0.00045384714 0.0005912217 0.0009180364 0.00042951165 0.0004897834 0.0010519281 0.0007322051 0.0008466479 0.0004689971 0.00044395067 0.00120009 0.0010164836 0.00090208155 0.00077392196 0.00041923512 0.00045318395 0.0007943634 0.0008113876 0.00059281586 0.0004250162 0.0011945337 0.00060817937 0.0006179115 0.0004947507 0.0006759943 0.00042551808 0.0008009925 0.00046605233 0.0015176323 0.0005764091 0.00047323384 0.0012947383 0.0006663183 0.0013928796 0.00063998654 0.0009162296 0.0004984036 0.00053141546 0.0006748788 0.0008230829 0.00057937583 0.0007005141 0.0007480745 0.0009296592 0.0010317084 0.0003407595 0.00070455775 0.00049996324 0.00059031905 0.0005808914 0.0010072584 0.0005492492 0.0009753143 0.0017472332 0.00058277964 0.00040314216 0.00096372364 0.0011083373 0.00060880656 0.0007949672 0.0006098732 0.0008798856 0.0004619584 0.0011267932 0.0014819535 0.0007174664 0.000669759 0.00078529003 0.0015603723 0.00043558743 0.00053676765 0.0006427454 0.0005438749 0.0005106603 0.00062267296 0.0005001029 0.00044123523 0.00057470694 0.0010980276 0.00041753714 0.0004814095 0.0010568304 0.0007337394 0.00045125734 0.0009827646 0.0012561183 0.0019970136 0.0009985679 0.0005093965 0.0005926645 0.0006699574 0.0014703156 0.0006615947 0.00088251417 0.000804278 0.00045127998 0.000507513 0.0008320216 0.0005637911 0.0005012712 0.0019286097 0.00048344745 0.00059370475 0.0006918374 0.0005744645 0.00053399795 0.00046470377 0.0011622 0.00033849268 0.00038786134 0.00092853245 0.0011825492 0.00032547102 0.0006603223 0.00090109085 0.0004219629 0.0006289922 0.00045749565 0.0007737652 0.0008317527 0.0005676165 0.0005723814 0.0006938529 0.0004160996 0.00058202486 0.0005255875 0.0007404115 0.00039353623 0.00050891726 0.0005951929 0.0005327119 0.0010010971 0.00042241134 0.0006988237 0.00045044636 0.00066523487 0.0005821459 0.0012128935 0.0004542913 0.0007162593 0.0006289131 0.0011516489 0.0012545092 0.0009330605 0.0009102385 0.0009539626 0.00035941892 0.00078568596 0.0005390255 0.00039441104 0.00047899535 0.00061628356 0.0004649639 0.00052823167 0.00074006006 0.00042421755 0.00036714613 0.0009194004 0.0015612333,
178,512,,,0.0051682214 0.0051682214 0.0051682214 0.0051682214 0.0051682214 0.0051682214 0.0051682214 0.0051682214 0.0051682214 0.0051682214 0.0051682214 0.0051682214 0.0051682214 0.0051682214 0.0051682214 0.0051682214 0.0051682214 0.0051682214 0.0051682214 0.0051682214 0.0051682214 0.0051682214 0.0051682214 0.0051682214 0.0051682214 0.0051682214 0.0051682214 0.0051682214 0.0051682214 0.0051682214 0.0051682214 0.0051682214 0.0051682214 0.0051682214 0.0051682214 0.0051682214 0.0051682214 0.0051682214 0.0051682214 0.0051682214 0.0051682214 0.0051682214 0.0051682214 0.0051682214 0.0051682214 0.0051682214 0.0051682214 0.0051682214 0.0051682214 0.0051682214 0.0051682214 0.0051682214 0.0051682214 0.0051682214 0.0051682214 0.0051682214 0.0051682214 0.0051682214 0.0051682214 0.0051682214 0.0051682214 0.0051682214 0.0051682214 0.0051682214 0.0051682214 0.0051682214 0.0051682214 0.0051682214 0.0051682214 0.0051682214 0.0051682214 0.0051682214 0.0051682214 0.0051682214 0.0051682214 0.0051682214 0.0051682214 0.0051682214 0.0051682214 0.0051682214 0.0051682214 0.0051682214 0.0051682214 0.0051682214 0.0051682214 0.0051682214 0.0051682214 0.0051682214 0.0051682214 0.0051682214 0.0051682214 0.0051682214 0.0051682214 0.0051682214 0.0051682214 0.0051682214 0.0051682214 0.0051682214 0.0051682214 0.0051682214 0.0051682214 0.0051682214 0.0051682214 0.0051682214 0.0051682214 0.0051682214 0.0051682214 0.0051682214 0.0051682214 0.0051682214 0.0051682214 0.0051682214 0.0051682214 0.0051682214 0.0051682214 0.0051682214 0.0051682214 0.0051682214 0.0051682214 0.0051682214 0.0051682214 0.0051682214 0.0051682214 0.0051682214 0.0051682214 0.0051682214 0.0051682214 0.0051682214 0.0051682214 0.0051682214 0.0051682214 0.0051682214 0.0051682214 0.0051682214 0.0051682214 0.0051682214 0.0051682214 0.0051682214 0.0051682214 0.0051682214 0.0051682214 0.0051682214 0.0051682214 0.0051682214 0.0051682214 0.0051682214 0.0051682214 0.0051682214 0.0051682214 0.0051682214 0.0051682214 0.0051682214 0.0051682214 0.0051682214 0.0051682214 0.0051682214 0.0051682214 0.0051682214 0.0051682214 0.0051682214 0.0051682214 0.0051682214 0.0051682214 0.0051682214 0.0051682214 0.0051682214 0.0051682214 0.0051682214 0.0051682214 0.0051682214 0.0051682214 0.0051682214 0.0051682214 0.0051682214 0.0051682214 0.0051682214 0.0051682214 0.0051682214 0.0051682214 0.0051682214 0.0051682214 0.0051682214 0.0051682214 0.0051682214 0.0051682214 0.0051682214 0.0051682214 0.0051682214 0.0051682214 0.0051682214 0.0051682214 0.0051682214 0.0051682214 0.0051682214 0.0051682214 0.0051682214 0.0051682214 0.0051682214 0.0051682214 0.0051682214 0.0051682214 0.0051682214 0.0051682214 0.0051682214 0.0051682214 0.0051682214 0.0051682214 0.0051682214 0.0051682214 0.0051682214 0.0051682214 0.0051682214 0.0051682214 0.0051682214 0.0051682214 0.0051682214 0.0051682214 0.0051682214 0.0051682214 0.0051682214 0.0051682214 0.0051682214 0.0051682214 0.0051682214 0.0051682214 0.0051682214 0.0051682214 0.0051682214 0.0051682214 0.0051682214 0.0051682214 0.0051682214 0.0051682214 0.0051682214 0.0051682214 0.0051682214 0.0051682214 0.0051682214 0.0051682214 0.0051682214 0.0051682214 0.0051682214 0.0051682214 0.0051682214 0.0051682214 0.0051682214 0.0051682214 0.0051682214 0.0051682214 0.0051682214 0.0051682214 0.0051682214 0.0051682214 0.0051682214 0.0051682214 0.0051682214 0.0051682214 0.0051682214 0.0051682214 0.0051682214 0.0051682214 0.0051682214 0.0051682214 0.0051682214 0.0051682214 0.0051682214 0.0051682214 0.0051682214 0.0051682214 0.0051682214 0.0051682214 0.0051682214 0.0051682214 0.0051682214 0.0051682214 0.0051682214 0.0051682214 0.0051682214 0.0051682214 0.0051682214 0.0051682214 0.0051682214 0.0051682214 0.0051682214 0.0051682214 0.0051682214 0.0051682214 0.0051682214 0.0051682214 0.0051682214 0.0051682214 0.0051682214 0.0051682214 0.0051682214 0.0051682214 0.0051682214 0.0051682214 0.0051682214 0.0051682214 0.0051682214 0.0051682214 0.0051682214 0.0051682214 0.0051682214 0.0051682214 0.0051682214 0.0051682214 0.0051682214 0.0051682214 0.0051682214 0.0051682214 0.0051682214 0.0051682214 0.0051682214 0.0051682214 0.0051682214 0.0051682214 0.0051682214 0.0051682214 0.0051682214 0.0051682214 0.0051682214 0.0051682214 0.0051682214 0.0051682214 0.0051682214 0.0051682214 0.0051682214 0.0051682214 0.0051682214 0.0051682214 0.0051682214 0.0051682214 0.0051682214 0.0051682214 0.0051682214 0.0051682214 0.0051682214 0.0051682214 0.0051682214 0.0051682214 0.0051682214 0.0051682214 0.0051682214 0.0051682214 0.0051682214 0.0051682214 0.0051682214 0.0051682214 0.0051682214 0.0051682214 0.0051682214 0.0051682214 0.0051682214 0.0051682214 0.0051682214 0.0051682214 0.0051682214 0.0051682214 0.0051682214 0.0051682214 0.0051682214 0.0051682214 0.0051682214 0.0051682214 0.0051682214 0.0051682214 0.0051682214 0.0051682214 0.0051682214 0.0051682214 0.0051682214 0.0051682214 0.0051682214 0.0051682214 0.0051682214 0.0051682214 0.0051682214 0.0051682214 0.0051682214 0.0051682214 0.0051682214 0.0051682214 0.0051682214 0.0051682214 0.0051682214 0.0051682214 0.0051682214 0.0051682214 0.0051682214 0.0051682214 0.0051682214 0.0051682214 0.0051682214 0.0051682214 0.0051682214 0.0051682214 0.0051682214 0.0051682214 0.0051682214 0.0051682214 0.0051682214 0.0051682214 0.0051682214 0.0051682214 0.0051682214 0.0051682214 0.0051682214 0.0051682214 0.0051682214 0.0051682214 0.0051682214 0.0051682214 0.0051682214 0.0051682214 0.0051682214 0.0051682214 0.0051682214 0.0051682214 0.0051682214 0.0051682214 0.0051682214 0.0051682214 0.0051682214 0.0051682214 0.0051682214 0.0051682214 0.0051682214 0.0051682214 0.0051682214 0.0051682214 0.0051682214 0.0051682214 0.0051682214 0.0051682214 0.0051682214 0.0051682214 0.0051682214 0.0051682214 0.0051682214 0.0051682214 0.0051682214 0.0051682214 0.0051682214 0.0051682214 0.0051682214 0.0051682214 0.0051682214 0.0051682214 0.0051682214 0.0051682214 0.0051682214 0.0051682214 0.0051682214 0.0051682214 0.0051682214 0.0051682214 0.0051682214 0.0051682214 0.0051682214 0.0051682214 0.0051682214 0.0051682214 0.0051682214 0.0051682214 0.0051682214 0.0051682214 0.0051682214 0.0051682214 0.0051682214 0.0051682214 0.0051682214 0.0051682214 0.0051682214 0.0051682214 0.0051682214 0.0051682214 0.0051682214 0.0051682214 0.0051682214 0.0051682214 0.0051682214 0.0051682214 0.0051682214 0.0051682214 0.0051682214 0.0051682214 0.0051682214 0.0051682214 0.0051682214 0.0051682214 0.0051682214 0.0051682214 0.0051682214 0.0051682214 0.0051682214 0.0051682214 0.0051682214 0.0051682214 0.0051682214 0.0051682214 0.0051682214 0.0051682214 0.0051682214 0.0051682214 0.0051682214 0.0051682214 0.0051682214 0.0051682214 0.0051682214 0.0051682214 0.0051682214,13 14 14 15 14 15 13 14 14 15 14 14 14 13 14 14 13 13 14 15 14 14 14 14 14 15 14 14 14 14 15 14 14 14 14 14 14 14 14 14 15 14 14 14 14 13 14 14 14 13 14 14 13 14 14 15 14 14 14 14 15 14 13 14 13 14 15 14 14 13 14 14 14 13 14 12 14 14 13 14 13 13 14 14 13 14 13 15 14 14 14 15 15 15 15 14 14 13 14 14 13 12 14 14 14 14 14 14 13 13 13 14 14 15 14 15 14 14 15 15 14 14 13 14 14 15 14 15 14 13 13 14 15 13 14 13 14 14 15 14 13 14 14 14 15 14 13 14 15 14 14 13 14 13 14 13 14 15 14 14 13 14 14 15 14 13 14 14 14 15 15 15 15 13 14 14 12 14 14 13 14 14 15 14 13 15 14 14 14 14 13 15 15 14 14 14 13 14 14 14 12 14 13 13 14 13 14 15 14 14 15 14 14 14 14 14 14 13 14 14 15 13 14 14 14 15 14 13 14 14 15 13 14 14 13 13 15 14 15 14 13 15 14 14 14 14 13 14 14 15 15 14 14 14 14 15 13 15 15 15 14 14 14 14 13 14 14 14 13 13 14 14 14 14 15 14 14 14 14 14 14 14 14 13 14 14 13 14 14 15 13 13 14 14 14 14 14 14 13 14 14 14 15 15 14 14 15 14 12 14 14 14 15 14 13 14 14 13 14 14 15 14 14 14 13 15 14 13 14 14 14 15 15 13 14 15 14 15 14 15 13 14 15 14 13 14 14 14 14 14 14 14 15 15 14 14 15 14 13 14 14 15 15 13 13 14 14 15 15 14 14 14 15 13 14 14 14 14 15 14 15 13 14 15 13 14 13 14 14 14 14 14 14 14 14 14 14 13 15 14 14 14 14 13 14 13 13 14 15 14 13 14 14 14 14 15 13 13 14 14 14 13 15 14 14 14 14 14 14 15 14 13 15 15 13 14 15 13 13 12 13 14 14 14 13 14 14 14 15 14 14 14 14 13 15 14 14 14 14 15 13 15 15 14 13 15 14 14 15 14 15 14 14 14 14 14 15 14 14 14 15 14 14 14 13 15 14 15 14 14 13 15 14 14 13 13 14 14 14 15 14 14 15 15 14 15 14 14 15 15 14 13
183,1x1x512x512,0.14487442 0.20433427 0.15645286 0.55518514 0.3237648 0.27527413 0.2583803 0.21001491 0.36358523 0.2984551 0.17094634 0.19113135 0.23592177 0.36554363 0.20610318 0.22694638 0.17115988 0.15614685 0.38832018 0.2676403 0.20185083 0.2797625 0.5200155 0.32418102 0.30852598 0.20612416 0.44834027 0.245985 0.4660031 0.3560082 0.197057 0.26272112 0.1677835 0.23161672 0.2624115 0.16619007 0.27365583 0.42544428 0.15751217 0.25897762 0.59088117 0.25202075 0.5744462 0.24621415 0.22044702 0.19914459 0.18767631 0.41631386 0.19907124 0.26203454 0.3008545 0.22372349 0.22418627 0.203169 0.17278273 0.32278004 0.32585505 0.20239915 0.33042824 0.20563626 0.27898893 0.23781903 0.25239223 0.19451755 0.41240475 0.2978365 0.37929878 0.22265826 0.22887544 0.24047418 0.7369494 0.26505163 0.26090652 0.33288127 0.18928799 0.2393727 0.3220382 0.22767411 0.29399896 0.15641776 0.34995517 0.2805468 0.21682982 0.22946002 0.2666453 0.32276812 0.33839744 0.15886395 0.4968501 0.30998543 0.29787853 0.23541479 0.16851632 0.20116223 0.20701022 0.2486192 0.400911 0.2475011 0.40573442 0.38711092 0.18871894 0.31598032 0.23427744 0.20941444 0.26069477 0.23503785 0.21022081 0.16811743 0.2339899 0.16887191 0.18848965 0.20392156 0.19799365 0.23524205 0.19258098 0.19558133 0.27321568 0.32649502 0.31986347 0.2721618 0.17748015 0.46662995 0.25609666 0.37525398 0.20372571 0.2359032 0.2612183 0.14259797 0.2206804 0.5173979 0.3105171 0.25036627 0.3855446 0.256698 0.4255082 0.25553143 0.30569515 0.27730292 0.37796667 0.26896852 0.5168135 0.2088217 0.23440959 0.52901965 0.24495079 0.32008043 0.313791 0.23372377 0.16316749 0.27652332 0.14687237 0.21064001 0.3170081 0.20503473 0.35519302 0.2750501 0.19012053 0.18990667 0.252345 0.17074464 0.17179105 0.18862742 0.26276514 0.4001686 0.4179287 0.2598825 0.2062938 0.33557326 0.19741736 0.205057 0.36063978 0.1870288 0.32612798 0.22986549 0.277352 0.21013959 0.12496599 0.66011953 0.15753685 0.23482995 0.17937227 0.13268034 0.19996288 0.24415164 0.22466283 0.2947737 0.18783799 0.16914374 0.52644813 0.16257295 0.2577841 0.24774499 0.2659766 0.28039622 0.4719968 0.3198067 0.23508774 0.14844102 0.23507114 0.23357762 0.22561678 0.2915379 0.211486 0.22542626 0.40860602 0.21737196 0.25489208 0.3677046 0.16784093 0.3955872 0.2833873 0.3555134 0.31856403 0.31576005 0.17827399 0.23591274 0.38370454 0.25505897 0.35511896 0.19801427 0.2460962 0.7672979 0.57410055 0.17105564 0.42229378 0.18720403 0.18520682 0.43160933 0.2921085 0.37790716 0.1665492 0.17610976 0.23561239 0.19739652 0.31542766 0.33505225 0.20427239 0.29018426 0.20524055 0.49259156 0.19745967 0.23814577 0.17061734 0.3738604 0.32871446 0.24580471 0.17055573 0.35491213 0.28227028 0.3122703 0.23772344 0.42561412 0.5044715 0.29370636 0.22153725 0.24779634 0.21818109 0.20646483 0.25064087 0.16941108 0.15171805 0.32466513 0.36218643 0.20272836 0.21037595 0.6307724 0.2970582 0.22469336 0.19721168 0.24851862 0.13349645 0.16750869 0.2045144 0.18844405 0.261261 0.23250262 0.16725321 0.34932324 0.42199585 0.5764678 0.17602308 0.20715146 0.24520993 0.37884587 0.20854707 0.23495135 0.4926999 0.32095212 0.41795763 0.31305397 0.18905349 0.20710894 0.19965473 0.28307354 0.39438498 0.32450762 0.35752186 0.12479017 0.16599281 0.3387043 0.124567695 0.2192485 0.15216276 0.24946898 0.13052443 0.36583117 0.39025825 0.36839718 0.1894649 0.52872413 0.26209354 0.5815349 0.46397722 0.18421775 0.14445217 0.18210219 0.24122392 0.23114437 0.19152075 0.18478973 0.22025597 0.2577755 0.3014637 0.19862953 0.5745745 0.55208397 0.16506909 0.17763458 0.42054975 0.3166115 0.34425953 0.1187503 0.5097738 0.20108047 0.18748832 0.37356818 0.3219771 0.4570684 0.6140894 0.33174896 0.18112518 0.51884323 0.3620941 0.21750836 0.33442804 0.23215082 0.33026588 0.386296 0.39180824 0.21422824 0.6134819 0.22269107 0.17657408 0.36063322 0.56977105 0.16317886 0.49969023 0.31804764 0.1333853 0.24412633 0.43102625 0.2426506 0.1690036 0.15846537 0.14802806 0.20311655 0.65677804 0.24071705 0.16699538 0.51015896 0.13495775 0.29230785 0.316648 0.4073381 0.26430753 0.22297283 0.35731825 0.5772862 0.17112535 0.5339572 0.23247457 0.18530357 0.6017751 0.22967958 0.22916068 0.30742618 0.2419449 0.25762987 0.3105119 0.2112057 0.292131 0.2346801 0.25992474 0.16029906 0.27947602 0.6115701 0.16330907 0.27366552 0.18698685 0.20882179 0.3128884 0.515217 0.173559 0.14083509 0.5044816 0.24608757 0.15344928 0.28619638 0.23921113 0.44651112 0.32517982 0.31116864 0.27234524 0.34565803 0.22798915 0.5322986 0.47219533 0.26580372 0.18061136 0.48166877 0.3976637 0.206432 0.2957957 0.21860294 0.19722377 0.22414003 0.26725242 0.2846339 0.31473285 0.1921722 0.283812 0.18210872 0.17672677 0.32247528 0.17323194 0.45931044 0.31306347 0.39025202 0.1854821 0.29216117 0.16822627 0.24423954 0.30816236 0.2694097 0.22723131 0.38704976 0.19391914 0.15516572 0.38270122 0.1970463 0.20491236 0.31823188 0.16395758 0.46505356 0.61127913 0.7686726 0.4424201 0.14691256 0.2686965 0.23202638 0.5206419 0.3139523 0.52771693 0.16687158 0.24587019 0.35016775 0.1784738 0.23997523 0.30605185 0.18406771 0.1979796 0.3766772 0.49073997 0.1646175 0.19573574 0.17006426 0.3783249 0.2534802 0.2510822 0.314032 0.23615284 0.17789757 0.40798646 0.27390057 0.24613717 0.5604757 0.16803332 0.23351434 0.30099 0.16491874 0.24028784 0.30681425 0.31445068 0.17532359 0.2500281 0.48488313 0.39939174 0.25026262 0.29659826 0.31075072 0.27593204 0.21774122 0.2838765 0.34874615 0.3196141 0.2750046 0.88204277 0.19890857 0.2597727 0.42740434 0.36083108 0.7165293,0.14485675 0.20430933 0.15643376 0.5551174 0.32372528 0.27524054 0.25834876 0.20998928 0.36354086 0.29841867 0.17092548 0.19110802 0.23589298 0.36549902 0.20607802 0.2269187 0.17113899 0.1561278 0.3882728 0.26760763 0.2018262 0.27972838 0.51995206 0.32414147 0.3084883 0.206099 0.44828555 0.24595499 0.4659462 0.35596475 0.19703294 0.26268905 0.16776302 0.23158845 0.2623795 0.16616979 0.27362245 0.42539236 0.15749295 0.25894603 0.59080905 0.25199 0.5743761 0.2461841 0.2204201 0.19912028 0.18765341 0.41626304 0.19904694 0.26200256 0.3008178 0.22369617 0.22415891 0.20314421 0.17276165 0.32274064 0.32581526 0.20237446 0.33038792 0.20561117 0.27895486 0.23779002 0.25236145 0.19449382 0.4123544 0.29780018 0.3792525 0.2226311 0.2288475 0.24044482 0.73685944 0.26501927 0.26087466 0.33284065 0.18926488 0.23934348 0.32199892 0.22764634 0.29396307 0.15639867 0.34991246 0.28051257 0.21680336 0.229432 0.26661277 0.32272875 0.33835617 0.15884456 0.4967895 0.30994758 0.29784217 0.23538606 0.16849576 0.20113769 0.20698495 0.24858886 0.4008621 0.2474709 0.4056849 0.38706368 0.18869592 0.31594175 0.23424886 0.20938888 0.26066297 0.23500916 0.21019517 0.16809691 0.23396133 0.1688513 0.18846665 0.20389667 0.1979695 0.23521335 0.19255748 0.19555746 0.27318233 0.32645518 0.31982443 0.2721286 0.1774585 0.466573 0.25606543 0.3752082 0.20370086 0.23587441 0.26118645 0.14258057 0.22065346 0.5173347 0.31047922 0.25033572 0.38549754 0.2566667 0.42545626 0.25550023 0.30565783 0.2772691 0.37792054 0.26893568 0.51675045 0.20879622 0.23438098 0.5289551 0.2449209 0.3200414 0.3137527 0.23369525 0.16314757 0.27648956 0.14685445 0.21061431 0.31696942 0.20500971 0.3551497 0.27501652 0.19009733 0.18988349 0.25231418 0.1707238 0.17177008 0.1886044 0.26273307 0.40011978 0.41787767 0.2598508 0.20626864 0.3355323 0.19739327 0.20503196 0.36059576 0.18700597 0.32608816 0.22983745 0.27731815 0.21011394 0.12495074 0.660039 0.15751763 0.23480128 0.17935038 0.13266416 0.19993849 0.24412185 0.2246354 0.29473773 0.18781506 0.16912308 0.5263839 0.1625531 0.25775266 0.24771476 0.26594415 0.280362 0.4719392 0.31976768 0.23505904 0.14842291 0.23504245 0.23354912 0.22558925 0.29150233 0.21146019 0.22539875 0.40855616 0.21734542 0.25486097 0.36765972 0.16782045 0.39553893 0.2833527 0.35547 0.31852517 0.3157215 0.17825224 0.23588395 0.3836577 0.25502783 0.35507563 0.19799012 0.24606617 0.7672043 0.57403046 0.17103477 0.42224222 0.18718119 0.18518421 0.43155664 0.29207286 0.37786105 0.16652888 0.17608826 0.23558365 0.19737244 0.3153892 0.33501136 0.20424746 0.29014882 0.2052155 0.49253145 0.19743557 0.2381167 0.17059651 0.37381476 0.32867435 0.24577472 0.17053491 0.3548688 0.28223583 0.31223223 0.23769443 0.42556217 0.5044099 0.29367054 0.2215102 0.24776609 0.21815446 0.20643963 0.25061026 0.1693904 0.15169954 0.32462552 0.36214224 0.20270361 0.21035028 0.63069546 0.29702193 0.22466594 0.19718762 0.24848828 0.13348015 0.16748825 0.20448944 0.18842104 0.2612291 0.23247425 0.1672328 0.3492806 0.42194435 0.5763974 0.17600161 0.20712619 0.24518 0.37879962 0.20852162 0.23492266 0.49263978 0.32091293 0.41790664 0.31301576 0.18903041 0.20708367 0.19963036 0.283039 0.39433685 0.32446802 0.35747823 0.12477494 0.16597255 0.33866295 0.12455249 0.21922176 0.1521442 0.24943854 0.1305085 0.36578652 0.39021063 0.36835223 0.18944179 0.52865964 0.26206154 0.581464 0.4639206 0.18419528 0.14443454 0.18207996 0.24119449 0.23111616 0.19149739 0.18476717 0.22022909 0.25774404 0.3014269 0.19860528 0.5745043 0.55201656 0.16504894 0.1776129 0.42049843 0.31657287 0.34421754 0.118735805 0.50971156 0.20105593 0.18746544 0.37352258 0.3219378 0.45701265 0.61401445 0.3317085 0.18110307 0.5187799 0.3620499 0.2174818 0.3343872 0.23212248 0.33022556 0.38624886 0.3917604 0.2142021 0.613407 0.2226639 0.17655253 0.3605892 0.56970155 0.16315894 0.49962926 0.3180088 0.13336901 0.24409653 0.43097365 0.24262097 0.16898298 0.15844603 0.14800999 0.20309177 0.65669787 0.24068767 0.166975 0.5100967 0.13494126 0.29227218 0.31660938 0.4072884 0.26427525 0.22294562 0.35727465 0.57721573 0.17110448 0.533892 0.2324462 0.18528096 0.6017017 0.22965156 0.22913271 0.30738866 0.24191537 0.25759843 0.310474 0.21117993 0.29209533 0.23465146 0.259893 0.1602795 0.2794419 0.6114955 0.16328914 0.27363214 0.18696402 0.20879629 0.3128502 0.5151541 0.1735378 0.1408179 0.50442004 0.24605753 0.15343057 0.28616145 0.23918194 0.4464566 0.32514015 0.31113067 0.272312 0.34561583 0.22796133 0.53223366 0.47213772 0.26577127 0.18058932 0.48160997 0.39761516 0.20640682 0.2957596 0.21857625 0.19719969 0.22411269 0.26721978 0.28459918 0.31469443 0.19214875 0.28377736 0.18208648 0.1767052 0.32243595 0.1732108 0.45925438 0.31302527 0.3902044 0.18545946 0.2921255 0.16820574 0.24420972 0.30812475 0.2693768 0.22720358 0.38700253 0.19389547 0.15514678 0.38265452 0.19702224 0.20488736 0.31819305 0.16393757 0.46499678 0.61120456 0.76857877 0.44236612 0.14689463 0.26866367 0.23199806 0.5205784 0.313914 0.52765256 0.16685122 0.24584019 0.350125 0.17845203 0.23994593 0.30601448 0.18404526 0.19795543 0.3766312 0.4906801 0.1645974 0.19571185 0.1700435 0.37827873 0.25344926 0.25105157 0.31399366 0.23612402 0.17787586 0.4079367 0.27386716 0.24610713 0.56040734 0.16801281 0.23348583 0.30095327 0.16489862 0.24025851 0.3067768 0.31441233 0.1753022 0.2499976 0.48482397 0.399343 0.25023207 0.29656208 0.3107128 0.27589837 0.21771464 0.28384185 0.3487036 0.3195751 0.27497104 0.8819351 0.1988843 0.25974098 0.4273522 0.36078706 0.71644187,0.0011406044 0.0016087348 0.0012317619 0.0043710032 0.002549018 0.0021672484 0.0020342423 0.0016534589 0.0028625263 0.0023497534 0.00134587 0.0015047876 0.0018574251 0.002877945 0.0016226616 0.0017867615 0.0013475511 0.0012293527 0.0030572661 0.0021071467 0.0015891826 0.0022025858 0.004094111 0.002552295 0.0024290418 0.0016228268 0.0035298076 0.0019366535 0.0036688678 0.002802872 0.0015514405 0.0020684178 0.0013209687 0.0018235311 0.0020659803 0.0013084236 0.0021545074 0.003349546 0.001240102 0.0020389452 0.0046520396 0.0019841732 0.0045226463 0.0019384575 0.0017355914 0.0015678762 0.0014775859 0.0032776617 0.0015672988 0.0020630122 0.002368644 0.0017613872 0.0017650308 0.0015995607 0.0013603279 0.002541265 0.0025654745 0.0015934997 0.0026014796 0.0016189856 0.002196495 0.0018723623 0.001987098 0.0015314474 0.003246885 0.0023448833 0.0029862402 0.0017530008 0.0018019489 0.0018932663 0.005802043 0.0020867658 0.0020541311 0.0026207925 0.0014902747 0.0018845943 0.0025354247 0.0017924908 0.0023146698 0.0012314856 0.0027552163 0.0022087605 0.001707113 0.0018065512 0.002099313 0.0025411714 0.0026642217 0.0012507446 0.003911728 0.0024405322 0.002345214 0.0018534336 0.0013267383 0.0015837613 0.0016298027 0.0019573926 0.0031563945 0.0019485898 0.0031943691 0.0030477454 0.0014857947 0.0024877302 0.0018444792 0.0016487313 0.0020524643 0.0018504659 0.0016550801 0.0013235977 0.0018422152 0.0013295378 0.0014839894 0.0016054856 0.0015588149 0.0018520737 0.0015162007 0.0015398226 0.002151042 0.0025705132 0.0025183025 0.002142745 0.001397311 0.003673803 0.0020162633 0.0029543953 0.0016039438 0.0018572789 0.0020565863 0.0011226817 0.0017374288 0.0040735016 0.0024447183 0.0019711475 0.0030354138 0.0020209975 0.0033500493 0.0020118128 0.0024067545 0.0021832213 0.0029757523 0.0021176038 0.0040689013 0.0016440647 0.0018455195 0.0041650007 0.001928511 0.002520011 0.0024704938 0.0018401201 0.0012846265 0.0021770832 0.0011563342 0.0016583804 0.0024958223 0.0016142497 0.0027964541 0.0021654845 0.0014968294 0.0014951456 0.0019867257 0.0013442818 0.0013525203 0.001485074 0.0020687643 0.0031505495 0.0032903755 0.0020460694 0.0016241625 0.0026419866 0.0015542777 0.0016144249 0.0028393366 0.0014724879 0.0025676233 0.0018097437 0.0021836075 0.0016544405 0.0009838641 0.0051971576 0.0012402963 0.001848829 0.0014122077 0.0010445997 0.0015743189 0.0019222193 0.0017687827 0.0023207695 0.0014788588 0.0013316778 0.0041447547 0.0012799457 0.0020295484 0.00195051 0.0020940485 0.002207575 0.0037160567 0.0025178557 0.0018508586 0.0011686843 0.001850728 0.0018389694 0.0017762933 0.0022952938 0.0016650409 0.0017747933 0.0032169777 0.0017113813 0.0020067792 0.0028949585 0.0013214209 0.0031144798 0.0022311236 0.0027989764 0.0025080722 0.002485996 0.0014035609 0.001857354 0.0030209266 0.002008093 0.002795871 0.0015589773 0.0019375288 0.0060409787 0.004519925 0.0013467305 0.003324742 0.0014738677 0.0014581433 0.0033980838 0.0022997863 0.002975284 0.0013112511 0.0013865217 0.0018549893 0.0015541137 0.0024833793 0.0026378848 0.0016082478 0.0022846365 0.00161587 0.0038782004 0.0015546108 0.0018749346 0.0013432796 0.0029434233 0.0025879869 0.001935234 0.0013427945 0.0027942425 0.0022223294 0.0024585214 0.0018716097 0.0033508833 0.0039717318 0.0023123664 0.0017441749 0.0019509142 0.0017177516 0.0016255089 0.001973309 0.0013337827 0.0011944846 0.0025561065 0.0028515137 0.0015960914 0.0016563014 0.004966106 0.0023387554 0.0017690231 0.0015526584 0.0019566007 0.0010510248 0.0013188052 0.0016101531 0.0014836303 0.002056922 0.0018305059 0.0013167937 0.002750241 0.0033223964 0.004538562 0.0013858394 0.0016309149 0.0019305511 0.0029826742 0.0016419025 0.0018497847 0.0038790533 0.0025268735 0.0032906034 0.002464691 0.0014884284 0.00163058 0.0015718926 0.0022286535 0.0031050146 0.0025548663 0.0028147893 0.0009824799 0.0013068705 0.0026666375 0.0009807283 0.0017261555 0.0011979857 0.001964083 0.001027626 0.002880209 0.0030725247 0.0029004114 0.0014916676 0.0041626743 0.0020634767 0.0045784567 0.0036529182 0.0014503566 0.0011372799 0.0014337004 0.0018991692 0.0018198123 0.0015078534 0.0014548596 0.0017340874 0.0020294806 0.00237344 0.0015638211 0.004523656 0.004346587 0.001299598 0.0013985268 0.0033110112 0.0024926998 0.0027103743 0.0009349276 0.004013477 0.0015831175 0.0014761059 0.0029411227 0.0025349434 0.0035985247 0.0048347595 0.0026118779 0.0014260084 0.004084881 0.0028507868 0.0017124552 0.0026329702 0.001827736 0.0026002012 0.0030413296 0.0030847276 0.0016866308 0.0048299767 0.001753259 0.0013901774 0.0028392852 0.004485839 0.0012847161 0.0039340886 0.0025040065 0.0010501497 0.00192202 0.0033934934 0.0019104014 0.0013305746 0.0012476065 0.001165433 0.0015991478 0.005170849 0.0018951785 0.0013147638 0.0040165097 0.0010625296 0.0023013558 0.0024929873 0.0032069953 0.0020809076 0.0017554773 0.0028131863 0.004545006 0.0013472793 0.0042038737 0.001830285 0.0014589052 0.0047378084 0.00180828 0.0018041945 0.0024203833 0.0019048455 0.0020283342 0.0024446773 0.0016628341 0.0022999633 0.0018476493 0.0020464016 0.0012620433 0.00220033 0.004814925 0.0012857413 0.0021545838 0.0014721577 0.0016440653 0.0024633876 0.0040563317 0.0013664394 0.0011088023 0.0039718114 0.0019374609 0.0012081147 0.0022532397 0.0018833224 0.0035154063 0.0025601587 0.0024498478 0.0021441889 0.0027213846 0.0017949711 0.004190816 0.00371762 0.0020926872 0.0014219631 0.0037922044 0.003130828 0.0016252506 0.0023288156 0.0017210728 0.0015527535 0.0017646669 0.0021040929 0.0022409384 0.002477909 0.0015129823 0.0022344673 0.0014337518 0.0013913795 0.0025388657 0.0013638645 0.0036161763 0.002464766 0.0030724755 0.0014603108 0.0023002008 0.0013244547 0.0019229111 0.0024261791 0.0021210774 0.0017890045 0.003047264 0.0015267361 0.0012216282 0.0030130276 0.0015513563 0.0016132863 0.002505457 0.001290847 0.003661392 0.0048126346 0.006051801 0.003483198 0.0011566507 0.002115462 0.0018267564 0.0040990426 0.0024717639 0.0041547446 0.0013137892 0.0019357495 0.00275689 0.0014051341 0.001889338 0.002409563 0.0014491753 0.0015587042 0.0029656 0.003863623 0.0012960426 0.0015410382 0.0013389252 0.0029785726 0.0019956634 0.001976784 0.0024723911 0.0018592443 0.0014005973 0.0032121 0.0021564343 0.0019378514 0.004412656 0.0013229356 0.0018384712 0.0023697107 0.0012984143 0.0018917994 0.0024155653 0.0024756875 0.0013803323 0.001968485 0.0038175115 0.0031444333 0.0019703312 0.0023351344 0.0024465576 0.0021724282 0.0017142885 0.002234975 0.0027456975 0.0025163393 0.0021651264 0.006944371 0.0015660181 0.0020452046 0.003364978 0.002840843 0.0056412746,
184,512,,,0.0053928886 0.0053928886 0.0053928886 0.0053928886 0.0053928886 0.0053928886 0.0053928886 0.0053928886 0.0053928886 0.0053928886 0.0053928886 0.0053928886 0.0053928886 0.0053928886 0.0053928886 0.0053928886 0.0053928886 0.0053928886 0.0053928886 0.0053928886 0.0053928886 0.0053928886 0.0053928886 0.0053928886 0.0053928886 0.0053928886 0.0053928886 0.0053928886 0.0053928886 0.0053928886 0.0053928886 0.0053928886 0.0053928886 0.0053928886 0.0053928886 0.0053928886 0.0053928886 0.0053928886 0.0053928886 0.0053928886 0.0053928886 0.0053928886 0.0053928886 0.0053928886 0.0053928886 0.0053928886 0.0053928886 0.0053928886 0.0053928886 0.0053928886 0.0053928886 0.0053928886 0.0053928886 0.0053928886 0.0053928886 0.0053928886 0.0053928886 0.0053928886 0.0053928886 0.0053928886 0.0053928886 0.0053928886 0.0053928886 0.0053928886 0.0053928886 0.0053928886 0.0053928886 0.0053928886 0.0053928886 0.0053928886 0.0053928886 0.0053928886 0.0053928886 0.0053928886 0.0053928886 0.0053928886 0.0053928886 0.0053928886 0.0053928886 0.0053928886 0.0053928886 0.0053928886 0.0053928886 0.0053928886 0.0053928886 0.0053928886 0.0053928886 0.0053928886 0.0053928886 0.0053928886 0.0053928886 0.0053928886 0.0053928886 0.0053928886 0.0053928886 0.0053928886 0.0053928886 0.0053928886 0.0053928886 0.0053928886 0.0053928886 0.0053928886 0.0053928886 0.0053928886 0.0053928886 0.0053928886 0.0053928886 0.0053928886 0.0053928886 0.0053928886 0.0053928886 0.0053928886 0.0053928886 0.0053928886 0.0053928886 0.0053928886 0.0053928886 0.0053928886 0.0053928886 0.0053928886 0.0053928886 0.0053928886 0.0053928886 0.0053928886 0.0053928886 0.0053928886 0.0053928886 0.0053928886 0.0053928886 0.0053928886 0.0053928886 0.0053928886 0.0053928886 0.0053928886 0.0053928886 0.0053928886 0.0053928886 0.0053928886 0.0053928886 0.0053928886 0.0053928886 0.0053928886 0.0053928886 0.0053928886 0.0053928886 0.0053928886 0.0053928886 0.0053928886 0.0053928886 0.0053928886 0.0053928886 0.0053928886 0.0053928886 0.0053928886 0.0053928886 0.0053928886 0.0053928886 0.0053928886 0.0053928886 0.0053928886 0.0053928886 0.0053928886 0.0053928886 0.0053928886 0.0053928886 0.0053928886 0.0053928886 0.0053928886 0.0053928886 0.0053928886 0.0053928886 0.0053928886 0.0053928886 0.0053928886 0.0053928886 0.0053928886 0.0053928886 0.0053928886 0.0053928886 0.0053928886 0.0053928886 0.0053928886 0.0053928886 0.0053928886 0.0053928886 0.0053928886 0.0053928886 0.0053928886 0.0053928886 0.0053928886 0.0053928886 0.0053928886 0.0053928886 0.0053928886 0.0053928886 0.0053928886 0.0053928886 0.0053928886 0.0053928886 0.0053928886 0.0053928886 0.0053928886 0.0053928886 0.0053928886 0.0053928886 0.0053928886 0.0053928886 0.0053928886 0.0053928886 0.0053928886 0.0053928886 0.0053928886 0.0053928886 0.0053928886 0.0053928886 0.0053928886 0.0053928886 0.0053928886 0.0053928886 0.0053928886 0.0053928886 0.0053928886 0.0053928886 0.0053928886 0.0053928886 0.0053928886 0.0053928886 0.0053928886 0.0053928886 0.0053928886 0.0053928886 0.0053928886 0.0053928886 0.0053928886 0.0053928886 0.0053928886 0.0053928886 0.0053928886 0.0053928886 0.0053928886 0.0053928886 0.0053928886 0.0053928886 0.0053928886 0.0053928886 0.0053928886 0.0053928886 0.0053928886 0.0053928886 0.0053928886 0.0053928886 0.0053928886 0.0053928886 0.0053928886 0.0053928886 0.0053928886 0.0053928886 0.0053928886 0.0053928886 0.0053928886 0.0053928886 0.0053928886 0.0053928886 0.0053928886 0.0053928886 0.0053928886 0.0053928886 0.0053928886 0.0053928886 0.0053928886 0.0053928886 0.0053928886 0.0053928886 0.0053928886 0.0053928886 0.0053928886 0.0053928886 0.0053928886 0.0053928886 0.0053928886 0.0053928886 0.0053928886 0.0053928886 0.0053928886 0.0053928886 0.0053928886 0.0053928886 0.0053928886 0.0053928886 0.0053928886 0.0053928886 0.0053928886 0.0053928886 0.0053928886 0.0053928886 0.0053928886 0.0053928886 0.0053928886 0.0053928886 0.0053928886 0.0053928886 0.0053928886 0.0053928886 0.0053928886 0.0053928886 0.0053928886 0.0053928886 0.0053928886 0.0053928886 0.0053928886 0.0053928886 0.0053928886 0.0053928886 0.0053928886 0.0053928886 0.0053928886 0.0053928886 0.0053928886 0.0053928886 0.0053928886 0.0053928886 0.0053928886 0.0053928886 0.0053928886 0.0053928886 0.0053928886 0.0053928886 0.0053928886 0.0053928886 0.0053928886 0.0053928886 0.0053928886 0.0053928886 0.0053928886 0.0053928886 0.0053928886 0.0053928886 0.0053928886 0.0053928886 0.0053928886 0.0053928886 0.0053928886 0.0053928886 0.0053928886 0.0053928886 0.0053928886 0.0053928886 0.0053928886 0.0053928886 0.0053928886 0.0053928886 0.0053928886 0.0053928886 0.0053928886 0.0053928886 0.0053928886 0.0053928886 0.0053928886 0.0053928886 0.0053928886 0.0053928886 0.0053928886 0.0053928886 0.0053928886 0.0053928886 0.0053928886 0.0053928886 0.0053928886 0.0053928886 0.0053928886 0.0053928886 0.0053928886 0.0053928886 0.0053928886 0.0053928886 0.0053928886 0.0053928886 0.0053928886 0.0053928886 0.0053928886 0.0053928886 0.0053928886 0.0053928886 0.0053928886 0.0053928886 0.0053928886 0.0053928886 0.0053928886 0.0053928886 0.0053928886 0.0053928886 0.0053928886 0.0053928886 0.0053928886 0.0053928886 0.0053928886 0.0053928886 0.0053928886 0.0053928886 0.0053928886 0.0053928886 0.0053928886 0.0053928886 0.0053928886 0.0053928886 0.0053928886 0.0053928886 0.0053928886 0.0053928886 0.0053928886 0.0053928886 0.0053928886 0.0053928886 0.0053928886 0.0053928886 0.0053928886 0.0053928886 0.0053928886 0.0053928886 0.0053928886 0.0053928886 0.0053928886 0.0053928886 0.0053928886 0.0053928886 0.0053928886 0.0053928886 0.0053928886 0.0053928886 0.0053928886 0.0053928886 0.0053928886 0.0053928886 0.0053928886 0.0053928886 0.0053928886 0.0053928886 0.0053928886 0.0053928886 0.0053928886 0.0053928886 0.0053928886 0.0053928886 0.0053928886 0.0053928886 0.0053928886 0.0053928886 0.0053928886 0.0053928886 0.0053928886 0.0053928886 0.0053928886 0.0053928886 0.0053928886 0.0053928886 0.0053928886 0.0053928886 0.0053928886 0.0053928886 0.0053928886 0.0053928886 0.0053928886 0.0053928886 0.0053928886 0.0053928886 0.0053928886 0.0053928886 0.0053928886 0.0053928886 0.0053928886 0.0053928886 0.0053928886 0.0053928886 0.0053928886 0.0053928886 0.0053928886 0.0053928886 0.0053928886 0.0053928886 0.0053928886 0.0053928886 0.0053928886 0.0053928886 0.0053928886 0.0053928886 0.0053928886 0.0053928886 0.0053928886 0.0053928886 0.0053928886 0.0053928886 0.0053928886 0.0053928886 0.0053928886 0.0053928886 0.0053928886 0.0053928886 0.0053928886 0.0053928886 0.0053928886 0.0053928886 0.0053928886 0.0053928886 0.0053928886 0.0053928886 0.0053928886 0.0053928886 0.0053928886 0.0053928886 0.0053928886 0.0053928886 0.0053928886,15 15 15 13 14 14 14 15 14 14 15 15 15 14 15 15 15 15 14 14 15 14 13 14 14 15 14 15 14 14 15 14 15 15 14 15 14 14 15 14 13 14 13 15 15 15 15 14 15 14 14 15 15 15 15 14 14 15 14 15 14 15 14 15 14 14 14 15 15 15 13 14 14 14 15 15 14 15 14 15 14 14 15 15 14 14 14 15 13 14 14 15 15 15 15 14 14 15 14 14 15 14 15 15 14 15 15 15 15 15 15 15 15 15 15 15 14 14 14 14 15 14 14 14 15 15 14 15 15 13 14 14 14 14 14 14 14 14 14 14 13 15 15 13 15 14 14 15 15 14 15 15 14 15 14 14 15 15 14 15 15 15 14 14 14 14 15 14 15 15 14 15 14 15 14 15 15 13 15 15 15 15 15 15 15 14 15 15 13 15 14 14 14 14 14 14 15 15 15 15 15 14 15 15 14 15 14 14 15 14 14 14 14 14 15 15 14 14 14 15 15 13 13 15 14 15 15 14 14 14 15 15 15 15 14 14 15 14 15 14 15 15 15 14 14 15 15 14 14 14 15 14 13 14 15 14 15 15 14 15 15 14 14 15 15 13 14 15 15 14 15 15 15 15 14 15 15 14 14 13 15 15 15 14 15 15 14 14 14 14 15 15 15 14 14 14 14 15 15 14 15 15 15 14 15 14 14 14 15 13 14 13 14 15 15 15 15 15 15 15 15 14 14 15 13 13 15 15 14 14 14 16 13 15 15 14 14 14 13 14 15 13 14 15 14 15 14 14 14 15 13 15 15 14 13 15 13 14 15 15 14 15 15 15 15 15 13 15 15 13 15 14 14 14 14 15 14 13 15 13 15 15 13 15 15 14 15 14 14 15 14 15 14 15 14 13 15 14 15 15 14 13 15 15 13 15 15 14 15 14 14 14 14 14 15 13 14 14 15 14 14 15 14 15 15 15 14 14 14 15 14 15 15 14 15 14 14 14 15 14 15 15 14 14 15 14 15 15 14 15 15 14 15 14 13 13 14 15 14 15 13 14 13 15 15 14 15 15 14 15 15 14 14 15 15 15 14 14 14 14 15 15 14 14 15 13 15 15 14 15 15 14 14 15 14 14 14 14 14 14 14 15 14 14 14 14 13 15 14 14 14 13
193,1x1x256x128,0.30870807 0.5607782 0.17500564 0.42759234 0.26227456 0.53475606 0.51317984 0.22475165 0.31419805 0.24226816 0.2523734 0.5617572 0.3879196 0.3782302 0.27104163 0.31337726 0.40938184 0.21884194 0.20186827 0.21896076 0.18875623 0.41948324 0.3373991 0.28738016 0.44610575 0.33101985 0.2590148 0.49144667 0.22509214 0.28627938 0.3947603 1.0469568 0.28067222 0.46663395 0.54816794 0.3209608 0.5778151 0.53945804 0.5313988 0.3477209 0.21124804 0.50060445 0.11407129 0.521084 0.24869533 0.46376708 1.0310249 0.32400548 0.33716393 0.42475614 0.22757009 0.35682097 0.4185193 0.2985048 0.5047557 0.18650149 0.19841576 0.2199488 0.35425746 0.30276856 0.4840266 0.21903485 0.7457404 0.27139798 0.38423592 0.19998659 0.3996116 0.5429356 0.22248363 0.44592977 0.79827434 0.20527746 0.27059907 0.17127906 0.1626483 0.3664758 0.18727455 0.23603761 0.4162983 0.36719793 0.52756506 0.38515747 0.37371808 0.18340528 0.50440514 0.27898267 0.39912704 0.24538484 0.49991584 0.39466482 0.3697409 0.19283207 0.28751904 0.4527587 0.6977384 0.29251128 0.24157332 0.47787973 0.21140203 0.31655213 0.21214682 0.4222354 0.36119038 0.5909669 0.26999435 0.24506627 0.23656447 0.65412575 0.7840069 0.35187206 0.18676083 0.66083556 0.20149583 0.24100998 0.71184766 0.2967933 0.33547297 0.36771274 0.24387483 0.49770546 0.7987064 0.29040658 0.24533093 0.3626434 0.22578791 0.19227709 0.41481468 0.29993132,0.3086704 0.5607098 0.17498428 0.42754015 0.26224256 0.5346908 0.51311725 0.22472423 0.31415972 0.2422386 0.25234258 0.56168866 0.38787228 0.37818405 0.27100855 0.313339 0.40933186 0.21881522 0.20184362 0.21893403 0.18873319 0.41943204 0.33735794 0.28734508 0.4460513 0.33097947 0.2589832 0.49138668 0.22506468 0.28624442 0.39471215 1.046829 0.28063795 0.466577 0.548101 0.3209216 0.5777446 0.53939223 0.5313339 0.34767845 0.21122226 0.50054336 0.11405736 0.5210204 0.24866498 0.4637105 1.0308992 0.32396594 0.3371228 0.42470428 0.22754231 0.35677743 0.4184682 0.29846835 0.50469404 0.18647872 0.19839154 0.21992195 0.35421425 0.3027316 0.48396754 0.21900812 0.7456494 0.27136484 0.384189 0.19996218 0.3995628 0.5428694 0.22245649 0.44587535 0.7981769 0.20525241 0.27056605 0.17125815 0.16262846 0.3664311 0.18725169 0.23600881 0.41624752 0.36715314 0.5275007 0.38511047 0.37367246 0.1833829 0.50434357 0.2789486 0.3990783 0.2453549 0.49985483 0.39461666 0.36969578 0.19280852 0.28748393 0.45270345 0.6976533 0.29247558 0.24154383 0.4778214 0.21137622 0.31651348 0.21212092 0.42218387 0.3611463 0.59089476 0.26996142 0.24503636 0.2365356 0.6540459 0.78391117 0.3518291 0.18673804 0.6607549 0.20147122 0.24098057 0.7117608 0.29675707 0.33543202 0.36766785 0.24384506 0.49764472 0.7986089 0.29037115 0.24530098 0.36259913 0.22576036 0.19225363 0.41476408 0.29989472,0.0024304755 0.0044150376 0.001377829 0.003366458 0.002064902 0.004210164 0.0040402934 0.0017694822 0.0024736987 0.0019073905 0.0019869495 0.004422745 0.0030541124 0.002977827 0.0021339257 0.0024672362 0.0032230855 0.0017229546 0.0015893198 0.00172389 0.0014860881 0.0033026144 0.0026563618 0.0022625597 0.0035122149 0.0026061374 0.0020392376 0.0038691864 0.0017721629 0.002253893 0.0031079696 0.008242748 0.0022097477 0.0036738345 0.004315756 0.0025269417 0.00454917 0.004247183 0.0041837315 0.0027376255 0.0016631674 0.0039412864 0.0008980895 0.004102523 0.0019579919 0.0036512637 0.008117316 0.0025509128 0.0026545103 0.0033441281 0.0017916717 0.002809271 0.0032950253 0.0023501446 0.003973969 0.0014683363 0.0015621381 0.0017316688 0.0027890885 0.0023837134 0.003810768 0.0017244733 0.005871255 0.002136731 0.0030251103 0.0015745054 0.003146164 0.004274562 0.0017516259 0.0035108295 0.006284857 0.0016161607 0.0021304414 0.0013484894 0.0012805391 0.0028852841 0.0014744228 0.0018583371 0.0032775395 0.0028909696 0.0041535487 0.0030323658 0.0029423027 0.0014439599 0.0039712093 0.0021964456 0.003142349 0.0019319284 0.0039358647 0.0031072178 0.0029109905 0.0015181773 0.002263653 0.003564594 0.005493333 0.0023029572 0.00190192 0.0037623732 0.0016643797 0.002492232 0.0016702435 0.0033242824 0.0028436717 0.004652715 0.0021256804 0.0019294202 0.001862485 0.0051499675 0.006172529 0.002770308 0.0014703783 0.0052027944 0.0015863876 0.0018974848 0.0056044157 0.00233667 0.002641197 0.0028950225 0.0019200399 0.0039184624 0.006288259 0.002286387 0.0019315038 0.0028551114 0.0017776405 0.0015138082 0.0032658589 0.0023613758,
194,128,,,0.004961525 0.004961525 0.004961525 0.004961525 0.004961525 0.004961525 0.004961525 0.004961525 0.004961525 0.004961525 0.004961525 0.004961525 0.004961525 0.004961525 0.004961525 0.004961525 0.004961525 0.004961525 0.004961525 0.004961525 0.004961525 0.004961525 0.004961525 0.004961525 0.004961525 0.004961525 0.004961525 0.004961525 0.004961525 0.004961525 0.004961525 0.004961525 0.004961525 0.004961525 0.004961525 0.004961525 0.004961525 0.004961525 0.004961525 0.004961525 0.004961525 0.004961525 0.004961525 0.004961525 0.004961525 0.004961525 0.004961525 0.004961525 0.004961525 0.004961525 0.004961525 0.004961525 0.004961525 0.004961525 0.004961525 0.004961525 0.004961525 0.004961525 0.004961525 0.004961525 0.004961525 0.004961525 0.004961525 0.004961525 0.004961525 0.004961525 0.004961525 0.004961525 0.004961525 0.004961525 0.004961525 0.004961525 0.004961525 0.004961525 0.004961525 0.004961525 0.004961525 0.004961525 0.004961525 0.004961525 0.004961525 0.004961525 0.004961525 0.004961525 0.004961525 0.004961525 0.004961525 0.004961525 0.004961525 0.004961525 0.004961525 0.004961525 0.004961525 0.004961525 0.004961525 0.004961525 0.004961525 0.004961525 0.004961525 0.004961525 0.004961525 0.004961525 0.004961525 0.004961525 0.004961525 0.004961525 0.004961525 0.004961525 0.004961525 0.004961525 0.004961525 0.004961525 0.004961525 0.004961525 0.004961525 0.004961525 0.004961525 0.004961525 0.004961525 0.004961525 0.004961525 0.004961525 0.004961525 0.004961525 0.004961525 0.004961525 0.004961525 0.004961525,14 13 15 14 14 13 13 15 14 15 14 13 14 14 14 14 14 15 15 15 15 14 14 14 14 14 14 14 15 14 14 12 14 14 13 14 13 13 13 14 15 13 16 13 14 14 12 14 14 14 15 14 14 14 13 15 15 15 14 14 14 15 13 14 14 15 14 13 15 14 13 15 14 15 15 14 15 15 14 14 13 14 14 15 13 14 14 15 13 14 14 15 14 14 13 14 15 14 15 14 15 14 14 13 14 15 15 13 13 14 15 13 15 15 13 14 14 14 15 13 13 14 15 14 15 15 14 14
199,3x3x128x128,0.1355369 0.1653527 0.15035512 0.19957757 0.11580633 0.2312183 0.22106494 0.20686206 0.21696112 0.18345459 0.18073815 0.09592352 0.2940796 0.12826945 0.15335417 0.21233614 0.18634163 0.17774779 0.1647637 0.2610471 0.15318498 0.15539454 0.1432975 0.21066262 0.19632067 0.24138978 0.20111486 0.13752615 0.17874856 0.18917815 0.130657 0.11653858 0.13172334 0.22807744 0.1698937 0.09843776 0.13646564 0.22940932 0.16467308 0.20667711 0.4158776 0.08457866 0.15773614 0.15772611 0.16001539 0.19417833 0.12891956 0.16469356 0.13930263 0.1724153 0.26503506 0.22795579 0.16354765 0.1145235 0.15297727 0.23475893 0.16131443 0.1481434 0.1937619 0.12845562 0.08828237 0.118592 0.17717326 0.18151392 0.12539224 0.13628371 0.14376576 0.15564042 0.39715984 0.17683174 0.113263816 0.31324786 0.20733409 0.20031549 0.2596896 0.20189768 0.22229326 0.11646057 0.21273044 0.18669267 0.27690938 0.14214192 0.12252995 0.13902517 0.16633002 0.1300111 0.104972064 0.0839304 0.32595587 0.14149578 0.123155475 0.18830813 0.082350016 0.19655252 0.3526273 0.13859634 0.2338958 0.1491615 0.14314775 0.112014525 0.14412737 0.24248675 0.2104202 0.12533891 0.11391513 0.15943025 0.14370728 0.18591855 0.08512119 0.13388649 0.12112488 0.16500337 0.23500708 0.2195913 0.17452143 0.14402197 0.18696006 0.1774431 0.16084523 0.30281448 0.12879817 0.31335327 0.13265981 0.20735283 0.13597773 0.26418307 0.1596637 0.15085612,0.13552035 0.16533253 0.15033676 0.19955322 0.1157922 0.23119009 0.22103797 0.20683682 0.21693464 0.18343219 0.1807161 0.095911816 0.2940437 0.1282538 0.15333545 0.21231022 0.18631889 0.17772609 0.16474359 0.26101524 0.1531663 0.15537558 0.14328001 0.2106369 0.1962967 0.24136032 0.20109032 0.13750936 0.17872675 0.18915506 0.13064106 0.11652435 0.13170727 0.2280496 0.16987295 0.09842574 0.136449 0.22938132 0.16465299 0.2066519 0.41582686 0.08456834 0.15771689 0.15770686 0.15999587 0.19415462 0.12890382 0.16467346 0.13928562 0.17239426 0.2650027 0.22792797 0.16352768 0.11450952 0.1529586 0.23473029 0.16129474 0.1481253 0.19373825 0.12843995 0.088271596 0.11857753 0.17715164 0.18149178 0.12537694 0.13626708 0.14374821 0.15562144 0.39711136 0.17681015 0.11324999 0.31320962 0.20730878 0.20029105 0.2596579 0.20187305 0.22226614 0.11644636 0.21270446 0.18666989 0.2768756 0.14212458 0.122515 0.13900821 0.16630973 0.12999523 0.10495925 0.08392016 0.32591608 0.14147851 0.12314044 0.18828516 0.082339965 0.19652852 0.35258427 0.13857943 0.23386726 0.14914331 0.14313027 0.11200085 0.14410977 0.24245715 0.21039452 0.12532362 0.11390123 0.1594108 0.14368974 0.18589588 0.0851108 0.13387015 0.1211101 0.16498323 0.23497841 0.2195645 0.17450012 0.1440044 0.18693724 0.17742144 0.1608256 0.30277753 0.12878245 0.31331503 0.13264361 0.20732753 0.13596115 0.26415083 0.15964423 0.15083772,0.0010670894 0.0013018309 0.001183754 0.0015712852 0.0009117496 0.0018203944 0.0017404564 0.0016286364 0.0017081468 0.001444348 0.0014229614 0.00075521116 0.0023153047 0.0010098724 0.0012073658 0.001671734 0.0014670779 0.001399418 0.0012971936 0.002055238 0.0012060339 0.0012234298 0.001128189 0.0016585583 0.0015456433 0.001900475 0.0015833883 0.0010827509 0.0014072972 0.00148941 0.0010286698 0.0009175146 0.001037065 0.0017956662 0.0013375824 0.00077500584 0.0010744015 0.0018061522 0.0012964802 0.0016271803 0.0032742273 0.00066589244 0.0012418652 0.0012417863 0.00125981 0.0015287765 0.0010149907 0.0012966414 0.0010967372 0.0013574351 0.0020866354 0.0017947084 0.0012876196 0.00090164976 0.0012043985 0.00184827 0.0012700374 0.001166341 0.001525498 0.0010113382 0.0006950519 0.0009336814 0.0013948948 0.0014290691 0.00098722 0.0010729692 0.0011318757 0.0012253657 0.003126861 0.0013922058 0.00089173217 0.0024662176 0.0016323526 0.0015770949 0.0020445504 0.0015895516 0.0017501271 0.00091690046 0.0016748382 0.0014698416 0.0021801228 0.0011190912 0.00096468505 0.0010945528 0.0013095255 0.0010235845 0.00082645076 0.0006607887 0.0025662684 0.0011140041 0.00096960977 0.0014825603 0.0006483462 0.0015474687 0.0027762542 0.0010911766 0.0018414744 0.0011743568 0.00112701 0.00088189647 0.0011347226 0.0019091114 0.0016566498 0.0009868002 0.0008968601 0.0012552032 0.0011314153 0.001463747 0.0006701638 0.0010540957 0.0009536228 0.0012990806 0.0018502236 0.0017288543 0.0013740167 0.0011338929 0.0014719468 0.0013970191 0.0012663433 0.002384075 0.0010140351 0.0024670474 0.0010444379 0.0016325002 0.0010705602 0.0020799278 0.0012570412 0.0011876986,
200,128,,,0.004594058 0.004594058 0.004594058 0.004594058 0.004594058 0.004594058 0.004594058 0.004594058 0.004594058 0.004594058 0.004594058 0.004594058 0.004594058 0.004594058 0.004594058 0.004594058 0.004594058 0.004594058 0.004594058 0.004594058 0.004594058 0.004594058 0.004594058 0.004594058 0.004594058 0.004594058 0.004594058 0.004594058 0.004594058 0.004594058 0.004594058 0.004594058 0.004594058 0.004594058 0.004594058 0.004594058 0.004594058 0.004594058 0.004594058 0.004594058 0.004594058 0.004594058 0.004594058 0.004594058 0.004594058 0.004594058 0.004594058 0.004594058 0.004594058 0.004594058 0.004594058 0.004594058 0.004594058 0.004594058 0.004594058 0.004594058 0.004594058 0.004594058 0.004594058 0.004594058 0.004594058 0.004594058 0.004594058 0.004594058 0.004594058 0.004594058 0.004594058 0.004594058 0.004594058 0.004594058 0.004594058 0.004594058 0.004594058 0.004594058 0.004594058 0.004594058 0.004594058 0.004594058 0.004594058 0.004594058 0.004594058 0.004594058 0.004594058 0.004594058 0.004594058 0.004594058 0.004594058 0.004594058 0.004594058 0.004594058 0.004594058 0.004594058 0.004594058 0.004594058 0.004594058 0.004594058 0.004594058 0.004594058 0.004594058 0.004594058 0.004594058 0.004594058 0.004594058 0.004594058 0.004594058 0.004594058 0.004594058 0.004594058 0.004594058 0.004594058 0.004594058 0.004594058 0.004594058 0.004594058 0.004594058 0.004594058 0.004594058 0.004594058 0.004594058 0.004594058 0.004594058 0.004594058 0.004594058 0.004594058 0.004594058 0.004594058 0.004594058 0.004594058,14 14 14 14 15 14 14 14 14 14 14 15 13 14 14 14 14 14 14 13 14 14 14 14 14 14 14 14 14 14 14 15 14 14 14 15 14 14 14 14 13 15 14 14 14 14 14 14 14 14 13 14 14 15 14 14 14 14 14 14 15 15 14 14 14 14 14 14 13 14 15 13 14 14 13 14 14 15 14 14 13 14 15 14 14 14 15 15 13 14 15 14 15 14 13 14 14 14 14 15 14 14 14 14 15 14 14 14 15 14 15 14 14 14 14 14 14 14 14 13 14 13 14 14 14 13 14 14
205,3x3x128x128,0.26981598 0.2661058 0.08569681 0.22322209 0.19687977 0.3873196 0.2703708 0.50100315 0.1679336 0.24172981 0.25036553 0.19197795 0.31342155 0.23904687 0.1326549 0.5579426 0.25682423 0.12522909 0.19579269 0.22447097 0.40369287 0.20283464 0.22078331 0.203553 0.17532691 0.23444273 0.3369604 0.2358877 0.16252288 0.086918734 0.192212 0.14907736 0.26890752 0.10335754 0.2527915 0.15163629 0.16446243 0.15389104 0.18353325 0.12467411 0.20676911 0.17369837 0.11522682 0.27856016 0.25481525 0.27917743 0.22817485 0.39413399 0.19166702 0.5182093 0.16159515 0.09893091 0.1815253 0.1893551 0.19357178 0.17540367 0.17819472 0.2830948 0.1541617 0.13603528 0.2173425 0.2904079 0.12855946 0.19981758 0.25451353 0.15688217 0.1743534 0.18272372 0.14730637 0.5772021 0.19428949 0.3564287 0.24376366 0.19368602 0.111695275 0.10865969 0.2367985 0.2790143 0.13082653 0.18824068 0.2747639 0.18290402 0.23958737 0.17544718 0.41602275 0.16449629 0.16391475 0.16693702 0.26989838 0.24584183 0.16323054 0.24692662 0.16840412 0.29302073 0.27544954 0.18324745 0.21427621 0.18613653 0.16808504 0.14315131 0.11184333 0.18093494 0.25583744 0.28303984 0.29365468 0.24079596 0.25867143 0.20569797 0.18021567 0.21935147 0.45319977 0.17662811 0.17910068 0.2608269 0.21353914 0.2908021 0.22645855 0.31009004 0.19396783 0.18937537 0.6248875 0.27654526 0.1107168 0.2775629 0.2012662 0.29753393 0.20233679 0.14151824,0.26978305 0.26607335 0.085686356 0.22319485 0.19685574 0.38727233 0.27033782 0.500942 0.1679131 0.2417003 0.25033498 0.19195451 0.31338328 0.2390177 0.13263871 0.5578745 0.2567929 0.12521382 0.1957688 0.22444357 0.4036436 0.20280989 0.22075637 0.20352817 0.17530552 0.23441412 0.33691928 0.23585892 0.16250305 0.08690813 0.19218855 0.14905916 0.2688747 0.103344925 0.25276065 0.15161778 0.16444236 0.15387225 0.18351085 0.1246589 0.20674387 0.17367718 0.11521275 0.2785262 0.25478414 0.27914336 0.228147 0.39408588 0.19164363 0.51814604 0.16157542 0.09891883 0.18150316 0.189332 0.19354814 0.17538227 0.17817296 0.28306022 0.1541429 0.13601868 0.21731597 0.29037246 0.12854376 0.1997932 0.25448248 0.15686302 0.17433213 0.18270142 0.14728838 0.5771316 0.19426578 0.35638523 0.2437339 0.19366238 0.11168165 0.10864643 0.23676959 0.27898026 0.13081056 0.18821771 0.27473038 0.1828817 0.23955813 0.17542577 0.415972 0.16447622 0.16389474 0.16691665 0.26986545 0.24581182 0.16321062 0.24689648 0.16838357 0.29298496 0.27541593 0.18322508 0.21425006 0.1861138 0.16806453 0.14313383 0.11182968 0.18091285 0.25580624 0.2830053 0.29361886 0.24076657 0.25863984 0.20567288 0.18019368 0.2193247 0.45314446 0.17660657 0.17907882 0.26079506 0.21351308 0.2907666 0.22643092 0.3100522 0.19394417 0.18935226 0.62481123 0.2765115 0.11070329 0.27752903 0.20124163 0.2974976 0.2023121 0.14150096,0.002124276 0.0020950658 0.0006746957 0.0017574398 0.0015500452 0.0030493883 0.0021286441 0.003944425 0.0013221503 0.001903152 0.0019711417 0.0015114528 0.0024675848 0.0018820291 0.0010443992 0.0043927124 0.0020219914 0.0009859356 0.0015414866 0.0017672722 0.0031782961 0.0015969282 0.0017382391 0.001602584 0.0013803584 0.0018457804 0.0026529077 0.0018571569 0.0012795515 0.000684316 0.0015132957 0.0011736942 0.0021171237 0.00081373955 0.0019902412 0.0011938408 0.0012948217 0.0012115926 0.0014449673 0.0009815661 0.0016279045 0.0013675368 0.00090718706 0.0021931196 0.0020061743 0.0021979793 0.0017964331 0.0031030385 0.001509005 0.00407989 0.0012722474 0.00077888847 0.0014291587 0.0014908031 0.0015240011 0.0013809628 0.0014029366 0.0022288207 0.0012137237 0.0010710132 0.0017111494 0.0022863974 0.0010121557 0.0015731748 0.002003799 0.0012351419 0.0013726939 0.0014385938 0.0011597511 0.0045443433 0.0015296518 0.002806183 0.0019191646 0.0015249006 0.00087938306 0.0008554837 0.0018643275 0.002196695 0.0010300044 0.0014820292 0.0021632314 0.0014400134 0.0018862844 0.0013813053 0.00327537 0.0012950883 0.0012905098 0.0013143043 0.002124925 0.0019355261 0.0012851229 0.0019440667 0.0013258549 0.0023069682 0.0021686293 0.0014427172 0.0016870083 0.0014654631 0.0013233428 0.001127038 0.0008805487 0.0014245106 0.0020142223 0.002228388 0.0023119594 0.0018957998 0.0020365342 0.0016194715 0.0014188478 0.0017269661 0.0035680665 0.0013906029 0.0014100694 0.0020535043 0.0016812054 0.0022895008 0.0017829207 0.0024413557 0.0015271194 0.0014909627 0.0049197734 0.002177256 0.00087167945 0.0021852679 0.0015845797 0.0023425007 0.0015930086 0.0011141808,
206,128,,,0.004430007 0.004430007 0.004430007 0.004430007 0.004430007 0.004430007 0.004430007 0.004430007 0.004430007 0.004430007 0.004430007 0.004430007 0.004430007 0.004430007 0.004430007 0.004430007 0.004430007 0.004430007 0.004430007 0.004430007 0.004430007 0.004430007 0.004430007 0.004430007 0.004430007 0.004430007 0.004430007 0.004430007 0.004430007 0.004430007 0.004430007 0.004430007 0.004430007 0.004430007 0.004430007 0.004430007 0.004430007 0.004430007 0.004430007 0.004430007 0.004430007 0.004430007 0.004430007 0.004430007 0.004430007 0.004430007 0.004430007 0.004430007 0.004430007 0.004430007 0.004430007 0.004430007 0.004430007 0.004430007 0.004430007 0.004430007 0.004430007 0.004430007 0.004430007 0.004430007 0.004430007 0.004430007 0.004430007 0.004430007 0.004430007 0.004430007 0.004430007 0.004430007 0.004430007 0.004430007 0.004430007 0.004430007 0.004430007 0.004430007 0.004430007 0.004430007 0.004430007 0.004430007 0.004430007 0.004430007 0.004430007 0.004430007 0.004430007 0.004430007 0.004430007 0.004430007 0.004430007 0.004430007 0.004430007 0.004430007 0.004430007 0.004430007 0.004430007 0.004430007 0.004430007 0.004430007 0.004430007 0.004430007 0.004430007 0.004430007 0.004430007 0.004430007 0.004430007 0.004430007 0.004430007 0.004430007 0.004430007 0.004430007 0.004430007 0.004430007 0.004430007 0.004430007 0.004430007 0.004430007 0.004430007 0.004430007 0.004430007 0.004430007 0.004430007 0.004430007 0.004430007 0.004430007 0.004430007 0.004430007 0.004430007 0.004430007 0.004430007 0.004430007,13 13 15 14 14 13 13 12 14 14 13 14 13 14 14 12 13 14 14 14 13 14 14 14 14 14 13 14 14 15 14 14 13 15 13 14 14 14 14 14 14 14 15 13 13 13 14 13 14 12 14 15 14 14 14 14 14 13 14 14 14 13 14 14 13 14 14 14 14 12 14 13 14 14 15 15 14 13 14 14 13 14 14 14 13 14 14 14 13 14 14 14 14 13 13 14 14 14 14 14 15 14 13 13 13 14 13 14 14 14 13 14 14 13 14 13 14 13 14 14 12 13 15 13 14 13 14 14
214,3x3x128x128,0.24771966 0.18465291 0.07154092 0.17796355 0.3557799 0.23557104 0.10397983 0.18063773 0.18323536 0.106239304 0.15827088 0.1244302 0.15494964 0.2726495 0.112728216 0.15825169 0.18605977 0.14759614 0.2806919 0.10039295 0.1629491 0.18896954 0.10638536 0.0930402 0.14205727 0.16735502 0.14139548 0.17725056 0.16940054 0.19680144 0.11773455 0.18909636 0.2082309 0.15629035 0.22357413 0.17762145 0.083451115 0.17328076 0.16167974 0.12105553 0.17409174 0.17144533 0.08742404 0.17137305 0.17698704 0.12047403 0.10752738 0.1529175 0.2591077 0.2248299 0.11403186 0.09503448 0.14193377 0.21060953 0.122698344 0.20581733 0.13728398 0.16044267 0.1515162 0.16644096 0.18091404 0.2122456 0.15956375 0.14439988 0.15816967 0.19141117 0.19770187 0.19020948 0.1682562 0.27732572 0.4264931 0.0736353 0.10478666 0.14205506 0.5194638 0.2035228 0.11075018 0.17860572 0.30100995 0.36555156 0.19043148 0.108890906 0.095797576 0.14706403 0.23340593 0.11812088 0.107600585 0.13366354 0.115937494 0.13692163 0.24255854 0.09854666 0.13170473 0.15664999 0.11637064 0.11894707 0.096663706 0.10196655 0.3567214 0.17203204 0.122196965 0.13779084 0.13279143 0.1388947 0.064842284 0.1369991 0.27941447 0.15283264 0.35383493 0.20469849 0.11553546 0.3323458 0.2662578 0.20379333 0.18182041 0.16989943 0.13754262 0.14964195 0.14355554 0.19824679 0.10152728 0.14671557 0.17502725 0.12369954 0.16405031 0.14902173 0.17657927 0.07484223,0.24768943 0.18463036 0.07153219 0.17794184 0.35573646 0.23554228 0.103967145 0.18061568 0.18321301 0.10622634 0.15825157 0.12441502 0.15493073 0.2726162 0.112714455 0.15823238 0.18603706 0.14757812 0.28065762 0.1003807 0.16292922 0.18894649 0.10637238 0.09302884 0.14203992 0.1673346 0.14137822 0.17722894 0.16937986 0.19677742 0.11772018 0.1890733 0.20820548 0.15627128 0.22354685 0.17759979 0.08344093 0.17325962 0.16166002 0.121040754 0.17407049 0.1714244 0.08741337 0.17135215 0.17696545 0.120459326 0.107514255 0.15289883 0.2590761 0.22480245 0.11401794 0.09502289 0.14191644 0.21058382 0.12268337 0.20579222 0.13726722 0.16042309 0.1514977 0.16642065 0.18089198 0.21221969 0.15954427 0.14438227 0.15815036 0.19138782 0.19767775 0.19018626 0.16823566 0.2772919 0.42644104 0.07362632 0.104773864 0.14203772 0.5194004 0.20349796 0.11073667 0.17858392 0.30097324 0.36550695 0.19040824 0.10887762 0.095785886 0.14704607 0.23337746 0.11810646 0.10758745 0.13364723 0.115923345 0.13690491 0.24252895 0.098534636 0.13168867 0.15663087 0.11635644 0.118932545 0.096651904 0.10195411 0.35667786 0.17201105 0.12218206 0.13777404 0.13277523 0.13887776 0.06483437 0.13698238 0.27938038 0.152814 0.35379174 0.2046735 0.11552136 0.33230525 0.26622528 0.20376846 0.18179822 0.16987869 0.13752583 0.14962369 0.14353803 0.1982226 0.10151489 0.14669767 0.17500588 0.12368444 0.1640303 0.14900354 0.17655772 0.074833095,0.0019503104 0.0014537824 0.0005632456 0.0014011168 0.0028010744 0.0018546636 0.00081863895 0.0014221707 0.0014426222 0.00083642785 0.0012460754 0.0009796458 0.001219927 0.0021465842 0.0008875154 0.0012459243 0.0014648588 0.0011620325 0.0022099025 0.0007903992 0.0012829072 0.0014877676 0.0008375778 0.0007325106 0.0011184246 0.0013175952 0.0011132144 0.0013955035 0.0013336997 0.0015494284 0.0009269306 0.001488766 0.0016394132 0.0012304825 0.0017602114 0.0013984236 0.0006570152 0.0013642489 0.0012729135 0.0009530768 0.0013706338 0.0013497984 0.00068829424 0.0013492295 0.0013934287 0.0009484986 0.00084656896 0.0012039278 0.0020399692 0.001770098 0.0008977791 0.0007482117 0.0011174523 0.0016581403 0.0009660108 0.0016204112 0.0010808442 0.0012631739 0.0011928953 0.0013103988 0.0014243462 0.0016710211 0.0012562542 0.0011368683 0.0012452784 0.0015069906 0.0015565177 0.0014975297 0.0013246902 0.0021834008 0.0033578034 0.0005797348 0.00082499103 0.0011184072 0.004089767 0.0016023462 0.00087194226 0.0014061726 0.002369868 0.0028780075 0.0014992775 0.0008573041 0.0007542196 0.0011578432 0.0018376177 0.00092997216 0.0008471453 0.0010523404 0.00091278227 0.0010779914 0.0019096767 0.0007758633 0.0010369186 0.0012333139 0.0009161924 0.00093647675 0.0007610386 0.00080278824 0.002808487 0.0013544176 0.00096206344 0.0010848349 0.0010454743 0.0010935257 0.00051050686 0.0010786015 0.0021998456 0.0012032598 0.0027857618 0.0016116024 0.000909617 0.0026165769 0.002096262 0.0016044761 0.001431482 0.0013376275 0.0010828805 0.0011781394 0.0011302207 0.0015608079 0.00079932983 0.0011550997 0.0013779991 0.0009738933 0.0012915771 0.0011732562 0.0013902183 0.00058923697,
215,128,,,0.0044300067 0.0044300067 0.0044300067 0.0044300067 0.0044300067 0.0044300067 0.0044300067 0.0044300067 0.0044300067 0.0044300067 0.0044300067 0.0044300067 0.0044300067 0.0044300067 0.0044300067 0.0044300067 0.0044300067 0.0044300067 0.0044300067 0.0044300067 0.0044300067 0.0044300067 0.0044300067 0.0044300067 0.0044300067 0.0044300067 0.0044300067 0.0044300067 0.0044300067 0.0044300067 0.0044300067 0.0044300067 0.0044300067 0.0044300067 0.0044300067 0.0044300067 0.0044300067 0.0044300067 0.0044300067 0.0044300067 0.0044300067 0.0044300067 0.0044300067 0.0044300067 0.0044300067 0.0044300067 0.0044300067 0.0044300067 0.0044300067 0.0044300067 0.0044300067 0.0044300067 0.0044300067 0.0044300067 0.0044300067 0.0044300067 0.0044300067 0.0044300067 0.0044300067 0.0044300067 0.0044300067 0.0044300067 0.0044300067 0.0044300067 0.0044300067 0.0044300067 0.0044300067 0.0044300067 0.0044300067 0.0044300067 0.0044300067 0.0044300067 0.0044300067 0.0044300067 0.0044300067 0.0044300067 0.0044300067 0.0044300067 0.0044300067 0.0044300067 0.0044300067 0.0044300067 0.0044300067 0.0044300067 0.0044300067 0.0044300067 0.0044300067 0.0044300067 0.0044300067 0.0044300067 0.0044300067 0.0044300067 0.0044300067 0.0044300067 0.0044300067 0.0044300067 0.0044300067 0.0044300067 0.0044300067 0.0044300067 0.0044300067 0.0044300067 0.0044300067 0.0044300067 0.0044300067 0.0044300067 0.0044300067 0.0044300067 0.0044300067 0.0044300067 0.0044300067 0.0044300067 0.0044300067 0.0044300067 0.0044300067 0.0044300067 0.0044300067 0.0044300067 0.0044300067 0.0044300067 0.0044300067 0.0044300067 0.0044300067 0.0044300067 0.0044300067 0.0044300067 0.0044300067 0.0044300067,13 14 15 14 13 14 15 14 14 15 14 14 14 13 15 14 14 14 13 15 14 14 15 15 14 14 14 14 14 14 15 14 14 14 14 14 15 14 14 15 14 14 15 14 14 15 15 14 13 14 15 15 14 14 15 14 14 14 14 14 14 14 14 14 14 14 14 14 14 13 13 15 15 14 12 14 15 14 13 13 14 15 15 14 14 15 15 14 15 14 14 15 14 14 15 15 15 15 13 14 15 14 14 14 15 14 13 14 13 14 15 13 13 14 14 14 14 14 14 14 15 14 14 15 14 14 14 15
220,3x3x128x128,0.10968174 0.73464507 0.13578388 0.14638993 0.094660446 0.22367917 0.10525954 0.35548818 0.09048116 0.17480226 0.13903177 0.16851139 0.253802 0.13020012 0.075428426 0.51438445 0.20659168 0.18028443 0.15459095 0.12173898 0.3603408 0.13351552 0.20367306 0.23051225 0.10335903 0.10440996 0.24400698 0.19642541 0.12613878 0.13734832 0.10001355 0.1064513 0.18202296 0.14938201 0.18416111 0.2242269 0.14579438 0.0835916 0.15534432 0.082696795 0.13858297 0.10399107 0.09244294 0.13943887 0.11876254 0.12643012 0.13787104 0.11919696 0.117784545 0.30423284 0.17857105 0.0976701 0.13397086 0.12422479 0.12991884 0.23282062 0.07712209 0.16781737 0.11782179 0.1347793 0.132221 0.11382284 0.2348431 0.086129315 0.11650912 0.06687854 0.20207943 0.1111717 0.0934464 0.09105146 0.17160174 0.119090304 0.12493205 0.08277427 0.10778446 0.10005895 0.16184643 0.14305273 0.13953502 0.20430921 0.16030093 0.10735632 0.15447406 0.11324724 0.18391284 0.14635737 0.111260206 0.09540462 0.1514937 0.18194722 0.13997033 0.15879144 0.15385741 0.16558684 0.12624201 0.11705785 0.13176946 0.08235852 0.10962202 0.17200226 0.10904085 0.08216919 0.08207653 0.21335122 0.14322333 0.11500936 0.12407335 0.091249175 0.14853203 0.16458327 0.17227843 0.09635704 0.15003285 0.11534245 0.1896785 0.21017662 0.13383466 0.2947101 0.13167065 0.11731384 0.3100947 0.15409666 0.15577881 0.21115777 0.13146569 0.17524767 0.13088791 0.15118888,0.10966836 0.7345554 0.13576731 0.14637206 0.0946489 0.22365187 0.10524669 0.35544482 0.09047012 0.17478094 0.13901481 0.16849083 0.253771 0.13018422 0.075419225 0.5143217 0.20656647 0.18026243 0.15457208 0.12172412 0.36029685 0.13349922 0.20364821 0.23048411 0.103346415 0.10439722 0.24397719 0.19640145 0.12612338 0.13733156 0.10000134 0.10643832 0.18200074 0.14936377 0.18413863 0.22419953 0.14577658 0.0835814 0.15532535 0.08268671 0.13856606 0.10397837 0.09243166 0.13942185 0.11874804 0.12641469 0.13785422 0.11918241 0.117770165 0.3041957 0.17854924 0.09765818 0.13395451 0.12420963 0.12990299 0.2327922 0.077112675 0.16779688 0.11780741 0.13476285 0.13220486 0.113808945 0.23481444 0.0861188 0.116494894 0.06687038 0.20205477 0.11115813 0.093435 0.09104034 0.17158079 0.119075775 0.1249168 0.08276416 0.10777131 0.10004674 0.16182669 0.14303528 0.139518 0.20428427 0.16028136 0.10734321 0.15445521 0.11323342 0.1838904 0.14633952 0.11124662 0.09539298 0.15147522 0.18192501 0.13995324 0.15877207 0.15383863 0.16556664 0.1262266 0.11704356 0.13175339 0.082348466 0.10960864 0.17198128 0.10902754 0.08215916 0.082066506 0.21332517 0.14320585 0.11499532 0.1240582 0.091238044 0.1485139 0.16456318 0.17225741 0.096345276 0.15001453 0.11532837 0.18965535 0.21015096 0.13381833 0.29467413 0.13165458 0.11729953 0.31005687 0.15407786 0.1557598 0.21113199 0.13144965 0.17522627 0.13087194 0.15117043,0.0008635304 0.005783901 0.001069034 0.0011525359 0.0007452669 0.0017610383 0.0008287141 0.002798778 0.00071236317 0.0013762278 0.0010946048 0.0013266994 0.0019981968 0.0010250725 0.00059385214 0.004049777 0.0016265076 0.0014193893 0.001217103 0.00095845765 0.002836983 0.001051175 0.0016035292 0.0018148356 0.0008137513 0.00082202535 0.0019210803 0.0015464681 0.0009930976 0.0010813508 0.00078741217 0.00083809695 0.0014330767 0.0011760927 0.0014499105 0.0017653507 0.0011478472 0.0006581213 0.0012230342 0.00065107644 0.0010910714 0.00081872736 0.00072780834 0.0010978099 0.00093502394 0.0009953913 0.0010854662 0.00093844417 0.0009273241 0.0023952418 0.0014058995 0.000768962 0.00105476 0.0009780285 0.0010228582 0.0018330094 0.0006071864 0.0013212353 0.0009276174 0.0010611248 0.0010409831 0.0008961334 0.0018489326 0.0006781008 0.00091728265 0.0005265384 0.0015909824 0.0008752609 0.0007357086 0.0007168531 0.0013510298 0.0009376045 0.0009835969 0.00065168634 0.00084859296 0.0007877696 0.0012742259 0.001126262 0.0010985669 0.0016085375 0.0012620579 0.00084522215 0.0012161828 0.0008916017 0.001447956 0.0011522797 0.00087595766 0.0007511258 0.0011927183 0.0014324804 0.0011019941 0.0012501738 0.0012113278 0.0013036743 0.0009939102 0.0009216028 0.0010374283 0.00064841314 0.0008630602 0.0013541833 0.0008584846 0.0006469225 0.000646193 0.0016797257 0.0011276051 0.000905475 0.0009768362 0.0007184098 0.0011694008 0.0012957731 0.0013563576 0.0007586242 0.0011812168 0.0009080974 0.0014933492 0.0016547319 0.0010536877 0.0023202687 0.0010366502 0.0009236183 0.0024413927 0.0012132114 0.0012264551 0.0016624567 0.0010350366 0.0013797344 0.0010304877 0.0011903184,
221,128,,,0.0040013506 0.0040013506 0.0040013506 0.0040013506 0.0040013506 0.0040013506 0.0040013506 0.0040013506 0.0040013506 0.0040013506 0.0040013506 0.0040013506 0.0040013506 0.0040013506 0.0040013506 0.0040013506 0.0040013506 0.0040013506 0.0040013506 0.0040013506 0.0040013506 0.0040013506 0.0040013506 0.0040013506 0.0040013506 0.0040013506 0.0040013506 0.0040013506 0.0040013506 0.0040013506 0.0040013506 0.0040013506 0.0040013506 0.0040013506 0.0040013506 0.0040013506 0.0040013506 0.0040013506 0.0040013506 0.0040013506 0.0040013506 0.0040013506 0.0040013506 0.0040013506 0.0040013506 0.0040013506 0.0040013506 0.0040013506 0.0040013506 0.0040013506 0.0040013506 0.0040013506 0.0040013506 0.0040013506 0.0040013506 0.0040013506 0.0040013506 0.0040013506 0.0040013506 0.0040013506 0.0040013506 0.0040013506 0.0040013506 0.0040013506 0.0040013506 0.0040013506 0.0040013506 0.0040013506 0.0040013506 0.0040013506 0.0040013506 0.0040013506 0.0040013506 0.0040013506 0.0040013506 0.0040013506 0.0040013506 0.0040013506 0.0040013506 0.0040013506 0.0040013506 0.0040013506 0.0040013506 0.0040013506 0.0040013506 0.0040013506 0.0040013506 0.0040013506 0.0040013506 0.0040013506 0.0040013506 0.0040013506 0.0040013506 0.0040013506 0.0040013506 0.0040013506 0.0040013506 0.0040013506 0.0040013506 0.0040013506 0.0040013506 0.0040013506 0.0040013506 0.0040013506 0.0040013506 0.0040013506 0.0040013506 0.0040013506 0.0040013506 0.0040013506 0.0040013506 0.0040013506 0.0040013506 0.0040013506 0.0040013506 0.0040013506 0.0040013506 0.0040013506 0.0040013506 0.0040013506 0.0040013506 0.0040013506 0.0040013506 0.0040013506 0.0040013506 0.0040013506 0.0040013506 0.0040013506,15 12 14 14 15 14 15 13 15 14 14 14 13 14 15 12 14 14 14 15 13 14 14 14 15 15 14 14 14 14 15 15 14 14 14 14 14 15 14 15 14 15 15 14 15 14 14 15 15 13 14 15 14 14 14 14 15 14 15 14 14 15 14 15 15 15 14 15 15 15 14 15 14 15 15 15 14 14 14 14 14 15 14 15 14 14 15 15 14 14 14 14 14 14 14 15 14 15 15 14 15 15 15 14 14 15 14 15 14 14 14 15 14 15 14 14 14 13 14 15 13 14 14 14 14 14 14 14
229,1x1x256x128,0.33349374 0.38836232 0.31395245 0.51589894 0.31671336 0.32660004 0.30531362 0.42037892 0.46240035 0.55955595 0.46464294 0.47285005 0.44532064 0.36688566 0.44184545 0.44420677 0.40817446 0.4353637 0.47933903 0.43249118 0.6937838 0.39604312 0.4183461 0.38614765 0.40004212 0.33527553 0.36284325 0.31695753 1.1918522 0.46101072 0.4877228 0.3582219 0.25589538 0.38550583 0.28692093 0.42961594 0.5025346 0.3243959 0.35117775 0.34477475 0.39337212 0.6355765 0.38555905 0.4504588 0.3177253 0.45552292 0.4285215 0.40784416 0.30370337 0.2909522 0.30629665 0.40204713 0.31307 0.43188107 0.381599 0.41006988 0.40726057 0.47403678 0.34225377 0.56258625 0.34652996 0.36767793 0.3995707 0.33745018 0.44211012 0.34274474 0.37903368 0.6002886 0.3592383 0.56493676 0.4304267 0.36113408 0.4552339 0.3481917 0.49570975 0.43041816 0.42654625 0.37681976 0.33409813 0.36559075 0.47472188 0.5187281 0.34844628 0.5902675 0.40932116 0.41415304 0.38459483 0.56290305 0.35245758 0.34856692 0.53591305 0.41117477 0.55264103 0.28696835 0.43048978 0.50094616 0.39750776 0.30559367 0.41386214 0.3158279 0.36417535 0.36370146 0.62106824 0.38715878 0.569875 0.48948804 0.4339011 0.45042858 0.37308878 0.6807247 0.33022624 0.35322127 0.42707357 0.43363398 0.29788086 0.40102246 0.31549147 0.31370685 0.34805515 0.4207711 0.43895513 0.91449934 0.30644637 0.34170616 0.3340528 0.5008556 0.41916388 0.35873577,0.33345306 0.3883149 0.31391415 0.51583594 0.3166747 0.32656017 0.30527633 0.4203276 0.46234393 0.5594877 0.46458626 0.47279233 0.4452663 0.36684087 0.4417915 0.44415256 0.40812463 0.43531057 0.47928053 0.4324384 0.6936992 0.39599478 0.41829506 0.3861005 0.3999933 0.3352346 0.36279896 0.31691885 1.1917068 0.46095446 0.4876633 0.35817817 0.25586414 0.3854588 0.28688592 0.4295635 0.5024733 0.3243563 0.3511349 0.34473267 0.3933241 0.6354989 0.385512 0.45040384 0.31768653 0.4554673 0.4284692 0.4077944 0.30366632 0.29091668 0.30625924 0.40199804 0.3130318 0.43182838 0.38155246 0.41001984 0.4072109 0.47397894 0.34221202 0.5625176 0.34648767 0.36763307 0.39952195 0.337409 0.44205615 0.34270293 0.37898743 0.6002154 0.35919446 0.56486785 0.43037418 0.36109 0.45517835 0.3481492 0.49564925 0.43036565 0.4264942 0.37677377 0.33405736 0.36554614 0.47466394 0.5186648 0.34840375 0.5901955 0.4092712 0.4141025 0.3845479 0.5628344 0.35241455 0.34852436 0.5358476 0.4111246 0.5525736 0.28693333 0.43043724 0.50088507 0.39745924 0.30555636 0.41381162 0.31578934 0.36413088 0.36365706 0.6209925 0.3871115 0.56980544 0.48942828 0.43384814 0.45037362 0.37304324 0.6806416 0.33018592 0.35317814 0.42702144 0.43358108 0.2978445 0.40097353 0.31545296 0.31366858 0.34801266 0.42071974 0.43890157 0.9143877 0.30640897 0.34166443 0.33401203 0.50079453 0.4191127 0.358692,0.0026256146 0.0030575977 0.002471765 0.0040617003 0.0024935016 0.00257134 0.0024037506 0.0033096662 0.0036405034 0.004405415 0.0036581594 0.0037227743 0.003506034 0.0028885107 0.0034786733 0.0034972643 0.0032135798 0.0034276424 0.0037738625 0.0034050269 0.005462198 0.0031180691 0.0032936619 0.0030401614 0.0031495534 0.0026396427 0.0028566846 0.0024954241 0.009383518 0.0036295627 0.0038398686 0.0028203006 0.0020146782 0.0030351086 0.0022589443 0.0033823897 0.0039564827 0.0025539866 0.0027648418 0.0027144304 0.00309704 0.005003928 0.0030355274 0.0035464868 0.0025014686 0.0035863568 0.0033737733 0.0032109795 0.0023910734 0.0022906826 0.00241149 0.003165339 0.0024648174 0.0034002236 0.00300435 0.0032285028 0.0032063848 0.0037321176 0.0026945828 0.0044292724 0.0027282494 0.0028947487 0.003145842 0.0026567637 0.0034807571 0.0026984483 0.002984153 0.0047261054 0.0028283028 0.004447778 0.003388773 0.0028432284 0.0035840815 0.0027413324 0.00390275 0.003388706 0.003358222 0.0029667227 0.002630373 0.002878316 0.0037375113 0.0040839748 0.0027433366 0.0046472084 0.003222608 0.0032606495 0.0030279362 0.004431767 0.0027749178 0.0027442863 0.0042192726 0.0032372014 0.0043509733 0.0022593176 0.0033892696 0.003943977 0.0031296003 0.0024059555 0.0032583592 0.0024865302 0.0028671722 0.0028634414 0.0048897048 0.0030481222 0.004486657 0.003853766 0.003416127 0.003546249 0.0029373483 0.005359383 0.0025998892 0.0027809304 0.0033623737 0.0034140244 0.0023452323 0.0031572718 0.0024838815 0.0024698314 0.0027402572 0.003312754 0.0034559178 0.007199903 0.0024126691 0.0026902712 0.002630016 0.003943264 0.0033001 0.0028243463,
230,128,,,0.005168222 0.005168222 0.005168222 0.005168222 0.005168222 0.005168222 0.005168222 0.005168222 0.005168222 0.005168222 0.005168222 0.005168222 0.005168222 0.005168222 0.005168222 0.005168222 0.005168222 0.005168222 0.005168222 0.005168222 0.005168222 0.005168222 0.005168222 0.005168222 0.005168222 0.005168222 0.005168222 0.005168222 0.005168222 0.005168222 0.005168222 0.005168222 0.005168222 0.005168222 0.005168222 0.005168222 0.005168222 0.005168222 0.005168222 0.005168222 0.005168222 0.005168222 0.005168222 0.005168222 0.005168222 0.005168222 0.005168222 0.005168222 0.005168222 0.005168222 0.005168222 0.005168222 0.005168222 0.005168222 0.005168222 0.005168222 0.005168222 0.005168222 0.005168222 0.005168222 0.005168222 0.005168222 0.005168222 0.005168222 0.005168222 0.005168222 0.005168222 0.005168222 0.005168222 0.005168222 0.005168222 0.005168222 0.005168222 0.005168222 0.005168222 0.005168222 0.005168222 0.005168222 0.005168222 0.005168222 0.005168222 0.005168222 0.005168222 0.005168222 0.005168222 0.005168222 0.005168222 0.005168222 0.005168222 0.005168222 0.005168222 0.005168222 0.005168222 0.005168222 0.005168222 0.005168222 0.005168222 0.005168222 0.005168222 0.005168222 0.005168222 0.005168222 0.005168222 0.005168222 0.005168222 0.005168222 0.005168222 0.005168222 0.005168222 0.005168222 0.005168222 0.005168222 0.005168222 0.005168222 0.005168222 0.005168222 0.005168222 0.005168222 0.005168222 0.005168222 0.005168222 0.005168222 0.005168222 0.005168222 0.005168222 0.005168222 0.005168222 0.005168222,15 15 15 14 15 15 15 15 15 14 15 15 15 15 15 15 15 15 15 15 14 15 15 15 15 15 15 15 13 15 15 15 15 15 15 15 14 15 15 15 15 14 15 15 15 15 15 15 15 15 15 15 15 15 15 15 15 15 15 14 15 15 15 15 15 15 15 14 15 14 15 15 15 15 14 15 15 15 15 15 15 14 15 14 15 15 15 14 15 15 14 15 14 15 15 14 15 15 15 15 15 15 14 15 14 15 15 15 15 14 15 15 15 15 15 15 15 15 15 15 15 14 15 15 15 14 15 15
238,1x1x256x256,0.3612273 0.39202502 0.3632268 0.60969776 0.32956874 0.30421093 0.26637793 0.39598307 0.5949673 0.34811112 0.24429676 0.26595774 0.30746248 0.37047407 0.30058137 0.23135576 0.33207002 0.4156627 0.33317146 0.48809507 0.40776524 0.39359108 0.27540734 0.3611876 0.37950173 0.42271528 0.5228862 0.4005902 0.28385723 0.5644 0.26645058 0.4166018 0.5525814 0.33536398 0.29422873 0.7628527 0.5085182 0.25498927 0.3770067 0.3292166 0.26192692 0.37929434 0.36735666 0.5560159 0.6010277 0.34531152 0.23716073 0.5674485 0.41172892 0.32754916 0.24191764 0.2897024 0.63047296 0.40873617 0.34091386 0.33475208 0.40312645 0.43716243 0.62314695 0.31225374 0.2056866 0.23767763 0.63081264 0.44930375 0.27811664 0.39510113 0.5218525 0.30553666 0.2800474 0.30616182 0.3673059 0.56244 0.3922629 0.7057161 0.2852823 0.24453358 0.2517353 0.5985073 0.2431696 0.30327258 0.42858538 0.31227934 0.36887625 0.5531613 0.42595276 0.32094452 0.4140748 0.30213284 0.32614958 0.4303267 0.30895573 0.31967258 0.20841345 0.41141063 0.80190927 0.34230807 0.36203787 0.43118432 0.51924247 0.3485765 0.55968666 0.35495922 0.31944492 0.96688664 0.55177766 0.8727421 0.38457876 0.36706 0.69979477 0.4633636 0.433517 0.31634083 0.640407 0.2903846 0.34770396 0.8224772 0.38664746 0.877487 0.30170667 0.29818588 0.26503578 0.5247904 0.75466627 0.34676978 0.38179398 0.31046647 0.3714519 0.39075682 0.5125484 0.27706224 0.5234499 0.31543204 0.5324538 0.29330245 0.52441937 0.35666963 0.29935265 0.31872335 0.39476797 0.28778833 0.24803479 0.30156046 0.38069925 0.30297428 0.78327346 0.5886111 0.9996653 0.28917047 0.4118071 0.3544703 0.32765803 0.5572001 0.31603274 0.46126962 0.67921966 0.4701245 0.35086715 0.35412672 0.31864062 0.2727815 0.2386324 0.5048718 0.6926109 0.333035 0.5292811 0.3494163 0.38512805 0.36412728 0.49266776 0.27884898 0.43849286 0.39610916 0.32577577 0.31322354 0.32509255 0.79878604 0.30222848 0.5663693 0.37742266 0.43175122 0.3213192 0.33076733 0.44650626 0.28657553 0.29962647 0.40389553 0.4854582 0.30333576 0.53954685 0.69587755 0.5280473 0.30685714 0.33544225 0.2911703 0.3938264 0.31958824 0.67422813 0.6217242 0.38892728 0.28454444 0.33222148 0.26273426 0.34546134 0.39558214 0.45310536 0.2621676 0.3425804 0.33772644 0.44061932 0.32875517 0.5380943 0.3296742 0.3475968 0.40047058 0.24916436 0.3304615 0.67184997 0.5458806 0.8905768 0.37648112 0.4953148 0.4012642 0.3508853 0.37025928 0.40873227 0.46375376 0.48935488 0.30898148 0.34667894 0.46258083 0.7186356 0.2876381 0.3339556 0.36573917 0.32573384 0.32206917 0.30681685 0.30239218 0.38116825 0.5359323 0.44287744 0.4003738 0.6541017 0.28466222 0.25666553 0.41481432 0.40100148 0.46168596 0.27277064 0.3952605 0.39890304 0.33186993 0.47660884 0.28420195 0.29615214 0.2987402,0.36118323 0.39197716 0.36318246 0.6096233 0.32952854 0.30417383 0.2663454 0.39593476 0.5948947 0.34806865 0.24426694 0.2659253 0.30742496 0.37042886 0.30054468 0.23132752 0.3320295 0.41561198 0.33313078 0.48803553 0.40771547 0.39354303 0.27537373 0.36114353 0.37945542 0.4226637 0.52282244 0.4005413 0.28382257 0.5643312 0.26641807 0.41655096 0.55251396 0.33532304 0.29419282 0.7627596 0.5084562 0.25495815 0.3769607 0.32917643 0.26189497 0.37924805 0.3673118 0.555948 0.6009544 0.34526938 0.23713177 0.56737924 0.41167867 0.32750916 0.2418881 0.289667 0.630396 0.40868628 0.34087226 0.33471122 0.40307724 0.43710908 0.6230709 0.31221566 0.2056615 0.23764864 0.6307357 0.4492489 0.2780827 0.3950529 0.5217888 0.30549937 0.2800132 0.30612448 0.36726108 0.5623714 0.392215 0.70562994 0.2852475 0.24450375 0.25170457 0.5984342 0.24313994 0.30323556 0.42853308 0.31224123 0.36883125 0.55309385 0.42590076 0.32090533 0.4140243 0.30209598 0.3261098 0.4302742 0.30891803 0.31963357 0.20838802 0.41136044 0.8018114 0.3422663 0.3619937 0.43113172 0.5191791 0.34853393 0.55961835 0.35491592 0.31940594 0.9667687 0.5517103 0.8726356 0.38453183 0.3670152 0.69970936 0.46330702 0.43346408 0.3163022 0.6403289 0.29034916 0.34766153 0.82237685 0.38660026 0.87737995 0.30166984 0.2981495 0.2650034 0.5247264 0.7545742 0.34672746 0.38174736 0.31042856 0.37140658 0.39070913 0.5124858 0.27702844 0.523386 0.31539357 0.5323888 0.29326665 0.5243554 0.35662612 0.2993161 0.31868446 0.3947198 0.2877532 0.24800451 0.30152366 0.3806528 0.30293733 0.78317785 0.5885393 0.9995433 0.2891352 0.4117568 0.35442707 0.32761803 0.55713207 0.31599417 0.46121332 0.6791368 0.47006714 0.35082433 0.3540835 0.31860173 0.2727482 0.23860326 0.5048102 0.6925264 0.33299434 0.5292165 0.34937364 0.38508105 0.36408284 0.49260762 0.27881494 0.43843937 0.39606082 0.32573602 0.31318533 0.32505286 0.7986886 0.30219162 0.5663002 0.37737662 0.43169853 0.32127997 0.33072695 0.44645175 0.28654057 0.2995899 0.40384623 0.48539895 0.30329874 0.53948104 0.6957926 0.5279829 0.3068197 0.33540133 0.29113474 0.39377835 0.31954926 0.6741458 0.6216483 0.38887984 0.28450972 0.33218092 0.2627022 0.3454192 0.39553386 0.45305005 0.26213562 0.3425386 0.33768523 0.44056553 0.32871503 0.53802866 0.32963398 0.34755436 0.4004217 0.24913396 0.33042118 0.671768 0.54581404 0.89046806 0.3764352 0.49525434 0.40121523 0.35084248 0.3702141 0.40868238 0.46369717 0.48929515 0.30894375 0.34663665 0.46252435 0.7185479 0.287603 0.33391485 0.36569455 0.32569408 0.32202986 0.30677938 0.30235526 0.38112172 0.53586686 0.4428234 0.40032494 0.65402186 0.2846275 0.2566342 0.41476372 0.40095255 0.46162963 0.27273735 0.3952123 0.39885437 0.33182943 0.4765507 0.28416726 0.29611602 0.29870373,0.0028439625 0.0030864344 0.0028597044 0.0048001837 0.002594713 0.0023950695 0.002097208 0.0031175965 0.0046842103 0.0027406982 0.0019233618 0.0020939 0.002420669 0.0029167626 0.0023664935 0.0018214765 0.0026144055 0.0032725353 0.002623077 0.0038427995 0.003210358 0.003098764 0.002168297 0.0028436498 0.002987838 0.0033280605 0.004116712 0.0031538685 0.0022348233 0.0044435523 0.0020977801 0.0032799288 0.0043505034 0.0026403388 0.0023164789 0.0060059815 0.004003592 0.0020075445 0.0029681944 0.0025919403 0.0020621652 0.002986205 0.002892219 0.0043775435 0.0047319247 0.0027186566 0.0018671793 0.004467553 0.0032415644 0.0025788124 0.0019046308 0.0022808425 0.004963748 0.0032180022 0.0026840335 0.0026355213 0.0031738365 0.0034418039 0.00490607 0.002458391 0.001619382 0.001871249 0.004966423 0.003537393 0.0021896276 0.0031106528 0.004108573 0.0024055068 0.0022048284 0.002410429 0.0028918195 0.0044281213 0.003088307 0.0055561415 0.0022460434 0.0019252264 0.0019819257 0.0047120806 0.0019144877 0.0023876815 0.0033742762 0.0024585924 0.002904183 0.0043550697 0.0033535492 0.0025268137 0.003260034 0.0023787085 0.0025677937 0.0033879858 0.0024324255 0.0025167998 0.0016408506 0.0032390587 0.006313476 0.0026950103 0.0028503442 0.003394738 0.0040880246 0.0027443615 0.004406444 0.0027946136 0.0025150075 0.007612352 0.0043441756 0.0068711466 0.0030278096 0.0028898835 0.0055095223 0.0036480867 0.003413103 0.0024905687 0.0050419597 0.002286214 0.0027374923 0.006475408 0.0030440965 0.0069085034 0.0023753531 0.002347634 0.002086641 0.0041317036 0.005941529 0.0027301374 0.0030058848 0.0024443194 0.0029244614 0.00307645 0.004035321 0.0021813263 0.0041211494 0.002483414 0.004192038 0.0023091862 0.0041287825 0.0028080798 0.0023568198 0.0025093264 0.00310803 0.0022657732 0.0019527915 0.002374202 0.0029972661 0.0023853334 0.0061667548 0.0046341675 0.00787042 0.002276655 0.0032421795 0.0027907644 0.0025796695 0.0043868665 0.002488143 0.0036316009 0.005347534 0.0037013162 0.0027623964 0.0027880592 0.002508675 0.0021476236 0.0018787659 0.0039748834 0.005452964 0.0026220027 0.0041670594 0.0027509735 0.0030321344 0.0028667941 0.0038788002 0.0021953932 0.0034522784 0.003118589 0.0025648505 0.0024660262 0.0025594714 0.0062888865 0.0023794614 0.004459057 0.0029714694 0.003399201 0.0025297636 0.0026041493 0.003515368 0.0022562249 0.0023589756 0.0031798915 0.0038220389 0.002388179 0.0042478824 0.005478682 0.0041573457 0.0024159031 0.0026409554 0.0022923995 0.0031006169 0.002516136 0.0053082346 0.0048948685 0.003062046 0.002240234 0.0026155978 0.0020685212 0.0027198363 0.0031144398 0.0035673233 0.00206406 0.0026971542 0.0026589388 0.00346902 0.0025883073 0.004236446 0.0025955432 0.0027366485 0.003152927 0.0019616848 0.0026017416 0.0052895118 0.004297748 0.0070115593 0.0029640566 0.0038996404 0.003159175 0.002762539 0.0029150718 0.0032179714 0.003651159 0.0038527178 0.0024326278 0.0027294224 0.0036419241 0.0056578573 0.0022645905 0.0026292508 0.0028794846 0.0025645203 0.0025356682 0.0024155858 0.0023807501 0.0030009584 0.004219424 0.0034867986 0.0031521649 0.0051497784 0.0022411614 0.0020207418 0.003265856 0.0031571067 0.003634879 0.0021475381 0.0031119077 0.0031405857 0.0026128301 0.0037523678 0.0022375374 0.0023316222 0.002351998,
239,256,,,0.0045940573 0.0045940573 0.0045940573 0.0045940573 0.0045940573 0.0045940573 0.0045940573 0.0045940573 0.0045940573 0.0045940573 0.0045940573 0.0045940573 0.0045940573 0.0045940573 0.0045940573 0.0045940573 0.0045940573 0.0045940573 0.0045940573 0.0045940573 0.0045940573 0.0045940573 0.0045940573 0.0045940573 0.0045940573 0.0045940573 0.0045940573 0.0045940573 0.0045940573 0.0045940573 0.0045940573 0.0045940573 0.0045940573 0.0045940573 0.0045940573 0.0045940573 0.0045940573 0.0045940573 0.0045940573 0.0045940573 0.0045940573 0.0045940573 0.0045940573 0.0045940573 0.0045940573 0.0045940573 0.0045940573 0.0045940573 0.0045940573 0.0045940573 0.0045940573 0.0045940573 0.0045940573 0.0045940573 0.0045940573 0.0045940573 0.0045940573 0.0045940573 0.0045940573 0.0045940573 0.0045940573 0.0045940573 0.0045940573 0.0045940573 0.0045940573 0.0045940573 0.0045940573 0.0045940573 0.0045940573 0.0045940573 0.0045940573 0.0045940573 0.0045940573 0.0045940573 0.0045940573 0.0045940573 0.0045940573 0.0045940573 0.0045940573 0.0045940573 0.0045940573 0.0045940573 0.0045940573 0.0045940573 0.0045940573 0.0045940573 0.0045940573 0.0045940573 0.0045940573 0.0045940573 0.0045940573 0.0045940573 0.0045940573 0.0045940573 0.0045940573 0.0045940573 0.0045940573 0.0045940573 0.0045940573 0.0045940573 0.0045940573 0.0045940573 0.0045940573 0.0045940573 0.0045940573 0.0045940573 0.0045940573 0.0045940573 0.0045940573 0.0045940573 0.0045940573 0.0045940573 0.0045940573 0.0045940573 0.0045940573 0.0045940573 0.0045940573 0.0045940573 0.0045940573 0.0045940573 0.0045940573 0.0045940573 0.0045940573 0.0045940573 0.0045940573 0.0045940573 0.0045940573 0.0045940573 0.0045940573 0.0045940573 0.0045940573 0.0045940573 0.0045940573 0.0045940573 0.0045940573 0.0045940573 0.0045940573 0.0045940573 0.0045940573 0.0045940573 0.0045940573 0.0045940573 0.0045940573 0.0045940573 0.0045940573 0.0045940573 0.0045940573 0.0045940573 0.0045940573 0.0045940573 0.0045940573 0.0045940573 0.0045940573 0.0045940573 0.0045940573 0.0045940573 0.0045940573 0.0045940573 0.0045940573 0.0045940573 0.0045940573 0.0045940573 0.0045940573 0.0045940573 0.0045940573 0.0045940573 0.0045940573 0.0045940573 0.0045940573 0.0045940573 0.0045940573 0.0045940573 0.0045940573 0.0045940573 0.0045940573 0.0045940573 0.0045940573 0.0045940573 0.0045940573 0.0045940573 0.0045940573 0.0045940573 0.0045940573 0.0045940573 0.0045940573 0.0045940573 0.0045940573 0.0045940573 0.0045940573 0.0045940573 0.0045940573 0.0045940573 0.0045940573 0.0045940573 0.0045940573 0.0045940573 0.0045940573 0.0045940573 0.0045940573 0.0045940573 0.0045940573 0.0045940573 0.0045940573 0.0045940573 0.0045940573 0.0045940573 0.0045940573 0.0045940573 0.0045940573 0.0045940573 0.0045940573 0.0045940573 0.0045940573 0.0045940573 0.0045940573 0.0045940573 0.0045940573 0.0045940573 0.0045940573 0.0045940573 0.0045940573 0.0045940573 0.0045940573 0.0045940573 0.0045940573 0.0045940573 0.0045940573 0.0045940573 0.0045940573 0.0045940573 0.0045940573 0.0045940573 0.0045940573 0.0045940573 0.0045940573 0.0045940573 0.0045940573 0.0045940573 0.0045940573 0.0045940573 0.0045940573 0.0045940573 0.0045940573 0.0045940573 0.0045940573 0.0045940573 0.0045940573 0.0045940573 0.0045940573 0.0045940573 0.0045940573 0.0045940573 0.0045940573 0.0045940573 0.0045940573 0.0045940573,15 15 15 14 15 15 15 15 14 15 16 15 15 15 15 16 15 15 15 15 15 15 15 15 15 15 14 15 15 14 15 15 14 15 15 14 14 15 15 15 15 15 15 14 14 15 16 14 15 15 16 15 14 15 15 15 15 15 14 15 16 16 14 15 15 15 14 15 15 15 15 14 15 14 15 16 15 14 16 15 15 15 15 14 15 15 15 15 15 15 15 15 16 15 14 15 15 15 14 15 14 15 15 14 14 14 15 15 14 15 15 15 14 15 15 14 15 14 15 15 15 14 14 15 15 15 15 15 14 15 14 15 14 15 14 15 15 15 15 15 15 15 15 15 14 14 13 15 15 15 15 14 15 15 14 15 15 15 15 15 16 14 14 15 14 15 15 15 15 15 15 15 15 15 15 14 15 14 15 15 15 15 15 15 15 15 15 15 14 14 14 15 15 15 15 15 14 14 15 15 15 15 15 15 15 15 15 15 15 15 14 15 15 15 15 15 14 14 14 15 14 15 15 15 15 15 15 15 15 15 14 15 15 15 15 15 15 15 15 14 15 15 14 15 15 15 15 15 15 15 15 15 15 15 15 15
248,1x1x768x512,0.14165294 0.16859394 0.15117466 0.3786224 0.14726467 0.21786256 0.24727556 0.62792665 1.0660659 0.28880686 0.15169126 0.100427516 0.15717952 0.1651119 0.17016077 0.23100953 0.1755399 0.11279962 0.13330734 0.15617481 0.17753357 0.1423921 0.22116405 0.14683907 0.16903861 0.15450469 0.2455853 0.22345734 0.22964934 0.17029245 0.09735315 0.17513601 0.20799932 0.13353832 0.27428788 0.22394605 0.16042963 0.17646275 0.4196499 0.1325731 0.36441907 0.23531936 0.35483345 0.18994497 0.38666642 0.40637812 0.1388783 0.28610954 0.11575129 0.17469987 0.15243903 0.15882765 0.1245859 0.21271369 0.134817 0.29005405 0.18138441 0.18002607 0.15912667 0.15714256 0.31950483 0.3050692 0.14903659 0.18922484 0.18769662 0.18627451 0.13318373 0.25108817 0.25482765 0.13658603 0.25115854 0.20881853 0.13780463 0.24850836 0.20963755 0.081660174 0.102710694 0.17150305 0.25197238 0.26500586 0.17429842 0.30632785 0.20834337 0.3274852 0.14031586 0.16776395 0.16274321 0.3003184 0.14336401 0.2534404 0.15899742 0.12261106 0.14756335 0.14179808 0.30361375 0.17500192 0.25744683 0.39124903 0.18877503 0.170752 0.15557204 0.23120467 0.45922396 0.11082089 0.19115253 0.17294781 0.13287725 0.23061338 0.51666546 0.24510518 0.18618397 0.15428896 0.24820617 0.2714319 0.18512553 0.1906123 0.3341368 0.20460975 0.28583652 0.19157954 0.16402948 0.2011616 0.19956823 0.20066331 0.18459943 0.22423807 0.13824844 0.23422617 0.28242043 0.27410993 0.091674745 0.11231637 0.18372135 0.25569543 0.17662469 0.16086996 0.16203794 0.15485954 0.15193835 0.1893613 0.10881043 0.2166983 0.24509887 0.23041043 0.15941907 0.14020659 0.18176807 0.16517282 0.20432995 0.27193266 0.39747608 0.15531059 0.1988171 0.23098938 0.3647978 0.36648455 0.27684614 0.23408377 0.2194374 0.09659531 0.30683297 0.13814877 0.21086468 0.16521357 0.11828843 0.23933421 0.5193665 0.28195933 0.27226177 0.20573193 0.18349907 0.17335528 0.21338557 0.12847306 0.14105792 0.18350637 0.13199987 0.18306878 0.1155864 0.08305928 0.15240791 0.11545754 0.17410475 0.15039651 0.13422358 0.10564192 0.2782873 0.13543066 0.2402271 0.13640678 0.18675981 0.25846803 0.16831793 0.22469392 0.12500954 0.12175328 0.14828719 0.14470613 0.15218553 0.12173059 0.21220012 0.1364014 0.16166334 0.15567893 0.44635123 0.12641628 0.12327495 0.16320576 0.21918876 0.23508619 0.10861469 0.17350674 0.26884148 0.17586493 0.25381362 0.22731385 0.15364166 0.15488166 0.16663587 0.11155991 0.12999728 0.18970215 0.18543927 0.1442511 0.16179733 0.12323117 0.11822003 0.27097338 0.1542357 0.25598055 0.17680258 0.16250212 0.17637257 0.1997471 0.12570304 0.30702844 0.2372871 0.15507327 0.40252277 0.14631061 0.19039783 0.310742 0.35378096 0.20944257 0.24727803 0.33246678 0.2584371 0.19747941 0.24914108 0.17253308 0.13310365 0.21855514 0.23777626 0.19586158 0.16912974 0.14846925 0.12914181 0.10424624 0.17600963 0.1541944 0.26956692 0.16745615 0.115559146 0.17854235 0.12972882 0.42489848 0.62086356 0.3507299 0.20818879 0.20872277 0.15055092 0.32498166 0.19666557 0.09726189 0.1131413 0.19929059 0.18067078 0.2292674 0.14056909 0.25170323 0.2629852 0.21991713 0.1352236 0.16514188 0.19189936 0.34661877 0.15645678 0.12374259 0.16952914 0.13560677 0.5820125 0.3401179 0.21402754 0.16595928 0.25389588 0.16245994 0.17042051 0.29436442 0.30813482 0.25029776 0.19473049 0.32670784 0.11046358 0.17076237 0.17190127 0.23655665 0.15639348 0.20078394 0.1145352 0.425082 0.21740077 0.1556565 0.3005154 0.18533611 0.17364857 0.25693402 0.14753146 0.12349315 0.2546953 0.2035797 0.27061534 0.17854469 0.12560719 0.23077665 0.32370663 0.22682472 0.26725817 0.3338059 0.17116174 0.13405198 0.16413859 0.11198667 0.15404122 0.15671694 0.0883454 0.22348881 0.34713042 0.25453207 0.15939692 0.21447502 0.226805 0.21208113 0.4785799 0.14279407 0.18446894 0.1637354 0.20549054 0.14989187 0.21077792 0.13588753 0.53398335 0.26339382 0.112191245 0.24512613 0.3491029 0.16210698 0.5096084 0.14246866 0.3477384 0.35533044 0.13264723 0.089820825 0.13449876 0.15535231 0.2223931 0.13630167 0.19635563 0.22384718 0.14201547 0.20573 0.16742544 0.12199188 0.10779253 0.18374416 0.24165644 0.11225033 0.31449646 0.25950283 0.09206463 0.110187784 0.13549238 0.17303337 0.110059686 0.117511936 0.24294248 0.1432916 0.16022569 0.22546914 0.25670552 0.49270788 0.19360605 0.1491744 0.23230356 0.23129942 0.15807857 0.13766585 0.7145744 0.17166346 0.14064556 0.188499 0.13060763 0.13211459 0.09434647 0.1755021 0.121890895 0.19117084 0.17891937 0.19380027 0.2727757 0.23272075 0.22276552 0.27496442 0.391535 0.30532786 0.20183802 0.4343693 0.12673844 0.21621034 0.1264408 0.26238063 0.095199056 0.23979314 0.14068036 0.40438575 0.18330465 0.20435755 0.22840503 0.15116863 0.1762748 0.29835498 0.18456319 0.17383265 0.15141807 0.17965224 0.10870734 0.16456614 0.16502132 0.18214361 0.14353232 0.14934741 0.106010035 0.12796007 0.2858494 0.18744816 0.10174275 0.39025682 0.16655254 0.1515126 0.17479163 0.12579927 0.18180415 0.15703422 0.16091213 0.2302341 0.25615782 0.12248065 0.12950985 0.23297468 0.22200167 0.17970617 0.41441596 0.30469406 0.16258428 0.19943568 0.23010136 0.13118196 0.2709597 0.20111361 0.19117777 0.11397689 0.15046087 0.20928302 0.1067141 0.31826368 0.14695515 0.35611892 0.12594707 0.1383756 0.1143254 0.13439889 0.19001675 0.10044778 0.08696889 0.15541665 0.1146191 0.27958813 0.3177429 0.12698145 0.19599713 0.87976104 0.1551802 0.16244099 0.14549935 0.10947627 0.39644852 0.18205932 0.3721944 0.14128838 0.13118936 0.2329152 0.3084187 0.27257153 0.196601 0.15119356 0.15492938 0.1686504 0.13317756 0.15682293 0.27610603 0.24296044 0.22457016 0.26665395,0.14163566 0.16857336 0.15115622 0.3785762 0.1472467 0.21783596 0.24724539 0.25510958 0.33319438 0.28877163 0.15167274 0.10041526 0.15716033 0.16509174 0.17014001 0.23098134 0.17551848 0.11278586 0.13329107 0.15615575 0.1775119 0.14237472 0.22113705 0.14682116 0.16901797 0.15448582 0.24555531 0.22343007 0.2296213 0.17027168 0.09734128 0.17511463 0.20797394 0.13352203 0.2742544 0.22391872 0.16041005 0.17644122 0.41959867 0.13255692 0.36437458 0.23529063 0.35479015 0.1899218 0.3866192 0.40632853 0.13886134 0.28607464 0.11573716 0.17467855 0.15242042 0.15880826 0.1245707 0.21268773 0.13480055 0.29001865 0.18136229 0.18000409 0.15910725 0.15712339 0.31946582 0.30503196 0.1490184 0.18920174 0.18767372 0.18625179 0.13316748 0.25105754 0.25479656 0.13656937 0.25112787 0.20879304 0.13778782 0.24847803 0.20961197 0.08165021 0.102698155 0.17148213 0.25194162 0.26497352 0.17427716 0.30629045 0.20831794 0.32744524 0.14029874 0.16774347 0.16272335 0.30028173 0.14334652 0.25340948 0.15897802 0.12259609 0.14754535 0.14178076 0.30357668 0.17498055 0.2574154 0.3912013 0.188752 0.17073116 0.15555306 0.23117647 0.45916793 0.11080737 0.19112921 0.1729267 0.13286102 0.23058525 0.5166024 0.24507526 0.18616125 0.15427014 0.24817587 0.27139878 0.18510294 0.19058904 0.334096 0.20458478 0.28580165 0.19155616 0.16400945 0.20113705 0.19954386 0.20063882 0.1845769 0.22421071 0.13823156 0.23419757 0.28238598 0.27407646 0.09166356 0.11230267 0.18369894 0.25566423 0.17660314 0.16085033 0.16201816 0.15484063 0.1519198 0.18933819 0.10879715 0.21667185 0.24506895 0.23038231 0.15939963 0.14018947 0.1817459 0.16515265 0.20430501 0.2718995 0.3974276 0.15529163 0.19879283 0.23096119 0.36475328 0.36643982 0.27681237 0.2340552 0.21941063 0.09658352 0.3067955 0.1381319 0.21083894 0.16519341 0.118273996 0.239305 0.5193031 0.28192493 0.27222854 0.20570682 0.18347667 0.17333412 0.21335953 0.12845738 0.1410407 0.18348397 0.13198376 0.18304643 0.11557229 0.08304915 0.15238932 0.11544345 0.1740835 0.15037817 0.13420719 0.10562902 0.27825335 0.13541414 0.24019778 0.13639013 0.18673703 0.25843647 0.1682974 0.2246665 0.124994285 0.12173842 0.14826909 0.14468847 0.15216695 0.12171573 0.21217422 0.13638476 0.16164361 0.15565993 0.44629675 0.12640084 0.12325991 0.16318585 0.21916202 0.23505749 0.108601436 0.17348556 0.26880866 0.17584346 0.25378263 0.22728612 0.1536229 0.15486275 0.16661555 0.11154629 0.12998143 0.18967901 0.18541665 0.14423348 0.16177759 0.12321614 0.1182056 0.27094033 0.15421689 0.25594932 0.176781 0.16248229 0.17635104 0.19972272 0.1256877 0.30699095 0.23725814 0.15505435 0.40247363 0.14629275 0.19037458 0.31070405 0.3537378 0.209417 0.24724786 0.3324262 0.25840554 0.1974553 0.24911067 0.17251202 0.13308741 0.21852846 0.23774724 0.19583768 0.1691091 0.14845113 0.12912606 0.10423352 0.17598815 0.15417558 0.26953402 0.1674357 0.11554504 0.17852055 0.12971298 0.42484662 0.6207878 0.35068712 0.20816338 0.20869729 0.15053254 0.324942 0.19664158 0.09725002 0.113127485 0.19926627 0.18064874 0.22923943 0.14055192 0.25167254 0.2629531 0.2198903 0.13520709 0.16512173 0.19187595 0.34657645 0.15643768 0.123727486 0.16950844 0.13559023 0.5819415 0.3400764 0.21400142 0.16593903 0.2538649 0.16244012 0.17039973 0.29432848 0.3080972 0.2502672 0.19470672 0.32666796 0.1104501 0.17074154 0.17188029 0.23652777 0.1563744 0.20075943 0.11452122 0.42503014 0.21737425 0.1556375 0.30047876 0.1853135 0.17362738 0.25690266 0.14751345 0.12347808 0.2546642 0.20355484 0.27058232 0.17852288 0.12559187 0.23074849 0.32366714 0.22679704 0.26722553 0.33376515 0.17114085 0.13403562 0.16411854 0.111972995 0.15402243 0.15669782 0.08833462 0.22346152 0.34708804 0.254501 0.15937746 0.21444885 0.22677733 0.21205525 0.4785215 0.14277664 0.18444642 0.16371542 0.20546547 0.14987358 0.21075219 0.13587095 0.53391814 0.2633617 0.11217756 0.24509622 0.34906033 0.1620872 0.50954616 0.14245127 0.34769595 0.35528708 0.13263103 0.08980986 0.13448235 0.15533334 0.22236595 0.13628502 0.19633166 0.22381985 0.14199814 0.2057049 0.16740501 0.121976994 0.107779376 0.18372174 0.24162695 0.112236634 0.31445807 0.25947118 0.09205339 0.110174336 0.13547586 0.17301226 0.11004625 0.11749759 0.24291284 0.14327411 0.16020614 0.22544163 0.2566742 0.49264777 0.19358243 0.14915621 0.23227522 0.23127118 0.15805928 0.13764904 0.7144872 0.17164251 0.1406284 0.188476 0.1305917 0.13209847 0.09433495 0.17548068 0.12187602 0.19114752 0.17889753 0.19377662 0.27274242 0.23269235 0.22273833 0.27493086 0.3914872 0.30529058 0.20181338 0.4343163 0.12672298 0.21618395 0.12642537 0.2623486 0.09518743 0.23976387 0.14066319 0.4043364 0.18328227 0.20433262 0.22837716 0.15115018 0.1762533 0.29831856 0.18454067 0.17381145 0.1513996 0.17963031 0.10869408 0.16454606 0.16500118 0.18212138 0.14351481 0.14932919 0.10599709 0.12794445 0.28581452 0.18742529 0.10173034 0.3902092 0.16653222 0.1514941 0.17477031 0.1257839 0.18178196 0.15701506 0.16089249 0.23020601 0.25612655 0.12246571 0.12949406 0.23294625 0.22197458 0.17968424 0.41436538 0.3046569 0.16256444 0.19941133 0.23007329 0.13116594 0.27092665 0.20108907 0.19115445 0.11396298 0.1504425 0.20925748 0.106701076 0.31822482 0.14693722 0.35607544 0.12593171 0.1383587 0.11431145 0.1343825 0.18999356 0.10043552 0.08695828 0.15539768 0.11460511 0.279554 0.31770414 0.12696595 0.19597322 0.27496558 0.15516126 0.16242115 0.1454816 0.10946291 0.39640012 0.1820371 0.372149 0.14127114 0.13117334 0.23288678 0.30838105 0.27253827 0.19657701 0.1511751 0.15491048 0.16862983 0.13316132 0.15680379 0.27607235 0.24293078 0.22454275 0.2666214,0.0011152414 0.0013273493 0.0011902064 0.002980915 0.0011594229 0.0017152438 0.001946814 0.0020087368 0.0026235778 0.0022737924 0.0011942735 0.0007906713 0.0012374829 0.0012999349 0.0013396852 0.0018187506 0.0013820353 0.00088807766 0.0010495359 0.0012295728 0.0013977315 0.0011210608 0.0017412365 0.0011560721 0.0013308502 0.0012164238 0.0019335063 0.0017592919 0.0018080418 0.0013407219 0.0007664667 0.0013788553 0.0016375901 0.0010513546 0.0021594835 0.0017631395 0.0012630712 0.0013893009 0.0033039264 0.0010437552 0.0028690912 0.0018526821 0.0027936231 0.0014954472 0.0030442458 0.0031994372 0.0010933965 0.0022525562 0.00091131625 0.0013754216 0.0012001607 0.0012504588 0.0009808716 0.0016747066 0.0010614217 0.0022836113 0.0014280495 0.001417355 0.001252813 0.0012371921 0.0025154788 0.0024018264 0.0011733733 0.0014897775 0.0014777458 0.0014665495 0.0010485628 0.001976831 0.002006272 0.0010753493 0.0019773848 0.0016440398 0.0010849434 0.00195652 0.0016504879 0.0006429151 0.0008086469 0.001350253 0.0019837923 0.0020864056 0.0013722611 0.0024117357 0.0016402988 0.002578309 0.0011047145 0.0013208147 0.0012812862 0.0023644231 0.0011287128 0.0019953502 0.0012517954 0.0009653236 0.0011617744 0.0011163839 0.0023903674 0.0013777997 0.002026893 0.0030803252 0.0014862362 0.0013443398 0.0012248273 0.0018202871 0.0036154955 0.00087249896 0.0015049544 0.0013616275 0.0010461498 0.0018156319 0.0040677353 0.0019297265 0.0014658367 0.0012147255 0.0019541408 0.0021369983 0.0014575034 0.0015007011 0.0026306773 0.0016109038 0.0022504067 0.0015083161 0.001291413 0.0015837563 0.0015712115 0.0015798332 0.0014533614 0.0017654387 0.0010884375 0.0018440754 0.0022235117 0.0021580823 0.0007217603 0.000884273 0.0014464484 0.0020131043 0.0013905759 0.001266538 0.0012757336 0.0012192175 0.0011962189 0.0014908519 0.00085667043 0.0017060776 0.0019296767 0.001814034 0.0012551151 0.001103854 0.00143107 0.0013004146 0.0016087008 0.0021409409 0.0031293512 0.0012227688 0.0015652978 0.0018185921 0.002872073 0.0028853528 0.002179625 0.0018429544 0.0017276427 0.0007605002 0.0024157127 0.0010876528 0.0016601492 0.0013007355 0.0009312913 0.0018842914 0.0040890006 0.0022198814 0.0021435318 0.0016197388 0.0014446982 0.0013648357 0.0016799964 0.0010114755 0.0011105567 0.0014447557 0.0010392421 0.0014413105 0.00091001805 0.0006539303 0.0011999159 0.00090900355 0.0013707363 0.00118408 0.0010567495 0.00083172455 0.0021909713 0.001066253 0.001891321 0.0010739381 0.0014703703 0.0020349328 0.0013251763 0.0017690276 0.000984207 0.0009585702 0.0011674732 0.0011392793 0.0011981649 0.0009583916 0.0016706631 0.0010738957 0.0012727843 0.0012256687 0.0035141476 0.0009952822 0.00097055046 0.001284928 0.0017256852 0.0018508463 0.00085512944 0.0013660281 0.0021166035 0.0013845942 0.0019982883 0.0017896545 0.0012096291 0.0012193917 0.0013119334 0.0008783173 0.0010234758 0.0014935355 0.0014599736 0.0011356967 0.0012738393 0.0009702058 0.0009307528 0.0021333885 0.0012143062 0.002015349 0.0013919764 0.0012793881 0.0013885909 0.0015726199 0.0009896669 0.0024172517 0.0018681743 0.0012209003 0.0031690837 0.0011519113 0.0014990125 0.0024464887 0.002785337 0.0016489527 0.0019468336 0.0026175291 0.0020346893 0.0015547662 0.0019615013 0.0013583624 0.0010479324 0.0017206966 0.0018720255 0.001542029 0.0013315678 0.0011689066 0.0010167406 0.00082073634 0.0013857335 0.001213981 0.002122315 0.0013183914 0.0009098035 0.0014056736 0.001021362 0.003345249 0.004888093 0.0027613158 0.0016390817 0.0016432857 0.0011852956 0.0025585983 0.0015483589 0.0007657482 0.0008907676 0.0015690258 0.0014224311 0.0018050349 0.0011067081 0.0019816735 0.0020704968 0.0017314197 0.0010646228 0.0013001711 0.0015108342 0.0027289484 0.0012317927 0.00097423216 0.0013347121 0.0010676396 0.0045822165 0.0026777668 0.0016850505 0.0013066066 0.0019989363 0.0012790561 0.0013417301 0.002317547 0.0024259624 0.001970608 0.0015331238 0.0025721886 0.0008696858 0.0013444216 0.0013533881 0.0018624234 0.0012312945 0.0015807829 0.0009017419 0.003346694 0.0017116083 0.0012254921 0.0023659745 0.0014591614 0.0013671448 0.0020228557 0.0011615233 0.00097226835 0.00200523 0.001602794 0.0021305694 0.001405692 0.0009889124 0.0018169172 0.00254856 0.0017858035 0.002104138 0.002628072 0.0013475658 0.0010553986 0.001292272 0.00088167714 0.001212775 0.0012338412 0.0006955482 0.0017595396 0.0027329766 0.0020039447 0.0012549406 0.0016885736 0.0017856483 0.0016697263 0.0037678857 0.0011242254 0.001452334 0.0012890978 0.0016178383 0.001180107 0.0016594661 0.0010698499 0.00420408 0.002073714 0.00088328787 0.0019298915 0.0027485066 0.0012762772 0.0040121744 0.0011216636 0.0027377633 0.002797536 0.0010443388 0.00070716423 0.0010589162 0.0012230972 0.001750913 0.0010731104 0.0015459186 0.001762361 0.0011180956 0.0016197236 0.0013181497 0.00096044876 0.0008486565 0.0014466279 0.0019025744 0.000883753 0.0024760477 0.00204308 0.00072482985 0.00086751446 0.0010667391 0.0013623012 0.0008665059 0.0009251779 0.0019126995 0.0011281426 0.0012614657 0.001775131 0.0020210566 0.0038791164 0.0015242711 0.0011744584 0.0018289387 0.0018210328 0.0012445613 0.0010838507 0.0056258836 0.0013515159 0.0011073102 0.001484063 0.0010282812 0.0010401454 0.0007427949 0.0013817376 0.00095965376 0.0015050985 0.0014086419 0.0015258002 0.0021475782 0.0018322231 0.0017538451 0.00216481 0.0030825764 0.0024038628 0.0015890817 0.0034198135 0.0009978187 0.0017022358 0.0009954753 0.002065737 0.00074950734 0.0018879045 0.0011075842 0.0031837511 0.0014431674 0.0016089183 0.0017982454 0.0011901589 0.0013878213 0.002348965 0.0014530761 0.0013685941 0.0011921228 0.0014144119 0.00085585885 0.0012956383 0.0012992219 0.0014340266 0.0011300379 0.0011758204 0.00083462277 0.0010074367 0.0022505082 0.0014757897 0.0008010263 0.0030725133 0.0013112773 0.0011928669 0.0013761441 0.0009904244 0.0014313541 0.001236339 0.00126687 0.0018126458 0.0020167446 0.0009642969 0.0010196383 0.0018342225 0.0017478314 0.0014148365 0.0032627196 0.0023988732 0.001280035 0.001570168 0.0018116006 0.0010328026 0.0021332807 0.0015833785 0.0015051531 0.0008973463 0.0011845866 0.0016476967 0.00084016594 0.0025057073 0.001156986 0.0028037436 0.0009915882 0.0010894386 0.00090009015 0.00105813 0.0014960123 0.0007908309 0.00068471086 0.0012236038 0.0009024024 0.0022012126 0.0025016074 0.000999732 0.0015430962 0.0021650833 0.0012217422 0.0012789067 0.0011455244 0.0008619127 0.0031212608 0.001433363 0.002930307 0.0011123712 0.001032861 0.0018337541 0.0024281973 0.0021459707 0.0015478504 0.001190355 0.0012197675 0.0013277939 0.0010485144 0.0012346755 0.0021737982 0.0019128409 0.0017680532 0.0020993813,
249,512,,,0.004277269 0.004277269 0.004277269 0.004277269 0.004277269 0.004277269 0.004277269 0.004277269 0.004277269 0.004277269 0.004277269 0.004277269 0.004277269 0.004277269 0.004277269 0.004277269 0.004277269 0.004277269 0.004277269 0.004277269 0.004277269 0.004277269 0.004277269 0.004277269 0.004277269 0.004277269 0.004277269 0.004277269 0.004277269 0.004277269 0.004277269 0.004277269 0.004277269 0.004277269 0.004277269 0.004277269 0.004277269 0.004277269 0.004277269 0.004277269 0.004277269 0.004277269 0.004277269 0.004277269 0.004277269 0.004277269 0.004277269 0.004277269 0.004277269 0.004277269 0.004277269 0.004277269 0.004277269 0.004277269 0.004277269 0.004277269 0.004277269 0.004277269 0.004277269 0.004277269 0.004277269 0.004277269 0.004277269 0.004277269 0.004277269 0.004277269 0.004277269 0.004277269 0.004277269 0.004277269 0.004277269 0.004277269 0.004277269 0.004277269 0.004277269 0.004277269 0.004277269 0.004277269 0.004277269 0.004277269 0.004277269 0.004277269 0.004277269 0.004277269 0.004277269 0.004277269 0.004277269 0.004277269 0.004277269 0.004277269 0.004277269 0.004277269 0.004277269 0.004277269 0.004277269 0.004277269 0.004277269 0.004277269 0.004277269 0.004277269 0.004277269 0.004277269 0.004277269 0.004277269 0.004277269 0.004277269 0.004277269 0.004277269 0.004277269 0.004277269 0.004277269 0.004277269 0.004277269 0.004277269 0.004277269 0.004277269 0.004277269 0.004277269 0.004277269 0.004277269 0.004277269 0.004277269 0.004277269 0.004277269 0.004277269 0.004277269 0.004277269 0.004277269 0.004277269 0.004277269 0.004277269 0.004277269 0.004277269 0.004277269 0.004277269 0.004277269 0.004277269 0.004277269 0.004277269 0.004277269 0.004277269 0.004277269 0.004277269 0.004277269 0.004277269 0.004277269 0.004277269 0.004277269 0.004277269 0.004277269 0.004277269 0.004277269 0.004277269 0.004277269 0.004277269 0.004277269 0.004277269 0.004277269 0.004277269 0.004277269 0.004277269 0.004277269 0.004277269 0.004277269 0.004277269 0.004277269 0.004277269 0.004277269 0.004277269 0.004277269 0.004277269 0.004277269 0.004277269 0.004277269 0.004277269 0.004277269 0.004277269 0.004277269 0.004277269 0.004277269 0.004277269 0.004277269 0.004277269 0.004277269 0.004277269 0.004277269 0.004277269 0.004277269 0.004277269 0.004277269 0.004277269 0.004277269 0.004277269 0.004277269 0.004277269 0.004277269 0.004277269 0.004277269 0.004277269 0.004277269 0.004277269 0.004277269 0.004277269 0.004277269 0.004277269 0.004277269 0.004277269 0.004277269 0.004277269 0.004277269 0.004277269 0.004277269 0.004277269 0.004277269 0.004277269 0.004277269 0.004277269 0.004277269 0.004277269 0.004277269 0.004277269 0.004277269 0.004277269 0.004277269 0.004277269 0.004277269 0.004277269 0.004277269 0.004277269 0.004277269 0.004277269 0.004277269 0.004277269 0.004277269 0.004277269 0.004277269 0.004277269 0.004277269 0.004277269 0.004277269 0.004277269 0.004277269 0.004277269 0.004277269 0.004277269 0.004277269 0.004277269 0.004277269 0.004277269 0.004277269 0.004277269 0.004277269 0.004277269 0.004277269 0.004277269 0.004277269 0.004277269 0.004277269 0.004277269 0.004277269 0.004277269 0.004277269 0.004277269 0.004277269 0.004277269 0.004277269 0.004277269 0.004277269 0.004277269 0.004277269 0.004277269 0.004277269 0.004277269 0.004277269 0.004277269 0.004277269 0.004277269 0.004277269 0.004277269 0.004277269 0.004277269 0.004277269 0.004277269 0.004277269 0.004277269 0.004277269 0.004277269 0.004277269 0.004277269 0.004277269 0.004277269 0.004277269 0.004277269 0.004277269 0.004277269 0.004277269 0.004277269 0.004277269 0.004277269 0.004277269 0.004277269 0.004277269 0.004277269 0.004277269 0.004277269 0.004277269 0.004277269 0.004277269 0.004277269 0.004277269 0.004277269 0.004277269 0.004277269 0.004277269 0.004277269 0.004277269 0.004277269 0.004277269 0.004277269 0.004277269 0.004277269 0.004277269 0.004277269 0.004277269 0.004277269 0.004277269 0.004277269 0.004277269 0.004277269 0.004277269 0.004277269 0.004277269 0.004277269 0.004277269 0.004277269 0.004277269 0.004277269 0.004277269 0.004277269 0.004277269 0.004277269 0.004277269 0.004277269 0.004277269 0.004277269 0.004277269 0.004277269 0.004277269 0.004277269 0.004277269 0.004277269 0.004277269 0.004277269 0.004277269 0.004277269 0.004277269 0.004277269 0.004277269 0.004277269 0.004277269 0.004277269 0.004277269 0.004277269 0.004277269 0.004277269 0.004277269 0.004277269 0.004277269 0.004277269 0.004277269 0.004277269 0.004277269 0.004277269 0.004277269 0.004277269 0.004277269 0.004277269 0.004277269 0.004277269 0.004277269 0.004277269 0.004277269 0.004277269 0.004277269 0.004277269 0.004277269 0.004277269 0.004277269 0.004277269 0.004277269 0.004277269 0.004277269 0.004277269 0.004277269 0.004277269 0.004277269 0.004277269 0.004277269 0.004277269 0.004277269 0.004277269 0.004277269 0.004277269 0.004277269 0.004277269 0.004277269 0.004277269 0.004277269 0.004277269 0.004277269 0.004277269 0.004277269 0.004277269 0.004277269 0.004277269 0.004277269 0.004277269 0.004277269 0.004277269 0.004277269 0.004277269 0.004277269 0.004277269 0.004277269 0.004277269 0.004277269 0.004277269 0.004277269 0.004277269 0.004277269 0.004277269 0.004277269 0.004277269 0.004277269 0.004277269 0.004277269 0.004277269 0.004277269 0.004277269 0.004277269 0.004277269 0.004277269 0.004277269 0.004277269 0.004277269 0.004277269 0.004277269 0.004277269 0.004277269 0.004277269 0.004277269 0.004277269 0.004277269 0.004277269 0.004277269 0.004277269 0.004277269 0.004277269 0.004277269 0.004277269 0.004277269 0.004277269 0.004277269 0.004277269 0.004277269 0.004277269 0.004277269 0.004277269 0.004277269 0.004277269 0.004277269 0.004277269 0.004277269 0.004277269 0.004277269 0.004277269 0.004277269 0.004277269 0.004277269 0.004277269 0.004277269 0.004277269 0.004277269 0.004277269 0.004277269 0.004277269 0.004277269 0.004277269 0.004277269 0.004277269 0.004277269 0.004277269 0.004277269 0.004277269 0.004277269 0.004277269 0.004277269 0.004277269 0.004277269 0.004277269 0.004277269 0.004277269 0.004277269 0.004277269 0.004277269 0.004277269 0.004277269 0.004277269 0.004277269 0.004277269 0.004277269 0.004277269,14 14 14 13 14 14 14 13 13 13 14 15 14 14 14 14 14 15 14 14 14 14 14 14 14 14 14 14 14 14 15 14 14 14 13 14 14 14 13 14 13 14 13 14 13 13 14 13 15 14 14 14 14 14 14 13 14 14 14 14 13 13 14 14 14 14 14 13 13 14 13 14 14 13 14 15 15 14 13 13 14 13 14 13 14 14 14 13 14 13 14 15 14 14 13 14 13 13 14 14 14 14 13 15 14 14 14 14 12 14 14 14 13 13 14 14 13 14 13 14 14 14 14 14 14 14 14 14 13 13 15 15 14 13 14 14 14 14 14 14 15 14 14 14 14 14 14 14 14 13 13 14 14 14 13 13 13 14 14 15 13 14 14 14 15 14 12 13 13 14 14 14 14 14 14 14 14 14 15 15 14 15 14 14 14 15 13 14 14 14 14 13 14 14 14 15 14 14 14 15 14 14 14 14 13 14 15 14 14 14 15 14 13 14 13 14 14 14 14 15 14 14 14 14 14 15 15 13 14 13 14 14 14 14 14 13 14 14 13 14 14 13 13 14 14 13 13 14 13 14 14 14 14 14 14 14 14 15 14 14 13 14 15 14 14 13 12 13 14 14 14 13 14 15 15 14 14 14 14 13 13 14 14 14 14 13 14 15 14 14 12 13 14 14 13 14 14 13 13 13 14 13 15 14 14 14 14 14 15 13 14 14 13 14 14 13 14 15 13 14 13 14 14 14 13 14 13 13 14 14 14 15 14 14 15 14 13 13 14 14 14 14 13 14 14 14 14 14 14 14 12 13 15 14 13 14 12 14 13 13 14 15 14 14 14 14 14 14 14 14 14 15 15 14 14 15 13 13 15 15 14 14 15 15 14 14 14 14 13 13 14 14 14 14 14 14 12 14 14 14 14 14 15 14 15 14 14 14 13 14 14 13 13 13 14 13 14 14 14 13 15 14 14 13 14 14 14 14 14 13 14 14 14 14 15 14 14 14 14 14 15 14 13 14 15 13 14 14 14 14 14 14 14 14 13 15 14 14 14 14 13 13 14 14 14 14 13 14 14 15 14 14 15 13 14 13 14 14 15 14 14 15 15 14 15 13 13 14 14 13 14 14 14 15 13 14 13 14 14 14 13 13 14 14 14 14 14 14 13 14 14 13
254,1x1x512x256,0.21247727 0.17563014 0.19407365 0.16750598 0.18651472 0.23628928 0.23515226 0.22397843 0.3659623 0.29812297 0.2432928 0.20588127 0.3447421 0.3286132 0.6696658 0.16449097 0.10075565 0.1849355 0.17178985 0.18097481 0.699612 0.18318184 0.1937844 0.16908273 0.3660694 0.22942014 0.19527824 0.2651878 0.18091643 0.20680238 0.21398316 0.19166094 0.27434424 0.24028729 0.23857756 0.18675955 0.2085398 0.2019488 0.23919624 0.21884769 0.1779899 0.3039546 0.29125965 0.20530812 0.22925366 0.27161178 0.25558352 0.22505923 0.18474677 0.20820375 0.2880016 0.20645043 0.21887545 0.3143912 0.70808154 0.2456877 0.20841432 0.17268877 0.18422599 0.34207076 0.1909845 0.19665475 0.32569936 0.23250109 0.44217488 0.19720154 0.6263668 0.21803044 0.20621538 0.36786976 0.32645807 0.27472305 0.28716043 0.24793579 0.21533251 0.19906421 0.37018543 0.19732407 0.19359481 0.37499997 0.22205786 0.35629725 0.23729421 0.2480388 0.59636253 0.19777265 0.167484 0.20433483 0.1805705 0.14217262 0.29575187 0.22551447 0.5637448 0.16637528 0.2792389 0.24314748 0.2125772 0.29729238 0.22905414 0.224134 0.51352566 0.17634653 0.1889488 0.7091409 0.19916579 0.23525058 0.23368149 0.19681194 0.20993303 0.20124899 0.16859668 0.1777691 0.1639972 0.32693905 0.2048166 0.1873281 0.22527632 0.3165176 0.19050588 0.36865476 0.20297539 0.1842334 0.17545453 0.20048206 0.18238163 0.1848014 0.17131187 0.24365245 0.2364745 0.16547593 0.34605864 0.23564593 0.15961954 0.14672515 0.18879299 0.347058 0.23376612 0.62406445 0.25657257 0.22145128 0.16447951 0.19250977 0.24850835 0.35571772 0.3377909 0.61369234 0.22804478 0.18873577 0.17707764 0.24385174 0.22939928 0.3039305 0.21994013 0.34547788 0.2698422 0.2017173 0.24965927 0.19684155 0.20308658 0.34194362 0.37105516 0.27453583 0.8136816 0.53560746 0.22150992 0.20762055 0.42083472 0.19093987 0.23675387 0.20939815 0.1697692 0.25883922 0.29375714 0.7820815 0.6011825 0.17470121 0.18920618 0.17896226 0.19392718 0.3453914 0.92272353 0.28922534 0.19990553 0.22478205 0.31980363 0.2550855 0.70235735 0.2773803 0.20009004 0.27970207 0.2394243 0.23509452 0.22227474 0.19842148 0.18271156 0.24291202 0.33188173 0.22748506 0.22739667 0.19993013 0.20109008 0.22808728 0.22166212 0.32177457 0.8101288 0.5033374 0.20701772 0.20032062 0.33678973 0.2791737 0.22333458 0.20303382 0.23178257 0.18581365 0.19580224 0.2682535 0.21266238 0.22096798 0.21382588 0.22511168 0.20147963 0.18800047 0.2544048 0.5211864 0.26152283 0.17535734 0.22897047 0.1939968 0.17971167 0.20134586 0.32329673 0.23970136 0.22887361 0.3565567 0.23072095 0.18260862 0.23436762 0.20721056 0.23645043 0.19755907 0.19828087 0.16803682 0.23691575 0.23828587 0.24794312 0.41226834 0.25027066 0.17047606 0.351545 0.24532457 0.20902526 0.21562482 0.18863548 0.17679983 0.24296282 0.16594404,0.21245134 0.1756087 0.19404995 0.16748554 0.18649197 0.23626044 0.23512356 0.22395109 0.36591765 0.29808658 0.24326311 0.20585614 0.34470004 0.3285731 0.6695841 0.1644709 0.100743346 0.18491293 0.17176889 0.18095273 0.6995266 0.18315947 0.19376075 0.1690621 0.36602473 0.22939214 0.1952544 0.26515543 0.18089436 0.20677716 0.21395706 0.19163756 0.27431074 0.24025796 0.23854844 0.18673676 0.20851435 0.20192416 0.23916705 0.21882097 0.17796819 0.30391753 0.29122412 0.20528306 0.2292257 0.2715786 0.25555235 0.22503176 0.18472423 0.20817834 0.28796643 0.20642523 0.21884875 0.3143528 0.7079951 0.24565771 0.20838888 0.17266768 0.1842035 0.342029 0.1909612 0.19663076 0.32565963 0.23247272 0.44212094 0.19717747 0.6262903 0.21800384 0.20619021 0.36782485 0.32641822 0.27468953 0.28712538 0.24790554 0.21530624 0.1990399 0.37014025 0.19729999 0.1935712 0.37495422 0.22203077 0.35625377 0.23726524 0.24800852 0.59628975 0.19774851 0.16746357 0.2043099 0.18054846 0.14215526 0.29571578 0.22548695 0.56367594 0.16635498 0.27920482 0.2431178 0.21255125 0.29725608 0.22902618 0.22410665 0.51346296 0.176325 0.18892573 0.70905435 0.19914149 0.23522188 0.23365296 0.19678792 0.2099074 0.20122443 0.1685761 0.1777474 0.16397719 0.32689914 0.20479159 0.18730524 0.22524883 0.31647897 0.19048263 0.3686098 0.20295061 0.18421091 0.17543311 0.20045759 0.18235938 0.18477885 0.17129096 0.24362272 0.23644565 0.16545574 0.3460164 0.23561718 0.15960005 0.14670725 0.18876995 0.34701565 0.2337376 0.6239883 0.25654128 0.22142427 0.16445944 0.19248629 0.24847801 0.35567433 0.33774966 0.6136175 0.22801696 0.18871275 0.17705601 0.24382198 0.22937128 0.30389342 0.21991327 0.34543574 0.26980928 0.20169269 0.24962881 0.19681753 0.20306179 0.34190187 0.37100986 0.27450234 0.8135823 0.53554213 0.22148289 0.2075952 0.42078334 0.19091657 0.23672497 0.2093726 0.16974847 0.25880763 0.2937213 0.781986 0.60110915 0.17467989 0.1891831 0.17894043 0.1939035 0.34534922 0.25956526 0.28919002 0.19988114 0.22475462 0.3197646 0.25505438 0.70227164 0.27734643 0.20006563 0.2796679 0.23939508 0.23506582 0.2222476 0.19839726 0.18268925 0.24288237 0.33184123 0.2274573 0.2273689 0.19990572 0.20106554 0.22805944 0.22163506 0.32173532 0.81003 0.503276 0.20699245 0.20029618 0.33674863 0.27913964 0.22330733 0.20300904 0.23175427 0.18579097 0.19577836 0.26822075 0.21263644 0.22094102 0.21379979 0.22508422 0.20145504 0.18797754 0.25437376 0.5211228 0.2614909 0.17533594 0.22894251 0.19397312 0.17968974 0.20132129 0.32325727 0.23967211 0.22884567 0.3565132 0.2306928 0.18258634 0.23433901 0.20718527 0.23642159 0.19753496 0.19825667 0.16801631 0.23688683 0.2382568 0.24791287 0.41221803 0.25024012 0.17045526 0.35150212 0.24529463 0.20899975 0.21559851 0.18861246 0.17677826 0.24293317 0.16592379,0.0016728452 0.0013827456 0.0015279524 0.0013187837 0.0014684406 0.0018603185 0.0018513666 0.0017633943 0.0028812413 0.0023471385 0.0019154575 0.0016209146 0.0027141736 0.00258719 0.005272316 0.0012950464 0.0007932547 0.0014560074 0.0013525109 0.0014248246 0.0055080834 0.0014422005 0.0015256752 0.0013311976 0.0028820846 0.0018062374 0.0015374363 0.002087838 0.0014243651 0.0016281665 0.0016847012 0.0015089571 0.002159927 0.001891795 0.0018783342 0.0014703682 0.0016418452 0.001589954 0.0018832051 0.0017229998 0.0014013243 0.0023930513 0.0022931034 0.0016164021 0.0018049268 0.0021384142 0.0020122232 0.0017719036 0.0014545214 0.0016391996 0.0022674522 0.0016253955 0.0017232185 0.002475219 0.0055747647 0.0019343127 0.0016408573 0.001359588 0.0014504213 0.0026931418 0.0015036315 0.0015482737 0.002564249 0.0018304938 0.0034812673 0.0015525785 0.0049314196 0.0017165657 0.001623545 0.0028962586 0.0025702221 0.0021629096 0.0022608298 0.0019520121 0.0016953247 0.0015672434 0.0029144902 0.0015535433 0.0015241826 0.0029523955 0.0017482738 0.0028051478 0.0018682303 0.001952823 0.004695195 0.001557075 0.0013186107 0.0016087394 0.0014216414 0.0011193327 0.0023284708 0.0017754878 0.0044383933 0.0013098818 0.002198463 0.0019143133 0.001673632 0.002340599 0.0018033558 0.0017646194 0.0040430157 0.0013883858 0.0014876041 0.005583105 0.0015680433 0.0018521408 0.0018397871 0.0015495112 0.0016528141 0.0015844443 0.0013273709 0.0013995859 0.001291159 0.002574009 0.0016125322 0.0014748444 0.0017736128 0.0024919603 0.0014998632 0.0029024393 0.0015980363 0.0014504796 0.0013813631 0.0015784062 0.0014359007 0.0014549516 0.0013487478 0.0019182891 0.0018617768 0.0013028012 0.0027245386 0.0018552534 0.0012566933 0.0011551752 0.0014863776 0.0027324066 0.0018404536 0.0049132933 0.00202001 0.0017434981 0.0012949562 0.0015156401 0.0019565197 0.0028005852 0.002659446 0.0048316335 0.0017954091 0.0014859271 0.0013941418 0.001919858 0.0018060731 0.0023928615 0.0017316006 0.0027199665 0.0021244825 0.0015881314 0.0019655812 0.0015497444 0.0015989117 0.0026921406 0.0029213375 0.0021614358 0.00640616 0.004216867 0.0017439597 0.0016346079 0.0033132546 0.00150328 0.0018639761 0.0016486031 0.0013366021 0.0020378553 0.0023127662 0.0061573703 0.004733143 0.0013754322 0.0014896307 0.0014089798 0.0015267993 0.0027192852 0.002043821 0.0022770867 0.0015738672 0.0017697214 0.0025178315 0.0020083021 0.005529698 0.0021838301 0.0015753199 0.0022021097 0.0018850006 0.001850912 0.0017499811 0.0015621831 0.001438498 0.0019124596 0.002612923 0.0017910023 0.0017903063 0.0015740608 0.0015831932 0.0017957436 0.001745158 0.002533349 0.0063781887 0.003962803 0.0016298618 0.0015771353 0.002651564 0.00219795 0.0017583254 0.0015984963 0.0018248368 0.001462921 0.0015415618 0.0021119744 0.0016743027 0.0017396931 0.0016834629 0.0017723166 0.0015862602 0.001480138 0.002002943 0.004103329 0.0020589835 0.0013805979 0.001802697 0.0015273475 0.0014148798 0.001585207 0.0025453328 0.001887182 0.0018019344 0.0028071906 0.0018164788 0.0014376878 0.0018451891 0.0016313801 0.0018615873 0.0015553934 0.0015610761 0.0013229632 0.0018652506 0.0018760378 0.0019520698 0.0032458112 0.0019703945 0.0013421674 0.0027677333 0.0019314538 0.0016456674 0.0016976261 0.0014851375 0.0013919548 0.0019128596 0.0013064865,
255,256,,,0.006528 0.006528 0.006528 0.006528 0.006528 0.006528 0.006528 0.006528 0.006528 0.006528 0.006528 0.006528 0.006528 0.006528 0.006528 0.006528 0.006528 0.006528 0.006528 0.006528 0.006528 0.006528 0.006528 0.006528 0.006528 0.006528 0.006528 0.006528 0.006528 0.006528 0.006528 0.006528 0.006528 0.006528 0.006528 0.006528 0.006528 0.006528 0.006528 0.006528 0.006528 0.006528 0.006528 0.006528 0.006528 0.006528 0.006528 0.006528 0.006528 0.006528 0.006528 0.006528 0.006528 0.006528 0.006528 0.006528 0.006528 0.006528 0.006528 0.006528 0.006528 0.006528 0.006528 0.006528 0.006528 0.006528 0.006528 0.006528 0.006528 0.006528 0.006528 0.006528 0.006528 0.006528 0.006528 0.006528 0.006528 0.006528 0.006528 0.006528 0.006528 0.006528 0.006528 0.006528 0.006528 0.006528 0.006528 0.006528 0.006528 0.006528 0.006528 0.006528 0.006528 0.006528 0.006528 0.006528 0.006528 0.006528 0.006528 0.006528 0.006528 0.006528 0.006528 0.006528 0.006528 0.006528 0.006528 0.006528 0.006528 0.006528 0.006528 0.006528 0.006528 0.006528 0.006528 0.006528 0.006528 0.006528 0.006528 0.006528 0.006528 0.006528 0.006528 0.006528 0.006528 0.006528 0.006528 0.006528 0.006528 0.006528 0.006528 0.006528 0.006528 0.006528 0.006528 0.006528 0.006528 0.006528 0.006528 0.006528 0.006528 0.006528 0.006528 0.006528 0.006528 0.006528 0.006528 0.006528 0.006528 0.006528 0.006528 0.006528 0.006528 0.006528 0.006528 0.006528 0.006528 0.006528 0.006528 0.006528 0.006528 0.006528 0.006528 0.006528 0.006528 0.006528 0.006528 0.006528 0.006528 0.006528 0.006528 0.006528 0.006528 0.006528 0.006528 0.006528 0.006528 0.006528 0.006528 0.006528 0.006528 0.006528 0.006528 0.006528 0.006528 0.006528 0.006528 0.006528 0.006528 0.006528 0.006528 0.006528 0.006528 0.006528 0.006528 0.006528 0.006528 0.006528 0.006528 0.006528 0.006528 0.006528 0.006528 0.006528 0.006528 0.006528 0.006528 0.006528 0.006528 0.006528 0.006528 0.006528 0.006528 0.006528 0.006528 0.006528 0.006528 0.006528 0.006528 0.006528 0.006528 0.006528 0.006528 0.006528 0.006528 0.006528 0.006528 0.006528 0.006528 0.006528 0.006528 0.006528 0.006528 0.006528 0.006528 0.006528 0.006528 0.006528 0.006528 0.006528 0.006528 0.006528 0.006528 0.006528 0.006528 0.006528 0.006528 0.006528 0.006528 0.006528 0.006528 0.006528 0.006528 0.006528 0.006528 0.006528,14 14 14 14 14 14 14 14 13 13 14 14 13 13 12 14 15 14 14 14 12 14 14 14 13 14 14 13 14 14 14 14 13 14 14 14 14 14 14 14 14 13 13 14 14 13 13 14 14 14 13 14 14 13 12 14 14 14 14 13 14 14 13 14 13 14 12 14 14 13 13 13 13 13 14 14 13 14 14 13 14 13 14 13 12 14 14 14 14 14 13 14 12 14 13 14 14 13 14 14 12 14 14 12 14 14 14 14 14 14 14 14 14 13 14 14 14 13 14 13 14 14 14 14 14 14 14 14 14 14 13 14 14 14 14 13 14 12 13 14 14 14 13 13 13 12 14 14 14 14 14 13 14 13 13 14 13 14 14 13 13 13 12 12 14 14 13 14 14 14 14 13 13 12 12 14 14 14 14 13 13 13 14 14 13 13 12 13 14 13 14 14 14 14 14 14 13 14 14 14 14 14 14 13 12 12 14 14 13 13 14 14 14 14 14 13 14 14 14 14 14 14 13 12 13 14 14 14 14 14 13 14 14 13 14 14 14 14 14 14 14 14 14 14 13 13 13 14 13 14 14 14 14 14 14 14
269,1x1x1024x512,0.14059798 0.14796284 0.13172974 0.12641968 0.073091365 0.13937956 0.11748814 0.21756937 0.1724705 0.20025784 0.1438473 0.072395466 0.09150246 0.18943235 0.18814231 0.16378278 0.2221593 0.11464823 0.20406768 0.18007396 0.13709342 0.080309026 0.16422996 0.21436737 0.14529827 0.18976201 0.15461686 0.20590913 0.19856021 0.09659789 0.092442825 0.2702757 0.122573264 0.0801506 0.17009881 0.15856002 0.22682527 0.0830482 0.184125 0.13584627 0.45149326 0.111426175 0.18490525 0.112492844 0.23321408 0.37209752 0.13123055 0.3095615 0.0825379 0.061883833 0.1518474 0.17184834 0.089871936 0.09814398 0.12178976 0.3338251 0.18592215 0.07369604 0.09206582 0.08251905 0.45183286 0.15434691 0.09802918 0.11604672 0.05880092 0.12586315 0.11304155 0.1694767 0.10583192 0.10070795 0.299439 0.25573418 0.16799727 0.11007275 0.398712 0.052474346 0.45776564 0.09587374 0.1305674 0.23416328 0.11923076 0.11411137 0.110511534 0.15232792 0.09973595 0.09849797 0.073606476 0.72063816 0.1633796 0.275933 0.059014466 0.1660121 0.06565928 0.094610706 0.21799116 0.09953351 0.15397641 0.25515652 0.08241754 0.14131524 0.10902515 0.16882573 0.08130633 0.074992724 0.08070828 0.32566702 0.15128903 0.12544434 0.76189953 0.18478458 0.25512022 0.09377604 0.18083996 0.17811319 0.27903643 0.10015273 0.10397015 0.18038297 0.21890722 0.15498771 0.122928895 0.1498873 0.15311168 0.12840006 0.4749746 0.104883015 0.0645128 0.08005389 0.16859636 0.21392226 0.12517317 0.1815897 0.22868954 0.1901883 0.14638111 0.41338482 0.24633388 0.07480437 0.20810463 0.42817518 0.051656574 0.45930493 0.05483354 0.18179171 0.15427014 0.1253603 0.1125055 0.104314834 0.10337212 0.15145569 0.14245258 0.12903175 0.11972102 0.08934913 0.24267815 0.1063193 0.17740397 0.16388975 0.2381613 0.16903096 0.11030222 0.12928696 0.50201774 0.18314198 0.0845088 0.29016677 0.1987604 0.23310259 0.25660473 0.25075918 0.09568278 0.16054918 0.122324556 0.060187086 0.15687267 0.17926525 0.12046845 0.11206598 0.13131003 0.37650347 0.06833185 0.13719164 0.09874672 0.11767833 0.09857301 0.10231342 0.11648167 0.12456046 0.2589671 0.17304361 0.21910311 0.1443034 0.121197276 0.1465577 0.12504902 0.2843988 0.10335667 0.16164182 0.12813169 0.13586833 0.26526296 0.17094761 0.17873594 0.24164243 0.23564775 0.056250125 0.10154543 0.21679668 0.10560663 0.1491013 0.08496146 0.16277677 0.21771315 0.13296844 0.16225085 0.15607814 0.2158636 0.27423763 0.114935495 0.0625264 0.06390323 0.10095584 0.085861035 0.14124683 0.103219934 0.054061722 0.11881725 0.18691906 0.073066264 0.14949445 0.060544543 0.19617791 0.19797473 0.10740212 0.075168476 0.15694076 0.2172744 0.18916619 0.12866469 0.078124925 0.07052271 0.41958976 0.29236484 0.07363283 0.19265053 0.17924272 0.0768704 0.098014586 0.08033356 0.16578588 0.08077876 0.3089313 0.19756407 0.24272345 0.052042168 0.19883771 0.08084792 0.11025664 0.09553969 0.11467047 0.17851345 0.14027819 0.07685018 0.1537958 0.13410123 0.30235955 0.29120913 0.19571683 0.16405027 0.21158974 0.1039433 0.32373446 0.22306937 0.23276767 0.07663498 0.119202934 0.1259419 0.21339877 0.07938226 0.29713356 0.23081754 0.14312884 0.31267476 0.106224254 0.09548968 0.2189461 0.21926218 0.13098982 0.13182308 0.18282108 0.26587948 0.14835548 0.15278779 0.12667763 0.116581194 0.0982737 0.11142749 0.2148851 0.18905586 0.36799693 0.36941493 0.25786573 0.11870937 0.14132065 0.17010796 0.1046111 0.13534366 0.10554986 0.12507495 0.13690092 0.29719174 0.17839782 0.108457804 0.06396136 0.11596852 0.18745974 0.8300415 0.053918287 0.10703335 0.1585414 0.19479351 0.26867053 0.09602284 0.16084068 0.5434686 0.09298074 0.20643936 0.2507904 0.2678285 0.13147527 0.17705281 0.060807582 0.18721312 0.14960422 0.07915584 0.14918289 0.17457548 0.2885604 0.23706938 0.29717454 0.2953999 0.14418566 0.07317637 0.30354345 0.32673034 0.19624805 0.22614905 0.12843515 0.12527186 0.10934904 0.24386835 0.20000939 0.26959673 0.21286546 0.117184974 0.13977627 0.33172485 0.12151082 0.31589764 0.31147012 0.17062636 0.099800095 0.102252506 0.067891985 0.39632672 0.15345137 0.15864544 0.17593464 0.09001992 0.12693954 0.14906083 0.09086683 0.111686036 0.07355076 0.11139506 0.108202115 0.2617341 0.11398667 0.20875947 0.06959518 0.42185563 0.13017415 0.25980097 0.21955816 0.06888551 0.099706516 0.16473493 0.12939124 0.10215122 0.11565851 0.12833871 0.101544894 0.14458913 0.102131106 0.16159345 0.11506467 0.20258859 0.16387388 0.26185396 0.099097736 0.13382657 0.12968364 0.10898564 0.08313377 0.29681826 0.086129464 0.10008297 0.35493574 0.19387099 0.2632824 0.17932019 0.30205634 0.236465 0.43210024 0.056215134 0.09914875 0.1132238 0.23263226 0.22101377 0.100481674 0.051133078 0.33366245 0.061397415 0.1673764 0.099748395 0.089306824 0.098100215 0.3725082 0.13955715 0.19560583 0.18184039 0.11893059 0.10210474 0.13787128 0.16090627 0.05942243 0.11678139 0.22257258 0.09609534 0.14283463 0.2753468 0.107169986 0.2801045 0.059681028 0.15879065 0.24590547 0.09268445 0.12429774 0.05729317 0.106540665 0.13177975 0.16285275 0.22010855 0.08254726 0.15693808 0.0900268 0.2295552 0.318202 0.09378694 0.17324285 0.47625208 0.15127808 0.3135996 0.12220966 0.43179384 0.10735256 0.13932319 0.06928409 0.061878327 0.2050406 0.08665976 0.17424744 0.042454224 0.13599303 0.09408205 0.10680059 0.09944521 0.10736842 0.2288433 0.33453938 0.30268276 0.21335603 0.14432597 0.100229144 0.069064766 0.13231118 0.51382166 0.1273532 0.1608384 0.19475213 0.14551029 0.12735341 0.08294616 0.13256344 0.46909884 0.36084497 0.18815313 0.17086652 0.09011398 0.17785208 0.095642984 0.24446982 0.16788432 0.067026004 0.23602645 0.0995029 0.057618223 0.20368466 0.32909182 0.087923974 0.1241534 0.10464051,0.14058082 0.14794478 0.13171366 0.12640424 0.07308245 0.13936256 0.117473796 0.21754281 0.17244945 0.2002334 0.14382975 0.07238663 0.09149129 0.18940923 0.18811935 0.16376278 0.22213218 0.11463424 0.20404276 0.18005198 0.13707669 0.08029922 0.16420992 0.21434122 0.14528054 0.18973885 0.15459798 0.205884 0.19853598 0.09658609 0.092431545 0.27024272 0.1225583 0.080140814 0.17007805 0.15854068 0.2267976 0.08303806 0.18410254 0.1358297 0.45143816 0.11141258 0.18488267 0.11247912 0.23318562 0.37205213 0.13121453 0.30952373 0.082527824 0.06187628 0.15182889 0.17182736 0.08986097 0.09813201 0.1217749 0.33378437 0.18589947 0.07368705 0.09205458 0.08250898 0.4517777 0.15432808 0.09801722 0.116032556 0.058793742 0.12584779 0.11302776 0.16945602 0.10581901 0.10069566 0.29940248 0.25570297 0.16797677 0.11005931 0.39866337 0.052467942 0.4577098 0.09586204 0.13055146 0.2341347 0.11921621 0.114097446 0.11049805 0.15230934 0.099723786 0.09848595 0.0735975 0.56294906 0.16335966 0.27589932 0.05900726 0.16599184 0.06565126 0.094599165 0.21796454 0.09952136 0.15395762 0.25512537 0.08240748 0.14129798 0.109011844 0.16880514 0.08129641 0.07498357 0.08069843 0.3256273 0.15127057 0.12542902 0.76180655 0.18476202 0.2550891 0.093764596 0.18081789 0.17809147 0.2790024 0.10014051 0.10395746 0.18036094 0.2188805 0.15496878 0.1229139 0.14986901 0.153093 0.1283844 0.47491664 0.104870215 0.06450493 0.08004411 0.16857578 0.21389616 0.1251579 0.18156753 0.22866163 0.1901651 0.14636324 0.41333437 0.24630381 0.07479524 0.20807922 0.4281229 0.051650267 0.45924887 0.054826844 0.18176952 0.1542513 0.125345 0.11249177 0.10430211 0.103359506 0.1514372 0.14243521 0.129016 0.11970641 0.08933823 0.24264854 0.10630633 0.17738232 0.16386974 0.23813224 0.16901033 0.110288754 0.12927118 0.50195646 0.18311962 0.08449848 0.29013136 0.19873615 0.23307414 0.2565734 0.25072858 0.095671095 0.16052958 0.12230963 0.060179744 0.15685353 0.17924337 0.120453745 0.11205231 0.131294 0.3764575 0.06832351 0.1371749 0.09873466 0.11766397 0.09856098 0.102300934 0.11646745 0.124545254 0.25893548 0.1730225 0.21907637 0.14428578 0.12118249 0.1465398 0.12503377 0.2843641 0.10334405 0.16162209 0.12811604 0.13585174 0.26523057 0.17092675 0.17871413 0.24161294 0.14727266 0.05624326 0.10153303 0.21677023 0.10559374 0.14908311 0.084951095 0.1627569 0.21768658 0.13295221 0.16223104 0.15605909 0.21583726 0.27420416 0.11492147 0.06251877 0.063895434 0.10094352 0.08585055 0.14122958 0.10320734 0.054055125 0.11880275 0.18689625 0.073057346 0.1494762 0.060537152 0.19615398 0.19795056 0.10738902 0.0751593 0.1569216 0.21724787 0.18914309 0.12864898 0.078115396 0.070514105 0.41953856 0.29232916 0.07362384 0.19262701 0.17922084 0.07686102 0.09800262 0.080323756 0.16576564 0.080768906 0.3088936 0.19753996 0.24269383 0.052035816 0.19881344 0.08083805 0.11024319 0.09552803 0.11465647 0.17849167 0.14026107 0.0768408 0.15377703 0.13408485 0.30232266 0.2911736 0.19569294 0.16403025 0.21156392 0.10393062 0.32369497 0.22304215 0.23273925 0.07662562 0.11918839 0.12592652 0.21337274 0.07937257 0.2970973 0.23078936 0.14311138 0.31263658 0.10621129 0.09547803 0.21891938 0.21923542 0.13097383 0.131807 0.18279876 0.26584703 0.14833738 0.15276913 0.12666216 0.11656697 0.098261714 0.111413896 0.21485887 0.18903278 0.36795202 0.36936983 0.25783426 0.11869488 0.14130339 0.1700872 0.104598336 0.13532713 0.105536975 0.12505968 0.13688421 0.29715547 0.17837605 0.10844457 0.063953556 0.11595437 0.18743685 0.82994026 0.053911705 0.10702029 0.15852204 0.19476973 0.26863775 0.09601112 0.16082104 0.54340225 0.092969395 0.20641418 0.25075978 0.2677958 0.13145922 0.1770312 0.06080016 0.18719026 0.14958595 0.079146184 0.14916468 0.17455417 0.2885252 0.23704046 0.29713827 0.29536387 0.14416806 0.07316744 0.3035064 0.32669047 0.1962241 0.22612146 0.12841947 0.12525657 0.1093357 0.24383858 0.19998498 0.26956382 0.21283947 0.11717067 0.13975921 0.33168435 0.121495984 0.3158591 0.3114321 0.17060553 0.09978792 0.102240026 0.0678837 0.39627835 0.15343264 0.15862606 0.17591317 0.09000894 0.12692405 0.14904264 0.09085573 0.1116724 0.07354178 0.11138147 0.108188905 0.26170215 0.11397276 0.208734 0.06958669 0.42180413 0.13015826 0.25976926 0.21953137 0.0688771 0.09969435 0.16471483 0.12937546 0.10213876 0.11564439 0.12832305 0.1015325 0.14457148 0.10211864 0.16157372 0.11505063 0.20256387 0.16385388 0.261822 0.099085644 0.13381024 0.12966782 0.10897234 0.08312363 0.29678202 0.08611895 0.10007075 0.3548924 0.19384733 0.26325026 0.17929831 0.30201948 0.23643616 0.4320475 0.056208275 0.09913665 0.113209985 0.23260386 0.2209868 0.10046941 0.051126838 0.3336217 0.06138992 0.16735597 0.09973622 0.08929592 0.09808824 0.37246272 0.13954012 0.19558196 0.18181819 0.11891608 0.10209227 0.13785446 0.16088663 0.05941518 0.11676714 0.22254542 0.09608361 0.1428172 0.2753132 0.1071569 0.2800703 0.059673745 0.15877126 0.24587546 0.09267314 0.12428257 0.057286177 0.106527664 0.13176365 0.16283287 0.2200817 0.08253719 0.15691891 0.09001582 0.22952719 0.31816316 0.093775496 0.1732217 0.47619393 0.15125962 0.31356132 0.122194745 0.43174115 0.10733946 0.13930619 0.06927563 0.061870776 0.20501557 0.08664918 0.17422618 0.042449042 0.13597643 0.09407057 0.106787555 0.09943307 0.10735532 0.22881538 0.33449855 0.3026458 0.21332999 0.14430836 0.10021691 0.06905633 0.13229504 0.51375896 0.12733766 0.16081876 0.19472836 0.14549254 0.12733787 0.08293604 0.13254727 0.4690416 0.36080095 0.18813017 0.17084566 0.090102986 0.17783038 0.09563132 0.24443999 0.16786383 0.06701782 0.23599765 0.099490754 0.057611194 0.2036598 0.32905167 0.087913245 0.12413825 0.10462774,0.0011069356 0.0011649195 0.0010371155 0.000995309 0.00057545234 0.0010973429 0.0009249905 0.0017129355 0.0013578697 0.001576641 0.0011325177 0.0005699735 0.00072040386 0.0014914112 0.0014812547 0.0012894707 0.0017490722 0.0009026318 0.001606636 0.0014177321 0.0010793441 0.00063227734 0.0012929915 0.0016877261 0.0011439413 0.0014940067 0.0012173069 0.0016211338 0.0015632755 0.0007605204 0.00072780746 0.0021278954 0.00096502603 0.00063103 0.0013391973 0.0012483518 0.0017858079 0.000653843 0.0014496263 0.0010695253 0.0035546313 0.00087726436 0.0014557691 0.0008856624 0.0018361072 0.0029295443 0.0010331853 0.0024371948 0.0006498254 0.0004872148 0.001195503 0.0013529713 0.0007075667 0.00077269296 0.0009588575 0.0026282235 0.0014637753 0.000580213 0.0007248392 0.000649677 0.0035573046 0.0012151817 0.0007717892 0.0009136422 0.00046294284 0.0009909275 0.00088998233 0.0013342993 0.00083322055 0.0007928792 0.0023575 0.0020134093 0.0013226517 0.00086660875 0.0031390816 0.0004131334 0.0036040142 0.0007548192 0.0010279643 0.0018435804 0.00093871035 0.0008984051 0.0008700634 0.0011992862 0.00078522664 0.0007754799 0.00057950785 0.00443267 0.0012862965 0.0021724356 0.0004646241 0.0013070224 0.00051693904 0.0007448753 0.0017162563 0.00078363274 0.0012122648 0.0020088612 0.0006488778 0.0011125825 0.00085836096 0.0013291743 0.0006401292 0.0005904218 0.0006354207 0.0025639944 0.0011911069 0.0009876301 0.005998477 0.001454819 0.0020085757 0.0007383039 0.0014237629 0.001402295 0.0021968693 0.000788508 0.0008185627 0.001420165 0.0017234685 0.0012202266 0.00096782594 0.0011800709 0.0012054567 0.0010109007 0.0037395011 0.0008257497 0.00050791283 0.0006302686 0.0013273683 0.0016842217 0.0009854952 0.0014296656 0.0018004853 0.001497363 0.0011524665 0.0032546013 0.0019394001 0.0005889389 0.001638419 0.0033710466 0.000406695 0.0036161328 0.00043170745 0.0014312561 0.0012145772 0.0009869685 0.000885762 0.00082127645 0.0008138544 0.0011924189 0.0011215371 0.001015874 0.00094257016 0.00070345064 0.0019106184 0.0008370577 0.0013967112 0.0012903129 0.001875057 0.00133079 0.0008684154 0.0010178833 0.003952413 0.0014418868 0.0006653424 0.002284499 0.0015648515 0.0018352295 0.002020263 0.0019742409 0.0007533157 0.0012640124 0.000963068 0.00047385626 0.0012350671 0.0014113651 0.00094845466 0.00088230165 0.001033811 0.0029642323 0.0005379804 0.0010801173 0.0007774383 0.00092648796 0.0007760707 0.0008055192 0.0009170666 0.0009806713 0.002038862 0.0013623819 0.0017250108 0.0011361085 0.00095419283 0.0011538567 0.0009845179 0.0022390874 0.0008137327 0.0012726149 0.0010087878 0.0010696987 0.0020884296 0.0013458799 0.0014071978 0.0019024641 0.0011596272 0.0004428603 0.0007994727 0.0017068522 0.0008314468 0.0011738827 0.00066890626 0.0012815504 0.0017140675 0.0010468678 0.0012774098 0.0012288117 0.001699506 0.002159088 0.0009048935 0.0004922738 0.00050311367 0.00079483085 0.0006759886 0.001112044 0.00081265625 0.0004256309 0.00093545474 0.001471624 0.0005752547 0.001176978 0.00047667048 0.0015445196 0.0015586658 0.0008455828 0.0005918055 0.0012356031 0.0017106131 0.0014893156 0.0010129841 0.00061508187 0.0005552292 0.003303453 0.0023018045 0.0005797153 0.0015167481 0.0014111877 0.00060520484 0.00077167415 0.00063247053 0.0013052413 0.0006359756 0.002432233 0.0015554327 0.001910975 0.00040973083 0.0015654601 0.00063652004 0.0008680566 0.0007521892 0.0009028069 0.0014054462 0.0011044178 0.0006050457 0.0012108427 0.0010557863 0.0023804933 0.0022927055 0.0015408893 0.0012915768 0.0016658576 0.00081835134 0.0025487794 0.0017562374 0.0018325925 0.00060335133 0.00093849126 0.0009915475 0.0016801003 0.0006249809 0.002339349 0.0018172391 0.0011268612 0.0024617054 0.0008363094 0.0007517955 0.0017237747 0.0017262632 0.00103129 0.0010378504 0.0014393603 0.0020932837 0.0011680109 0.0012029066 0.0009973398 0.0009178502 0.0007737143 0.0008772748 0.0016918022 0.0014884471 0.00289726 0.002908424 0.002030191 0.00093460537 0.0011126251 0.0013392693 0.00082360895 0.001065568 0.0008309998 0.0009847219 0.0010778285 0.0023398069 0.0014045358 0.0008538943 0.0005035713 0.0009130265 0.0014758807 0.0065349624 0.0004245016 0.00084267947 0.0012482051 0.0015336198 0.0021152578 0.00075599307 0.0012663073 0.004278758 0.0007320425 0.0016253085 0.0019744865 0.0021086284 0.001035112 0.0013939465 0.00047874142 0.001473939 0.0011778421 0.0006231983 0.001174525 0.0013744422 0.002271852 0.0018664603 0.0023396714 0.0023257 0.0011351816 0.0005761216 0.0023898142 0.0025723658 0.0015450716 0.0017804839 0.001011177 0.0009862722 0.00086091104 0.0019199888 0.0015746849 0.0021225498 0.0016759014 0.0009226037 0.0011004662 0.0026116879 0.0009566613 0.0024870797 0.0024522212 0.0013433506 0.00078573165 0.0008050396 0.00053451734 0.003120302 0.001208131 0.0012490242 0.001385143 0.00070873176 0.000999402 0.0011735641 0.00071539945 0.00087931025 0.00057906914 0.0008770195 0.00085188117 0.002060647 0.0008974233 0.0016435748 0.00054792664 0.0033212923 0.0010248682 0.0020454272 0.0017285935 0.0005423394 0.00078499486 0.0012969672 0.0010187044 0.0008042422 0.00091058575 0.0010104177 0.0007994685 0.0011383581 0.0008040838 0.001272234 0.00090591045 0.0015949911 0.001290188 0.0020615903 0.0007802019 0.001053624 0.0010210065 0.00085804996 0.0006545168 0.0023368662 0.00067810196 0.0007879587 0.0027944283 0.0015263569 0.0020728367 0.0014117977 0.0023781061 0.0018617021 0.0034019486 0.00044258483 0.00078060356 0.0008914172 0.0018315265 0.0017400535 0.0007910977 0.00040257353 0.0026269427 0.0004833852 0.0013177636 0.00078532455 0.0007031175 0.0007723484 0.0029327774 0.0010987411 0.0015400155 0.0014316393 0.00093634706 0.00080387614 0.0010854682 0.0012668238 0.00046783607 0.00091942627 0.0017523261 0.00075656385 0.0011245449 0.0021678205 0.00084375514 0.002205278 0.000469872 0.0012501674 0.0019360273 0.00072970975 0.0009786029 0.00045107226 0.0008388005 0.0010375091 0.0012821486 0.0017329268 0.0006498991 0.001235582 0.000708786 0.0018073007 0.0025052216 0.00073838973 0.0013639504 0.0037495585 0.0011910206 0.0024689867 0.0009621633 0.0033995367 0.0008451926 0.0010968992 0.00054547744 0.00048717146 0.0016142959 0.000682277 0.0013718597 0.00033424443 0.0010706806 0.00074071315 0.0008408469 0.00078293757 0.0008453175 0.0018016959 0.0026338468 0.0023830377 0.0016797637 0.0011362863 0.0007891095 0.00054375065 0.0010416933 0.0040453463 0.0010026587 0.0012662894 0.0015332942 0.0011456106 0.0010026604 0.0006530397 0.0010436793 0.003693241 0.0028409525 0.0014813399 0.0013452414 0.00070947234 0.0014002392 0.0007530025 0.0019247243 0.0013217625 0.0005276994 0.0018582492 0.00078339176 0.00045363145 0.0016036205 0.002590958 0.0006922303 0.0009774666 0.0008238405,
270,512,,,0.004430007 0.004430007 0.004430007 0.004430007 0.004430007 0.004430007 0.004430007 0.004430007 0.004430007 0.004430007 0.004430007 0.004430007 0.004430007 0.004430007 0.004430007 0.004430007 0.004430007 0.004430007 0.004430007 0.004430007 0.004430007 0.004430007 0.004430007 0.004430007 0.004430007 0.004430007 0.004430007 0.004430007 0.004430007 0.004430007 0.004430007 0.004430007 0.004430007 0.004430007 0.004430007 0.004430007 0.004430007 0.004430007 0.004430007 0.004430007 0.004430007 0.004430007 0.004430007 0.004430007 0.004430007 0.004430007 0.004430007 0.004430007 0.004430007 0.004430007 0.004430007 0.004430007 0.004430007 0.004430007 0.004430007 0.004430007 0.004430007 0.004430007 0.004430007 0.004430007 0.004430007 0.004430007 0.004430007 0.004430007 0.004430007 0.004430007 0.004430007 0.004430007 0.004430007 0.004430007 0.004430007 0.004430007 0.004430007 0.004430007 0.004430007 0.004430007 0.004430007 0.004430007 0.004430007 0.004430007 0.004430007 0.004430007 0.004430007 0.004430007 0.004430007 0.004430007 0.004430007 0.004430007 0.004430007 0.004430007 0.004430007 0.004430007 0.004430007 0.004430007 0.004430007 0.004430007 0.004430007 0.004430007 0.004430007 0.004430007 0.004430007 0.004430007 0.004430007 0.004430007 0.004430007 0.004430007 0.004430007 0.004430007 0.004430007 0.004430007 0.004430007 0.004430007 0.004430007 0.004430007 0.004430007 0.004430007 0.004430007 0.004430007 0.004430007 0.004430007 0.004430007 0.004430007 0.004430007 0.004430007 0.004430007 0.004430007 0.004430007 0.004430007 0.004430007 0.004430007 0.004430007 0.004430007 0.004430007 0.004430007 0.004430007 0.004430007 0.004430007 0.004430007 0.004430007 0.004430007 0.004430007 0.004430007 0.004430007 0.004430007 0.004430007 0.004430007 0.004430007 0.004430007 0.004430007 0.004430007 0.004430007 0.004430007 0.004430007 0.004430007 0.004430007 0.004430007 0.004430007 0.004430007 0.004430007 0.004430007 0.004430007 0.004430007 0.004430007 0.004430007 0.004430007 0.004430007 0.004430007 0.004430007 0.004430007 0.004430007 0.004430007 0.004430007 0.004430007 0.004430007 0.004430007 0.004430007 0.004430007 0.004430007 0.004430007 0.004430007 0.004430007 0.004430007 0.004430007 0.004430007 0.004430007 0.004430007 0.004430007 0.004430007 0.004430007 0.004430007 0.004430007 0.004430007 0.004430007 0.004430007 0.004430007 0.004430007 0.004430007 0.004430007 0.004430007 0.004430007 0.004430007 0.004430007 0.004430007 0.004430007 0.004430007 0.004430007 0.004430007 0.004430007 0.004430007 0.004430007 0.004430007 0.004430007 0.004430007 0.004430007 0.004430007 0.004430007 0.004430007 0.004430007 0.004430007 0.004430007 0.004430007 0.004430007 0.004430007 0.004430007 0.004430007 0.004430007 0.004430007 0.004430007 0.004430007 0.004430007 0.004430007 0.004430007 0.004430007 0.004430007 0.004430007 0.004430007 0.004430007 0.004430007 0.004430007 0.004430007 0.004430007 0.004430007 0.004430007 0.004430007 0.004430007 0.004430007 0.004430007 0.004430007 0.004430007 0.004430007 0.004430007 0.004430007 0.004430007 0.004430007 0.004430007 0.004430007 0.004430007 0.004430007 0.004430007 0.004430007 0.004430007 0.004430007 0.004430007 0.004430007 0.004430007 0.004430007 0.004430007 0.004430007 0.004430007 0.004430007 0.004430007 0.004430007 0.004430007 0.004430007 0.004430007 0.004430007 0.004430007 0.004430007 0.004430007 0.004430007 0.004430007 0.004430007 0.004430007 0.004430007 0.004430007 0.004430007 0.004430007 0.004430007 0.004430007 0.004430007 0.004430007 0.004430007 0.004430007 0.004430007 0.004430007 0.004430007 0.004430007 0.004430007 0.004430007 0.004430007 0.004430007 0.004430007 0.004430007 0.004430007 0.004430007 0.004430007 0.004430007 0.004430007 0.004430007 0.004430007 0.004430007 0.004430007 0.004430007 0.004430007 0.004430007 0.004430007 0.004430007 0.004430007 0.004430007 0.004430007 0.004430007 0.004430007 0.004430007 0.004430007 0.004430007 0.004430007 0.004430007 0.004430007 0.004430007 0.004430007 0.004430007 0.004430007 0.004430007 0.004430007 0.004430007 0.004430007 0.004430007 0.004430007 0.004430007 0.004430007 0.004430007 0.004430007 0.004430007 0.004430007 0.004430007 0.004430007 0.004430007 0.004430007 0.004430007 0.004430007 0.004430007 0.004430007 0.004430007 0.004430007 0.004430007 0.004430007 0.004430007 0.004430007 0.004430007 0.004430007 0.004430007 0.004430007 0.004430007 0.004430007 0.004430007 0.004430007 0.004430007 0.004430007 0.004430007 0.004430007 0.004430007 0.004430007 0.004430007 0.004430007 0.004430007 0.004430007 0.004430007 0.004430007 0.004430007 0.004430007 0.004430007 0.004430007 0.004430007 0.004430007 0.004430007 0.004430007 0.004430007 0.004430007 0.004430007 0.004430007 0.004430007 0.004430007 0.004430007 0.004430007 0.004430007 0.004430007 0.004430007 0.004430007 0.004430007 0.004430007 0.004430007 0.004430007 0.004430007 0.004430007 0.004430007 0.004430007 0.004430007 0.004430007 0.004430007 0.004430007 0.004430007 0.004430007 0.004430007 0.004430007 0.004430007 0.004430007 0.004430007 0.004430007 0.004430007 0.004430007 0.004430007 0.004430007 0.004430007 0.004430007 0.004430007 0.004430007 0.004430007 0.004430007 0.004430007 0.004430007 0.004430007 0.004430007 0.004430007 0.004430007 0.004430007 0.004430007 0.004430007 0.004430007 0.004430007 0.004430007 0.004430007 0.004430007 0.004430007 0.004430007 0.004430007 0.004430007 0.004430007 0.004430007 0.004430007 0.004430007 0.004430007 0.004430007 0.004430007 0.004430007 0.004430007 0.004430007 0.004430007 0.004430007 0.004430007 0.004430007 0.004430007 0.004430007 0.004430007 0.004430007 0.004430007 0.004430007 0.004430007 0.004430007 0.004430007 0.004430007 0.004430007 0.004430007 0.004430007 0.004430007 0.004430007 0.004430007 0.004430007 0.004430007 0.004430007 0.004430007 0.004430007 0.004430007 0.004430007 0.004430007 0.004430007 0.004430007 0.004430007 0.004430007 0.004430007 0.004430007 0.004430007 0.004430007 0.004430007 0.004430007 0.004430007 0.004430007 0.004430007 0.004430007 0.004430007 0.004430007 0.004430007 0.004430007 0.004430007 0.004430007 0.004430007 0.004430007 0.004430007 0.004430007 0.004430007 0.004430007 0.004430007 0.004430007,13 13 13 13 14 13 14 13 13 13 13 14 14 13 13 13 13 14 13 13 13 14 13 13 13 13 13 13 13 14 14 12 14 14 13 13 13 14 13 13 12 14 13 14 13 12 13 12 14 15 13 13 14 14 14 12 13 14 14 14 12 13 14 14 15 13 14 13 14 14 12 12 13 14 12 15 12 14 13 13 14 14 14 13 14 14 14 11 13 12 15 13 14 14 13 14 13 12 14 13 14 13 14 14 14 12 13 13 11 13 12 14 13 13 12 14 14 13 13 13 14 13 13 13 12 14 14 14 13 13 13 13 13 13 13 12 13 14 13 12 15 12 15 13 13 13 14 14 14 13 13 13 14 14 13 14 13 13 13 13 14 13 11 13 14 12 13 13 12 12 14 13 14 15 13 13 14 14 13 12 14 13 14 14 14 14 14 13 12 13 13 13 14 13 13 12 14 13 13 13 12 13 13 13 13 15 14 13 14 13 14 13 13 13 13 13 13 12 14 14 14 14 14 13 14 15 14 13 14 13 15 13 13 14 14 13 13 13 13 14 14 12 12 14 13 13 14 14 14 13 14 12 13 13 15 13 14 14 14 14 13 13 14 13 13 12 12 13 13 13 14 12 13 13 14 14 13 13 14 12 13 13 12 14 14 13 13 13 13 13 12 13 13 13 14 14 14 13 13 12 12 12 14 13 13 14 13 14 13 13 12 13 14 14 14 13 11 15 14 13 13 12 14 13 11 14 13 12 12 13 13 15 13 13 14 13 13 12 13 12 12 13 14 12 12 13 13 13 13 14 13 13 12 13 14 13 12 14 12 12 13 14 14 14 12 13 13 13 14 13 13 14 14 14 14 14 12 14 13 14 12 13 12 13 14 14 13 13 14 14 13 14 13 14 13 14 13 13 12 14 13 13 14 14 12 14 14 12 13 12 13 12 13 12 15 14 14 13 13 14 15 12 15 13 14 14 14 12 13 13 13 14 14 13 13 15 14 13 14 13 12 14 12 15 13 13 14 13 15 14 13 13 13 14 13 14 13 12 14 13 12 13 12 14 12 14 13 14 15 13 14 13 15 13 14 14 14 14 13 12 12 13 13 14 14 13 11 13 13 13 13 13 14 13 12 12 13 13 14 13 14 13 13 14 13 14 15 13 12 14 13 14
278,1x1x512x512,0.27206618 0.38933456 0.30166 0.33212844 0.36167863 0.39262977 0.2899762 0.29414204 0.39401215 0.33446795 0.3225123 0.30752355 0.43691948 0.2539109 0.43312818 0.37355515 0.24926652 0.25836053 0.32265455 0.23581679 0.24920093 0.30336544 0.31297347 0.27116328 0.2657143 0.37420452 0.5058477 0.32866576 0.30664694 0.44745666 0.2781549 0.4261157 0.27220356 0.569882 0.3034082 0.2555082 0.33280674 0.19639142 0.3124076 0.35175756 0.32673457 0.24016722 0.37241486 0.3333264 0.28563383 0.5061385 0.2586811 0.35230774 0.304747 0.33820075 0.27814272 0.249483 0.27453068 0.33367842 0.40266964 0.30179417 0.25557324 0.26406768 0.3276237 0.38754755 0.27791616 0.21159732 0.26446941 0.35533187 0.30550802 0.30015776 0.29364914 0.33410597 0.33596775 0.3355809 0.28867683 0.57510173 0.2799085 0.28642243 0.35349235 0.2804257 0.27402928 0.44729045 0.2551767 0.03475825 0.34484845 0.31248713 0.2826171 0.26346865 0.31628004 0.2544203 0.21002625 0.78838027 0.2687945 0.26229352 0.22119547 0.26582107 0.57442856 0.43399435 0.27963907 0.36034495 0.30832353 0.33938876 0.32510638 0.31503338 0.32725272 0.3675067 0.32263058 0.25789088 0.20449327 0.25418726 0.26340902 0.32226178 0.2707766 0.46180212 0.32139504 0.27915376 0.32254404 0.28756362 0.29936358 0.43970412 0.34530663 0.3001143 0.28805444 0.39906973 0.6694723 0.46954337 0.8724566 0.49722317 0.33293203 0.2801734 0.30694565 0.36034003 0.37301794 0.39130715 0.28306326 0.3498138 0.2571601 0.3154231 0.2995537 0.32556164 0.3519318 0.24553214 0.4253784 0.3392071 0.3571081 0.29618415 0.31177315 0.9822484 0.20806018 0.41564783 0.34870175 0.37153 0.32651082 0.32094803 0.25374338 0.30343333 0.2995452 0.2560164 0.33531114 0.34577623 0.5042808 0.31295484 0.32637638 0.2990754 0.33188638 0.24526554 0.27493393 0.3312292 0.38172865 0.30970284 0.38369372 0.2554489 0.29180017 0.39703336 0.28664157 0.27380943 0.36650118 0.26647282 0.31816393 0.46281582 0.33813536 0.28120705 0.43095034 0.4272863 0.3107645 0.29588345 0.28866562 0.27811694 0.44504243 0.33034155 0.2991622 0.26751366 0.27329072 0.31686765 0.30886355 0.24300244 0.29510805 0.24091901 0.2996244 0.27468294 0.36019424 0.29077303 0.32239196 0.2814108 0.36339635 0.26026887 0.3259141 0.29179186 0.29573208 0.2542117 0.4270837 0.38548595 0.3342681 0.32425392 0.3515981 0.2878655 0.40264776 0.30300543 0.2797008 0.31885844 0.5438314 0.32150403 0.23948121 0.2706433 0.24378164 0.21931632 0.37806955 0.2860776 0.36746025 0.34228674 0.29347202 0.30793676 0.36033213 0.6716787 0.28031707 0.3719298 0.3119179 0.33527368 0.44521317 0.26381457 0.27664393 0.3229823 0.25230855 0.2995316 0.34709892 0.29987532 0.33978033 0.2826484 0.3136305 0.2647325 0.16007024 0.28048906 0.24403252 0.42399132 0.29699895 0.45561776 0.26063445 0.28557795 0.21489258 0.29404685 0.313206 0.15673701 0.19539039 0.18617672 0.16806236 0.17793871 0.19057567 0.12547086 0.28429323 0.26678607 0.18394543 0.17279825 0.2658537 0.3963554 0.20313649 0.19764052 0.31098285 0.42765695 0.18497975 0.2772077 0.30384105 0.22224495 0.55863935 0.26858273 0.20020404 0.23636779 0.18368615 0.1416785 0.19551955 0.33926138 0.5224913 0.16125256 0.3059709 0.3436825 0.25030872 0.61035514 0.30258563 0.23575963 0.21152212 0.18514812 0.24821948 0.34641743 0.12971161 0.26797456 0.2733126 0.2282874 0.33029744 0.17039615 0.2101721 0.39400214 0.20254695 0.17699611 0.24922317 0.19795346 0.19354336 0.18909843 0.28334555 0.36741343 0.18774453 0.2653736 0.268279 0.336278 0.53778267 0.29988334 1.0188111 0.34571528 0.302564 0.26700708 0.13928114 0.35019946 0.20995742 0.20105642 0.22067 0.1480603 0.16735893 0.17368653 0.2678488 0.2398532 0.26293394 0.17406958 0.31185353 0.24686898 0.3710507 0.187324 0.19005617 0.26929066 0.23456195 0.4518882 0.29735252 0.32941225 0.15384725 0.20904621 0.32838088 0.2029987 0.32970026 0.15514393 0.1408817 0.16573529 0.641546 0.29232275 0.26683518 0.3472403 0.22675182 0.4227178 0.19937527 0.27496713 0.20299615 0.33987522 0.13488287 0.18664771 0.24667563 0.3761574 0.23195036 0.18183059 0.1882339 1.0149267 0.49529782 0.529809 0.327117 0.23871987 0.15106417 0.13663384 0.28990394 0.41323027 0.20749187 0.2324039 0.1929029 0.13932404 0.17967802 0.15383875 0.35786676 0.2579011 0.20087676 0.20319813 0.2687439 0.34566748 0.34384614 0.22623454 0.28040183 0.32544667 0.15959355 0.28183052 0.20229103 0.1415296 0.1396879 0.24491026 0.36141312 0.22209485 0.23242769 0.519548 0.3679871 0.24803068 0.15596545 0.23724669 0.12381109 0.16968879 0.35317025 0.3878536 0.15696312 0.33010975 0.1595357 0.14170764 0.1394484 0.32597888 0.18377954 0.16045827 0.15442331 0.23006147 0.24836943 0.18651395 0.25690654 0.18027245 0.5983275 0.16386211 0.23064536 0.25197276 0.3188363 0.6044908 0.23166788 0.24195656 0.35340548 0.35699737 0.19456357 0.27227056 0.7291827 0.20086604 0.22965775 0.22231442 0.20783842 0.31067172 0.22036104 0.17664024 0.27796414 0.19330205 0.31263158 0.25287053 0.18480769 0.20423836 0.37295 0.33985108 0.15761626 0.20503305 0.16460997 0.27340594 0.18529323 0.21302363 0.1368947 0.25128537 0.21021715 0.23567882 2.1318083 0.20539694 0.2197705 0.16657306 0.25908285 0.21220362 0.36888948 0.3755856 0.30524758 0.22851734 0.2178854 0.25273693 0.3456554 0.23026994 0.15188384 0.16680805 0.34743884 0.3850686 0.17534862 0.2947348 0.23212914 0.26627916 0.1480371 0.15631586 0.4488217 0.37399927 0.33016047 0.1727662 0.1807244 0.25668976 0.26610574 0.19482668 0.22433423 0.5396897 0.19477811 0.16630739 0.17748193 0.25657147 0.14337039 0.2818399 0.2143142 0.2903201 0.18334171 0.18050668 0.39931092 0.2991538,0.27203298 0.38928702 0.30162317 0.3320879 0.3616345 0.39258185 0.2899408 0.29410616 0.39396405 0.33442715 0.32247296 0.307486 0.43686616 0.2538799 0.43307534 0.3735096 0.24923609 0.258329 0.32261515 0.235788 0.24917051 0.3033284 0.3129353 0.27113017 0.26568186 0.37415883 0.505786 0.32862565 0.30660954 0.44740203 0.27812096 0.4260637 0.27217036 0.5698124 0.30337116 0.255477 0.33276612 0.19636744 0.31236947 0.3517146 0.3266947 0.2401379 0.3723694 0.33328572 0.285599 0.5060767 0.2586495 0.35226476 0.3047098 0.33815947 0.27810878 0.24945255 0.27449718 0.33363768 0.4026205 0.30175734 0.25554207 0.26403543 0.32758373 0.38750026 0.27788225 0.2115715 0.26443714 0.3552885 0.30547073 0.30012113 0.29361328 0.3340652 0.33592674 0.33553994 0.2886416 0.5750316 0.27987435 0.28638747 0.35344923 0.28039145 0.27399585 0.44723588 0.25514555 0.03475401 0.34480637 0.312449 0.28258258 0.2634365 0.31624144 0.25438926 0.21000062 0.78828406 0.26876172 0.2622615 0.22116849 0.26578864 0.57435846 0.4339414 0.27960494 0.360301 0.30828592 0.33934733 0.3250667 0.31499493 0.32721278 0.36746186 0.32259122 0.2578594 0.20446831 0.25415623 0.2633769 0.32222247 0.27074355 0.46174577 0.32135582 0.2791197 0.32250467 0.28752854 0.29932705 0.43965048 0.3452645 0.30007768 0.2880193 0.39902103 0.6693906 0.46948606 0.8723501 0.4971625 0.33289137 0.28013918 0.3069082 0.36029607 0.37297243 0.39125937 0.28302872 0.34977108 0.25712872 0.31538463 0.29951715 0.32552192 0.35188887 0.24550217 0.4253265 0.33916572 0.3570645 0.296148 0.31173512 0.98212856 0.20803478 0.4155971 0.3486592 0.37148464 0.32647097 0.32090884 0.25371242 0.3033963 0.29950866 0.25598514 0.33527023 0.34573403 0.5042193 0.31291667 0.32633656 0.29903892 0.33184588 0.24523562 0.27490038 0.33118877 0.38168207 0.30966505 0.3836469 0.25541773 0.29176456 0.3969849 0.28660658 0.27377602 0.36645645 0.2664403 0.3181251 0.46275935 0.33809412 0.28117275 0.43089777 0.42723417 0.31072658 0.29584736 0.2886304 0.278083 0.4449881 0.33030125 0.2991257 0.267481 0.27325737 0.316829 0.30882585 0.24297279 0.29507202 0.24088961 0.29958785 0.2746494 0.36015028 0.29073757 0.32235262 0.28137645 0.363352 0.2602371 0.32587436 0.29175624 0.295696 0.25418067 0.42703158 0.38543892 0.3342273 0.32421434 0.3515552 0.28783035 0.40259862 0.30296844 0.27966663 0.31881955 0.543765 0.3214648 0.23945197 0.27061024 0.2437519 0.21928956 0.37802342 0.28604266 0.36741543 0.34224498 0.2934362 0.30789918 0.36028817 0.6715967 0.28028286 0.3718844 0.3118798 0.33523276 0.44515884 0.26378235 0.27661017 0.3229429 0.25227776 0.29949507 0.34705654 0.29983872 0.33973885 0.2826139 0.3135922 0.2647002 0.1600507 0.28045484 0.24400274 0.4239396 0.2969627 0.45556214 0.26060262 0.28554308 0.21486636 0.29401097 0.31316778 0.1567179 0.19536655 0.186154 0.16804184 0.17791699 0.19055241 0.12545556 0.28425854 0.2667535 0.18392299 0.17277716 0.26582128 0.39630702 0.20311171 0.19761641 0.31094489 0.42760473 0.18495718 0.27717388 0.30380398 0.22221783 0.55857116 0.26854995 0.20017962 0.23633894 0.18366373 0.1416612 0.19549568 0.33921996 0.5224275 0.16123289 0.30593356 0.34364054 0.25027817 0.6102807 0.3025487 0.23573086 0.2114963 0.18512551 0.24818918 0.34637517 0.12969577 0.26794183 0.27327925 0.22825955 0.33025715 0.17037536 0.21014644 0.39395404 0.20252223 0.17697452 0.24919276 0.19792931 0.19351974 0.18907537 0.28331095 0.3673686 0.18772162 0.26534122 0.26824626 0.33623695 0.53771704 0.29984674 1.0186868 0.3456731 0.30252707 0.26697448 0.13926415 0.35015672 0.2099318 0.2010319 0.22064306 0.14804225 0.16733852 0.17366533 0.2678161 0.23982392 0.26290187 0.17404835 0.31181547 0.24683885 0.3710054 0.18730114 0.19003299 0.2692578 0.23453332 0.45183304 0.29731625 0.32937205 0.15382847 0.2090207 0.32834083 0.20297393 0.32966003 0.155125 0.1408645 0.16571505 0.64146775 0.29228708 0.26680264 0.34719792 0.22672415 0.42266622 0.19935094 0.27493358 0.20297138 0.33983374 0.13486642 0.18662494 0.24664551 0.37611148 0.23192206 0.1818084 0.18821093 1.0148028 0.49523738 0.5297443 0.3270771 0.23869073 0.15104574 0.13661717 0.28986856 0.41317984 0.20746654 0.23237553 0.19287935 0.13930704 0.1796561 0.15381998 0.35782307 0.25786963 0.20085225 0.20317334 0.26871112 0.3456253 0.34380418 0.22620693 0.2803676 0.32540697 0.15957408 0.28179613 0.20226634 0.14151233 0.13967085 0.24488036 0.361369 0.22206774 0.23239933 0.5194846 0.36794218 0.2480004 0.1559464 0.23721774 0.12379598 0.16966808 0.35312715 0.38780624 0.15694398 0.33006945 0.15951625 0.14169036 0.13943139 0.3259391 0.18375711 0.16043869 0.15440448 0.2300334 0.24833912 0.18649119 0.2568752 0.18025044 0.5982545 0.16384211 0.23061721 0.251942 0.3187974 0.6044171 0.2316396 0.24192704 0.35336235 0.3569538 0.19453982 0.27223733 0.72909373 0.20084153 0.22962973 0.22228728 0.20781305 0.3106338 0.22033414 0.1766187 0.2779302 0.19327846 0.31259343 0.25283968 0.18478514 0.20421344 0.37290448 0.33980963 0.15759702 0.20500803 0.16458988 0.2733726 0.18527062 0.21299765 0.136878 0.2512547 0.2101915 0.23565006 2.1315482 0.20537187 0.21974368 0.16655274 0.25905123 0.21217772 0.36884448 0.37553975 0.30521032 0.22848946 0.2178588 0.25270608 0.3456132 0.23024184 0.1518653 0.1667877 0.34739643 0.3850216 0.17532723 0.29469883 0.23210081 0.26624665 0.14801903 0.15629679 0.44876692 0.37395364 0.33012018 0.17274511 0.18070234 0.25665843 0.2660733 0.19480291 0.22430684 0.53962386 0.19475435 0.1662871 0.17746028 0.25654018 0.1433529 0.28180552 0.21428806 0.29028466 0.18331935 0.18048464 0.3992622 0.2991173,0.0021419919 0.0030652522 0.0023749855 0.0026148653 0.0028475157 0.0030911956 0.0022829985 0.0023157964 0.0031020793 0.0026332845 0.0025391572 0.0024211495 0.0034398912 0.0019990543 0.003410042 0.0029410203 0.001962489 0.0020340867 0.0025402769 0.0018565984 0.0019619726 0.0023884126 0.0024640574 0.0021348833 0.002091983 0.0029461326 0.0039825668 0.0025876036 0.0024142484 0.0035228506 0.002189929 0.003354832 0.0021430738 0.004486712 0.0023887493 0.00201163 0.0026202057 0.0015462004 0.0024596022 0.0027694064 0.002572399 0.0018908497 0.0029320426 0.002624297 0.002248811 0.003984856 0.0020366102 0.0027737382 0.0023992897 0.002662673 0.002189833 0.0019641933 0.002161395 0.0026270684 0.0031702402 0.002376042 0.0020121422 0.002079019 0.0025793994 0.0030511832 0.0021880493 0.0016659173 0.002082182 0.0027975473 0.0024052814 0.0023631584 0.0023119156 0.0026304347 0.0026450926 0.0026420467 0.0022727684 0.0045278077 0.002203735 0.0022550195 0.0027830647 0.0022078068 0.0021574476 0.0035215423 0.0020090202 0.00027365363 0.002715011 0.0024602285 0.0022250598 0.002074303 0.0024900902 0.002003065 0.0016535482 0.0062069613 0.002116234 0.0020650513 0.0017414842 0.002092824 0.0045225075 0.0034168614 0.0022016137 0.0028370155 0.0024274483 0.0026720262 0.0025595801 0.002480275 0.0025764785 0.0028934004 0.0025400883 0.0020303892 0.0016099866 0.0020012301 0.0020738337 0.0025371849 0.002131839 0.0036357935 0.0025303608 0.002197793 0.0025394068 0.0022640042 0.002356906 0.0034618147 0.0027186181 0.0023628164 0.0022678685 0.003141898 0.005270792 0.0036967406 0.0068688984 0.0039146654 0.002621192 0.0022058203 0.0024166 0.002836977 0.0029367907 0.0030807825 0.0022285725 0.002754103 0.0020246354 0.0024833435 0.0023584028 0.0025631648 0.0027707785 0.001933088 0.0033490276 0.0026705961 0.0028115313 0.002331874 0.0024546073 0.0077332957 0.0016380692 0.0032724182 0.002745348 0.0029250758 0.0025706375 0.0025268414 0.0019977356 0.0023889474 0.002358336 0.002015631 0.002639923 0.0027223153 0.0039702305 0.0024639107 0.0025695793 0.0023546373 0.0026129596 0.0019309891 0.00216457 0.0026077856 0.0030053707 0.0024383075 0.0030208419 0.0020111632 0.0022973588 0.0031258655 0.0022567448 0.0021557168 0.002885484 0.0020979552 0.002504922 0.0036437744 0.0026621583 0.0022139587 0.003392896 0.0033640487 0.002446666 0.0023295067 0.0022726802 0.00218963 0.0035038432 0.0026007972 0.0023553204 0.0021061497 0.002151633 0.0024947166 0.0024316995 0.0019131716 0.0023234016 0.0018967686 0.0023589595 0.0021625939 0.002835829 0.0022892721 0.0025382095 0.0022155626 0.0028610395 0.002049111 0.00256594 0.0022972932 0.0023283148 0.0020014227 0.0033624533 0.003034952 0.002631711 0.0025528688 0.0027681512 0.0022663807 0.003170068 0.0023855784 0.0022020994 0.0025103902 0.0042816144 0.002531219 0.0018854486 0.0021307892 0.0019193062 0.0017266894 0.0029765624 0.0022523045 0.0028930348 0.0026948424 0.0023105212 0.0024244029 0.0028369147 0.005288163 0.0022069516 0.0029282237 0.0024557465 0.002639628 0.0035051878 0.0020770263 0.0021780329 0.0025428575 0.001986439 0.002358229 0.0027327286 0.0023609349 0.002675109 0.0022253064 0.00246923 0.0020842536 0.0012602417 0.0022083058 0.0019212815 0.003338107 0.002338289 0.0035871034 0.002051989 0.0022483708 0.0016918611 0.002315047 0.002465888 0.0012339992 0.0015383193 0.0014657795 0.0013231641 0.0014009211 0.0015004127 0.0009878391 0.0022382562 0.002100421 0.0014482125 0.00136045 0.002093081 0.0031205278 0.0015993048 0.0015560348 0.0024483849 0.0033669665 0.0014563557 0.0021824716 0.0023921572 0.0017497467 0.0043981983 0.0021145665 0.0015762175 0.0018609365 0.0014461711 0.0011154425 0.001539336 0.0026710234 0.0041136025 0.0012695503 0.0024089257 0.002705831 0.0019706944 0.00480536 0.0023822733 0.0018561485 0.0016653251 0.0014576812 0.0019542456 0.0027273635 0.0010212265 0.002109778 0.0021518052 0.0017973193 0.00260045 0.0013415383 0.0016546964 0.0031020003 0.0015946632 0.0013935001 0.0019621477 0.0015584985 0.0015237775 0.0014887823 0.0022307949 0.0028926663 0.001478123 0.002089301 0.0021121753 0.0026475352 0.0042339927 0.002360998 0.008021155 0.0027218356 0.002382103 0.0021021613 0.0010965681 0.0027571395 0.0016530063 0.0015829284 0.0017373469 0.001165687 0.0013176261 0.0013674436 0.0021087881 0.0018883774 0.0020700935 0.0013704594 0.0024552399 0.001943613 0.0029213023 0.0014748122 0.0014963228 0.0021201402 0.0018467191 0.0035577405 0.0023410728 0.0025934807 0.0012112478 0.0016458323 0.0025853608 0.00159822 0.0025957483 0.0012214568 0.0011091693 0.001304843 0.005050927 0.0023014732 0.002100808 0.002733842 0.0017852295 0.0033280805 0.0015696924 0.0021648314 0.0015981998 0.0026758562 0.0010619403 0.0014694878 0.0019420906 0.0029615078 0.0018261579 0.0014315622 0.0014819759 0.0079905735 0.003899507 0.004171215 0.00257541 0.0018794546 0.0011893365 0.0010757258 0.0022824297 0.0032533845 0.0016335949 0.0018297286 0.0015187351 0.0010969058 0.001414615 0.0012111809 0.0028175046 0.0020304695 0.0015815138 0.0015997901 0.0021158357 0.0027214591 0.0027071196 0.0017811569 0.002207619 0.0025622596 0.0012564888 0.0022188672 0.0015926483 0.0011142703 0.0010997704 0.0019281919 0.0028454254 0.0017485649 0.001829916 0.0040904297 0.0028971825 0.001952759 0.0012279245 0.0018678562 0.0009747715 0.0013359691 0.0027805287 0.0030535925 0.0012357794 0.002598972 0.0012560334 0.001115672 0.001097885 0.0025664496 0.0014469064 0.0012632967 0.0012157833 0.0018112866 0.001955426 0.0014684346 0.0020226394 0.0014192947 0.0047106654 0.0012900954 0.0018158836 0.0019837953 0.0025102159 0.0047591897 0.0018239338 0.0019049373 0.0027823807 0.0028106598 0.0015318096 0.002143601 0.0057408954 0.0015814294 0.0018081081 0.0017502935 0.0016363233 0.0024459355 0.0017349145 0.0013906984 0.0021884267 0.0015218776 0.0024613657 0.0019908636 0.0014550011 0.0016079799 0.0029362557 0.0026756662 0.0012409214 0.0016142365 0.0012959833 0.00215254 0.0014588238 0.0016771468 0.0010777796 0.0019783836 0.0016550513 0.0018555123 0.016783845 0.0016171014 0.0017302652 0.0013114389 0.0020397734 0.0016706907 0.0029042873 0.002957006 0.0024032309 0.0017991296 0.0017154237 0.0019898117 0.002721364 0.0018129279 0.0011957898 0.0013132889 0.002735405 0.0030316662 0.0013805294 0.0023204633 0.0018275655 0.0020964304 0.0011655042 0.0012306834 0.0035335978 0.002944517 0.0025993714 0.0013601977 0.0014228531 0.0020209325 0.0020950653 0.0015338812 0.0017661955 0.004249007 0.0015334988 0.0013093472 0.0013973251 0.0020200014 0.001128763 0.002218941 0.0016873075 0.002285706 0.0014434594 0.0014211389 0.0031437967 0.0023552543,
279,512,,,0.0056379763 0.0056379763 0.0056379763 0.0056379763 0.0056379763 0.0056379763 0.0056379763 0.0056379763 0.0056379763 0.0056379763 0.0056379763 0.0056379763 0.0056379763 0.0056379763 0.0056379763 0.0056379763 0.0056379763 0.0056379763 0.0056379763 0.0056379763 0.0056379763 0.0056379763 0.0056379763 0.0056379763 0.0056379763 0.0056379763 0.0056379763 0.0056379763 0.0056379763 0.0056379763 0.0056379763 0.0056379763 0.0056379763 0.0056379763 0.0056379763 0.0056379763 0.0056379763 0.0056379763 0.0056379763 0.0056379763 0.0056379763 0.0056379763 0.0056379763 0.0056379763 0.0056379763 0.0056379763 0.0056379763 0.0056379763 0.0056379763 0.0056379763 0.0056379763 0.0056379763 0.0056379763 0.0056379763 0.0056379763 0.0056379763 0.0056379763 0.0056379763 0.0056379763 0.0056379763 0.0056379763 0.0056379763 0.0056379763 0.0056379763 0.0056379763 0.0056379763 0.0056379763 0.0056379763 0.0056379763 0.0056379763 0.0056379763 0.0056379763 0.0056379763 0.0056379763 0.0056379763 0.0056379763 0.0056379763 0.0056379763 0.0056379763 0.0056379763 0.0056379763 0.0056379763 0.0056379763 0.0056379763 0.0056379763 0.0056379763 0.0056379763 0.0056379763 0.0056379763 0.0056379763 0.0056379763 0.0056379763 0.0056379763 0.0056379763 0.0056379763 0.0056379763 0.0056379763 0.0056379763 0.0056379763 0.0056379763 0.0056379763 0.0056379763 0.0056379763 0.0056379763 0.0056379763 0.0056379763 0.0056379763 0.0056379763 0.0056379763 0.0056379763 0.0056379763 0.0056379763 0.0056379763 0.0056379763 0.0056379763 0.0056379763 0.0056379763 0.0056379763 0.0056379763 0.0056379763 0.0056379763 0.0056379763 0.0056379763 0.0056379763 0.0056379763 0.0056379763 0.0056379763 0.0056379763 0.0056379763 0.0056379763 0.0056379763 0.0056379763 0.0056379763 0.0056379763 0.0056379763 0.0056379763 0.0056379763 0.0056379763 0.0056379763 0.0056379763 0.0056379763 0.0056379763 0.0056379763 0.0056379763 0.0056379763 0.0056379763 0.0056379763 0.0056379763 0.0056379763 0.0056379763 0.0056379763 0.0056379763 0.0056379763 0.0056379763 0.0056379763 0.0056379763 0.0056379763 0.0056379763 0.0056379763 0.0056379763 0.0056379763 0.0056379763 0.0056379763 0.0056379763 0.0056379763 0.0056379763 0.0056379763 0.0056379763 0.0056379763 0.0056379763 0.0056379763 0.0056379763 0.0056379763 0.0056379763 0.0056379763 0.0056379763 0.0056379763 0.0056379763 0.0056379763 0.0056379763 0.0056379763 0.0056379763 0.0056379763 0.0056379763 0.0056379763 0.0056379763 0.0056379763 0.0056379763 0.0056379763 0.0056379763 0.0056379763 0.0056379763 0.0056379763 0.0056379763 0.0056379763 0.0056379763 0.0056379763 0.0056379763 0.0056379763 0.0056379763 0.0056379763 0.0056379763 0.0056379763 0.0056379763 0.0056379763 0.0056379763 0.0056379763 0.0056379763 0.0056379763 0.0056379763 0.0056379763 0.0056379763 0.0056379763 0.0056379763 0.0056379763 0.0056379763 0.0056379763 0.0056379763 0.0056379763 0.0056379763 0.0056379763 0.0056379763 0.0056379763 0.0056379763 0.0056379763 0.0056379763 0.0056379763 0.0056379763 0.0056379763 0.0056379763 0.0056379763 0.0056379763 0.0056379763 0.0056379763 0.0056379763 0.0056379763 0.0056379763 0.0056379763 0.0056379763 0.0056379763 0.0056379763 0.0056379763 0.0056379763 0.0056379763 0.0056379763 0.0056379763 0.0056379763 0.0056379763 0.0056379763 0.0056379763 0.0056379763 0.0056379763 0.0056379763 0.0056379763 0.0056379763 0.0056379763 0.0056379763 0.0056379763 0.0056379763 0.0056379763 0.0056379763 0.0056379763 0.0056379763 0.0056379763 0.0056379763 0.0056379763 0.0056379763 0.0056379763 0.0056379763 0.0056379763 0.0056379763 0.0056379763 0.0056379763 0.0056379763 0.0056379763 0.0056379763 0.0056379763 0.0056379763 0.0056379763 0.0056379763 0.0056379763 0.0056379763 0.0056379763 0.0056379763 0.0056379763 0.0056379763 0.0056379763 0.0056379763 0.0056379763 0.0056379763 0.0056379763 0.0056379763 0.0056379763 0.0056379763 0.0056379763 0.0056379763 0.0056379763 0.0056379763 0.0056379763 0.0056379763 0.0056379763 0.0056379763 0.0056379763 0.0056379763 0.0056379763 0.0056379763 0.0056379763 0.0056379763 0.0056379763 0.0056379763 0.0056379763 0.0056379763 0.0056379763 0.0056379763 0.0056379763 0.0056379763 0.0056379763 0.0056379763 0.0056379763 0.0056379763 0.0056379763 0.0056379763 0.0056379763 0.0056379763 0.0056379763 0.0056379763 0.0056379763 0.0056379763 0.0056379763 0.0056379763 0.0056379763 0.0056379763 0.0056379763 0.0056379763 0.0056379763 0.0056379763 0.0056379763 0.0056379763 0.0056379763 0.0056379763 0.0056379763 0.0056379763 0.0056379763 0.0056379763 0.0056379763 0.0056379763 0.0056379763 0.0056379763 0.0056379763 0.0056379763 0.0056379763 0.0056379763 0.0056379763 0.0056379763 0.0056379763 0.0056379763 0.0056379763 0.0056379763 0.0056379763 0.0056379763 0.0056379763 0.0056379763 0.0056379763 0.0056379763 0.0056379763 0.0056379763 0.0056379763 0.0056379763 0.0056379763 0.0056379763 0.0056379763 0.0056379763 0.0056379763 0.0056379763 0.0056379763 0.0056379763 0.0056379763 0.0056379763 0.0056379763 0.0056379763 0.0056379763 0.0056379763 0.0056379763 0.0056379763 0.0056379763 0.0056379763 0.0056379763 0.0056379763 0.0056379763 0.0056379763 0.0056379763 0.0056379763 0.0056379763 0.0056379763 0.0056379763 0.0056379763 0.0056379763 0.0056379763 0.0056379763 0.0056379763 0.0056379763 0.0056379763 0.0056379763 0.0056379763 0.0056379763 0.0056379763 0.0056379763 0.0056379763 0.0056379763 0.0056379763 0.0056379763 0.0056379763 0.0056379763 0.0056379763 0.0056379763 0.0056379763 0.0056379763 0.0056379763 0.0056379763 0.0056379763 0.0056379763 0.0056379763 0.0056379763 0.0056379763 0.0056379763 0.0056379763 0.0056379763 0.0056379763 0.0056379763 0.0056379763 0.0056379763 0.0056379763 0.0056379763 0.0056379763 0.0056379763 0.0056379763 0.0056379763 0.0056379763 0.0056379763 0.0056379763 0.0056379763 0.0056379763 0.0056379763 0.0056379763 0.0056379763 0.0056379763 0.0056379763 0.0056379763 0.0056379763 0.0056379763 0.0056379763 0.0056379763 0.0056379763 0.0056379763 0.0056379763 0.0056379763 0.0056379763 0.0056379763 0.0056379763 0.0056379763 0.0056379763 0.0056379763 0.0056379763 0.0056379763 0.0056379763 0.0056379763 0.0056379763 0.0056379763 0.0056379763 0.0056379763 0.0056379763 0.0056379763 0.0056379763 0.0056379763 0.0056379763 0.0056379763 0.0056379763 0.0056379763 0.0056379763 0.0056379763 0.0056379763 0.0056379763 0.0056379763 0.0056379763 0.0056379763 0.0056379763 0.0056379763 0.0056379763 0.0056379763 0.0056379763 0.0056379763 0.0056379763 0.0056379763 0.0056379763 0.0056379763 0.0056379763 0.0056379763 0.0056379763 0.0056379763 0.0056379763 0.0056379763 0.0056379763 0.0056379763 0.0056379763 0.0056379763 0.0056379763 0.0056379763 0.0056379763 0.0056379763 0.0056379763 0.0056379763 0.0056379763,12 12 12 12 12 12 12 12 12 12 12 12 12 12 12 12 12 12 12 13 12 12 12 12 12 12 11 12 12 12 12 12 12 11 12 12 12 13 12 12 12 13 12 12 12 11 12 12 12 12 12 12 12 12 12 12 12 12 12 12 12 13 12 12 12 12 12 12 12 12 12 11 12 12 12 12 12 12 12 15 12 12 12 12 12 12 13 11 12 12 13 12 11 12 12 12 12 12 12 12 12 12 12 12 13 12 12 12 12 12 12 12 12 12 12 12 12 12 12 12 11 12 11 11 12 12 12 12 12 12 12 12 12 12 12 12 12 13 12 12 12 12 12 11 13 12 12 12 12 12 12 12 12 12 12 12 11 12 12 12 12 13 12 12 12 12 12 12 12 12 12 12 12 12 12 12 12 12 12 12 12 12 12 12 12 12 12 12 12 12 12 13 12 13 12 12 12 12 12 12 12 12 12 12 12 12 12 12 12 12 12 12 12 12 12 12 11 12 13 12 13 13 12 12 12 12 12 12 12 11 12 12 12 12 12 12 12 12 12 12 12 12 12 12 12 12 13 12 13 12 12 12 12 12 13 12 12 13 13 13 13 13 13 13 12 12 13 13 12 12 13 13 12 12 13 12 12 13 11 12 13 13 13 13 13 12 11 13 12 12 12 11 12 13 13 13 12 12 13 12 12 13 12 13 13 12 13 13 12 13 13 13 12 12 13 12 12 12 11 12 10 12 12 12 13 12 13 13 13 13 13 13 12 13 12 13 12 13 12 13 13 12 13 12 12 12 13 13 12 13 12 13 13 13 11 12 12 12 13 12 13 12 13 12 13 13 13 12 13 13 13 10 11 11 12 13 13 13 12 12 13 13 13 13 13 13 12 12 13 13 12 12 12 13 12 12 13 12 13 13 13 13 12 13 13 11 12 12 13 13 13 13 12 12 13 12 13 13 13 12 13 13 13 13 12 13 12 13 11 13 13 12 12 11 13 13 12 12 13 12 11 13 13 13 13 12 13 13 12 13 12 12 13 13 12 12 13 13 13 12 13 13 13 12 13 13 9 13 13 13 12 13 12 12 12 13 13 12 12 13 13 13 12 12 13 12 13 12 13 13 12 12 12 13 13 12 12 13 13 11 13 13 13 12 13 12 13 12 13 13 12 12
287,1x1x256x512,0.20793891 0.31065732 0.13310826 0.14543703 0.27916023 0.34322438 0.3419438 0.20383684 0.3963264 0.32164475 0.36943802 0.18627499 0.26050636 0.19860058 0.24500102 0.191464 0.21437387 0.2817601 0.15709129 0.23411761 0.18864429 0.26536652 0.20458026 0.27888843 0.21997553 0.22132826 0.07230173 0.17815614 0.21988626 0.20674077 0.45132086 0.3026851 0.20747164 0.3067125 0.24218112 0.35720935 0.275364 0.3610604 0.32204083 0.334757 0.58193094 0.43954495 0.4413523 0.254938 0.3325052 0.28305882 0.29183325 0.3537479 0.260383 0.35104075 0.27287474 0.279199 0.20333928 0.41800252 0.38119322 0.3065317 0.32065478 0.3655716 0.5597813 0.2746644 0.30907026 0.21536271 0.28534913 0.30829543 0.5205128 0.5426696 0.2172905 0.5147766 0.711965 0.47710553 0.5597912 0.60765314 0.45241737 0.65446335 0.6292716 0.5755486 0.46813065 0.6573102 0.6669432 0.5220945 0.51974297 0.5836857 0.49109787 0.37641197 0.6132714 0.46469727 0.4961532 0.6934233 0.7033953 0.564603 0.4814436 0.42864355 0.49222863 0.35470778 0.56688434 0.3369778 0.6240713 0.9161026 0.58515704 0.44916707 0.5254978 0.7040519 0.5823892 0.5852878 0.6724214 0.42184222 0.45466596 0.45229524 0.6083812 0.54792565 0.8649214 0.40529552 0.27428988 0.54479927 0.54765296 0.78711075 0.3993849 0.46824318 0.546603 0.641173 0.6293401 0.57202286 0.53449297 0.83923 0.5216366 0.40328157 0.43687567 0.5218089 0.36489627 0.27435684 0.29681864 0.5121351 0.38447982 0.3115748 0.2140644 0.2506604 0.30626515 0.28561997 0.34721303 0.35389492 0.19170631 0.2704474 0.41196764 0.31705362 0.24197918 0.26824936 0.36243635 0.0826357 0.33498934 0.26352075 0.4368264 0.23043089 0.2978812 0.30023417 0.2807837 0.2717172 0.31359166 0.31053826 0.2552732 0.34084943 0.33207965 0.34609076 0.22134952 0.5462889 0.2962844 0.46781626 0.31849244 0.26508906 0.39066043 0.28576255 0.4026716 0.44197384 0.2520043 0.31857955 0.40006304 0.32775718 0.33967748 0.27791247 0.28185427 0.66930497 0.22723214 0.22483477 0.37392482 0.2432713 0.29081613 0.319972 0.21998613 0.26151502 0.29683143 0.28966388 0.2827325 0.36362317 0.32863745 0.24338524 0.3284755 0.29267076 0.2499277 0.15199095 0.2567508 0.4024206 0.30394438 0.4031898 0.1718561 0.28429818 0.27255535 0.53427154 0.24108745 0.31052586 0.25539157 0.3395207 0.2757847 0.39042202 0.09655025 0.38048753 0.53828746 0.30396205 0.3942064 0.36958584 0.17934957 0.074013524 0.30609846 0.17104545 0.43927974 0.35090292 0.33274803 0.4782179 0.10515851 0.18333468 0.23232274 0.35768625 0.19395085 0.043679334 0.1590331 0.44926578 0.81958985 0.18730779 0.22713637 0.44943503 0.11798766 0.09743214 0.33206022 0.37604973 0.28199288 0.3315257 0.2761362 0.22345713 0.24416082 0.32996085 0.32365778 0.16276309 0.28237733 0.3388396 0.21014717 0.25082186 0.26849857 0.33561385 0.15915696 0.18226187 0.18270065 0.1687265 0.13525702 0.10285399 0.14776134 0.15247163 0.2624292 0.31496128 0.172587 0.30082062 0.1869285 0.2266357 0.22800067 0.11608741 0.1569583 0.15788284 0.007130349 0.23421751 0.14215258 0.1970748 0.20966804 0.2676718 0.20731278 0.13866784 0.15002643 0.2248963 0.13505898 0.14060369 0.22228076 0.18999018 0.1876341 0.28449786 0.21859446 0.2892272 0.16362537 0.30796772 0.14971548 0.17995153 0.4185432 0.3545583 0.18663758 0.33835065 0.15989502 0.27436942 0.28433806 0.15793522 0.18359946 0.20837817 0.42845106 0.23877291 0.32518288 0.19953717 0.18723811 0.17212754 0.2410892 0.172395 0.22719237 0.23607188 0.18931493 0.19972016 0.23563424 0.259065 0.29702282 0.2580885 0.38205227 0.20861821 0.14222638 0.30238205 0.33869943 0.23804589 0.49394548 0.31878546 0.2125278 0.21475063 0.33048257 0.19801675 0.66286874 0.47960964 0.14616881 0.16587149 0.3933737 0.35764846 0.11454644 0.34890783 0.13935009 0.28673798 0.2264612 0.06004992 0.0551567 0.23102242 0.2504076 0.10553206 0.4096233 0.08527573 0.5563747 0.20815626 0.28965247 0.1906975 0.16652663 0.15248613 0.24874657 0.07604058 0.21232921 0.6839501 0.18654485 0.46074578 0.08461715 0.448724 0.23938106 0.21797498 0.25838977 0.23963812 0.5165284 0.35795027 0.25957617 0.07307908 0.393593 0.29842517 0.2124963 0.8324273 0.24459447 0.47038522 0.06441668 0.89420015 0.5868546 0.22144099 0.30384114 0.27559048 0.25665754 0.36344454 0.25699407 0.32441172 0.23375577 0.2627235 0.35677624 0.25471056 0.2645247 0.40751904 0.36345863 0.5157502 0.42633468 0.43135685 0.2946522 0.3994161 0.2298398 0.12460743 0.39815632 0.48406988 0.48345792 0.38510987 0.27536893 0.24088855 0.28165406 0.41643998 0.27582094 0.34547216 0.2567675 0.37716764 0.25115076 0.36091924 0.2474454 0.30619884 0.29348952 0.32196224 0.36741403 0.28785285 0.37969887 0.22785646 0.3672919 0.28738603 0.41740084 0.40708223 0.3679268 0.4009359 0.40594387 0.26423103 0.22547399 0.40379763 0.31441328 0.33538067 0.37909952 0.3015864 0.25966114 0.2108619 0.3196891 0.347616 0.26509348 0.3348314 0.33096442 0.22765806 0.41419473 0.38873255 0.44253123 0.47142655 0.4732388 0.5013645 0.4145021 0.3566181 0.4377391 0.4302442 0.3972404 0.41618732 0.46045828 0.40559003 0.5335676 0.35813722 0.3191559 0.37373903 0.3699012 0.3861004 0.57023287 0.68183154 0.5792716 0.40457663 0.39069557 0.45840725 0.32219344 0.46349654 0.3193762 0.46312293 0.48481804 0.49503493 0.41945606 0.51401573 0.36122578 0.3204995 0.38106203 0.3070073 0.5042512 0.4685713 0.41679648 0.5416541 0.38514602 0.36918378 0.48500687 0.2773566 0.3839598 0.5095913 0.32205668 0.47386372 0.3199704 0.74374133 0.3719558 0.34562537 0.3201931 0.42488772 0.31332654 0.37349132 0.38232008 0.50050336 0.4901084 0.49905977 0.65912485 0.39853644,0.20791353 0.3106194 0.13309202 0.14541928 0.27912617 0.3431825 0.34190205 0.20381196 0.39627802 0.3216055 0.36939293 0.18625227 0.26047456 0.19857635 0.24497113 0.19144064 0.21434772 0.2817257 0.15707213 0.23408903 0.18862127 0.26533416 0.2045553 0.2788544 0.2199487 0.22130126 0.0722929 0.1781344 0.21985942 0.20671554 0.45126578 0.30264816 0.20744632 0.30667508 0.24215156 0.35716575 0.27533042 0.36101636 0.32200152 0.33471614 0.58185995 0.4394913 0.44129843 0.2549069 0.33246464 0.28302428 0.29179764 0.35370475 0.2603512 0.35099792 0.27284142 0.2791649 0.20331445 0.41795152 0.3811467 0.3064943 0.32061565 0.36552697 0.559713 0.27463087 0.30903256 0.21533643 0.28531432 0.3082578 0.5204493 0.5426034 0.217264 0.51471376 0.7118782 0.47704732 0.5597229 0.607579 0.45236218 0.6543835 0.6291948 0.5754783 0.46807352 0.65722996 0.66686183 0.5220308 0.51967955 0.58361447 0.49103794 0.37636602 0.6131966 0.46464056 0.49609268 0.69333863 0.7033095 0.56453407 0.48138487 0.42859122 0.49216858 0.3546645 0.5668152 0.33693668 0.6239951 0.9159908 0.58508563 0.44911224 0.52543366 0.703966 0.58231807 0.58521634 0.6723393 0.42179072 0.45461047 0.45224005 0.608307 0.5478588 0.86481583 0.40524608 0.2742564 0.54473275 0.5475861 0.7870147 0.39933613 0.46818602 0.5465363 0.64109474 0.62926334 0.57195306 0.5344277 0.83912754 0.52157295 0.40323234 0.43682235 0.5217452 0.3648517 0.27432334 0.2967824 0.5120726 0.38443288 0.31153676 0.21403828 0.25062978 0.30622777 0.28558514 0.34717065 0.35385174 0.19168292 0.27041438 0.41191736 0.3170149 0.24194965 0.2682166 0.36239213 0.08262562 0.33494845 0.2634886 0.4367731 0.23040277 0.29784483 0.3001975 0.28074944 0.27168405 0.3135534 0.31050038 0.25524202 0.34080783 0.33203912 0.34604853 0.2213225 0.54622227 0.29624823 0.4677592 0.31845358 0.26505673 0.39061275 0.28572768 0.40262246 0.4419199 0.25197354 0.3185407 0.4000142 0.32771719 0.33963603 0.27787855 0.28181988 0.66922325 0.22720441 0.22480732 0.3738792 0.24324161 0.29078063 0.31993294 0.21995929 0.2614831 0.29679522 0.28962854 0.28269798 0.3635788 0.32859734 0.24335553 0.32843542 0.29263502 0.2498972 0.1519724 0.25671944 0.4023715 0.3039073 0.4031406 0.17183514 0.2842635 0.2725221 0.53420633 0.24105804 0.310488 0.2553604 0.33947924 0.27575102 0.39037436 0.09653846 0.3804411 0.5382218 0.30392498 0.39415827 0.36954072 0.17932768 0.074004486 0.3060611 0.17102458 0.43922612 0.3508601 0.33270743 0.47815952 0.10514567 0.18331231 0.2322944 0.35764262 0.19392717 0.043674003 0.15901369 0.44921097 0.81948984 0.18728493 0.22710866 0.44938016 0.11797327 0.097420245 0.3320197 0.37600383 0.28195846 0.33148527 0.27610248 0.22342986 0.24413103 0.3299206 0.32361826 0.16274323 0.28234285 0.33879825 0.21012153 0.25079125 0.26846582 0.33557287 0.15913753 0.18223964 0.18267834 0.16870591 0.13524051 0.102841444 0.14774331 0.15245304 0.2623972 0.31492284 0.17256594 0.3007839 0.18690568 0.22660804 0.22797284 0.11607324 0.15693913 0.15786357 0.007129479 0.23418893 0.14213523 0.19705075 0.20964245 0.26763913 0.20728748 0.13865092 0.15000813 0.22486885 0.1350425 0.14058654 0.22225362 0.18996699 0.1876112 0.28446314 0.21856777 0.28919187 0.1636054 0.30793014 0.14969721 0.17992957 0.4184921 0.35451502 0.18661481 0.33830938 0.15987551 0.27433595 0.28430334 0.15791593 0.18357706 0.20835274 0.4283988 0.23874378 0.32514322 0.19951282 0.18721525 0.17210655 0.24105978 0.17237397 0.22716466 0.23604307 0.18929182 0.1996958 0.23560548 0.25903338 0.29698655 0.258057 0.38200566 0.20859276 0.14220902 0.30234513 0.3386581 0.23801684 0.49388522 0.31874654 0.21250187 0.21472442 0.33044222 0.19799258 0.66278785 0.4795511 0.14615098 0.16585124 0.3933257 0.35760483 0.114532456 0.34886524 0.13933307 0.286703 0.22643358 0.060042594 0.05514997 0.23099422 0.25037703 0.10551918 0.4095733 0.08526532 0.55630684 0.20813085 0.28961712 0.19067423 0.1665063 0.15246752 0.24871622 0.076031305 0.2123033 0.6838666 0.18652208 0.46068954 0.08460683 0.44866925 0.23935185 0.21794838 0.25835824 0.23960888 0.5164654 0.35790658 0.2595445 0.07307016 0.39354497 0.29838875 0.21247035 0.8323257 0.24456462 0.47032782 0.06440882 0.894091 0.586783 0.22141397 0.30380407 0.27555686 0.25662622 0.36340016 0.2569627 0.3243721 0.23372723 0.26269144 0.3567327 0.25467947 0.26449242 0.4074693 0.36341426 0.5156873 0.42628264 0.4313042 0.29461625 0.39936736 0.22981174 0.12459222 0.3981077 0.4840108 0.4833989 0.38506287 0.27533534 0.24085915 0.28161967 0.41638914 0.27578726 0.34543002 0.25673616 0.37712163 0.2511201 0.3608752 0.24741521 0.30616146 0.2934537 0.32192293 0.3673692 0.28781772 0.37965253 0.22782865 0.36724707 0.28735095 0.41734987 0.40703255 0.36788192 0.40088695 0.4058943 0.26419878 0.22544648 0.40374836 0.31437492 0.33533973 0.37905324 0.30154958 0.25962943 0.21083617 0.31965008 0.34757355 0.26506114 0.33479053 0.330924 0.22763029 0.4141442 0.3886851 0.44247723 0.471369 0.47318104 0.5013034 0.4144515 0.35657457 0.4376857 0.4301917 0.39719194 0.4161365 0.4604021 0.40554053 0.53350246 0.35809353 0.31911695 0.3736934 0.3698561 0.3860533 0.5701633 0.68174833 0.5792009 0.40452728 0.3906479 0.4583513 0.3221541 0.46343997 0.31933722 0.4630664 0.48475885 0.49497452 0.4194049 0.513953 0.3611817 0.32046038 0.3810155 0.30696985 0.5041896 0.4685141 0.4167456 0.541588 0.38509902 0.36913872 0.48494768 0.27732274 0.38391292 0.50952905 0.32201737 0.47380587 0.31993133 0.74365056 0.37191042 0.34558317 0.32015404 0.42483586 0.3132883 0.37344572 0.38227344 0.50044227 0.4900486 0.49899888 0.65904444 0.3984878,0.0016371144 0.002445822 0.0010479686 0.0011450337 0.0021978437 0.0027022245 0.002692142 0.0016048186 0.0031202994 0.0025323268 0.0029086058 0.0014665533 0.0020509807 0.0015635933 0.0019289065 0.0015074066 0.0016877773 0.0022183126 0.0012367883 0.0018432207 0.0014852069 0.0020892452 0.0016106716 0.002195704 0.0017318794 0.0017425296 0.0005692354 0.001402633 0.0017311765 0.0016276814 0.0035532739 0.0023830563 0.0016334356 0.0024147644 0.0019067052 0.0028123287 0.0021679562 0.0028426484 0.002535445 0.0026355602 0.0045815744 0.0034605614 0.0034747908 0.0020071408 0.0026178318 0.0022285376 0.0022976191 0.0027850769 0.0020500096 0.0027637633 0.0021483577 0.002198149 0.0016009012 0.0032909568 0.003001155 0.0024133408 0.0025245326 0.002878165 0.004407189 0.002162448 0.0024333273 0.0016955624 0.0022465694 0.0024272266 0.0040980256 0.0042724675 0.0017107402 0.0040528644 0.00560534 0.0037562782 0.004407267 0.0047840867 0.003561907 0.005152626 0.0049542896 0.0045313253 0.0036856183 0.005175039 0.0052508805 0.0041104783 0.004091965 0.0045953896 0.0038664404 0.002963512 0.00482832 0.003658587 0.0039062416 0.0054593594 0.00553787 0.00444515 0.0037904321 0.003374734 0.0038753431 0.0027926338 0.004463112 0.0026530446 0.0049133473 0.007212526 0.0046069734 0.0035363168 0.004137273 0.0055430396 0.004585182 0.0046080025 0.0052940105 0.0033211869 0.00357961 0.0035609452 0.004789819 0.0043138484 0.0068095736 0.003190914 0.0021594993 0.004289234 0.0043117013 0.0061969664 0.003144379 0.0036865042 0.004303436 0.00504799 0.0049548293 0.0045035672 0.004208092 0.0066073034 0.0041068736 0.0031750577 0.003439546 0.00410823 0.0028728482 0.0021600262 0.0023368692 0.004032068 0.0030270305 0.0024530455 0.0016853408 0.0019734628 0.0024112423 0.0022487019 0.002733627 0.0027862343 0.0015093143 0.0021292472 0.0032434438 0.0024961804 0.0019051153 0.0021119418 0.0028534813 0.0006505954 0.0026373893 0.0020747134 0.0034391582 0.0018141951 0.0023452349 0.00236376 0.0022106254 0.0021392445 0.0024689243 0.002444885 0.0020097797 0.0026835261 0.0026144811 0.0027247916 0.0017426969 0.0043009627 0.0023326632 0.0036831433 0.0025075085 0.0020870608 0.003075691 0.0022498243 0.0031702556 0.0034796842 0.0019840435 0.0025081944 0.003149718 0.0025804504 0.0026742995 0.0021880202 0.0022190541 0.0052694743 0.0017890112 0.0017701364 0.0029439307 0.0019152883 0.0022896114 0.002519157 0.0017319629 0.002058922 0.0023369703 0.0022805396 0.0022259683 0.002862825 0.0025873806 0.0019161853 0.0025861056 0.002304213 0.0019676944 0.0011966331 0.0020214128 0.0031682795 0.002392971 0.0031743355 0.0013530325 0.0022382953 0.0021458433 0.004206349 0.0018980948 0.0024447872 0.0020107117 0.0026730648 0.002171268 0.0030738139 0.00076014537 0.0029955993 0.0042379666 0.00239311 0.0031036085 0.0029097695 0.001412029 0.00058271247 0.0024099299 0.0013466502 0.0034584734 0.0027626778 0.0026197436 0.0037650357 0.00082791864 0.001443404 0.0018290897 0.0028160836 0.0015269856 0.00034388978 0.0012520762 0.0035370942 0.006452676 0.0014746845 0.0017882572 0.0035384265 0.0009289234 0.00076708855 0.0026143282 0.00296066 0.0022201454 0.0026101202 0.0021740354 0.0017592902 0.0019222916 0.0025978 0.0025481754 0.0012814427 0.002223172 0.0026677027 0.0016545003 0.0019747342 0.002113904 0.002642306 0.0012530515 0.0014349577 0.0014384121 0.001328393 0.0010648859 0.00080977514 0.0011633332 0.0012004176 0.0020661196 0.0024797074 0.001358787 0.0023683773 0.0014716983 0.0017843152 0.0017950617 0.00091396255 0.0012357412 0.0012430203 5.6137633e-05 0.0018440073 0.0011191751 0.0015515807 0.0016507279 0.0021073946 0.0016321848 0.0010917395 0.0011811664 0.0017706208 0.0010633268 0.0011069806 0.0017500285 0.0014958031 0.0014772536 0.002239867 0.0017210061 0.0022771014 0.0012882316 0.0024246469 0.0011787182 0.0014167683 0.0032952134 0.0027914569 0.0014694079 0.0026638533 0.0012588623 0.0021601256 0.002238609 0.0012434325 0.0014454887 0.0016405728 0.0033732187 0.0018798723 0.0025601827 0.0015709671 0.0014741359 0.0013551697 0.0018981085 0.0013572753 0.001788698 0.0018586068 0.0014904868 0.0015724079 0.0018551613 0.002039633 0.0023384767 0.002031945 0.0030079186 0.0016424627 0.0011197561 0.0023806703 0.0026665991 0.0018741484 0.0038888599 0.0025098152 0.001673243 0.0016907435 0.0026019074 0.0015589966 0.005218802 0.003775993 0.0011507951 0.0013059152 0.0030970527 0.002815786 0.0009018304 0.0027469704 0.0010971108 0.0022575038 0.0017829415 0.00047277633 0.00043425173 0.0018188521 0.0019714728 0.0008308597 0.0032249866 0.0006713805 0.0043803686 0.0016388256 0.0022804497 0.0015013719 0.0013110733 0.0012005316 0.0019583954 0.0005986717 0.0016716796 0.0053847767 0.0014686778 0.0036274767 0.00066619547 0.0035328288 0.0018846602 0.0017161289 0.0020343168 0.0018866841 0.004066657 0.002818162 0.0020436575 0.0005753556 0.0030987794 0.0023495178 0.0016729949 0.006553746 0.0019257057 0.0037033686 0.000507156 0.0070400867 0.0046203383 0.0017434171 0.0023921581 0.002169739 0.002020679 0.0028614185 0.0020233283 0.0025541112 0.0018403719 0.0020684365 0.002808919 0.00200535 0.0020826175 0.0032084198 0.0028615296 0.0040605296 0.0033565562 0.003396096 0.002319813 0.0031446249 0.0018095413 0.0009810411 0.0031347063 0.0038111086 0.0038062907 0.0030319912 0.0021679949 0.0018965288 0.0022174777 0.0032786545 0.0021715532 0.0027199213 0.0020215446 0.0029694617 0.0019773236 0.002841537 0.0019481513 0.00241072 0.002310659 0.0025348263 0.002892671 0.0022662813 0.00298939 0.0017939263 0.0028917093 0.0022626058 0.0032862194 0.0032049806 0.002896708 0.0031565903 0.0031960183 0.0020803052 0.0017751692 0.003179121 0.002475393 0.0026404702 0.0029846712 0.0023744062 0.0020443262 0.0016601273 0.0025169298 0.0027367997 0.0020870955 0.0026361458 0.0026057009 0.0017923645 0.0032609778 0.0030605127 0.0034840726 0.003711567 0.003725835 0.0039472706 0.0032633976 0.0028076738 0.003446344 0.0033873362 0.0031274955 0.0032766655 0.0036252134 0.0031932325 0.004200807 0.002819634 0.0025127318 0.0029424678 0.0029122527 0.0030397896 0.004489475 0.005368097 0.0045606373 0.003185254 0.0030759675 0.0036090654 0.0025366466 0.0036491337 0.0025144662 0.0036461921 0.0038169988 0.0038974371 0.0033024007 0.0040468737 0.0028439504 0.00252331 0.003000122 0.0024170855 0.0039699967 0.0036890875 0.0032814615 0.0042644725 0.0030322757 0.002906604 0.0038184857 0.0021836436 0.0030229364 0.00401204 0.00253557 0.0037307548 0.0025191442 0.005855516 0.0029284286 0.0027211274 0.002520898 0.0033451642 0.002466837 0.0029405174 0.003010027 0.00394049 0.0038586503 0.003929125 0.005189326 0.0031376993,
288,512,,,0.005168222 0.005168222 0.005168222 0.005168222 0.005168222 0.005168222 0.005168222 0.005168222 0.005168222 0.005168222 0.005168222 0.005168222 0.005168222 0.005168222 0.005168222 0.005168222 0.005168222 0.005168222 0.005168222 0.005168222 0.005168222 0.005168222 0.005168222 0.005168222 0.005168222 0.005168222 0.005168222 0.005168222 0.005168222 0.005168222 0.005168222 0.005168222 0.005168222 0.005168222 0.005168222 0.005168222 0.005168222 0.005168222 0.005168222 0.005168222 0.005168222 0.005168222 0.005168222 0.005168222 0.005168222 0.005168222 0.005168222 0.005168222 0.005168222 0.005168222 0.005168222 0.005168222 0.005168222 0.005168222 0.005168222 0.005168222 0.005168222 0.005168222 0.005168222 0.005168222 0.005168222 0.005168222 0.005168222 0.005168222 0.005168222 0.005168222 0.005168222 0.005168222 0.005168222 0.005168222 0.005168222 0.005168222 0.005168222 0.005168222 0.005168222 0.005168222 0.005168222 0.005168222 0.005168222 0.005168222 0.005168222 0.005168222 0.005168222 0.005168222 0.005168222 0.005168222 0.005168222 0.005168222 0.005168222 0.005168222 0.005168222 0.005168222 0.005168222 0.005168222 0.005168222 0.005168222 0.005168222 0.005168222 0.005168222 0.005168222 0.005168222 0.005168222 0.005168222 0.005168222 0.005168222 0.005168222 0.005168222 0.005168222 0.005168222 0.005168222 0.005168222 0.005168222 0.005168222 0.005168222 0.005168222 0.005168222 0.005168222 0.005168222 0.005168222 0.005168222 0.005168222 0.005168222 0.005168222 0.005168222 0.005168222 0.005168222 0.005168222 0.005168222 0.005168222 0.005168222 0.005168222 0.005168222 0.005168222 0.005168222 0.005168222 0.005168222 0.005168222 0.005168222 0.005168222 0.005168222 0.005168222 0.005168222 0.005168222 0.005168222 0.005168222 0.005168222 0.005168222 0.005168222 0.005168222 0.005168222 0.005168222 0.005168222 0.005168222 0.005168222 0.005168222 0.005168222 0.005168222 0.005168222 0.005168222 0.005168222 0.005168222 0.005168222 0.005168222 0.005168222 0.005168222 0.005168222 0.005168222 0.005168222 0.005168222 0.005168222 0.005168222 0.005168222 0.005168222 0.005168222 0.005168222 0.005168222 0.005168222 0.005168222 0.005168222 0.005168222 0.005168222 0.005168222 0.005168222 0.005168222 0.005168222 0.005168222 0.005168222 0.005168222 0.005168222 0.005168222 0.005168222 0.005168222 0.005168222 0.005168222 0.005168222 0.005168222 0.005168222 0.005168222 0.005168222 0.005168222 0.005168222 0.005168222 0.005168222 0.005168222 0.005168222 0.005168222 0.005168222 0.005168222 0.005168222 0.005168222 0.005168222 0.005168222 0.005168222 0.005168222 0.005168222 0.005168222 0.005168222 0.005168222 0.005168222 0.005168222 0.005168222 0.005168222 0.005168222 0.005168222 0.005168222 0.005168222 0.005168222 0.005168222 0.005168222 0.005168222 0.005168222 0.005168222 0.005168222 0.005168222 0.005168222 0.005168222 0.005168222 0.005168222 0.005168222 0.005168222 0.005168222 0.005168222 0.005168222 0.005168222 0.005168222 0.005168222 0.005168222 0.005168222 0.005168222 0.005168222 0.005168222 0.005168222 0.005168222 0.005168222 0.005168222 0.005168222 0.005168222 0.005168222 0.005168222 0.005168222 0.005168222 0.005168222 0.005168222 0.005168222 0.005168222 0.005168222 0.005168222 0.005168222 0.005168222 0.005168222 0.005168222 0.005168222 0.005168222 0.005168222 0.005168222 0.005168222 0.005168222 0.005168222 0.005168222 0.005168222 0.005168222 0.005168222 0.005168222 0.005168222 0.005168222 0.005168222 0.005168222 0.005168222 0.005168222 0.005168222 0.005168222 0.005168222 0.005168222 0.005168222 0.005168222 0.005168222 0.005168222 0.005168222 0.005168222 0.005168222 0.005168222 0.005168222 0.005168222 0.005168222 0.005168222 0.005168222 0.005168222 0.005168222 0.005168222 0.005168222 0.005168222 0.005168222 0.005168222 0.005168222 0.005168222 0.005168222 0.005168222 0.005168222 0.005168222 0.005168222 0.005168222 0.005168222 0.005168222 0.005168222 0.005168222 0.005168222 0.005168222 0.005168222 0.005168222 0.005168222 0.005168222 0.005168222 0.005168222 0.005168222 0.005168222 0.005168222 0.005168222 0.005168222 0.005168222 0.005168222 0.005168222 0.005168222 0.005168222 0.005168222 0.005168222 0.005168222 0.005168222 0.005168222 0.005168222 0.005168222 0.005168222 0.005168222 0.005168222 0.005168222 0.005168222 0.005168222 0.005168222 0.005168222 0.005168222 0.005168222 0.005168222 0.005168222 0.005168222 0.005168222 0.005168222 0.005168222 0.005168222 0.005168222 0.005168222 0.005168222 0.005168222 0.005168222 0.005168222 0.005168222 0.005168222 0.005168222 0.005168222 0.005168222 0.005168222 0.005168222 0.005168222 0.005168222 0.005168222 0.005168222 0.005168222 0.005168222 0.005168222 0.005168222 0.005168222 0.005168222 0.005168222 0.005168222 0.005168222 0.005168222 0.005168222 0.005168222 0.005168222 0.005168222 0.005168222 0.005168222 0.005168222 0.005168222 0.005168222 0.005168222 0.005168222 0.005168222 0.005168222 0.005168222 0.005168222 0.005168222 0.005168222 0.005168222 0.005168222 0.005168222 0.005168222 0.005168222 0.005168222 0.005168222 0.005168222 0.005168222 0.005168222 0.005168222 0.005168222 0.005168222 0.005168222 0.005168222 0.005168222 0.005168222 0.005168222 0.005168222 0.005168222 0.005168222 0.005168222 0.005168222 0.005168222 0.005168222 0.005168222 0.005168222 0.005168222 0.005168222 0.005168222 0.005168222 0.005168222 0.005168222 0.005168222 0.005168222 0.005168222 0.005168222 0.005168222 0.005168222 0.005168222 0.005168222 0.005168222 0.005168222 0.005168222 0.005168222 0.005168222 0.005168222 0.005168222 0.005168222 0.005168222 0.005168222 0.005168222 0.005168222 0.005168222 0.005168222 0.005168222 0.005168222 0.005168222 0.005168222 0.005168222 0.005168222 0.005168222 0.005168222 0.005168222 0.005168222 0.005168222 0.005168222 0.005168222 0.005168222 0.005168222 0.005168222 0.005168222 0.005168222 0.005168222 0.005168222 0.005168222 0.005168222 0.005168222 0.005168222 0.005168222 0.005168222 0.005168222 0.005168222 0.005168222 0.005168222 0.005168222 0.005168222 0.005168222 0.005168222 0.005168222 0.005168222 0.005168222 0.005168222 0.005168222 0.005168222 0.005168222 0.005168222 0.005168222 0.005168222 0.005168222 0.005168222,12 11 12 12 11 11 11 12 11 11 11 12 11 12 12 12 12 11 12 12 12 11 12 11 12 12 13 12 12 12 11 11 12 11 12 11 11 11 11 11 10 11 11 11 11 11 11 11 11 11 11 11 12 11 11 11 11 11 10 11 11 12 11 11 10 10 12 10 10 11 10 10 11 10 10 10 11 10 10 10 10 10 11 11 10 11 10 10 10 10 11 11 11 11 10 11 10 10 10 11 10 10 10 10 10 11 11 11 10 10 10 11 11 10 10 10 11 11 10 10 10 10 10 10 10 11 11 10 11 11 11 10 11 11 12 11 11 11 11 11 12 11 11 11 12 11 11 13 11 11 11 12 11 11 11 11 11 11 11 11 11 11 12 10 11 11 11 11 11 11 11 11 11 11 11 11 11 11 11 10 12 12 11 12 11 11 12 11 11 11 11 11 11 12 11 11 11 12 11 11 11 11 12 11 11 10 12 11 11 11 11 11 13 11 10 11 11 11 12 13 11 12 11 11 11 11 13 12 12 11 12 14 12 11 10 12 12 11 13 13 11 11 11 11 11 12 12 11 11 12 11 11 12 11 11 11 12 12 12 12 12 13 12 12 11 11 12 11 12 12 12 13 12 12 16 12 12 12 12 11 12 12 12 12 12 12 12 12 12 11 12 11 12 11 12 12 11 11 12 11 12 11 11 12 12 12 11 12 11 12 12 12 12 12 12 12 12 12 12 11 11 11 11 12 12 11 11 12 11 11 12 12 11 12 10 11 12 12 11 11 13 11 12 11 12 14 14 12 11 13 11 13 10 12 11 12 12 12 11 13 12 10 12 11 13 11 12 12 11 12 10 11 11 13 11 11 12 10 12 11 13 10 10 12 11 11 11 11 11 11 12 11 11 11 11 11 11 10 11 11 11 11 12 12 11 11 11 11 11 12 11 11 11 11 11 11 11 11 12 11 11 11 11 11 11 12 11 11 11 11 11 11 11 11 12 11 11 11 11 11 11 12 11 11 11 11 11 12 11 11 11 11 11 10 11 11 11 11 11 11 11 11 10 11 11 11 11 11 10 10 10 11 11 11 11 11 11 11 11 11 11 10 11 11 11 11 10 11 11 10 11 11 11 11 11 10 11 11 11 10 11 11 11 11 11 11 11 10 11 10 10 11
299,1x1x1x400,1.6672935,1.66709,,
320,3x3x1x256,0.40832815 0.5125916 0.6696319 0.50549376 0.53627604 0.48501778 0.62263376 0.530591 0.59127045 0.45019925 0.52114004 0.42473415 0.33198112 0.534123 0.4402651 0.45061424 0.58305854 0.4290163 0.8562126 0.44303143 0.45582762 0.6144641 0.5865863 0.44802353 0.5602419 0.45797226 0.4504463 0.59702235 0.6167879 0.5354156 0.3410286 0.5306274 0.43628174 0.4779578 0.54037184 0.68363327 0.44571218 0.62944156 0.50510997 0.4091101 0.5119238 0.5819579 0.36997768 0.4222431 0.7168232 0.45499542 0.047059063 0.49118376 0.58816946 0.45031416 0.4202022 0.46405694 0.4666062 0.44723225 0.3382839 0.4060352 0.47686648 0.41654077 0.5417325 0.45315814 0.47847855 0.5209475 0.5718875 0.5447998 0.8829108 1.2172078 1.4900417 0.640968 0.5623388 1.2807214 1.0532454 1.0628979 0.8131404 1.0489365 1.0249295 0.4896273 1.0738406 0.9822636 1.4911933 1.2193079 0.752579 0.5479006 1.1564873 1.0681143 2.0391273 0.75937176 0.90604883 1.5597053 0.8586377 1.1012884 0.67800933 2.2097418 0.8790096 0.8190538 0.7354096 0.8939656 0.8773968 0.64497113 1.5803267 1.0433403 0.9465896 0.74512833 0.5883762 2.8289785 1.0353495 0.8293208 0.5915043 1.4446101 1.5762465 1.2916 0.9649573 1.2826031 1.0735146 1.0139561 0.770552 0.8820166 0.43439662 0.61641496 0.7559023 0.6212545 0.7489597 1.0683131 0.453876 1.002312 1.405892 0.69674146 0.34740272 1.066553 0.48209995 0.60181713 0.2017881 0.29802442 0.9463673 0.45241472 0.21873754 0.77081275 0.20889267 0.50920385 0.37452266 0.95638186 0.23131594 0.6710062 0.21727142 0.38212928 1.2018436 0.7083042 0.23880419 0.39429367 2.1252637 0.18744309 1.0312858 0.5502189 0.9761455 1.8245537 3.6415868 0.5159044 0.34939983 1.2406731 0.23333326 1.9775244 0.5192011 0.4191605 0.2550945 1.1824493 1.0790206 1.260072 0.7913957 1.3366568 0.91841805 0.40654004 0.527088 0.36153013 2.6480563 0.6220908 0.19332838 1.7638791 0.30666766 0.90455896 0.25861302 0.3133763 0.40552098 2.0675454 0.34255603 0.19444145 0.18755893 0.31899017 0.7600196 0.32324836 2.626827 0.41968566 0.20995393 1.2352399 0.74899733 1.039902 0.9316036 1.119042 1.0353016 1.1554396 1.0916548 1.108828 0.8030474 0.3332415 1.2321081 0.78204525 0.95616376 1.1824532 1.0121503 1.0573394 0.7970724 1.1143717 1.0515825 0.981191 0.6591584 0.2504472 0.82847655 1.0952928 0.9915111 1.1321117 1.068064 1.0855241 1.1371762 0.7972081 0.9354124 1.0319415 1.1577377 0.7804609 0.8808288 0.85727394 1.2330732 1.0289221 0.9331684 0.99574107 1.1190377 0.86145973 1.2093518 0.81675965 1.0356052 0.8817401 0.94659853 1.022977 0.68354183 0.81072724 0.9743307 0.9224929 1.0279392 0.98915535 0.9706056 1.1214108 0.82849085 0.93933564 0.9188925 0.7535305 0.923759 1.1048797 1.0884156 0.9975483,0.40827832 0.5125291 0.6695502 0.50543207 0.5362106 0.4849586 0.62255776 0.5305262 0.5911983 0.45014432 0.52107644 0.4246823 0.3319406 0.53405786 0.44021136 0.45055923 0.58298737 0.42896393 0.8561081 0.44297737 0.455772 0.6143891 0.5865147 0.44796887 0.5601735 0.45791635 0.45039135 0.59694946 0.6167126 0.5353502 0.340987 0.53056264 0.4362285 0.47789946 0.54030585 0.6835499 0.4456578 0.6293647 0.50504833 0.40906015 0.5118613 0.5818869 0.36993253 0.42219156 0.7167358 0.4549399 0.047053322 0.4911238 0.58809763 0.4502592 0.42015094 0.46400028 0.46654925 0.44717765 0.3382426 0.40598568 0.47680828 0.41648996 0.5416664 0.45310286 0.47842014 0.520884 0.5718177 0.5447333 0.882803 1.2170593 1.4898598 0.64088976 0.56227016 1.2805651 1.0531168 1.0627682 0.81304115 1.0488085 1.0248044 0.48956755 1.0737095 0.98214376 1.4910114 1.219159 0.7524871 0.54783374 1.1563462 1.0679839 2.0388784 0.7592791 0.90593827 1.559515 0.8585329 1.101154 0.6779266 2.2094722 0.8789023 0.8189539 0.73531985 0.89385647 0.8772897 0.64489245 1.5801338 1.043213 0.9464741 0.74503744 0.58830446 2.8286333 1.0352231 0.8292196 0.5914321 1.4444338 1.5760542 1.2914423 0.9648395 1.2824466 1.0733836 1.0138323 0.770458 0.88190895 0.4343436 0.61633974 0.7558101 0.6211787 0.7488683 1.0681828 0.45382062 1.0021896 1.4057204 0.69665647 0.34736034 1.0664228 0.48204112 0.6017437 0.20176348 0.29798803 0.94625187 0.45235953 0.21871084 0.7707187 0.20886718 0.50914174 0.37447697 0.95626515 0.2312877 0.6709243 0.2172449 0.38208264 1.2016969 0.70821774 0.23877504 0.39424556 2.1250043 0.18742022 1.0311599 0.55015177 0.9760264 1.824331 3.6411424 0.5158414 0.3493572 1.2405217 0.23330478 1.977283 0.51913774 0.4191093 0.25506338 1.1823051 1.078889 1.2599182 0.7912991 1.3364936 0.91830593 0.40649042 0.5270237 0.361486 2.647733 0.62201494 0.19330478 1.7636638 0.30663022 0.90444857 0.25858146 0.31333804 0.4054715 2.067293 0.34251422 0.19441772 0.18753605 0.31895122 0.75992686 0.32320893 2.6265066 0.41963446 0.20992832 1.2350892 0.74890596 1.0397751 0.9314899 1.1189055 1.0351752 1.1552986 1.0915216 1.1086926 0.8029494 0.33320084 1.2319577 0.7819498 0.9560471 1.1823089 1.0120268 1.0572103 0.79697514 1.1142356 1.0514542 0.98107123 0.659078 0.25041667 0.8283754 1.095159 0.9913901 1.1319735 1.0679336 1.0853915 1.1370374 0.79711074 0.9352982 1.0318155 1.1575965 0.78036565 0.8807213 0.8571693 1.2329227 1.0287964 0.93305457 0.99561954 1.1189013 0.8613546 1.2092042 0.8166599 1.0354788 0.88163245 0.946483 1.0228521 0.68345845 0.8106283 0.9742118 0.9223803 1.0278137 0.9890346 0.9704871 1.121274 0.8283897 0.93922096 0.9187803 0.75343853 0.9236462 1.1047449 1.0882827 0.9974265,0.0032147898 0.004035662 0.0052720485 0.0039797802 0.004222131 0.0038185716 0.0049020294 0.004177372 0.004655105 0.0035444435 0.004102964 0.0033439551 0.0026137054 0.00420518 0.003466231 0.0035477104 0.0045904517 0.0033776688 0.0067410087 0.0034880107 0.003588756 0.0048377095 0.004618226 0.003527314 0.004410815 0.0036056405 0.0035463886 0.004700389 0.004856005 0.004215356 0.002684937 0.0041776584 0.0034348702 0.003762988 0.004254377 0.0053822827 0.0035091164 0.004955628 0.0039767586 0.003220946 0.004030404 0.0045817867 0.0029128545 0.003324343 0.005643589 0.003582204 0.0003704986 0.0038671165 0.00463069 0.003545348 0.003308275 0.0036535456 0.003673616 0.0035210839 0.0026633274 0.0031967377 0.003754396 0.0032794485 0.0042650895 0.003567739 0.0037670876 0.0041014487 0.0045025013 0.0042892382 0.006951205 0.0095831435 0.011731179 0.005046376 0.004427324 0.01008319 0.008292259 0.008368254 0.006401899 0.008258334 0.008069325 0.0038548626 0.008454406 0.0077334153 0.011740247 0.009599677 0.0059250956 0.0043136515 0.009105088 0.008409322 0.01605416 0.0059785754 0.007133372 0.012279646 0.0067601018 0.008670503 0.005338005 0.017397419 0.006920491 0.0064484556 0.00578992 0.00703824 0.006907793 0.0050778934 0.012441998 0.008214275 0.0074525517 0.0058664363 0.0046323184 0.022272702 0.008151364 0.006529288 0.004656946 0.011373495 0.012409876 0.010168836 0.0075971615 0.010098005 0.008451839 0.007982932 0.0060665985 0.006944165 0.0034200284 0.004853069 0.0059512607 0.0048911707 0.005896601 0.008410889 0.0035733907 0.007891257 0.0110686645 0.005485484 0.0027351207 0.00839703 0.0037955993 0.0047381395 0.0015886888 0.0023463625 0.0074508023 0.003561886 0.0017221326 0.006068651 0.0016446235 0.0040089902 0.0029486376 0.007529647 0.001821163 0.0052828686 0.0017105897 0.0030085247 0.009462181 0.0055765174 0.0018801185 0.0031042958 0.016732316 0.0014757498 0.008119369 0.0043319035 0.0076852473 0.014364812 0.028670412 0.0040617436 0.002750844 0.009767887 0.0018370455 0.015569158 0.0040876986 0.0033000733 0.0020083732 0.009309489 0.008495189 0.009920616 0.0062307017 0.010523572 0.0072307554 0.003200712 0.0041497927 0.0028463465 0.020848291 0.0048977556 0.0015220848 0.013887117 0.0024144112 0.007121642 0.0020360744 0.0024672286 0.003192689 0.016277896 0.0026969623 0.0015308481 0.0014766618 0.002511427 0.005983676 0.002544952 0.020681154 0.0033042084 0.001652979 0.009725112 0.0058968975 0.0081872055 0.007334566 0.00881028 0.008150985 0.009096839 0.008594658 0.008729863 0.0063224365 0.0026236286 0.009700454 0.0061570853 0.00752793 0.009309519 0.007968714 0.008324491 0.006275395 0.008773509 0.008279167 0.00772497 0.0051895906 0.0019717847 0.006522641 0.008623299 0.0078062215 0.008913177 0.0084089255 0.00854639 0.008953051 0.0062764627 0.007364553 0.008124532 0.009114933 0.006144611 0.006934813 0.0067493645 0.0097080525 0.008100759 0.007346886 0.007839524 0.008810246 0.0067823194 0.0095212925 0.006430393 0.008153376 0.0069419877 0.007452622 0.008053953 0.0053815627 0.0063829 0.007670959 0.007262837 0.008093021 0.0077876737 0.0076416307 0.008828929 0.0065227537 0.0073954407 0.007234491 0.0059325867 0.0072728046 0.008698779 0.008569155 0.007853752,
321,256,,,0.004134712 0.004134712 0.004134712 0.004134712 0.004134712 0.004134712 0.004134712 0.004134712 0.004134712 0.004134712 0.004134712 0.004134712 0.004134712 0.004134712 0.004134712 0.004134712 0.004134712 0.004134712 0.004134712 0.004134712 0.004134712 0.004134712 0.004134712 0.004134712 0.004134712 0.004134712 0.004134712 0.004134712 0.004134712 0.004134712 0.004134712 0.004134712 0.004134712 0.004134712 0.004134712 0.004134712 0.004134712 0.004134712 0.004134712 0.004134712 0.004134712 0.004134712 0.004134712 0.004134712 0.004134712 0.004134712 0.004134712 0.004134712 0.004134712 0.004134712 0.004134712 0.004134712 0.004134712 0.004134712 0.004134712 0.004134712 0.004134712 0.004134712 0.004134712 0.004134712 0.004134712 0.004134712 0.004134712 0.004134712 0.004134712 0.004134712 0.004134712 0.004134712 0.004134712 0.004134712 0.004134712 0.004134712 0.004134712 0.004134712 0.004134712 0.004134712 0.004134712 0.004134712 0.004134712 0.004134712 0.004134712 0.004134712 0.004134712 0.004134712 0.004134712 0.004134712 0.004134712 0.004134712 0.004134712 0.004134712 0.004134712 0.004134712 0.004134712 0.004134712 0.004134712 0.004134712 0.004134712 0.004134712 0.004134712 0.004134712 0.004134712 0.004134712 0.004134712 0.004134712 0.004134712 0.004134712 0.004134712 0.004134712 0.004134712 0.004134712 0.004134712 0.004134712 0.004134712 0.004134712 0.004134712 0.004134712 0.004134712 0.004134712 0.004134712 0.004134712 0.004134712 0.004134712 0.004134712 0.004134712 0.004134712 0.004134712 0.004134712 0.004134712 0.004134712 0.004134712 0.004134712 0.004134712 0.004134712 0.004134712 0.004134712 0.004134712 0.004134712 0.004134712 0.004134712 0.004134712 0.004134712 0.004134712 0.004134712 0.004134712 0.004134712 0.004134712 0.004134712 0.004134712 0.004134712 0.004134712 0.004134712 0.004134712 0.004134712 0.004134712 0.004134712 0.004134712 0.004134712 0.004134712 0.004134712 0.004134712 0.004134712 0.004134712 0.004134712 0.004134712 0.004134712 0.004134712 0.004134712 0.004134712 0.004134712 0.004134712 0.004134712 0.004134712 0.004134712 0.004134712 0.004134712 0.004134712 0.004134712 0.004134712 0.004134712 0.004134712 0.004134712 0.004134712 0.004134712 0.004134712 0.004134712 0.004134712 0.004134712 0.004134712 0.004134712 0.004134712 0.004134712 0.004134712 0.004134712 0.004134712 0.004134712 0.004134712 0.004134712 0.004134712 0.004134712 0.004134712 0.004134712 0.004134712 0.004134712 0.004134712 0.004134712 0.004134712 0.004134712 0.004134712 0.004134712 0.004134712 0.004134712 0.004134712 0.004134712 0.004134712 0.004134712 0.004134712 0.004134712 0.004134712 0.004134712 0.004134712 0.004134712 0.004134712 0.004134712 0.004134712 0.004134712 0.004134712 0.004134712 0.004134712 0.004134712 0.004134712 0.004134712 0.004134712 0.004134712 0.004134712 0.004134712 0.004134712 0.004134712 0.004134712 0.004134712 0.004134712 0.004134712 0.004134712 0.004134712 0.004134712 0.004134712 0.004134712 0.004134712 0.004134712 0.004134712 0.004134712 0.004134712 0.004134712 0.004134712 0.004134712 0.004134712 0.004134712,16 15 15 15 15 16 15 15 15 16 15 16 16 15 16 16 15 16 15 16 16 15 15 16 15 16 16 15 15 15 16 15 16 16 15 15 16 15 15 16 15 15 16 16 15 16 16 16 15 16 16 16 16 16 16 16 16 16 15 16 16 15 15 15 15 14 14 15 15 14 14 14 15 14 14 16 14 15 14 14 15 15 14 14 13 15 15 14 15 14 15 13 15 15 15 15 15 15 14 14 15 15 15 13 14 15 15 14 14 14 15 14 14 14 15 15 16 15 15 15 15 14 16 14 14 15 16 14 16 15 16 16 15 16 16 15 16 15 16 15 16 15 16 16 14 15 16 16 13 16 14 15 15 14 13 15 16 14 16 14 15 16 16 14 14 14 15 14 15 16 15 16 13 15 16 14 16 15 16 16 16 13 16 16 16 16 15 16 13 16 16 14 15 14 15 14 14 14 14 14 15 16 14 15 15 14 14 14 15 14 14 15 15 16 15 14 14 14 14 14 14 15 15 14 14 15 15 15 14 14 15 14 14 15 14 15 14 15 15 14 15 15 15 15 14 15 15 14 15 15 15 15 15 14 14 14
329,1x1x256x256,0.2332243 0.21330027 0.16152802 0.2480883 0.20656583 0.21732455 0.12893187 0.19157194 0.19847323 0.22650439 0.2162954 0.24745265 0.25430796 0.15442969 0.20858148 0.23020038 0.36813825 0.40965682 0.2540183 0.22749595 0.31653625 0.20799562 0.34981418 0.2623376 0.20094812 0.18536116 0.20774035 0.28537536 0.18740545 0.20922124 0.17326017 0.19094306 0.2044026 0.26300234 0.31328592 0.1332331 0.16357508 0.16944169 0.18602493 0.19542216 0.19163851 0.29683307 0.21483238 0.26632628 0.20166446 0.1696228 0.25470752 0.20980659 0.19414507 0.31067565 0.20429756 0.18384258 0.17696457 0.2208516 0.23389603 0.2573116 0.20081587 0.17469157 0.22333424 0.16993769 0.20750926 0.22568727 0.13197501 0.22343574 1.6763533 0.20052482 0.22876325 0.2063371 0.23032248 0.61476034 0.1702899 0.19553772 0.210867 0.23466037 0.19058405 0.26027095 0.18203045 0.22800048 0.26531538 0.14873077 0.27991596 0.16265887 0.2381437 0.1798577 0.23487952 0.2800963 0.18691455 0.20309728 0.20582418 0.15216598 0.20642786 0.23626916 0.17583656 0.1605727 0.157173 0.21522944 0.21117947 0.2567056 0.70995647 0.27400324 0.31934077 0.5000706 0.2153053 0.15105525 0.22823888 0.1659429 0.25478926 0.22805157 0.26904234 0.21457592 0.23734173 0.43418413 0.27397206 0.20939225 0.23704699 1.6551818 0.14423515 0.20727807 0.15604931 0.25164714 0.1712858 0.20712253 0.2963595 0.12917328 0.1975651 0.21716693 0.1677823 0.2600577 0.21360663 0.3430027 0.18376958 0.23927628 0.23599686 0.22141863 0.1745833 0.3274833 0.20784718 0.18031256 0.1854109 0.19836506 0.18932597 0.3454983 0.22913693 0.2136161 0.19240177 0.1702067 0.16842516 0.18688542 0.17116225 0.24141794 0.3068806 0.27555534 0.25209704 0.16075669 0.261575 0.22621588 0.28347123 0.27609348 0.1826547 0.28525707 0.24210571 0.35535234 0.20489123 0.17838462 0.22515142 0.17190321 0.2537682 0.22290237 0.24177435 0.18677172 0.19690226 0.24983798 0.7009327 0.19052042 0.18727909 0.2451464 0.26556605 0.12192323 0.20134929 0.22700381 0.26840395 0.35066125 0.33583626 0.22620854 0.15949647 0.226913 0.19134408 0.23948139 0.26076806 0.20614801 0.18019925 0.2521012 0.29182768 0.26592934 0.18812874 0.20677559 0.17638911 0.2284992 0.23320563 0.18952374 0.20091203 0.20659286 0.27537054 0.22992073 0.15043944 0.15234296 0.2391004 0.23420498 0.19389604 0.16599886 0.48598585 0.23947799 0.18630166 0.14939684 0.26098898 0.1499134 0.24143334 0.17316367 0.27845016 0.30021527 0.20538218 0.18359895 0.19107637 0.19930401 0.2055941 0.2340787 0.16044982 0.12538897 0.16777714 0.37614572 0.22094883 0.26488683 0.15894645 0.17547208 0.14029041 0.17369223 0.17645769 0.20354174 0.18986255 0.31805694 0.18794078 0.16365281 0.22363935 0.3489095 0.19343607 0.23707885 0.22042458 0.15355231 0.21445106 0.15522225 0.25517827 0.20483294 0.22124393 0.17391779 0.49704945 0.22117363,0.23319584 0.21327424 0.1615083 0.24805802 0.20654061 0.21729803 0.12891613 0.19154856 0.198449 0.22647674 0.216269 0.24742246 0.2542769 0.15441084 0.20855601 0.23017228 0.36809334 0.40960684 0.2539873 0.2274682 0.31649762 0.20797023 0.34977147 0.26230556 0.20092359 0.18533854 0.20771499 0.28534055 0.18738258 0.20919572 0.17323902 0.19091976 0.20437765 0.26297024 0.31324768 0.13321684 0.16355513 0.16942102 0.18600224 0.19539832 0.19161513 0.29679686 0.21480615 0.2662938 0.20163986 0.1696021 0.25467643 0.20978098 0.19412138 0.31063774 0.20427263 0.18382016 0.17694296 0.22082464 0.2338675 0.25728023 0.20079137 0.17467026 0.22330698 0.16991694 0.20748395 0.22565971 0.1319589 0.22340848 1.6761488 0.20050034 0.22873534 0.20631191 0.23029436 0.61468536 0.17026913 0.19551384 0.21084127 0.23463173 0.19056079 0.26023918 0.18200824 0.22797264 0.265283 0.14871262 0.27988178 0.16263902 0.23811463 0.17983575 0.23485087 0.2800621 0.18689173 0.20307249 0.20579907 0.15214741 0.20640267 0.23624033 0.1758151 0.1605531 0.15715382 0.21520318 0.2111537 0.2566743 0.70986986 0.2739698 0.3193018 0.50000954 0.21527901 0.15103681 0.22821102 0.16592266 0.25475815 0.22802375 0.26900953 0.21454972 0.23731276 0.43413115 0.27393863 0.2093667 0.23701805 1.6549797 0.14421754 0.20725279 0.15603027 0.25161642 0.17126489 0.20709725 0.29632336 0.12915751 0.19754098 0.21714044 0.16776183 0.26002595 0.21358055 0.34296086 0.18374716 0.23924708 0.23596805 0.2213916 0.17456199 0.32744333 0.2078218 0.18029055 0.18538828 0.19834086 0.18930288 0.34545612 0.22910897 0.21359004 0.19237828 0.17018592 0.1684046 0.18686262 0.17114136 0.24138848 0.30684316 0.2755217 0.25206625 0.16073708 0.2615431 0.22618829 0.28343663 0.2760598 0.1826324 0.28522226 0.24207616 0.35530898 0.20486623 0.17836285 0.22512394 0.17188223 0.25373724 0.22287518 0.24174485 0.18674894 0.19687824 0.24980749 0.70084715 0.19049716 0.18725623 0.24511649 0.26553363 0.12190835 0.20132472 0.22697611 0.2683712 0.35061845 0.33579528 0.22618094 0.159477 0.2268853 0.19132073 0.23945215 0.26073623 0.20612285 0.18017726 0.25207043 0.29179206 0.2658969 0.18810578 0.20675035 0.1763676 0.22847131 0.23317717 0.18950062 0.2008875 0.20656765 0.27533695 0.22989267 0.15042108 0.15232438 0.23907122 0.2341764 0.19387238 0.16597861 0.48592654 0.23944876 0.18627892 0.14937861 0.26095715 0.1498951 0.24140386 0.17314254 0.27841616 0.30017862 0.20535712 0.18357655 0.19105305 0.19927968 0.205569 0.23405014 0.16043024 0.12537366 0.16775666 0.3760998 0.22092187 0.26485452 0.15892705 0.17545067 0.14027329 0.17367104 0.17643616 0.2035169 0.18983938 0.3180181 0.18791784 0.16363283 0.22361207 0.3488669 0.19341247 0.23704992 0.22039767 0.15353358 0.21442488 0.1552033 0.25514713 0.20480795 0.22121693 0.17389655 0.49698877 0.22114663,0.0018361877 0.0016793248 0.001271719 0.0019532128 0.001626304 0.0017110081 0.0010150876 0.0015082563 0.0015625906 0.0017832814 0.0017029055 0.0019482083 0.0020021803 0.0012158334 0.0016421733 0.0018123802 0.0028983727 0.0032252506 0.0019999002 0.0017910881 0.0024921072 0.0016375609 0.002754106 0.002065398 0.0015820755 0.0014593586 0.0016355511 0.002246776 0.0014754534 0.0016472103 0.0013640868 0.0015033052 0.0016092728 0.0020706318 0.0024665173 0.0010489515 0.0012878357 0.0013340238 0.0014645846 0.0015385695 0.0015087806 0.002336983 0.001691387 0.0020968015 0.0015877155 0.0013354496 0.0020053263 0.0016518187 0.0015285148 0.0024459665 0.0016084459 0.0014474029 0.0013932517 0.0017387767 0.0018414763 0.0020258287 0.0015810344 0.0013753565 0.0017583227 0.0013379287 0.0016337319 0.0017768481 0.0010390464 0.0017591219 0.013198022 0.0015787429 0.0018010656 0.0016245033 0.0018133414 0.004840042 0.0013407018 0.0015394791 0.0016601675 0.0018474939 0.0015004786 0.0020491274 0.0014331357 0.0017950601 0.0020888424 0.0011709655 0.0022037935 0.0012806222 0.0018749184 0.0014160295 0.0018492194 0.0022052135 0.0014715885 0.001598996 0.0016204652 0.0011980111 0.001625218 0.00186016 0.001384371 0.0012641976 0.0012374317 0.0016945133 0.0016626276 0.0020210573 0.0055895266 0.0021572425 0.0025141875 0.003937083 0.0016951103 0.0011892662 0.0017969371 0.0013064776 0.0020059696 0.0017954626 0.0021181854 0.0016893679 0.0018686044 0.0034183555 0.002156997 0.0016485567 0.0018662838 0.0130313365 0.0011355712 0.0016319117 0.0012285848 0.0019812316 0.0013485424 0.001630687 0.0023332548 0.0010169883 0.0015554408 0.0017097673 0.0013209593 0.0020474484 0.0016817366 0.0027004792 0.001446828 0.0018838353 0.0018580161 0.001743241 0.0013745038 0.002578294 0.0016363921 0.0014196106 0.0014597502 0.0015617391 0.0014905739 0.0027201269 0.0018040077 0.0016818113 0.0015147896 0.0013400466 0.0013260205 0.0014713592 0.0013475697 0.0019006968 0.0024160878 0.0021694622 0.0019847737 0.0012656463 0.0020593945 0.0017810102 0.0022317844 0.0021736992 0.0014380504 0.0022458446 0.0019061115 0.0027977086 0.00161312 0.0014044319 0.0017726294 0.0013534033 0.001997931 0.0017549227 0.0019035027 0.001470464 0.0015502224 0.0019669882 0.0055184816 0.0014999777 0.0014744585 0.0019300511 0.002090816 0.0009599083 0.001585234 0.0017872135 0.002113159 0.0027607752 0.0026440574 0.0017809523 0.0012557243 0.0017864985 0.0015064625 0.00188545 0.0020530412 0.0016230146 0.0014187186 0.0019848065 0.0022975754 0.0020936762 0.0014811478 0.0016279555 0.0013887213 0.0017989867 0.0018360408 0.0014921308 0.0015817913 0.0016265169 0.0021680074 0.0018101785 0.001184418 0.0011994046 0.0018824505 0.0018439087 0.0015265541 0.0013069182 0.0038261933 0.0018854233 0.0014667632 0.0011762095 0.0020547807 0.0011802764 0.0019008178 0.001363327 0.0021922532 0.0023636112 0.0016169852 0.0014454847 0.0015043548 0.0015691314 0.0016186535 0.0018429145 0.0012632302 0.0009871941 0.0013209186 0.0029614158 0.0017395423 0.0020854687 0.0012513942 0.0013815013 0.0011045141 0.0013674885 0.0013892611 0.0016024953 0.0014947982 0.0025040796 0.0014796681 0.0012884474 0.0017607249 0.0027469834 0.0015229328 0.0018665348 0.0017354147 0.0012089259 0.0016883849 0.0012220732 0.0020090325 0.001612661 0.0017418656 0.0013692642 0.0039132973 0.001741312,
330,256,,,0.004430007 0.004430007 0.004430007 0.004430007 0.004430007 0.004430007 0.004430007 0.004430007 0.004430007 0.004430007 0.004430007 0.004430007 0.004430007 0.004430007 0.004430007 0.004430007 0.004430007 0.004430007 0.004430007 0.004430007 0.004430007 0.004430007 0.004430007 0.004430007 0.004430007 0.004430007 0.004430007 0.004430007 0.004430007 0.004430007 0.004430007 0.004430007 0.004430007 0.004430007 0.004430007 0.004430007 0.004430007 0.004430007 0.004430007 0.004430007 0.004430007 0.004430007 0.004430007 0.004430007 0.004430007 0.004430007 0.004430007 0.004430007 0.004430007 0.004430007 0.004430007 0.004430007 0.004430007 0.004430007 0.004430007 0.004430007 0.004430007 0.004430007 0.004430007 0.004430007 0.004430007 0.004430007 0.004430007 0.004430007 0.004430007 0.004430007 0.004430007 0.004430007 0.004430007 0.004430007 0.004430007 0.004430007 0.004430007 0.004430007 0.004430007 0.004430007 0.004430007 0.004430007 0.004430007 0.004430007 0.004430007 0.004430007 0.004430007 0.004430007 0.004430007 0.004430007 0.004430007 0.004430007 0.004430007 0.004430007 0.004430007 0.004430007 0.004430007 0.004430007 0.004430007 0.004430007 0.004430007 0.004430007 0.004430007 0.004430007 0.004430007 0.004430007 0.004430007 0.004430007 0.004430007 0.004430007 0.004430007 0.004430007 0.004430007 0.004430007 0.004430007 0.004430007 0.004430007 0.004430007 0.004430007 0.004430007 0.004430007 0.004430007 0.004430007 0.004430007 0.004430007 0.004430007 0.004430007 0.004430007 0.004430007 0.004430007 0.004430007 0.004430007 0.004430007 0.004430007 0.004430007 0.004430007 0.004430007 0.004430007 0.004430007 0.004430007 0.004430007 0.004430007 0.004430007 0.004430007 0.004430007 0.004430007 0.004430007 0.004430007 0.004430007 0.004430007 0.004430007 0.004430007 0.004430007 0.004430007 0.004430007 0.004430007 0.004430007 0.004430007 0.004430007 0.004430007 0.004430007 0.004430007 0.004430007 0.004430007 0.004430007 0.004430007 0.004430007 0.004430007 0.004430007 0.004430007 0.004430007 0.004430007 0.004430007 0.004430007 0.004430007 0.004430007 0.004430007 0.004430007 0.004430007 0.004430007 0.004430007 0.004430007 0.004430007 0.004430007 0.004430007 0.004430007 0.004430007 0.004430007 0.004430007 0.004430007 0.004430007 0.004430007 0.004430007 0.004430007 0.004430007 0.004430007 0.004430007 0.004430007 0.004430007 0.004430007 0.004430007 0.004430007 0.004430007 0.004430007 0.004430007 0.004430007 0.004430007 0.004430007 0.004430007 0.004430007 0.004430007 0.004430007 0.004430007 0.004430007 0.004430007 0.004430007 0.004430007 0.004430007 0.004430007 0.004430007 0.004430007 0.004430007 0.004430007 0.004430007 0.004430007 0.004430007 0.004430007 0.004430007 0.004430007 0.004430007 0.004430007 0.004430007 0.004430007 0.004430007 0.004430007 0.004430007 0.004430007 0.004430007 0.004430007 0.004430007 0.004430007 0.004430007 0.004430007 0.004430007 0.004430007 0.004430007 0.004430007 0.004430007 0.004430007 0.004430007 0.004430007 0.004430007 0.004430007 0.004430007 0.004430007 0.004430007 0.004430007 0.004430007 0.004430007 0.004430007,15 15 15 14 15 15 15 15 15 15 15 15 14 15 15 15 14 14 14 15 14 15 14 14 15 15 15 14 15 15 15 15 15 14 14 15 15 15 15 15 15 14 15 14 15 15 14 15 15 14 15 15 15 15 15 14 15 15 15 15 15 15 15 15 12 15 15 15 15 13 15 15 15 15 15 14 15 15 14 15 14 15 15 15 15 14 15 15 15 15 15 15 15 15 15 15 15 14 13 14 14 13 15 15 15 15 14 15 14 15 15 14 14 15 15 12 15 15 15 14 15 15 14 15 15 15 15 14 15 14 15 15 15 15 15 14 15 15 15 15 15 14 15 15 15 15 15 15 15 15 14 14 14 15 14 15 14 14 15 14 15 14 15 15 15 15 14 15 15 15 15 14 13 15 15 15 14 16 15 15 14 14 14 15 15 15 15 15 14 15 15 14 14 14 15 15 15 15 15 15 15 15 14 15 15 15 15 15 15 15 14 15 15 15 14 15 15 15 14 14 15 15 15 15 15 15 15 15 15 14 15 14 15 15 15 15 15 15 15 14 15 15 15 14 15 15 15 15 15 15 14 15 15 15 13 15
336,1x1x256x512,0.13215914 0.2057672 0.15569006 0.17639032 0.17428587 0.23612177 0.19777755 0.36306995 0.21155713 0.18390642 0.13851635 0.22392736 0.15136707 0.12438287 0.16327384 0.18078156 0.14884225 0.12791127 0.18899216 0.1407433 0.14815722 0.1333771 0.13081399 0.16320777 0.14025234 0.16215406 0.18286684 0.13826981 0.14729875 0.21562748 0.18207021 0.19541173 0.21205801 0.15364571 0.13847476 0.19893162 0.20467868 0.17220196 0.20258637 0.17302245 0.19120373 0.16569069 0.14611937 0.16331172 0.14771894 0.21176171 0.15756184 0.138222 0.15037388 0.2170852 0.18839218 0.116396144 0.15143032 0.18260276 0.2809598 0.1504055 0.16746517 0.2669978 0.256261 0.14055626 0.17651537 0.16846916 0.29218403 0.10489668 0.29307005 0.1516178 0.190463 0.15260369 0.21198595 0.16435921 0.14831032 0.13675085 0.1706553 0.16386178 0.11343845 0.1620384 0.16924217 0.16077319 0.14307201 0.21381359 0.095811546 0.12787254 0.17388897 0.15333958 0.14171585 0.1483471 0.15316732 0.13219479 0.19729774 0.15659729 0.15318954 0.19560005 0.17776287 0.14633746 0.17704956 0.14609447 0.15640701 0.17624082 0.1735385 0.19256732 0.19348647 0.14642212 0.19963446 0.15931094 0.24639574 0.13356352 0.14482445 0.19826697 0.16335233 0.18101326 0.1966316 0.16050537 0.27474174 0.14503372 0.16856651 0.13669194 0.13215385 0.18663283 0.19979337 0.16657315 0.14794095 0.17448995 0.17184311 0.17272401 0.14849384 0.23180214 0.18519448 0.1278546 0.14166346 0.13091806 0.19699748 0.1681499 0.16718215 0.17614311 0.2538592 0.16338125 0.28910553 0.32658848 0.31999835 0.21924931 0.21482073 0.12077547 0.16004756 0.17028429 0.18086979 0.12462342 0.17792784 0.21545738 0.20840849 0.16946897 0.1309728 0.16650128 0.1746205 0.12954745 0.1896193 0.16574474 0.14875753 0.16434124 0.16992083 0.20981994 0.22193684 0.19823474 0.1564938 0.239043 0.17902349 0.15072322 0.18849057 0.1457454 0.23760849 0.1405151 0.24644831 0.11563622 0.16852817 0.21836655 0.1426114 0.12904699 0.15265876 0.16786884 0.17901912 0.16438106 0.20891316 0.1676565 0.19562492 0.25105235 0.14921784 0.25039592 0.195134 0.13170615 0.17429842 0.14528604 0.19224511 0.1356063 0.13686512 0.2102434 0.1524879 0.19297613 0.17413335 0.13418703 0.13294427 0.16429585 0.17751423 0.15244673 0.14011776 0.19777043 0.14328168 0.1492872 0.2094061 0.17188919 0.18246819 0.15931487 0.1432581 0.17903446 0.15791018 0.20256998 0.12190697 0.19463049 0.18588395 0.20052007 0.18791758 0.1640282 0.1550346 0.12752281 0.2110416 0.14597173 0.24179779 0.19772172 0.18718687 0.24420723 0.2487729 0.12924476 0.15001315 0.14586104 0.14589755 0.14496969 0.1722156 0.20977089 0.18970141 0.14940977 0.18264931 0.12268296 0.3311005 0.21758996 0.22994512 0.18624645 0.1545042 0.19527718 0.22849967 0.13361111 0.177169 0.18224947 0.1851418 0.15684561 0.32925868 0.1525848 0.14077997 0.4999099 0.22292535 0.2112238 0.14817953 0.14916815 0.1497026 0.14500138 0.19475816 0.1535894 0.19854347 0.20004757 0.14239825 0.16124128 0.19042173 0.17577758 0.22863424 0.12744612 0.14086588 0.16099039 0.16727324 0.18692623 0.19257455 0.22257702 0.18788691 0.5546533 0.18371642 0.37278563 0.18447842 0.17743644 0.16085579 0.14532533 0.21774086 0.16950817 0.15063399 0.33011088 0.017988352 0.15920883 0.15748036 0.22560416 0.20401229 0.13924773 0.16155869 0.2466021 0.1551048 0.16156718 0.2130381 0.16837794 0.19072795 0.19303867 0.15019396 0.17970031 0.14127985 0.1664977 0.18955182 0.20302258 0.1567443 0.16774558 0.14998281 0.13136168 0.14520225 0.14851502 0.17952067 0.17786138 0.14413258 0.0977435 0.23142646 0.39333272 0.22367689 0.17061605 0.13302724 0.21605562 0.15833268 0.13361308 0.25511762 0.17144234 0.13864835 0.2114175 0.13938132 0.16475564 0.23101716 0.15921947 0.16958529 0.20424485 0.18768372 0.1537902 0.19807999 0.13504244 0.20355318 0.19000432 0.16010723 0.20260677 0.1692788 0.15031835 0.21622024 0.1773411 0.20978771 0.1636819 0.13192233 0.15161462 0.17995766 0.16953342 0.13276693 0.14745827 0.18277319 0.20709187 0.13716893 0.12552965 0.17103079 0.14814943 0.18109551 0.11184405 0.13973445 0.1843964 0.16980675 0.16676544 0.17033945 0.20192449 0.12565441 0.1360702 0.17063667 0.21404344 0.13973065 0.19873096 0.20360583 0.15403907 0.3677391 0.20273113 0.15776055 0.16416009 0.18354835 0.17001995 0.120757945 0.23986393 0.16049218 0.25544196 0.18337673 0.1714452 0.18708324 0.17418815 0.14613312 0.19326796 0.23612867 0.138008 0.14818233 0.2309135 0.22981223 0.25411794 0.1282186 0.14688319 0.13963486 0.30127946 0.13929303 0.23835017 0.18708454 0.11399393 0.13842177 0.2553808 0.19557521 0.16606864 0.16244733 0.15095663 0.1500291 0.24011187 0.1719427 0.15287738 0.14160581 0.16469784 0.16285482 0.17839031 0.17787841 0.27047896 0.16803165 0.15330867 0.17919315 0.15922397 0.15964614 0.15823281 0.17594016 0.156066 0.17763595 0.13387658 0.18650766 0.13491297 0.12308005 0.16774695 0.21494445 0.14488013 0.22317098 0.16449891 0.1302928 0.17722817 0.21068342 0.1145232 0.13567951 0.15011336 0.18703869 0.19101559 0.18161225 0.14345695 0.17181142 0.19455808 0.29609957 0.15227698 0.1884624 0.20148544 0.16892551 0.17612058 0.13035184 0.15559417 0.1708232 0.13969341 0.1357201 0.20842604 0.20002402 0.14090668 0.18914756 0.19750087 0.15331565 0.36721623 0.22745383 0.22103147 0.15419337 0.1317397 0.1295506 0.17758565 0.31309953 0.15509753 0.15244374 0.13457862 0.14000788 0.3124583 0.13761315 0.12856896 0.16521941 0.22180249 0.11610397 0.18809126 0.2927909 0.20865418 0.21833488 0.13224098 0.1448717 0.15278439 0.1403804 0.13439922 0.16558334 0.17608657 0.27265817 0.15079913 0.14256217 0.15520653 0.13773394 0.13456358 0.1374344 0.16459787 0.17255555 0.17112228,0.132143 0.20574209 0.15567106 0.1763688 0.1742646 0.23609295 0.19775341 0.36302564 0.21153133 0.18388398 0.13849944 0.22390004 0.1513486 0.124367684 0.16325392 0.1807595 0.14882408 0.12789567 0.18896909 0.14072613 0.14813913 0.13336082 0.13079801 0.16318786 0.14023523 0.16213427 0.18284453 0.13825293 0.14728077 0.21560116 0.182048 0.19538787 0.21203212 0.15362695 0.13845786 0.19890733 0.2046537 0.17218094 0.20256165 0.17300133 0.1911804 0.16567047 0.14610155 0.1632918 0.1477009 0.21173586 0.1575426 0.13820513 0.15035553 0.2170587 0.18836918 0.11638194 0.15141185 0.18258049 0.28092554 0.15038714 0.16744474 0.2669652 0.2562297 0.14053911 0.17649384 0.1684486 0.29214835 0.10488388 0.2930343 0.1515993 0.19043976 0.15258506 0.21196008 0.16433915 0.14829223 0.13673416 0.17063448 0.16384178 0.11342461 0.16201863 0.16922152 0.16075358 0.14305454 0.2137875 0.09579985 0.12785693 0.17386775 0.15332086 0.14169857 0.14832899 0.15314862 0.13217866 0.19727366 0.15657818 0.15317085 0.19557618 0.17774117 0.14631961 0.17702796 0.14607665 0.15638793 0.1762193 0.17351732 0.19254382 0.19346286 0.14640425 0.1996101 0.15929149 0.24636567 0.13354722 0.14480677 0.19824277 0.16333239 0.18099116 0.19660759 0.16048579 0.2747082 0.14501601 0.16854595 0.13667527 0.13213772 0.18661006 0.19976898 0.16655283 0.1479229 0.17446865 0.17182213 0.17270294 0.14847572 0.23177384 0.18517189 0.127839 0.14164618 0.13090208 0.19697343 0.16812938 0.16716175 0.17612162 0.25382823 0.16336131 0.28907025 0.3265486 0.31995928 0.21922256 0.2147945 0.120760724 0.16002803 0.17026351 0.1808477 0.124608204 0.17790613 0.2154311 0.20838305 0.16944829 0.13095683 0.16648097 0.17459919 0.12953164 0.18959616 0.1657245 0.14873937 0.16432118 0.1699001 0.20979433 0.22190976 0.19821055 0.15647471 0.23901382 0.17900164 0.15070482 0.18846758 0.14572762 0.2375795 0.14049795 0.24641822 0.11562211 0.1685076 0.21833989 0.142594 0.12903124 0.15264012 0.16784835 0.17899728 0.16436099 0.20888767 0.16763604 0.19560105 0.2510217 0.14919963 0.25036535 0.19511019 0.13169008 0.17427716 0.1452683 0.19222164 0.13558976 0.13684842 0.21021774 0.15246929 0.19295257 0.1741121 0.13417065 0.13292804 0.16427581 0.17749256 0.15242814 0.14010067 0.1977463 0.14326419 0.14926898 0.20938054 0.1718682 0.18244591 0.15929542 0.1432406 0.1790126 0.1578909 0.20254526 0.121892095 0.19460674 0.18586126 0.20049559 0.18789464 0.16400817 0.15501569 0.12750724 0.21101584 0.14595392 0.24176827 0.19769758 0.18716402 0.24417743 0.24874254 0.129229 0.14999485 0.14584325 0.14587975 0.14495198 0.17219457 0.20974529 0.18967827 0.14939155 0.18262702 0.12266799 0.33106008 0.2175634 0.22991705 0.18622372 0.15448533 0.19525334 0.22847177 0.1335948 0.17714737 0.18222724 0.1851192 0.15682648 0.32921848 0.1525662 0.14076279 0.4998489 0.22289814 0.21119802 0.14816146 0.14914995 0.14968432 0.1449837 0.1947344 0.15357065 0.19851924 0.20002314 0.14238088 0.16122161 0.1903985 0.17575614 0.22860634 0.12743056 0.1408487 0.16097075 0.16725282 0.18690342 0.19255105 0.22254986 0.18786398 0.55458564 0.183694 0.37274015 0.1844559 0.17741479 0.16083615 0.1453076 0.21771428 0.16948748 0.15061562 0.33007059 0.017986158 0.1591894 0.15746114 0.22557664 0.20398739 0.13923073 0.16153897 0.24657202 0.15508586 0.16154747 0.2130121 0.16835739 0.19070467 0.19301511 0.15017563 0.1796784 0.1412626 0.1664774 0.18952867 0.2029978 0.15672518 0.1677251 0.1499645 0.13134564 0.14518453 0.14849688 0.17949875 0.17783968 0.14411499 0.09773157 0.23139821 0.39328474 0.22364959 0.17059521 0.133011 0.21602924 0.15831336 0.13359676 0.2550865 0.17142142 0.13863143 0.2113917 0.13936432 0.16473553 0.23098896 0.15920004 0.16956459 0.20421992 0.18766081 0.15377145 0.1980558 0.13502596 0.20352834 0.18998113 0.16008767 0.20258203 0.16925813 0.15030001 0.21619385 0.17731945 0.20976211 0.16366193 0.13190623 0.15159613 0.1799357 0.16951272 0.13275072 0.14744028 0.18275088 0.2070666 0.13715218 0.12551433 0.17100993 0.14813134 0.18107341 0.1118304 0.13971739 0.1843739 0.16978604 0.16674508 0.17031866 0.20189984 0.12563908 0.13605359 0.17061585 0.21401732 0.13971359 0.19870672 0.20358099 0.15402028 0.36769423 0.20270638 0.1577413 0.16414005 0.18352593 0.1699992 0.12074321 0.23983465 0.16047259 0.2554108 0.18335435 0.17142428 0.18706042 0.1741669 0.14611529 0.19324437 0.23609985 0.13799115 0.14816426 0.23088533 0.22978419 0.25408694 0.12820296 0.14686526 0.13961783 0.3012427 0.13927603 0.23832108 0.18706171 0.11398002 0.13840489 0.25534964 0.19555134 0.16604838 0.1624275 0.1509382 0.1500108 0.24008258 0.17192172 0.15285872 0.14158852 0.16467774 0.16283494 0.17836854 0.1778567 0.27044597 0.16801114 0.15328997 0.1791713 0.15920454 0.15962666 0.1582135 0.17591868 0.15604696 0.17761427 0.13386023 0.18648489 0.1348965 0.12306503 0.16772647 0.21491821 0.14486246 0.22314374 0.16447884 0.1302769 0.17720653 0.2106577 0.114509225 0.13566296 0.15009503 0.18701586 0.19099227 0.18159008 0.14343944 0.17179045 0.19453433 0.29606345 0.1522584 0.18843941 0.20146085 0.1689049 0.17609908 0.13033594 0.15557517 0.17080235 0.13967636 0.13570355 0.2084006 0.19999962 0.14088948 0.18912448 0.19747677 0.15329695 0.3671714 0.22742607 0.2210045 0.15417455 0.13172363 0.1295348 0.17756397 0.31306133 0.1550786 0.15242514 0.1345622 0.1399908 0.3124202 0.13759635 0.12855327 0.16519925 0.22177543 0.1160898 0.1880683 0.29275516 0.20862871 0.21830824 0.13222484 0.14485401 0.15276574 0.14036328 0.13438283 0.16556314 0.17606509 0.2726249 0.15078072 0.14254478 0.15518759 0.13771713 0.13454716 0.13741763 0.16457778 0.1725345 0.17110139,0.0010404962 0.0016200164 0.0012257564 0.0013887307 0.0013721621 0.0018589996 0.0015571135 0.0028584695 0.001665601 0.0014479053 0.0010905467 0.0017629924 0.0011917213 0.0009792731 0.0012854639 0.0014233032 0.0011718431 0.0010070525 0.0014879456 0.0011080798 0.0011664499 0.0010500852 0.0010299056 0.0012849438 0.0011042145 0.0012766478 0.0014397207 0.0010886057 0.0011596911 0.0016976469 0.0014334487 0.0015384872 0.0016695443 0.001209661 0.0010902194 0.0015661995 0.0016114464 0.0013557554 0.0015949736 0.0013622153 0.0015053574 0.0013044919 0.0011504058 0.0012857622 0.0011629993 0.0016672115 0.0012404929 0.0010882294 0.0011839018 0.0017091236 0.0014832219 0.00091639324 0.0011922192 0.0014376416 0.0022120122 0.0011841507 0.0013184625 0.0021020882 0.0020175567 0.0011066071 0.0013897152 0.0013263669 0.0023003807 0.00082585734 0.0023073566 0.0011936954 0.0014995256 0.0012014571 0.001668977 0.001294009 0.0011676553 0.001076647 0.0013435786 0.0012900928 0.00089310715 0.0012757372 0.0013324529 0.0012657762 0.0011264137 0.0016833661 0.0007543295 0.0010067475 0.0013690374 0.0012072509 0.0011157368 0.0011679447 0.0012058946 0.0010407768 0.0015533359 0.001232899 0.0012060697 0.0015399699 0.0013995367 0.001152123 0.0013939209 0.0011502098 0.001231401 0.0013875535 0.001366278 0.001516093 0.0015233296 0.0011527893 0.001571733 0.0012542637 0.0019398872 0.001051553 0.0011402108 0.0015609667 0.0012860817 0.0014251273 0.0015480913 0.0012636676 0.0021630567 0.0011418584 0.0013271334 0.0010761832 0.0010404545 0.0014693706 0.001572984 0.0013114396 0.0011647473 0.0013737689 0.0013529302 0.0013598657 0.0011691002 0.0018249908 0.0014580464 0.0010066063 0.0011153242 0.0010307251 0.0015509719 0.0013238534 0.0013162342 0.0013867845 0.0019986473 0.0012863096 0.0022761438 0.002571249 0.0025193645 0.0017261619 0.0016912953 0.00095087185 0.0012600631 0.0013406576 0.0014239977 0.000981167 0.0014008356 0.0016963078 0.0016408114 0.0013342384 0.0010311562 0.0013108738 0.0013747967 0.0010199342 0.0014928832 0.0013049174 0.0011711761 0.0012938676 0.0013377961 0.0016519239 0.001747321 0.001560713 0.0012320844 0.0018819986 0.0014094617 0.0011866521 0.0014839966 0.0011474616 0.0018707047 0.001106283 0.0019403009 0.0009104103 0.0013268315 0.0017192117 0.0011227874 0.001015994 0.0012018908 0.0013216406 0.0014094274 0.001294181 0.0016447848 0.0013199688 0.0015401657 0.001976549 0.0011748003 0.0019713808 0.0015363006 0.0010369298 0.0013722611 0.0011438449 0.0015135562 0.001067636 0.0010775466 0.0016552578 0.0012005456 0.0015193116 0.0013709614 0.0010564618 0.0010466775 0.0012935103 0.0013975792 0.0012002216 0.0011031548 0.0015570575 0.0011280645 0.0011753463 0.0016486656 0.001353293 0.001436582 0.0012542946 0.0011278788 0.001409548 0.0012432354 0.0015948445 0.0009597803 0.0015323365 0.0014634745 0.0015787054 0.0014794854 0.001291403 0.001220596 0.001003994 0.001661542 0.0011492434 0.0019036871 0.0015566739 0.0014737325 0.0019226569 0.0019586026 0.0010175512 0.0011810618 0.0011483721 0.0011486594 0.0011413542 0.0013558627 0.0016515377 0.0014935296 0.0011763114 0.001438008 0.0009658897 0.0026067724 0.0017130977 0.0018103705 0.0014663285 0.00121642 0.0015374279 0.0017989903 0.0010519276 0.0013948613 0.0014348602 0.0014576315 0.0012348542 0.0025922714 0.0012013086 0.0011083684 0.003935818 0.0017551035 0.0016629765 0.0011666256 0.0011744091 0.0011786168 0.0011416039 0.0015333417 0.0012092177 0.0015631437 0.0015749853 0.0011211092 0.0012694615 0.0014992008 0.0013839066 0.0018000499 0.0010033902 0.0011090449 0.0012674863 0.0013169514 0.0014716805 0.00151615 0.0017523611 0.0014792439 0.004366816 0.0014464095 0.0029349618 0.0014524086 0.0013969669 0.0012664263 0.0011441543 0.0017142857 0.0013345471 0.0011859498 0.002598981 0.00014162328 0.0012534598 0.0012398515 0.001776194 0.0016061999 0.001096305 0.0012719604 0.001941512 0.0012211485 0.0012720273 0.0016772606 0.0013256487 0.0015016116 0.001519804 0.0011824853 0.0014147905 0.0011123039 0.0013108456 0.0014923518 0.0015984079 0.0012340565 0.0013206701 0.0011808228 0.0010342177 0.0011431853 0.0011692668 0.001413376 0.0014003124 0.0011347637 0.0007695399 0.0018220332 0.0030967302 0.0017610204 0.0013432694 0.0010473307 0.0017010176 0.0012465619 0.001051943 0.0020085552 0.001349775 0.0010915861 0.0016645016 0.0010973568 0.0012971301 0.0018188107 0.0012535437 0.0013351543 0.0016080309 0.0014776442 0.0012107987 0.0015594945 0.0010631966 0.0016025854 0.0014959144 0.0012605329 0.0015951341 0.0013327412 0.0011834647 0.0017023138 0.0013962161 0.0016516702 0.0012886766 0.0010386317 0.0011936703 0.0014168165 0.0013347458 0.0010452813 0.0011609471 0.0014389834 0.0016304456 0.0010799384 0.0009883018 0.0013465348 0.0011663885 0.0014257749 0.0008805543 0.0011001369 0.001451763 0.001336898 0.0013129534 0.0013410918 0.0015897625 0.0009892841 0.0010712881 0.0013434319 0.0016851757 0.001100107 0.0015646198 0.001603 0.0012127581 0.0028952302 0.0015961132 0.0012420574 0.0012924413 0.0014450861 0.0013385763 0.0009507339 0.0018884619 0.0012635636 0.0020111087 0.001443735 0.0013497975 0.0014729167 0.001371393 0.0011505141 0.0015216091 0.001859054 0.0010865445 0.0011666476 0.0018179948 0.0018093244 0.0020006846 0.0010094722 0.0011564194 0.001099353 0.00237199 0.0010966617 0.001876544 0.0014729268 0.00089748047 0.0010898022 0.002010627 0.0015397744 0.0013074676 0.0012789567 0.0011884897 0.0011811873 0.001890414 0.0013537143 0.001203612 0.0011148703 0.0012966751 0.001282165 0.0014044767 0.0014004464 0.0021294958 0.0013229224 0.0012070077 0.0014107976 0.001253579 0.0012569028 0.0012457756 0.0013851864 0.0012287162 0.0013985375 0.0010540176 0.001468385 0.0010621772 0.000969016 0.0013206808 0.0016922693 0.0011406493 0.0017570374 0.0012951089 0.0010258023 0.001395327 0.0016587221 0.00090164744 0.0010682123 0.0011818507 0.0014725658 0.0015038761 0.0014298431 0.0011294445 0.0013526807 0.0015317664 0.0023312082 0.001198885 0.0014837749 0.0015863059 0.0013299598 0.001386607 0.0010262673 0.0012250013 0.0013449005 0.0010998138 0.0010685319 0.0016409496 0.0015748001 0.001109366 0.0014891691 0.0015549352 0.0012070626 0.0028911135 0.0017907565 0.0017401929 0.0012139728 0.0010371939 0.001019959 0.0013981415 0.0024650497 0.0012210914 0.001200198 0.0010595449 0.0011022898 0.0024600015 0.0010834358 0.0010122305 0.0013007815 0.0017462632 0.0009140929 0.0014808527 0.0023051586 0.0016427458 0.0017189626 0.0010411405 0.0011405827 0.0012028798 0.0011052226 0.0010581325 0.0013036467 0.0013863393 0.002146653 0.0011872498 0.0011223998 0.0012219496 0.0010843868 0.0010594265 0.0010820286 0.0012958881 0.0013585393 0.0013472551,
337,512,,,0.0042772684 0.0042772684 0.0042772684 0.0042772684 0.0042772684 0.0042772684 0.0042772684 0.0042772684 0.0042772684 0.0042772684 0.0042772684 0.0042772684 0.0042772684 0.0042772684 0.0042772684 0.0042772684 0.0042772684 0.0042772684 0.0042772684 0.0042772684 0.0042772684 0.0042772684 0.0042772684 0.0042772684 0.0042772684 0.0042772684 0.0042772684 0.0042772684 0.0042772684 0.0042772684 0.0042772684 0.0042772684 0.0042772684 0.0042772684 0.0042772684 0.0042772684 0.0042772684 0.0042772684 0.0042772684 0.0042772684 0.0042772684 0.0042772684 0.0042772684 0.0042772684 0.0042772684 0.0042772684 0.0042772684 0.0042772684 0.0042772684 0.0042772684 0.0042772684 0.0042772684 0.0042772684 0.0042772684 0.0042772684 0.0042772684 0.0042772684 0.0042772684 0.0042772684 0.0042772684 0.0042772684 0.0042772684 0.0042772684 0.0042772684 0.0042772684 0.0042772684 0.0042772684 0.0042772684 0.0042772684 0.0042772684 0.0042772684 0.0042772684 0.0042772684 0.0042772684 0.0042772684 0.0042772684 0.0042772684 0.0042772684 0.0042772684 0.0042772684 0.0042772684 0.0042772684 0.0042772684 0.0042772684 0.0042772684 0.0042772684 0.0042772684 0.0042772684 0.0042772684 0.0042772684 0.0042772684 0.0042772684 0.0042772684 0.0042772684 0.0042772684 0.0042772684 0.0042772684 0.0042772684 0.0042772684 0.0042772684 0.0042772684 0.0042772684 0.0042772684 0.0042772684 0.0042772684 0.0042772684 0.0042772684 0.0042772684 0.0042772684 0.0042772684 0.0042772684 0.0042772684 0.0042772684 0.0042772684 0.0042772684 0.0042772684 0.0042772684 0.0042772684 0.0042772684 0.0042772684 0.0042772684 0.0042772684 0.0042772684 0.0042772684 0.0042772684 0.0042772684 0.0042772684 0.0042772684 0.0042772684 0.0042772684 0.0042772684 0.0042772684 0.0042772684 0.0042772684 0.0042772684 0.0042772684 0.0042772684 0.0042772684 0.0042772684 0.0042772684 0.0042772684 0.0042772684 0.0042772684 0.0042772684 0.0042772684 0.0042772684 0.0042772684 0.0042772684 0.0042772684 0.0042772684 0.0042772684 0.0042772684 0.0042772684 0.0042772684 0.0042772684 0.0042772684 0.0042772684 0.0042772684 0.0042772684 0.0042772684 0.0042772684 0.0042772684 0.0042772684 0.0042772684 0.0042772684 0.0042772684 0.0042772684 0.0042772684 0.0042772684 0.0042772684 0.0042772684 0.0042772684 0.0042772684 0.0042772684 0.0042772684 0.0042772684 0.0042772684 0.0042772684 0.0042772684 0.0042772684 0.0042772684 0.0042772684 0.0042772684 0.0042772684 0.0042772684 0.0042772684 0.0042772684 0.0042772684 0.0042772684 0.0042772684 0.0042772684 0.0042772684 0.0042772684 0.0042772684 0.0042772684 0.0042772684 0.0042772684 0.0042772684 0.0042772684 0.0042772684 0.0042772684 0.0042772684 0.0042772684 0.0042772684 0.0042772684 0.0042772684 0.0042772684 0.0042772684 0.0042772684 0.0042772684 0.0042772684 0.0042772684 0.0042772684 0.0042772684 0.0042772684 0.0042772684 0.0042772684 0.0042772684 0.0042772684 0.0042772684 0.0042772684 0.0042772684 0.0042772684 0.0042772684 0.0042772684 0.0042772684 0.0042772684 0.0042772684 0.0042772684 0.0042772684 0.0042772684 0.0042772684 0.0042772684 0.0042772684 0.0042772684 0.0042772684 0.0042772684 0.0042772684 0.0042772684 0.0042772684 0.0042772684 0.0042772684 0.0042772684 0.0042772684 0.0042772684 0.0042772684 0.0042772684 0.0042772684 0.0042772684 0.0042772684 0.0042772684 0.0042772684 0.0042772684 0.0042772684 0.0042772684 0.0042772684 0.0042772684 0.0042772684 0.0042772684 0.0042772684 0.0042772684 0.0042772684 0.0042772684 0.0042772684 0.0042772684 0.0042772684 0.0042772684 0.0042772684 0.0042772684 0.0042772684 0.0042772684 0.0042772684 0.0042772684 0.0042772684 0.0042772684 0.0042772684 0.0042772684 0.0042772684 0.0042772684 0.0042772684 0.0042772684 0.0042772684 0.0042772684 0.0042772684 0.0042772684 0.0042772684 0.0042772684 0.0042772684 0.0042772684 0.0042772684 0.0042772684 0.0042772684 0.0042772684 0.0042772684 0.0042772684 0.0042772684 0.0042772684 0.0042772684 0.0042772684 0.0042772684 0.0042772684 0.0042772684 0.0042772684 0.0042772684 0.0042772684 0.0042772684 0.0042772684 0.0042772684 0.0042772684 0.0042772684 0.0042772684 0.0042772684 0.0042772684 0.0042772684 0.0042772684 0.0042772684 0.0042772684 0.0042772684 0.0042772684 0.0042772684 0.0042772684 0.0042772684 0.0042772684 0.0042772684 0.0042772684 0.0042772684 0.0042772684 0.0042772684 0.0042772684 0.0042772684 0.0042772684 0.0042772684 0.0042772684 0.0042772684 0.0042772684 0.0042772684 0.0042772684 0.0042772684 0.0042772684 0.0042772684 0.0042772684 0.0042772684 0.0042772684 0.0042772684 0.0042772684 0.0042772684 0.0042772684 0.0042772684 0.0042772684 0.0042772684 0.0042772684 0.0042772684 0.0042772684 0.0042772684 0.0042772684 0.0042772684 0.0042772684 0.0042772684 0.0042772684 0.0042772684 0.0042772684 0.0042772684 0.0042772684 0.0042772684 0.0042772684 0.0042772684 0.0042772684 0.0042772684 0.0042772684 0.0042772684 0.0042772684 0.0042772684 0.0042772684 0.0042772684 0.0042772684 0.0042772684 0.0042772684 0.0042772684 0.0042772684 0.0042772684 0.0042772684 0.0042772684 0.0042772684 0.0042772684 0.0042772684 0.0042772684 0.0042772684 0.0042772684 0.0042772684 0.0042772684 0.0042772684 0.0042772684 0.0042772684 0.0042772684 0.0042772684 0.0042772684 0.0042772684 0.0042772684 0.0042772684 0.0042772684 0.0042772684 0.0042772684 0.0042772684 0.0042772684 0.0042772684 0.0042772684 0.0042772684 0.0042772684 0.0042772684 0.0042772684 0.0042772684 0.0042772684 0.0042772684 0.0042772684 0.0042772684 0.0042772684 0.0042772684 0.0042772684 0.0042772684 0.0042772684 0.0042772684 0.0042772684 0.0042772684 0.0042772684 0.0042772684 0.0042772684 0.0042772684 0.0042772684 0.0042772684 0.0042772684 0.0042772684 0.0042772684 0.0042772684 0.0042772684 0.0042772684 0.0042772684 0.0042772684 0.0042772684 0.0042772684 0.0042772684 0.0042772684 0.0042772684 0.0042772684 0.0042772684 0.0042772684 0.0042772684 0.0042772684 0.0042772684 0.0042772684 0.0042772684 0.0042772684 0.0042772684 0.0042772684 0.0042772684 0.0042772684 0.0042772684 0.0042772684 0.0042772684 0.0042772684 0.0042772684 0.0042772684 0.0042772684 0.0042772684 0.0042772684 0.0042772684 0.0042772684 0.0042772684 0.0042772684 0.0042772684 0.0042772684 0.0042772684 0.0042772684 0.0042772684 0.0042772684 0.0042772684 0.0042772684 0.0042772684 0.0042772684 0.0042772684 0.0042772684 0.0042772684 0.0042772684 0.0042772684 0.0042772684 0.0042772684 0.0042772684 0.0042772684 0.0042772684 0.0042772684 0.0042772684 0.0042772684 0.0042772684 0.0042772684 0.0042772684 0.0042772684 0.0042772684 0.0042772684 0.0042772684 0.0042772684 0.0042772684 0.0042772684 0.0042772684 0.0042772684 0.0042772684 0.0042772684 0.0042772684 0.0042772684 0.0042772684 0.0042772684 0.0042772684 0.0042772684 0.0042772684,12 12 12 12 12 12 12 11 12 12 12 12 12 12 12 12 12 12 12 12 12 12 12 12 12 12 12 12 12 12 12 12 12 12 12 12 12 12 12 12 12 12 12 12 12 12 12 12 12 12 12 13 12 12 11 12 12 11 11 12 12 12 11 13 11 12 12 12 12 12 12 12 12 12 13 12 12 12 12 12 13 12 12 12 12 12 12 12 12 12 12 12 12 12 12 12 12 12 12 12 12 12 12 12 12 12 12 12 12 12 12 12 11 12 12 12 12 12 12 12 12 12 12 12 12 12 12 12 12 12 12 12 12 12 11 12 11 11 11 12 12 13 12 12 12 12 12 12 12 12 12 12 12 12 12 12 12 12 12 12 12 12 12 12 12 12 12 12 12 12 12 13 12 12 12 12 12 12 12 12 12 12 12 11 12 11 12 12 12 12 12 12 12 12 12 12 12 12 12 12 12 12 12 12 12 12 12 12 12 12 12 12 12 12 13 12 12 12 12 12 12 12 12 12 12 12 12 12 11 12 12 12 12 12 12 12 12 12 12 13 11 12 12 12 12 12 12 12 12 12 12 12 11 12 12 10 12 12 12 12 12 12 12 12 12 12 12 12 12 12 12 12 12 12 12 12 12 12 12 10 12 11 12 12 12 12 12 12 12 11 15 12 12 12 12 12 12 12 12 12 12 12 12 12 12 12 12 12 12 12 12 12 12 12 12 12 12 12 12 13 12 11 12 12 12 12 12 12 11 12 12 12 12 12 12 12 12 12 12 12 12 12 12 12 12 12 12 12 12 12 12 12 12 12 12 12 12 12 12 12 12 12 12 12 12 13 12 12 12 12 12 12 12 12 12 12 12 12 12 12 11 12 12 12 12 12 13 12 12 11 12 12 12 12 12 12 12 12 12 12 12 11 12 12 12 11 12 12 12 13 12 11 12 12 12 12 12 12 12 12 12 12 12 12 12 11 12 12 12 12 12 12 12 12 12 12 12 12 13 12 12 12 12 12 12 12 12 13 12 12 12 12 12 12 12 12 11 12 12 12 12 12 12 12 12 12 12 12 12 12 12 12 12 11 12 12 12 12 12 12 11 12 12 12 12 11 12 12 12 12 13 12 11 12 12 12 12 12 12 12 12 12 11 12 12 12 12 12 12 12 12 12
342,1x1x512x256,0.36612067 0.23161629 0.47535595 0.26602593 0.288997 0.45497295 0.3112099 0.365158 0.33608353 0.49726537 0.21966368 0.41102213 0.38304606 0.4665026 0.4101443 0.44128048 0.38743433 0.18791622 0.26102296 0.3755885 0.50896865 0.29193252 0.41455933 0.34401116 0.29311994 0.3694817 0.3029295 0.2896803 0.41476354 0.3480539 0.34574407 0.37301424 0.36372656 0.41300598 0.3334546 0.8248484 0.35502765 0.32413673 0.30082935 0.2833612 0.48596963 0.47629482 0.42337325 0.4249924 0.45756426 0.518957 0.5174995 0.49651203 0.40563318 0.3330076 0.31333804 0.28032717 0.4113009 0.24409008 0.30767772 0.245949 0.4038658 0.41897845 0.29055536 0.34488067 0.41483313 0.29357716 0.546074 0.31113344 0.40212342 0.3085611 0.23392546 0.43714654 0.51748806 0.3839986 0.34334752 0.2910261 0.31267217 0.27486935 0.25277656 0.39321637 0.33183673 0.36821476 0.46916434 0.33607122 0.45337665 0.3435213 0.2626547 0.3053871 0.39160436 0.35694912 0.46449527 0.32907215 0.54391533 0.27925503 0.29214638 0.3361459 0.30707595 0.34844223 0.45990014 0.2968025 0.32157972 0.39278814 0.39567187 0.4027177 0.45185778 0.4812542 0.3758229 0.4606856 0.40350395 0.48420084 0.41165966 0.23033993 0.43725 0.2797553 0.36239466 0.33721018 0.32799834 0.27637562 0.33619216 0.35763764 0.30991858 0.53472215 0.43717766 0.48834813 0.33941436 0.23702914 0.34504563 0.3206753 0.2622484 0.3766491 0.2975404 0.30439383 0.24998519 0.3183813 0.41082066 0.41340983 0.34898627 0.66087884 0.28326732 0.4055622 0.4650046 0.23605244 0.29243425 0.40655726 0.41368324 0.15617687 0.38568774 0.38399222 0.24553053 0.37554994 0.37694615 0.4319954 0.37952992 0.32109758 0.3012747 0.31047666 0.3440237 0.58236074 0.41842473 0.2783167 0.42637065 0.31098324 0.25236946 0.44827232 0.31296653 0.36278373 0.39247563 0.34600708 0.39662534 0.5030798 0.28280455 0.31026193 0.34204018 0.25240833 0.4556571 0.3618806 0.34282598 0.32884666 0.39533734 0.38956347 0.2850427 0.57621264 0.3298857 0.3653666 0.45018864 0.27025378 0.20524815 0.36623946 0.33191013 0.33356798 0.4002454 0.31208605 0.4549587 0.2900941 0.30853343 0.4600232 0.4437277 0.32683322 0.4125946 0.29008475 0.2875587 0.40208778 0.23934375 0.37857056 0.382877 0.3519252 0.39648354 0.30737188 0.3808496 0.40004066 0.3032518 0.43330488 0.3465301 0.49993452 1.4542485 0.33853626 0.28053135 0.4865525 0.36177304 0.52802575 0.36679295 0.29805925 0.42787635 0.29762584 0.30139464 0.34950668 0.6787148 0.35806164 0.29893738 0.31069043 0.29618028 0.30106422 0.27437595 0.35377112 0.19989169 0.34160647 0.33162078 0.3896058 0.4866714 0.34794176 0.34263223 0.28655425 0.26436394 0.40233472 0.2661775 0.29862678 0.28122288 0.33327776 0.21820231 0.37706554 0.3048 0.500846 0.33353287 0.25001147 0.32176912 0.36066282 0.29803735 0.3546516 0.2751675 0.38351,0.36607596 0.23158802 0.47529796 0.26599345 0.2889617 0.45491743 0.3111719 0.3651134 0.3360425 0.49720466 0.21963687 0.41097197 0.38299933 0.46644565 0.41009426 0.44122663 0.38738707 0.18789329 0.2609911 0.37554267 0.50890654 0.29189688 0.41450876 0.3439692 0.29308414 0.36943662 0.3028925 0.28964496 0.4147129 0.3480114 0.34570187 0.3729687 0.36368215 0.41295555 0.3334139 0.82474774 0.3549843 0.32409716 0.30079263 0.2833266 0.48591033 0.47623667 0.4233216 0.42494053 0.45750844 0.5188937 0.5174364 0.49645144 0.40558368 0.33296698 0.3132998 0.28029296 0.41125068 0.2440603 0.30764017 0.24591897 0.40381652 0.41892734 0.2905199 0.34483856 0.41478252 0.29354134 0.54600734 0.31109548 0.40207437 0.30852345 0.23389691 0.4370932 0.51742494 0.38395172 0.34330562 0.29099056 0.312634 0.27483582 0.25274572 0.3931684 0.33179623 0.3681698 0.4691071 0.33603022 0.45332134 0.3434794 0.26262265 0.30534986 0.3915566 0.35690558 0.4644386 0.329032 0.543849 0.27922097 0.2921107 0.3361049 0.30703846 0.3483997 0.459844 0.29676625 0.32154047 0.3927402 0.39562356 0.40266857 0.4518026 0.48119548 0.37577704 0.4606294 0.4034547 0.48414174 0.41160944 0.23031181 0.43719664 0.27972117 0.36235043 0.33716902 0.32795832 0.2763419 0.33615115 0.357594 0.30988076 0.5346569 0.4371243 0.48828852 0.33937293 0.2370002 0.34500352 0.32063618 0.2622164 0.37660313 0.29750407 0.30435666 0.24995467 0.31834245 0.4107705 0.41335937 0.34894368 0.6607982 0.28323275 0.4055127 0.46494785 0.23602362 0.29239857 0.40650764 0.41363275 0.1561578 0.38564065 0.38394535 0.24550056 0.3755041 0.37690017 0.43194267 0.3794836 0.3210584 0.30123794 0.31043875 0.3439817 0.58228964 0.41837364 0.27828276 0.42631862 0.31094527 0.25233865 0.44821763 0.31292835 0.36273947 0.39242774 0.34596485 0.39657694 0.5030184 0.28277004 0.3102241 0.34199846 0.25237754 0.45560148 0.36183643 0.34278414 0.32880655 0.3952891 0.3895159 0.28500792 0.5761423 0.32984543 0.36532202 0.4501337 0.27022082 0.2052231 0.36619475 0.33186963 0.33352727 0.40019655 0.31204796 0.4549032 0.2900587 0.30849576 0.45996705 0.44367355 0.3267933 0.41254425 0.29004934 0.28752363 0.40203872 0.23931454 0.37852436 0.38283026 0.35188225 0.39643517 0.3073344 0.38080314 0.39999184 0.3032148 0.43325198 0.34648782 0.49987352 1.454071 0.33849493 0.2804971 0.4864931 0.36172888 0.5279613 0.36674818 0.2980229 0.42782414 0.2975895 0.30135787 0.34946403 0.678632 0.35801792 0.2989009 0.3106525 0.29614413 0.30102748 0.27434248 0.35372797 0.1998673 0.34156477 0.3315803 0.38955823 0.486612 0.3478993 0.34259042 0.28651926 0.2643317 0.40228564 0.26614502 0.29859033 0.28118858 0.33323708 0.21817568 0.37701952 0.3047628 0.5007849 0.33349216 0.24998097 0.32172987 0.3606188 0.29800096 0.3546083 0.2751339 0.38346317,0.0028824878 0.0018235277 0.0037425037 0.0020944367 0.002275289 0.003582027 0.0024501723 0.0028749087 0.0026460038 0.0039149974 0.0017294242 0.0032359997 0.0030157429 0.0036728005 0.0032290886 0.0034742255 0.003050292 0.0014794747 0.002055048 0.0029570288 0.0040071383 0.0022984007 0.0032638486 0.0027084188 0.0023077491 0.0029089497 0.0023849804 0.002280669 0.003265456 0.0027402472 0.002722062 0.0029367614 0.002863639 0.0032516185 0.0026253064 0.006494077 0.0027951521 0.002551946 0.002368446 0.002230918 0.0038260655 0.0037498951 0.003333241 0.0033459885 0.0036024286 0.0040857773 0.004074302 0.0039090663 0.0031935724 0.0026217874 0.0024669275 0.0022070312 0.0032381944 0.0019217345 0.0024223635 0.0019363699 0.0031796577 0.0032986405 0.0022875583 0.0027152642 0.0032660041 0.0023113491 0.0042992705 0.0024495707 0.0031659398 0.0024293184 0.001841708 0.0034416788 0.004074212 0.0030232419 0.0027031938 0.0022912642 0.0024616849 0.0021640616 0.0019901237 0.003095814 0.0026125687 0.0028989748 0.0036937566 0.0026459072 0.0035694593 0.0027045622 0.002067895 0.0024043296 0.0030831227 0.00281028 0.0036569966 0.0025908032 0.0042822757 0.0021985902 0.0023000843 0.0026464954 0.0024176256 0.0027433047 0.003620819 0.0023367421 0.0025318149 0.0030924424 0.0031151462 0.0031706186 0.003557501 0.0037889408 0.0029588742 0.0036270032 0.0031768086 0.0038121396 0.0032410193 0.0018134789 0.0034424933 0.002202529 0.002853153 0.0026548742 0.0025823489 0.0021759204 0.0026468595 0.0028157008 0.002440006 0.0042098965 0.0034419238 0.0038447916 0.0026722278 0.0018661433 0.0027165632 0.0025246944 0.002064696 0.002965379 0.0023425517 0.0023965093 0.001968147 0.0025066335 0.0032344135 0.0032547982 0.002747588 0.0052031353 0.002230179 0.0031930134 0.0036610067 0.0018584537 0.002302351 0.0032008477 0.0032569508 0.001229589 0.0030365405 0.0030231916 0.0019330753 0.0029567252 0.0029677178 0.0034011235 0.00298806 0.0025280188 0.0023719524 0.0024443995 0.0027085175 0.004584958 0.0032942807 0.002191203 0.0033568395 0.002448388 0.0019869185 0.0035292727 0.0024640027 0.0028562164 0.0030899823 0.0027241327 0.003122653 0.0039607747 0.0022265357 0.0024427094 0.0026929013 0.0019872247 0.0035874133 0.0028491057 0.0026990876 0.0025890279 0.0031125126 0.0030670543 0.0022441568 0.0045365538 0.0025972081 0.0028765514 0.00354436 0.002127723 0.0016159299 0.0028834234 0.0026131468 0.002626199 0.003151154 0.0024570706 0.0035819148 0.0022839268 0.0024291005 0.0036217878 0.0034934925 0.0025731756 0.00324838 0.002283853 0.0022639656 0.0031656593 0.0018843665 0.0029805067 0.0030144115 0.0027707263 0.0031215367 0.0024199558 0.0029984498 0.003149542 0.002387518 0.003411433 0.0027282506 0.003936012 0.011449378 0.0026653144 0.0022086387 0.0038306543 0.002848259 0.004157176 0.002887781 0.002346637 0.003368694 0.0023432246 0.0023728965 0.0027516852 0.005343559 0.0028190387 0.0023535504 0.0024460827 0.0023318436 0.002370295 0.002160177 0.0027852596 0.0015737582 0.0026894864 0.0026108685 0.0030673875 0.0038315905 0.0027393645 0.0026975623 0.0022560572 0.002081352 0.0031676034 0.0020956302 0.002351105 0.0022140832 0.002623914 0.0017179188 0.0029686578 0.0023997072 0.003943188 0.0026259224 0.0019683542 0.0025333061 0.002839518 0.0023464642 0.0027921912 0.0021664088 0.003019395,
343,256,,,0.005637976 0.005637976 0.005637976 0.005637976 0.005637976 0.005637976 0.005637976 0.005637976 0.005637976 0.005637976 0.005637976 0.005637976 0.005637976 0.005637976 0.005637976 0.005637976 0.005637976 0.005637976 0.005637976 0.005637976 0.005637976 0.005637976 0.005637976 0.005637976 0.005637976 0.005637976 0.005637976 0.005637976 0.005637976 0.005637976 0.005637976 0.005637976 0.005637976 0.005637976 0.005637976 0.005637976 0.005637976 0.005637976 0.005637976 0.005637976 0.005637976 0.005637976 0.005637976 0.005637976 0.005637976 0.005637976 0.005637976 0.005637976 0.005637976 0.005637976 0.005637976 0.005637976 0.005637976 0.005637976 0.005637976 0.005637976 0.005637976 0.005637976 0.005637976 0.005637976 0.005637976 0.005637976 0.005637976 0.005637976 0.005637976 0.005637976 0.005637976 0.005637976 0.005637976 0.005637976 0.005637976 0.005637976 0.005637976 0.005637976 0.005637976 0.005637976 0.005637976 0.005637976 0.005637976 0.005637976 0.005637976 0.005637976 0.005637976 0.005637976 0.005637976 0.005637976 0.005637976 0.005637976 0.005637976 0.005637976 0.005637976 0.005637976 0.005637976 0.005637976 0.005637976 0.005637976 0.005637976 0.005637976 0.005637976 0.005637976 0.005637976 0.005637976 0.005637976 0.005637976 0.005637976 0.005637976 0.005637976 0.005637976 0.005637976 0.005637976 0.005637976 0.005637976 0.005637976 0.005637976 0.005637976 0.005637976 0.005637976 0.005637976 0.005637976 0.005637976 0.005637976 0.005637976 0.005637976 0.005637976 0.005637976 0.005637976 0.005637976 0.005637976 0.005637976 0.005637976 0.005637976 0.005637976 0.005637976 0.005637976 0.005637976 0.005637976 0.005637976 0.005637976 0.005637976 0.005637976 0.005637976 0.005637976 0.005637976 0.005637976 0.005637976 0.005637976 0.005637976 0.005637976 0.005637976 0.005637976 0.005637976 0.005637976 0.005637976 0.005637976 0.005637976 0.005637976 0.005637976 0.005637976 0.005637976 0.005637976 0.005637976 0.005637976 0.005637976 0.005637976 0.005637976 0.005637976 0.005637976 0.005637976 0.005637976 0.005637976 0.005637976 0.005637976 0.005637976 0.005637976 0.005637976 0.005637976 0.005637976 0.005637976 0.005637976 0.005637976 0.005637976 0.005637976 0.005637976 0.005637976 0.005637976 0.005637976 0.005637976 0.005637976 0.005637976 0.005637976 0.005637976 0.005637976 0.005637976 0.005637976 0.005637976 0.005637976 0.005637976 0.005637976 0.005637976 0.005637976 0.005637976 0.005637976 0.005637976 0.005637976 0.005637976 0.005637976 0.005637976 0.005637976 0.005637976 0.005637976 0.005637976 0.005637976 0.005637976 0.005637976 0.005637976 0.005637976 0.005637976 0.005637976 0.005637976 0.005637976 0.005637976 0.005637976 0.005637976 0.005637976 0.005637976 0.005637976 0.005637976 0.005637976 0.005637976 0.005637976 0.005637976 0.005637976 0.005637976 0.005637976 0.005637976 0.005637976 0.005637976 0.005637976 0.005637976 0.005637976 0.005637976 0.005637976 0.005637976 0.005637976 0.005637976 0.005637976 0.005637976 0.005637976 0.005637976 0.005637976 0.005637976 0.005637976 0.005637976 0.005637976 0.005637976 0.005637976,14 15 14 14 14 14 14 14 14 13 15 14 14 14 14 14 14 15 14 14 13 14 14 14 14 14 14 14 14 14 14 14 14 14 14 13 14 14 14 14 14 14 14 14 14 13 13 13 14 14 14 14 14 15 14 15 14 14 14 14 14 14 13 14 14 14 15 14 13 14 14 14 14 14 14 14 14 14 14 14 14 14 14 14 14 14 14 14 13 14 14 14 14 14 14 14 14 14 14 14 14 14 14 14 14 14 14 15 14 14 14 14 14 14 14 14 14 13 14 14 14 15 14 14 14 14 14 14 14 14 14 14 14 13 14 14 14 15 14 14 14 15 14 14 15 14 14 14 14 14 14 14 14 13 14 14 14 14 14 14 14 14 14 14 14 13 14 14 14 14 14 14 14 14 14 14 14 13 14 14 14 14 15 14 14 14 14 14 14 14 14 14 14 14 14 14 14 14 15 14 14 14 14 14 14 14 14 14 14 13 12 14 14 14 14 13 14 14 14 14 14 14 13 14 14 14 14 14 14 14 15 14 14 14 14 14 14 14 14 14 14 14 14 14 15 14 14 13 14 14 14 14 14 14 14 14
352,1x1x512x512,0.06324154 0.11528803 0.1347651 0.10862227 0.15913133 0.14596078 0.123669095 0.11983685 0.10216723 0.1153147 0.070022866 0.2515206 0.08179862 0.3055923 0.1719685 0.07741559 0.22832912 0.08809945 0.16645059 0.06810819 0.07243583 0.10746076 0.068794355 0.16765441 0.17118022 0.13074154 0.123867 0.12527056 0.14640023 0.10465338 0.1070588 0.068362884 0.15257056 0.0796049 0.14420383 0.18659328 0.13815793 0.112519465 0.13220544 0.12510635 0.14256167 0.1278775 0.17505021 0.17109771 0.088019274 0.10344713 0.17876838 0.28964654 0.13934654 0.12689799 0.09708468 0.14822242 0.13473827 0.15478562 0.12095972 0.09796808 0.08050658 0.1321149 0.103990935 0.2985912 0.07293207 0.110772215 0.071952276 0.086190104 0.12393853 0.21621475 0.10299381 0.10165678 0.11501475 0.08591662 0.0984018 0.06900852 0.115168065 0.09664809 0.15263999 0.10953542 0.056324676 0.13045307 0.13973925 0.07352783 0.108310066 0.14940295 0.0844312 0.09761515 0.060831275 0.13297684 0.073038414 0.09729091 0.15613385 0.18265843 0.10619093 0.08661373 0.18928316 0.06258486 0.12122631 0.121188626 0.12056393 0.10249348 0.09738683 0.15336527 0.22150321 0.08097997 0.053095464 0.1399421 0.12300922 0.13884449 0.06737431 0.10051106 0.11527588 0.1098853 0.10110797 0.27452424 0.10371923 0.08943112 0.13786636 0.15501773 0.12647748 0.15704238 0.09467436 0.085955136 0.08900467 0.088079706 0.09845028 0.19726579 0.0865616 0.09637709 0.2545651 0.17582977 0.10326451 0.10040987 0.1728116 0.059321616 0.1629685 0.09013751 0.12653784 0.09931454 0.10785333 0.045191504 0.11581175 0.16267611 0.1258323 0.047384605 0.086443745 0.16408461 0.05924474 0.17967345 0.10313361 0.16043551 0.1476276 0.051824078 0.13312477 0.07420742 0.08660951 0.13187979 0.07663366 0.16433716 0.13488643 0.08350968 0.0791682 0.12850644 0.15752733 0.07850792 0.11267699 0.13031816 0.08716508 0.09445031 0.16134748 0.12203566 0.14481911 0.2639531 0.0733603 0.14320765 0.1534254 0.10830705 0.11032017 0.14041106 0.10908381 0.115044445 0.07786413 0.11159208 0.06938779 0.12397479 0.12382817 0.11211187 0.08228723 0.122619465 0.17705585 0.08525119 0.12581359 0.22345027 0.10636998 0.25177184 0.1545644 0.09477233 0.08020629 0.11963051 0.12598003 0.17001987 0.10597608 0.08829722 0.14221779 0.15999253 0.18106964 0.093201 0.04437229 0.101296745 0.1781589 0.087615654 0.10206018 0.13579577 0.085658416 0.14711207 0.070852995 0.13484418 0.08706581 0.19128436 0.09592114 0.12561321 0.12927735 0.13604127 0.06123417 0.103411324 0.13921097 0.07595139 0.14272194 0.09058952 0.065279685 0.082242094 0.13272436 0.08915623 0.10536734 0.101928875 0.09975303 0.10959005 0.0659429 0.047449157 0.1640316 0.16014528 0.1453574 0.13620266 0.16294529 0.12700729 0.17527117 0.109094165 0.044461362 0.11431847 0.16991237 0.08400039 0.15227649 0.10154632 0.09164972 0.17397623 0.09861102 0.057066232 0.15923838 0.17049167 0.12753494 0.12750627 0.12195901 0.08184332 0.087289214 0.092764504 0.11025061 0.10199982 0.12556131 0.0714369 0.13675946 0.13196763 0.13496809 0.06590486 0.092867814 0.19052117 0.09010281 0.11680538 0.1226985 0.13115895 0.14671774 0.14580368 0.075814836 0.073646955 0.18947174 0.12290632 0.17051837 0.09794962 0.1633697 0.10203539 0.07842795 0.23999508 0.12428236 0.16353768 0.098832145 0.103125945 0.1209909 0.10532525 0.09279833 0.16971101 0.2792549 0.12768526 0.23526028 0.06879934 0.097055554 0.092608854 0.11906775 0.12503314 0.089797 0.0782154 0.06564242 0.14735691 0.053762507 0.16747406 0.18396477 0.087280005 0.10266564 0.16507031 0.06845694 0.17877562 0.16160896 0.06990792 0.09757307 0.1290222 0.07292601 0.08560001 0.09277974 0.06633334 0.11073194 0.124998346 0.114637464 0.09554949 0.19138284 0.18220481 0.2250209 0.1346923 0.12841576 0.11576088 0.3195901 0.099263445 0.09349343 0.04949762 0.102461375 0.1057287 0.13208917 0.14171846 0.04065785 0.11535956 0.07179795 0.103327565 0.13381393 0.081755675 0.059761733 0.2209811 0.11359842 0.109688684 0.046178583 0.11672488 0.09203347 0.11058561 0.13936633 0.12955649 0.11740897 0.14333892 0.07495766 0.09980551 0.109692104 0.39937955 0.19696294 0.14664215 0.13183188 0.13002113 0.0919878 0.113746576 0.11823243 0.15327647 0.14793757 0.09999485 0.122799814 0.09890572 0.14640307 0.15447235 0.097598195 0.10881268 0.17579117 0.12987815 0.103933044 0.12886566 0.1296524 0.05439936 0.08088936 0.15788607 0.1498438 0.14089681 0.14844151 0.12144275 0.06361964 0.115235515 0.09151283 0.07840592 0.09987557 0.063496865 0.11107261 0.07908792 0.15073675 0.15685885 0.14192739 0.05533502 0.10577163 0.13948067 0.09736713 0.1075994 0.108051 0.0897152 0.0879774 0.15465009 0.10582516 0.11707352 0.049641006 0.12794751 0.07592332 0.23275042 0.09907232 0.069967315 0.13711351 0.12420832 0.1434645 0.1283396 0.07921117 0.07004994 0.16573994 0.09001316 0.09163377 0.11280904 0.063003026 0.1235927 0.1393721 0.14451495 0.1125236 0.1288554 0.097547986 0.113515876 0.1352064 0.07505558 0.20124273 0.17570756 0.11664521 0.08402749 0.11670007 0.104847655 0.1723247 0.06501768 0.079486586 0.09995146 0.1448122 0.1349243 0.13846509 0.13143538 0.15217602 0.10333047 0.16259445 0.15981847 0.10980341 0.12954418 0.13855143 0.118196316 0.122687586 0.09522274 0.11383203 0.0859447 0.15765415 0.14391835 0.11854555 0.19911404 0.05542691 0.14403276 0.10161967 0.08243619 0.08989681 0.16655011 0.18211535 0.11255622 0.17346095 0.16998842 0.12387112 0.19592191 0.11886073 0.2304136 0.10711131 0.17613073 0.111161366 0.07882781 0.06296464 0.10332452 0.10058536 0.12448131 0.21664146 0.10294538 0.1478731 0.12270957 0.1449725 0.06425628 0.08556857 0.09700968 0.20699848 0.12284379 0.13919356 0.10391192 0.12492772 0.25960514 0.16299024 0.091726005 0.08593276 0.15744056 0.1261009 0.1381226,0.06323382 0.11527395 0.13474867 0.10860901 0.1591119 0.14594296 0.12365401 0.11982223 0.102154754 0.115300626 0.07001432 0.2514899 0.08178864 0.305555 0.17194751 0.077406146 0.22830126 0.0880887 0.16643028 0.068099886 0.07242699 0.10744765 0.06878596 0.16763395 0.17115933 0.13072558 0.12385188 0.12525527 0.14638236 0.10464061 0.10704574 0.06835454 0.15255195 0.079595186 0.14418623 0.18657051 0.13814108 0.112505734 0.1321893 0.12509109 0.14254428 0.12786189 0.17502886 0.17107682 0.08800853 0.1034345 0.17874657 0.2896112 0.13932954 0.1268825 0.09707283 0.14820433 0.13472183 0.15476674 0.120944954 0.09795613 0.08049676 0.13209878 0.10397824 0.29855478 0.072923176 0.11075869 0.0719435 0.086179584 0.123923406 0.21618836 0.10298124 0.101644374 0.11500071 0.08590613 0.09838979 0.069000095 0.115154006 0.096636295 0.15262136 0.10952205 0.056317803 0.13043714 0.13972218 0.07351885 0.10829685 0.14938472 0.0844209 0.09760324 0.06082385 0.13296062 0.073029496 0.09727904 0.1561148 0.18263614 0.10617796 0.086603165 0.18926007 0.062577225 0.12121152 0.12117384 0.12054922 0.10248097 0.097374946 0.15334655 0.22147618 0.080970086 0.05308898 0.13992502 0.12299421 0.13882755 0.06736609 0.10049879 0.115261815 0.10987189 0.10109563 0.27449074 0.10370657 0.08942021 0.13784954 0.15499882 0.12646204 0.15702322 0.0946628 0.085944645 0.08899381 0.08806896 0.09843827 0.19724172 0.08655103 0.09636533 0.254534 0.17580831 0.103251904 0.100397624 0.1727905 0.059314374 0.16294862 0.09012651 0.12652239 0.09930242 0.10784017 0.045185987 0.11579762 0.16265625 0.12581696 0.04737882 0.086433195 0.16406459 0.05923751 0.17965153 0.10312102 0.16041593 0.14760959 0.051817752 0.13310851 0.074198365 0.08659895 0.1318637 0.076624304 0.1643171 0.13486998 0.08349949 0.07915854 0.12849075 0.1575081 0.07849834 0.11266325 0.13030225 0.08715444 0.094438784 0.16132778 0.122020766 0.14480144 0.26392087 0.07335135 0.14319018 0.15340668 0.10829383 0.11030671 0.14039393 0.109070495 0.1150304 0.077854626 0.11157846 0.06937933 0.12395967 0.123813055 0.11209818 0.082277186 0.122604504 0.17703424 0.08524078 0.12579823 0.223423 0.10635699 0.2517411 0.15454553 0.09476076 0.0801965 0.11961591 0.12596466 0.16999911 0.10596315 0.08828644 0.14220043 0.159973 0.18104754 0.09318963 0.044366878 0.101284385 0.17813715 0.08760496 0.10204773 0.1357792 0.08564796 0.14709412 0.07084435 0.13482772 0.087055184 0.19126102 0.09590943 0.12559788 0.12926157 0.13602467 0.061226696 0.1033987 0.13919398 0.07594212 0.14270452 0.09057847 0.06527171 0.08223206 0.13270816 0.08914535 0.10535448 0.10191644 0.099740855 0.10957668 0.06593485 0.047443364 0.16401157 0.16012575 0.14533965 0.13618603 0.1629254 0.1269918 0.17524977 0.10908085 0.044455938 0.11430452 0.16989164 0.083990134 0.1522579 0.10153392 0.091638535 0.173955 0.09859899 0.057059266 0.15921895 0.17047085 0.12751938 0.1274907 0.12194413 0.08183333 0.08727856 0.09275318 0.11023715 0.10198737 0.12554598 0.07142818 0.13674277 0.13195153 0.1349516 0.065896824 0.09285648 0.1904979 0.09009181 0.11679112 0.122683525 0.13114294 0.14669985 0.14578588 0.07580558 0.07363796 0.18944861 0.12289132 0.17049757 0.09793766 0.16334976 0.10202293 0.07841838 0.2399658 0.1242672 0.16351771 0.09882008 0.10311336 0.120976135 0.1053124 0.092787005 0.1696903 0.27922085 0.12766969 0.23523156 0.06879094 0.09704371 0.09259755 0.119053215 0.12501788 0.08978604 0.07820585 0.06563441 0.14733893 0.053755943 0.16745363 0.18394233 0.08726936 0.102653116 0.16505016 0.06844858 0.17875381 0.16158925 0.06989939 0.097561166 0.12900646 0.07291711 0.085589565 0.09276842 0.06632525 0.11071842 0.12498309 0.11462347 0.09553783 0.19135948 0.18218257 0.22499344 0.13467586 0.1284001 0.11574675 0.3195511 0.09925133 0.09348202 0.04949158 0.102448866 0.1057158 0.13207304 0.14170118 0.04065289 0.115345486 0.07178919 0.10331496 0.1337976 0.0817457 0.05975444 0.22095414 0.11358456 0.1096753 0.046172947 0.11671063 0.09202224 0.11057211 0.13934931 0.12954068 0.11739464 0.14332142 0.07494851 0.09979333 0.109678715 0.3993308 0.1969389 0.14662425 0.1318158 0.13000526 0.091976576 0.113732696 0.118218005 0.15325776 0.14791952 0.09998265 0.12278482 0.09889365 0.14638521 0.1544535 0.09758629 0.1087994 0.17576973 0.12986231 0.103920355 0.12884992 0.12963657 0.05439272 0.08087949 0.1578668 0.14982551 0.14087962 0.1484234 0.12142793 0.06361188 0.115221456 0.09150166 0.07839634 0.09986338 0.06348912 0.11105905 0.079078265 0.15071836 0.15683971 0.14191006 0.055328265 0.10575873 0.13946363 0.09735525 0.107586265 0.108037814 0.08970425 0.087966666 0.15463123 0.105812244 0.11705924 0.04963495 0.1279319 0.07591406 0.23272201 0.09906023 0.069958776 0.13709678 0.12419317 0.143447 0.12832394 0.0792015 0.07004139 0.1657197 0.09000217 0.09162258 0.11279527 0.06299534 0.12357761 0.13935508 0.14449732 0.11250987 0.12883967 0.09753608 0.11350202 0.13518989 0.07504641 0.20121817 0.17568612 0.11663098 0.08401723 0.11668583 0.104834855 0.17230366 0.06500974 0.079476885 0.099939264 0.14479452 0.13490783 0.1384482 0.13141933 0.15215744 0.103317864 0.16257462 0.15979896 0.10979001 0.12952837 0.13853453 0.11818189 0.12267262 0.095211126 0.11381814 0.08593421 0.15763491 0.1439008 0.11853108 0.19908975 0.055420145 0.1440152 0.10160727 0.08242612 0.089885846 0.16652979 0.18209313 0.11254249 0.17343979 0.16996768 0.123856 0.19589801 0.11884622 0.23038548 0.10709824 0.17610924 0.1111478 0.078818195 0.06295695 0.103311904 0.100573085 0.12446612 0.216615 0.10293282 0.14785506 0.1226946 0.1449548 0.06424844 0.08555813 0.09699784 0.20697321 0.1228288 0.13917658 0.10389924 0.12491247 0.25957346 0.16297035 0.09171481 0.08592228 0.15742134 0.1260855 0.13810575,0.00049790414 0.0009076689 0.0010610131 0.0008551891 0.0012528496 0.0011491572 0.00097365363 0.0009434821 0.0008043681 0.0009078789 0.00055129384 0.0019802356 0.000644005 0.0024059447 0.0013539174 0.0006094972 0.0017976477 0.0006936118 0.0013104746 0.00053621957 0.00057029125 0.00084604445 0.0005416217 0.0013199524 0.0013477112 0.0010293353 0.0009752117 0.000986262 0.001152617 0.00082394184 0.0008428798 0.0005382247 0.0012011965 0.00062673376 0.0011353246 0.0014690591 0.001087725 0.00088587194 0.0010408607 0.0009849692 0.001122396 0.0010067865 0.00137818 0.0013470616 0.00069298054 0.0008144449 0.0014074533 0.0022804032 0.001097083 0.0009990748 0.000764353 0.0011669633 0.0010608018 0.0012186357 0.0009523225 0.0007713081 0.00063383277 0.0010401479 0.0008187263 0.0023508251 0.00057419826 0.00087211566 0.00056648423 0.0006785794 0.00097577483 0.0017022705 0.0008108759 0.0008003494 0.0009055174 0.0006764262 0.0007747228 0.00054330786 0.0009067244 0.0007609157 0.001201743 0.00086237834 0.00044344726 0.001027064 0.0011001746 0.0005788886 0.0008527311 0.0011762576 0.0006647315 0.0007685294 0.00047892795 0.001046934 0.0005750354 0.0007659767 0.0012292505 0.0014380799 0.00083604694 0.0006819147 0.0014902367 0.0004927341 0.0009544214 0.00095412467 0.0009492064 0.00080693676 0.00076673186 0.0012074532 0.001743907 0.00063755974 0.00041802347 0.0011017718 0.0009684583 0.0010931303 0.0005304417 0.000791329 0.0009075733 0.00086513296 0.0007960286 0.0021613445 0.0008165871 0.0007040961 0.0010854295 0.0012204632 0.0009957642 0.0012364034 0.0007453764 0.0006767295 0.0007007387 0.0006934564 0.0007751045 0.0015530845 0.0006815042 0.00075878215 0.0020042048 0.0013843174 0.0008130071 0.00079053245 0.0013605551 0.00046704232 0.0012830601 0.00070965756 0.0009962393 0.0007819088 0.0008491352 0.00035579517 0.0009117923 0.0012807578 0.0009906847 0.00037306157 0.0006805763 0.0012918471 0.00046643708 0.001414579 0.00081197656 0.0012631175 0.0011622802 0.0004080138 0.0010480986 0.0005842391 0.0006818815 0.0010382968 0.000603341 0.0012938355 0.0010619683 0.0006574763 0.00062329555 0.0010117382 0.0012402213 0.0006180972 0.00088711217 0.001026002 0.00068625546 0.0007436125 0.0012702974 0.00096079346 0.0011401688 0.002078117 0.0005775697 0.0011274817 0.0012079267 0.0008527073 0.0008685568 0.001105464 0.0008588228 0.0009057512 0.00061302853 0.00087857054 0.0005462939 0.0009760604 0.00097490597 0.00088266283 0.00064785185 0.0009653898 0.0013939705 0.00067118724 0.0009905372 0.0017592362 0.00083745667 0.0019822135 0.0012168939 0.0007461477 0.0006314685 0.0009418576 0.0009918477 0.0013385756 0.0008343555 0.0006951688 0.0011196884 0.0012596298 0.0014255712 0.0007337766 0.0003493455 0.00079751486 0.0014026548 0.00068980287 0.0008035254 0.0010691276 0.00067439344 0.0011582214 0.00055782957 0.0010616356 0.0006854739 0.0015059923 0.00075519236 0.0009889597 0.0010178076 0.0010710604 0.00048209997 0.000814163 0.0010960156 0.00059796945 0.0011236576 0.00071321626 0.0005139505 0.00064749655 0.0010449461 0.0007019319 0.00082956284 0.0008024917 0.00078536104 0.0008628085 0.00051917206 0.00037356978 0.0012914296 0.0012608327 0.0011444067 0.001072331 0.0012828772 0.0009999354 0.0013799195 0.0008589043 0.00035004676 0.0009000356 0.0013377295 0.00066133967 0.0011988812 0.00079947966 0.0007215633 0.0013697244 0.00077637 0.00044928555 0.0012536925 0.0013422902 0.0010040896 0.0010038638 0.00096019 0.00064435694 0.00068723276 0.00073034 0.00086800905 0.0008030502 0.0009885511 0.00056242663 0.0010767147 0.0010389884 0.0010626111 0.00051887264 0.0007311534 0.0014999835 0.00070938433 0.00091961515 0.000966012 0.0010326216 0.001155117 0.0011479204 0.00059689436 0.0005798265 0.0014917214 0.00096764823 0.0013425006 0.0007711627 0.0012862186 0.00080333016 0.00061746757 0.0018894945 0.0009784818 0.001287541 0.0007781109 0.00081191625 0.000952568 0.0008292315 0.0007306063 0.001336144 0.0021985893 0.0010052732 0.001852217 0.000541661 0.0007641237 0.0007291146 0.00093742687 0.0009843927 0.0007069767 0.0006157941 0.0005168064 0.001160149 0.00042327514 0.0013185325 0.0014483648 0.0006871603 0.00080829224 0.0012996076 0.0005389652 0.0014075103 0.0012723563 0.0005503889 0.00076819817 0.0010157989 0.0005741505 0.0006739336 0.00073046004 0.00052224606 0.0008717986 0.0009841188 0.00090254704 0.0007522663 0.0015067675 0.0014345084 0.0017716018 0.0010604399 0.0010110245 0.00091139175 0.0025161505 0.00078150653 0.0007360789 0.0003896975 0.00080668397 0.00083240785 0.0010399453 0.0011157573 0.0003201015 0.0009082322 0.0005652692 0.00081350363 0.0010535244 0.00064366695 0.0004705074 0.0017397964 0.00089436665 0.00086358504 0.0003635665 0.0009189814 0.00072458456 0.0008706465 0.0010972386 0.0010200053 0.0009243672 0.0011285151 0.00059014576 0.00078577426 0.00086361193 0.0031443369 0.0015507 0.0011545217 0.0010379198 0.0010236634 0.000724225 0.000895533 0.00093085045 0.001206754 0.0011647206 0.00078726496 0.00096680963 0.00077869016 0.0011526394 0.0012161693 0.00076839596 0.0008566882 0.0013840137 0.0010225378 0.0008182705 0.0010145663 0.0010207604 0.00042828915 0.00063684635 0.0012430457 0.0011797284 0.0011092883 0.0011686882 0.00095612544 0.00050088094 0.00090725557 0.0007204855 0.00061729405 0.00078632584 0.0004999143 0.0008744807 0.0006226635 0.0011867587 0.0012349584 0.0011174021 0.00043565562 0.00083274586 0.0010981389 0.00076657673 0.00084713596 0.00085069146 0.0007063327 0.0006926509 0.0012175688 0.0008331673 0.0009217263 0.00039082638 0.0010073377 0.0005977485 0.0018324568 0.0007800018 0.0005508565 0.0010795022 0.000977899 0.001129504 0.0010104247 0.00062363385 0.000551507 0.0013048796 0.0007086785 0.0007214377 0.00088815176 0.0004960263 0.00097305205 0.001097284 0.0011377742 0.0008859045 0.0010144856 0.0007680006 0.0008937167 0.0010644874 0.0005909166 0.0015843951 0.0013833552 0.00091835414 0.000661553 0.00091878604 0.0008254713 0.0013567217 0.0005118877 0.00062580226 0.00078692334 0.0011401144 0.0010622663 0.0010901432 0.0010347979 0.00119809 0.0008135265 0.0012801151 0.0012582595 0.0008644883 0.0010199085 0.0010908231 0.00093056605 0.0009659261 0.0007496939 0.00089620583 0.0006766473 0.0012412198 0.0011330772 0.00093331555 0.0015676358 0.0004363791 0.0011339779 0.00080005726 0.0006490246 0.00070776255 0.0013112582 0.0014338042 0.00088616135 0.0013656676 0.0013383282 0.0009752441 0.0015425041 0.00093579706 0.0018140589 0.0008432932 0.0013866869 0.00087517954 0.0006206157 0.00049572403 0.00081347954 0.00079191406 0.0009800482 0.00170563 0.00081049465 0.001164213 0.0009660992 0.0011413763 0.00050589326 0.0006736861 0.0007637625 0.0016297103 0.00096715585 0.0010958785 0.00081810425 0.0009835628 0.0020438854 0.0012832311 0.0007221638 0.00067655335 0.0012395381 0.0009927993 0.0010874468,
353,512,,,0.0042772684 0.0042772684 0.0042772684 0.0042772684 0.0042772684 0.0042772684 0.0042772684 0.0042772684 0.0042772684 0.0042772684 0.0042772684 0.0042772684 0.0042772684 0.0042772684 0.0042772684 0.0042772684 0.0042772684 0.0042772684 0.0042772684 0.0042772684 0.0042772684 0.0042772684 0.0042772684 0.0042772684 0.0042772684 0.0042772684 0.0042772684 0.0042772684 0.0042772684 0.0042772684 0.0042772684 0.0042772684 0.0042772684 0.0042772684 0.0042772684 0.0042772684 0.0042772684 0.0042772684 0.0042772684 0.0042772684 0.0042772684 0.0042772684 0.0042772684 0.0042772684 0.0042772684 0.0042772684 0.0042772684 0.0042772684 0.0042772684 0.0042772684 0.0042772684 0.0042772684 0.0042772684 0.0042772684 0.0042772684 0.0042772684 0.0042772684 0.0042772684 0.0042772684 0.0042772684 0.0042772684 0.0042772684 0.0042772684 0.0042772684 0.0042772684 0.0042772684 0.0042772684 0.0042772684 0.0042772684 0.0042772684 0.0042772684 0.0042772684 0.0042772684 0.0042772684 0.0042772684 0.0042772684 0.0042772684 0.0042772684 0.0042772684 0.0042772684 0.0042772684 0.0042772684 0.0042772684 0.0042772684 0.0042772684 0.0042772684 0.0042772684 0.0042772684 0.0042772684 0.0042772684 0.0042772684 0.0042772684 0.0042772684 0.0042772684 0.0042772684 0.0042772684 0.0042772684 0.0042772684 0.0042772684 0.0042772684 0.0042772684 0.0042772684 0.0042772684 0.0042772684 0.0042772684 0.0042772684 0.0042772684 0.0042772684 0.0042772684 0.0042772684 0.0042772684 0.0042772684 0.0042772684 0.0042772684 0.0042772684 0.0042772684 0.0042772684 0.0042772684 0.0042772684 0.0042772684 0.0042772684 0.0042772684 0.0042772684 0.0042772684 0.0042772684 0.0042772684 0.0042772684 0.0042772684 0.0042772684 0.0042772684 0.0042772684 0.0042772684 0.0042772684 0.0042772684 0.0042772684 0.0042772684 0.0042772684 0.0042772684 0.0042772684 0.0042772684 0.0042772684 0.0042772684 0.0042772684 0.0042772684 0.0042772684 0.0042772684 0.0042772684 0.0042772684 0.0042772684 0.0042772684 0.0042772684 0.0042772684 0.0042772684 0.0042772684 0.0042772684 0.0042772684 0.0042772684 0.0042772684 0.0042772684 0.0042772684 0.0042772684 0.0042772684 0.0042772684 0.0042772684 0.0042772684 0.0042772684 0.0042772684 0.0042772684 0.0042772684 0.0042772684 0.0042772684 0.0042772684 0.0042772684 0.0042772684 0.0042772684 0.0042772684 0.0042772684 0.0042772684 0.0042772684 0.0042772684 0.0042772684 0.0042772684 0.0042772684 0.0042772684 0.0042772684 0.0042772684 0.0042772684 0.0042772684 0.0042772684 0.0042772684 0.0042772684 0.0042772684 0.0042772684 0.0042772684 0.0042772684 0.0042772684 0.0042772684 0.0042772684 0.0042772684 0.0042772684 0.0042772684 0.0042772684 0.0042772684 0.0042772684 0.0042772684 0.0042772684 0.0042772684 0.0042772684 0.0042772684 0.0042772684 0.0042772684 0.0042772684 0.0042772684 0.0042772684 0.0042772684 0.0042772684 0.0042772684 0.0042772684 0.0042772684 0.0042772684 0.0042772684 0.0042772684 0.0042772684 0.0042772684 0.0042772684 0.0042772684 0.0042772684 0.0042772684 0.0042772684 0.0042772684 0.0042772684 0.0042772684 0.0042772684 0.0042772684 0.0042772684 0.0042772684 0.0042772684 0.0042772684 0.0042772684 0.0042772684 0.0042772684 0.0042772684 0.0042772684 0.0042772684 0.0042772684 0.0042772684 0.0042772684 0.0042772684 0.0042772684 0.0042772684 0.0042772684 0.0042772684 0.0042772684 0.0042772684 0.0042772684 0.0042772684 0.0042772684 0.0042772684 0.0042772684 0.0042772684 0.0042772684 0.0042772684 0.0042772684 0.0042772684 0.0042772684 0.0042772684 0.0042772684 0.0042772684 0.0042772684 0.0042772684 0.0042772684 0.0042772684 0.0042772684 0.0042772684 0.0042772684 0.0042772684 0.0042772684 0.0042772684 0.0042772684 0.0042772684 0.0042772684 0.0042772684 0.0042772684 0.0042772684 0.0042772684 0.0042772684 0.0042772684 0.0042772684 0.0042772684 0.0042772684 0.0042772684 0.0042772684 0.0042772684 0.0042772684 0.0042772684 0.0042772684 0.0042772684 0.0042772684 0.0042772684 0.0042772684 0.0042772684 0.0042772684 0.0042772684 0.0042772684 0.0042772684 0.0042772684 0.0042772684 0.0042772684 0.0042772684 0.0042772684 0.0042772684 0.0042772684 0.0042772684 0.0042772684 0.0042772684 0.0042772684 0.0042772684 0.0042772684 0.0042772684 0.0042772684 0.0042772684 0.0042772684 0.0042772684 0.0042772684 0.0042772684 0.0042772684 0.0042772684 0.0042772684 0.0042772684 0.0042772684 0.0042772684 0.0042772684 0.0042772684 0.0042772684 0.0042772684 0.0042772684 0.0042772684 0.0042772684 0.0042772684 0.0042772684 0.0042772684 0.0042772684 0.0042772684 0.0042772684 0.0042772684 0.0042772684 0.0042772684 0.0042772684 0.0042772684 0.0042772684 0.0042772684 0.0042772684 0.0042772684 0.0042772684 0.0042772684 0.0042772684 0.0042772684 0.0042772684 0.0042772684 0.0042772684 0.0042772684 0.0042772684 0.0042772684 0.0042772684 0.0042772684 0.0042772684 0.0042772684 0.0042772684 0.0042772684 0.0042772684 0.0042772684 0.0042772684 0.0042772684 0.0042772684 0.0042772684 0.0042772684 0.0042772684 0.0042772684 0.0042772684 0.0042772684 0.0042772684 0.0042772684 0.0042772684 0.0042772684 0.0042772684 0.0042772684 0.0042772684 0.0042772684 0.0042772684 0.0042772684 0.0042772684 0.0042772684 0.0042772684 0.0042772684 0.0042772684 0.0042772684 0.0042772684 0.0042772684 0.0042772684 0.0042772684 0.0042772684 0.0042772684 0.0042772684 0.0042772684 0.0042772684 0.0042772684 0.0042772684 0.0042772684 0.0042772684 0.0042772684 0.0042772684 0.0042772684 0.0042772684 0.0042772684 0.0042772684 0.0042772684 0.0042772684 0.0042772684 0.0042772684 0.0042772684 0.0042772684 0.0042772684 0.0042772684 0.0042772684 0.0042772684 0.0042772684 0.0042772684 0.0042772684 0.0042772684 0.0042772684 0.0042772684 0.0042772684 0.0042772684 0.0042772684 0.0042772684 0.0042772684 0.0042772684 0.0042772684 0.0042772684 0.0042772684 0.0042772684 0.0042772684 0.0042772684 0.0042772684 0.0042772684 0.0042772684 0.0042772684 0.0042772684 0.0042772684 0.0042772684 0.0042772684 0.0042772684 0.0042772684 0.0042772684 0.0042772684 0.0042772684 0.0042772684 0.0042772684 0.0042772684 0.0042772684 0.0042772684 0.0042772684 0.0042772684 0.0042772684 0.0042772684 0.0042772684 0.0042772684 0.0042772684 0.0042772684 0.0042772684 0.0042772684 0.0042772684 0.0042772684 0.0042772684 0.0042772684 0.0042772684 0.0042772684 0.0042772684 0.0042772684 0.0042772684 0.0042772684 0.0042772684 0.0042772684 0.0042772684 0.0042772684 0.0042772684 0.0042772684 0.0042772684 0.0042772684 0.0042772684 0.0042772684 0.0042772684 0.0042772684 0.0042772684 0.0042772684 0.0042772684 0.0042772684 0.0042772684 0.0042772684 0.0042772684 0.0042772684 0.0042772684 0.0042772684 0.0042772684 0.0042772684 0.0042772684 0.0042772684 0.0042772684 0.0042772684 0.0042772684 0.0042772684 0.0042772684,14 14 13 14 13 13 14 14 14 14 14 12 14 12 13 14 13 14 13 14 14 14 14 13 13 13 13 13 13 14 14 14 13 14 13 13 13 14 13 13 13 13 13 13 14 14 13 12 13 13 14 13 13 13 14 14 14 13 14 12 14 14 14 14 13 13 14 14 14 14 14 14 14 14 13 14 15 13 13 14 14 13 14 14 15 13 14 14 13 13 14 14 13 14 14 14 14 14 14 13 13 14 15 13 14 13 14 14 14 14 14 12 14 14 13 13 13 13 14 14 14 14 14 13 14 14 12 13 14 14 13 15 13 14 13 14 14 15 14 13 13 15 14 13 15 13 14 13 13 15 13 14 14 13 14 13 13 14 14 13 13 14 14 13 14 14 13 14 13 12 14 13 13 14 14 13 14 14 14 14 14 13 13 14 14 14 13 14 13 13 14 12 13 14 14 14 13 13 14 14 13 13 13 14 15 14 13 14 14 13 14 13 14 13 14 13 14 13 13 13 15 14 13 14 13 14 14 14 13 14 14 14 14 14 14 15 13 13 13 13 13 13 13 14 15 14 13 14 13 14 14 13 14 15 13 13 13 13 14 14 14 14 14 14 13 14 13 13 13 14 14 13 14 14 14 13 13 13 14 14 13 14 13 14 13 14 14 13 13 13 14 14 14 14 14 13 12 13 13 14 14 14 14 13 14 14 14 13 15 13 13 14 14 13 14 13 13 14 14 13 14 14 14 14 14 13 14 14 13 13 13 13 13 14 12 14 14 15 14 14 13 13 15 14 14 14 13 14 15 13 14 14 15 14 14 14 13 13 14 13 14 14 14 12 13 13 13 13 14 14 14 13 13 14 14 14 13 13 14 14 13 13 14 13 13 15 14 13 13 13 13 14 14 14 14 14 14 14 14 14 13 13 13 15 14 13 14 14 14 14 14 13 14 14 15 13 14 13 14 14 13 13 13 13 14 14 13 14 14 14 14 14 13 13 14 13 14 14 13 14 13 13 14 14 14 14 13 14 14 14 13 13 13 13 13 14 13 13 14 13 13 14 14 14 14 14 13 13 14 13 15 13 14 14 14 13 13 14 13 13 13 13 14 13 14 13 14 14 14 14 14 13 13 14 13 14 13 14 14 14 13 14 13 14 13 12 13 14 14 13 13 13
363,1x1x768x256,0.15936875 0.16403636 0.2282963 0.09092312 0.14501521 0.2736265 0.30451354 0.13619635 0.10795746 0.102512956 0.16472487 0.33453733 0.1402643 0.15672158 0.20915088 0.25806955 0.104563504 0.33318827 0.23068522 0.19297871 0.3861637 0.12873496 0.15145697 0.18948543 0.22933874 0.14856064 0.18528287 0.19220418 0.18545659 0.116236344 0.32308185 0.111691214 0.19178909 0.20760015 0.12884162 0.20842612 0.123112224 0.19396198 0.1551105 0.16508265 0.20082504 0.16092712 0.24877821 0.14732195 0.2035713 0.22735906 0.2125063 0.11129965 0.17813735 0.28969005 0.4112464 0.28861293 0.15626612 0.19922386 0.14029337 0.23381048 0.29495925 0.23725279 0.124396965 0.21525352 0.12840466 0.24932636 0.17109866 0.26450232 0.18275267 0.23946585 0.21451405 0.3786182 0.18381533 0.16842067 0.2518245 0.17508923 0.123619996 0.506659 0.18080065 0.24781142 0.22023112 0.30712652 0.16282132 0.19255026 0.13662246 0.22041036 0.2980678 0.18433401 0.16065633 0.16808489 0.16582642 0.22526854 0.27891597 0.27272403 0.35433605 0.23910558 0.18591551 0.21068414 0.13388735 0.15666631 0.16300628 0.18746528 0.119579166 0.12536725 0.1968014 0.19285001 0.21922225 0.2064031 0.5016105 0.12463864 0.25754008 0.09345939 0.20794743 0.18786415 0.16236275 0.3540131 0.15663335 0.12920219 0.20641737 0.3104147 0.27586353 0.1843225 0.16400476 0.20222396 0.26175237 0.50579315 0.14107235 0.2507793 0.21004258 0.2991492 0.31604326 0.10172121 0.17708422 0.10078394 0.20226286 0.20553872 0.461811 0.17701174 0.23504639 0.3672705 0.13769825 0.11347346 0.1464774 0.17817278 0.1648364 0.11136331 0.14449963 0.49596912 0.15160136 0.07593784 0.1480828 0.14113003 0.16849329 0.1083265 0.14523458 0.16469307 0.33847824 0.1286781 0.12942712 0.24127834 0.15963672 0.23481266 0.14319119 0.20652612 0.18996349 0.22362077 0.11839324 0.26246157 0.15669739 0.286097 0.096201226 0.18320385 0.0958117 0.31549338 0.2696841 0.28449398 0.13251615 0.16640882 0.2641048 0.1170352 0.108540334 0.14695041 0.16988526 0.20291853 0.20060134 0.22139552 0.2936879 0.19379199 0.09326107 0.3522879 0.1386542 0.110020846 0.27408206 0.17098908 0.34088537 0.107644945 0.18520539 0.17857286 0.19735894 0.10284817 0.15572914 0.31530488 0.40396324 0.15154062 0.20147477 0.22371988 0.16489416 0.4725024 0.0889533 0.32091147 0.30521274 0.11430658 0.21690322 0.13414723 0.0850003 0.20316362 0.22250204 0.22042 0.3751148 0.24928202 0.20029862 0.1664718 0.21238725 0.19561993 0.24131401 0.14958568 0.0800941 0.16149718 0.1781737 0.20536824 0.14588985 0.24902548 0.18521741 0.19277987 0.1655194 0.16481914 0.25473642 0.18917097 0.30756906 0.18319657 0.23149355 0.12846373 0.18360749 0.697878 0.13188139 0.27685252 0.21632285 0.2168485 0.14806783 0.2480078 0.2539952 0.2181704 0.16551377 0.1533796 0.12707038 0.41203648 0.11155173 0.27590665 0.20065223 0.15721723,0.1593493 0.16401634 0.22826844 0.09091202 0.14499752 0.27359313 0.30447638 0.13617972 0.10794428 0.102500446 0.16470477 0.3344965 0.14024718 0.15670246 0.20912535 0.25803804 0.10455074 0.3331476 0.23065706 0.19295515 0.38611656 0.12871924 0.15143847 0.1894623 0.22931074 0.14854252 0.18526025 0.19218072 0.18543395 0.11622216 0.32304242 0.11167759 0.19176568 0.20757481 0.1288259 0.20840068 0.1230972 0.19393831 0.15509155 0.1650625 0.20080052 0.16090748 0.24874784 0.14730398 0.20354646 0.22733131 0.21248035 0.11128607 0.1781156 0.28965467 0.4111962 0.2885777 0.15624705 0.19919956 0.14027625 0.23378195 0.29492325 0.23722383 0.12438179 0.21522725 0.128389 0.24929594 0.17107777 0.26447004 0.18273038 0.23943663 0.21448787 0.378572 0.18379289 0.16840011 0.25179377 0.17506786 0.12360491 0.5065971 0.18077858 0.24778119 0.22020425 0.30708906 0.16280146 0.19252676 0.13660578 0.22038347 0.29803145 0.18431152 0.16063672 0.16806439 0.16580619 0.22524105 0.27888194 0.27269074 0.3542928 0.23907639 0.18589284 0.21065843 0.13387102 0.15664719 0.16298638 0.18744239 0.11956458 0.12535195 0.19677737 0.19282646 0.21919549 0.20637791 0.5015493 0.12462343 0.25750867 0.09344798 0.20792206 0.18784124 0.16234294 0.3539699 0.15661423 0.12918642 0.20639218 0.31037682 0.27582988 0.18430002 0.16398475 0.20219928 0.26172042 0.50573146 0.14105512 0.2507487 0.21001695 0.29911268 0.3160047 0.1017088 0.1770626 0.100771636 0.20223819 0.20551363 0.46175465 0.17699015 0.2350177 0.36722568 0.13768145 0.11345962 0.14645953 0.17815104 0.16481629 0.11134972 0.14448199 0.4959086 0.15158287 0.07592857 0.14806472 0.1411128 0.16847272 0.10831328 0.14521685 0.16467297 0.33843693 0.12866239 0.12941132 0.24124889 0.15961723 0.234784 0.14317372 0.2065009 0.1899403 0.22359347 0.11837879 0.26242954 0.15667826 0.2860621 0.096189484 0.18318148 0.095800005 0.31545487 0.26965117 0.28445926 0.13249996 0.16638851 0.2640726 0.11702092 0.10852709 0.14693248 0.16986452 0.20289376 0.20057686 0.2213685 0.2936521 0.19376834 0.09324969 0.3522449 0.13863729 0.11000742 0.2740486 0.1709682 0.34084377 0.10763181 0.18518278 0.17855108 0.19733484 0.102835625 0.15571013 0.3152664 0.40391394 0.15152213 0.20145018 0.22369257 0.16487403 0.47244474 0.088942446 0.3208723 0.30517548 0.11429262 0.21687675 0.13413087 0.08498992 0.20313883 0.22247487 0.2203931 0.37506902 0.2492516 0.20027417 0.16645147 0.21236132 0.19559605 0.24128455 0.14956743 0.080084324 0.16147748 0.17815197 0.20534317 0.14587204 0.2489951 0.1851948 0.19275634 0.16549921 0.16479902 0.25470534 0.18914787 0.3075315 0.18317421 0.2314653 0.12844805 0.18358509 0.6977928 0.1318653 0.27681875 0.21629646 0.21682203 0.14804977 0.24797754 0.25396422 0.21814378 0.16549358 0.15336089 0.12705489 0.41198617 0.11153812 0.27587298 0.20062773 0.15719806,0.001254719 0.0012914672 0.0017973894 0.0007158427 0.0011417128 0.0021542767 0.0023974518 0.0010722813 0.00084995496 0.00080709014 0.001296888 0.0026338308 0.0011043085 0.0012338776 0.0016466563 0.0020317957 0.0008232342 0.0026232093 0.0018161973 0.0015193319 0.0030402879 0.0010135373 0.001192429 0.0014918292 0.0018055964 0.0011696261 0.0014587422 0.001513234 0.0014601098 0.0009151351 0.002543641 0.0008793511 0.001509966 0.0016344474 0.0010143772 0.0016409502 0.0009692693 0.0015270733 0.0012211933 0.0012997048 0.0015811065 0.001266988 0.0019586445 0.0011598739 0.001602728 0.0017900104 0.0016730736 0.00087626826 0.0014024851 0.0022807454 0.0032377653 0.0022722655 0.0012302917 0.0015685004 0.0011045374 0.0018408027 0.0023222303 0.0018679042 0.0009793842 0.0016947028 0.001010937 0.0019629602 0.001347069 0.0020824412 0.0014388219 0.0018853277 0.0016888808 0.0029808818 0.0014471881 0.0013259851 0.0019826281 0.0013784871 0.000973267 0.003988954 0.0014234533 0.001951033 0.0017338918 0.002418024 0.0012819013 0.0015159587 0.0010756361 0.0017353029 0.0023467042 0.0014512718 0.0012648561 0.0013233416 0.0013055606 0.0017735516 0.0021959208 0.0021471712 0.0027897072 0.0018824913 0.0014637231 0.0016587278 0.0010541026 0.0012334425 0.0012833574 0.0014759244 0.0009414534 0.0009870232 0.0015494281 0.0015183187 0.0017259486 0.0016250229 0.0039492073 0.0009812869 0.0020276273 0.0007358109 0.0016371815 0.0014790648 0.0012782909 0.0027871646 0.001233183 0.0010172159 0.0016251353 0.002443912 0.0021718887 0.0014511812 0.0012912184 0.0015921203 0.0020607908 0.0039821374 0.0011106703 0.0019743992 0.0016536767 0.002355218 0.002488226 0.0008008567 0.0013941937 0.00079347746 0.0015924267 0.0016182176 0.0036358633 0.0013936232 0.0018505331 0.0028915408 0.0010841059 0.0008933828 0.0011532247 0.0014027641 0.0012977661 0.0008767694 0.0011376535 0.003904792 0.0011935659 0.00059786276 0.0011658639 0.0011111244 0.0013265569 0.00085286045 0.0011434398 0.0012966376 0.0026648578 0.0010130897 0.0010189868 0.0018995976 0.0012568285 0.001848693 0.0011273521 0.0016259913 0.001495593 0.0017605785 0.00093211647 0.0020663743 0.001233687 0.0022524574 0.0007573975 0.0014423738 0.0007543308 0.0024838967 0.0021232376 0.0022398366 0.0010433068 0.0013101457 0.0020793118 0.0009214246 0.000854544 0.0011569487 0.0013375159 0.0015975886 0.0015793453 0.0017430591 0.002312221 0.0015257349 0.00073424954 0.002773582 0.0010916322 0.00086620013 0.002157863 0.0013462063 0.0026838093 0.0008474946 0.0014581322 0.001405914 0.0015538177 0.00080972933 0.001226064 0.0024824126 0.0031804247 0.0011930877 0.001586222 0.0017613588 0.0012982207 0.0037200374 0.0007003342 0.0025265536 0.0024029566 0.0008999419 0.0017076909 0.0010561486 0.00066921196 0.0015995183 0.0017517706 0.0017353788 0.0029532993 0.001962611 0.001576962 0.0013106415 0.0016721364 0.0015401264 0.0018998784 0.0011776963 0.00063058524 0.0012714762 0.0014027713 0.0016168754 0.0011485987 0.0019605914 0.0014582268 0.0015177665 0.0013031433 0.00129763 0.0020055538 0.0014893534 0.0024215078 0.0014423166 0.0018225614 0.001011402 0.0014455519 0.0054944316 0.0010383094 0.0021796753 0.0017031218 0.00170726 0.0011657462 0.001952579 0.0019997181 0.0017176676 0.001303099 0.001207566 0.0010004322 0.0032439856 0.0008782529 0.0021722282 0.0015797459 0.00123778,
364,256,,,0.0045940573 0.0045940573 0.0045940573 0.0045940573 0.0045940573 0.0045940573 0.0045940573 0.0045940573 0.0045940573 0.0045940573 0.0045940573 0.0045940573 0.0045940573 0.0045940573 0.0045940573 0.0045940573 0.0045940573 0.0045940573 0.0045940573 0.0045940573 0.0045940573 0.0045940573 0.0045940573 0.0045940573 0.0045940573 0.0045940573 0.0045940573 0.0045940573 0.0045940573 0.0045940573 0.0045940573 0.0045940573 0.0045940573 0.0045940573 0.0045940573 0.0045940573 0.0045940573 0.0045940573 0.0045940573 0.0045940573 0.0045940573 0.0045940573 0.0045940573 0.0045940573 0.0045940573 0.0045940573 0.0045940573 0.0045940573 0.0045940573 0.0045940573 0.0045940573 0.0045940573 0.0045940573 0.0045940573 0.0045940573 0.0045940573 0.0045940573 0.0045940573 0.0045940573 0.0045940573 0.0045940573 0.0045940573 0.0045940573 0.0045940573 0.0045940573 0.0045940573 0.0045940573 0.0045940573 0.0045940573 0.0045940573 0.0045940573 0.0045940573 0.0045940573 0.0045940573 0.0045940573 0.0045940573 0.0045940573 0.0045940573 0.0045940573 0.0045940573 0.0045940573 0.0045940573 0.0045940573 0.0045940573 0.0045940573 0.0045940573 0.0045940573 0.0045940573 0.0045940573 0.0045940573 0.0045940573 0.0045940573 0.0045940573 0.0045940573 0.0045940573 0.0045940573 0.0045940573 0.0045940573 0.0045940573 0.0045940573 0.0045940573 0.0045940573 0.0045940573 0.0045940573 0.0045940573 0.0045940573 0.0045940573 0.0045940573 0.0045940573 0.0045940573 0.0045940573 0.0045940573 0.0045940573 0.0045940573 0.0045940573 0.0045940573 0.0045940573 0.0045940573 0.0045940573 0.0045940573 0.0045940573 0.0045940573 0.0045940573 0.0045940573 0.0045940573 0.0045940573 0.0045940573 0.0045940573 0.0045940573 0.0045940573 0.0045940573 0.0045940573 0.0045940573 0.0045940573 0.0045940573 0.0045940573 0.0045940573 0.0045940573 0.0045940573 0.0045940573 0.0045940573 0.0045940573 0.0045940573 0.0045940573 0.0045940573 0.0045940573 0.0045940573 0.0045940573 0.0045940573 0.0045940573 0.0045940573 0.0045940573 0.0045940573 0.0045940573 0.0045940573 0.0045940573 0.0045940573 0.0045940573 0.0045940573 0.0045940573 0.0045940573 0.0045940573 0.0045940573 0.0045940573 0.0045940573 0.0045940573 0.0045940573 0.0045940573 0.0045940573 0.0045940573 0.0045940573 0.0045940573 0.0045940573 0.0045940573 0.0045940573 0.0045940573 0.0045940573 0.0045940573 0.0045940573 0.0045940573 0.0045940573 0.0045940573 0.0045940573 0.0045940573 0.0045940573 0.0045940573 0.0045940573 0.0045940573 0.0045940573 0.0045940573 0.0045940573 0.0045940573 0.0045940573 0.0045940573 0.0045940573 0.0045940573 0.0045940573 0.0045940573 0.0045940573 0.0045940573 0.0045940573 0.0045940573 0.0045940573 0.0045940573 0.0045940573 0.0045940573 0.0045940573 0.0045940573 0.0045940573 0.0045940573 0.0045940573 0.0045940573 0.0045940573 0.0045940573 0.0045940573 0.0045940573 0.0045940573 0.0045940573 0.0045940573 0.0045940573 0.0045940573 0.0045940573 0.0045940573 0.0045940573 0.0045940573 0.0045940573 0.0045940573 0.0045940573 0.0045940573 0.0045940573 0.0045940573 0.0045940573 0.0045940573 0.0045940573 0.0045940573 0.0045940573 0.0045940573 0.0045940573 0.0045940573 0.0045940573 0.0045940573 0.0045940573 0.0045940573 0.0045940573 0.0045940573 0.0045940573 0.0045940573 0.0045940573 0.0045940573 0.0045940573 0.0045940573 0.0045940573 0.0045940573 0.0045940573 0.0045940573 0.0045940573,14 14 14 15 14 13 13 14 15 15 14 13 14 14 14 13 15 13 14 14 13 14 14 14 14 14 14 14 14 15 13 15 14 14 14 14 15 14 14 14 14 14 13 14 14 14 14 15 14 13 13 13 14 14 14 14 13 14 14 14 14 13 14 13 14 14 14 13 14 14 13 14 15 12 14 13 14 13 14 14 14 14 13 14 14 14 14 14 13 13 13 14 14 14 14 14 14 14 15 14 14 14 14 14 12 14 13 15 14 14 14 13 14 14 14 13 13 14 14 14 13 12 14 13 14 13 13 15 14 15 14 14 13 14 14 13 14 15 14 14 14 15 14 12 14 15 14 14 14 15 14 14 13 14 14 14 14 14 14 14 14 14 15 13 14 13 15 14 15 13 13 13 14 14 13 15 15 14 14 14 14 14 13 14 15 13 14 15 13 14 13 15 14 14 14 15 14 13 13 14 14 14 14 13 15 13 13 15 14 14 15 14 14 14 13 13 14 14 14 14 14 14 15 14 14 14 14 13 14 14 14 14 13 14 13 14 14 14 14 12 14 13 14 14 14 13 13 14 14 14 14 13 15 13 14 14
373,1x1x128x64,0.21605553 0.16653855 0.30096492 0.59414226 0.35067835 0.17951633 0.19414832 0.17842442 0.14026219 0.25630906 0.17332102 0.41360503 0.20242345 0.3021399 0.38528797 0.36555508 0.20231585 0.37416774 0.19027776 0.24634974 0.32459462 0.29699335 0.4075744 0.51608694 0.42577264 0.20307495 0.2247485 0.3667052 0.34719282 0.27070314 0.2138837 0.24470885 0.36760163 0.1755076 0.20102465 0.9435674 0.38514102 0.23862526 0.42487454 0.30648857 0.3997044 0.38131773 0.25996533 0.17817116 0.33213902 0.17467701 0.23084378 0.29195464 0.2970445 0.20455632 0.36758578 0.31820276 0.24046591 0.28699586 0.32689512 0.27499613 0.24057949 0.25636303 0.21832111 0.28739426 0.3173189 0.4437591 0.2906478 0.29283464,0.21602915 0.16651823 0.30092818 0.5940698 0.35063556 0.17949443 0.19412462 0.17840263 0.14024508 0.2562778 0.17329986 0.41355458 0.20239875 0.302103 0.38524094 0.36551046 0.20229116 0.37412208 0.19025452 0.24631968 0.324555 0.2969571 0.40752465 0.516024 0.4257207 0.20305017 0.22472109 0.36666048 0.34715044 0.27067012 0.2138576 0.24467899 0.36755675 0.17548618 0.20100011 0.94345224 0.38509402 0.23859613 0.4248227 0.30645117 0.3996556 0.38127118 0.25993362 0.17814942 0.33209848 0.1746557 0.23081562 0.29191902 0.29700822 0.20453134 0.3675409 0.31816393 0.24043655 0.28696084 0.32685524 0.27496257 0.24055012 0.25633174 0.21829447 0.28735918 0.31728014 0.44370496 0.29061234 0.2927989,0.0017010169 0.0013111671 0.0023695133 0.004677715 0.00276091 0.001413342 0.0015285404 0.0014047452 0.001104292 0.0020179355 0.0013645658 0.0032563352 0.001593691 0.0023787639 0.0030333933 0.0028780352 0.0015928438 0.0029458432 0.0014980672 0.001939525 0.0025555512 0.0023382448 0.0032088554 0.004063181 0.0033521315 0.0015988202 0.0017694574 0.0028870904 0.002733468 0.0021312607 0.0016839182 0.0019266062 0.0028941475 0.001381781 0.001582678 0.007428758 0.0030322364 0.0018787096 0.0033450606 0.0024130014 0.0031468945 0.0030021353 0.0020467215 0.0014027513 0.0026149487 0.0013752418 0.0018174459 0.002298575 0.0023386474 0.001610483 0.0028940227 0.0025052277 0.0018932013 0.002259534 0.0025736634 0.0021650596 0.0018940954 0.0020183602 0.0017188541 0.0022626708 0.0024982688 0.0034937398 0.002288286 0.0023055032,
374,64,,,0.0049615246 0.0049615246 0.0049615246 0.0049615246 0.0049615246 0.0049615246 0.0049615246 0.0049615246 0.0049615246 0.0049615246 0.0049615246 0.0049615246 0.0049615246 0.0049615246 0.0049615246 0.0049615246 0.0049615246 0.0049615246 0.0049615246 0.0049615246 0.0049615246 0.0049615246 0.0049615246 0.0049615246 0.0049615246 0.0049615246 0.0049615246 0.0049615246 0.0049615246 0.0049615246 0.0049615246 0.0049615246 0.0049615246 0.0049615246 0.0049615246 0.0049615246 0.0049615246 0.0049615246 0.0049615246 0.0049615246 0.0049615246 0.0049615246 0.0049615246 0.0049615246 0.0049615246 0.0049615246 0.0049615246 0.0049615246 0.0049615246 0.0049615246 0.0049615246 0.0049615246 0.0049615246 0.0049615246 0.0049615246 0.0049615246 0.0049615246 0.0049615246 0.0049615246 0.0049615246 0.0049615246 0.0049615246 0.0049615246 0.0049615246,15 15 14 13 14 15 15 15 15 14 15 14 15 14 14 14 15 14 15 15 14 14 14 13 14 15 15 14 14 14 15 15 14 15 15 13 14 15 14 14 14 14 14 15 14 15 15 14 14 15 14 14 15 14 14 14 15 14 15 14 14 14 14 14
379,3x3x64x64,0.26765805 0.25257975 0.2636238 0.26456222 0.21100788 0.13726556 0.21925737 0.25408474 0.24064675 0.21526374 0.19727091 0.22514991 0.2273631 0.28466 0.2230912 0.1564912 0.16525832 0.23049884 0.12010688 0.16979386 0.17850225 0.18048322 0.17504029 0.13443062 0.27969256 0.18237711 0.21409659 0.1842435 0.2199756 0.25556043 0.21082042 0.25849018 0.16776031 0.1920686 0.21173984 0.22049221 0.17264013 0.17769468 0.2364274 0.09603793 0.15990241 0.08571454 0.20545073 0.21835794 0.22436829 0.2351006 0.20121813 0.23858167 0.13781814 0.18940826 0.1576423 0.19099616 0.23931275 0.21553758 0.11347827 0.17357412 0.18316992 0.14700364 0.24133657 0.43683717 0.18721321 0.17641538 0.20948517 0.2485265,0.2676254 0.2525489 0.26359165 0.2645299 0.21098213 0.13724881 0.21923062 0.2540537 0.24061738 0.21523747 0.19724685 0.22512244 0.22733535 0.2846253 0.22306398 0.15647212 0.16523814 0.2304707 0.12009222 0.16977315 0.17848046 0.1804612 0.17501894 0.13441421 0.2796584 0.18235487 0.21407045 0.18422101 0.21994877 0.25552925 0.2107947 0.25845864 0.16773984 0.19204517 0.211714 0.2204653 0.17261906 0.17767298 0.23639853 0.09602621 0.1598829 0.08570408 0.20542566 0.21833128 0.22434092 0.2350719 0.20119357 0.23855256 0.13780133 0.18938513 0.15762307 0.19097283 0.23928355 0.21551126 0.11346442 0.17355295 0.18314756 0.1469857 0.24130712 0.43678385 0.18719035 0.17639385 0.20945962 0.24849616,0.0021072866 0.001988574 0.0020755248 0.0020829127 0.0016612766 0.0010806994 0.0017262254 0.002000423 0.001894625 0.0016947832 0.0015531247 0.0017726176 0.0017900422 0.002241144 0.0017564093 0.0012320639 0.0013010878 0.0018147299 0.000945608 0.0013367964 0.001405358 0.0014209544 0.0013781019 0.0010583797 0.0022020347 0.0014358651 0.0016855941 0.0014505591 0.0017318801 0.0020120414 0.0016598008 0.0020351075 0.0013207861 0.0015121667 0.0016670394 0.0017359472 0.0013592052 0.0013989998 0.0018614058 0.0007561119 0.0012589205 0.0006748353 0.0016175249 0.0017191439 0.0017664639 0.0018509598 0.0015842014 0.0018783666 0.0010850498 0.0014912215 0.0012411266 0.0015037231 0.0018841224 0.0016969391 0.00089342066 0.0013665586 0.0014421068 0.0011573677 0.0019000561 0.003439243 0.0014739397 0.0013889279 0.0016492883 0.0019566626,
380,64,,,0.004594058 0.004594058 0.004594058 0.004594058 0.004594058 0.004594058 0.004594058 0.004594058 0.004594058 0.004594058 0.004594058 0.004594058 0.004594058 0.004594058 0.004594058 0.004594058 0.004594058 0.004594058 0.004594058 0.004594058 0.004594058 0.004594058 0.004594058 0.004594058 0.004594058 0.004594058 0.004594058 0.004594058 0.004594058 0.004594058 0.004594058 0.004594058 0.004594058 0.004594058 0.004594058 0.004594058 0.004594058 0.004594058 0.004594058 0.004594058 0.004594058 0.004594058 0.004594058 0.004594058 0.004594058 0.004594058 0.004594058 0.004594058 0.004594058 0.004594058 0.004594058 0.004594058 0.004594058 0.004594058 0.004594058 0.004594058 0.004594058 0.004594058 0.004594058 0.004594058 0.004594058 0.004594058 0.004594058 0.004594058,13 13 13 13 14 14 14 13 14 14 14 14 14 13 14 14 14 14 15 14 14 14 14 14 13 14 14 14 14 13 14 13 14 14 14 14 14 14 14 15 14 15 14 14 14 14 14 14 14 14 14 14 14 14 15 14 14 14 14 13 14 14 14 13
385,3x3x64x64,0.2696016 0.23163879 0.27189368 0.11922925 0.11284255 0.09986931 0.105458476 0.11084298 0.18438794 0.11450063 0.15550241 0.21925275 0.12114781 0.10263614 0.20172094 0.09052857 0.08847857 0.105883226 0.11031607 0.15210763 0.100912705 0.109477244 0.11705452 0.14214848 0.17074253 0.13271886 0.13714059 0.22875464 0.14054543 0.12502898 0.12547131 0.13333465 0.12960148 0.058941223 0.20009106 0.09871127 0.08171455 0.12515573 0.11741928 0.21611479 0.11046792 0.12321511 0.0906644 0.11711513 0.12296998 0.22775188 0.17633496 0.103171736 0.13159518 0.1773389 0.12176284 0.10078005 0.1732125 0.15743144 0.18035313 0.10378469 0.1255973 0.15811099 0.1570727 0.11568655 0.13778166 0.090557866 0.17441842 0.24300699,0.2695687 0.23161052 0.27186048 0.1192147 0.112828776 0.09985712 0.1054456 0.11082946 0.18436544 0.11448666 0.15548344 0.219226 0.12113302 0.10262362 0.20169632 0.09051752 0.08846777 0.1058703 0.110302605 0.15208906 0.10090039 0.109463885 0.11704023 0.14213113 0.17072168 0.13270266 0.13712385 0.22872673 0.14052828 0.12501372 0.125456 0.13331838 0.12958565 0.05893403 0.20006666 0.09869922 0.08170457 0.12514046 0.117404945 0.21608841 0.11045443 0.12320007 0.09065334 0.117100835 0.12295497 0.22772408 0.17631344 0.103159145 0.13157912 0.17731725 0.12174798 0.10076775 0.17319137 0.15741222 0.18033113 0.10377202 0.12558198 0.1580917 0.15705352 0.11567243 0.13776484 0.09054681 0.17439713 0.24297734,0.0021225882 0.0018237049 0.0021406338 0.0009386984 0.00088841555 0.00078627653 0.0008302803 0.0008726729 0.0014516964 0.0009014697 0.001224279 0.001726189 0.0009538033 0.00080806 0.00158816 0.0007127364 0.00069659663 0.0008336244 0.0008685244 0.0011975516 0.00079449126 0.00086192036 0.00092157663 0.0011191427 0.0013442652 0.0010449028 0.0010797153 0.0018009979 0.0011065218 0.00098436 0.0009878426 0.0010497511 0.0010203595 0.00046404748 0.001575328 0.00077715924 0.0006433431 0.0009853579 0.00092444837 0.0017014836 0.00086971995 0.0009700793 0.0007138058 0.0009220538 0.0009681494 0.001793103 0.0013882949 0.00081227673 0.0010360561 0.0013961988 0.0009586455 0.00079344684 0.0013637115 0.0012394662 0.0014199301 0.00081710255 0.0009888345 0.0012448165 0.0012366419 0.0009108065 0.0010847625 0.000712967 0.0013732057 0.0019132074,
386,64,,,0.006528 0.006528 0.006528 0.006528 0.006528 0.006528 0.006528 0.006528 0.006528 0.006528 0.006528 0.006528 0.006528 0.006528 0.006528 0.006528 0.006528 0.006528 0.006528 0.006528 0.006528 0.006528 0.006528 0.006528 0.006528 0.006528 0.006528 0.006528 0.006528 0.006528 0.006528 0.006528 0.006528 0.006528 0.006528 0.006528 0.006528 0.006528 0.006528 0.006528 0.006528 0.006528 0.006528 0.006528 0.006528 0.006528 0.006528 0.006528 0.006528 0.006528 0.006528 0.006528 0.006528 0.006528 0.006528 0.006528 0.006528 0.006528 0.006528 0.006528 0.006528 0.006528 0.006528 0.006528,12 13 12 14 14 14 14 14 13 14 13 13 14 14 13 14 14 14 14 13 14 14 14 13 13 13 13 13 13 13 13 13 13 15 13 14 14 13 14 13 14 14 14 14 14 13 13 14 13 13 14 14 13 13 13 14 13 13 13 14 13 14 13 13
394,3x3x64x64,0.29111797 0.16533998 0.1157364 0.16608147 0.18452324 0.17184323 0.10246544 0.19002283 0.19397025 0.16265678 0.15351388 0.11802414 0.11562351 0.15444216 0.14635204 0.28344765 0.16950442 0.07782026 0.17266472 0.17210776 0.085696556 0.12955661 0.2847301 0.11198005 0.13539511 0.30884278 0.14151114 0.117834434 0.12571375 0.11086996 0.12650038 0.08600888 0.17788619 0.124951884 0.18304741 0.2149346 0.20058547 0.12766941 0.09915085 0.15969335 0.14048655 0.16336504 0.13025029 0.1841524 0.14226362 0.12660158 0.1746531 0.23059146 0.13538261 0.14507818 0.22746411 0.18177547 0.3076528 0.21216677 0.1369749 0.08281071 0.111753054 0.09549797 0.18566136 0.15882781 0.16701593 0.19984594 0.18797372 0.19594473,0.29108244 0.1653198 0.115722276 0.16606121 0.18450072 0.17182225 0.102452934 0.18999963 0.19394659 0.16263694 0.15349513 0.11800974 0.1156094 0.15442331 0.14633419 0.28341308 0.16948374 0.077810764 0.17264365 0.17208676 0.0856861 0.1295408 0.28469536 0.11196639 0.13537858 0.3088051 0.14149387 0.117820054 0.12569842 0.11085643 0.12648495 0.08599838 0.17786448 0.12493664 0.18302508 0.21490836 0.20056099 0.12765384 0.09913875 0.15967385 0.14046942 0.1633451 0.1302344 0.18412992 0.14224626 0.12658612 0.17463177 0.23056333 0.13536608 0.14506048 0.22743635 0.1817533 0.30761525 0.21214089 0.13695818 0.0828006 0.11173942 0.09548631 0.18563871 0.15880843 0.16699554 0.19982156 0.18795079 0.19592081,0.0022919877 0.0013017308 0.000911199 0.0013075685 0.0014527616 0.0013529311 0.00080671604 0.00149606 0.0015271385 0.0012806058 0.001208623 0.00092921057 0.00091031025 0.0012159316 0.0011522376 0.002231599 0.0013345176 0.0006126832 0.0013593988 0.0013550138 0.0006746937 0.0010200063 0.0022416958 0.0008816251 0.0010659731 0.0024315363 0.001114125 0.00092771696 0.0009897513 0.0008728853 0.0009959445 0.0006771526 0.0014005076 0.0009837531 0.0014411423 0.0016921918 0.0015792204 0.0010051483 0.0007806201 0.0012572744 0.0011060584 0.0012861819 0.0010254678 0.0014498419 0.0011200493 0.0009967411 0.0013750533 0.0018154592 0.0010658747 0.0011422085 0.0017908374 0.0014311282 0.0024221672 0.0016704007 0.0010784109 0.0006519732 0.00087983796 0.00075186073 0.0014617222 0.00125046 0.0013149255 0.0015733981 0.0014799275 0.0015426836,
395,64,,,0.005637976 0.005637976 0.005637976 0.005637976 0.005637976 0.005637976 0.005637976 0.005637976 0.005637976 0.005637976 0.005637976 0.005637976 0.005637976 0.005637976 0.005637976 0.005637976 0.005637976 0.005637976 0.005637976 0.005637976 0.005637976 0.005637976 0.005637976 0.005637976 0.005637976 0.005637976 0.005637976 0.005637976 0.005637976 0.005637976 0.005637976 0.005637976 0.005637976 0.005637976 0.005637976 0.005637976 0.005637976 0.005637976 0.005637976 0.005637976 0.005637976 0.005637976 0.005637976 0.005637976 0.005637976 0.005637976 0.005637976 0.005637976 0.005637976 0.005637976 0.005637976 0.005637976 0.005637976 0.005637976 0.005637976 0.005637976 0.005637976 0.005637976 0.005637976 0.005637976 0.005637976 0.005637976 0.005637976 0.005637976,13 14 15 14 14 14 15 14 14 14 14 15 15 14 14 13 14 15 14 14 15 14 13 15 14 13 14 15 14 15 14 15 14 14 14 14 14 14 15 14 14 14 14 14 14 14 14 14 14 14 14 14 13 14 14 15 15 15 14 14 14 14 14 14
400,3x3x64x64,0.11909399 0.13803184 0.13577786 0.080274664 0.116915755 0.10769501 0.0683627 0.09392504 0.20819058 0.10898497 0.090909705 0.12911421 0.06473225 0.15127796 0.16308604 0.0941429 0.15302901 0.10864821 0.10750184 0.102230564 0.12227769 0.10929935 0.123176225 0.13197514 0.15853512 0.14507677 0.19077253 0.13224502 0.09622387 0.14492379 0.11909666 0.18292144 0.1230477 0.13309465 0.09570303 0.1721008 0.09106019 0.052500688 0.1382395 0.1330866 0.15489443 0.10701536 0.10304734 0.120529786 0.12393832 0.18376511 0.17883775 0.10819221 0.17253919 0.15230355 0.14670356 0.09832543 0.20538285 0.0957181 0.10621676 0.1662681 0.09369455 0.09812498 0.1415041 0.08853051 0.1245215 0.109446 0.16353731 0.09242441,0.119079456 0.13801499 0.13576129 0.08026487 0.11690149 0.10768187 0.06835435 0.09391357 0.20816517 0.10897167 0.09089861 0.12909845 0.06472435 0.1512595 0.16306615 0.09413141 0.15301032 0.108634956 0.10748872 0.10221809 0.12226277 0.109286 0.1231612 0.13195904 0.15851577 0.14505906 0.19074924 0.13222888 0.09621213 0.1449061 0.11908212 0.18289912 0.12303269 0.13307841 0.09569135 0.1720798 0.09104908 0.05249428 0.13822263 0.13307036 0.15487553 0.107002296 0.103034765 0.12051507 0.1239232 0.18374269 0.17881593 0.10817901 0.17251813 0.15228495 0.14668566 0.098313436 0.20535779 0.09570642 0.106203794 0.16624781 0.09368312 0.098113 0.14148682 0.08851971 0.12450631 0.109432645 0.16351734 0.09241313,0.0009376335 0.0010867321 0.0010689865 0.00063200685 0.00092048413 0.00084788876 0.00053822325 0.00073947693 0.0016390958 0.00085804466 0.0007157371 0.0010165232 0.00050964055 0.0011910197 0.0012839854 0.0007411922 0.0012048057 0.00085539336 0.0008463679 0.00080486684 0.00096269895 0.0008605197 0.0009697732 0.0010390475 0.0012481556 0.0011421974 0.0015019625 0.0010411723 0.0007575758 0.001140993 0.0009376545 0.0014401505 0.00096876133 0.0010478615 0.00075347524 0.0013549591 0.00071692193 0.00041334078 0.0010883672 0.0010477982 0.0012194924 0.0008425378 0.00081129733 0.00094893755 0.0009757732 0.0014467929 0.0014079994 0.0008518032 0.0013584105 0.0011990941 0.0011550052 0.00077412155 0.0016169904 0.00075359386 0.0008362504 0.0013090379 0.00073766237 0.0007725433 0.0011140695 0.0006970056 0.0009803646 0.0008616744 0.0012875381 0.0007276624,
401,64,,,0.004770726 0.004770726 0.004770726 0.004770726 0.004770726 0.004770726 0.004770726 0.004770726 0.004770726 0.004770726 0.004770726 0.004770726 0.004770726 0.004770726 0.004770726 0.004770726 0.004770726 0.004770726 0.004770726 0.004770726 0.004770726 0.004770726 0.004770726 0.004770726 0.004770726 0.004770726 0.004770726 0.004770726 0.004770726 0.004770726 0.004770726 0.004770726 0.004770726 0.004770726 0.004770726 0.004770726 0.004770726 0.004770726 0.004770726 0.004770726 0.004770726 0.004770726 0.004770726 0.004770726 0.004770726 0.004770726 0.004770726 0.004770726 0.004770726 0.004770726 0.004770726 0.004770726 0.004770726 0.004770726 0.004770726 0.004770726 0.004770726 0.004770726 0.004770726 0.004770726 0.004770726 0.004770726 0.004770726 0.004770726,15 14 14 15 15 15 15 15 14 15 15 14 15 14 14 15 14 15 15 15 15 15 15 14 14 14 14 14 15 14 15 14 15 14 15 14 15 16 14 14 14 15 15 15 14 14 14 15 14 14 14 15 14 15 15 14 15 15 14 15 14 15 14 15
409,1x1x128x64,0.44681692 0.5638236 0.30253655 0.8135748 0.5106354 0.3273597 0.47677502 0.46370924 0.46015617 0.5305591 0.46856296 0.47989282 0.27814707 0.59931016 0.39947093 0.3618371 0.3864164 0.30803806 0.65735626 0.40950543 0.39141756 0.4310215 0.38991156 0.38650525 0.33474973 0.42040697 0.34970012 0.62468874 0.42600504 0.7236575 0.46153116 0.48538497 0.31416616 0.4915864 0.46001145 0.5258213 0.49101138 0.4359299 0.4836629 0.3548469 0.39869827 0.390733 0.4247664 0.44441324 0.53106475 0.551726 0.26819223 0.45559824 0.5334981 0.38857272 0.37364092 0.36564517 0.40420485 0.38670942 0.3721514 0.5510926 0.43767458 0.56774306 0.38878885 0.3291811 0.35324833 0.40360188 0.31060854 0.38923565,0.4467624 0.56375474 0.30249962 0.8134755 0.5105731 0.32731977 0.47671682 0.46365264 0.4601 0.53049433 0.46850577 0.47983426 0.27811313 0.599237 0.39942217 0.36179295 0.38636923 0.30800045 0.65727603 0.40945545 0.3913698 0.4309689 0.389864 0.3864581 0.33470887 0.42035568 0.34965745 0.6246125 0.42595303 0.7235692 0.46147484 0.48532575 0.31412783 0.4915264 0.45995533 0.5257572 0.49095148 0.4358767 0.4836039 0.3548036 0.39864963 0.39068532 0.42471454 0.444359 0.5309999 0.5516587 0.2681595 0.45554265 0.53343296 0.3885253 0.37359533 0.36560053 0.40415552 0.38666224 0.372106 0.55102533 0.43762115 0.56767374 0.3887414 0.32914093 0.35320523 0.40355265 0.31057063 0.38918814,0.0035178142 0.0044390135 0.0023818868 0.0064053186 0.0040202606 0.0025773211 0.0037536756 0.0036508082 0.0036228346 0.0041771205 0.0036890218 0.0037782225 0.0021898672 0.004718402 0.0031450565 0.0028487635 0.0030422774 0.0024252003 0.005175402 0.0032240585 0.0030816519 0.0033934559 0.0030697952 0.003042977 0.002635503 0.0033098871 0.0027532082 0.004918209 0.0033539608 0.005697395 0.00363366 0.0038214626 0.0024734475 0.0038702865 0.0036216956 0.0041398206 0.0038657596 0.0034321 0.0038079047 0.002793729 0.0031389734 0.0030762623 0.003344209 0.0034988897 0.0041811015 0.004343769 0.0021114922 0.00358695 0.0042002597 0.0030592545 0.0029416955 0.0028787444 0.003182327 0.0030445845 0.0029299683 0.0043387823 0.0034458358 0.004469872 0.003060956 0.002591661 0.0027811436 0.00317758 0.002445438 0.0030644736,
410,64,,,0.0051682214 0.0051682214 0.0051682214 0.0051682214 0.0051682214 0.0051682214 0.0051682214 0.0051682214 0.0051682214 0.0051682214 0.0051682214 0.0051682214 0.0051682214 0.0051682214 0.0051682214 0.0051682214 0.0051682214 0.0051682214 0.0051682214 0.0051682214 0.0051682214 0.0051682214 0.0051682214 0.0051682214 0.0051682214 0.0051682214 0.0051682214 0.0051682214 0.0051682214 0.0051682214 0.0051682214 0.0051682214 0.0051682214 0.0051682214 0.0051682214 0.0051682214 0.0051682214 0.0051682214 0.0051682214 0.0051682214 0.0051682214 0.0051682214 0.0051682214 0.0051682214 0.0051682214 0.0051682214 0.0051682214 0.0051682214 0.0051682214 0.0051682214 0.0051682214 0.0051682214 0.0051682214 0.0051682214 0.0051682214 0.0051682214 0.0051682214 0.0051682214 0.0051682214 0.0051682214 0.0051682214 0.0051682214 0.0051682214 0.0051682214,15 14 15 14 14 15 15 15 15 14 15 15 15 14 15 15 15 15 14 15 15 15 15 15 15 15 15 14 15 14 15 15 15 15 15 14 15 15 15 15 15 15 15 15 14 14 15 15 14 15 15 15 15 15 15 14 15 14 15 15 15 15 15 15
418,1x1x128x128,0.34492704 0.2850126 0.42954403 0.3428211 0.2651338 0.17126922 0.2740347 0.29842842 0.3493489 0.42044607 0.48117387 0.3846411 0.2948477 0.2407409 0.19261533 0.46226743 0.21777324 0.22073571 0.32094124 0.33627313 0.5136661 0.40593833 0.32933387 0.25313553 0.3312454 0.19022949 0.44805512 0.3115717 0.3386744 0.38725013 0.44685158 0.5666373 0.41494745 0.21576351 0.451895 0.3085501 0.2144536 0.3239556 0.47466987 0.44602552 0.30039814 0.34312558 0.36508724 0.28747526 0.37184775 0.4172546 0.33229548 0.24211551 0.2957321 0.30213928 0.24665122 0.33352453 0.39511222 0.5124058 0.313689 0.40003625 0.34862345 0.38495067 0.40365934 0.21326369 0.31048423 0.2849519 0.29656324 0.30091587 0.37309104 0.31214383 0.30524626 0.36354902 0.25941116 0.39520577 0.31165445 0.2556335 0.43526253 0.3104662 0.22458637 0.6078555 0.27912953 0.3504718 0.32383355 0.37619612 0.48364493 0.3545043 0.20910369 0.35123333 0.27432942 0.30264035 0.24407794 0.28610685 0.27908167 0.61706173 0.6275442 0.19726099 0.24303435 0.4915467 0.40539297 0.29489112 0.2794909 0.24076013 0.5438991 0.30797657 0.52786976 0.45991093 0.23935558 0.4529137 0.5065608 0.2347674 0.4006983 0.2637705 0.3360188 0.30784693 0.2735362 0.25071597 0.32311767 0.3547929 0.36277848 0.31790224 0.31190047 0.29542664 0.31924322 0.42359868 0.23901542 0.26367944 0.34940955 0.5775917 0.53893304 0.3027291 0.21610948 0.50548136,0.34488493 0.28497782 0.4294916 0.34277925 0.26510146 0.17124833 0.27400127 0.298392 0.3493063 0.42039478 0.48111513 0.38459417 0.2948117 0.24071153 0.19259183 0.462211 0.21774668 0.22070877 0.32090205 0.3362321 0.51360345 0.40588877 0.3292937 0.25310466 0.33120495 0.19020627 0.44800043 0.31153366 0.33863306 0.38720286 0.44679704 0.56656814 0.41489682 0.21573718 0.45183986 0.30851245 0.21442741 0.32391608 0.47461194 0.44597107 0.30036148 0.3430837 0.3650427 0.28744018 0.3718024 0.4172037 0.33225492 0.24208596 0.29569602 0.3021024 0.24662112 0.33348382 0.395064 0.5123433 0.31365073 0.39998743 0.34858093 0.38490367 0.40361008 0.21323767 0.31044632 0.28491712 0.29652703 0.30087912 0.3730455 0.31210575 0.305209 0.36350468 0.25937948 0.39515752 0.31161642 0.2556023 0.4352094 0.3104283 0.22455895 0.60778135 0.27909547 0.35042903 0.32379404 0.37615022 0.48358592 0.35446104 0.20907818 0.35119045 0.27429593 0.3026034 0.24404815 0.28607196 0.2790476 0.6169864 0.62746763 0.19723693 0.24300468 0.4914867 0.4053435 0.29485515 0.2794568 0.24073075 0.5438328 0.307939 0.5278053 0.45985478 0.23932636 0.45285845 0.506499 0.23473877 0.4006494 0.2637383 0.3359778 0.30780938 0.27350283 0.2506854 0.32307824 0.3547496 0.36273423 0.31786343 0.3118624 0.29539058 0.31920424 0.423547 0.23898625 0.26364726 0.3493669 0.57752126 0.53886724 0.30269217 0.21608311 0.5054197,0.0027156293 0.0022439198 0.0033818237 0.0026990492 0.002087413 0.001348412 0.0021574902 0.0023495434 0.0027504433 0.0033101952 0.0037883082 0.0030283006 0.002321352 0.0018953664 0.0015164712 0.0036394568 0.0017145408 0.0017378643 0.0025267878 0.0026474968 0.0040441216 0.0031959745 0.0025928637 0.00199295 0.002607913 0.0014976872 0.0035275624 0.002453021 0.0026664021 0.0030488414 0.0035180869 0.0044611664 0.003266904 0.0016987179 0.0035577943 0.0024292318 0.0016884048 0.0025505202 0.0037371018 0.0035115832 0.002365051 0.0027014466 0.0028743518 0.0022633085 0.0029275778 0.0032850686 0.0026161803 0.0019061887 0.002328315 0.002378759 0.0019418986 0.0026258568 0.00311074 0.0040341993 0.0024696907 0.0031495073 0.0027447317 0.0030307376 0.003178032 0.0016790368 0.0024444591 0.0022434418 0.0023348585 0.002369127 0.0029373663 0.0024575256 0.0024032206 0.0028622416 0.002042358 0.0031114765 0.0024536727 0.0020126165 0.0034268457 0.0024443173 0.0017681808 0.0047856797 0.002197602 0.0027592836 0.0025495593 0.0029618128 0.003807763 0.0027910317 0.0016462848 0.002765279 0.0021598104 0.0023827038 0.001921639 0.0022525352 0.0021972253 0.0048581604 0.00494069 0.0015530466 0.0019134227 0.003869974 0.003191681 0.002321694 0.0022004473 0.0018955177 0.004282148 0.0024247165 0.0041559474 0.0036209037 0.0018844595 0.0035658146 0.0039881812 0.0018483368 0.0031547197 0.0020766796 0.0026454944 0.002423696 0.0021535656 0.0019739007 0.0025439232 0.002793304 0.002856175 0.0025028617 0.0024556096 0.0023259101 0.0025134191 0.0033350158 0.0018817815 0.0020759627 0.0027509206 0.0045474116 0.0042430493 0.002383403 0.0017014418 0.0039796825,
419,128,,,0.0056379763 0.0056379763 0.0056379763 0.0056379763 0.0056379763 0.0056379763 0.0056379763 0.0056379763 0.0056379763 0.0056379763 0.0056379763 0.0056379763 0.0056379763 0.0056379763 0.0056379763 0.0056379763 0.0056379763 0.0056379763 0.0056379763 0.0056379763 0.0056379763 0.0056379763 0.0056379763 0.0056379763 0.0056379763 0.0056379763 0.0056379763 0.0056379763 0.0056379763 0.0056379763 0.0056379763 0.0056379763 0.0056379763 0.0056379763 0.0056379763 0.0056379763 0.0056379763 0.0056379763 0.0056379763 0.0056379763 0.0056379763 0.0056379763 0.0056379763 0.0056379763 0.0056379763 0.0056379763 0.0056379763 0.0056379763 0.0056379763 0.0056379763 0.0056379763 0.0056379763 0.0056379763 0.0056379763 0.0056379763 0.0056379763 0.0056379763 0.0056379763 0.0056379763 0.0056379763 0.0056379763 0.0056379763 0.0056379763 0.0056379763 0.0056379763 0.0056379763 0.0056379763 0.0056379763 0.0056379763 0.0056379763 0.0056379763 0.0056379763 0.0056379763 0.0056379763 0.0056379763 0.0056379763 0.0056379763 0.0056379763 0.0056379763 0.0056379763 0.0056379763 0.0056379763 0.0056379763 0.0056379763 0.0056379763 0.0056379763 0.0056379763 0.0056379763 0.0056379763 0.0056379763 0.0056379763 0.0056379763 0.0056379763 0.0056379763 0.0056379763 0.0056379763 0.0056379763 0.0056379763 0.0056379763 0.0056379763 0.0056379763 0.0056379763 0.0056379763 0.0056379763 0.0056379763 0.0056379763 0.0056379763 0.0056379763 0.0056379763 0.0056379763 0.0056379763 0.0056379763 0.0056379763 0.0056379763 0.0056379763 0.0056379763 0.0056379763 0.0056379763 0.0056379763 0.0056379763 0.0056379763 0.0056379763 0.0056379763 0.0056379763 0.0056379763 0.0056379763 0.0056379763 0.0056379763,14 14 14 14 14 15 14 14 14 14 14 14 14 15 15 14 15 15 14 14 13 14 14 14 14 15 14 14 14 14 14 13 14 15 14 14 15 14 14 14 14 14 14 14 14 14 14 15 14 14 15 14 14 13 14 14 14 14 14 15 14 14 14 14 14 14 14 14 14 14 14 14 14 14 15 13 14 14 14 14 14 14 15 14 14 14 15 14 14 13 13 15 15 14 14 14 14 15 13 14 13 14 15 14 13 15 14 14 14 14 14 14 14 14 14 14 14 14 14 14 15 14 14 13 13 14 15 13
428,1x1x384x256,0.2353193 0.14913449 0.24148138 0.17517804 0.12215001 0.14112663 0.147689 0.1892174 0.12631136 0.23068516 0.21218714 0.17321965 0.21790208 0.10656022 0.1510565 0.23511001 0.16839264 0.26798707 0.17225792 0.13393557 0.23744343 0.15738425 0.25795856 0.32976225 0.14319281 0.17233832 0.21139616 0.22142199 0.15178089 0.4482582 0.23076977 0.2897263 0.17297003 0.20898943 0.22938527 0.3615466 0.24005044 0.2229656 0.19339034 0.15929161 0.35606956 0.23142631 0.22540961 0.26154608 0.20350723 0.20629936 0.3488644 0.22333357 0.2006128 0.2730019 0.13573 0.24694894 0.19077566 0.22760135 0.27003253 0.11931692 0.29241562 0.16316459 0.20323013 0.25061688 0.10109344 0.15204372 0.19225347 0.111488104 0.14561449 0.15947247 0.14291239 0.29840848 0.17583054 0.25908476 0.22096817 0.41326717 0.16117387 0.121972844 0.31757405 0.17215168 0.1408145 0.12608899 0.110787645 0.25245565 0.17344211 0.1618028 0.3059738 0.21459992 0.16388704 0.26396435 0.27800244 0.17621414 0.22067437 0.19933462 0.24480247 0.31224653 0.10261153 0.1200337 0.17317289 0.21516603 0.19630818 0.28450543 0.08882878 0.20416814 0.18694165 0.12057724 0.15485255 0.18776771 0.2013305 0.2936947 0.24027608 0.13292632 0.24087292 0.088946804 0.18438748 0.22273198 0.21614935 0.17886312 0.12225812 0.37285548 0.17107831 0.22461444 0.16469136 0.15197285 0.20489627 0.15204413 0.16660717 0.19349506 0.24896523 0.1154157 0.342833 0.19170815 0.14295642 0.19187173 0.19307299 0.105780445 0.21998166 0.11858799 0.1425601 0.23385523 0.1001752 0.09783577 0.09446318 0.14017063 0.26620066 0.2219344 0.26058108 0.10844684 0.14719106 0.21833171 0.26195663 0.1416741 0.120420165 0.12646364 0.13887517 0.16644664 0.17660338 0.12657936 0.12000362 0.21688522 0.2347419 0.31693724 0.15315229 0.26303726 0.16631328 0.13944857 0.18472797 0.14988136 0.11624116 0.22612716 0.21104996 0.19969675 0.17132966 0.27458784 0.28036657 0.43696678 0.20121434 0.23090264 0.10127573 0.17323479 0.09244042 0.2743501 0.23559588 0.20029898 0.14470693 0.6116238 0.17313482 0.19051194 0.28081036 0.27120474 0.24453333 0.42480904 0.07738504 0.09608459 0.21858115 0.18060838 0.17414157 0.16675283 0.17865951 0.09181803 0.09554349 0.18823685 0.17691559 0.15421852 0.20866331 0.102800295 0.18725263 0.101566374 0.13988663 0.15572514 0.30677658 0.42529288 0.10957857 0.45707858 0.11761942 0.24174678 0.15496607 0.15851855 0.13063024 0.122476496 0.14597942 0.4739037 0.16116889 0.19800887 0.11761778 0.08771388 0.093993 0.20809783 0.16597436 0.120068185 0.29228708 0.19339469 0.14573774 0.16868296 0.1664381 0.2841794 0.13185208 0.09079127 0.21137111 0.15285788 0.20231314 0.21556842 0.21463893 0.12690055 0.0829829 0.13039692 0.24626432 0.11929696 0.14806452 0.23557238 0.21604834 0.115089625 0.5071628 0.16034514 0.22670358 0.19472688 0.121368736 0.22597635 0.11900531 0.1388791,0.23529057 0.14911628 0.24145192 0.17515667 0.1221351 0.1411094 0.14767098 0.18919432 0.12629594 0.230657 0.21216124 0.17319852 0.2178755 0.106547214 0.15103807 0.23508133 0.1683721 0.26795435 0.17223689 0.13391922 0.23741446 0.15736504 0.25792706 0.329722 0.14317535 0.17231728 0.21137035 0.22139496 0.15176237 0.4482035 0.2307416 0.2896909 0.17294893 0.20896393 0.22935729 0.3615025 0.24002114 0.22293839 0.19336674 0.15927218 0.3560261 0.23139806 0.2253821 0.26151416 0.2034824 0.2062742 0.34882185 0.22330631 0.20058832 0.2729686 0.13571344 0.24691881 0.19075237 0.22757357 0.26999956 0.119302355 0.29237992 0.16314466 0.20320532 0.25058627 0.1010811 0.15202516 0.19223002 0.1114745 0.14559673 0.159453 0.14289494 0.29837206 0.17580909 0.25905314 0.22094122 0.4132167 0.1611542 0.12195796 0.31753528 0.17213067 0.1407973 0.12607361 0.11077413 0.25242484 0.17342094 0.16178305 0.30593646 0.21457374 0.16386704 0.26393214 0.2779685 0.17619264 0.22064742 0.1993103 0.2447726 0.31220844 0.102599 0.12001905 0.17315175 0.21513978 0.19628422 0.2844707 0.08881794 0.20414323 0.18691884 0.12056252 0.15483366 0.1877448 0.20130593 0.29365888 0.24024676 0.1329101 0.24084353 0.08893595 0.18436497 0.2227048 0.21612296 0.1788413 0.1222432 0.37280998 0.17105743 0.22458704 0.16467126 0.15195431 0.20487127 0.15202558 0.16658685 0.19347146 0.24893485 0.11540162 0.34279117 0.19168475 0.14293897 0.19184831 0.19304942 0.10576754 0.21995482 0.11857352 0.1425427 0.23382668 0.100162975 0.097823836 0.09445164 0.14015353 0.26616818 0.22190732 0.26054928 0.1084336 0.14717309 0.21830507 0.26192468 0.1416568 0.120405465 0.12644821 0.13885821 0.16642633 0.17658181 0.12656392 0.11998898 0.21685874 0.23471326 0.31689855 0.15313359 0.26300517 0.16629298 0.13943155 0.18470542 0.14986308 0.11622697 0.22609957 0.2110242 0.19967239 0.17130876 0.2745543 0.28033236 0.43691343 0.20118979 0.23087446 0.10126337 0.17321365 0.09242914 0.2743166 0.23556714 0.20027453 0.14468928 0.61154914 0.17311369 0.19048868 0.28077608 0.27117166 0.2445035 0.4247572 0.0773756 0.09607286 0.21855448 0.18058634 0.17412032 0.16673249 0.17863771 0.09180682 0.09553183 0.18821388 0.176894 0.1541997 0.20863785 0.10278775 0.18722978 0.101553984 0.13986957 0.15570612 0.30673912 0.425241 0.1095652 0.45702282 0.11760507 0.24171728 0.15494716 0.1584992 0.1306143 0.12246155 0.14596161 0.47384587 0.16114922 0.19798471 0.11760343 0.087703176 0.093981534 0.20807242 0.1659541 0.12005354 0.2922514 0.19337109 0.14571996 0.16866238 0.16641779 0.28414473 0.13183598 0.09078019 0.21134531 0.15283923 0.20228845 0.21554212 0.21461274 0.12688506 0.082972765 0.130381 0.24623427 0.1192824 0.14804646 0.23554362 0.21602197 0.11507558 0.5071009 0.16032557 0.22667593 0.19470312 0.121353924 0.22594878 0.11899078 0.13886215,0.0018526816 0.0011741439 0.0019011962 0.0013791864 0.0009616937 0.0011110978 0.0011627637 0.001489719 0.0009944562 0.0018161968 0.0016705609 0.0013637679 0.0017155551 0.00083895447 0.0011892761 0.0018510341 0.0013257646 0.0021098768 0.001356196 0.0010544821 0.0018694053 0.0012390948 0.0020309216 0.002596236 0.0011273649 0.001356829 0.0016643335 0.0017432674 0.0011949793 0.0035291614 0.0018168631 0.0022810309 0.0013618026 0.0016453853 0.0018059629 0.0028464764 0.0018899302 0.0017554204 0.0015225727 0.0012541116 0.0028033552 0.0018220319 0.0017746623 0.0020591666 0.0016022236 0.0016242063 0.0027466288 0.0017583175 0.0015794355 0.002149359 0.0010686098 0.0019442426 0.0015019872 0.001791918 0.0021259808 0.00093938864 0.002302204 0.0012846036 0.0016000419 0.0019731203 0.0007959142 0.0011970486 0.0015136221 0.00087775197 0.001146431 0.0012555355 0.001125157 0.0023493862 0.0013843235 0.0020397885 0.0017396946 0.0032536748 0.0012689306 0.0009602989 0.0025002777 0.0013553597 0.0011086402 0.0009927056 0.00087223726 0.0019875972 0.0013655191 0.0012738823 0.0024089485 0.001689557 0.0012902917 0.0020782058 0.0021887284 0.0013873436 0.0017373813 0.0015693725 0.0019273433 0.0024583342 0.00080786616 0.0009450319 0.0013633996 0.001694014 0.0015455451 0.0022399267 0.00069935387 0.001607427 0.0014718019 0.0009493112 0.0012191627 0.0014783054 0.001585086 0.0023122746 0.0018917067 0.0010465363 0.0018964058 0.00070028304 0.0014516927 0.0017535811 0.0017017556 0.0014081992 0.00096254493 0.0029355115 0.001346909 0.0017684018 0.0012966241 0.0011964906 0.0016131595 0.0011970518 0.0013117074 0.0015233973 0.001960117 0.00090867415 0.002699143 0.0015093287 0.0011255037 0.0015106166 0.0015200741 0.0008328153 0.0017319277 0.0009336497 0.0011223835 0.001841155 0.0007886848 0.0007702664 0.00074371375 0.001103571 0.0020958125 0.0017473017 0.002051569 0.00085380784 0.0011588433 0.0017189375 0.0020623992 0.0011154079 0.0009480745 0.0009956552 0.0010933718 0.0013104435 0.001390408 0.0009965663 0.0009447951 0.0017075492 0.0018481358 0.0024952642 0.0012057762 0.0020709068 0.0013093936 0.0010978862 0.0014543734 0.0011800242 0.000915173 0.0017803116 0.0016616079 0.0015722235 0.0013488878 0.0021618449 0.0022073414 0.0034402632 0.0015841716 0.0018179092 0.0007973493 0.001363887 0.0007277885 0.0021599734 0.0018548594 0.0015769647 0.0011392856 0.0048153475 0.0013630999 0.0014999108 0.0022108352 0.00213521 0.0019252244 0.003344545 0.0006092567 0.0007564792 0.0017209015 0.0014219397 0.0013710262 0.0013128542 0.0014065962 0.00072288833 0.0007522191 0.0014819991 0.0013928661 0.001214171 0.0016428177 0.0008093523 0.0014742502 0.0007996377 0.0011013352 0.0012260325 0.0024152687 0.0033483543 0.0008627181 0.0035986048 0.00092602416 0.0019032856 0.0012200564 0.0012480252 0.001028459 0.00096426415 0.001149304 0.0037310699 0.0012688915 0.0015589347 0.00092601124 0.0006905762 0.0007400121 0.0016383656 0.0013067252 0.0009453034 0.0023011921 0.0015226069 0.0011474013 0.0013280503 0.0013103763 0.00223736 0.0010380786 0.0007148046 0.0016641363 0.0012034585 0.0015928225 0.0016971821 0.0016898641 0.0009990949 0.00065332884 0.001026622 0.0019388525 0.00093923154 0.0011657202 0.0018546742 0.0017009604 0.00090610696 0.0039929203 0.0012624061 0.0017848498 0.0015330954 0.0009555427 0.0017791243 0.00093693525 0.0010934027,
429,256,,,0.004594058 0.004594058 0.004594058 0.004594058 0.004594058 0.004594058 0.004594058 0.004594058 0.004594058 0.004594058 0.004594058 0.004594058 0.004594058 0.004594058 0.004594058 0.004594058 0.004594058 0.004594058 0.004594058 0.004594058 0.004594058 0.004594058 0.004594058 0.004594058 0.004594058 0.004594058 0.004594058 0.004594058 0.004594058 0.004594058 0.004594058 0.004594058 0.004594058 0.004594058 0.004594058 0.004594058 0.004594058 0.004594058 0.004594058 0.004594058 0.004594058 0.004594058 0.004594058 0.004594058 0.004594058 0.004594058 0.004594058 0.004594058 0.004594058 0.004594058 0.004594058 0.004594058 0.004594058 0.004594058 0.004594058 0.004594058 0.004594058 0.004594058 0.004594058 0.004594058 0.004594058 0.004594058 0.004594058 0.004594058 0.004594058 0.004594058 0.004594058 0.004594058 0.004594058 0.004594058 0.004594058 0.004594058 0.004594058 0.004594058 0.004594058 0.004594058 0.004594058 0.004594058 0.004594058 0.004594058 0.004594058 0.004594058 0.004594058 0.004594058 0.004594058 0.004594058 0.004594058 0.004594058 0.004594058 0.004594058 0.004594058 0.004594058 0.004594058 0.004594058 0.004594058 0.004594058 0.004594058 0.004594058 0.004594058 0.004594058 0.004594058 0.004594058 0.004594058 0.004594058 0.004594058 0.004594058 0.004594058 0.004594058 0.004594058 0.004594058 0.004594058 0.004594058 0.004594058 0.004594058 0.004594058 0.004594058 0.004594058 0.004594058 0.004594058 0.004594058 0.004594058 0.004594058 0.004594058 0.004594058 0.004594058 0.004594058 0.004594058 0.004594058 0.004594058 0.004594058 0.004594058 0.004594058 0.004594058 0.004594058 0.004594058 0.004594058 0.004594058 0.004594058 0.004594058 0.004594058 0.004594058 0.004594058 0.004594058 0.004594058 0.004594058 0.004594058 0.004594058 0.004594058 0.004594058 0.004594058 0.004594058 0.004594058 0.004594058 0.004594058 0.004594058 0.004594058 0.004594058 0.004594058 0.004594058 0.004594058 0.004594058 0.004594058 0.004594058 0.004594058 0.004594058 0.004594058 0.004594058 0.004594058 0.004594058 0.004594058 0.004594058 0.004594058 0.004594058 0.004594058 0.004594058 0.004594058 0.004594058 0.004594058 0.004594058 0.004594058 0.004594058 0.004594058 0.004594058 0.004594058 0.004594058 0.004594058 0.004594058 0.004594058 0.004594058 0.004594058 0.004594058 0.004594058 0.004594058 0.004594058 0.004594058 0.004594058 0.004594058 0.004594058 0.004594058 0.004594058 0.004594058 0.004594058 0.004594058 0.004594058 0.004594058 0.004594058 0.004594058 0.004594058 0.004594058 0.004594058 0.004594058 0.004594058 0.004594058 0.004594058 0.004594058 0.004594058 0.004594058 0.004594058 0.004594058 0.004594058 0.004594058 0.004594058 0.004594058 0.004594058 0.004594058 0.004594058 0.004594058 0.004594058 0.004594058 0.004594058 0.004594058 0.004594058 0.004594058 0.004594058 0.004594058 0.004594058 0.004594058 0.004594058 0.004594058 0.004594058 0.004594058 0.004594058 0.004594058 0.004594058 0.004594058 0.004594058 0.004594058 0.004594058 0.004594058 0.004594058 0.004594058 0.004594058 0.004594058 0.004594058 0.004594058 0.004594058,14 14 14 14 15 14 14 14 14 14 14 14 14 15 14 14 14 13 14 14 14 14 13 13 14 14 14 14 14 13 14 13 14 14 14 13 14 14 14 14 13 14 14 13 14 14 13 14 14 13 14 14 14 14 13 15 13 14 14 13 15 14 14 15 14 14 14 13 14 13 14 13 14 15 13 14 14 14 15 13 14 14 13 14 14 13 13 14 14 14 14 13 15 15 14 14 14 13 15 14 14 15 14 14 14 13 14 14 14 15 14 14 14 14 15 13 14 14 14 14 14 14 14 14 13 15 13 14 14 14 14 15 14 15 14 14 15 15 15 14 13 14 13 15 14 14 13 14 15 14 14 14 14 14 15 14 14 13 14 13 14 14 14 14 15 14 14 14 14 13 13 13 14 14 15 14 15 13 14 14 14 12 14 14 13 13 14 13 15 15 14 14 14 14 14 15 15 14 14 14 14 15 14 15 14 14 13 13 15 13 15 14 14 14 14 15 14 13 14 14 15 15 15 14 14 15 13 14 14 14 14 13 14 15 14 14 14 14 14 14 15 14 14 15 14 14 14 15 12 14 14 14 15 14 15 14
439,1x1x512x128,0.11300334 0.18249719 0.103314646 0.21146424 0.16722238 0.2172152 0.13704704 0.24612297 0.11517741 0.17272334 0.27349988 0.272038 0.11859561 0.18865305 0.74372107 0.32789117 0.18276146 0.1811543 0.14656052 0.62050396 0.1435609 0.3092708 0.1826708 0.19104223 0.36172318 0.2629517 0.2266479 0.15062748 0.12291336 0.13220577 0.12586296 0.39223996 0.15298016 0.1659462 0.29423797 0.15349506 0.13166928 0.175025 0.1738508 0.2434946 0.22531785 0.15301903 0.16213998 0.3495644 0.2239853 0.24672477 0.14570466 0.24297033 0.14435862 0.16783604 0.26944453 0.2076516 0.16382189 0.17224087 0.18976228 0.19518161 0.16347925 0.14797384 0.1467447 0.17018662 0.33793706 0.212118 0.26665226 0.12663893 0.2673387 0.16311775 0.22333522 0.17301545 0.19392417 0.32337108 0.20564468 0.2815687 0.11249166 0.27129802 0.30149934 0.17964159 0.41204002 0.15236434 0.41092652 0.278189 0.2091966 0.24120249 0.12059732 0.24571376 0.2218738 0.5669056 0.2973686 0.25973117 0.19544433 0.081222035 0.24106967 0.09992884 0.24214163 0.19916588 0.36390263 0.642767 0.42696816 0.23049803 0.21436234 0.2073311 0.2764519 0.31661454 0.22593302 0.18907134 0.38256317 0.093981005 0.30711743 0.37752235 0.20348342 0.349062 0.3549391 0.32658333 0.25474653 0.08652759 0.24911153 0.11657291 0.15490556 0.26376715 0.206872 0.21000032 0.20222604 0.18407018 0.30146563 0.16204128 0.20719922 0.09270841 0.19344977 0.17298107,0.11298955 0.18247493 0.10330203 0.21143843 0.16720198 0.21718869 0.1370303 0.24609295 0.115163356 0.17270227 0.2734665 0.2720048 0.11858114 0.18863003 0.7436303 0.32785118 0.18273915 0.1811322 0.14654262 0.6204282 0.14354338 0.30923304 0.18264851 0.19101892 0.36167902 0.2629196 0.22662024 0.1506091 0.122898355 0.13218963 0.1258476 0.3921921 0.15296149 0.16592595 0.29420206 0.15347633 0.1316532 0.17500363 0.17382959 0.24346489 0.22529034 0.15300035 0.1621202 0.34952173 0.22395796 0.24669467 0.14568686 0.24294068 0.14434099 0.16781557 0.26941162 0.20762627 0.16380191 0.17221986 0.18973912 0.1951578 0.1634593 0.14795578 0.14672679 0.17016585 0.3378958 0.21209212 0.2666197 0.12662348 0.26730606 0.16309784 0.22330797 0.17299433 0.19390051 0.32333162 0.20561959 0.28153434 0.112477936 0.2712649 0.30146256 0.17961966 0.41198972 0.15234575 0.4108764 0.27815506 0.20917106 0.24117304 0.120582595 0.24568376 0.22184673 0.5668365 0.29733232 0.2596995 0.19542049 0.08121212 0.24104024 0.099916644 0.24211209 0.19914158 0.36385822 0.6426886 0.42691603 0.2304699 0.21433619 0.2073058 0.27641815 0.3165759 0.22590543 0.18904826 0.3825165 0.09396953 0.30707997 0.37747627 0.20345859 0.34901938 0.35489577 0.32654345 0.25471544 0.08651703 0.24908113 0.11655868 0.15488666 0.26373497 0.20684674 0.20997469 0.20220137 0.18404773 0.30142885 0.1620215 0.20717393 0.0926971 0.19342615 0.17295997,0.0008896815 0.0014368105 0.0008134018 0.0016648696 0.001316551 0.0017101471 0.0010789788 0.0019377398 0.00090679806 0.0013598604 0.0021532795 0.0021417702 0.0009337097 0.0014852758 0.005855357 0.0025815053 0.0014388909 0.0014262378 0.001153879 0.0048852614 0.0011302629 0.0024349059 0.0014381772 0.0015040861 0.0028478664 0.002070233 0.0017844114 0.0011858984 0.0009677036 0.0010408632 0.0009909259 0.0030881267 0.0012044212 0.0013065035 0.0023165517 0.001208475 0.0010366394 0.0013779814 0.0013687368 0.0019170464 0.0017739397 0.0012047272 0.001276537 0.0027521395 0.0017634485 0.0019424777 0.0011471406 0.0019129188 0.0011365432 0.0013213824 0.0021213514 0.0016348525 0.0012897789 0.0013560619 0.0014940088 0.0015366756 0.0012870812 0.0011650061 0.001155329 0.0013398885 0.002660597 0.0016700167 0.0020993678 0.0009970353 0.002104772 0.001284235 0.0017583305 0.0013621601 0.0015267757 0.0025459183 0.0016190519 0.002216806 0.000885653 0.002135944 0.002373721 0.001414328 0.0032440135 0.0011995728 0.0032352472 0.0021901974 0.0016470161 0.0018990004 0.0009494693 0.0019345178 0.0017468246 0.004463279 0.0023411994 0.002044878 0.001538744 0.0006394655 0.0018979547 0.0007867452 0.0019063944 0.001568044 0.0028650253 0.00506054 0.0033615436 0.0018147236 0.0016876865 0.0016323292 0.0021765209 0.0024927238 0.0017787829 0.001488569 0.003011941 0.00073991757 0.0024179525 0.002972254 0.0016020362 0.0027481841 0.0027944548 0.0025712082 0.0020056334 0.00068123644 0.0019612687 0.00091778487 0.0012195801 0.0020766533 0.0016287145 0.001653344 0.0015921367 0.0014491947 0.0023734556 0.0012757599 0.0016312908 0.0007298984 0.0015230406 0.0013618895,
440,128,,,0.0059064017 0.0059064017 0.0059064017 0.0059064017 0.0059064017 0.0059064017 0.0059064017 0.0059064017 0.0059064017 0.0059064017 0.0059064017 0.0059064017 0.0059064017 0.0059064017 0.0059064017 0.0059064017 0.0059064017 0.0059064017 0.0059064017 0.0059064017 0.0059064017 0.0059064017 0.0059064017 0.0059064017 0.0059064017 0.0059064017 0.0059064017 0.0059064017 0.0059064017 0.0059064017 0.0059064017 0.0059064017 0.0059064017 0.0059064017 0.0059064017 0.0059064017 0.0059064017 0.0059064017 0.0059064017 0.0059064017 0.0059064017 0.0059064017 0.0059064017 0.0059064017 0.0059064017 0.0059064017 0.0059064017 0.0059064017 0.0059064017 0.0059064017 0.0059064017 0.0059064017 0.0059064017 0.0059064017 0.0059064017 0.0059064017 0.0059064017 0.0059064017 0.0059064017 0.0059064017 0.0059064017 0.0059064017 0.0059064017 0.0059064017 0.0059064017 0.0059064017 0.0059064017 0.0059064017 0.0059064017 0.0059064017 0.0059064017 0.0059064017 0.0059064017 0.0059064017 0.0059064017 0.0059064017 0.0059064017 0.0059064017 0.0059064017 0.0059064017 0.0059064017 0.0059064017 0.0059064017 0.0059064017 0.0059064017 0.0059064017 0.0059064017 0.0059064017 0.0059064017 0.0059064017 0.0059064017 0.0059064017 0.0059064017 0.0059064017 0.0059064017 0.0059064017 0.0059064017 0.0059064017 0.0059064017 0.0059064017 0.0059064017 0.0059064017 0.0059064017 0.0059064017 0.0059064017 0.0059064017 0.0059064017 0.0059064017 0.0059064017 0.0059064017 0.0059064017 0.0059064017 0.0059064017 0.0059064017 0.0059064017 0.0059064017 0.0059064017 0.0059064017 0.0059064017 0.0059064017 0.0059064017 0.0059064017 0.0059064017 0.0059064017 0.0059064017 0.0059064017 0.0059064017 0.0059064017,15 14 15 14 14 14 14 14 15 14 13 13 15 14 12 13 14 14 14 12 14 13 14 14 13 13 14 14 15 14 14 13 14 14 13 14 14 14 14 14 14 14 14 13 14 14 14 14 14 14 13 14 14 14 14 14 14 14 14 14 13 14 13 14 13 14 14 14 14 13 14 13 15 13 13 14 13 14 13 13 14 14 15 14 14 12 13 13 14 15 14 15 14 14 13 12 13 14 14 14 13 13 14 14 13 15 13 13 14 13 13 13 13 15 13 15 14 13 14 14 14 14 13 14 14 15 14 14
449,1x1x64x32,0.57903665 0.6878592 0.48028073 0.65504366 0.6862038 0.8001844 0.67679477 0.44867253 0.5281125 0.84073883 0.40267837 0.7615189 0.6305462 0.34569854 0.5242484 0.44760606 0.7643176 1.1724173 0.26468778 0.47795412 0.6748535 0.73821205 0.52734566 0.34079644 0.72546875 0.40647504 0.4940718 0.86883307 0.27944407 0.5639296 0.7884884 0.31821123,0.578966 0.6877752 0.48022214 0.65496373 0.68612003 0.80008674 0.6767122 0.44861776 0.528048 0.8406362 0.40262923 0.761426 0.63046926 0.34565637 0.5241844 0.44755143 0.7642243 1.1722741 0.26465547 0.4778958 0.67477113 0.7381219 0.52728134 0.34075487 0.7253802 0.40642545 0.49401152 0.868727 0.27940995 0.56386083 0.7883921 0.3181724,0.0045587877 0.0054155528 0.0037812768 0.0051571946 0.00540252 0.0062998957 0.0053284424 0.0035324232 0.004157858 0.0066191824 0.003170309 0.00599548 0.004964325 0.0027217036 0.0041274363 0.003524027 0.006017514 0.009230505 0.0020839013 0.003762959 0.0053131585 0.0058119837 0.0041518216 0.0026831091 0.005711655 0.0032002004 0.0038898545 0.00684037 0.0022000782 0.004439849 0.006207812 0.0025052945,
450,32,,,0.005168222 0.005168222 0.005168222 0.005168222 0.005168222 0.005168222 0.005168222 0.005168222 0.005168222 0.005168222 0.005168222 0.005168222 0.005168222 0.005168222 0.005168222 0.005168222 0.005168222 0.005168222 0.005168222 0.005168222 0.005168222 0.005168222 0.005168222 0.005168222 0.005168222 0.005168222 0.005168222 0.005168222 0.005168222 0.005168222 0.005168222 0.005168222,14 14 15 14 14 14 14 15 14 14 15 14 14 15 14 15 14 13 15 15 14 14 14 15 14 15 15 14 15 14 14 15
455,3x3x32x32,0.46266288 0.4008412 0.39385918 0.5377193 0.52131724 0.28949815 0.36542228 0.51883715 0.50190145 0.6907393 0.28679106 0.33676022 0.2677086 0.42671818 0.4034403 0.4016505 0.37517047 0.36446798 0.32132998 0.35131893 0.5562983 0.4140234 0.2822546 0.3888257 0.37731257 0.6375376 0.67642343 0.68005514 0.8418955 0.4090407 0.38013312 0.23141363,0.46260643 0.40079227 0.3938111 0.5376537 0.5212536 0.2894628 0.36537766 0.5187738 0.50184023 0.69065493 0.28675604 0.33671913 0.2676759 0.42666608 0.40339106 0.40160146 0.37512466 0.36442348 0.32129076 0.35127607 0.5562304 0.41397285 0.28222016 0.38877827 0.37726653 0.63745975 0.6763409 0.6799721 0.84179276 0.40899077 0.38008675 0.23138538,0.0036425702 0.0031558448 0.0031008748 0.0042334935 0.004104359 0.0022792346 0.0028769895 0.004084833 0.003951498 0.0054382277 0.0022579215 0.0026513317 0.0021076843 0.0033595755 0.0031763075 0.0031622162 0.0029537375 0.0028694763 0.0025298486 0.0027659533 0.004379767 0.0032596288 0.002222206 0.0030612461 0.0029706026 0.005019368 0.0053255185 0.005354111 0.0066282894 0.0032203998 0.002992809 0.0018219322,
456,32,,,0.004961525 0.004961525 0.004961525 0.004961525 0.004961525 0.004961525 0.004961525 0.004961525 0.004961525 0.004961525 0.004961525 0.004961525 0.004961525 0.004961525 0.004961525 0.004961525 0.004961525 0.004961525 0.004961525 0.004961525 0.004961525 0.004961525 0.004961525 0.004961525 0.004961525 0.004961525 0.004961525 0.004961525 0.004961525 0.004961525 0.004961525 0.004961525,15 15 15 14 14 15 15 14 14 14 15 15 15 15 15 15 15 15 15 15 14 15 15 15 15 14 14 14 14 15 15 16
461,3x3x32x32,0.39128393 0.27384922 0.23459595 0.2769756 0.5093663 0.2730526 0.54380924 0.32461408 0.42294553 0.5604094 0.22655158 0.2662697 0.36453906 0.393027 0.43047637 0.23886415 0.30831072 0.2712592 0.4180604 0.31073558 0.4187734 0.2941023 0.2511358 0.32183558 0.20312157 0.41976184 0.36526847 0.2581655 0.3055782 0.37458545 0.19059123 0.05503377,0.39123616 0.27381578 0.23456731 0.2769418 0.5093041 0.27301928 0.54374284 0.32457444 0.4228939 0.560341 0.22652392 0.2662372 0.36449456 0.39297903 0.43042383 0.23883499 0.3082731 0.27122608 0.41800937 0.31069764 0.4187223 0.2940664 0.25110513 0.3217963 0.20309679 0.4197106 0.36522388 0.258134 0.3055409 0.37453973 0.19056797 0.055027053,0.0030805997 0.0021560297 0.0018469867 0.002180644 0.0040102685 0.0021497582 0.00428144 0.0025557042 0.0033298733 0.0044121337 0.0017836529 0.002096356 0.0028700358 0.003094323 0.0033891639 0.0018805905 0.0024273472 0.0021356384 0.0032914123 0.0024464382 0.003297026 0.0023154835 0.0019772057 0.002533829 0.0015991874 0.003304808 0.0028757786 0.0020325512 0.0024058337 0.0029491317 0.0015005352 0.0004332839,
462,32,,,0.004430007 0.004430007 0.004430007 0.004430007 0.004430007 0.004430007 0.004430007 0.004430007 0.004430007 0.004430007 0.004430007 0.004430007 0.004430007 0.004430007 0.004430007 0.004430007 0.004430007 0.004430007 0.004430007 0.004430007 0.004430007 0.004430007 0.004430007 0.004430007 0.004430007 0.004430007 0.004430007 0.004430007 0.004430007 0.004430007 0.004430007 0.004430007,13 13 14 13 12 13 12 13 13 12 14 13 13 13 13 14 13 13 13 13 13 13 13 13 14 13 13 13 13 13 14 16
470,3x3x32x32,0.272395 0.36405757 0.33981127 0.29185623 0.24997365 0.29663965 0.3428682 0.25368088 0.32702768 0.3285519 0.28036758 0.36036447 0.3267352 0.34806693 0.44661084 0.4311638 0.2578827 0.24435528 0.26855528 0.32552934 0.2087633 0.11399655 0.5315458 0.22701037 0.45643055 0.2164929 0.34887818 0.3623398 0.23931116 0.4952647 0.42809957 0.22155926,0.27236176 0.36401314 0.3397698 0.29182062 0.24994314 0.29660347 0.34282637 0.25364992 0.32698777 0.32851177 0.28033337 0.3603205 0.32669532 0.34802443 0.44655633 0.4311112 0.25785124 0.24432544 0.26852253 0.3254896 0.20873782 0.11398263 0.5314809 0.22698267 0.45637485 0.21646649 0.34883562 0.36229557 0.23928195 0.49520427 0.42804733 0.22153223,0.0021445807 0.002866245 0.0026753529 0.0022978 0.0019680562 0.0023354604 0.0026994203 0.0019972434 0.002574707 0.0025867068 0.0022073493 0.0028371694 0.0025724042 0.0027403499 0.0035161916 0.0033945763 0.0020303247 0.0019238224 0.0021143507 0.0025629103 0.0016436048 0.0008975011 0.004184889 0.0017872651 0.0035935028 0.0017044605 0.002746737 0.002852721 0.0018841098 0.0038992462 0.0033704515 0.0017443482,
471,32,,,0.005637976 0.005637976 0.005637976 0.005637976 0.005637976 0.005637976 0.005637976 0.005637976 0.005637976 0.005637976 0.005637976 0.005637976 0.005637976 0.005637976 0.005637976 0.005637976 0.005637976 0.005637976 0.005637976 0.005637976 0.005637976 0.005637976 0.005637976 0.005637976 0.005637976 0.005637976 0.005637976 0.005637976 0.005637976 0.005637976 0.005637976 0.005637976,13 13 13 13 13 13 13 13 13 13 13 13 13 13 13 13 13 14 13 13 14 15 12 14 13 14 13 13 14 12 13 14
476,3x3x32x32,0.14536473 0.11398937 0.10790626 0.22584538 0.6259838 0.22067823 0.2802731 0.2443177 0.7139222 0.3375645 0.18537512 0.2146212 0.21874611 0.22266495 0.237191 0.2461656 0.13032913 0.27917442 0.13464516 0.16538371 0.12488316 0.33286577 0.17384993 0.156403 0.29603413 0.1532008 0.39512545 0.1165319 0.3386845 0.3530181 0.19242443 0.15155937,0.145347 0.11397546 0.107893094 0.22581783 0.6259074 0.22065128 0.28023893 0.24428788 0.71383506 0.33752328 0.1853525 0.21459502 0.21871942 0.22263779 0.23716207 0.24613556 0.13031322 0.27914035 0.13462874 0.16536352 0.12486792 0.33282515 0.1738287 0.15638392 0.29599798 0.15318212 0.39507723 0.11651768 0.33864316 0.35297504 0.19240095 0.15154086,0.0011444646 0.00089744455 0.0008495519 0.0017780932 0.004928405 0.0017374117 0.0022066056 0.0019235266 0.0056207487 0.0026576635 0.0014594685 0.0016897245 0.0017222002 0.0017530534 0.0018674178 0.0019380753 0.0010260884 0.0021979555 0.0010600688 0.001302075 0.000983212 0.0026206705 0.00136873 0.0012313694 0.0023306927 0.0012061584 0.0031108444 0.00091746205 0.0026664815 0.002779331 0.0015149681 0.0011932352,
477,32,,,0.006528001 0.006528001 0.006528001 0.006528001 0.006528001 0.006528001 0.006528001 0.006528001 0.006528001 0.006528001 0.006528001 0.006528001 0.006528001 0.006528001 0.006528001 0.006528001 0.006528001 0.006528001 0.006528001 0.006528001 0.006528001 0.006528001 0.006528001 0.006528001 0.006528001 0.006528001 0.006528001 0.006528001 0.006528001 0.006528001 0.006528001 0.006528001,14 15 15 14 12 14 13 14 12 13 14 14 14 14 14 14 14 13 14 14 14 13 14 14 13 14 13 15 13 13 14 14
485,1x1x64x32,1.2535232 0.83097774 1.2623008 1.2536159 1.2231159 0.6261609 1.0992764 0.79827666 0.51722014 0.6647281 0.9695579 0.7458429 0.7551526 0.6961103 0.87193805 0.7796739 0.5362742 1.1684331 0.778573 0.9531728 0.72406346 1.1884388 0.60283 1.0036129 1.0816654 1.2063987 0.95680094 1.056418 0.5811135 0.7941683 0.98089373 1.1516777,1.2533702 0.8308763 1.2621467 1.2534628 1.2229667 0.6260845 1.0991422 0.7981792 0.517157 0.664647 0.96943957 0.74575186 0.75506043 0.6960253 0.8718316 0.7795787 0.53620875 1.1682905 0.77847797 0.9530565 0.7239751 1.1882938 0.6027564 1.0034903 1.0815333 1.2062515 0.9566842 1.0562891 0.5810426 0.7940714 0.980774 1.1515372,0.009869057 0.006542333 0.009938163 0.009869786 0.009629658 0.004929799 0.008654663 0.006284876 0.0040721027 0.005233441 0.0076333825 0.005872062 0.005945358 0.0054805144 0.0068648155 0.006138415 0.004222116 0.009199138 0.0061297477 0.007504382 0.0057005915 0.009356644 0.0047461134 0.007901499 0.00851601 0.009498043 0.0075329463 0.008317237 0.0045751384 0.0062525305 0.0077226297 0.009067222,
486,32,,,0.0045940573 0.0045940573 0.0045940573 0.0045940573 0.0045940573 0.0045940573 0.0045940573 0.0045940573 0.0045940573 0.0045940573 0.0045940573 0.0045940573 0.0045940573 0.0045940573 0.0045940573 0.0045940573 0.0045940573 0.0045940573 0.0045940573 0.0045940573 0.0045940573 0.0045940573 0.0045940573 0.0045940573 0.0045940573 0.0045940573 0.0045940573 0.0045940573 0.0045940573 0.0045940573 0.0045940573 0.0045940573,14 15 14 14 14 15 14 15 15 15 15 15 15 15 15 15 15 14 15 15 15 14 15 14 14 14 15 14 15 15 15 14
494,1x1x64x64,0.19689786 0.29138884 0.22883612 0.121275835 0.5037359 0.19904219 0.5624991 0.5892578 0.24212654 0.33270404 0.2870522 0.20682748 0.1662321 1.0428865 0.19680664 0.1394928 0.23488978 0.27538157 0.6065233 0.26559564 0.070010446 0.31123865 0.3960429 0.25436845 0.47712398 0.21799165 0.15409938 0.5684651 0.20360102 0.11692921 0.2246365 0.19240463 0.13665895 0.15656519 0.23210211 0.2857093 0.08849937 0.1358144 0.23079178 0.1905509 0.26701394 0.4144629 0.24825874 0.2871853 0.2873256 0.26242533 0.13723333 0.13417758 0.11760898 0.35370854 0.194527 0.5144654 0.41179177 0.2810052 0.2525861 0.31934264 0.3928185 0.18838026 0.46105787 0.31880754 0.20315233 0.17072175 0.23542862 0.36977676,0.19687384 0.2913533 0.2288082 0.12126103 0.5036744 0.1990179 0.5624305 0.5891859 0.24209699 0.33266342 0.28701717 0.20680223 0.1662118 1.0427593 0.19678262 0.13947576 0.23486112 0.27534798 0.60644925 0.26556325 0.0700019 0.31120068 0.39599457 0.25433743 0.47706574 0.21796504 0.15408057 0.56839573 0.20357616 0.116914935 0.22460908 0.19238114 0.13664228 0.15654607 0.23207378 0.28567442 0.08848857 0.13579781 0.23076361 0.19052765 0.26698133 0.41441232 0.24822845 0.28715026 0.28729054 0.26239333 0.13721658 0.1341612 0.11759462 0.35366535 0.19450326 0.51440257 0.4117415 0.28097093 0.25255525 0.3193037 0.3927706 0.18835726 0.4610016 0.31876865 0.20312753 0.17070092 0.23539989 0.36973163,0.0015501877 0.0022941204 0.0018016393 0.0009548113 0.00396594 0.00156707 0.0044285865 0.004639259 0.0019062755 0.002619397 0.0022599776 0.0016283641 0.0013087543 0.008210703 0.0015494694 0.0010982343 0.0018493001 0.0021680943 0.0047751907 0.0020910492 0.00055119605 0.002450399 0.0031180675 0.002002657 0.0037564232 0.0017162601 0.0012132329 0.004475557 0.0016029619 0.0009205901 0.0017685754 0.0015148121 0.0010759234 0.0012326462 0.0018273527 0.002249405 0.0006967604 0.0010692741 0.0018170363 0.0015002177 0.0021022153 0.003263089 0.0019545546 0.0022610256 0.0022621301 0.002066089 0.0010804455 0.0010563874 0.0009259419 0.0027847665 0.0015315218 0.004050414 0.003242059 0.0022123696 0.001988624 0.0025142024 0.0030926818 0.001483128 0.0036299338 0.0025099893 0.0015994294 0.0013441017 0.0018535424 0.0029112727,
495,64,,,0.008858778 0.008858778 0.008858778 0.008858778 0.008858778 0.008858778 0.008858778 0.008858778 0.008858778 0.008858778 0.008858778 0.008858778 0.008858778 0.008858778 0.008858778 0.008858778 0.008858778 0.008858778 0.008858778 0.008858778 0.008858778 0.008858778 0.008858778 0.008858778 0.008858778 0.008858778 0.008858778 0.008858778 0.008858778 0.008858778 0.008858778 0.008858778 0.008858778 0.008858778 0.008858778 0.008858778 0.008858778 0.008858778 0.008858778 0.008858778 0.008858778 0.008858778 0.008858778 0.008858778 0.008858778 0.008858778 0.008858778 0.008858778 0.008858778 0.008858778 0.008858778 0.008858778 0.008858778 0.008858778 0.008858778 0.008858778 0.008858778 0.008858778 0.008858778 0.008858778 0.008858778 0.008858778 0.008858778 0.008858778,13 12 13 14 11 13 11 11 13 12 12 13 13 10 13 13 13 12 11 12 14 12 12 12 12 13 13 11 13 14 13 13 13 13 13 12 14 13 13 13 12 12 12 12 12 12 13 13 14 12 13 11 12 12 12 12 12 13 12 12 13 13 13 12
504,1x1x192x128,0.22531609 0.14553536 0.13838418 0.72954506 0.7946847 0.5928501 0.16684377 0.28883088 0.19975501 0.17220435 0.15822832 0.19251235 0.041720696 0.06093588 0.21224931 0.06628202 0.087349206 0.08935746 0.11241042 0.5481135 0.8309958 0.0920736 0.25696546 0.22103657 0.16488084 0.35457274 0.09299698 0.15250576 0.7129353 0.65541804 0.37734842 0.30633983 0.06351292 0.12398461 0.1051797 0.35612214 0.62144774 1.3659965 0.41498268 0.24030603 0.2647162 0.11204561 0.21197875 0.09916305 0.19306152 0.39264557 0.3149666 0.05826774 0.33843973 0.23389353 0.3772198 1.1955371 0.7400141 1.4042546 0.63175106 0.40175313 0.20531124 0.10542187 0.34333563 0.26816106 0.113490656 0.7184689 0.039760493 0.1821004 0.08080629 0.75154895 0.31188884 0.3323873 0.11582491 0.12528516 0.41331273 0.06853066 0.2789206 0.08058431 0.27740476 0.20965433 0.22989817 0.66015285 0.53003734 0.4452503 0.9274299 0.06822271 1.0224518 0.38048795 0.096490726 0.04112307 0.30112183 0.05314179 0.26875427 0.32740948 0.025956716 0.24400902 0.13255082 0.31045848 0.07627421 1.0864854 0.348637 0.3777653 0.07017768 0.15484616 0.34110934 0.5759827 0.40860078 0.15477277 1.0457988 0.31308192 0.28428325 0.052449893 0.1476281 0.29918522 1.0192864 0.1437359 0.40035203 0.16761233 0.11809479 0.63721275 0.20283067 0.23746516 0.6319538 0.6335777 0.8738854 0.40713394 0.586357 0.3223348 0.3775751 0.6643817 0.79378456 0.13181184,0.22528858 0.1455176 0.13836728 0.72945607 0.79458773 0.5927777 0.1668234 0.28879562 0.19973063 0.17218332 0.15820901 0.19248886 0.041715603 0.06092844 0.2122234 0.066273935 0.087338544 0.08934656 0.112396695 0.5480466 0.83089435 0.09206236 0.25693408 0.22100958 0.16486071 0.35452947 0.09298562 0.15248714 0.71284837 0.65533805 0.37730238 0.30630243 0.063505165 0.12396948 0.10516686 0.35607865 0.62137187 1.3658297 0.414932 0.24027671 0.2646839 0.11203193 0.21195288 0.09915094 0.19303796 0.39259765 0.31492814 0.058260627 0.33839843 0.233865 0.37717378 1.1953912 0.7399238 1.4040833 0.631674 0.4017041 0.20528618 0.105409004 0.34329373 0.26812834 0.113476805 0.7183812 0.039755642 0.18207817 0.080796435 0.7514572 0.3118508 0.33234674 0.115810774 0.12526987 0.4132623 0.0685223 0.27888656 0.080574475 0.2773709 0.20962875 0.22987011 0.6600723 0.5299726 0.44519594 0.9273167 0.06821438 1.0223271 0.38044152 0.096478954 0.04111805 0.30108508 0.053135306 0.2687215 0.32736954 0.02595355 0.24397923 0.13253465 0.31042057 0.076264895 1.0863527 0.3485945 0.3777192 0.07016912 0.15482727 0.3410677 0.57591236 0.40855092 0.1547539 1.0456712 0.3130437 0.28424856 0.05244349 0.14761008 0.2991487 1.0191619 0.14371836 0.40030316 0.16759188 0.11808037 0.637135 0.20280592 0.23743618 0.63187665 0.63350034 0.8737787 0.40708426 0.5862855 0.32229546 0.37752903 0.66430056 0.79368764 0.13179576,0.0017739258 0.0011458079 0.0010895062 0.0057437485 0.006256596 0.004667541 0.0013135701 0.0022739812 0.0015726822 0.0013557741 0.0012457402 0.0015156603 0.00032846932 0.0004797515 0.0016710503 0.000521842 0.00068770506 0.0007035162 0.0008850133 0.0043153274 0.0065424754 0.00072490046 0.002023103 0.0017402329 0.0012981158 0.0027915707 0.00073217024 0.0012006862 0.005612979 0.005160142 0.0029708848 0.0024118302 0.00050004065 0.00097613764 0.0008280855 0.002803769 0.004892692 0.010754565 0.003267181 0.0018919426 0.0020841253 0.0008821412 0.0016689203 0.0007807161 0.0015199839 0.00309132 0.0024797493 0.00045874508 0.0026645546 0.0018414566 0.0029698722 0.009412529 0.0058261715 0.011055774 0.004973811 0.0031630243 0.0016164266 0.0008299922 0.0027031002 0.0021112468 0.00089351815 0.005656545 0.00031303655 0.0014336864 0.0006361924 0.005916986 0.002455518 0.0026169035 0.0009118959 0.000986377 0.0032540339 0.00053954567 0.0021959571 0.0006344447 0.002184023 0.00165062 0.0018100009 0.00519742 0.004173013 0.0035054798 0.0073017064 0.0005371211 0.00804982 0.0029956026 0.0007596768 0.0003237642 0.0023707487 0.00041838823 0.0021159172 0.002577713 0.00020435866 0.0019210964 0.0010435799 0.0024442566 0.000600511 0.0085539585 0.0027448384 0.0029741668 0.00055251276 0.0012191123 0.0026855725 0.004534743 0.0032169363 0.0012185345 0.008233632 0.0024649112 0.0022381777 0.00041294086 0.0011622842 0.0023555018 0.008024897 0.0011316406 0.0031519933 0.0013196211 0.0009297667 0.005016811 0.001596897 0.0018695762 0.0049754065 0.0049881916 0.0068801474 0.0032053879 0.004616421 0.0025377595 0.0029726694 0.005230713 0.006249509 0.0010377619,
505,128,,,0.006890588 0.006890588 0.006890588 0.006890588 0.006890588 0.006890588 0.006890588 0.006890588 0.006890588 0.006890588 0.006890588 0.006890588 0.006890588 0.006890588 0.006890588 0.006890588 0.006890588 0.006890588 0.006890588 0.006890588 0.006890588 0.006890588 0.006890588 0.006890588 0.006890588 0.006890588 0.006890588 0.006890588 0.006890588 0.006890588 0.006890588 0.006890588 0.006890588 0.006890588 0.006890588 0.006890588 0.006890588 0.006890588 0.006890588 0.006890588 0.006890588 0.006890588 0.006890588 0.006890588 0.006890588 0.006890588 0.006890588 0.006890588 0.006890588 0.006890588 0.006890588 0.006890588 0.006890588 0.006890588 0.006890588 0.006890588 0.006890588 0.006890588 0.006890588 0.006890588 0.006890588 0.006890588 0.006890588 0.006890588 0.006890588 0.006890588 0.006890588 0.006890588 0.006890588 0.006890588 0.006890588 0.006890588 0.006890588 0.006890588 0.006890588 0.006890588 0.006890588 0.006890588 0.006890588 0.006890588 0.006890588 0.006890588 0.006890588 0.006890588 0.006890588 0.006890588 0.006890588 0.006890588 0.006890588 0.006890588 0.006890588 0.006890588 0.006890588 0.006890588 0.006890588 0.006890588 0.006890588 0.006890588 0.006890588 0.006890588 0.006890588 0.006890588 0.006890588 0.006890588 0.006890588 0.006890588 0.006890588 0.006890588 0.006890588 0.006890588 0.006890588 0.006890588 0.006890588 0.006890588 0.006890588 0.006890588 0.006890588 0.006890588 0.006890588 0.006890588 0.006890588 0.006890588 0.006890588 0.006890588 0.006890588 0.006890588 0.006890588 0.006890588,12 12 12 10 10 10 12 11 12 12 12 12 14 14 12 13 13 13 13 10 10 13 11 12 12 11 13 12 10 10 11 11 13 12 13 11 10 9 11 12 11 13 12 13 12 11 11 14 11 12 11 9 10 9 10 11 12 13 11 11 13 10 14 12 13 10 11 11 13 12 11 13 11 13 11 12 12 10 10 11 10 13 9 11 13 14 11 14 11 11 15 12 12 11 13 9 11 11 13 12 11 10 11 12 9 11 11 14 12 11 9 12 11 12 13 10 12 12 10 10 10 11 10 11 11 10 10 12
510,3x3x128x128,0.23519453 0.18093543 0.14163084 0.21051736 0.13925457 0.14946796 0.11633225 0.09457364 0.19668834 0.10766601 0.15856667 0.1232377 0.17298873 0.09409943 0.22379118 0.1033064 0.07940844 0.14303859 0.12218251 0.18806636 0.18663046 0.1493462 0.1530213 0.12253264 0.16409492 0.21119064 0.15952426 0.109719254 0.1298933 0.17049149 0.20003456 0.1906202 0.18455566 0.11176671 0.08304593 0.097315274 0.11774567 0.23481445 0.25505963 0.19500439 0.16297935 0.060598917 0.15681553 0.15276723 0.21043713 0.18089323 0.27854678 0.12730727 0.08158326 0.1471839 0.1595722 0.15703422 0.12762906 0.08340689 0.112988494 0.15023534 0.17168361 0.15320307 0.06564954 0.20825107 0.16146037 0.23498882 0.07421849 0.20657277 0.19172966 0.20029962 0.10548936 0.07012232 0.16817637 0.20209157 0.28462002 0.25160155 0.14195852 0.1273127 0.15013142 0.16733146 0.053870786 0.22400354 0.21676283 0.1459687 0.16887131 0.08457039 0.11340862 0.18197203 0.15995799 0.1817801 0.1392514 0.18607324 0.17313136 0.112564005 0.21464284 0.1140971 0.08513405 0.08022502 0.15223563 0.22383915 0.17042911 0.05497604 0.18669756 0.14303526 0.23340735 0.10042344 0.052632634 0.15419061 0.1982336 0.16928545 0.2357712 0.21676514 0.15946 0.18668813 0.08598001 0.24858554 0.12913825 0.30575204 0.20571254 0.30738923 0.22314692 0.2835641 0.23701714 0.125089 0.107939534 0.20139636 0.249357 0.26565352 0.17609885 0.13709036 0.1340292 0.17526476,0.23516583 0.18091334 0.14161356 0.21049167 0.13923757 0.14944972 0.116318054 0.0945621 0.19666433 0.10765287 0.15854733 0.123222664 0.17296761 0.09408794 0.22376387 0.10329379 0.07939875 0.14302112 0.122167595 0.1880434 0.18660769 0.14932798 0.15300263 0.12251769 0.1640749 0.21116488 0.1595048 0.109705865 0.12987745 0.17047067 0.20001014 0.19059694 0.18453315 0.11175308 0.08303579 0.0973034 0.1177313 0.2347858 0.2550285 0.19498059 0.16295946 0.060591523 0.15679638 0.15274858 0.21041144 0.18087116 0.2785128 0.12729174 0.0815733 0.14716592 0.15955272 0.15701506 0.12761347 0.08339671 0.1129747 0.150217 0.17166266 0.15318438 0.06564152 0.20822567 0.16144066 0.23496015 0.07420944 0.20654756 0.19170626 0.20027517 0.10547648 0.07011376 0.16815583 0.20206691 0.2845853 0.25157082 0.1419412 0.12729718 0.1501131 0.16731103 0.05386421 0.22397621 0.21673636 0.14595088 0.1688507 0.08456007 0.11339478 0.18194981 0.15993847 0.18175791 0.1392344 0.18605053 0.17311023 0.112550266 0.21461664 0.11408318 0.08512366 0.08021523 0.15221705 0.22381184 0.17040831 0.05496933 0.18667477 0.1430178 0.23337887 0.100411184 0.05262621 0.1541718 0.19820942 0.16926478 0.23574242 0.21673867 0.15944053 0.18666534 0.085969515 0.2485552 0.1291225 0.30571473 0.20568743 0.3073517 0.22311969 0.2835295 0.23698822 0.12507373 0.10792636 0.20137177 0.24932657 0.2656211 0.17607737 0.13707362 0.13401285 0.17524336,0.0018516994 0.0014245146 0.0011150674 0.0016574147 0.0010963588 0.0011767695 0.0009158902 0.00074458343 0.0015485381 0.0008476604 0.0012484042 0.0009702572 0.0013619497 0.00074084994 0.0017619202 0.0008133369 0.000625187 0.0011261506 0.0009619496 0.0014806567 0.0014693519 0.0011758108 0.0012047451 0.00096470624 0.0012919283 0.0016627156 0.0012559433 0.0008638257 0.001022657 0.0013422887 0.001574883 0.0015007633 0.0014530169 0.00087994547 0.0006538251 0.00076616846 0.0009270181 0.0018487071 0.0020080984 0.0015352803 0.0012831453 0.0004770986 0.0012346172 0.0012027448 0.001656783 0.0014241823 0.0021930141 0.0010022972 0.00064230943 0.0011587868 0.0012563206 0.001236339 0.0010048305 0.000656667 0.0008895646 0.001182811 0.0013516744 0.0012061762 0.0005168624 0.0016395722 0.0012711863 0.00185008 0.0005843263 0.0016263587 0.0015094981 0.0015769699 0.0008305235 0.0005520769 0.0013240617 0.001591078 0.0022408292 0.0019808726 0.0011176473 0.00100234 0.0011819929 0.0013174097 0.00042412765 0.0017635922 0.0017065855 0.0011492196 0.001329533 0.0006658273 0.0008928723 0.0014326756 0.001259358 0.0014311647 0.0010963338 0.0014649648 0.0013630727 0.0008862226 0.0016898948 0.00089829275 0.000670265 0.000631616 0.0011985594 0.0017622979 0.0013417978 0.00043282937 0.0014698801 0.0011261244 0.0018376289 0.00079063926 0.0004143796 0.0012139512 0.0015607041 0.0013327935 0.0018562395 0.0017066037 0.0012554373 0.0014698058 0.0006769253 0.0019571276 0.0010167125 0.0024072025 0.0016195861 0.0024200922 0.001756848 0.0022325157 0.0018660489 0.0009848325 0.00084981386 0.0015856045 0.0019632014 0.0020915046 0.0013864359 0.0010793199 0.0010552193 0.001379869,
511,128,,,0.0047707255 0.0047707255 0.0047707255 0.0047707255 0.0047707255 0.0047707255 0.0047707255 0.0047707255 0.0047707255 0.0047707255 0.0047707255 0.0047707255 0.0047707255 0.0047707255 0.0047707255 0.0047707255 0.0047707255 0.0047707255 0.0047707255 0.0047707255 0.0047707255 0.0047707255 0.0047707255 0.0047707255 0.0047707255 0.0047707255 0.0047707255 0.0047707255 0.0047707255 0.0047707255 0.0047707255 0.0047707255 0.0047707255 0.0047707255 0.0047707255 0.0047707255 0.0047707255 0.0047707255 0.0047707255 0.0047707255 0.0047707255 0.0047707255 0.0047707255 0.0047707255 0.0047707255 0.0047707255 0.0047707255 0.0047707255 0.0047707255 0.0047707255 0.0047707255 0.0047707255 0.0047707255 0.0047707255 0.0047707255 0.0047707255 0.0047707255 0.0047707255 0.0047707255 0.0047707255 0.0047707255 0.0047707255 0.0047707255 0.0047707255 0.0047707255 0.0047707255 0.0047707255 0.0047707255 0.0047707255 0.0047707255 0.0047707255 0.0047707255 0.0047707255 0.0047707255 0.0047707255 0.0047707255 0.0047707255 0.0047707255 0.0047707255 0.0047707255 0.0047707255 0.0047707255 0.0047707255 0.0047707255 0.0047707255 0.0047707255 0.0047707255 0.0047707255 0.0047707255 0.0047707255 0.0047707255 0.0047707255 0.0047707255 0.0047707255 0.0047707255 0.0047707255 0.0047707255 0.0047707255 0.0047707255 0.0047707255 0.0047707255 0.0047707255 0.0047707255 0.0047707255 0.0047707255 0.0047707255 0.0047707255 0.0047707255 0.0047707255 0.0047707255 0.0047707255 0.0047707255 0.0047707255 0.0047707255 0.0047707255 0.0047707255 0.0047707255 0.0047707255 0.0047707255 0.0047707255 0.0047707255 0.0047707255 0.0047707255 0.0047707255 0.0047707255 0.0047707255 0.0047707255 0.0047707255,14 14 14 14 14 14 15 15 14 15 14 15 14 15 14 15 15 14 15 14 14 14 14 15 14 14 14 15 14 14 14 14 14 15 15 15 15 14 13 14 14 16 14 14 14 14 13 14 15 14 14 14 14 15 15 14 14 14 15 14 14 14 15 14 14 14 15 15 14 14 13 13 14 14 14 14 16 14 14 14 14 15 15 14 14 14 14 14 14 15 14 15 15 15 14 14 14 16 14 14 14 15 16 14 14 14 14 14 14 14 15 13 14 13 14 13 14 13 14 14 15 14 13 13 14 14 14 14
519,1x1x384x256,0.54953617 0.2252447 0.23741181 0.2654072 0.59012693 0.23616755 0.27093792 0.9085884 0.363808 0.26526234 0.5895703 0.2968575 0.23789006 0.33783156 0.16981505 0.33419454 0.19709341 0.24018742 0.24199948 0.26585042 0.3501395 0.19357315 0.23438771 0.38277656 0.19936343 0.33060703 0.3326341 0.30623066 0.24499175 0.21037191 0.37108943 0.24730514 0.3595806 0.25015712 0.25586683 0.41618073 0.23847862 0.25257784 0.28859633 0.18598919 0.4205284 0.21601176 0.26428854 0.35444137 0.18890625 0.33002558 0.29444534 0.36324993 0.39660195 0.28721896 0.23735975 0.3106276 0.25261122 0.18515347 0.30898967 0.2761452 0.29268935 0.23530003 0.25558987 0.23372985 0.26627338 0.24793391 0.27958122 0.21370691 0.7690076 0.3172953 0.42086273 0.20627227 0.33645564 0.29897347 0.25455496 0.2381755 0.42200655 0.25054696 0.35268885 0.33922264 0.25985017 0.45334893 0.37446252 0.44804728 0.25533915 0.33603472 0.22382155 0.2329689 0.27787706 0.26427743 0.25593132 0.31785277 0.23113026 0.34562027 0.31056997 0.29691103 0.3468368 0.30648035 0.46387655 0.30879375 0.30079946 0.26663432 0.29678148 0.25409156 0.22859347 0.33855283 0.22765456 0.23278025 0.20256963 0.18990025 0.27780634 0.33887115 0.372691 0.30220354 0.28112876 0.46815246 0.38762143 0.31026295 0.2658821 0.19688952 0.24527833 0.21985574 0.29547516 0.32844898 0.28168902 0.34195012 0.2627247 0.2149787 0.3849357 0.20842856 0.25690198 0.3665844 0.21616326 0.47630143 0.30017188 0.2693496 0.2576998 0.36323404 0.19755276 0.54934263 0.26634663 0.2803003 0.2125106 0.17418993 0.33009365 0.3254222 0.20497355 0.3618678 0.13225403 0.28724608 0.27052307 0.5354533 0.267514 0.37134188 0.6163481 0.3722549 0.2421186 0.1803094 0.24246165 0.5535556 0.6013856 0.28504863 0.3806863 0.25553 0.2715394 0.32296827 0.23935276 0.47165117 0.26949975 0.6938706 0.28781125 0.22493544 0.39992693 0.5435819 0.33207908 0.37192267 0.27401245 0.27108675 0.19016013 0.28639236 0.19289054 0.12148852 0.38895386 0.22968473 0.16751088 0.28998515 0.38967347 0.32592365 0.45395267 0.28770146 0.3560167 0.23365068 0.34539768 0.273276 0.2812775 0.274097 0.6572635 0.30554628 0.3165343 0.30705863 0.23205064 0.22164871 0.27105018 0.17524631 0.23478787 0.37776542 0.4038719 0.22932392 0.2276324 0.3215342 0.2988197 0.24006273 0.16916524 0.36300144 0.27904913 0.24778447 0.3235257 0.31708902 0.33547667 0.42959026 0.41388658 0.17802316 0.47198611 0.21117552 0.2098632 0.9274589 0.2892094 0.29602835 0.17736027 0.3494572 0.27462596 0.22410482 0.45887026 0.31160462 0.48332414 0.4035766 0.34739566 0.45552865 0.2345759 0.2763608 0.51960534 0.26004735 0.38857695 0.1332625 0.35716382 0.3327068 0.287827 0.23463851 0.37640837 0.7235541 0.4157811 0.25964102 0.41519722 0.5575181 0.21811305 0.29407158 0.41330424 0.22098611 0.29100543 0.2571151,0.5494691 0.22521721 0.23738283 0.2653748 0.59005487 0.23613873 0.27090484 0.9084775 0.3637636 0.26522997 0.58949834 0.2968213 0.23786102 0.3377903 0.16979432 0.33415377 0.19706936 0.24015811 0.24196994 0.265818 0.35009676 0.19354951 0.23435912 0.38272983 0.19933909 0.33056667 0.3325935 0.3061933 0.24496184 0.21034624 0.37104416 0.24727495 0.3595367 0.25012657 0.2558356 0.41612992 0.23844951 0.252547 0.2885611 0.18596648 0.4204771 0.2159854 0.26425627 0.3543981 0.1888832 0.3299853 0.2944094 0.3632056 0.39655355 0.2871839 0.23733078 0.3105897 0.25258037 0.18513086 0.30895194 0.27611148 0.29265365 0.23527132 0.2555587 0.23370133 0.26624086 0.24790366 0.2795471 0.21368082 0.7689138 0.31725657 0.42081136 0.20624709 0.33641458 0.29893696 0.25452387 0.23814644 0.42195505 0.25051638 0.35264578 0.33918124 0.25981846 0.4532936 0.3744168 0.4479926 0.255308 0.3359937 0.22379424 0.23294047 0.27784315 0.26424518 0.25590008 0.317814 0.23110205 0.34557807 0.31053206 0.2968748 0.34679446 0.30644295 0.46381995 0.30875608 0.30076274 0.26660177 0.29674524 0.25406057 0.22856557 0.3385115 0.22762677 0.23275183 0.20254491 0.18987706 0.27777246 0.33882982 0.37264553 0.30216667 0.28109446 0.46809533 0.3875741 0.3102251 0.26584965 0.1968655 0.24524839 0.21982892 0.2954391 0.3284089 0.28165466 0.34190837 0.26269263 0.21495247 0.3848887 0.20840313 0.25687063 0.36653966 0.21613687 0.4762433 0.30013525 0.26931673 0.25766832 0.3631897 0.19752865 0.5492756 0.26631415 0.28026608 0.21248466 0.17416868 0.3300534 0.3253825 0.20494854 0.36182362 0.1322379 0.287211 0.27049005 0.53538793 0.26748133 0.37129658 0.61627287 0.37220946 0.24208905 0.1802874 0.24243206 0.553488 0.60131216 0.28501382 0.38063985 0.2554988 0.27150625 0.32292888 0.23932354 0.4715936 0.26946688 0.69378597 0.28777614 0.224908 0.39987814 0.54351556 0.33203855 0.37187728 0.273979 0.27105367 0.19013691 0.2863574 0.192867 0.12147369 0.3889064 0.2296567 0.16749044 0.28994974 0.38962594 0.3258839 0.45389727 0.28766635 0.35597324 0.23362218 0.3453555 0.27324265 0.28124318 0.27406353 0.65718335 0.305509 0.3164957 0.30702114 0.23202232 0.22162165 0.2710171 0.17522492 0.23475921 0.3777193 0.4038226 0.22929594 0.22760461 0.32149497 0.29878324 0.24003343 0.16914459 0.36295712 0.2790151 0.24775422 0.3234862 0.3170503 0.33543572 0.42953783 0.41383606 0.17800143 0.4719285 0.21114975 0.20983759 0.9273457 0.28917408 0.29599223 0.17733863 0.34941456 0.27459246 0.22407746 0.45881426 0.3115666 0.48326516 0.40352738 0.34735328 0.45547304 0.23454727 0.2763271 0.5195419 0.2600156 0.38852954 0.13324623 0.35712025 0.3326662 0.28779188 0.23460989 0.3763624 0.72346574 0.4157304 0.25960934 0.41514656 0.5574501 0.21808642 0.2940357 0.41325378 0.22095914 0.29096994 0.2570837,0.0043265284 0.0017733638 0.0018691561 0.0020895654 0.0046461015 0.0018593601 0.002133109 0.007153366 0.0028642802 0.002088425 0.004641719 0.0023371757 0.0018729215 0.0026597662 0.0013369631 0.002631132 0.0015517273 0.0018910087 0.0019052752 0.002093055 0.0027566673 0.001524012 0.0018453473 0.0030136206 0.0015695991 0.002602887 0.0026188465 0.0024109709 0.0019288334 0.0016562695 0.0029216076 0.0019470468 0.0028309978 0.0019695004 0.0020144535 0.0032766135 0.0018775553 0.001988559 0.0022721346 0.001464303 0.0033108431 0.0017006724 0.002080758 0.0027905363 0.0014872693 0.0025983094 0.0023181841 0.0028598867 0.003122469 0.0022612906 0.0018687462 0.0024455881 0.001988822 0.0014577233 0.0024326926 0.0021741062 0.0023043593 0.00185253 0.0020122733 0.001840168 0.0020963848 0.0019519973 0.0022011583 0.0016825261 0.0060544396 0.0024980833 0.0033134753 0.0016239928 0.0026489336 0.0023538345 0.002004125 0.0018751688 0.0033224807 0.0019725699 0.0027767385 0.0026707184 0.0020458146 0.003569241 0.0029481638 0.0035275007 0.0020102991 0.0026456197 0.0017621594 0.001834177 0.0021877412 0.0020806708 0.0020149613 0.0025024724 0.0018197012 0.0027210873 0.0024451343 0.0023375968 0.002730665 0.0024129367 0.0036521256 0.0024311503 0.0023682106 0.0020992265 0.0023365768 0.002000477 0.001799729 0.0026654447 0.0017923368 0.0018326916 0.0015948418 0.001495095 0.0021871848 0.0026679514 0.0029342168 0.0023792651 0.002213342 0.00368579 0.0030517646 0.0024427173 0.0020933044 0.001550122 0.0019310897 0.0017309363 0.002326292 0.0025858968 0.002217753 0.0026921919 0.002068446 0.0016925391 0.0030306198 0.0016409695 0.0020226033 0.002886139 0.0017018651 0.003749947 0.0023632697 0.0021206043 0.0020288844 0.0028597615 0.0015553436 0.0043250048 0.0020969617 0.0022068196 0.0016731075 0.001371407 0.0025988456 0.002562067 0.001613768 0.002849005 0.0010412433 0.0022615038 0.002129843 0.004215653 0.0021061522 0.0029235953 0.004852542 0.0029307832 0.001906213 0.0014195859 0.0019089138 0.0043581733 0.0047347415 0.0022442034 0.0029971641 0.0020118016 0.0021378445 0.002542747 0.0018844373 0.0037133354 0.0021217864 0.0054628816 0.002265954 0.0017709291 0.0031486468 0.0042796503 0.0026144767 0.0029281676 0.002157315 0.002134281 0.001497141 0.0022547827 0.0015186378 0.00095648575 0.003062255 0.0018083204 0.0013188224 0.0022830688 0.0030679207 0.0025660149 0.0035739942 0.0022650894 0.002802939 0.0018395447 0.0027193348 0.002151517 0.0022145133 0.0021579806 0.005174672 0.0024055827 0.002492092 0.0024174892 0.0018269473 0.0017450523 0.002133993 0.0013797238 0.0018484978 0.002974168 0.0031797055 0.0018054799 0.0017921623 0.0025314565 0.002352624 0.0018900271 0.0013318472 0.00285793 0.0021969692 0.0019508206 0.0025471356 0.002496459 0.0026412262 0.0033821876 0.0032585517 0.0014015861 0.0037159724 0.0016625965 0.0016522645 0.0073019345 0.0022769612 0.0023306475 0.0013963672 0.0027512957 0.0021621455 0.0017643895 0.0036127106 0.0024532801 0.0038052376 0.003177381 0.0027350653 0.003586402 0.001846829 0.002175804 0.0040908814 0.002047367 0.0030592878 0.0010491828 0.0028119704 0.0026194188 0.0022660778 0.001847322 0.0029634836 0.0056965807 0.0032734675 0.002044168 0.0032688705 0.004389371 0.0017172159 0.0023152418 0.0032539668 0.0017398357 0.002291102 0.0020242813,
520,256,,,0.0056379763 0.0056379763 0.0056379763 0.0056379763 0.0056379763 0.0056379763 0.0056379763 0.0056379763 0.0056379763 0.0056379763 0.0056379763 0.0056379763 0.0056379763 0.0056379763 0.0056379763 0.0056379763 0.0056379763 0.0056379763 0.0056379763 0.0056379763 0.0056379763 0.0056379763 0.0056379763 0.0056379763 0.0056379763 0.0056379763 0.0056379763 0.0056379763 0.0056379763 0.0056379763 0.0056379763 0.0056379763 0.0056379763 0.0056379763 0.0056379763 0.0056379763 0.0056379763 0.0056379763 0.0056379763 0.0056379763 0.0056379763 0.0056379763 0.0056379763 0.0056379763 0.0056379763 0.0056379763 0.0056379763 0.0056379763 0.0056379763 0.0056379763 0.0056379763 0.0056379763 0.0056379763 0.0056379763 0.0056379763 0.0056379763 0.0056379763 0.0056379763 0.0056379763 0.0056379763 0.0056379763 0.0056379763 0.0056379763 0.0056379763 0.0056379763 0.0056379763 0.0056379763 0.0056379763 0.0056379763 0.0056379763 0.0056379763 0.0056379763 0.0056379763 0.0056379763 0.0056379763 0.0056379763 0.0056379763 0.0056379763 0.0056379763 0.0056379763 0.0056379763 0.0056379763 0.0056379763 0.0056379763 0.0056379763 0.0056379763 0.0056379763 0.0056379763 0.0056379763 0.0056379763 0.0056379763 0.0056379763 0.0056379763 0.0056379763 0.0056379763 0.0056379763 0.0056379763 0.0056379763 0.0056379763 0.0056379763 0.0056379763 0.0056379763 0.0056379763 0.0056379763 0.0056379763 0.0056379763 0.0056379763 0.0056379763 0.0056379763 0.0056379763 0.0056379763 0.0056379763 0.0056379763 0.0056379763 0.0056379763 0.0056379763 0.0056379763 0.0056379763 0.0056379763 0.0056379763 0.0056379763 0.0056379763 0.0056379763 0.0056379763 0.0056379763 0.0056379763 0.0056379763 0.0056379763 0.0056379763 0.0056379763 0.0056379763 0.0056379763 0.0056379763 0.0056379763 0.0056379763 0.0056379763 0.0056379763 0.0056379763 0.0056379763 0.0056379763 0.0056379763 0.0056379763 0.0056379763 0.0056379763 0.0056379763 0.0056379763 0.0056379763 0.0056379763 0.0056379763 0.0056379763 0.0056379763 0.0056379763 0.0056379763 0.0056379763 0.0056379763 0.0056379763 0.0056379763 0.0056379763 0.0056379763 0.0056379763 0.0056379763 0.0056379763 0.0056379763 0.0056379763 0.0056379763 0.0056379763 0.0056379763 0.0056379763 0.0056379763 0.0056379763 0.0056379763 0.0056379763 0.0056379763 0.0056379763 0.0056379763 0.0056379763 0.0056379763 0.0056379763 0.0056379763 0.0056379763 0.0056379763 0.0056379763 0.0056379763 0.0056379763 0.0056379763 0.0056379763 0.0056379763 0.0056379763 0.0056379763 0.0056379763 0.0056379763 0.0056379763 0.0056379763 0.0056379763 0.0056379763 0.0056379763 0.0056379763 0.0056379763 0.0056379763 0.0056379763 0.0056379763 0.0056379763 0.0056379763 0.0056379763 0.0056379763 0.0056379763 0.0056379763 0.0056379763 0.0056379763 0.0056379763 0.0056379763 0.0056379763 0.0056379763 0.0056379763 0.0056379763 0.0056379763 0.0056379763 0.0056379763 0.0056379763 0.0056379763 0.0056379763 0.0056379763 0.0056379763 0.0056379763 0.0056379763 0.0056379763 0.0056379763 0.0056379763 0.0056379763 0.0056379763 0.0056379763 0.0056379763 0.0056379763 0.0056379763 0.0056379763 0.0056379763 0.0056379763 0.0056379763 0.0056379763 0.0056379763 0.0056379763 0.0056379763 0.0056379763 0.0056379763 0.0056379763 0.0056379763 0.0056379763 0.0056379763 0.0056379763 0.0056379763 0.0056379763 0.0056379763 0.0056379763 0.0056379763 0.0056379763 0.0056379763,13 15 15 14 13 15 14 13 14 14 13 14 15 14 15 14 15 15 15 14 14 15 15 14 15 14 14 14 15 15 14 15 14 14 14 14 15 14 14 15 14 15 14 14 15 14 14 14 14 14 15 14 14 15 14 14 14 15 14 15 14 14 14 15 13 14 14 15 14 14 14 15 14 14 14 14 14 14 14 14 14 14 15 15 14 14 14 14 15 14 14 14 14 14 14 14 14 14 14 14 15 14 15 15 15 15 14 14 14 14 14 14 14 14 14 15 15 15 14 14 14 14 14 15 14 15 14 14 15 14 14 14 14 14 15 13 14 14 15 15 14 14 15 14 15 14 14 13 14 14 13 14 15 15 15 13 13 14 14 14 14 14 15 14 14 13 14 15 14 13 14 14 14 14 15 14 15 16 14 15 15 14 14 14 14 14 14 15 14 14 14 14 13 14 14 14 15 15 14 15 15 14 14 15 15 14 14 15 15 14 14 14 14 14 14 14 14 15 14 15 15 13 14 14 15 14 14 15 14 14 14 14 14 14 15 14 13 14 14 15 14 14 14 15 14 13 14 14 14 13 15 14 14 15 14 14
529,1x1x128x64,0.35235974 0.24910253 0.251478 0.40577048 0.27891427 0.23679158 0.34112996 0.21379256 0.30727285 0.15862869 0.40722707 0.18046914 0.38389197 0.32218382 0.52620834 0.4875319 0.41636097 0.23201896 0.34419584 0.2911795 0.32581425 0.12770543 0.26500905 0.12826112 0.18391572 0.35682714 0.20822538 0.34370503 0.14785664 0.13850589 0.34382448 0.2781233 0.28796318 0.31956345 0.328038 0.41861996 0.14897181 0.27236536 0.3438188 0.3050432 0.27935365 0.26209897 0.33342916 0.2872775 0.20698659 0.18471725 0.28657544 0.31302536 0.1616103 0.19241801 0.32041964 0.15416262 0.1568849 0.43630335 0.51794946 0.27772048 0.2526833 0.35375136 0.3416705 0.22369994 0.16963324 0.15312481 0.48650464 0.21190406,0.35231674 0.24907213 0.2514473 0.40572098 0.27888024 0.23676267 0.34108832 0.21376647 0.30723533 0.15860933 0.4071774 0.18044712 0.38384512 0.32214448 0.5261441 0.4874724 0.41631016 0.23199065 0.34415382 0.29114395 0.3257745 0.12768984 0.2649767 0.12824546 0.18389326 0.3567836 0.20819996 0.34366307 0.14783859 0.13848898 0.3437825 0.27808934 0.28792804 0.31952447 0.32799795 0.41856888 0.14895363 0.2723321 0.34377685 0.30500597 0.27931955 0.26206696 0.33338845 0.2872424 0.20696133 0.1846947 0.28654048 0.31298715 0.16159059 0.19239452 0.32038054 0.15414381 0.15686575 0.43625012 0.5178863 0.27768657 0.2526525 0.3537082 0.34162882 0.22367264 0.16961253 0.15310612 0.48644528 0.2118782,0.0027741475 0.001961198 0.0019798998 0.0031946534 0.0021959073 0.001864273 0.0026857348 0.0016832006 0.0024191758 0.0012488924 0.0032061213 0.0014208434 0.0030224025 0.0025365707 0.004142867 0.0038383652 0.0032780329 0.0018266981 0.0027098726 0.0022924722 0.0025651534 0.0010054318 0.0020864308 0.0010098068 0.0014479784 0.0028093196 0.0016393698 0.0027060085 0.0011640834 0.0010904644 0.002706949 0.0021896798 0.00226715 0.0025159407 0.002582661 0.0032958179 0.0011728633 0.0021443472 0.0027069044 0.0024016218 0.0021993665 0.0020635193 0.002625106 0.0022617513 0.0016296168 0.0014542891 0.0022562242 0.0024644658 0.0012723668 0.0015149175 0.0025226814 0.0012137308 0.0012351633 0.0034350404 0.004077845 0.0021865084 0.0019893898 0.002785104 0.0026899907 0.0017612019 0.0013355317 0.00120556 0.0038302778 0.0016683323,
530,64,,,0.0044300067 0.0044300067 0.0044300067 0.0044300067 0.0044300067 0.0044300067 0.0044300067 0.0044300067 0.0044300067 0.0044300067 0.0044300067 0.0044300067 0.0044300067 0.0044300067 0.0044300067 0.0044300067 0.0044300067 0.0044300067 0.0044300067 0.0044300067 0.0044300067 0.0044300067 0.0044300067 0.0044300067 0.0044300067 0.0044300067 0.0044300067 0.0044300067 0.0044300067 0.0044300067 0.0044300067 0.0044300067 0.0044300067 0.0044300067 0.0044300067 0.0044300067 0.0044300067 0.0044300067 0.0044300067 0.0044300067 0.0044300067 0.0044300067 0.0044300067 0.0044300067 0.0044300067 0.0044300067 0.0044300067 0.0044300067 0.0044300067 0.0044300067 0.0044300067 0.0044300067 0.0044300067 0.0044300067 0.0044300067 0.0044300067 0.0044300067 0.0044300067 0.0044300067 0.0044300067 0.0044300067 0.0044300067 0.0044300067 0.0044300067,14 14 14 14 14 15 14 15 14 15 14 15 14 14 13 14 14 15 14 14 14 15 14 15 15 14 15 14 15 15 14 14 14 14 14 14 15 14 14 14 14 14 14 14 15 15 14 14 15 15 14 15 15 14 13 14 14 14 14 15 15 15 14 15
535,3x3x64x64,0.23345274 0.27454796 0.27658066 0.28460047 0.27125028 0.25028285 0.16763057 0.2860155 0.09304448 0.3959036 0.18360098 0.62499803 0.3031233 0.28757045 0.3204222 0.1429894 0.36398003 0.26686427 0.2206654 0.58456105 0.103353746 0.22464345 0.37086168 0.111792356 0.21211483 0.09899661 0.23701833 0.22568698 0.27262014 0.19495037 0.191108 0.22393404 0.39253438 0.22436011 0.20097181 0.4987522 0.30273572 0.17215398 0.25553036 0.26390445 0.47304255 0.26293448 0.24378686 0.3364011 0.30213472 0.56939095 0.3967975 0.39907455 0.34780908 0.30312237 0.45326602 0.37667274 0.21065332 0.22093052 0.23320535 0.2801406 0.19959496 0.3051597 0.21016401 0.301468 0.2532081 0.19894473 0.2329589 0.19352083,0.23342425 0.27451444 0.27654693 0.28456572 0.27121717 0.2502523 0.16761011 0.2859806 0.09303313 0.39585528 0.18357858 0.6249218 0.30308628 0.28753537 0.3203831 0.14297195 0.3639356 0.2668317 0.22063847 0.5844897 0.10334113 0.22461604 0.37081644 0.111778714 0.21208894 0.09898453 0.23698941 0.22565943 0.27258685 0.19492659 0.19108468 0.22390671 0.39248645 0.22433273 0.20094728 0.49869132 0.3026988 0.17213297 0.25549915 0.26387227 0.47298482 0.2629024 0.24375711 0.33636007 0.30209786 0.56932145 0.39674908 0.39902586 0.3477666 0.30308536 0.4532107 0.37662676 0.2106276 0.22090355 0.23317689 0.28010643 0.19957061 0.30512246 0.21013837 0.30143124 0.2531772 0.19892044 0.23293047 0.19349721,0.0018379862 0.002161531 0.0021775349 0.002240675 0.0021355683 0.0019704907 0.0013197646 0.0022518157 0.0007325443 0.0031169706 0.0014455006 0.004920644 0.0023865062 0.002264058 0.0025227016 0.0011257634 0.0028656346 0.002101037 0.0017373108 0.004602281 0.0008137097 0.0017686302 0.0029198145 0.00088014733 0.0016699916 0.00077940576 0.0018660583 0.0017768459 0.0021463532 0.001534855 0.0015046038 0.001763045 0.0030904445 0.0017663995 0.0015822621 0.0039267032 0.002383455 0.0013553777 0.0020118044 0.0020777343 0.0037242898 0.0020700977 0.0019193473 0.0026485045 0.0023787234 0.0044828462 0.0031240084 0.003141936 0.0027383198 0.002386499 0.0035685883 0.002965565 0.001658485 0.001739398 0.0018360384 0.0022055623 0.0015714221 0.0024025391 0.0016546329 0.0023734744 0.0019935211 0.0015663027 0.0018340981 0.0015236001,
536,64,,,0.004770726 0.004770726 0.004770726 0.004770726 0.004770726 0.004770726 0.004770726 0.004770726 0.004770726 0.004770726 0.004770726 0.004770726 0.004770726 0.004770726 0.004770726 0.004770726 0.004770726 0.004770726 0.004770726 0.004770726 0.004770726 0.004770726 0.004770726 0.004770726 0.004770726 0.004770726 0.004770726 0.004770726 0.004770726 0.004770726 0.004770726 0.004770726 0.004770726 0.004770726 0.004770726 0.004770726 0.004770726 0.004770726 0.004770726 0.004770726 0.004770726 0.004770726 0.004770726 0.004770726 0.004770726 0.004770726 0.004770726 0.004770726 0.004770726 0.004770726 0.004770726 0.004770726 0.004770726 0.004770726 0.004770726 0.004770726 0.004770726 0.004770726 0.004770726 0.004770726 0.004770726 0.004770726 0.004770726 0.004770726,14 13 13 13 13 13 14 13 15 13 14 12 13 13 13 14 13 13 14 12 15 14 13 15 14 15 14 14 13 14 14 14 13 14 14 12 13 14 13 13 13 13 14 13 13 12 13 13 13 13 13 13 14 14 14 13 14 13 14 13 13 14 14 14
541,3x3x64x64,0.18481486 0.15851246 0.089624226 0.31515276 0.2521647 0.15026563 0.24825568 0.32475767 0.27518263 0.3218099 0.31849226 0.23948143 0.34011537 0.25938743 0.16523619 0.35790867 0.2534956 0.24107309 0.3430113 0.16636361 0.2532955 0.2564223 0.30041733 0.14954546 0.17609723 0.41218582 0.24290681 0.22127326 0.117941156 0.102050245 0.4823763 0.14580001 0.35215917 0.22439016 0.22508907 0.18652873 0.17554934 0.24710742 0.28912818 0.41643712 0.17162807 0.29444507 0.31371483 0.25936106 0.17528833 0.11841706 0.21041924 0.18617582 0.23280898 0.16967005 0.44454798 0.059942774 0.22135879 0.40921587 0.25371367 0.25953367 0.3176656 0.05963357 0.35051528 0.30346766 0.10702627 0.27026042 0.32383704 0.20334086,0.18479231 0.15849312 0.08961329 0.31511432 0.25213394 0.1502473 0.24822539 0.32471803 0.27514905 0.3217706 0.3184534 0.2394522 0.34007385 0.25935578 0.16521601 0.357865 0.25346467 0.24104366 0.34296945 0.16634332 0.2532646 0.25639102 0.30038068 0.1495272 0.17607574 0.4121355 0.24287716 0.22124626 0.11792676 0.102037795 0.48231742 0.14578222 0.3521162 0.22436278 0.2250616 0.18650597 0.17552793 0.24707726 0.2890929 0.41638628 0.17160714 0.29440913 0.31367657 0.2593294 0.17526695 0.118402615 0.21039355 0.1861531 0.23278058 0.16964935 0.4444937 0.05993546 0.22133178 0.40916595 0.2536827 0.259502 0.31762683 0.059626296 0.35047248 0.30343065 0.10701321 0.27022746 0.32379752 0.20331603,0.0014550575 0.0012479773 0.00070561643 0.0024812152 0.0019853066 0.0011830496 0.0019545306 0.0025568348 0.002166528 0.0025336267 0.002507507 0.0018854503 0.0026777468 0.0020421715 0.0013009135 0.0028178347 0.0019957847 0.0018979815 0.0027005468 0.00130979 0.0019942096 0.002018827 0.0023652022 0.0011773796 0.0013864231 0.0032451616 0.0019124185 0.0017420965 0.0009285572 0.0008034472 0.003797775 0.0011478915 0.0027725685 0.001766636 0.0017721385 0.001468551 0.0013821097 0.0019454903 0.002276322 0.0032786322 0.0013512373 0.002318182 0.0024698942 0.0020419639 0.0013800547 0.0009323041 0.0016566421 0.0014657724 0.0018329179 0.0013358216 0.0034999505 0.00047193276 0.0017427698 0.0032217791 0.0019975016 0.002043323 0.0025009988 0.0004694984 0.002759626 0.0023892177 0.0008426237 0.0021277752 0.0025495868 0.0016009136,
542,64,,,0.0049615246 0.0049615246 0.0049615246 0.0049615246 0.0049615246 0.0049615246 0.0049615246 0.0049615246 0.0049615246 0.0049615246 0.0049615246 0.0049615246 0.0049615246 0.0049615246 0.0049615246 0.0049615246 0.0049615246 0.0049615246 0.0049615246 0.0049615246 0.0049615246 0.0049615246 0.0049615246 0.0049615246 0.0049615246 0.0049615246 0.0049615246 0.0049615246 0.0049615246 0.0049615246 0.0049615246 0.0049615246 0.0049615246 0.0049615246 0.0049615246 0.0049615246 0.0049615246 0.0049615246 0.0049615246 0.0049615246 0.0049615246 0.0049615246 0.0049615246 0.0049615246 0.0049615246 0.0049615246 0.0049615246 0.0049615246 0.0049615246 0.0049615246 0.0049615246 0.0049615246 0.0049615246 0.0049615246 0.0049615246 0.0049615246 0.0049615246 0.0049615246 0.0049615246 0.0049615246 0.0049615246 0.0049615246 0.0049615246 0.0049615246,14 14 15 13 13 14 13 13 13 13 13 14 13 13 14 13 13 14 13 14 13 13 13 14 14 13 14 14 15 15 13 14 13 14 14 14 14 14 13 13 14 13 13 13 14 15 14 14 14 14 13 16 14 13 13 13 13 16 13 13 15 13 13 14
550,3x3x64x64,0.27457717 0.21255144 0.38132748 0.5722264 0.27855805 0.33576617 0.50514734 0.52375555 0.15680686 0.15400286 0.24810502 0.5864119 0.29888317 0.2318754 0.28186134 0.16752157 0.14230894 0.17153212 0.36444744 0.1575036 0.1894254 0.3475905 0.12355224 0.113609456 0.34900057 0.24400981 0.23591714 0.24949315 0.16904157 0.1485551 0.21037701 0.29482016 0.34296584 0.29464483 0.22045797 0.32273608 0.429776 0.22423187 0.11531073 0.16014594 0.23102209 0.39130452 0.27078596 0.42789382 0.36247233 0.36618876 0.36049882 0.1539573 0.11336569 0.2784758 0.20524338 0.5804884 0.3616777 0.18774849 0.18275642 0.17227884 0.14150766 0.10029013 0.22264956 0.36834893 0.12286897 0.19203652 0.19164623 0.20050336,0.27454364 0.2125255 0.38128096 0.5721566 0.27852407 0.3357252 0.50508565 0.5236916 0.15678772 0.15398405 0.24807474 0.58634037 0.2988467 0.2318471 0.28182694 0.16750112 0.14229158 0.17151119 0.36440295 0.15748438 0.18940227 0.34754807 0.12353716 0.11359559 0.348958 0.24398002 0.23588835 0.2494627 0.16902094 0.14853698 0.21035133 0.29478416 0.34292397 0.2946089 0.22043107 0.32269672 0.42972356 0.2242045 0.115296654 0.1601264 0.2309939 0.39125675 0.2707529 0.4278416 0.36242807 0.3661441 0.36045483 0.15393852 0.11335185 0.2784418 0.20521833 0.5804176 0.36163357 0.18772559 0.18273412 0.17225781 0.14149038 0.100277886 0.2226224 0.36830395 0.12285398 0.19201308 0.19162285 0.2004789,0.002161761 0.0016734292 0.0030022124 0.00450517 0.0021931028 0.0026435053 0.0039770524 0.004123556 0.001234549 0.0012124729 0.0019533443 0.0046168533 0.0023531236 0.0018255678 0.0022191098 0.0013189064 0.0011204061 0.0013504818 0.0028693145 0.0012400345 0.0014913564 0.002736599 0.00097273354 0.0008944535 0.0027477008 0.0019211025 0.0018573885 0.0019642732 0.0013308735 0.0011695825 0.0016563097 0.002321135 0.0027001887 0.002319755 0.0017356777 0.002540919 0.00338365 0.0017653897 0.00090784766 0.0012608378 0.0018188496 0.0030807618 0.0021319126 0.0033688315 0.0028537642 0.0028830243 0.002838227 0.0012121144 0.00089253427 0.002192455 0.0016158924 0.0045702173 0.0028475085 0.0014781542 0.0014388514 0.0013563607 0.0011140975 0.00078958966 0.0017529322 0.0029000312 0.00096735416 0.0015119141 0.0015088414 0.001578574,
551,64,,,0.005637976 0.005637976 0.005637976 0.005637976 0.005637976 0.005637976 0.005637976 0.005637976 0.005637976 0.005637976 0.005637976 0.005637976 0.005637976 0.005637976 0.005637976 0.005637976 0.005637976 0.005637976 0.005637976 0.005637976 0.005637976 0.005637976 0.005637976 0.005637976 0.005637976 0.005637976 0.005637976 0.005637976 0.005637976 0.005637976 0.005637976 0.005637976 0.005637976 0.005637976 0.005637976 0.005637976 0.005637976 0.005637976 0.005637976 0.005637976 0.005637976 0.005637976 0.005637976 0.005637976 0.005637976 0.005637976 0.005637976 0.005637976 0.005637976 0.005637976 0.005637976 0.005637976 0.005637976 0.005637976 0.005637976 0.005637976 0.005637976 0.005637976 0.005637976 0.005637976 0.005637976 0.005637976 0.005637976 0.005637976,13 14 13 12 13 13 12 12 14 14 13 12 13 14 13 14 14 14 13 14 14 13 15 15 13 14 14 13 14 14 14 13 13 13 14 13 13 14 15 14 14 13 13 13 13 13 13 14 15 13 14 12 13 14 14 14 14 15 14 13 15 14 14 14
556,3x3x64x64,0.36350507 0.40594277 0.20063779 0.37990254 0.35188666 0.23434822 0.20661043 0.100213096 0.12188034 0.27405304 0.36640805 0.17628162 0.2828987 0.20496422 0.33603904 0.37036273 0.2175873 0.27454278 0.2177467 0.18659177 0.12921292 0.33022994 0.36471024 0.29409108 0.17517383 0.27100366 0.23835652 0.26556194 0.27162433 0.28301597 0.39972332 0.26563737 0.2004719 0.27897197 0.2352509 0.086628996 0.26812664 0.1038928 0.2663775 0.24469672 0.3700668 0.25356868 0.29052925 0.31337515 0.13905174 0.17851248 0.21404697 0.07010111 0.17793702 0.2311415 0.14786366 0.085058756 0.28837138 0.34473667 0.28721493 0.12214508 0.36303535 0.25506377 0.24176975 0.23701654 0.061091807 0.3369497 0.36566642 0.15090106,0.36346072 0.4058932 0.2006133 0.3798562 0.3518437 0.23431961 0.20658521 0.10020086 0.12186546 0.2740196 0.36636332 0.17626011 0.28286415 0.20493922 0.33599803 0.37031755 0.21756075 0.27450925 0.21772012 0.186569 0.12919714 0.33018962 0.36466572 0.29405516 0.17515247 0.27097058 0.23832743 0.2655295 0.27159116 0.28298143 0.39967453 0.26560494 0.20044743 0.2789379 0.2352222 0.08661842 0.2680939 0.10388012 0.266345 0.24466686 0.3700216 0.2535377 0.29049382 0.31333688 0.13903476 0.1784907 0.21402085 0.07009255 0.17791529 0.23111328 0.14784561 0.08504837 0.2883362 0.3446946 0.2871799 0.12213018 0.36299106 0.25503263 0.24174024 0.23698762 0.06108435 0.33690858 0.36562178 0.15088265,0.0028618954 0.0031960094 0.0015796323 0.0029909937 0.002770423 0.0018450363 0.0016266552 0.0007889832 0.0009595705 0.0021576346 0.0028847505 0.001387875 0.0022272768 0.0016136946 0.0026456537 0.0029158862 0.0017130768 0.0021614903 0.0017143317 0.0014690473 0.0010173003 0.0025999183 0.0028713837 0.002315395 0.0013791532 0.0021336267 0.0018765939 0.0020907836 0.0021385131 0.0022282002 0.0031470435 0.0020913775 0.0015783262 0.0021963615 0.0018521433 0.0006820348 0.0021109758 0.0008179537 0.0020972048 0.0019265107 0.002913556 0.00199636 0.002287353 0.0024672195 0.0010947619 0.0014054385 0.0016852035 0.00055190985 0.0014009078 0.0018197896 0.0011641387 0.0006696722 0.0022703637 0.0027141308 0.002261259 0.00096165494 0.0028581973 0.002008131 0.0019034664 0.0018660442 0.00048097913 0.0026528235 0.0028789116 0.0011880524,
557,64,,,0.005637976 0.005637976 0.005637976 0.005637976 0.005637976 0.005637976 0.005637976 0.005637976 0.005637976 0.005637976 0.005637976 0.005637976 0.005637976 0.005637976 0.005637976 0.005637976 0.005637976 0.005637976 0.005637976 0.005637976 0.005637976 0.005637976 0.005637976 0.005637976 0.005637976 0.005637976 0.005637976 0.005637976 0.005637976 0.005637976 0.005637976 0.005637976 0.005637976 0.005637976 0.005637976 0.005637976 0.005637976 0.005637976 0.005637976 0.005637976 0.005637976 0.005637976 0.005637976 0.005637976 0.005637976 0.005637976 0.005637976 0.005637976 0.005637976 0.005637976 0.005637976 0.005637976 0.005637976 0.005637976 0.005637976 0.005637976 0.005637976 0.005637976 0.005637976 0.005637976 0.005637976 0.005637976 0.005637976 0.005637976,13 13 14 13 13 14 14 15 15 13 13 14 13 14 13 13 14 13 14 14 14 13 13 13 14 13 14 13 13 13 13 13 14 13 14 15 13 15 13 14 13 13 13 13 14 14 14 15 14 14 14 15 13 13 13 15 13 13 14 14 16 13 13 14
565,1x1x128x64,0.8696145 0.6139065 0.4074602 0.69443464 0.7162812 0.67674214 0.39945626 0.5626899 0.44850284 0.38402793 0.25040454 0.63930506 0.33084032 0.3382656 0.512531 0.7490595 0.92025495 0.49448362 0.55415386 0.34044847 0.42748263 0.5150201 0.5258568 0.51709443 1.0512191 0.66079104 0.62234527 0.7944808 0.36711854 0.40075013 0.31968072 0.37841067 0.7988657 0.5896323 0.57286084 0.41961524 0.51691985 0.88233453 0.2576635 0.37758854 0.26473376 0.5184682 0.24652481 0.7668209 0.28024924 0.6242396 0.30739388 0.7516948 0.73658556 0.39601 0.30775866 0.36658838 0.32940996 0.83642644 0.48000544 0.5876373 0.66449803 0.73657876 0.52742964 0.30016223 0.49814376 0.6169886 0.40627766 0.48127177,0.8695084 0.6138316 0.4074105 0.6943499 0.7161938 0.6766596 0.3994075 0.56262124 0.44844812 0.38398108 0.25037396 0.63922703 0.33079994 0.33822432 0.5124684 0.7489681 0.92014265 0.49442327 0.55408627 0.34040692 0.42743048 0.51495725 0.52579266 0.5170313 1.0510908 0.6607104 0.6222693 0.7943839 0.3670737 0.40070122 0.3196417 0.3783645 0.7987682 0.5895603 0.5727909 0.419564 0.51685673 0.8822269 0.25763205 0.37754247 0.26470146 0.51840496 0.24649473 0.7667273 0.28021505 0.62416345 0.30735636 0.75160307 0.7364957 0.3959617 0.30772108 0.36654365 0.32936975 0.8363244 0.47994688 0.5875656 0.66441697 0.7364889 0.52736527 0.3001256 0.49808297 0.61691326 0.4062281 0.48121303,0.006846523 0.0048333197 0.0032079567 0.0054673217 0.005639321 0.005328028 0.003144941 0.0044300887 0.0035310877 0.003023473 0.0019714485 0.0050332835 0.002604724 0.0026631837 0.004035184 0.005897387 0.007245218 0.0038930967 0.004362884 0.0026803694 0.0033655944 0.0040547815 0.0041400995 0.0040711127 0.008276306 0.0052024443 0.004899758 0.006254991 0.0028903442 0.0031551279 0.0025168639 0.002979248 0.006289514 0.0046422067 0.0045101647 0.0033036536 0.004069738 0.0069466685 0.0020285987 0.0029727754 0.0020842634 0.0040819286 0.0019409034 0.006037223 0.0022064177 0.004914673 0.0024201288 0.0059181345 0.0057991785 0.0031178086 0.0024230005 0.0028861705 0.0025934626 0.0065852315 0.0037791093 0.004626501 0.0052316296 0.005799125 0.0041524824 0.0023631938 0.003921913 0.004857585 0.0031986465 0.003789079,
566,64,,,0.005637976 0.005637976 0.005637976 0.005637976 0.005637976 0.005637976 0.005637976 0.005637976 0.005637976 0.005637976 0.005637976 0.005637976 0.005637976 0.005637976 0.005637976 0.005637976 0.005637976 0.005637976 0.005637976 0.005637976 0.005637976 0.005637976 0.005637976 0.005637976 0.005637976 0.005637976 0.005637976 0.005637976 0.005637976 0.005637976 0.005637976 0.005637976 0.005637976 0.005637976 0.005637976 0.005637976 0.005637976 0.005637976 0.005637976 0.005637976 0.005637976 0.005637976 0.005637976 0.005637976 0.005637976 0.005637976 0.005637976 0.005637976 0.005637976 0.005637976 0.005637976 0.005637976 0.005637976 0.005637976 0.005637976 0.005637976 0.005637976 0.005637976 0.005637976 0.005637976 0.005637976 0.005637976 0.005637976 0.005637976,14 14 15 14 14 14 15 14 15 15 15 14 15 15 14 14 14 15 14 15 15 14 14 14 13 14 14 14 15 15 15 15 14 14 14 15 14 14 15 15 15 14 16 14 15 14 15 14 14 15 15 15 15 14 15 14 14 14 14 15 14 14 15 15
574,1x1x128x128,0.470343 0.3167643 0.38442937 0.8981906 0.3682058 0.51500905 0.2926921 0.69321823 0.46936485 0.37284 1.205058 0.7699858 0.47738045 1.290065 0.5449694 0.61679804 0.40177917 0.46997762 0.664489 0.7638806 0.5857294 0.35623494 0.54165465 0.48607638 1.1258799 0.7103017 0.9601821 0.535775 0.77310395 0.51585335 0.44909894 0.77864903 0.64372474 1.2845302 0.31968603 0.3690008 0.45731097 0.45561203 0.7940044 0.32586563 0.55050045 0.5472528 0.32735804 0.43782523 1.519681 0.5955913 0.3080358 0.53644836 0.34799582 0.68330616 0.5228538 0.49594188 0.5349937 0.7046493 0.44529802 0.36985993 0.31159857 0.6263027 0.59629554 0.53171414 0.6450449 0.23413761 0.38884676 0.5495402 0.5953692 0.47862852 0.9473909 0.28170618 0.3763647 0.36595684 0.46045056 0.37436706 0.53770244 0.37756383 0.26219127 0.6289699 0.6366229 0.3581953 1.0209893 0.35767743 0.37054324 0.46754766 0.4890188 0.58441657 0.5656897 0.44757688 0.46412686 0.58864427 0.3357453 0.4823974 0.49399522 0.39072543 0.3095844 0.5741786 0.30801105 0.93889725 0.4298623 0.2736011 1.9873394 0.8401222 0.5309792 0.6239148 0.4372717 0.5127939 0.6294662 0.38023666 1.1534956 1.0041336 0.47838947 0.35402158 0.21879861 0.48866406 0.45595592 0.27391058 0.5811551 0.43039352 0.5053357 0.26147553 0.44326326 0.63229287 0.2792943 0.75674176 0.5191552 0.7123793 0.46159774 0.4501016 0.5911914 0.6471204,0.4702856 0.31672564 0.38438246 0.898081 0.36816084 0.51494616 0.2926564 0.6931336 0.46930757 0.37279448 1.204911 0.76989186 0.4773222 1.2899077 0.54490286 0.61672276 0.40173012 0.46992028 0.6644079 0.7637874 0.5856579 0.35619146 0.54158854 0.48601705 1.1257426 0.710215 0.9600649 0.5357096 0.7730096 0.5157904 0.44904414 0.77855396 0.6436462 1.2843734 0.319647 0.36895576 0.45725518 0.45555645 0.7939075 0.32582584 0.5504333 0.547186 0.3273181 0.4377718 1.5194955 0.5955186 0.30799818 0.53638285 0.34795335 0.6832228 0.52279 0.49588135 0.5349284 0.7045633 0.44524366 0.3698148 0.31156054 0.62622625 0.59622276 0.5316493 0.64496624 0.23410904 0.38879928 0.54947317 0.59529656 0.4785701 0.9472753 0.28167182 0.37631878 0.3659122 0.46039438 0.37432137 0.5376368 0.37751776 0.2621593 0.62889314 0.6365452 0.35815158 1.0208647 0.3576338 0.370498 0.4674906 0.48895913 0.5843453 0.56562066 0.44752225 0.46407023 0.58857244 0.33570433 0.48233852 0.49393493 0.39067775 0.30954665 0.57410854 0.30797344 0.93878263 0.4298098 0.2735677 1.9870969 0.8400197 0.5309144 0.6238386 0.43721837 0.5127313 0.62938935 0.38019025 1.1533548 1.004011 0.4783311 0.3539784 0.2187719 0.48860443 0.45590028 0.27387717 0.5810842 0.43034098 0.50527406 0.26144364 0.44320917 0.63221574 0.27926025 0.7566494 0.51909184 0.7122924 0.4615414 0.4500467 0.5911192 0.64704144,0.003703036 0.0024939026 0.0030266335 0.007071504 0.0028989043 0.004054694 0.002304381 0.005457745 0.0036953352 0.0029353895 0.009487488 0.0060621407 0.0037584424 0.0101567535 0.0042905738 0.004856085 0.0031632292 0.0037001597 0.0052315583 0.0060140737 0.0046114796 0.0028046572 0.0042644767 0.003826906 0.008864115 0.0055922437 0.007559566 0.004218186 0.00608669 0.0040613418 0.0035357806 0.006130346 0.00506808 0.010113176 0.0025169055 0.0029051634 0.0036004346 0.0035870587 0.00625124 0.0025655578 0.00433412 0.004308551 0.0025773079 0.003447022 0.011964532 0.0046891226 0.0024251826 0.004223487 0.0027397901 0.005379707 0.004116457 0.0039045776 0.0042120344 0.005547743 0.0035058556 0.0029119276 0.0024532326 0.0049309153 0.004694667 0.004186215 0.0050784745 0.0018433783 0.0030614117 0.0043265605 0.0046873745 0.0037682685 0.0074588605 0.0022178884 0.00296314 0.0028811984 0.0036251526 0.0029474124 0.0042333608 0.0029725807 0.0020642465 0.0049519143 0.0050121667 0.0028200913 0.008038305 0.0028160142 0.0029173072 0.0036810285 0.003850072 0.0046011438 0.004453706 0.0035237973 0.0036540963 0.004634429 0.0026433412 0.0037979411 0.0038892515 0.0030762027 0.0024373753 0.0045205397 0.0024249877 0.007391989 0.0033843291 0.0021540765 0.015646432 0.0066143284 0.0041804286 0.004912115 0.0034426644 0.0040372545 0.0049558217 0.002993624 0.009081533 0.007905599 0.0037663865 0.0027872315 0.0017226135 0.003847279 0.003589766 0.0021565133 0.0045754663 0.0033885117 0.003978536 0.0020586115 0.003489836 0.0049780766 0.0021988996 0.005957869 0.0040873373 0.0056086015 0.0036341844 0.0035436747 0.004654482 0.0050948146,
575,128,,,0.006201664 0.006201664 0.006201664 0.006201664 0.006201664 0.006201664 0.006201664 0.006201664 0.006201664 0.006201664 0.006201664 0.006201664 0.006201664 0.006201664 0.006201664 0.006201664 0.006201664 0.006201664 0.006201664 0.006201664 0.006201664 0.006201664 0.006201664 0.006201664 0.006201664 0.006201664 0.006201664 0.006201664 0.006201664 0.006201664 0.006201664 0.006201664 0.006201664 0.006201664 0.006201664 0.006201664 0.006201664 0.006201664 0.006201664 0.006201664 0.006201664 0.006201664 0.006201664 0.006201664 0.006201664 0.006201664 0.006201664 0.006201664 0.006201664 0.006201664 0.006201664 0.006201664 0.006201664 0.006201664 0.006201664 0.006201664 0.006201664 0.006201664 0.006201664 0.006201664 0.006201664 0.006201664 0.006201664 0.006201664 0.006201664 0.006201664 0.006201664 0.006201664 0.006201664 0.006201664 0.006201664 0.006201664 0.006201664 0.006201664 0.006201664 0.006201664 0.006201664 0.006201664 0.006201664 0.006201664 0.006201664 0.006201664 0.006201664 0.006201664 0.006201664 0.006201664 0.006201664 0.006201664 0.006201664 0.006201664 0.006201664 0.006201664 0.006201664 0.006201664 0.006201664 0.006201664 0.006201664 0.006201664 0.006201664 0.006201664 0.006201664 0.006201664 0.006201664 0.006201664 0.006201664 0.006201664 0.006201664 0.006201664 0.006201664 0.006201664 0.006201664 0.006201664 0.006201664 0.006201664 0.006201664 0.006201664 0.006201664 0.006201664 0.006201664 0.006201664 0.006201664 0.006201664 0.006201664 0.006201664 0.006201664 0.006201664 0.006201664 0.006201664,14 14 14 13 14 13 14 13 14 14 12 13 14 12 13 13 14 14 13 13 13 14 13 14 12 13 13 13 13 13 14 13 13 12 14 14 14 14 13 14 13 13 14 14 12 13 14 13 14 13 13 13 13 13 14 14 14 13 13 13 13 15 14 13 13 14 13 14 14 14 14 14 13 14 14 13 13 14 12 14 14 14 14 13 13 14 14 13 14 14 14 14 14 13 14 13 14 14 11 13 13 13 14 13 13 14 12 12 14 14 15 14 14 14 13 14 13 14 14 13 14 13 13 13 14 14 13 13
584,1x1x384x256,0.2319283 0.055286918 0.1902693 0.12320443 0.06882152 0.68172956 0.08283808 0.27600417 0.19405957 0.15247202 0.26179907 0.0641537 0.12584834 0.35947007 0.11618833 0.022681184 0.36678845 0.30652303 0.5329745 0.4105534 0.28375268 0.6324625 0.05102654 0.07905376 0.23981364 0.30639085 0.8741861 0.08607021 0.3805582 0.13577151 0.4321217 0.11331848 0.045861248 0.055531263 0.20620778 0.0757776 0.36476564 0.48092982 0.081278704 0.26094693 0.39332467 0.37954363 0.10513594 0.11200685 0.47994745 0.096843444 0.16209808 0.061879847 0.3866312 0.06348809 0.15347414 0.18332966 0.8811775 0.0920422 0.420352 0.07288506 0.6254984 0.3070397 0.11004991 0.3618497 0.049119364 0.07894506 0.36123586 0.07607646 0.25620082 0.12787977 0.15007336 0.2633177 0.08305967 0.99776095 0.05512588 0.07092696 0.12684818 0.14456591 0.12418676 0.11181245 0.06889306 0.19075596 0.25181147 0.3257218 0.46024504 1.2436514 0.10161671 0.10881709 0.1153449 0.13804798 0.7390018 0.3179021 0.17766912 0.18735014 0.24396786 0.04986883 0.18890205 0.09317708 0.3667815 0.05389711 0.17952244 0.157121 0.34685975 0.12595537 0.2857163 0.032658048 0.060299736 0.07978944 0.14106679 0.13492242 0.07694984 0.38846135 0.23951475 0.123058744 0.24285462 1.1954522 0.2392205 0.0722884 0.17202775 0.12409846 0.08069444 0.30384994 0.3498213 0.16012916 0.3820361 0.089734554 0.14611264 0.13018481 0.4407701 0.2628296 0.24712548 0.5620649 0.058357053 0.6106356 0.2590348 0.1792604 0.023701144 0.42427096 0.21549533 0.24178876 0.088551156 0.13958226 0.22383164 0.6175701 0.22178443 0.36715338 0.12885436 0.40199324 0.060318932 0.40641472 0.074290335 0.2828604 0.1120629 0.12855993 0.11633289 0.20210265 0.09823181 0.35300675 0.10622419 0.081754245 0.16047677 0.08265692 0.19646817 0.19812907 0.1920562 0.16697916 0.061287742 0.2528523 0.16739072 0.3996514 0.29205757 0.19425645 0.11804849 0.15204759 0.0354313 0.27085185 0.18192689 0.34220618 0.08119147 0.074628085 0.35435328 0.10617941 0.08894711 0.08008544 0.07868005 0.094145104 0.23935881 0.11586866 0.28946674 0.17348185 0.085326575 0.25885123 0.15764235 0.27858546 0.29727817 0.11022238 0.14729388 0.8784298 0.25265947 0.058648612 0.21199472 0.17331856 0.07166286 0.7495877 0.11616774 0.30922407 0.1676155 0.23833026 0.06830368 0.7063803 0.14148997 0.53543943 0.5125246 0.1795117 0.20511766 0.11007343 0.06507519 0.034904044 0.299206 0.22236042 0.34331623 0.26654938 0.39995903 0.06944768 0.28320026 0.14780155 1.2620044 0.07351633 0.14003178 0.09454366 0.08156073 0.065586306 0.06654352 0.10985379 0.079969466 0.30448273 0.075000614 0.4777669 0.06637609 0.3656539 0.10028104 0.17687583 0.11926929 0.04024752 0.0844747 0.051190373 0.24098775 0.65734196 0.061400726 0.13995814 0.6384446 0.05034573 0.07828656 0.053497225 0.09874495 0.52605605 0.1776635 0.1026778 0.12579323 0.06320037,0.23189999 0.05528017 0.19024608 0.1231894 0.068813115 0.68164635 0.08282797 0.2759705 0.19403587 0.15245342 0.26176712 0.06414587 0.12583299 0.3594262 0.116174154 0.022678416 0.36674368 0.30648562 0.5329094 0.4105033 0.28371805 0.6323853 0.051020317 0.07904411 0.23978437 0.30635348 0.8740794 0.086059704 0.38051173 0.13575494 0.43206897 0.11330465 0.04585565 0.055524487 0.20618261 0.07576835 0.36472115 0.4808711 0.08126878 0.2609151 0.3932767 0.37949732 0.10512311 0.111993186 0.47988886 0.09683162 0.1620783 0.061872296 0.38658398 0.06348034 0.1534554 0.18330728 0.88106996 0.09203097 0.4203007 0.07287616 0.6254221 0.30700222 0.110036485 0.36180553 0.04911337 0.07893543 0.36119175 0.07606718 0.25616956 0.12786415 0.15005505 0.26328555 0.083049536 0.9976392 0.055119153 0.0709183 0.1268327 0.14454827 0.12417161 0.1117988 0.06888465 0.19073267 0.25178075 0.32568204 0.4601889 1.2434996 0.101604305 0.10880381 0.115330815 0.13803114 0.7389116 0.3178633 0.17764744 0.18732727 0.24393809 0.049862746 0.188879 0.09316571 0.36673674 0.053890534 0.17950052 0.15710182 0.3468174 0.12594001 0.28568143 0.032654062 0.060292374 0.0797797 0.14104956 0.13490595 0.07694045 0.38841397 0.23948553 0.12304373 0.24282499 1.1953063 0.23919131 0.07227958 0.17200676 0.12408332 0.08068459 0.30381283 0.34977862 0.16010961 0.38198945 0.0897236 0.14609481 0.13016893 0.4407163 0.2627975 0.24709532 0.5619963 0.05834993 0.610561 0.25900322 0.17923853 0.023698252 0.42421916 0.21546903 0.24175924 0.088540345 0.13956523 0.22380432 0.6174947 0.22175735 0.36710855 0.12883863 0.4019442 0.06031157 0.4063651 0.07428127 0.28282586 0.11204923 0.12854424 0.116318695 0.20207798 0.09821982 0.3529637 0.10621122 0.08174427 0.16045718 0.08264683 0.1964442 0.1981049 0.19203275 0.1669588 0.06128026 0.25282142 0.16737029 0.39960265 0.29202193 0.19423275 0.11803409 0.15202902 0.035426978 0.2708188 0.18190469 0.3421644 0.08118156 0.07461897 0.35431004 0.10616645 0.088936254 0.08007567 0.07867045 0.094133615 0.23932959 0.11585452 0.2894314 0.17346068 0.08531617 0.25881964 0.15762311 0.27855146 0.29724187 0.11020892 0.1472759 0.8783226 0.25262865 0.058641452 0.21196885 0.1732974 0.07165411 0.7494962 0.11615356 0.3091863 0.16759504 0.23830117 0.068295345 0.70629406 0.1414727 0.53537405 0.512462 0.17948979 0.20509262 0.11006 0.06506725 0.034899782 0.29916948 0.22233328 0.34327433 0.26651686 0.3999102 0.06943921 0.28316572 0.1477835 1.2618504 0.07350736 0.1400147 0.094532125 0.08155078 0.0655783 0.0665354 0.10984038 0.079959705 0.30444556 0.074991465 0.47770858 0.06636799 0.36560926 0.1002688 0.17685425 0.11925474 0.04024261 0.08446439 0.051184125 0.24095835 0.6572617 0.06139323 0.13994105 0.6383667 0.050339583 0.078277 0.0534907 0.098732896 0.52599186 0.17764182 0.10266527 0.12577789 0.06319266,0.0018259842 0.00043527695 0.0014980006 0.0009699953 0.00054183556 0.005367294 0.0006521887 0.002172996 0.0015278416 0.0012004207 0.0020611584 0.00050508557 0.0009908109 0.0028301275 0.00091475714 0.0001785702 0.0028877456 0.0024132726 0.0041961367 0.0032323094 0.0022340005 0.004979412 0.00040173478 0.00062239455 0.001888066 0.002412232 0.006882515 0.0006776355 0.0029961553 0.0010689365 0.0034021179 0.0008921626 0.0003610681 0.00043720068 0.0016234851 0.00059660117 0.00287182 0.0037863867 0.0006399116 0.0020544496 0.003096667 0.0029881678 0.00082774105 0.0008818361 0.0037786525 0.0007624537 0.0012762072 0.00048718342 0.0030439685 0.0004998452 0.0012083102 0.0014433644 0.0069375588 0.0007246533 0.0033094543 0.00057382806 0.0049245837 0.0024173402 0.000866429 0.0028488624 0.00038671945 0.00062153884 0.0028440296 0.00059895415 0.002017083 0.0010068043 0.0011815359 0.0020731145 0.0006539333 0.0078554265 0.00043400907 0.0005584118 0.0009986826 0.0011381754 0.0009777292 0.00088030554 0.00054239883 0.001501832 0.0019825257 0.0025644256 0.0036235347 0.009791336 0.0008000339 0.0008567229 0.00090811664 0.0010868594 0.0058182017 0.0025028605 0.0013987988 0.0014750179 0.0019207724 0.00039262004 0.0014872362 0.0007335883 0.002887691 0.00042433492 0.0014133899 0.0012370222 0.0027308457 0.0009916537 0.00224946 0.0002571186 0.0004747431 0.0006281866 0.0011106265 0.0010622515 0.0006058303 0.0030583777 0.0018857128 0.0009688483 0.0019120078 0.00941186 0.0018833962 0.0005691305 0.0013543839 0.000977034 0.0006353117 0.002392227 0.0027541623 0.0012607056 0.003007791 0.00070648507 0.0011503529 0.0010249522 0.003470207 0.0020692716 0.0019456324 0.0044251676 0.00045944826 0.004807567 0.0020393955 0.001411327 0.0001866004 0.0033403083 0.0016966065 0.0019036161 0.00069716806 0.0010989389 0.0017622388 0.004862163 0.0017461209 0.0028906185 0.0010144773 0.003164915 0.00047489424 0.0031997252 0.0005848919 0.0022269753 0.0008822774 0.0010121594 0.0009158952 0.0015911652 0.0007733844 0.0027792417 0.0008363088 0.00064365566 0.0012634423 0.00065076246 0.0015468047 0.0015598811 0.0015120689 0.0013146362 0.00048252175 0.0019907197 0.0013178763 0.0031464775 0.0022993854 0.0015293917 0.00092940225 0.001197079 0.0002789526 0.0021324316 0.0014323203 0.002694208 0.0006392249 0.000587551 0.002789843 0.0008359563 0.0007002855 0.0006305171 0.00061945233 0.00074120954 0.001884485 0.0009122403 0.0022789873 0.001365832 0.00067178084 0.0020379499 0.0012411269 0.0021933187 0.0023404872 0.00086778676 0.0011596527 0.006915926 0.001989202 0.0004617437 0.0016690461 0.0013645465 0.0005642056 0.005901545 0.000914595 0.002434538 0.001319646 0.0018763872 0.00053775863 0.0055613704 0.0011139582 0.0042155436 0.004035134 0.0014133054 0.0016149025 0.00086661417 0.0005123405 0.00027480142 0.0023556652 0.0017506558 0.0027029475 0.002098558 0.0031488994 0.00054676546 0.0022296514 0.0011636496 0.00993583 0.0005787981 0.0011024779 0.00074434746 0.00064213213 0.0005163645 0.0005239008 0.0008648849 0.000629604 0.0023972092 0.00059048395 0.0037614848 0.0005225826 0.002878813 0.0007895181 0.0013925532 0.00093901367 0.00031687092 0.000665074 0.0004030246 0.0018973098 0.005175289 0.00048341128 0.001101898 0.0050265095 0.00039637467 0.00061635434 0.0004211866 0.0007774244 0.0041416683 0.0013987545 0.00080838794 0.000990377 0.00049758,
585,256,,,0.0077517014 0.0077517014 0.0077517014 0.0077517014 0.0077517014 0.0077517014 0.0077517014 0.0077517014 0.0077517014 0.0077517014 0.0077517014 0.0077517014 0.0077517014 0.0077517014 0.0077517014 0.0077517014 0.0077517014 0.0077517014 0.0077517014 0.0077517014 0.0077517014 0.0077517014 0.0077517014 0.0077517014 0.0077517014 0.0077517014 0.0077517014 0.0077517014 0.0077517014 0.0077517014 0.0077517014 0.0077517014 0.0077517014 0.0077517014 0.0077517014 0.0077517014 0.0077517014 0.0077517014 0.0077517014 0.0077517014 0.0077517014 0.0077517014 0.0077517014 0.0077517014 0.0077517014 0.0077517014 0.0077517014 0.0077517014 0.0077517014 0.0077517014 0.0077517014 0.0077517014 0.0077517014 0.0077517014 0.0077517014 0.0077517014 0.0077517014 0.0077517014 0.0077517014 0.0077517014 0.0077517014 0.0077517014 0.0077517014 0.0077517014 0.0077517014 0.0077517014 0.0077517014 0.0077517014 0.0077517014 0.0077517014 0.0077517014 0.0077517014 0.0077517014 0.0077517014 0.0077517014 0.0077517014 0.0077517014 0.0077517014 0.0077517014 0.0077517014 0.0077517014 0.0077517014 0.0077517014 0.0077517014 0.0077517014 0.0077517014 0.0077517014 0.0077517014 0.0077517014 0.0077517014 0.0077517014 0.0077517014 0.0077517014 0.0077517014 0.0077517014 0.0077517014 0.0077517014 0.0077517014 0.0077517014 0.0077517014 0.0077517014 0.0077517014 0.0077517014 0.0077517014 0.0077517014 0.0077517014 0.0077517014 0.0077517014 0.0077517014 0.0077517014 0.0077517014 0.0077517014 0.0077517014 0.0077517014 0.0077517014 0.0077517014 0.0077517014 0.0077517014 0.0077517014 0.0077517014 0.0077517014 0.0077517014 0.0077517014 0.0077517014 0.0077517014 0.0077517014 0.0077517014 0.0077517014 0.0077517014 0.0077517014 0.0077517014 0.0077517014 0.0077517014 0.0077517014 0.0077517014 0.0077517014 0.0077517014 0.0077517014 0.0077517014 0.0077517014 0.0077517014 0.0077517014 0.0077517014 0.0077517014 0.0077517014 0.0077517014 0.0077517014 0.0077517014 0.0077517014 0.0077517014 0.0077517014 0.0077517014 0.0077517014 0.0077517014 0.0077517014 0.0077517014 0.0077517014 0.0077517014 0.0077517014 0.0077517014 0.0077517014 0.0077517014 0.0077517014 0.0077517014 0.0077517014 0.0077517014 0.0077517014 0.0077517014 0.0077517014 0.0077517014 0.0077517014 0.0077517014 0.0077517014 0.0077517014 0.0077517014 0.0077517014 0.0077517014 0.0077517014 0.0077517014 0.0077517014 0.0077517014 0.0077517014 0.0077517014 0.0077517014 0.0077517014 0.0077517014 0.0077517014 0.0077517014 0.0077517014 0.0077517014 0.0077517014 0.0077517014 0.0077517014 0.0077517014 0.0077517014 0.0077517014 0.0077517014 0.0077517014 0.0077517014 0.0077517014 0.0077517014 0.0077517014 0.0077517014 0.0077517014 0.0077517014 0.0077517014 0.0077517014 0.0077517014 0.0077517014 0.0077517014 0.0077517014 0.0077517014 0.0077517014 0.0077517014 0.0077517014 0.0077517014 0.0077517014 0.0077517014 0.0077517014 0.0077517014 0.0077517014 0.0077517014 0.0077517014 0.0077517014 0.0077517014 0.0077517014 0.0077517014 0.0077517014 0.0077517014 0.0077517014 0.0077517014 0.0077517014 0.0077517014 0.0077517014 0.0077517014 0.0077517014 0.0077517014 0.0077517014 0.0077517014 0.0077517014 0.0077517014 0.0077517014 0.0077517014 0.0077517014 0.0077517014 0.0077517014 0.0077517014 0.0077517014 0.0077517014 0.0077517014 0.0077517014 0.0077517014 0.0077517014 0.0077517014 0.0077517014 0.0077517014,12 14 12 13 13 10 13 11 12 12 11 13 12 11 13 15 11 11 10 11 11 10 14 13 12 11 10 13 11 12 11 13 14 14 12 13 11 11 13 11 11 11 13 13 11 13 12 14 11 13 12 12 10 13 11 13 10 11 13 11 14 13 11 13 11 12 12 11 13 9 14 13 12 12 12 13 13 12 11 11 11 9 13 13 13 12 10 11 12 12 12 14 12 13 11 14 12 12 11 12 11 14 14 13 12 12 13 11 12 13 12 9 12 13 12 12 13 11 11 12 11 13 12 12 11 11 12 10 14 10 11 12 15 11 12 12 13 12 12 10 12 11 12 11 14 11 13 11 13 12 13 12 13 11 13 13 12 13 12 12 12 12 14 11 12 11 11 12 13 12 14 11 12 11 13 13 11 13 13 13 13 13 12 13 11 12 13 11 12 11 11 13 12 10 11 14 12 12 13 10 13 11 12 12 13 10 12 10 10 12 12 13 13 14 11 12 11 11 11 13 11 12 9 13 12 13 13 13 13 13 13 11 13 11 13 11 13 12 13 14 13 14 12 10 14 12 10 14 13 14 13 10 12 13 12 13
590,3x3x256x256,0.120564945 0.15530646 0.069106296 0.088235706 0.095615976 0.08887463 0.12624475 0.15560411 0.11786712 0.081209205 0.14924543 0.08192066 0.08465207 0.10059668 0.1419635 0.1319383 0.053161964 0.081659764 0.06421671 0.17056794 0.051383197 0.10237296 0.16470207 0.042847164 0.06874565 0.18371227 0.11897056 0.16572109 0.09423562 0.23420468 0.062169503 0.1534203 0.07613123 0.12065451 0.089085646 0.08894131 0.0653117 0.13632415 0.058679186 0.12937124 0.08221046 0.19372207 0.08629929 0.10887278 0.052068625 0.090363175 0.12182206 0.10739796 0.08361632 0.079907104 0.19861342 0.09620584 0.10277044 0.10879308 0.05229317 0.20157903 0.083329976 0.053309403 0.08979974 0.062427994 0.11312339 0.12525879 0.055804644 0.15814334 0.07055902 0.09068343 0.18796527 0.06850884 0.14085199 0.13402523 0.13119593 0.05946826 0.106785536 0.14499483 0.10144798 0.0889687 0.06593882 0.10861173 0.07254572 0.1381302 0.07293182 0.11291655 0.10960071 0.1664839 0.082098335 0.12837784 0.05789941 0.06225318 0.13993968 0.035641935 0.06345348 0.052339092 0.11605316 0.13996468 0.11580357 0.06252631 0.083035834 0.06151365 0.052004535 0.09352537 0.08017086 0.07293086 0.10451908 0.16689865 0.15827471 0.14690192 0.11029419 0.10492727 0.08362459 0.18870619 0.14902891 0.12867084 0.067806445 0.06322433 0.07838204 0.052474763 0.07396126 0.105796754 0.15627046 0.06978762 0.18689953 0.10689145 0.09659067 0.10085524 0.15924111 0.05997665 0.17919815 0.16640721 0.08005903 0.1281786 0.1458913 0.12753859 0.045945343 0.099718615 0.057866435 0.15562691 0.118168436 0.11593338 0.061614614 0.05961162 0.17674424 0.09041365 0.15065907 0.19857699 0.12312094 0.17206082 0.10216097 0.18682854 0.067869045 0.13664828 0.13077338 0.101727255 0.13323857 0.148907 0.15606484 0.043964382 0.12901069 0.095960245 0.15943961 0.10225624 0.0567712 0.111307554 0.080503665 0.23488417 0.04284539 0.10552327 0.11596003 0.07770621 0.09531774 0.08871158 0.13507688 0.09551082 0.115130246 0.15758069 0.16815609 0.22002159 0.1262346 0.074219346 0.054310594 0.21110235 0.091962114 0.07110191 0.18995473 0.14470907 0.067927554 0.057685927 0.060011387 0.08371156 0.188802 0.087535515 0.04420574 0.21328096 0.1915001 0.11791727 0.110549025 0.07302991 0.18636526 0.108330935 0.09507521 0.055062637 0.100940526 0.13499996 0.114841826 0.21904911 0.08447096 0.11660807 0.08608361 0.1771399 0.07114453 0.0808075 0.06874747 0.08584873 0.13473096 0.11518549 0.09682651 0.13000217 0.066818394 0.07569723 0.105116956 0.09737686 0.050778635 0.07094981 0.1087362 0.050147053 0.16631895 0.21817122 0.06716548 0.13350129 0.20231524 0.17489596 0.099185094 0.081293635 0.18386094 0.15505965 0.06159237 0.08937708 0.16291398 0.10279773 0.091937274 0.05986848 0.19452308 0.093127765 0.07952838 0.061147436 0.07117028 0.051162727 0.10251983 0.12457211 0.22985278 0.16619049 0.050940163 0.065909214 0.22006455 0.13458766 0.075768754 0.1543845,0.12055023 0.1552875 0.06909786 0.08822493 0.09560431 0.08886378 0.12622935 0.15558511 0.11785274 0.081199296 0.1492272 0.08191066 0.08464175 0.1005844 0.14194618 0.1319222 0.053155478 0.0816498 0.06420887 0.17054713 0.051376924 0.102360465 0.16468197 0.042841937 0.06873726 0.18368986 0.118956044 0.16570085 0.094224125 0.2341761 0.06216192 0.11026265 0.07612194 0.12063978 0.089074776 0.08893046 0.06530373 0.13630751 0.058672022 0.12935546 0.08220043 0.19369844 0.086288765 0.10885949 0.05206227 0.09035215 0.12180719 0.10738485 0.08360612 0.07989735 0.19858919 0.096194096 0.10275789 0.1087798 0.05228679 0.20155443 0.083319806 0.053302895 0.08978878 0.062420376 0.11310958 0.1252435 0.055797834 0.15812404 0.070550404 0.09067236 0.18794233 0.06850048 0.14083481 0.13400888 0.13117991 0.059461 0.106772505 0.14497714 0.1014356 0.08895784 0.06593078 0.10859848 0.07253686 0.13811333 0.07292292 0.112902775 0.10958733 0.16646358 0.082088314 0.12836216 0.057892345 0.06224558 0.1399226 0.035637587 0.06344573 0.052332707 0.11603899 0.1399476 0.115789436 0.06251868 0.0830257 0.061506145 0.05199819 0.09351396 0.08016108 0.07292196 0.10450632 0.16687828 0.15825538 0.146884 0.11028074 0.10491447 0.08361438 0.18868317 0.14901073 0.12865514 0.067798175 0.06321662 0.07837247 0.05246836 0.07395223 0.10578384 0.15625139 0.069779105 0.18687673 0.10687841 0.09657888 0.10084293 0.15922168 0.05996933 0.17917629 0.1663869 0.080049254 0.12816295 0.14587349 0.12752303 0.045939736 0.09970644 0.057859376 0.15560792 0.11815402 0.11591923 0.061607093 0.059604343 0.17672268 0.09040262 0.15064068 0.19855274 0.12310592 0.17203982 0.102148496 0.18680574 0.06786077 0.13663161 0.13075742 0.101714835 0.13322231 0.14888884 0.1560458 0.043959014 0.12899496 0.09594853 0.15942015 0.10224376 0.05676427 0.11129397 0.080493845 0.23485552 0.042840164 0.10551039 0.115945876 0.077696726 0.095306106 0.08870076 0.13506038 0.09549916 0.115116194 0.15756147 0.16813557 0.21999474 0.1262192 0.07421029 0.054303966 0.21107659 0.091950886 0.07109324 0.18993156 0.14469141 0.06791927 0.057678886 0.060004063 0.08370134 0.18877895 0.08752483 0.044200346 0.21325493 0.19147672 0.117902875 0.11053553 0.073021 0.18634251 0.10831771 0.095063604 0.055055916 0.1009282 0.1349835 0.11482781 0.21902238 0.08446065 0.11659384 0.08607311 0.17711827 0.07113584 0.08079764 0.06873908 0.08583825 0.13471451 0.11517144 0.09681469 0.12998632 0.066810235 0.07568799 0.105104126 0.09736498 0.05077244 0.07094115 0.10872293 0.050140932 0.16629866 0.2181446 0.06715728 0.13348499 0.20229055 0.1748746 0.099172994 0.08128372 0.1838385 0.15504073 0.061584853 0.089366175 0.16289409 0.102785185 0.09192605 0.059861172 0.19449934 0.093116395 0.079518676 0.061139975 0.07116159 0.051156484 0.102507316 0.12455691 0.22982472 0.16617021 0.050933946 0.065901175 0.22003768 0.13457122 0.07575951 0.15436564,0.0009492144 0.0012227362 0.00054407766 0.0006946845 0.00075278984 0.0006997148 0.0009939319 0.0012250796 0.00092797435 0.00063936453 0.0011750173 0.00064496585 0.00066647044 0.0007920032 0.0011176865 0.0010387575 0.00041854708 0.0006429118 0.0005055817 0.0013428908 0.00040454272 0.0008059879 0.0012967085 0.0003373381 0.0005412383 0.0014463769 0.0009366618 0.0013047311 0.00074192224 0.0018439062 0.0004894639 0.0008682098 0.00059938536 0.0009499195 0.0007013762 0.00070023985 0.0005142026 0.0010732875 0.00046198443 0.001018547 0.0006472475 0.0015251845 0.0006794391 0.0008571613 0.00040993912 0.00071143423 0.0009591117 0.00084555004 0.0006583159 0.000629113 0.0015636944 0.0007574338 0.0008091173 0.0008565339 0.000411707 0.0015870428 0.00065606146 0.00041970782 0.0007069983 0.000491499 0.00089062663 0.0009861693 0.00043935303 0.0012450712 0.000555515 0.00071395555 0.0014798609 0.0005393739 0.0011089355 0.001055188 0.0010329128 0.00046819687 0.0008407284 0.0011415522 0.0007987055 0.00070045545 0.00051914 0.0008551061 0.0005711564 0.0010875065 0.0005741962 0.0008889982 0.0008628923 0.0013107369 0.0006463647 0.0010107257 0.00045584523 0.0004901227 0.0011017527 0.00028061093 0.0004995727 0.00041206856 0.0009136929 0.0011019496 0.00091172784 0.0004922731 0.00065374566 0.00048430034 0.00040943458 0.0007363304 0.0006311896 0.00057418866 0.00082288444 0.0013140022 0.0012461054 0.0011565669 0.00086835225 0.0008260982 0.0006583809 0.0014856942 0.0011733129 0.0010130325 0.0005338439 0.00049776863 0.0006171061 0.0004131367 0.000582301 0.00083294365 0.0012303259 0.0005494418 0.0014714703 0.0008415623 0.00076046365 0.0007940388 0.001253714 0.00047219943 0.0014108369 0.0013101331 0.0006303091 0.001009157 0.0011486101 0.0010041184 0.0003617302 0.0007850901 0.00045558563 0.0012252593 0.0009303466 0.00091274985 0.00048509522 0.00046932555 0.0013915171 0.0007118316 0.0011861471 0.0015634074 0.00096933794 0.0013546443 0.0008043189 0.0014709113 0.0005343367 0.0010758394 0.001029586 0.00080090424 0.0010489946 0.001172353 0.001228707 0.00034613398 0.0010157083 0.0007555003 0.0012552767 0.000805069 0.00044696277 0.0008763305 0.00063380983 0.001849256 0.00033732413 0.0008307905 0.00091295963 0.0006117852 0.0007504418 0.00069843116 0.0010634676 0.0007519619 0.00090642675 0.0012406415 0.0013239022 0.0017322421 0.0009938519 0.00058433303 0.00042759028 0.0016620203 0.00072402274 0.0005597893 0.0014955241 0.0011393024 0.0005347974 0.00045416446 0.00047247292 0.00065906567 0.0014864485 0.0006891719 0.00034803423 0.0016791726 0.0015076906 0.0009283691 0.00087035855 0.0005749685 0.0014672638 0.0008528954 0.0007485323 0.00043351116 0.00079471024 0.0010628621 0.000904156 0.0017245857 0.0006650445 0.0009180617 0.000677741 0.001394632 0.00056012475 0.00063620193 0.0005412526 0.00067589176 0.0010607442 0.00090686174 0.0007623204 0.0010235143 0.00052606483 0.00059596845 0.0008275915 0.00076665333 0.000399783 0.00055859174 0.0008560861 0.0003948105 0.0013094383 0.001717674 0.0005287975 0.001051063 0.001592839 0.0013769654 0.0007808897 0.00064002926 0.0014475472 0.0012207931 0.0004849201 0.00070367067 0.0012826306 0.0008093322 0.00072382716 0.0004713478 0.0015314909 0.00073319994 0.0006261313 0.0004814171 0.0005603275 0.00040280697 0.0008071442 0.000980763 0.0018096435 0.0013084268 0.00040105468 0.0005189069 0.0017325801 0.001059616 0.00059653155 0.0012154775,
591,256,,,0.004770726 0.004770726 0.004770726 0.004770726 0.004770726 0.004770726 0.004770726 0.004770726 0.004770726 0.004770726 0.004770726 0.004770726 0.004770726 0.004770726 0.004770726 0.004770726 0.004770726 0.004770726 0.004770726 0.004770726 0.004770726 0.004770726 0.004770726 0.004770726 0.004770726 0.004770726 0.004770726 0.004770726 0.004770726 0.004770726 0.004770726 0.004770726 0.004770726 0.004770726 0.004770726 0.004770726 0.004770726 0.004770726 0.004770726 0.004770726 0.004770726 0.004770726 0.004770726 0.004770726 0.004770726 0.004770726 0.004770726 0.004770726 0.004770726 0.004770726 0.004770726 0.004770726 0.004770726 0.004770726 0.004770726 0.004770726 0.004770726 0.004770726 0.004770726 0.004770726 0.004770726 0.004770726 0.004770726 0.004770726 0.004770726 0.004770726 0.004770726 0.004770726 0.004770726 0.004770726 0.004770726 0.004770726 0.004770726 0.004770726 0.004770726 0.004770726 0.004770726 0.004770726 0.004770726 0.004770726 0.004770726 0.004770726 0.004770726 0.004770726 0.004770726 0.004770726 0.004770726 0.004770726 0.004770726 0.004770726 0.004770726 0.004770726 0.004770726 0.004770726 0.004770726 0.004770726 0.004770726 0.004770726 0.004770726 0.004770726 0.004770726 0.004770726 0.004770726 0.004770726 0.004770726 0.004770726 0.004770726 0.004770726 0.004770726 0.004770726 0.004770726 0.004770726 0.004770726 0.004770726 0.004770726 0.004770726 0.004770726 0.004770726 0.004770726 0.004770726 0.004770726 0.004770726 0.004770726 0.004770726 0.004770726 0.004770726 0.004770726 0.004770726 0.004770726 0.004770726 0.004770726 0.004770726 0.004770726 0.004770726 0.004770726 0.004770726 0.004770726 0.004770726 0.004770726 0.004770726 0.004770726 0.004770726 0.004770726 0.004770726 0.004770726 0.004770726 0.004770726 0.004770726 0.004770726 0.004770726 0.004770726 0.004770726 0.004770726 0.004770726 0.004770726 0.004770726 0.004770726 0.004770726 0.004770726 0.004770726 0.004770726 0.004770726 0.004770726 0.004770726 0.004770726 0.004770726 0.004770726 0.004770726 0.004770726 0.004770726 0.004770726 0.004770726 0.004770726 0.004770726 0.004770726 0.004770726 0.004770726 0.004770726 0.004770726 0.004770726 0.004770726 0.004770726 0.004770726 0.004770726 0.004770726 0.004770726 0.004770726 0.004770726 0.004770726 0.004770726 0.004770726 0.004770726 0.004770726 0.004770726 0.004770726 0.004770726 0.004770726 0.004770726 0.004770726 0.004770726 0.004770726 0.004770726 0.004770726 0.004770726 0.004770726 0.004770726 0.004770726 0.004770726 0.004770726 0.004770726 0.004770726 0.004770726 0.004770726 0.004770726 0.004770726 0.004770726 0.004770726 0.004770726 0.004770726 0.004770726 0.004770726 0.004770726 0.004770726 0.004770726 0.004770726 0.004770726 0.004770726 0.004770726 0.004770726 0.004770726 0.004770726 0.004770726 0.004770726 0.004770726 0.004770726 0.004770726 0.004770726 0.004770726 0.004770726 0.004770726 0.004770726 0.004770726 0.004770726 0.004770726 0.004770726 0.004770726 0.004770726 0.004770726 0.004770726 0.004770726 0.004770726 0.004770726 0.004770726 0.004770726 0.004770726 0.004770726,14 13 14 14 14 14 13 13 14 14 13 14 14 14 13 13 15 14 14 13 15 14 13 15 14 13 14 13 14 13 14 14 14 14 14 14 14 13 15 13 14 13 14 14 15 14 14 14 14 14 13 14 14 14 15 13 14 15 14 14 14 13 15 13 14 14 13 14 13 13 13 15 14 13 14 14 14 14 14 13 14 14 14 13 14 13 15 14 13 15 14 15 14 13 14 14 14 15 15 14 14 14 14 13 13 13 14 14 14 13 13 13 14 14 14 15 14 14 13 14 13 14 14 14 13 15 13 13 14 13 13 13 15 14 15 13 14 14 15 15 13 14 13 13 14 13 14 13 14 13 13 14 13 13 13 15 13 14 13 14 15 14 14 13 15 14 14 14 14 14 13 14 14 13 13 13 13 14 15 13 14 14 13 13 14 15 15 14 13 14 15 13 13 14 14 14 13 14 14 15 14 13 14 13 14 14 14 13 14 14 14 14 13 14 14 13 14 14 14 14 15 14 14 15 13 13 14 13 13 13 14 14 13 13 15 14 13 14 14 15 13 14 14 15 14 15 14 13 13 13 15 14 13 13 14 13
599,1x1x768x512,0.20116627 0.18521252 0.2185245 0.19707474 0.1871446 0.15635583 0.23940924 0.22853664 0.20147671 0.31907243 0.29876533 0.145063 0.22134858 0.19043067 0.14933851 0.21500762 0.44623595 0.4490942 0.2272644 0.2082931 0.3555704 0.2365724 0.22339536 0.32568678 0.20483188 0.23911382 0.19834758 0.13324541 0.16270721 0.19878118 1.0453598 0.16694628 0.252578 0.2217227 0.19259296 0.1955619 0.24553472 0.20911095 0.21517263 0.24393426 0.16924056 0.23208943 0.13495915 0.22339968 0.25369892 0.17342196 0.22466376 0.20416534 0.26960722 0.19478889 0.25019997 0.20193912 0.19723108 0.24428715 0.197254 0.17023563 0.22153859 0.16391791 0.21429469 0.49454257 0.1733748 0.20784676 0.258038 0.24307236 0.31203148 0.59245944 0.21131195 0.17663914 0.14732592 0.24079545 0.53997475 0.19604407 0.24152775 0.29877245 0.20513023 0.17306879 0.25185028 0.86609054 0.19369018 0.25493613 0.49146467 0.19534118 0.21689516 0.2108099 0.2645264 0.4265783 0.22418831 0.27265322 0.14844629 0.4005327 0.27713692 0.25842065 0.19719258 0.22646695 0.31658417 0.2539249 0.17875198 0.25416636 0.23682474 0.22961912 0.32947657 0.27896994 0.21484679 0.19004977 0.3218574 0.21258265 0.19644049 0.30434024 0.1620676 0.47644353 0.25396892 0.22995873 0.6685164 0.25405964 0.27522767 0.21167168 0.16782296 0.18032292 0.27926746 0.24697901 0.16048434 0.18700218 0.21236476 0.2213037 0.24350946 0.36561057 0.22250186 0.16913201 0.31459376 0.2314379 0.19789001 0.26631996 0.22392476 0.20682254 0.21230315 0.20509629 0.19452988 0.29375535 0.20423076 0.23657383 0.20699638 0.16467477 0.27851292 0.24560568 0.2479712 0.28658643 0.18801777 0.22025837 0.48204193 0.20247251 0.22795992 0.1312123 0.25832823 0.50382656 0.4435906 0.2778091 0.2563147 0.30972016 0.24373932 0.21064451 0.23402566 0.24054685 0.2820136 0.3707811 0.32641426 0.22575743 0.15900727 0.18567513 0.22214106 0.21347694 0.26090464 0.20296404 0.4540846 0.24092492 0.30950668 0.21226162 0.24960597 0.14694606 0.168739 0.2965181 0.20844787 0.16346054 0.21639547 0.1482245 0.26672384 0.22319558 0.35777506 0.20239784 0.24519627 0.21957828 0.21024038 0.7076815 0.20323847 0.22725803 0.21221276 0.31804764 0.20232292 0.18359701 0.26377282 0.15672746 0.27299345 0.531542 0.18832469 0.33225536 0.24488017 0.22170183 0.19042306 0.2625515 0.21284126 0.22593975 0.16710415 0.22321728 0.19391479 0.31740212 0.22062024 0.3173366 0.17387813 0.21856894 0.27097103 0.19348282 0.21373576 0.22377793 0.30336955 0.27336952 0.2952739 0.31827298 0.2303791 0.1873638 0.19116245 0.18264 0.16776234 0.24287046 0.21613592 0.21955281 0.6071159 0.20794019 0.21904394 0.24245591 0.25790265 0.38342756 0.45496282 0.19291729 0.30067864 0.25432184 0.30711642 0.3436567 0.27143094 0.23059201 0.25636724 0.30331638 0.22665623 0.35998634 0.20116863 0.19471504 0.24798974 0.24553779 0.13443175 0.08807473 0.16709371 0.071284 0.11410189 0.15017408 0.11127364 0.18433931 0.10930943 0.17865527 0.19555196 0.20972961 0.20116289 0.20782535 0.18089776 0.08283935 0.1302588 0.17099956 0.29565626 0.11524786 0.10226119 0.09631601 0.14874871 0.13465944 0.12002291 0.07945787 0.08022105 0.0745498 0.12599228 0.13333997 0.10813858 0.092300765 0.13085909 0.11546404 0.28077897 0.14037994 0.132249 0.063528635 0.16443741 0.18670854 0.20070988 0.05898317 0.23898894 0.04094674 0.09428541 0.07241162 0.13380392 0.20745069 0.103950575 0.14753787 0.106169686 0.05588443 0.11527381 0.13197964 0.13989134 0.068109944 0.064859144 0.108873546 0.08069011 0.13934107 0.15806562 0.29594636 0.28605145 0.103788026 0.12689833 0.17131743 0.076461986 0.10575227 0.10124317 0.15725502 0.17323406 0.25222266 0.19471349 0.075003 0.12720792 0.11624946 0.29473582 0.13105468 0.11598648 0.15370765 0.070897885 0.08879995 0.15281367 0.14912133 0.1824946 0.17209953 0.095481396 0.08060423 0.113620065 0.1039265 0.06973188 0.12713134 0.116203286 0.06903843 0.1610804 0.16821286 0.13965985 0.12616146 0.1305045 0.043152396 0.06159714 0.07189973 0.10880249 0.15729871 0.14155154 0.103683405 0.10777329 0.16097249 0.1435706 0.09369174 0.095561 0.09563174 0.07382689 0.18333757 0.11374439 0.11224068 0.111577526 0.094589576 0.085130416 0.19628143 0.1959677 0.11112697 0.12043073 0.30835328 0.14420478 0.22424828 0.11616594 0.17617348 0.10463522 0.114882216 0.097195216 0.13763756 0.2465049 0.2249024 0.14288688 0.15086888 0.09590178 0.10700597 0.19099635 0.12896174 0.10761187 0.08577782 0.14423002 0.1572544 0.13238695 0.06892578 0.090222195 0.072681494 0.13354595 0.14363843 0.32930198 0.1307329 0.105063766 0.3171665 0.113288864 0.100384034 0.15003975 0.22073911 0.17297983 0.24514441 0.18788634 0.16982237 0.114898436 0.08205258 0.15737082 0.16244389 0.12592268 0.13877793 0.10623575 0.11537395 0.13146251 0.07559474 0.10635358 0.13649249 0.10829166 0.3261195 0.12725154 0.29357895 0.24061693 0.15609516 0.20203124 0.12972584 0.08410523 0.0972516 0.15734005 0.14023156 0.2107251 0.11353926 0.12963364 0.1250248 0.1279926 0.14081945 0.17250833 0.10253326 0.27764407 0.11381977 0.14578134 0.1740349 0.0941569 0.27159336 0.1915421 0.22470081 0.11351061 0.18282104 0.11118162 0.14776124 0.1286895 0.1431018 0.11162861 0.10852992 0.089856155 0.08633078 0.22082882 0.095975615 0.08139275 0.064937286 0.1123267 0.23388374 0.16428004 0.12239488 0.077871576 0.118474714 0.093699016 0.0794253 0.0966751 0.22851714 0.09487884 0.117339425 0.07524751 0.1583987 0.04403719 0.41920903 0.13791531 0.1572719 0.21214233 0.097283214 0.13308984 0.1021152 0.077093855 0.23025285 0.18207721 0.17164019 0.1553289 0.18199557 0.12180321 0.21958496 0.10119743 0.13883324 0.1101179 0.16418014 0.14584026 0.29554242 0.14681636 0.099887505 0.0978368 0.111867234,0.20114173 0.18518992 0.21849784 0.19705069 0.18712178 0.15633675 0.23938002 0.22850876 0.20145212 0.3190335 0.29872885 0.1450453 0.22132157 0.19040744 0.14932029 0.21498138 0.44618148 0.4490394 0.22723666 0.20826767 0.355527 0.23654354 0.22336811 0.32564706 0.2048069 0.23908463 0.19832337 0.13322914 0.16268736 0.19875692 1.0452323 0.16692589 0.25254714 0.22169565 0.19256945 0.19553804 0.24550475 0.20908543 0.21514636 0.24390449 0.16921991 0.2320611 0.13494267 0.22337243 0.25366795 0.17340079 0.22463635 0.20414042 0.2695743 0.1947651 0.25016946 0.20191447 0.197207 0.24425735 0.19722994 0.17021486 0.22151154 0.1638979 0.21426854 0.49448222 0.17335364 0.20782138 0.25800654 0.24304269 0.3119934 0.59238714 0.21128617 0.1766176 0.14730795 0.24076606 0.5399089 0.19602016 0.24149828 0.29873598 0.2051052 0.17304766 0.25181952 0.8659848 0.19366653 0.25490502 0.4914047 0.19531734 0.21686868 0.21078418 0.26449412 0.42652625 0.22416095 0.27261996 0.14842817 0.40048382 0.2771031 0.25838912 0.19716851 0.22643931 0.31654552 0.2538939 0.17873016 0.25413534 0.23679584 0.2295911 0.32943636 0.27893588 0.21482058 0.19002658 0.3218181 0.2125567 0.19641651 0.30430308 0.16204782 0.47638538 0.25393793 0.22993065 0.6684348 0.25402862 0.27519408 0.21164586 0.16780247 0.1803009 0.2792334 0.24694887 0.16046475 0.18697937 0.21233884 0.22127669 0.24347973 0.36556596 0.2224747 0.16911137 0.31455535 0.23140965 0.19786587 0.26628748 0.22389743 0.2067973 0.21227723 0.20507127 0.19450614 0.2937195 0.20420584 0.23654497 0.20697111 0.16465469 0.27847895 0.24557571 0.24794094 0.28655148 0.18799482 0.22023149 0.4819831 0.2024478 0.2279321 0.13119629 0.2582967 0.5037651 0.4435365 0.27777523 0.25628343 0.30968234 0.24370958 0.21061881 0.2339971 0.2405175 0.28197917 0.37073582 0.32637444 0.22572988 0.15898785 0.18565248 0.22211394 0.21345088 0.26087278 0.20293926 0.45402917 0.24089552 0.3094689 0.2122357 0.2495755 0.14692812 0.16871841 0.2964819 0.20842244 0.1634406 0.21636905 0.14820641 0.2666913 0.22316834 0.3577314 0.20237315 0.24516635 0.21955147 0.21021472 0.7075951 0.20321368 0.2272303 0.21218686 0.3180088 0.20229822 0.18357462 0.26374063 0.15670834 0.27296013 0.5314771 0.1883017 0.33221483 0.2448503 0.22167479 0.19039983 0.26251945 0.21281528 0.22591217 0.16708377 0.22319004 0.19389112 0.31736338 0.22059332 0.31729785 0.17385691 0.21854226 0.27093798 0.19345921 0.21370967 0.22375064 0.3033325 0.27333614 0.29523787 0.31823412 0.23035099 0.18734095 0.19113913 0.18261771 0.16774186 0.24284083 0.21610954 0.21952602 0.60704184 0.20791481 0.21901721 0.24242634 0.25787118 0.38338077 0.4549073 0.19289374 0.30064192 0.2542908 0.30707896 0.34361473 0.27139783 0.23056388 0.25633594 0.30327937 0.22662856 0.3599424 0.20114408 0.19469129 0.24795948 0.24550782 0.13441534 0.088063985 0.16707331 0.07127531 0.11408796 0.15015575 0.111260064 0.18431683 0.10929608 0.17863347 0.1955281 0.20970403 0.20113835 0.20779999 0.18087569 0.08282924 0.1302429 0.17097868 0.2956202 0.115233794 0.10224871 0.09630426 0.14873055 0.134643 0.12000826 0.07944818 0.08021126 0.074540704 0.1259769 0.1333237 0.10812538 0.0922895 0.13084313 0.11544994 0.2807447 0.14036281 0.13223286 0.063520886 0.16441736 0.18668576 0.20068538 0.05897597 0.23895976 0.04094174 0.0942739 0.07240278 0.13378759 0.20742537 0.103937894 0.14751986 0.10615673 0.055877607 0.115259744 0.13196354 0.13987428 0.06810164 0.064851224 0.108860254 0.080680266 0.13932407 0.15804633 0.29591024 0.28601652 0.10377536 0.12688284 0.17129652 0.07645265 0.10573936 0.10123081 0.15723583 0.17321292 0.25219187 0.19468974 0.07499385 0.1271924 0.11623527 0.29469985 0.13103868 0.115972325 0.1536889 0.07088923 0.08878912 0.15279503 0.14910312 0.18247233 0.17207852 0.09546974 0.08059439 0.1136062 0.103913814 0.069723375 0.12711583 0.1161891 0.06903 0.16106075 0.16819234 0.1396428 0.12614605 0.13048857 0.04314713 0.06158962 0.07189096 0.10878921 0.1572795 0.14153425 0.103670746 0.10776013 0.16095284 0.14355308 0.09368031 0.09554933 0.095620066 0.07381787 0.1833152 0.11373051 0.112226985 0.11156391 0.09457803 0.08512002 0.19625749 0.19594379 0.1111134 0.12041604 0.30831566 0.14418718 0.22422092 0.116151765 0.17615198 0.104622446 0.114868194 0.097183354 0.13762075 0.24647482 0.22487496 0.14286944 0.15085047 0.095890075 0.10699291 0.19097303 0.128946 0.107598744 0.08576735 0.14421242 0.1572352 0.1323708 0.06891737 0.09021118 0.07267263 0.13352966 0.1436209 0.32926178 0.13071695 0.105050944 0.3171278 0.11327504 0.10037178 0.15002143 0.22071217 0.17295873 0.2451145 0.18786341 0.16980164 0.114884414 0.08204257 0.15735161 0.16242406 0.1259073 0.138761 0.106222786 0.115359865 0.13144648 0.075585514 0.1063406 0.13647583 0.108278446 0.12230477 0.12723601 0.29354313 0.24058758 0.1560761 0.2020066 0.12971 0.08409497 0.09723973 0.15732086 0.14021444 0.21069938 0.113525406 0.12961783 0.12500954 0.12797697 0.14080225 0.17248727 0.10252074 0.27761018 0.113805875 0.14576355 0.17401364 0.0941454 0.27156022 0.19151874 0.22467338 0.11349675 0.18279871 0.11116805 0.14774321 0.12867379 0.14308433 0.11161498 0.10851668 0.08984519 0.086320244 0.22080187 0.0959639 0.08138282 0.064929366 0.11231299 0.2338552 0.16425999 0.122379944 0.07786208 0.11846026 0.09368758 0.079415604 0.0966633 0.22848926 0.09486726 0.117325105 0.07523833 0.15837936 0.044031817 0.4191579 0.13789849 0.15725271 0.21211644 0.09727134 0.1330736 0.10210274 0.077084444 0.23022474 0.182055 0.17161925 0.15530995 0.18197337 0.121788345 0.21955815 0.10118508 0.1388163 0.110104464 0.16416012 0.14582245 0.29550636 0.14679843 0.099875316 0.097824864 0.11185358,0.0015837932 0.0014581883 0.0017204555 0.0015515803 0.0014733998 0.0012309981 0.001884882 0.0017992816 0.0015862372 0.0025120748 0.0023521958 0.0011420889 0.0017426895 0.0014992711 0.0011757503 0.0016927668 0.00351324 0.0035357433 0.0017892651 0.0016399029 0.0027994253 0.0018625475 0.001758804 0.0025641501 0.0016126527 0.0018825561 0.0015616013 0.0010490483 0.0012810029 0.0015650151 0.008230176 0.0013143771 0.0019885602 0.0017456351 0.0015162949 0.0015396696 0.0019331083 0.001646342 0.0016940659 0.0019205078 0.0013324403 0.0018272528 0.0010625407 0.0017588381 0.0019973854 0.0013653606 0.0017687901 0.0016074049 0.0021226325 0.0015335835 0.0019698383 0.0015898778 0.001552811 0.0019232862 0.0015529917 0.0013402745 0.0017441853 0.0012905346 0.0016871538 0.0038935607 0.0013649893 0.0016363888 0.0020315475 0.001913722 0.0024566408 0.004664466 0.0016636706 0.0013906898 0.0011599051 0.0018957958 0.004251251 0.0015434658 0.0019015613 0.0023522517 0.0016150016 0.00136258 0.001982831 0.006818778 0.0015249334 0.002007126 0.0038693284 0.0015379319 0.0017076274 0.001659718 0.0020826308 0.0033584745 0.0017650469 0.0021466138 0.0011687258 0.0031534159 0.0021819142 0.00203456 0.001552508 0.0017829867 0.0024924844 0.0019991647 0.0014073241 0.0020010658 0.0018645342 0.001807804 0.0025939872 0.0021963455 0.0016915007 0.0014962723 0.002534001 0.0016736748 0.0015465867 0.0023960872 0.0012759671 0.003751066 0.0019995112 0.0018104776 0.005263266 0.0020002252 0.0021668826 0.0016665028 0.0013212793 0.0014196922 0.0021986882 0.0019444793 0.0012635019 0.0014722785 0.0016719593 0.0017423361 0.0019171633 0.002878472 0.0017517692 0.0013315856 0.0024768137 0.0018221233 0.001557999 0.0020967517 0.0017629719 0.0016283252 0.0016714743 0.0016147344 0.0015315444 0.002312752 0.00160792 0.0018625588 0.0016296938 0.0012964936 0.0021927475 0.001933667 0.0019522909 0.0022563108 0.0014802743 0.0017341062 0.0037951425 0.0015940772 0.0017947409 0.0010330416 0.0020338323 0.003966654 0.0034924133 0.0021872064 0.0020179797 0.0024384437 0.001918973 0.0016584158 0.0018424969 0.0018938385 0.0022203084 0.0029191796 0.0025698775 0.0017774006 0.0012518729 0.0014618306 0.0017489287 0.0016807156 0.0020541165 0.0015979469 0.0035750328 0.0018968151 0.002436763 0.0016711473 0.0019651614 0.0011569143 0.0013284915 0.0023345032 0.0016411216 0.0012869339 0.0017036933 0.0011669797 0.0020999315 0.0017572311 0.0028167828 0.0015934893 0.0019304437 0.0017287518 0.001655234 0.005571615 0.0016001076 0.0017892149 0.0016707627 0.0025040065 0.0015928994 0.0014454694 0.0020766978 0.001233924 0.0021492923 0.004184859 0.0014826906 0.0026158649 0.0019279551 0.0017454708 0.0014992112 0.0020670823 0.0016757109 0.001778836 0.0013156203 0.0017574019 0.0015267017 0.0024989243 0.0017369553 0.0024984083 0.0013689521 0.0017208052 0.00213337 0.0015233009 0.0016827533 0.001761816 0.002388445 0.0021522532 0.0023247076 0.0025057804 0.0018137873 0.0014751256 0.0015050325 0.0014379347 0.0013208021 0.0019121325 0.00170165 0.0017285513 0.004779857 0.0016371246 0.0017245449 0.0019088688 0.0020304818 0.0030187462 0.0035819472 0.0015188484 0.0023672592 0.0020022898 0.0024179446 0.0027056278 0.002136991 0.0018154636 0.0020183933 0.0023880266 0.0017844768 0.0028341922 0.0015838117 0.0015330022 0.0019524369 0.0019331324 0.0010583885 0.0006934172 0.0013155378 0.0005612229 0.0008983304 0.0011823288 0.0008760635 0.0014513136 0.0008605991 0.0014065627 0.0015395914 0.0016512128 0.0015837665 0.0016362204 0.0014242181 0.00065219874 0.0010255346 0.0013462888 0.002327718 0.0009073527 0.000805108 0.00075830123 0.0011711067 0.0010601812 0.00094494695 0.0006255762 0.0006315847 0.0005869347 0.0009919441 0.0010497929 0.00085138093 0.000726689 0.0010302609 0.00090905465 0.0022105882 0.001105219 0.0010412036 0.00050016446 0.0012946249 0.0014699666 0.0015801998 0.0004643777 0.0018815729 0.0003223759 0.0007423142 0.0005701007 0.0010534456 0.0016332706 0.0008184086 0.0011615737 0.00083587976 0.00043998117 0.000907557 0.001039083 0.0011013723 0.00053623336 0.00051063957 0.00085716735 0.0006352777 0.0010970399 0.0012444593 0.002330002 0.0022520986 0.0008171288 0.0009990775 0.0013487915 0.0006019894 0.0008325934 0.000797093 0.0012380774 0.0013638813 0.0019857627 0.00153299 0.00059050275 0.001001515 0.00091523834 0.0023204712 0.0010318006 0.0009131679 0.0012101488 0.0005581829 0.0006991269 0.0012031104 0.0011740404 0.00143679 0.001354949 0.0007517303 0.0006346015 0.000894537 0.000818219 0.00054900296 0.001000912 0.0009148748 0.0005435433 0.0012681949 0.0013243492 0.0010995497 0.000993276 0.001027469 0.0003397412 0.00048495765 0.00056607055 0.000856608 0.0012384213 0.001114443 0.0008163051 0.00084850495 0.0012673452 0.0011303392 0.0007376402 0.00075235695 0.0007529139 0.0005812431 0.0014434268 0.00089551584 0.00088367704 0.000878456 0.0007447089 0.0006702364 0.0015453346 0.0015428645 0.00087490864 0.0009481578 0.0024276825 0.0011353322 0.001765519 0.0009145808 0.0013870235 0.00082379876 0.00090447394 0.0007652233 0.0010836279 0.0019407466 0.001770669 0.0011249563 0.001187799 0.00075504 0.00084246387 0.0015037246 0.0010153229 0.0008472342 0.0006753335 0.0011355309 0.0012380725 0.0010422898 0.00054265646 0.00071032427 0.0005722254 0.0010514146 0.0011308732 0.0025926125 0.0010292673 0.0008271728 0.0024970693 0.0008919295 0.00079032895 0.0011812712 0.0017378911 0.0013618798 0.0019300354 0.0014792394 0.0013370208 0.0009046017 0.00064600445 0.0012389891 0.0012789296 0.000991396 0.0010926063 0.0008363999 0.0009083454 0.0010350116 0.0005951615 0.00083732756 0.0010746128 0.0008525862 0.0009630297 0.0010018584 0.0023113631 0.0018943903 0.0012289457 0.0015906031 0.0010213386 0.0006621651 0.0007656672 0.0012387469 0.0011040508 0.0016590502 0.0008939008 0.0010206128 0.000984327 0.0010076927 0.0011086791 0.0013581675 0.0008072499 0.002185907 0.00089610927 0.0011477445 0.0013701862 0.0007413024 0.0021382694 0.0015080216 0.0017690817 0.0008936752 0.00143936 0.00087533897 0.0011633324 0.0010131794 0.0011266483 0.0008788581 0.00085446204 0.0007074424 0.00067968696 0.0017385974 0.0007556213 0.0006408096 0.0005112548 0.00088435423 0.0018413796 0.0012933858 0.0009636216 0.0006130872 0.000932758 0.00073769747 0.0006253197 0.0007611284 0.001799128 0.0007469863 0.0009238197 0.0005924278 0.0012470816 0.00034670724 0.0033004559 0.0010858149 0.0012382104 0.0016702082 0.0007659161 0.0010478236 0.00080395857 0.0006069641 0.0018127932 0.0014335039 0.0013513326 0.0012229129 0.0014328612 0.00095896336 0.0017288043 0.00079673296 0.0010930417 0.0008669643 0.0012925994 0.0011482083 0.0023268217 0.0011558932 0.0007864198 0.0007702745 0.0008807368,
600,512,,,0.004961525 0.004961525 0.004961525 0.004961525 0.004961525 0.004961525 0.004961525 0.004961525 0.004961525 0.004961525 0.004961525 0.004961525 0.004961525 0.004961525 0.004961525 0.004961525 0.004961525 0.004961525 0.004961525 0.004961525 0.004961525 0.004961525 0.004961525 0.004961525 0.004961525 0.004961525 0.004961525 0.004961525 0.004961525 0.004961525 0.004961525 0.004961525 0.004961525 0.004961525 0.004961525 0.004961525 0.004961525 0.004961525 0.004961525 0.004961525 0.004961525 0.004961525 0.004961525 0.004961525 0.004961525 0.004961525 0.004961525 0.004961525 0.004961525 0.004961525 0.004961525 0.004961525 0.004961525 0.004961525 0.004961525 0.004961525 0.004961525 0.004961525 0.004961525 0.004961525 0.004961525 0.004961525 0.004961525 0.004961525 0.004961525 0.004961525 0.004961525 0.004961525 0.004961525 0.004961525 0.004961525 0.004961525 0.004961525 0.004961525 0.004961525 0.004961525 0.004961525 0.004961525 0.004961525 0.004961525 0.004961525 0.004961525 0.004961525 0.004961525 0.004961525 0.004961525 0.004961525 0.004961525 0.004961525 0.004961525 0.004961525 0.004961525 0.004961525 0.004961525 0.004961525 0.004961525 0.004961525 0.004961525 0.004961525 0.004961525 0.004961525 0.004961525 0.004961525 0.004961525 0.004961525 0.004961525 0.004961525 0.004961525 0.004961525 0.004961525 0.004961525 0.004961525 0.004961525 0.004961525 0.004961525 0.004961525 0.004961525 0.004961525 0.004961525 0.004961525 0.004961525 0.004961525 0.004961525 0.004961525 0.004961525 0.004961525 0.004961525 0.004961525 0.004961525 0.004961525 0.004961525 0.004961525 0.004961525 0.004961525 0.004961525 0.004961525 0.004961525 0.004961525 0.004961525 0.004961525 0.004961525 0.004961525 0.004961525 0.004961525 0.004961525 0.004961525 0.004961525 0.004961525 0.004961525 0.004961525 0.004961525 0.004961525 0.004961525 0.004961525 0.004961525 0.004961525 0.004961525 0.004961525 0.004961525 0.004961525 0.004961525 0.004961525 0.004961525 0.004961525 0.004961525 0.004961525 0.004961525 0.004961525 0.004961525 0.004961525 0.004961525 0.004961525 0.004961525 0.004961525 0.004961525 0.004961525 0.004961525 0.004961525 0.004961525 0.004961525 0.004961525 0.004961525 0.004961525 0.004961525 0.004961525 0.004961525 0.004961525 0.004961525 0.004961525 0.004961525 0.004961525 0.004961525 0.004961525 0.004961525 0.004961525 0.004961525 0.004961525 0.004961525 0.004961525 0.004961525 0.004961525 0.004961525 0.004961525 0.004961525 0.004961525 0.004961525 0.004961525 0.004961525 0.004961525 0.004961525 0.004961525 0.004961525 0.004961525 0.004961525 0.004961525 0.004961525 0.004961525 0.004961525 0.004961525 0.004961525 0.004961525 0.004961525 0.004961525 0.004961525 0.004961525 0.004961525 0.004961525 0.004961525 0.004961525 0.004961525 0.004961525 0.004961525 0.004961525 0.004961525 0.004961525 0.004961525 0.004961525 0.004961525 0.004961525 0.004961525 0.004961525 0.004961525 0.004961525 0.004961525 0.004961525 0.004961525 0.004961525 0.004961525 0.004961525 0.004961525 0.004961525 0.004961525 0.004961525 0.004961525 0.004961525 0.004961525 0.004961525 0.004961525 0.004961525 0.004961525 0.004961525 0.004961525 0.004961525 0.004961525 0.004961525 0.004961525 0.004961525 0.004961525 0.004961525 0.004961525 0.004961525 0.004961525 0.004961525 0.004961525 0.004961525 0.004961525 0.004961525 0.004961525 0.004961525 0.004961525 0.004961525 0.004961525 0.004961525 0.004961525 0.004961525 0.004961525 0.004961525 0.004961525 0.004961525 0.004961525 0.004961525 0.004961525 0.004961525 0.004961525 0.004961525 0.004961525 0.004961525 0.004961525 0.004961525 0.004961525 0.004961525 0.004961525 0.004961525 0.004961525 0.004961525 0.004961525 0.004961525 0.004961525 0.004961525 0.004961525 0.004961525 0.004961525 0.004961525 0.004961525 0.004961525 0.004961525 0.004961525 0.004961525 0.004961525 0.004961525 0.004961525 0.004961525 0.004961525 0.004961525 0.004961525 0.004961525 0.004961525 0.004961525 0.004961525 0.004961525 0.004961525 0.004961525 0.004961525 0.004961525 0.004961525 0.004961525 0.004961525 0.004961525 0.004961525 0.004961525 0.004961525 0.004961525 0.004961525 0.004961525 0.004961525 0.004961525 0.004961525 0.004961525 0.004961525 0.004961525 0.004961525 0.004961525 0.004961525 0.004961525 0.004961525 0.004961525 0.004961525 0.004961525 0.004961525 0.004961525 0.004961525 0.004961525 0.004961525 0.004961525 0.004961525 0.004961525 0.004961525 0.004961525 0.004961525 0.004961525 0.004961525 0.004961525 0.004961525 0.004961525 0.004961525 0.004961525 0.004961525 0.004961525 0.004961525 0.004961525 0.004961525 0.004961525 0.004961525 0.004961525 0.004961525 0.004961525 0.004961525 0.004961525 0.004961525 0.004961525 0.004961525 0.004961525 0.004961525 0.004961525 0.004961525 0.004961525 0.004961525 0.004961525 0.004961525 0.004961525 0.004961525 0.004961525 0.004961525 0.004961525 0.004961525 0.004961525 0.004961525 0.004961525 0.004961525 0.004961525 0.004961525 0.004961525 0.004961525 0.004961525 0.004961525 0.004961525 0.004961525 0.004961525 0.004961525 0.004961525 0.004961525 0.004961525 0.004961525 0.004961525 0.004961525 0.004961525 0.004961525 0.004961525 0.004961525 0.004961525 0.004961525 0.004961525 0.004961525 0.004961525 0.004961525 0.004961525 0.004961525 0.004961525 0.004961525 0.004961525 0.004961525 0.004961525 0.004961525 0.004961525 0.004961525 0.004961525 0.004961525 0.004961525 0.004961525 0.004961525 0.004961525 0.004961525 0.004961525 0.004961525 0.004961525 0.004961525 0.004961525 0.004961525 0.004961525 0.004961525 0.004961525 0.004961525 0.004961525 0.004961525 0.004961525 0.004961525 0.004961525 0.004961525 0.004961525 0.004961525 0.004961525 0.004961525 0.004961525 0.004961525 0.004961525 0.004961525 0.004961525 0.004961525 0.004961525 0.004961525 0.004961525 0.004961525 0.004961525 0.004961525 0.004961525 0.004961525 0.004961525 0.004961525 0.004961525 0.004961525 0.004961525 0.004961525 0.004961525 0.004961525 0.004961525 0.004961525 0.004961525 0.004961525 0.004961525 0.004961525 0.004961525 0.004961525 0.004961525 0.004961525 0.004961525 0.004961525 0.004961525 0.004961525 0.004961525 0.004961525 0.004961525 0.004961525,13 13 13 13 13 13 13 13 13 12 12 13 13 13 13 13 12 12 13 13 12 13 13 12 13 13 13 13 13 13 10 13 12 13 13 13 13 13 13 13 13 13 13 13 12 13 13 13 12 13 12 13 13 13 13 13 13 13 13 12 13 13 12 13 12 11 13 13 13 13 11 13 13 12 13 13 12 11 13 12 12 13 13 13 12 12 13 12 13 12 12 12 13 13 12 12 13 12 13 13 12 12 13 13 12 13 13 12 13 12 12 13 11 12 12 13 13 13 12 13 13 13 13 13 13 12 13 13 12 13 13 12 13 13 13 13 13 12 13 13 13 13 12 13 12 12 13 13 12 13 13 13 12 11 12 12 12 12 13 13 13 13 12 12 12 13 13 13 13 13 12 13 12 13 12 13 12 13 13 12 13 13 13 13 12 13 12 13 13 13 13 11 13 13 13 12 13 13 12 13 12 11 13 12 13 13 13 12 13 13 13 13 13 12 13 12 13 13 12 13 13 13 12 12 12 12 13 13 13 13 13 13 13 13 11 13 13 13 12 12 12 13 12 12 12 12 12 13 12 12 13 12 13 13 12 13 13 14 13 14 14 13 14 13 14 13 13 13 13 13 13 14 13 13 12 14 14 14 13 13 14 14 14 14 13 13 14 14 13 14 12 13 13 14 13 13 13 15 13 15 14 14 13 13 14 13 14 15 14 13 13 14 14 14 14 13 13 12 12 14 13 13 14 14 14 13 13 12 13 14 13 14 12 13 14 13 14 14 13 13 13 13 14 14 14 14 14 13 14 14 13 13 13 13 13 15 15 14 14 13 13 14 14 13 13 14 14 14 14 13 14 14 14 14 14 13 13 14 14 12 13 13 14 13 14 14 14 13 13 13 13 13 14 14 13 13 14 14 13 13 13 14 14 14 13 13 12 13 14 12 14 14 13 13 13 13 13 13 14 14 13 13 13 13 14 14 13 14 14 13 14 14 13 12 13 13 13 13 14 14 13 13 13 14 13 13 13 13 13 14 12 14 13 13 14 12 13 13 14 13 14 13 13 13 14 14 14 14 13 14 14 14 14 13 13 14 14 14 14 14 14 13 14 14 14 13 15 12 13 13 13 14 13 14 14 13 13 13 13 13 14 13 14 13 14 13 13 12 13 14 14 14
609,3x3x256x128,0.3673843 0.3773722 0.2026867 0.14725892 0.43308806 0.24810742 0.11177996 0.60606194 0.47584736 0.2263762 0.27552938 0.1485567 0.29035485 0.14181302 0.29241592 0.28596175 0.3956338 0.27288944 0.23046538 0.42694306 0.18002652 0.2914435 0.34335876 0.11872659 0.44256857 0.1680608 0.14350891 0.18571006 0.34554127 0.2169322 0.17751552 0.12311621 0.7321648 0.23639981 0.2799973 0.15580297 0.1967427 0.17225738 0.21685651 0.2043639 0.29011738 0.21542624 0.2329419 0.36690396 0.8079596 0.22305165 0.36832446 0.3445762 0.3398333 0.2587502 0.19373119 0.41480285 0.20677736 0.32736132 0.21805973 0.37134627 0.4067891 0.67961866 0.25208628 0.5647956 0.3496484 0.35259968 0.25201496 0.2566778 0.38895532 0.18646482 0.19215104 0.58364654 0.274251 0.17655347 0.33796322 0.3513721 0.3307061 0.16531591 0.32004297 0.27562004 0.30119044 0.2703237 0.27118012 0.34281373 0.15315878 0.38962394 0.43351346 0.33998418 0.39609268 0.22022964 0.30055758 0.5522212 0.13441682 0.1935497 0.27185705 0.35379907 0.22717938 0.3275761 0.2240821 0.29280558 0.2603644 0.4721966 0.26689982 0.17647257 0.26816016 0.5898423 0.45996228 0.14110152 0.43112496 0.3637099 0.36365488 0.24554808 0.20993295 0.4526434 0.32675952 0.3517243 0.2749113 0.20128678 0.19089635 0.17276102 0.27780402 0.2889031 0.3908399 0.40246025 0.24194576 0.26543272 0.25373963 0.43839654 0.43314883 0.21465677 0.40706313 0.49803534,0.36733946 0.37732613 0.20266196 0.14724095 0.4330352 0.24807714 0.111766316 0.60598797 0.4757893 0.22634858 0.27549574 0.14853857 0.2903194 0.14179571 0.2923802 0.28592685 0.3955855 0.27285612 0.23043726 0.42689094 0.18000454 0.2914079 0.34331685 0.118712105 0.3318994 0.16804028 0.14349139 0.1856874 0.3454991 0.21690574 0.17749386 0.12310119 0.73207545 0.23637097 0.27996314 0.15578395 0.19671868 0.17223635 0.21683004 0.20433897 0.29008198 0.21539994 0.23291346 0.36685917 0.807861 0.22302443 0.3682795 0.34453416 0.33979183 0.25871864 0.19370756 0.41475224 0.20675214 0.32732138 0.21803312 0.37130097 0.40673944 0.67953575 0.2520555 0.56472665 0.3496057 0.35255665 0.2519842 0.25664648 0.38890785 0.18644206 0.1921276 0.5835753 0.27421755 0.17653193 0.33792198 0.3513292 0.33066574 0.16529574 0.32000393 0.27558643 0.30115366 0.2702907 0.271147 0.3427719 0.15314008 0.3895764 0.43346056 0.3399427 0.39604434 0.22020277 0.3005209 0.5521538 0.13440041 0.19352607 0.27182385 0.3537559 0.22715166 0.3275361 0.22405475 0.29276985 0.26033264 0.472139 0.26686725 0.17645103 0.26812744 0.5897704 0.45990616 0.14108431 0.43107232 0.3636655 0.3636105 0.24551812 0.20990732 0.254605 0.32671964 0.35168135 0.27487776 0.20126222 0.19087304 0.17273994 0.27777013 0.28886783 0.3907922 0.40241113 0.24191624 0.26540032 0.25370866 0.43834305 0.433096 0.21463057 0.40701345 0.49797454,0.0028924367 0.002971072 0.0015957635 0.0011593776 0.0034097258 0.0019533632 0.0008800497 0.0047715586 0.0037463724 0.0017822722 0.0021692577 0.001169595 0.0022859797 0.0011165016 0.0023022064 0.0022513925 0.0031148465 0.0021484734 0.0018144667 0.003361346 0.0014173585 0.0022945504 0.0027032823 0.000934741 0.0026133812 0.0013231518 0.0011298534 0.0014621054 0.0027204654 0.0017079193 0.0013975895 0.0009693007 0.0057643736 0.0018611887 0.0022044342 0.0012266453 0.0015489659 0.0013561917 0.0017073232 0.0016089682 0.00228411 0.0016960625 0.0018339643 0.0028886548 0.00636111 0.0017560979 0.0028998384 0.0027128675 0.0026755263 0.0020371547 0.0015252563 0.0032657657 0.0016279696 0.0025773337 0.0017167962 0.0029236297 0.0032026728 0.005350675 0.001984689 0.0044466667 0.002752801 0.0027760365 0.0019841276 0.0020208384 0.0030622666 0.0014680477 0.0015128157 0.0045950813 0.0021591934 0.0013900151 0.002660803 0.0027663717 0.0026036673 0.0013015412 0.002519716 0.0021699718 0.0023712886 0.0021282732 0.0021350158 0.0026989912 0.0012058275 0.0030675307 0.0034130753 0.0026767142 0.0031184594 0.0017338801 0.0023663063 0.004347668 0.0010582709 0.0015238273 0.0021403453 0.0027854794 0.0017885958 0.0025790245 0.0017642106 0.0023052744 0.0020498633 0.00371763 0.0021013168 0.0013893782 0.0021112396 0.004643861 0.0036213084 0.0011109001 0.0033942703 0.0028635077 0.002863075 0.0019332136 0.0016528135 0.0020047638 0.0025725956 0.0027691445 0.0021643918 0.0015847419 0.0015029373 0.001360157 0.0021871664 0.0022745498 0.0030771038 0.0031685915 0.0019048522 0.0020897663 0.001997706 0.00345152 0.0034102045 0.0016900045 0.0032048302 0.0039210594,
610,128,,,0.004430007 0.004430007 0.004430007 0.004430007 0.004430007 0.004430007 0.004430007 0.004430007 0.004430007 0.004430007 0.004430007 0.004430007 0.004430007 0.004430007 0.004430007 0.004430007 0.004430007 0.004430007 0.004430007 0.004430007 0.004430007 0.004430007 0.004430007 0.004430007 0.004430007 0.004430007 0.004430007 0.004430007 0.004430007 0.004430007 0.004430007 0.004430007 0.004430007 0.004430007 0.004430007 0.004430007 0.004430007 0.004430007 0.004430007 0.004430007 0.004430007 0.004430007 0.004430007 0.004430007 0.004430007 0.004430007 0.004430007 0.004430007 0.004430007 0.004430007 0.004430007 0.004430007 0.004430007 0.004430007 0.004430007 0.004430007 0.004430007 0.004430007 0.004430007 0.004430007 0.004430007 0.004430007 0.004430007 0.004430007 0.004430007 0.004430007 0.004430007 0.004430007 0.004430007 0.004430007 0.004430007 0.004430007 0.004430007 0.004430007 0.004430007 0.004430007 0.004430007 0.004430007 0.004430007 0.004430007 0.004430007 0.004430007 0.004430007 0.004430007 0.004430007 0.004430007 0.004430007 0.004430007 0.004430007 0.004430007 0.004430007 0.004430007 0.004430007 0.004430007 0.004430007 0.004430007 0.004430007 0.004430007 0.004430007 0.004430007 0.004430007 0.004430007 0.004430007 0.004430007 0.004430007 0.004430007 0.004430007 0.004430007 0.004430007 0.004430007 0.004430007 0.004430007 0.004430007 0.004430007 0.004430007 0.004430007 0.004430007 0.004430007 0.004430007 0.004430007 0.004430007 0.004430007 0.004430007 0.004430007 0.004430007 0.004430007 0.004430007 0.004430007,14 14 15 15 14 14 16 13 14 15 14 15 14 15 14 14 14 14 15 14 15 14 14 16 14 15 15 15 14 15 15 16 13 15 14 15 15 15 15 15 14 15 15 14 13 15 14 14 14 14 15 14 15 14 15 14 14 13 14 13 14 14 14 14 14 15 15 13 14 15 14 14 14 15 14 14 14 14 14 14 15 14 14 14 14 15 14 13 15 15 14 14 15 14 15 14 14 14 14 15 14 13 14 15 14 14 14 15 15 14 14 14 14 15 15 15 14 14 14 14 15 14 14 14 14 15 14 13
615,3x3x128x256,0.14875586 0.17031425 0.14887328 0.07856756 0.12095567 0.06656342 0.21565479 0.32720697 0.20592298 0.19575188 0.07755621 0.078610644 0.14519978 0.081160925 0.1298495 0.10085097 0.1821921 0.21744683 0.08298405 0.11428492 0.17603113 0.17116372 0.12473521 0.26373535 0.22771545 0.20383583 0.118111365 0.0894194 0.21256642 0.06985895 0.10725062 0.09088376 0.07349572 0.08906206 0.17489548 0.18213959 0.2739163 0.25378925 0.11202922 0.18625265 0.09526387 0.14801703 0.09422421 0.10469427 0.06654977 0.06778869 0.1437943 0.1708039 0.29418284 0.25966537 0.13691522 0.06784482 0.12809683 0.10784181 0.07177067 0.20987625 0.26720628 0.2061944 0.2011242 0.25327018 0.08654477 0.2134722 0.20585096 0.10676486 0.120232314 0.096638456 0.124586485 0.12694234 0.18432088 0.105812944 0.16114148 0.12736364 0.18446021 0.08884104 0.14253838 0.06771218 0.14487866 0.056495033 0.100379035 0.367337 0.13246761 0.19745262 0.1777721 0.2450097 0.1598056 0.22213623 0.26263702 0.1885876 0.07598028 0.13957879 0.09297394 0.13940994 0.15343104 0.1926911 0.17062128 0.15415321 0.111417465 0.1135679 0.18301067 0.048951983 0.15737678 0.060149003 0.09091806 0.056764822 0.10013784 0.15781066 0.17042409 0.08438727 0.1467181 0.10279033 0.09916039 0.085032396 0.12389959 0.2561299 0.071792796 0.056628834 0.07869877 0.20807768 0.081836455 0.20274447 0.24423686 0.11915445 0.2520529 0.22701721 0.13531278 0.15271091 0.16545571 0.15499175 0.09442986 0.21247175 0.15023507 0.27854943 0.055082284 0.16961953 0.17626822 0.12724517 0.12844315 0.30213913 0.08451357 0.11127684 0.28372252 0.07601808 0.10385737 0.2924945 0.19158834 0.18341437 0.09779272 0.17068776 0.20057356 0.1523346 0.14634255 0.09873281 0.10402539 0.26264194 0.16921477 0.18209524 0.074363045 0.11133414 0.082233906 0.12195012 0.26960936 0.13034183 0.07871408 0.13108422 0.170798 0.15230817 0.16494752 0.29918376 0.08046085 0.10953782 0.121268064 0.04159857 0.35069826 0.16452053 0.19413462 0.21758002 0.089382224 0.37574652 0.30205226 0.21561514 0.19512078 0.20712644 0.0720651 0.18762432 0.12158643 0.14330815 0.09167178 0.1316748 0.060762286 0.255667 0.104940325 0.16028786 0.07427834 0.16989681 0.12585402 0.099518456 0.12766685 0.18467194 0.10081585 0.06753239 0.16238432 0.08396683 0.26067576 0.16587517 0.14066711 0.15128177 0.122820444 0.25256938 0.123332016 0.13634573 0.086646125 0.07378262 0.11042939 0.063118964 0.09576625 0.1853165 0.19116338 0.22982202 0.16386464 0.25100994 0.10645876 0.14366342 0.22010498 0.0582976 0.2289357 0.1905028 0.049778283 0.19027779 0.070582815 0.11435641 0.08294916 0.14717774 0.12696321 0.15307502 0.088910006 0.34797427 0.14717245 0.16728707 0.11039493 0.25267607 0.053560417 0.08517072 0.15344608 0.3539976 0.27764153 0.20555185 0.22877948 0.32154122 0.072755866 0.13323617 0.15263715 0.067499064 0.11699648 0.12565589 0.22591011 0.077650174,0.1487377 0.17029347 0.1488551 0.07855797 0.1209409 0.06655529 0.21562847 0.32716703 0.20589785 0.19572799 0.07754674 0.078601055 0.14518206 0.081151016 0.12983364 0.10083866 0.18216987 0.2174203 0.08297392 0.11427097 0.17600965 0.17114283 0.124719985 0.26370317 0.22768766 0.20381095 0.118096955 0.089408495 0.21254048 0.06985042 0.10723753 0.090872675 0.07348675 0.08905119 0.17487413 0.18211737 0.2738829 0.25375825 0.112015545 0.18622991 0.09525224 0.14799896 0.0942127 0.10468149 0.06654165 0.06778041 0.14377676 0.17078306 0.29414696 0.25963366 0.1368985 0.06783654 0.1280812 0.10782865 0.07176191 0.20985064 0.26717368 0.20616925 0.20109966 0.25323927 0.08653421 0.21344614 0.20582584 0.10675183 0.120217636 0.09662666 0.124571286 0.12692685 0.1842984 0.10580003 0.16112183 0.1273481 0.1844377 0.0888302 0.14252098 0.06770392 0.14486098 0.056488138 0.100366786 0.36729217 0.13245144 0.19742852 0.17775041 0.24497981 0.15978609 0.22210911 0.26260495 0.1885646 0.075971015 0.13956176 0.09296259 0.13939293 0.15341233 0.19266759 0.17060044 0.15413441 0.11140387 0.113554046 0.18298833 0.04894601 0.15735757 0.06014166 0.09090696 0.056757897 0.10012561 0.15779139 0.17040329 0.08437697 0.1467002 0.102777794 0.09914829 0.08502202 0.12388446 0.25609863 0.071784034 0.056621924 0.078689165 0.20805229 0.08182646 0.20271972 0.24420704 0.11913991 0.25202215 0.2269895 0.13529627 0.15269229 0.16543552 0.15497282 0.09441833 0.21244583 0.15021673 0.27851546 0.05507556 0.16959883 0.17624672 0.12722965 0.12842748 0.30210224 0.08450325 0.11126327 0.2836879 0.076008804 0.103844695 0.2924588 0.19156496 0.18339199 0.09778079 0.17066693 0.2005491 0.15231602 0.1463247 0.09872076 0.1040127 0.2626099 0.16919412 0.18207301 0.07435397 0.111320555 0.08222387 0.12193524 0.26957646 0.13032591 0.07870447 0.13106823 0.17077716 0.15228957 0.1649274 0.29914725 0.08045103 0.10952445 0.12125326 0.041593492 0.35065547 0.16450045 0.19411093 0.21755347 0.089371316 0.37570068 0.3020154 0.21558882 0.19509697 0.20710115 0.0720563 0.18760143 0.12157159 0.14329067 0.0916606 0.13165872 0.060754873 0.2556358 0.10492752 0.16026829 0.07426928 0.16987607 0.12583867 0.09950631 0.12765127 0.1846494 0.10080354 0.06752415 0.1623645 0.08395658 0.26064393 0.16585493 0.14064994 0.15126331 0.122805454 0.25253853 0.123316966 0.1363291 0.086635545 0.07377362 0.11041591 0.06311126 0.095754564 0.1852939 0.19114006 0.22979398 0.16384465 0.2509793 0.10644577 0.1436459 0.22007813 0.058290485 0.22890776 0.19047955 0.04977221 0.19025455 0.0705742 0.11434246 0.08293904 0.14715977 0.12694772 0.15305635 0.08889915 0.3479318 0.14715448 0.16726665 0.110381454 0.25264525 0.053553883 0.08516033 0.15342736 0.3539544 0.27760765 0.20552675 0.22875157 0.321502 0.07274699 0.13321991 0.15261853 0.06749083 0.1169822 0.12564056 0.22588255 0.0776407,0.0011711629 0.0013408934 0.0011720874 0.0006185667 0.00095229055 0.0005240574 0.001697862 0.0025761183 0.001621243 0.0015411653 0.00061060424 0.00061890593 0.0011431659 0.0006389844 0.0010223121 0.00079400523 0.0014344085 0.0017119708 0.000653338 0.0008997714 0.0013859028 0.0013475814 0.0009820472 0.002076403 0.0017928162 0.0016048106 0.0009298973 0.0007040039 0.0016735471 0.0005500033 0.00084439 0.00071553286 0.00057863584 0.00070119044 0.0013769616 0.0014339951 0.0021565582 0.0019980965 0.0008820122 0.0014663773 0.00075001764 0.0011653461 0.0007418323 0.0008242637 0.00052395 0.00053370406 0.0011321005 0.0013447485 0.0023161178 0.0020443595 0.0010779409 0.000534146 0.0010085134 0.0008490445 0.0005650544 0.0016523672 0.0021037296 0.0016233799 0.0015834619 0.00199401 0.0006813717 0.0016806782 0.0016206759 0.0008405656 0.00094659557 0.00076083984 0.0009808763 0.000999424 0.0014511684 0.0008330711 0.0012686758 0.0010027409 0.0014522654 0.00069945044 0.0011222124 0.00053310173 0.0011406377 0.0004447885 0.00079028966 0.0028920644 0.0010429247 0.0015545553 0.0013996095 0.0019289749 0.0012581582 0.0017488906 0.0020677554 0.0014847607 0.000598197 0.0010989115 0.0007319889 0.001097582 0.0012079711 0.0015170677 0.0013433106 0.0012136567 0.0008771958 0.00089412637 0.001440853 0.00038540165 0.001239036 0.00047355637 0.00071580283 0.00044691257 0.00078839064 0.001242452 0.0013417582 0.00066438556 0.0011551197 0.000809274 0.0007806952 0.0006694647 0.0009754682 0.0020165246 0.00056522863 0.00044584193 0.0006195997 0.001638207 0.00064430287 0.0015962182 0.0019228901 0.00093810953 0.0019844263 0.0017873188 0.001065325 0.0012023015 0.0013026419 0.0012202584 0.0007434514 0.0016728018 0.0011828089 0.002193035 0.00043366582 0.0013354239 0.0013877695 0.0010018082 0.00101124 0.0023787578 0.0006653799 0.00087608874 0.002233763 0.00059849455 0.00081767474 0.0023028252 0.0015083855 0.0014440314 0.00076992746 0.0013438341 0.0015791267 0.0011993387 0.0011521629 0.0007773288 0.0008189976 0.0020677946 0.0013322372 0.0014336457 0.00058546435 0.0008765398 0.00064743205 0.00096012 0.0021226492 0.0010261883 0.0006197202 0.0010320334 0.001344702 0.0011991304 0.0012986409 0.00235549 0.00063347263 0.00086239725 0.00095475005 0.00032750782 0.0027610667 0.0012952791 0.0015284325 0.0017130194 0.0007037112 0.002958273 0.002378074 0.0016975498 0.0015361966 0.0016307178 0.0005673724 0.0014771767 0.00095725665 0.001128273 0.000721737 0.0010366829 0.0004783848 0.0020128803 0.00082620094 0.001261955 0.00058479747 0.0013376068 0.0009908556 0.0007835143 0.0010051281 0.0014539323 0.0007937286 0.00053168624 0.0012784606 0.0006610754 0.0020523143 0.0013059443 0.0011074799 0.0011910497 0.0009669721 0.0019884924 0.0009709997 0.0010734575 0.00068216963 0.00058089464 0.00086941663 0.00049693906 0.00075397297 0.001459007 0.0015050399 0.0018094014 0.0012901153 0.001976215 0.0008381556 0.0011310701 0.0017328986 0.0004589802 0.0018024234 0.0014998389 0.00039190718 0.0014980674 0.00055570237 0.00090033433 0.00065306335 0.0011587384 0.0009995883 0.0012051681 0.00069999334 0.0027396204 0.0011586967 0.0013170602 0.0008691453 0.0019893327 0.00042168412 0.00067055377 0.0012080895 0.0027870426 0.002185887 0.0016183209 0.0018011935 0.0025315117 0.00057281094 0.0010489757 0.0012017207 0.0005314239 0.0009211197 0.0009892958 0.0017786027 0.00061134406,
616,256,,,0.0042772684 0.0042772684 0.0042772684 0.0042772684 0.0042772684 0.0042772684 0.0042772684 0.0042772684 0.0042772684 0.0042772684 0.0042772684 0.0042772684 0.0042772684 0.0042772684 0.0042772684 0.0042772684 0.0042772684 0.0042772684 0.0042772684 0.0042772684 0.0042772684 0.0042772684 0.0042772684 0.0042772684 0.0042772684 0.0042772684 0.0042772684 0.0042772684 0.0042772684 0.0042772684 0.0042772684 0.0042772684 0.0042772684 0.0042772684 0.0042772684 0.0042772684 0.0042772684 0.0042772684 0.0042772684 0.0042772684 0.0042772684 0.0042772684 0.0042772684 0.0042772684 0.0042772684 0.0042772684 0.0042772684 0.0042772684 0.0042772684 0.0042772684 0.0042772684 0.0042772684 0.0042772684 0.0042772684 0.0042772684 0.0042772684 0.0042772684 0.0042772684 0.0042772684 0.0042772684 0.0042772684 0.0042772684 0.0042772684 0.0042772684 0.0042772684 0.0042772684 0.0042772684 0.0042772684 0.0042772684 0.0042772684 0.0042772684 0.0042772684 0.0042772684 0.0042772684 0.0042772684 0.0042772684 0.0042772684 0.0042772684 0.0042772684 0.0042772684 0.0042772684 0.0042772684 0.0042772684 0.0042772684 0.0042772684 0.0042772684 0.0042772684 0.0042772684 0.0042772684 0.0042772684 0.0042772684 0.0042772684 0.0042772684 0.0042772684 0.0042772684 0.0042772684 0.0042772684 0.0042772684 0.0042772684 0.0042772684 0.0042772684 0.0042772684 0.0042772684 0.0042772684 0.0042772684 0.0042772684 0.0042772684 0.0042772684 0.0042772684 0.0042772684 0.0042772684 0.0042772684 0.0042772684 0.0042772684 0.0042772684 0.0042772684 0.0042772684 0.0042772684 0.0042772684 0.0042772684 0.0042772684 0.0042772684 0.0042772684 0.0042772684 0.0042772684 0.0042772684 0.0042772684 0.0042772684 0.0042772684 0.0042772684 0.0042772684 0.0042772684 0.0042772684 0.0042772684 0.0042772684 0.0042772684 0.0042772684 0.0042772684 0.0042772684 0.0042772684 0.0042772684 0.0042772684 0.0042772684 0.0042772684 0.0042772684 0.0042772684 0.0042772684 0.0042772684 0.0042772684 0.0042772684 0.0042772684 0.0042772684 0.0042772684 0.0042772684 0.0042772684 0.0042772684 0.0042772684 0.0042772684 0.0042772684 0.0042772684 0.0042772684 0.0042772684 0.0042772684 0.0042772684 0.0042772684 0.0042772684 0.0042772684 0.0042772684 0.0042772684 0.0042772684 0.0042772684 0.0042772684 0.0042772684 0.0042772684 0.0042772684 0.0042772684 0.0042772684 0.0042772684 0.0042772684 0.0042772684 0.0042772684 0.0042772684 0.0042772684 0.0042772684 0.0042772684 0.0042772684 0.0042772684 0.0042772684 0.0042772684 0.0042772684 0.0042772684 0.0042772684 0.0042772684 0.0042772684 0.0042772684 0.0042772684 0.0042772684 0.0042772684 0.0042772684 0.0042772684 0.0042772684 0.0042772684 0.0042772684 0.0042772684 0.0042772684 0.0042772684 0.0042772684 0.0042772684 0.0042772684 0.0042772684 0.0042772684 0.0042772684 0.0042772684 0.0042772684 0.0042772684 0.0042772684 0.0042772684 0.0042772684 0.0042772684 0.0042772684 0.0042772684 0.0042772684 0.0042772684 0.0042772684 0.0042772684 0.0042772684 0.0042772684 0.0042772684 0.0042772684 0.0042772684 0.0042772684 0.0042772684 0.0042772684 0.0042772684 0.0042772684 0.0042772684 0.0042772684 0.0042772684 0.0042772684 0.0042772684 0.0042772684 0.0042772684 0.0042772684 0.0042772684 0.0042772684 0.0042772684 0.0042772684 0.0042772684 0.0042772684 0.0042772684 0.0042772684 0.0042772684 0.0042772684 0.0042772684 0.0042772684 0.0042772684,13 13 13 14 14 14 13 12 13 13 14 14 13 14 13 14 13 13 14 14 13 13 13 12 13 13 14 14 13 14 14 14 14 14 13 13 12 12 14 13 14 13 14 14 14 14 13 13 12 12 13 14 13 14 14 13 12 13 13 12 14 13 13 14 14 14 13 13 13 14 13 13 13 14 13 14 13 15 14 12 13 13 13 13 13 13 12 13 14 13 14 13 13 13 13 13 14 14 13 15 13 15 14 15 14 13 13 14 13 14 14 14 13 12 14 15 14 13 14 13 13 14 12 13 13 13 13 13 14 13 13 12 15 13 13 13 13 12 14 14 12 14 14 12 13 13 14 13 13 13 13 14 14 12 13 13 14 14 14 14 12 13 14 13 13 13 13 12 14 14 14 15 12 13 13 13 14 12 12 13 13 13 14 13 14 13 14 13 15 12 14 13 14 13 13 14 13 13 14 14 13 14 12 13 13 13 14 12 14 13 14 14 14 14 14 13 13 13 13 12 14 13 13 15 13 13 15 13 14 14 14 13 13 13 14 12 13 13 14 12 15 14 13 12 12 13 13 12 14 13 13 14 14 13 13 14
624,1x1x256x512,0.26412717 0.2523188 0.34875217 0.23862973 0.36695555 0.24606086 0.28359464 0.3350671 0.27995878 0.30853474 0.28460103 0.32579356 0.22652304 0.23539504 0.30725548 0.2071785 0.26658514 0.27317238 0.34869176 0.28766018 0.25365376 0.2561164 0.3451571 0.27068743 0.25075886 0.30824295 0.25403622 0.2281856 0.2199017 0.31701043 0.2469926 0.2798782 0.27204114 0.25269556 0.24301513 0.31689882 0.36225665 0.24448669 0.23424765 0.37698108 0.4660247 0.2900609 0.27557856 0.29761308 0.44677836 0.3304172 0.3062415 0.3981434 0.26012564 0.33818167 0.28464803 0.2792695 0.3383695 0.24674603 0.50743616 0.26768142 0.26917818 0.28044173 0.32602462 0.32689714 0.34908846 0.27739486 0.20285799 0.25755313 0.33565682 0.22694688 0.5641587 0.43857 0.20984535 0.4059605 0.26630476 0.16583763 0.35886455 0.5255876 0.2901876 0.47927284 0.33468485 0.21368343 0.08684069 0.29233575 0.2874308 0.18276441 0.159539 0.32265133 0.6732128 0.7032372 0.40966347 0.23249096 0.28515583 0.18143868 0.50395745 0.29127437 0.29405975 0.5802247 0.65211016 0.2406719 0.2896373 0.24921054 0.48502055 0.18773241 0.11659397 0.59108776 0.28683537 0.3904831 0.22476423 0.13511634 0.34930253 0.31219497 0.23887427 0.32211873 0.47841686 0.7241233 0.65295076 0.39796418 0.71274036 0.7633813 0.2275418 0.3093198 0.46414465 0.2586511 0.3413219 0.41806784 0.40610683 0.25589678 0.42018193 0.2308375 0.32899612 0.5012888 0.20695855 0.24471046 0.2319204 0.27574527 0.21807466 0.24016169 0.2546105 0.17790651 0.15701737 0.2061303 0.21557714 0.27720195 0.25833824 0.2537756 0.3562493 0.26594 0.22620639 0.19254977 0.30110598 0.16220002 0.21952973 0.29033747 0.19992831 0.21312839 0.19152702 0.22065452 0.25027767 0.1651896 0.2988248 0.29588792 0.19526497 0.18960279 0.33216715 0.20771901 0.28659943 0.35275966 0.3106234 0.26079702 0.21448766 0.31186327 0.21519649 0.25504237 0.27544808 0.3346865 0.24968542 0.37126777 0.20259073 0.21003507 0.33010083 0.29340547 0.2883115 0.21990512 0.3194581 0.22624224 0.28924748 0.27409726 0.2696384 0.27996856 0.2793274 0.21184158 0.27534112 0.2867979 0.21626897 0.29392335 0.21456072 0.3205777 0.35546055 0.266352 0.43292403 0.13261506 0.46615756 0.5510874 0.16863291 0.48053172 0.2975791 0.34023952 0.5453445 0.07604241 0.22987068 0.2596125 0.305148 0.5266487 0.22236252 0.1538506 0.28232563 0.30558282 0.25358912 0.3169555 0.14969625 0.5478043 0.3854001 0.27466354 0.20986515 0.14942953 0.22358948 0.2705846 0.2423951 0.2749539 0.58093214 0.18100919 0.35673505 0.34849524 0.32973474 0.417086 0.5622462 0.124491714 0.22893581 0.28797072 0.09984806 0.2433381 0.18235919 0.36088085 0.23135367 0.24491265 0.41650438 0.22258976 0.32801887 0.31619784 0.49968427 0.16568132 0.116041824 0.40186295 0.45869455 0.1919623 0.47513673 0.46501565 0.2257317 0.34827447 0.18468589 0.30659434 0.16548462 0.16641663 0.19271936 0.20416926 0.21562384 0.2579683 0.14691415 0.25319886 0.30660382 0.17067058 0.17725956 0.1789693 0.19729242 0.17480311 0.1754623 0.18976746 0.19755341 0.21545514 0.14233084 0.18515418 0.2341874 0.32807612 0.23056275 0.1940424 0.20963573 0.166666 0.25277406 0.16956939 0.1883721 0.26093102 0.20531389 0.23221608 0.21504384 0.17468199 0.20364909 0.22314462 0.25449255 0.28490442 0.19109394 0.2810856 0.13379109 0.18206242 0.16027825 0.23497634 0.28590244 0.3601493 0.21324234 0.28805408 0.16452561 0.18704027 0.18546465 0.25578156 0.19284868 0.19207937 0.20731036 0.2715565 0.23728618 0.17730236 0.26206267 0.2708983 0.1883622 0.21388577 0.23055416 0.16464242 0.57688016 0.3834076 0.21188991 0.42764273 0.1916761 0.12661311 0.33639258 0.23411408 0.21410094 0.21899816 0.5083043 0.6362852 0.28642368 0.1900601 0.3100976 0.19961931 0.21677992 0.37066725 0.19432667 0.16636613 0.19090559 0.48532128 0.40749732 0.29297745 0.24257663 0.16994117 0.49715933 0.590412 0.22811422 0.6059744 0.54441524 0.39759067 0.32979313 0.381612 0.15906991 0.36411116 0.23520194 0.16416395 0.27406222 0.17416438 0.32989448 0.29400223 0.27790818 0.34597522 0.20376869 0.25286475 0.28228065 0.27011946 0.17860995 0.2185297 0.18940608 0.7020423 0.13598223 0.28849635 0.25652102 0.28309718 0.27453429 0.20266134 0.17338164 0.1382331 0.2268459 0.3318471 0.24795178 0.19898224 0.19632086 0.3014187 0.24210952 0.27462575 0.21277504 0.27671513 0.25123218 0.20316741 0.30122626 0.25574192 0.3158977 0.3475693 0.26635993 0.16788708 0.2740682 0.18708406 0.21777362 0.2600825 0.18344961 0.20394279 0.2865346 0.25209528 0.28586927 0.22957541 0.33115193 0.20333672 0.28832033 0.18368028 0.3372198 0.24514176 0.2482629 0.24782616 0.25676224 0.23008934 0.3901189 0.18718 0.3817005 0.32053986 0.2675757 0.22622764 0.3711637 0.33161962 0.25258774 0.20616591 0.2580688 0.3749269 0.3037231 0.35316554 0.24109775 0.19095016 0.23947549 0.22697577 0.29811698 0.21223353 0.29130566 0.27506375 0.4091116 0.20742792 0.24643254 0.30628252 0.23710983 0.2793999 0.15645236 0.12526421 0.37199438 0.5285879 0.2805812 0.4278752 0.14706247 0.35884318 0.07745645 0.2770812 0.5805019 0.10576866 0.41892084 0.35575542 0.26882446 0.5913302 0.2433061 0.14187977 0.39700523 0.2606504 0.27336785 0.3962621 0.58188295 0.34478965 0.36833003 0.25119796 0.54941237 0.33785084 0.49639922 0.34813684 0.11703615 0.16850835 0.1465859 0.116098545 0.35253793 0.92262894 0.44435176 0.18974802 0.4103874 0.08244619 0.27614892 0.31072998 0.32392728 0.20903042 0.103179485 0.20093334 0.2488657 0.47196382 0.33833182 0.3047448 0.2671278 0.5061741 0.9738329 0.34920415 0.28448215 0.21439661 0.325922 0.24454325 0.83240044 0.23856467 0.11562855 0.33271897 0.30192512 0.3027209,0.26409495 0.252288 0.3487096 0.2386006 0.3669108 0.24603084 0.28356 0.3350262 0.2799246 0.30849707 0.28456628 0.3257538 0.2264954 0.23536631 0.307218 0.20715322 0.26655263 0.27313906 0.3486492 0.28762507 0.25362283 0.25608513 0.34511495 0.27065438 0.25072825 0.3082053 0.2540052 0.22815774 0.21987486 0.31697175 0.24696246 0.27984405 0.27200794 0.25266472 0.24298546 0.31686017 0.36221242 0.24445684 0.23421906 0.3769351 0.4659678 0.2900255 0.2755449 0.29757679 0.44672385 0.33037686 0.30620414 0.3980948 0.2600939 0.3381404 0.2846133 0.27923542 0.3383282 0.24671592 0.5073742 0.26764876 0.2691453 0.2804075 0.32598484 0.32685727 0.34904587 0.277361 0.20283322 0.25752172 0.33561587 0.22691919 0.56408983 0.43851647 0.20981975 0.40591094 0.26627228 0.1658174 0.35882077 0.5255235 0.29015216 0.47921437 0.33464402 0.21365735 0.08683009 0.29230008 0.28739572 0.1827421 0.15951954 0.32261193 0.67313063 0.70315135 0.4096135 0.23246258 0.28512105 0.18141654 0.50389594 0.2912388 0.29402387 0.5801539 0.6520306 0.24064253 0.28960195 0.24918012 0.48496136 0.18770951 0.11657974 0.5910156 0.28680038 0.39043546 0.2247368 0.13509986 0.34925988 0.31215686 0.23884511 0.32207942 0.47835848 0.72403497 0.6528711 0.39791563 0.71265334 0.76328814 0.22751404 0.30928206 0.46408802 0.25861955 0.34128025 0.41801682 0.40605727 0.25586554 0.42013067 0.23080933 0.32895598 0.50122756 0.20693329 0.2446806 0.2318921 0.27571163 0.21804805 0.24013238 0.25457945 0.1778848 0.1569982 0.20610514 0.21555084 0.27716812 0.2583067 0.25374463 0.35620582 0.26590756 0.2261788 0.19252627 0.30106923 0.16218022 0.21950294 0.29030204 0.1999039 0.21310239 0.19150366 0.22062759 0.25024712 0.16516943 0.29878834 0.29585183 0.19524114 0.18957965 0.33212662 0.20769367 0.28656447 0.35271662 0.3105855 0.2607652 0.21446149 0.31182522 0.21517022 0.25501123 0.27541447 0.33464566 0.24965495 0.37122244 0.20256601 0.21000944 0.33006054 0.29336965 0.28827634 0.21987829 0.31941912 0.22621463 0.28921217 0.2740638 0.2696055 0.27993438 0.2792933 0.21181573 0.27530754 0.2867629 0.21624258 0.2938875 0.21453452 0.32053858 0.3554172 0.2663195 0.4328712 0.13259888 0.46610066 0.5510201 0.16861233 0.48047307 0.2975428 0.34019798 0.54527795 0.07603314 0.22984263 0.25958082 0.30511078 0.5265844 0.22233538 0.15383182 0.28229117 0.3055455 0.25355816 0.31691682 0.14967798 0.5477375 0.38535306 0.27463004 0.20983954 0.14941129 0.2235622 0.2705516 0.24236552 0.27492034 0.5808612 0.18098709 0.3566915 0.34845272 0.32969448 0.4170351 0.5621776 0.12447652 0.22890787 0.28793558 0.09983588 0.2433084 0.18233694 0.3608368 0.23132543 0.24488276 0.41645357 0.2225626 0.32797885 0.31615925 0.4996233 0.1656611 0.11602766 0.40181392 0.45863855 0.19193888 0.47507876 0.4649589 0.22570416 0.34823197 0.18466336 0.30655694 0.16546442 0.16639632 0.19269583 0.20414434 0.21559753 0.2579368 0.14689623 0.25316796 0.30656642 0.17064975 0.17723793 0.17894745 0.19726834 0.17478178 0.1754409 0.18974431 0.1975293 0.21542886 0.14231348 0.18513158 0.23415881 0.32803607 0.2305346 0.19401872 0.20961015 0.16664566 0.2527432 0.16954869 0.18834911 0.2608992 0.20528884 0.23218773 0.2150176 0.17466068 0.20362423 0.2231174 0.2544615 0.28486967 0.19107062 0.2810513 0.13377477 0.1820402 0.1602587 0.23494765 0.28586754 0.36010534 0.2132163 0.28801894 0.16450553 0.18701744 0.18544202 0.25575033 0.19282514 0.19205593 0.20728506 0.27152336 0.23725721 0.17728072 0.2620307 0.27086523 0.18833922 0.21385968 0.23052603 0.16462232 0.57680976 0.3833608 0.21186404 0.42759055 0.1916527 0.12659766 0.33635154 0.2340855 0.2140748 0.21897145 0.50824225 0.6362075 0.28638873 0.19003691 0.31005976 0.19959494 0.21675345 0.370622 0.19430296 0.16634583 0.1908823 0.48526204 0.4074476 0.29294172 0.24254704 0.16992043 0.49709865 0.59033996 0.22808637 0.60590047 0.54434884 0.39754215 0.3297529 0.38156545 0.1590505 0.36406672 0.23517323 0.16414392 0.27402875 0.17414312 0.32985422 0.29396635 0.27787426 0.345933 0.20374382 0.25283387 0.2822462 0.2700865 0.17858815 0.21850303 0.18938297 0.70195657 0.13596565 0.28846112 0.2564897 0.2830626 0.2745008 0.2026366 0.17336048 0.13821623 0.22681822 0.3318066 0.24792153 0.19895796 0.1962969 0.3013819 0.24207997 0.27459225 0.21274908 0.27668136 0.2512015 0.20314261 0.3011895 0.2557107 0.31585917 0.34752685 0.26632744 0.16786659 0.27403474 0.18706124 0.21774705 0.26005077 0.18342721 0.20391789 0.28649962 0.2520645 0.2858344 0.2295474 0.33111152 0.20331189 0.28828517 0.18365785 0.33717865 0.24511185 0.24823259 0.24779592 0.25673088 0.23006125 0.3900713 0.18715715 0.3816539 0.32050076 0.26754308 0.22620003 0.3711184 0.33157915 0.2525569 0.20614074 0.2580373 0.37488112 0.30368605 0.35312244 0.24106833 0.19092685 0.23944625 0.22694807 0.2980806 0.21220763 0.2912701 0.27503017 0.40906164 0.2074026 0.24640246 0.30624515 0.23708089 0.2793658 0.15643325 0.12524892 0.37194896 0.5285233 0.28054696 0.42782298 0.14704451 0.35879937 0.077447005 0.2770474 0.5804311 0.10575575 0.4188697 0.355712 0.26879165 0.59125805 0.24327642 0.14186245 0.3969568 0.26061857 0.27333447 0.39621377 0.5818119 0.34474757 0.36828506 0.25116733 0.5493453 0.3378096 0.49633864 0.34809437 0.117021866 0.16848779 0.14656802 0.11608438 0.35249493 0.92251635 0.44429755 0.18972486 0.41033733 0.08243612 0.2761152 0.31069204 0.32388774 0.20900491 0.10316689 0.20090882 0.24883533 0.47190624 0.3382905 0.30470762 0.2670952 0.5061123 0.97371405 0.34916154 0.28444743 0.21437044 0.32588226 0.2445134 0.8322988 0.23853555 0.11561444 0.33267835 0.30188826 0.30268398,0.0020794878 0.00198652 0.002745745 0.0018787448 0.0028890613 0.0019372507 0.002232756 0.0026380017 0.0022041306 0.0024291107 0.0022406795 0.0025649907 0.0017834284 0.001853278 0.0024190391 0.0016311277 0.0020988395 0.0021507014 0.0027452693 0.0022647644 0.00199703 0.0020164184 0.0027174405 0.0021311368 0.001974238 0.0024268134 0.0020000408 0.0017965176 0.001731298 0.0024958407 0.0019445863 0.0022034964 0.002141795 0.001989486 0.0019132713 0.002494962 0.0028520662 0.001924857 0.0018442445 0.0029679928 0.0036690377 0.0022836654 0.002169645 0.0023431242 0.0035175106 0.0026013926 0.0024110563 0.0031346048 0.0020479835 0.0026625227 0.0022410497 0.002198704 0.0026640017 0.0019426451 0.0039950726 0.0021074705 0.0021192543 0.002207933 0.0025668098 0.0025736792 0.0027483928 0.002183945 0.0015971119 0.00202773 0.0026426446 0.0017867653 0.0044416524 0.0034528857 0.001652124 0.0031961491 0.002096632 0.0013056488 0.0028253603 0.0041379803 0.0022846628 0.0037733414 0.0026349924 0.0016823413 0.0006837015 0.0023015754 0.0022629583 0.0014389142 0.0012560594 0.0025402515 0.005300241 0.0055366247 0.003225303 0.001830414 0.0022450476 0.0014284767 0.0039676847 0.002293219 0.0023151485 0.004568141 0.005134099 0.001894823 0.0022803303 0.0019620482 0.0038185935 0.0014780277 0.0009179507 0.004653666 0.0022582707 0.003074295 0.0017695811 0.0010637784 0.0027500778 0.002457928 0.0018806702 0.0025360584 0.0037666021 0.0057010627 0.005140717 0.003133194 0.0056114434 0.0060101426 0.0017914491 0.002435292 0.0036542364 0.0020363743 0.002687246 0.003291471 0.0031973014 0.0020146894 0.0033081155 0.0018173963 0.0025902046 0.0039466736 0.001629396 0.0019266189 0.001825922 0.0021709576 0.0017169138 0.0018908061 0.0020045626 0.0014006677 0.0012362063 0.0016228751 0.0016972508 0.0021824262 0.0020339112 0.0019979891 0.0028047701 0.0020937603 0.0017809354 0.0015159548 0.0023706239 0.0012770096 0.0017283696 0.0022858428 0.0015740464 0.0016779716 0.0015079029 0.0017372251 0.0019704497 0.0013005467 0.002352664 0.0023295418 0.0015373318 0.0014927532 0.0026151703 0.0016353832 0.0022564132 0.0027772964 0.002445555 0.0020532692 0.0016886732 0.0024553167 0.0016942536 0.0020079624 0.002168618 0.0026350052 0.001965787 0.0029230113 0.001595008 0.0016536176 0.002598902 0.0023099973 0.0022698925 0.001731325 0.0025151111 0.0017812175 0.002277261 0.0021579827 0.0021228779 0.0022042077 0.00219916 0.0016678404 0.0021677758 0.0022579755 0.0017026975 0.0023140747 0.0016892483 0.0025239259 0.0027985605 0.002097004 0.0034084346 0.0010440856 0.003670084 0.004338741 0.0013276561 0.0037832526 0.0023428567 0.0026787242 0.004293527 0.0005986861 0.0018097846 0.0020439434 0.0024024472 0.004146334 0.0017506724 0.0012112742 0.0022227652 0.0024058702 0.001996521 0.002495408 0.0011785667 0.0043128934 0.003034276 0.0021624411 0.0016522799 0.0011764668 0.0017603323 0.0021303275 0.00190839 0.002164727 0.0045737103 0.0014250953 0.0028085946 0.0027437222 0.0025960195 0.003283741 0.0044265953 0.00098013 0.0018024242 0.0022672093 0.0007861093 0.0019158141 0.001435724 0.0028412347 0.0018214601 0.0019282107 0.0032791619 0.0017524614 0.0025825107 0.002489443 0.0039340416 0.0013044181 0.00091360364 0.0031638893 0.0036113271 0.0015113298 0.0037407777 0.0036610938 0.0017771982 0.002741984 0.0014540422 0.0024138342 0.0013028694 0.0013102073 0.00151729 0.0016074358 0.0016976183 0.0020309985 0.0011566632 0.0019934485 0.0024139087 0.0013436988 0.0013955742 0.0014090351 0.001553294 0.0013762346 0.0013814244 0.0014940497 0.0015553489 0.0016962902 0.0011205786 0.001457729 0.0018437702 0.0025829612 0.001815233 0.0015277065 0.0016504736 0.0013121705 0.001990104 0.001335029 0.0014830639 0.0020543244 0.0016164476 0.0018282499 0.001693052 0.001375281 0.0016033404 0.0017568299 0.0020036339 0.0022430683 0.0015044931 0.0022130024 0.0010533447 0.0014333874 0.0012618795 0.0018499815 0.0022509256 0.0028354751 0.0016788685 0.0022678657 0.0012953191 0.0014725783 0.0014601734 0.002013782 0.0015183082 0.0015122513 0.0016321659 0.0021379793 0.0018681671 0.0013959112 0.0020632339 0.0021327971 0.001482986 0.0016839345 0.0018151656 0.0012962387 0.004541809 0.003018589 0.0016682207 0.0033668547 0.0015090763 0.0009968319 0.0026484374 0.001843193 0.0016856284 0.0017241846 0.0040019075 0.005009508 0.0022550293 0.0014963537 0.0024414153 0.0015716137 0.0017067201 0.0029182835 0.0015299446 0.0013098097 0.0015030102 0.0038209609 0.0032082489 0.0023066278 0.0019098192 0.0013379562 0.0039141625 0.004648346 0.0017959557 0.00477087 0.0042862114 0.0031302532 0.0025964794 0.0030044524 0.0012523661 0.002866667 0.0018517576 0.0012924718 0.0021577068 0.0013712057 0.0025972773 0.0023146956 0.0021879864 0.0027238817 0.0016042821 0.001990818 0.002222411 0.0021266653 0.0014062059 0.0017204963 0.0014912045 0.005527217 0.0010705956 0.0022713474 0.002019604 0.0022288393 0.0021614234 0.0015955637 0.0013650431 0.0010883168 0.0017859702 0.0026126504 0.001952138 0.0015665982 0.0015456448 0.0023730858 0.0019061415 0.0021621438 0.0016751896 0.0021785933 0.0019779645 0.0015995482 0.002371571 0.00201347 0.0024870802 0.0027364318 0.0020970665 0.0013217841 0.0021577538 0.0014729231 0.0017145437 0.002047644 0.0014443088 0.0016056527 0.0022559026 0.0019847597 0.0022506646 0.0018074599 0.0026071772 0.001600881 0.0022699619 0.0014461249 0.00265495 0.0019300146 0.0019545874 0.001951149 0.002021503 0.0018115059 0.0030714276 0.0014736784 0.0030051488 0.002523628 0.0021066384 0.0017811026 0.002922192 0.0026108595 0.001988637 0.0016231554 0.0020317899 0.00295182 0.0023912287 0.0027804917 0.0018981758 0.001503361 0.0018854035 0.0017869927 0.0023470912 0.0016709262 0.0022934654 0.0021655918 0.0032209577 0.0016330914 0.0019401768 0.002411379 0.0018667786 0.0021997308 0.0012317579 0.000986212 0.002928732 0.004161601 0.0022090313 0.0033686848 0.0011578308 0.002825192 0.00060981896 0.0021814755 0.0045703235 0.0008327224 0.0032981867 0.0028008819 0.0021164697 0.0046555754 0.0019155623 0.0011170271 0.003125644 0.0020521148 0.00215224 0.0031197935 0.0045811962 0.0027145478 0.0028998824 0.0019776954 0.004325554 0.002659918 0.0039081783 0.0027409005 0.00092143205 0.0013266755 0.0011540789 0.00091405027 0.0027755506 0.007263908 0.003498406 0.0014938966 0.0032310025 0.0006491033 0.0021741355 0.002446394 0.0025502972 0.001645708 0.00081233773 0.0015819592 0.0019593332 0.003715797 0.0026637048 0.0023992725 0.002103112 0.003985136 0.00766704 0.0027493034 0.0022397435 0.0016879563 0.002566002 0.0019253024 0.006553534 0.0018782327 0.0009103499 0.0026195145 0.0023770728 0.0023833385,
625,512,,,0.004594058 0.004594058 0.004594058 0.004594058 0.004594058 0.004594058 0.004594058 0.004594058 0.004594058 0.004594058 0.004594058 0.004594058 0.004594058 0.004594058 0.004594058 0.004594058 0.004594058 0.004594058 0.004594058 0.004594058 0.004594058 0.004594058 0.004594058 0.004594058 0.004594058 0.004594058 0.004594058 0.004594058 0.004594058 0.004594058 0.004594058 0.004594058 0.004594058 0.004594058 0.004594058 0.004594058 0.004594058 0.004594058 0.004594058 0.004594058 0.004594058 0.004594058 0.004594058 0.004594058 0.004594058 0.004594058 0.004594058 0.004594058 0.004594058 0.004594058 0.004594058 0.004594058 0.004594058 0.004594058 0.004594058 0.004594058 0.004594058 0.004594058 0.004594058 0.004594058 0.004594058 0.004594058 0.004594058 0.004594058 0.004594058 0.004594058 0.004594058 0.004594058 0.004594058 0.004594058 0.004594058 0.004594058 0.004594058 0.004594058 0.004594058 0.004594058 0.004594058 0.004594058 0.004594058 0.004594058 0.004594058 0.004594058 0.004594058 0.004594058 0.004594058 0.004594058 0.004594058 0.004594058 0.004594058 0.004594058 0.004594058 0.004594058 0.004594058 0.004594058 0.004594058 0.004594058 0.004594058 0.004594058 0.004594058 0.004594058 0.004594058 0.004594058 0.004594058 0.004594058 0.004594058 0.004594058 0.004594058 0.004594058 0.004594058 0.004594058 0.004594058 0.004594058 0.004594058 0.004594058 0.004594058 0.004594058 0.004594058 0.004594058 0.004594058 0.004594058 0.004594058 0.004594058 0.004594058 0.004594058 0.004594058 0.004594058 0.004594058 0.004594058 0.004594058 0.004594058 0.004594058 0.004594058 0.004594058 0.004594058 0.004594058 0.004594058 0.004594058 0.004594058 0.004594058 0.004594058 0.004594058 0.004594058 0.004594058 0.004594058 0.004594058 0.004594058 0.004594058 0.004594058 0.004594058 0.004594058 0.004594058 0.004594058 0.004594058 0.004594058 0.004594058 0.004594058 0.004594058 0.004594058 0.004594058 0.004594058 0.004594058 0.004594058 0.004594058 0.004594058 0.004594058 0.004594058 0.004594058 0.004594058 0.004594058 0.004594058 0.004594058 0.004594058 0.004594058 0.004594058 0.004594058 0.004594058 0.004594058 0.004594058 0.004594058 0.004594058 0.004594058 0.004594058 0.004594058 0.004594058 0.004594058 0.004594058 0.004594058 0.004594058 0.004594058 0.004594058 0.004594058 0.004594058 0.004594058 0.004594058 0.004594058 0.004594058 0.004594058 0.004594058 0.004594058 0.004594058 0.004594058 0.004594058 0.004594058 0.004594058 0.004594058 0.004594058 0.004594058 0.004594058 0.004594058 0.004594058 0.004594058 0.004594058 0.004594058 0.004594058 0.004594058 0.004594058 0.004594058 0.004594058 0.004594058 0.004594058 0.004594058 0.004594058 0.004594058 0.004594058 0.004594058 0.004594058 0.004594058 0.004594058 0.004594058 0.004594058 0.004594058 0.004594058 0.004594058 0.004594058 0.004594058 0.004594058 0.004594058 0.004594058 0.004594058 0.004594058 0.004594058 0.004594058 0.004594058 0.004594058 0.004594058 0.004594058 0.004594058 0.004594058 0.004594058 0.004594058 0.004594058 0.004594058 0.004594058 0.004594058 0.004594058 0.004594058 0.004594058 0.004594058 0.004594058 0.004594058 0.004594058 0.004594058 0.004594058 0.004594058 0.004594058 0.004594058 0.004594058 0.004594058 0.004594058 0.004594058 0.004594058 0.004594058 0.004594058 0.004594058 0.004594058 0.004594058 0.004594058 0.004594058 0.004594058 0.004594058 0.004594058 0.004594058 0.004594058 0.004594058 0.004594058 0.004594058 0.004594058 0.004594058 0.004594058 0.004594058 0.004594058 0.004594058 0.004594058 0.004594058 0.004594058 0.004594058 0.004594058 0.004594058 0.004594058 0.004594058 0.004594058 0.004594058 0.004594058 0.004594058 0.004594058 0.004594058 0.004594058 0.004594058 0.004594058 0.004594058 0.004594058 0.004594058 0.004594058 0.004594058 0.004594058 0.004594058 0.004594058 0.004594058 0.004594058 0.004594058 0.004594058 0.004594058 0.004594058 0.004594058 0.004594058 0.004594058 0.004594058 0.004594058 0.004594058 0.004594058 0.004594058 0.004594058 0.004594058 0.004594058 0.004594058 0.004594058 0.004594058 0.004594058 0.004594058 0.004594058 0.004594058 0.004594058 0.004594058 0.004594058 0.004594058 0.004594058 0.004594058 0.004594058 0.004594058 0.004594058 0.004594058 0.004594058 0.004594058 0.004594058 0.004594058 0.004594058 0.004594058 0.004594058 0.004594058 0.004594058 0.004594058 0.004594058 0.004594058 0.004594058 0.004594058 0.004594058 0.004594058 0.004594058 0.004594058 0.004594058 0.004594058 0.004594058 0.004594058 0.004594058 0.004594058 0.004594058 0.004594058 0.004594058 0.004594058 0.004594058 0.004594058 0.004594058 0.004594058 0.004594058 0.004594058 0.004594058 0.004594058 0.004594058 0.004594058 0.004594058 0.004594058 0.004594058 0.004594058 0.004594058 0.004594058 0.004594058 0.004594058 0.004594058 0.004594058 0.004594058 0.004594058 0.004594058 0.004594058 0.004594058 0.004594058 0.004594058 0.004594058 0.004594058 0.004594058 0.004594058 0.004594058 0.004594058 0.004594058 0.004594058 0.004594058 0.004594058 0.004594058 0.004594058 0.004594058 0.004594058 0.004594058 0.004594058 0.004594058 0.004594058 0.004594058 0.004594058 0.004594058 0.004594058 0.004594058 0.004594058 0.004594058 0.004594058 0.004594058 0.004594058 0.004594058 0.004594058 0.004594058 0.004594058 0.004594058 0.004594058 0.004594058 0.004594058 0.004594058 0.004594058 0.004594058 0.004594058 0.004594058 0.004594058 0.004594058 0.004594058 0.004594058 0.004594058 0.004594058 0.004594058 0.004594058 0.004594058 0.004594058 0.004594058 0.004594058 0.004594058 0.004594058 0.004594058 0.004594058 0.004594058 0.004594058 0.004594058 0.004594058 0.004594058 0.004594058 0.004594058 0.004594058 0.004594058 0.004594058 0.004594058 0.004594058 0.004594058 0.004594058 0.004594058 0.004594058 0.004594058 0.004594058 0.004594058 0.004594058 0.004594058 0.004594058 0.004594058 0.004594058 0.004594058 0.004594058 0.004594058 0.004594058 0.004594058 0.004594058 0.004594058 0.004594058 0.004594058 0.004594058 0.004594058 0.004594058 0.004594058 0.004594058 0.004594058 0.004594058 0.004594058 0.004594058 0.004594058 0.004594058 0.004594058 0.004594058 0.004594058 0.004594058 0.004594058,13 13 13 14 13 14 13 13 13 13 13 13 14 14 13 14 13 13 13 13 13 13 13 13 13 13 13 14 14 13 14 13 13 13 14 13 13 14 14 13 13 13 13 13 13 13 13 13 13 13 13 13 13 14 12 13 13 13 13 13 13 13 14 13 13 14 12 13 14 13 13 14 13 12 13 13 13 14 15 13 13 14 14 13 12 12 13 14 13 14 12 13 13 12 12 14 13 13 13 14 15 12 13 13 14 14 13 13 14 13 13 12 12 13 12 12 14 13 13 13 13 13 13 13 13 14 13 12 14 14 14 13 14 14 13 14 14 14 14 13 13 13 13 13 14 14 13 14 14 13 14 14 14 14 13 14 13 13 14 14 13 14 13 13 13 13 14 13 14 13 13 13 13 13 14 14 13 13 13 14 13 14 13 13 13 13 13 14 13 13 14 13 14 13 13 13 13 14 13 12 14 13 13 13 12 15 14 13 13 12 14 14 13 13 13 13 14 12 13 13 14 14 14 13 14 13 12 14 13 13 13 13 12 14 14 13 15 14 14 13 14 14 13 14 13 13 12 14 15 13 13 14 13 13 14 13 14 13 14 14 14 14 14 13 14 13 13 14 14 14 14 14 14 14 14 14 14 14 14 13 14 14 14 14 13 14 14 13 14 14 14 14 14 14 13 13 14 13 14 14 14 14 13 13 14 13 14 14 14 13 14 14 14 13 14 14 13 13 14 14 14 14 12 13 14 13 14 14 13 14 14 14 12 12 13 14 13 14 14 13 14 14 14 13 13 13 14 14 12 12 14 12 12 13 13 13 14 13 14 14 13 14 13 13 13 13 14 13 13 13 14 14 14 12 14 13 13 13 13 14 14 14 14 13 13 14 14 13 14 13 14 13 13 14 13 13 13 13 13 14 13 14 14 13 14 14 13 13 13 14 13 14 13 14 13 14 13 13 13 14 13 14 13 13 13 14 13 13 13 14 13 13 13 13 14 14 14 14 13 14 13 13 13 14 14 13 14 13 14 14 13 12 13 13 14 13 15 13 12 15 13 13 13 12 14 14 13 13 13 13 12 13 13 13 12 13 12 13 15 14 14 15 13 12 13 14 13 15 13 13 13 14 15 14 13 13 13 13 13 12 12 13 13 14 13 14 12 14 15 13 13 13
636,1x1x1x400,1.01307,1.0129464,,
657,3x3x1x256,0.41509113 0.6090507 0.29402432 0.958385 0.3367963 0.42187807 0.4933875 0.40307504 0.32810205 0.4552744 0.5259326 0.27080226 0.8137355 0.46420577 1.5660896 0.27236208 0.3820812 0.49764392 4.350551 0.7996752 0.35066473 1.1240504 0.47833952 1.3596622 0.5016687 0.64164 0.56368417 0.39123797 1.5802354 0.40052095 0.2556158 0.8443499 0.5591913 0.7192761 0.21279533 1.2273228 2.9054043 0.77490133 0.43247432 0.5234383 0.75386655 1.6839935 0.7293943 0.46839988 0.38685402 0.42514604 1.2847173 0.5439012 0.98872054 0.42875743 0.32027835 0.55643445 2.2906184 0.34703606 0.8907122 0.7010109 0.7269644 0.34874058 0.63452524 0.81372637 0.7547598 0.6901866 0.18765269 0.39307684 0.41026253 0.41888958 0.58021224 0.4267165 0.46884724 0.88857174 0.4147169 1.2745607 1.4607843 0.36476585 0.2737408 0.5285192 0.18483515 1.0296474 1.0368371 0.8832573 0.41904294 0.52210873 0.85449344 1.4727954 0.68852913 0.6132812 0.7213604 0.46941534 0.79585993 1.2627006 0.2946655 0.30800644 0.81218857 1.325601 0.5753443 0.584761 0.33115315 0.72066855 0.5484193 1.0676867 0.14998919 0.5500667 0.2852463 0.70125425 0.40793854 3.3079026 0.58427614 0.22094081 7.734959 1.1824679 0.31320792 0.92915446 1.4229858 3.130359 0.9974256 0.8663011 0.24700677 0.24711959 0.61013144 0.8947424 1.740356 0.42285222 0.25156108 0.68016315 0.21072952 1.4814471 1.7356441 0.5887013 1.8080629 2.1345947 0.25378928 0.5874516 1.695689 0.58854884 1.5031657 1.6551847 0.6533439 1.5033803 1.7896564 0.6870845 0.1479215 0.557399 2.3888958 1.0912615 0.5549742 1.4934728 1.7625507 0.6552079 0.8882794 1.7476928 0.57046527 0.42776403 0.9534453 0.9255915 1.2455004 3.0729086 0.11175984 0.29003522 1.711591 1.4944127 0.75713605 0.85518545 0.78823745 0.17818186 0.8848844 0.70363915 2.6638176 3.3948376 0.5671692 0.7699453 1.0535212 0.98492485 0.34025213 0.9892477 3.0006757 1.3866265 0.7363355 0.9960068 1.1014314 1.101569 0.87412953 0.53037804 2.9659634 0.9610947 0.33845678 1.08365 1.6171291 0.7915165 1.5562569 3.0422456 0.5328928 0.44068006 4.2739987 0.38740602 0.2351874 0.2731254 0.41257033 0.21380377 1.5112884 1.0269959 2.2056127 0.4830379 0.9767873 1.911987 0.24773154 0.448782 1.23455 0.4708978 0.446339 1.4788201 0.27515426 0.3072024 0.67596453 0.26008552 1.0695324 0.78151995 0.51746225 0.5150198 0.30769303 0.37208006 0.37992933 1.1478592 1.006477 1.9573333 0.638791 4.7862806 0.24964619 0.8547585 0.296598 0.33146095 0.18057396 3.3269389 0.36418062 0.4215161 0.33251265 0.80616486 1.1649035 0.8830087 0.34340334 0.6811155 0.567235 0.33632606 1.826669 0.5101605 1.1435517 0.35580242 0.25436264 1.2391988 1.7144934 1.3848648 1.1535829 2.2824528 1.7783846 0.5457173 0.3429277 0.5057114,0.41504046 0.60897636 0.29398844 0.958268 0.33675522 0.4218266 0.49332726 0.40302587 0.32806203 0.45521882 0.5258684 0.2707692 0.8136362 0.46414912 1.5658984 0.27232882 0.3820346 0.49758318 4.35002 0.7995776 0.35062194 1.1239133 0.47828114 1.3594962 0.5016075 0.6415617 0.5636154 0.39119023 1.5800425 0.40047207 0.25558463 0.84424686 0.55912304 0.71918833 0.21276936 1.227173 2.9050498 0.7748068 0.43242154 0.52337444 0.7537746 1.683788 0.72930527 0.46834272 0.38680682 0.42509416 1.2845606 0.54383487 0.98859984 0.4287051 0.32023928 0.5563665 2.290339 0.3469937 0.89060354 0.7009253 0.72687566 0.34869802 0.6344478 0.81362706 0.75466764 0.6901024 0.18762979 0.3930289 0.41021246 0.41883844 0.5801414 0.4266644 0.46879002 0.88846326 0.41466627 1.2744051 1.460606 0.36472136 0.2737074 0.5284547 0.18481259 1.0295217 1.0367105 0.8831495 0.4189918 0.522045 0.8543892 1.4726156 0.6884451 0.6132064 0.72127235 0.46935803 0.79576284 1.2625465 0.29462954 0.30796883 0.81208944 1.3254392 0.5752741 0.5846896 0.33111274 0.72058064 0.54835236 1.0675564 0.14997087 0.54999954 0.2852115 0.70116866 0.40788877 3.307499 0.5842048 0.22091386 7.7340155 1.1823237 0.31316972 0.929041 1.4228121 3.1299767 0.9973039 0.8661954 0.24697663 0.24708943 0.610057 0.89463323 1.7401437 0.42280063 0.25153038 0.6800802 0.2107038 1.4812664 1.7354323 0.5886294 1.8078423 2.1343343 0.25375828 0.5873799 1.695482 0.588477 1.5029823 1.6549827 0.6532642 1.5031968 1.789438 0.68700063 0.14790344 0.5573309 2.3886042 1.0911283 0.5549064 1.4932905 1.7623355 0.65512794 0.88817096 1.7474796 0.57039565 0.42771184 0.95332897 0.9254786 1.2453485 3.0725336 0.11174621 0.28999984 1.7113822 1.4942303 0.75704366 0.8550811 0.78814125 0.1781601 0.8847764 0.7035533 2.6634927 3.3944235 0.5670999 0.7698513 1.0533926 0.9848047 0.3402106 0.9891269 3.0003095 1.3864573 0.7362457 0.9958852 1.101297 1.1014347 0.87402284 0.5303133 2.9656014 0.9609774 0.33841547 1.0835177 1.6169318 0.7914199 1.556067 3.0418744 0.5328278 0.4406263 4.273477 0.38735873 0.2351587 0.27309206 0.41251996 0.21377768 1.511104 1.0268705 2.2053435 0.48297894 0.9766681 1.9117535 0.2477013 0.44872722 1.2343993 0.4708403 0.44628453 1.4786396 0.27512068 0.3071649 0.67588204 0.26005378 1.0694019 0.7814246 0.51739913 0.51495695 0.30765548 0.37203467 0.37988296 1.1477191 1.0063541 1.9570944 0.63871306 4.7856965 0.24961573 0.8546542 0.2965618 0.33142048 0.18055192 3.3265328 0.36413616 0.42146465 0.3324721 0.8060665 1.1647614 0.88290095 0.34336144 0.6810324 0.56716573 0.336285 1.826446 0.5100983 1.1434122 0.355759 0.25433162 1.2390476 1.7142842 1.3846958 1.1534421 2.282174 1.7781676 0.54565066 0.34288582 0.5056496,0.0032680351 0.0047950894 0.0023148695 0.007545417 0.0026516158 0.0033214693 0.0038844666 0.003173432 0.0025831657 0.0035844003 0.004140696 0.002132041 0.0064065843 0.0036547175 0.012329909 0.0021443213 0.0030081465 0.0039179777 0.034252126 0.0062958864 0.0027608026 0.008849711 0.0037659933 0.010704694 0.003949665 0.005051667 0.0044379164 0.0030802381 0.012441279 0.0031533234 0.0020124775 0.006647613 0.0044025434 0.0056629004 0.0016753493 0.009662779 0.022874407 0.006100841 0.003404894 0.0041210586 0.005935233 0.013258173 0.005742561 0.003687738 0.003045723 0.003347198 0.01011465 0.0042821644 0.0077842507 0.0033756306 0.0025215691 0.0043808385 0.018034166 0.002732234 0.007012626 0.0055190967 0.0057234303 0.0027456537 0.004995652 0.006406512 0.005942265 0.005433877 0.0014774 0.0030947155 0.0032300192 0.0032979406 0.0045680427 0.0033595623 0.00369126 0.006995774 0.0032650887 0.010034686 0.0115008345 0.0028718216 0.0021551764 0.004161061 0.0014552173 0.00810647 0.008163075 0.0069539333 0.003299148 0.0041105906 0.006727474 0.011595398 0.0054208273 0.0048283967 0.00567931 0.0036957324 0.0062658493 0.009941312 0.0023199178 0.0024249514 0.006394405 0.010436529 0.0045297174 0.0046038553 0.002607187 0.0056738635 0.0043177353 0.0084059555 0.001180873 0.004330705 0.0022457598 0.005521013 0.0032117227 0.0260433 0.004600038 0.0017394791 0.06089776 0.0093096355 0.0024659033 0.0073152836 0.011203245 0.024645487 0.007852786 0.006820436 0.0019446978 0.0019455861 0.0048035984 0.0070443563 0.013701919 0.0033291387 0.001980554 0.005354962 0.001659085 0.011663515 0.013664821 0.004634877 0.014234979 0.016805783 0.0019980967 0.0046250382 0.013350252 0.004633677 0.011834506 0.01303136 0.005143813 0.011836195 0.014090063 0.005409454 0.0011645941 0.0043884325 0.018807907 0.008591562 0.004369342 0.011758193 0.013876658 0.0051584877 0.006993472 0.013759682 0.0044913045 0.0033678098 0.0075065275 0.0072872327 0.0098058935 0.024193179 0.0008798914 0.0022834633 0.01347545 0.011765593 0.005960974 0.006732922 0.006205837 0.0014028355 0.0069667436 0.00553979 0.020972384 0.026727743 0.0044653537 0.0060618212 0.008294431 0.007754368 0.0026788234 0.007788401 0.023624483 0.0109169865 0.00579721 0.007841616 0.00867163 0.008672714 0.0068820696 0.0041756956 0.023351192 0.007566751 0.0026646887 0.008531636 0.012731747 0.006231653 0.012252496 0.023951767 0.0041954946 0.0034694984 0.033649426 0.0030500686 0.0018516433 0.0021503312 0.0032481886 0.0016832888 0.011898456 0.0080855945 0.01736491 0.0038029838 0.0076903002 0.015053177 0.0019504039 0.003533285 0.00971968 0.003707404 0.0035140514 0.011642831 0.0021663045 0.0024186212 0.005321906 0.0020476675 0.008420487 0.0061529493 0.004074009 0.004054779 0.002422484 0.002929407 0.0029912044 0.009037158 0.007924048 0.015410192 0.005029237 0.03768265 0.0019654783 0.0067295604 0.0023351323 0.00260961 0.0014216687 0.026193172 0.002867214 0.0033186192 0.0026178905 0.0063469806 0.00917135 0.006951976 0.0027036334 0.00536246 0.004465872 0.0026479133 0.014381465 0.004016522 0.009003246 0.0028012518 0.002002611 0.009756281 0.013498301 0.010903116 0.009082221 0.017969875 0.01400132 0.004296462 0.0026998883 0.003981493,
658,256,,,0.0049615246 0.0049615246 0.0049615246 0.0049615246 0.0049615246 0.0049615246 0.0049615246 0.0049615246 0.0049615246 0.0049615246 0.0049615246 0.0049615246 0.0049615246 0.0049615246 0.0049615246 0.0049615246 0.0049615246 0.0049615246 0.0049615246 0.0049615246 0.0049615246 0.0049615246 0.0049615246 0.0049615246 0.0049615246 0.0049615246 0.0049615246 0.0049615246 0.0049615246 0.0049615246 0.0049615246 0.0049615246 0.0049615246 0.0049615246 0.0049615246 0.0049615246 0.0049615246 0.0049615246 0.0049615246 0.0049615246 0.0049615246 0.0049615246 0.0049615246 0.0049615246 0.0049615246 0.0049615246 0.0049615246 0.0049615246 0.0049615246 0.0049615246 0.0049615246 0.0049615246 0.0049615246 0.0049615246 0.0049615246 0.0049615246 0.0049615246 0.0049615246 0.0049615246 0.0049615246 0.0049615246 0.0049615246 0.0049615246 0.0049615246 0.0049615246 0.0049615246 0.0049615246 0.0049615246 0.0049615246 0.0049615246 0.0049615246 0.0049615246 0.0049615246 0.0049615246 0.0049615246 0.0049615246 0.0049615246 0.0049615246 0.0049615246 0.0049615246 0.0049615246 0.0049615246 0.0049615246 0.0049615246 0.0049615246 0.0049615246 0.0049615246 0.0049615246 0.0049615246 0.0049615246 0.0049615246 0.0049615246 0.0049615246 0.0049615246 0.0049615246 0.0049615246 0.0049615246 0.0049615246 0.0049615246 0.0049615246 0.0049615246 0.0049615246 0.0049615246 0.0049615246 0.0049615246 0.0049615246 0.0049615246 0.0049615246 0.0049615246 0.0049615246 0.0049615246 0.0049615246 0.0049615246 0.0049615246 0.0049615246 0.0049615246 0.0049615246 0.0049615246 0.0049615246 0.0049615246 0.0049615246 0.0049615246 0.0049615246 0.0049615246 0.0049615246 0.0049615246 0.0049615246 0.0049615246 0.0049615246 0.0049615246 0.0049615246 0.0049615246 0.0049615246 0.0049615246 0.0049615246 0.0049615246 0.0049615246 0.0049615246 0.0049615246 0.0049615246 0.0049615246 0.0049615246 0.0049615246 0.0049615246 0.0049615246 0.0049615246 0.0049615246 0.0049615246 0.0049615246 0.0049615246 0.0049615246 0.0049615246 0.0049615246 0.0049615246 0.0049615246 0.0049615246 0.0049615246 0.0049615246 0.0049615246 0.0049615246 0.0049615246 0.0049615246 0.0049615246 0.0049615246 0.0049615246 0.0049615246 0.0049615246 0.0049615246 0.0049615246 0.0049615246 0.0049615246 0.0049615246 0.0049615246 0.0049615246 0.0049615246 0.0049615246 0.0049615246 0.0049615246 0.0049615246 0.0049615246 0.0049615246 0.0049615246 0.0049615246 0.0049615246 0.0049615246 0.0049615246 0.0049615246 0.0049615246 0.0049615246 0.0049615246 0.0049615246 0.0049615246 0.0049615246 0.0049615246 0.0049615246 0.0049615246 0.0049615246 0.0049615246 0.0049615246 0.0049615246 0.0049615246 0.0049615246 0.0049615246 0.0049615246 0.0049615246 0.0049615246 0.0049615246 0.0049615246 0.0049615246 0.0049615246 0.0049615246 0.0049615246 0.0049615246 0.0049615246 0.0049615246 0.0049615246 0.0049615246 0.0049615246 0.0049615246 0.0049615246 0.0049615246 0.0049615246 0.0049615246 0.0049615246 0.0049615246 0.0049615246 0.0049615246 0.0049615246 0.0049615246 0.0049615246 0.0049615246 0.0049615246 0.0049615246 0.0049615246 0.0049615246 0.0049615246 0.0049615246 0.0049615246 0.0049615246 0.0049615246 0.0049615246 0.0049615246 0.0049615246 0.0049615246 0.0049615246 0.0049615246 0.0049615246 0.0049615246 0.0049615246 0.0049615246 0.0049615246 0.0049615246 0.0049615246 0.0049615246 0.0049615246 0.0049615246,16 15 16 15 16 16 16 16 16 16 15 16 15 16 14 16 16 15 12 15 16 14 16 14 15 15 15 16 14 16 16 15 15 15 16 14 13 15 16 15 15 14 15 16 16 16 14 15 15 16 16 15 13 16 15 15 15 16 15 15 15 15 16 16 16 16 15 16 16 15 16 14 14 16 16 15 16 14 14 15 16 15 15 14 15 15 15 16 15 14 16 16 15 14 15 15 16 15 15 14 16 15 16 15 16 13 15 16 12 14 16 15 14 13 14 15 16 16 15 15 14 16 16 15 16 14 14 15 14 13 16 15 14 15 14 14 15 14 14 15 16 15 13 14 15 14 14 15 15 14 15 16 15 15 14 13 16 16 14 14 15 15 15 16 15 15 13 13 15 15 14 15 16 15 13 14 15 14 14 14 15 15 13 15 16 14 14 15 14 13 15 16 12 16 16 16 16 16 14 14 13 16 15 14 16 16 14 16 16 14 16 16 15 16 14 15 15 15 16 16 16 14 14 14 15 12 16 15 16 16 16 13 16 16 16 15 14 15 16 15 15 16 14 15 14 16 16 14 14 14 14 13 14 15 16 15
666,1x1x256x256,0.199257 0.19261548 0.17069788 0.16115218 0.1822802 0.1329816 0.23902965 0.13395375 0.23841657 0.19133128 0.2829862 0.14564261 0.24576327 0.14617191 0.28039843 0.18247497 0.18984087 0.16803621 0.17051683 0.20598535 0.15918086 0.15175872 0.31857628 0.14932851 0.20064667 0.16934954 0.18925266 0.17589654 0.12581244 0.17694303 0.11784844 0.17440276 0.13882354 0.22080722 0.17636451 0.12629376 0.1377266 0.17020723 0.19173981 0.17085822 0.15001523 0.3251609 0.16600274 0.16376826 0.17224066 0.17727849 0.1279494 0.13041131 0.26860604 0.146215 0.113243885 0.14102301 0.18426478 0.15718424 0.14603817 0.36266705 0.3660541 0.32996213 0.30767766 0.1562915 0.13510172 0.19747831 0.22637133 0.29748553 0.15377067 0.23500864 0.27956092 0.21620838 0.17456444 0.19168127 0.16508694 0.20638405 0.23570804 0.1677359 0.2718169 0.11945203 0.1996495 0.15579009 0.13733685 0.28878483 0.14763418 0.14942485 0.5317231 0.22748534 0.12478373 0.19232403 0.183056 0.232239 0.19630459 0.30672818 0.12603758 0.2884676 0.22075893 0.19682042 0.07637439 0.24407281 0.14701064 0.18360955 0.59569347 0.17541227 0.26325735 0.14327444 0.1320442 0.13708931 0.15278131 0.17018728 0.16460632 0.14859977 0.16236392 0.16702399 0.3635958 0.19214235 0.16844 0.15246737 0.22006369 0.15926974 0.12118944 0.21768379 0.3751955 0.19656149 0.2153898 0.20010157 0.23958008 0.24770473 0.18878762 0.14891285 0.21867397 0.20599653 0.20996912 0.18511766 0.1652463 0.24893427 0.11685185 0.26751372 0.20766537 0.13029034 0.30980918 0.21099241 0.13051492 0.15562041 0.24268946 0.10309552 0.10328886 0.21185079 0.14234287 0.18063769 0.3556835 0.16242485 0.18734576 0.19414921 0.224516 0.16045956 0.13978048 0.12020082 0.12045967 0.28423992 0.12976098 0.24892223 0.15225637 0.14408907 0.25071523 0.30771127 0.16963576 0.24096012 0.27910358 0.15064766 0.16232248 0.28521413 0.1546822 0.094427735 0.14641419 0.20331976 0.22983879 0.17787014 0.17030218 0.17365523 0.15336639 0.16996613 0.2108849 0.1685991 0.2502485 0.18526153 0.14833996 0.47136083 0.10817587 0.44853958 0.16952251 0.13887256 0.14127713 0.22096354 0.10533433 0.29887748 0.15897584 0.12378188 0.13009858 0.16416104 0.13450317 0.19584753 0.14155738 0.2097249 0.11416786 0.12320767 0.23537622 0.20410064 0.14280201 0.15714592 0.35731217 0.113216 0.33475783 0.12698619 0.30855078 0.16626197 0.5912715 0.16061321 0.1279533 0.12910618 0.32250574 0.17508233 0.21311249 0.33234423 0.14628243 0.16372854 0.15773472 0.17627425 0.2906332 0.36128646 0.19693412 0.2533984 0.11083843 0.17046733 0.13205488 0.23568009 0.10965087 0.13645063 0.15499116 0.21889889 0.16445121 0.38303393 0.16180797 0.17841686 0.22102492 0.22275552 0.117210865 0.1270646 0.30535364 0.12774761 0.16710582 0.28128967 0.14882669 0.15808439 0.1508363 0.13239424 0.13971369 0.26454505 0.38477916 0.1245996,0.19923268 0.19259198 0.17067705 0.16113251 0.18225795 0.13296537 0.23900048 0.1339374 0.23838748 0.19130793 0.28295165 0.14562483 0.24573328 0.14615408 0.28036422 0.1824527 0.1898177 0.1680157 0.17049603 0.20596021 0.15916145 0.1517402 0.3185374 0.14931029 0.20062217 0.16932887 0.18922956 0.17587508 0.12579708 0.17692144 0.117834054 0.17438146 0.1388066 0.22078027 0.17634298 0.12627834 0.1377098 0.17018646 0.1917164 0.17083736 0.14999694 0.32512122 0.16598248 0.16374826 0.17221965 0.17725685 0.12793379 0.1303954 0.26857325 0.14619717 0.113230065 0.1410058 0.1842423 0.15716505 0.14602035 0.3626228 0.3660094 0.32992187 0.3076401 0.15627243 0.13508523 0.1974542 0.2263437 0.29744923 0.1537519 0.23497997 0.2795268 0.21618201 0.17454314 0.19165787 0.1650668 0.20635885 0.23567927 0.16771543 0.27178374 0.119437456 0.19962513 0.15577108 0.13732009 0.2887496 0.14761616 0.14940661 0.53165823 0.22745758 0.1247685 0.19230056 0.18303366 0.23221065 0.19628064 0.30669075 0.1260222 0.28843236 0.22073199 0.1967964 0.07636507 0.24404302 0.1469927 0.18358713 0.5956208 0.17539087 0.26322523 0.14325695 0.13202807 0.13707258 0.15276265 0.1701665 0.16458623 0.14858164 0.1623441 0.1670036 0.36355144 0.19211891 0.16841945 0.15244877 0.22003682 0.15925029 0.12117465 0.21765722 0.3751497 0.1965375 0.21536352 0.20007715 0.23955084 0.24767451 0.18876459 0.14889468 0.21864729 0.20597139 0.2099435 0.18509507 0.16522612 0.24890389 0.11683759 0.26748106 0.20764002 0.13027444 0.3097714 0.21096666 0.13049899 0.15560143 0.24265985 0.10308294 0.10327625 0.21182494 0.14232549 0.18061563 0.3556401 0.16240501 0.18732288 0.19412552 0.2244886 0.16043998 0.13976341 0.12018615 0.12044497 0.28420523 0.12974516 0.24889186 0.15223779 0.14407149 0.25068465 0.30767372 0.16961505 0.2409307 0.2790695 0.15062927 0.16230266 0.28517932 0.15466332 0.094416216 0.14639632 0.20329495 0.22981073 0.17784843 0.1702814 0.17363404 0.15334767 0.16994539 0.21085916 0.16857852 0.25021794 0.18523891 0.14832185 0.4713033 0.108162664 0.44848484 0.16950181 0.1388556 0.1412599 0.22093658 0.10532147 0.298841 0.15895644 0.12376678 0.13008271 0.164141 0.13448676 0.19582362 0.1415401 0.20969932 0.11415393 0.12319264 0.23534751 0.20407574 0.1427846 0.15712674 0.35726857 0.11320218 0.33471698 0.1269707 0.30851313 0.16624169 0.5911994 0.1605936 0.12793769 0.12909041 0.3224664 0.17506096 0.21308647 0.33230367 0.14626458 0.16370855 0.15771547 0.17625275 0.29059774 0.36124235 0.19691008 0.25336748 0.110824905 0.17044653 0.13203877 0.23565133 0.10963749 0.13643399 0.15497224 0.21887217 0.16443114 0.3829872 0.16178823 0.17839509 0.22099794 0.22272833 0.11719656 0.1270491 0.30531636 0.12773201 0.16708544 0.28125533 0.14880852 0.15806511 0.15081789 0.13237807 0.13969663 0.26451275 0.38473222 0.12458439,0.0015687613 0.0015164723 0.0013439138 0.00126876 0.001435102 0.0010469714 0.0018818936 0.0010546253 0.0018770668 0.0015063616 0.0022279657 0.0011466523 0.0019349076 0.0011508195 0.0022075924 0.0014366354 0.0014946276 0.0013229583 0.0013424885 0.001621734 0.0012532397 0.0011948047 0.0025081686 0.0011756716 0.0015797021 0.0013332982 0.0014899966 0.0013848431 0.0009905281 0.0013930822 0.0009278272 0.0013730824 0.0010929654 0.0017384273 0.0013885273 0.0009943177 0.0010843291 0.0013400508 0.001509578 0.001345176 0.0011810783 0.0025600097 0.0013069487 0.0012893564 0.0013560603 0.0013957232 0.0010073526 0.0010267354 0.00211475 0.0011511588 0.0008915753 0.0011102819 0.0014507268 0.0012375201 0.0011497666 0.0028552976 0.002881964 0.00259781 0.002422363 0.0012304916 0.0010636632 0.0015547575 0.001782234 0.00234212 0.0012106448 0.001850236 0.0022009984 0.0017022205 0.0013743554 0.0015091171 0.0012997385 0.0016248728 0.0018557423 0.001320594 0.0021400293 0.0009404524 0.0015718514 0.0012265439 0.0010812605 0.002273619 0.001162332 0.00117643 0.004186285 0.0017910046 0.0009824291 0.0015141777 0.0014412099 0.0018284303 0.0015455169 0.0024148878 0.0009923008 0.002271121 0.0017380471 0.0015495779 0.00060129975 0.0019215986 0.0011574228 0.0014455679 0.0046899277 0.0013810304 0.0020726395 0.0011280074 0.0010395912 0.0010793116 0.0012028555 0.0013398938 0.0012959546 0.0011699342 0.0012783 0.001314989 0.0028626097 0.0015127474 0.0013261375 0.001200384 0.0017325734 0.0012539392 0.0009541311 0.0017138364 0.0029539347 0.0015475394 0.0016957758 0.0015754106 0.0018862272 0.001950193 0.0014863353 0.001172399 0.0017216322 0.001621822 0.0016530985 0.0014574415 0.001300993 0.0019598731 0.00091998104 0.0021061501 0.0016349608 0.001025783 0.0024391448 0.0016611548 0.0010275511 0.001225208 0.0019107074 0.00081167667 0.00081319886 0.0016679129 0.0011206731 0.0014221703 0.0028003159 0.0012787796 0.0014749833 0.0015285474 0.0017676267 0.001263307 0.0011004993 0.00094634766 0.00094838557 0.0022378364 0.0010216153 0.0019597784 0.0011987227 0.0011344212 0.001973895 0.0024226278 0.0013355515 0.0018970922 0.0021973976 0.0011860572 0.0012779736 0.0022455065 0.0012178215 0.00074343476 0.0011527269 0.0016007476 0.0018095333 0.0014003813 0.0013407983 0.0013671971 0.0012074619 0.0013381527 0.0016603083 0.00132739 0.0019702201 0.0014585741 0.0011678886 0.0037110497 0.00085167453 0.0035313766 0.00133466 0.0010933513 0.0011122826 0.0017396581 0.0008293029 0.0023530787 0.0012516255 0.0009745416 0.0010242733 0.0012924488 0.0010589509 0.0015419183 0.0011144889 0.0016511758 0.00089884986 0.0009700208 0.00185313 0.0016068956 0.0011242882 0.0012372184 0.0028131383 0.00089135574 0.0026355668 0.0009997692 0.0024292374 0.0013089897 0.0046551134 0.0012645165 0.0010073833 0.0010164599 0.0025391055 0.0013784327 0.0016778462 0.0026165643 0.0011516897 0.0012890437 0.001241854 0.001387817 0.002288171 0.002844428 0.001550473 0.0019950196 0.000872637 0.0013420987 0.0010396753 0.0018555223 0.0008632873 0.0010742834 0.0012202539 0.001723403 0.0012947334 0.0030156472 0.0012739231 0.0014046858 0.0017401413 0.0017537663 0.00092280755 0.0010003867 0.0024040658 0.0010057639 0.0013156334 0.002214609 0.0011717207 0.0012446071 0.0011875425 0.001042347 0.0010999735 0.0020827774 0.0030293874 0.0009809794,
667,256,,,0.005168222 0.005168222 0.005168222 0.005168222 0.005168222 0.005168222 0.005168222 0.005168222 0.005168222 0.005168222 0.005168222 0.005168222 0.005168222 0.005168222 0.005168222 0.005168222 0.005168222 0.005168222 0.005168222 0.005168222 0.005168222 0.005168222 0.005168222 0.005168222 0.005168222 0.005168222 0.005168222 0.005168222 0.005168222 0.005168222 0.005168222 0.005168222 0.005168222 0.005168222 0.005168222 0.005168222 0.005168222 0.005168222 0.005168222 0.005168222 0.005168222 0.005168222 0.005168222 0.005168222 0.005168222 0.005168222 0.005168222 0.005168222 0.005168222 0.005168222 0.005168222 0.005168222 0.005168222 0.005168222 0.005168222 0.005168222 0.005168222 0.005168222 0.005168222 0.005168222 0.005168222 0.005168222 0.005168222 0.005168222 0.005168222 0.005168222 0.005168222 0.005168222 0.005168222 0.005168222 0.005168222 0.005168222 0.005168222 0.005168222 0.005168222 0.005168222 0.005168222 0.005168222 0.005168222 0.005168222 0.005168222 0.005168222 0.005168222 0.005168222 0.005168222 0.005168222 0.005168222 0.005168222 0.005168222 0.005168222 0.005168222 0.005168222 0.005168222 0.005168222 0.005168222 0.005168222 0.005168222 0.005168222 0.005168222 0.005168222 0.005168222 0.005168222 0.005168222 0.005168222 0.005168222 0.005168222 0.005168222 0.005168222 0.005168222 0.005168222 0.005168222 0.005168222 0.005168222 0.005168222 0.005168222 0.005168222 0.005168222 0.005168222 0.005168222 0.005168222 0.005168222 0.005168222 0.005168222 0.005168222 0.005168222 0.005168222 0.005168222 0.005168222 0.005168222 0.005168222 0.005168222 0.005168222 0.005168222 0.005168222 0.005168222 0.005168222 0.005168222 0.005168222 0.005168222 0.005168222 0.005168222 0.005168222 0.005168222 0.005168222 0.005168222 0.005168222 0.005168222 0.005168222 0.005168222 0.005168222 0.005168222 0.005168222 0.005168222 0.005168222 0.005168222 0.005168222 0.005168222 0.005168222 0.005168222 0.005168222 0.005168222 0.005168222 0.005168222 0.005168222 0.005168222 0.005168222 0.005168222 0.005168222 0.005168222 0.005168222 0.005168222 0.005168222 0.005168222 0.005168222 0.005168222 0.005168222 0.005168222 0.005168222 0.005168222 0.005168222 0.005168222 0.005168222 0.005168222 0.005168222 0.005168222 0.005168222 0.005168222 0.005168222 0.005168222 0.005168222 0.005168222 0.005168222 0.005168222 0.005168222 0.005168222 0.005168222 0.005168222 0.005168222 0.005168222 0.005168222 0.005168222 0.005168222 0.005168222 0.005168222 0.005168222 0.005168222 0.005168222 0.005168222 0.005168222 0.005168222 0.005168222 0.005168222 0.005168222 0.005168222 0.005168222 0.005168222 0.005168222 0.005168222 0.005168222 0.005168222 0.005168222 0.005168222 0.005168222 0.005168222 0.005168222 0.005168222 0.005168222 0.005168222 0.005168222 0.005168222 0.005168222 0.005168222 0.005168222 0.005168222 0.005168222 0.005168222 0.005168222 0.005168222 0.005168222 0.005168222 0.005168222 0.005168222 0.005168222 0.005168222 0.005168222 0.005168222 0.005168222 0.005168222 0.005168222 0.005168222 0.005168222 0.005168222 0.005168222 0.005168222 0.005168222 0.005168222,14 14 14 14 14 14 14 14 14 14 13 14 14 14 13 14 14 14 14 14 14 14 13 14 14 14 14 14 14 14 15 14 14 14 14 14 14 14 14 14 14 13 14 14 14 14 14 14 13 14 15 14 14 14 14 13 13 13 13 14 14 14 14 13 14 14 13 14 14 14 14 14 14 14 13 15 14 14 14 13 14 14 12 14 14 14 14 14 14 13 14 13 14 14 15 14 14 14 12 14 13 14 14 14 14 14 14 14 14 14 13 14 14 14 14 14 15 14 13 14 14 14 14 13 14 14 14 14 14 14 14 13 15 13 14 14 13 14 14 14 14 15 15 14 14 14 13 14 14 14 14 14 14 15 15 13 14 13 14 14 13 13 14 14 13 14 14 13 14 15 14 14 14 14 14 14 14 14 14 14 13 14 14 13 15 13 14 14 14 14 15 13 14 15 14 14 14 14 14 14 15 15 14 14 14 14 13 15 13 14 13 14 12 14 14 14 13 14 14 13 14 14 14 14 13 13 14 13 15 14 14 14 15 14 14 14 14 13 14 14 14 14 15 14 13 14 14 13 14 14 14 14 14 13 13 14
673,1x1x256x512,0.21433078 0.16898239 0.16125885 0.07510403 0.15718898 0.37678343 0.20080754 0.07033303 0.122446105 0.09208035 0.19088574 0.20638712 0.13487373 0.4419778 0.15484834 0.4545281 0.2172306 0.17925441 0.36476728 0.10143338 0.12797002 0.30125698 0.117324404 0.1863685 0.329282 0.40698558 0.20758592 0.3164101 0.15384744 0.19062546 0.30973414 0.1513371 0.11086718 0.17675813 0.36124378 0.2644748 0.33998194 0.26241443 0.06889178 0.21386789 0.25725433 0.12548573 0.25334767 0.18270576 0.15380917 0.193496 0.07784004 0.18498439 0.12290879 0.11648103 0.16932471 0.13543232 0.19135475 0.20411232 0.48501557 0.18790786 0.13866203 0.32244134 0.1847766 0.093081094 0.26362064 0.13611218 0.17520712 0.195768 0.15555397 0.16480526 0.22355294 0.19006762 0.21437298 0.09968876 0.13101228 0.14673342 0.48779786 0.18024796 0.28064415 0.20245084 0.21859492 0.21916293 0.1234812 0.2543557 0.5261253 0.19220951 0.2780684 0.63100016 0.255518 0.19079868 0.165157 0.18740858 0.24856216 0.1608604 0.19172873 0.08351553 0.15369685 0.19042042 0.15688217 0.057962764 0.15088303 0.16099697 0.18593256 0.23795962 0.13801746 0.23182598 0.37627771 0.15133017 0.22626437 0.1150341 0.16001628 0.24855669 0.1429794 0.23426637 0.11414874 0.12836862 0.25839978 0.22293411 0.119228296 0.09795101 0.3667279 0.10335166 0.118703246 0.19061975 0.16333678 0.13434245 0.22795683 0.22258672 0.064008415 0.28301328 0.17646965 0.39816704 0.15901867 0.22840299 0.11863302 0.25404254 0.09211415 0.095616415 0.19115667 0.15253235 0.11614065 0.17523904 0.46874815 0.09798029 0.19521955 0.15003216 0.23967746 0.2992597 0.1565171 0.1409432 0.14162327 0.09207107 0.20924716 0.221915 0.13304137 0.2239546 0.2071013 0.14599063 0.20721948 0.23822308 0.45663968 0.103747845 0.17022575 0.13768943 0.12394041 0.26444674 0.20942143 0.18756743 0.2104512 0.15816805 0.22083077 0.054608405 0.35990787 0.28647676 0.10934412 0.24800542 0.2259594 0.44857568 0.18773635 0.09752251 0.07458773 0.19601493 0.20407176 0.16639858 0.21652587 0.0713941 0.23057185 0.20839822 0.20474206 0.25591898 0.24642281 0.24070346 0.10107275 0.13872087 0.11995956 0.1684451 0.2980846 0.16925634 0.2913962 0.28661105 0.1035491 0.22062692 0.26566547 0.093524076 0.12264671 0.21057874 0.20808318 0.25047448 0.23903759 0.24647509 0.32215732 0.09325149 0.1000948 0.10585643 0.07021874 0.21710062 0.17256352 0.29156363 0.318037 0.15951051 0.16380364 0.20171511 0.34531114 0.114995115 0.4339393 0.32652697 0.2565609 0.11902943 0.15371117 0.2614514 0.21209662 0.19492467 0.1447064 0.13413353 0.3467262 0.09157977 0.22798227 0.33242363 0.19255269 0.17933653 0.5550813 0.14328352 0.22766961 0.22587211 0.17251892 0.12366977 0.53043896 0.18753995 0.24911207 0.24645697 0.2008924 0.17782249 0.37250498 0.3276413 0.26701865 0.19917247 0.081655815 0.08658415 0.3703988 0.17260714 0.36092708 0.14114709 0.220559 0.57356447 0.21778266 0.13802959 0.21137246 0.14292505 0.15940641 0.16001049 0.11743743 0.2536071 0.32143977 0.07731039 0.26050168 0.14559384 0.25056055 0.16420056 0.14862601 0.22385384 0.10629729 0.23164587 0.20132181 0.2710749 0.09902949 0.09818136 0.23256871 0.1443348 0.2279492 0.19990492 0.07422311 0.20610918 0.1325877 0.21410999 0.1861829 0.16082941 0.285157 0.25763345 0.14198239 0.14180252 0.14060956 0.1281067 0.28331047 0.16600166 0.3193577 0.10933151 0.053576283 0.20482501 0.07410042 0.107585356 0.19133957 0.17878117 0.35907978 0.22766325 0.08998769 0.068866394 0.109820515 0.4279323 0.1237429 0.31033897 0.16910951 0.2927698 0.18493913 0.20580879 0.26835388 0.09555567 0.20713484 0.28500775 0.21355964 0.25002125 0.12105645 0.100462556 0.24366553 0.14072894 0.25869375 0.2295467 0.10519082 0.2154497 0.15407048 0.28185612 0.24949664 0.092500195 0.10603473 0.2981019 0.2883543 0.21445508 0.14045663 0.13330707 0.09794123 0.22652104 0.2496631 0.17136873 0.2951753 0.11853953 0.18089348 0.25805798 0.16710204 0.11105205 0.29062 0.2065286 0.14700904 0.2709867 0.14113933 0.124953486 0.13279478 0.21033275 0.30898836 0.084618114 0.1262023 0.25791693 0.10412999 0.23279777 0.28670645 0.40977848 0.4965541 0.21060628 0.32562783 0.11957403 0.14595835 0.0903692 0.10143923 0.065833785 0.28186798 0.26929036 0.385372 0.27050373 0.08268096 0.22830458 0.17940854 0.11704975 0.2023865 0.20573911 0.26020247 0.21178788 0.21550368 0.16039203 0.25930616 0.3349005 0.17060214 0.098448575 0.25215834 0.22240873 0.2707134 0.1830027 0.3353956 0.15897651 0.08578943 0.096800976 0.097060554 0.29476124 0.1867295 0.23065148 0.31089655 0.22816741 0.3095817 0.094280496 0.31977448 0.12172259 0.19943884 0.15725558 0.1590848 0.19551401 0.20940027 0.35475987 0.2077977 0.0725387 0.32715306 0.12538397 0.33562604 0.12662874 0.39698648 0.3632397 0.17502594 0.2899322 0.19462796 0.11756059 0.094990745 0.43788666 0.23648337 0.0991785 0.13541907 0.13883425 0.1863793 0.15656368 0.24414364 0.14272116 0.1942633 0.10564338 0.13587168 0.17570704 0.4951961 0.37917134 0.2314373 0.24292712 0.25807852 0.1602855 0.33092856 0.2358768 0.14061381 0.21334685 0.11940774 0.1307375 0.08816335 0.24041188 0.18349558 0.13329545 0.11072611 0.17968628 0.22877023 0.29772893 0.3349253 0.41854423 0.250537 0.11864825 0.33714312 0.16698568 0.11167188 0.2811527 0.1304327 0.3411597 0.13664809 0.37790573 0.43629748 0.19389692 0.13572101 0.243882 0.39472398 0.32915 0.14923257 0.10750817 0.31611684 0.12563628 0.13519488 0.27318308 0.51592344 0.2583709 0.26747623 0.1406982 0.07504738 0.12796108 0.21565472 0.15141878 0.39808717 0.11171054 0.13612819 0.14612462 0.08632514 0.2821817 0.09958429 0.1082156 0.19568479 0.0894642 0.2350358 0.19374737 0.22787355 0.27429944,0.21430461 0.16896176 0.16123918 0.075094864 0.15716979 0.37673745 0.20078304 0.07032444 0.12243117 0.092069104 0.19086243 0.20636192 0.13485728 0.44192386 0.15482944 0.4544726 0.2172041 0.17923254 0.3647228 0.101421 0.12795441 0.30122024 0.117310084 0.18634574 0.32924178 0.40693593 0.20756058 0.3163715 0.15382867 0.1906022 0.30969632 0.15131862 0.11085365 0.17673656 0.36119968 0.26444253 0.33994046 0.26238242 0.06888337 0.2138418 0.25722292 0.12547043 0.25331673 0.18268345 0.15379041 0.1934724 0.07783054 0.18496181 0.122893795 0.11646681 0.16930404 0.13541579 0.1913314 0.20408742 0.48495638 0.18788493 0.13864511 0.32240197 0.18475404 0.09306974 0.2635885 0.13609557 0.17518574 0.1957441 0.15553498 0.16478515 0.22352566 0.19004443 0.21434683 0.099676594 0.13099629 0.14671552 0.48773834 0.18022597 0.2806099 0.20242614 0.21856824 0.21913618 0.123466134 0.25432467 0.5260611 0.19218606 0.27803448 0.63092315 0.2554868 0.19077541 0.16513686 0.18738571 0.24853183 0.16084076 0.19170532 0.08350534 0.15367809 0.19039719 0.15686302 0.05795569 0.15086463 0.16097733 0.18590987 0.23793058 0.13800061 0.2317977 0.3762318 0.1513117 0.22623676 0.11502006 0.15999676 0.24852636 0.14296195 0.23423779 0.11413481 0.12835294 0.25836825 0.2229069 0.119213745 0.09793905 0.36668313 0.103339046 0.118688755 0.19059649 0.16331686 0.13432604 0.22792901 0.22255956 0.0640006 0.28297874 0.1764481 0.39811844 0.15899925 0.22837512 0.11861854 0.2540115 0.09210291 0.09560475 0.19113335 0.15251374 0.11612647 0.17521766 0.46869096 0.09796833 0.19519572 0.15001385 0.23964821 0.29922315 0.156498 0.14092599 0.14160599 0.092059836 0.20922163 0.22188792 0.13302514 0.22392727 0.20707603 0.14597282 0.2071942 0.238194 0.45658395 0.10373518 0.17020498 0.13767263 0.12392528 0.26441446 0.20939587 0.18754454 0.21042553 0.15814874 0.22080383 0.05460174 0.35986394 0.2864418 0.10933077 0.24797516 0.22593184 0.44852093 0.18771344 0.097510606 0.074578635 0.195991 0.20404685 0.16637827 0.21649943 0.07138538 0.2305437 0.20837279 0.20471707 0.25588775 0.24639274 0.24067408 0.10106042 0.13870394 0.11994492 0.16842455 0.29804823 0.16923569 0.29136062 0.2865761 0.103536464 0.2206 0.26563305 0.09351266 0.12263174 0.21055305 0.20805779 0.25044394 0.23900843 0.24644502 0.322118 0.093240105 0.10008259 0.105843514 0.070210174 0.21707413 0.17254245 0.29152805 0.31799817 0.15949103 0.16378365 0.2016905 0.345269 0.114981085 0.43388635 0.32648712 0.2565296 0.11901491 0.15369241 0.2614195 0.21207073 0.19490087 0.14468874 0.13411717 0.3466839 0.0915686 0.22795445 0.33238304 0.19252919 0.17931464 0.5550136 0.14326602 0.22764184 0.22584455 0.17249787 0.123654686 0.5303742 0.18751706 0.24908167 0.24642688 0.20086788 0.17780077 0.3724595 0.32760134 0.26698604 0.19914816 0.081645854 0.086573586 0.37035358 0.17258608 0.36088303 0.14112987 0.22053207 0.57349443 0.21775609 0.13801274 0.21134667 0.14290762 0.15938696 0.15999095 0.1174231 0.25357616 0.32140052 0.07730095 0.26046988 0.14557606 0.25052997 0.16418052 0.14860788 0.22382651 0.10628432 0.2316176 0.20129724 0.2710418 0.099017404 0.09816938 0.23254034 0.14431718 0.22792138 0.19988053 0.07421405 0.20608403 0.13257152 0.21408387 0.18616018 0.16080979 0.28512222 0.257602 0.14196506 0.1417852 0.14059241 0.12809107 0.2832759 0.16598141 0.3193187 0.10931817 0.053569745 0.20480002 0.074091375 0.10757223 0.19131622 0.17875935 0.35903594 0.22763547 0.089976706 0.06885799 0.10980711 0.42788005 0.1237278 0.3103011 0.16908887 0.29273406 0.18491657 0.20578368 0.26832113 0.09554401 0.20710956 0.28497297 0.21353358 0.24999075 0.12104168 0.1004503 0.2436358 0.14071177 0.25866216 0.22951868 0.10517798 0.21542342 0.15405168 0.28182173 0.24946618 0.09248891 0.10602179 0.29806554 0.2883191 0.2144289 0.14043948 0.1332908 0.09792927 0.2264934 0.24963264 0.17134783 0.2951393 0.118525065 0.18087141 0.2580265 0.16708165 0.1110385 0.29058453 0.20650339 0.1469911 0.27095366 0.1411221 0.12493824 0.13277858 0.21030709 0.30895063 0.08460779 0.1261869 0.25788546 0.10411729 0.23276937 0.28667146 0.40972847 0.4964935 0.21058057 0.32558808 0.119559444 0.14594053 0.090358175 0.101426855 0.065825745 0.2818336 0.26925752 0.38532498 0.27047074 0.08267087 0.22827671 0.17938663 0.11703546 0.2023618 0.205714 0.26017073 0.21176204 0.21547738 0.16037247 0.2592745 0.3348596 0.17058133 0.098436564 0.2521276 0.22238159 0.27068037 0.18298036 0.33535466 0.15895711 0.08577896 0.09678917 0.09704871 0.29472527 0.1867067 0.23062333 0.3108586 0.22813958 0.30954394 0.094268985 0.31973544 0.12170773 0.19941449 0.15723638 0.15906538 0.19549014 0.20937471 0.3547166 0.20777234 0.07252985 0.32711315 0.12536867 0.33558506 0.12661329 0.39693806 0.36319536 0.17500457 0.2898968 0.1946042 0.117546245 0.09497915 0.43783322 0.2364545 0.0991664 0.13540255 0.13881731 0.18635654 0.15654457 0.24411385 0.14270374 0.19423959 0.10563048 0.1358551 0.1756856 0.49513566 0.3791251 0.23140904 0.24289748 0.258047 0.16026595 0.33088818 0.23584801 0.14059666 0.2133208 0.11939317 0.13072155 0.088152595 0.24038254 0.18347318 0.13327919 0.1107126 0.17966436 0.22874232 0.2976926 0.33488443 0.41849315 0.25050643 0.11863377 0.337102 0.1669653 0.11165825 0.28111836 0.13041678 0.34111807 0.13663141 0.37785962 0.43624425 0.19387326 0.13570446 0.24385223 0.3946758 0.32910982 0.14921436 0.10749505 0.31607825 0.12562095 0.13517839 0.27314976 0.51586044 0.25833938 0.26744357 0.14068101 0.07503822 0.12794547 0.2156284 0.1514003 0.3980386 0.11169691 0.13611157 0.14610678 0.0863146 0.2821473 0.09957214 0.1082024 0.19566092 0.08945328 0.23500712 0.19372372 0.22784573 0.27426594,0.0016874379 0.0013304076 0.0012695998 0.00059129816 0.0012375574 0.0029664366 0.0015809688 0.00055373576 0.0009640249 0.0007249536 0.0015028538 0.001624897 0.0010618684 0.0034797154 0.0012191294 0.0035785243 0.0017102684 0.0014112798 0.002871833 0.00079859054 0.001007515 0.002371813 0.00092370145 0.0014672893 0.002592455 0.00320422 0.0016343353 0.0024911142 0.0012112494 0.0015008047 0.0024385536 0.0011914852 0.0008728634 0.0013916264 0.002844092 0.0020822247 0.0026766965 0.0020660034 0.0005423887 0.0016837936 0.0020253772 0.0009879562 0.0019946198 0.0014384524 0.0012109481 0.0015234047 0.0006128389 0.0014563922 0.0009676677 0.0009170615 0.0013331027 0.0010662661 0.0015065465 0.0016069876 0.003818554 0.0014794088 0.0010916938 0.0025385981 0.0014547562 0.0007328326 0.0020754999 0.0010716186 0.0013794153 0.0015412921 0.0012246849 0.0012975208 0.0017600446 0.0014964129 0.0016877702 0.00078485504 0.0010314669 0.0011552403 0.0038404593 0.0014191021 0.0022095267 0.0015939065 0.0017210097 0.0017254817 0.0009721743 0.0020025566 0.0041422136 0.001513276 0.0021892479 0.004967899 0.002011707 0.0015021686 0.0013002902 0.001475478 0.0019569437 0.0012664627 0.0015094907 0.00065752235 0.0012100637 0.0014991905 0.0012351419 0.00045634402 0.0011879104 0.001267538 0.0014638572 0.0018734691 0.001086619 0.0018251787 0.002962455 0.0011914307 0.0017813918 0.00090566976 0.001259817 0.0019569006 0.0011256846 0.001844392 0.0008986993 0.0010106531 0.0020343957 0.0017551725 0.0009386909 0.0007711736 0.0028872688 0.0008136933 0.0009345571 0.0015007597 0.0012859595 0.0010576854 0.0017947166 0.0017524374 0.00050394173 0.002228179 0.0013893552 0.0031347908 0.0012519626 0.0017982293 0.00093400426 0.0020000907 0.0007252197 0.0007527933 0.001504987 0.0012008956 0.00091438164 0.0013796666 0.00369048 0.0007714042 0.0015369742 0.0011812114 0.0018869938 0.0023560878 0.0012322677 0.0011096535 0.0011150078 0.0007248806 0.0016474144 0.0017471489 0.0010474421 0.0017632069 0.0016305199 0.0011493922 0.0016314504 0.0018755434 0.0035951491 0.00081681245 0.0013401967 0.0010840364 0.0009757896 0.0020820035 0.0016487864 0.0014767287 0.0016568939 0.0012452656 0.0017386128 0.00042993497 0.0028335743 0.0022554472 0.0008608722 0.0019525603 0.0017789908 0.003531661 0.0014780586 0.0007678 0.00058723334 0.0015432362 0.0016066681 0.0013100652 0.00170472 0.0005620896 0.0018153047 0.0016407307 0.0016119455 0.0020148642 0.0019401003 0.0018950715 0.00079575134 0.001092157 0.0009444482 0.0013261775 0.0023468365 0.0013325645 0.0022941781 0.0022565047 0.00081524777 0.0017370079 0.0020915987 0.00073632016 0.00096560427 0.0016578981 0.0016382503 0.0019719994 0.0018819561 0.001940512 0.0025363623 0.00073417404 0.0007880519 0.0008334135 0.000552836 0.001709245 0.001358602 0.0022954964 0.0025039227 0.0012558349 0.0012896351 0.0015881142 0.0027186535 0.0009053629 0.0034164279 0.0025707649 0.002019918 0.0009371253 0.0012101765 0.0020584213 0.0016698483 0.0015346525 0.0011392814 0.0010560408 0.0027297945 0.0007210126 0.0017949169 0.0026171892 0.0015159779 0.0014119264 0.004370186 0.0011280789 0.0017924554 0.0017783035 0.001358251 0.0009736589 0.004176175 0.0014765123 0.001961273 0.0019403691 0.0015816368 0.0014000061 0.002932752 0.0025795382 0.0021022523 0.0015680958 0.00064288074 0.0006816818 0.0029161698 0.0013589455 0.0028415986 0.0011112588 0.0017364731 0.0045157042 0.0017146149 0.0010867144 0.001664147 0.0011252569 0.0012550155 0.0012597713 0.0009245914 0.0019966627 0.0025307129 0.0006086689 0.002050944 0.0011462682 0.001972677 0.00129276 0.0011701408 0.0017624135 0.0008368844 0.0018237607 0.0015850177 0.0021341874 0.0007796646 0.00077298726 0.0018310263 0.0011363558 0.0017946565 0.0015738624 0.0005843626 0.0016227089 0.0010438702 0.0016856997 0.0014658282 0.0012662188 0.002245057 0.0020283624 0.0011178352 0.001116419 0.0011070268 0.001008591 0.002230519 0.0013069402 0.0025143207 0.00086077297 0.000421809 0.0016125987 0.00058339664 0.0008470254 0.001506427 0.0014075539 0.0028270546 0.0017924053 0.000708478 0.0005421889 0.00086462294 0.0033691342 0.00097423466 0.0024433157 0.0013314084 0.0023049926 0.001456036 0.0016203439 0.0021127649 0.00075231504 0.0016307839 0.0022438816 0.0016813668 0.001968431 0.0009530841 0.00079094723 0.0019183921 0.0011079666 0.00203671 0.0018072337 0.0008281731 0.0016962474 0.0012130053 0.0022190688 0.0019643006 0.0007282591 0.00083481724 0.0023469727 0.0022702292 0.0016884166 0.0011058227 0.0010495338 0.0007710966 0.0017834126 0.0019656112 0.0013491955 0.0023239315 0.0009332682 0.0014241843 0.0020317049 0.0013156036 0.0008743189 0.0022880672 0.001626011 0.0011574102 0.0021334933 0.0011111976 0.0009837657 0.0010455006 0.0016559614 0.002432682 0.00066620304 0.0009935977 0.002030594 0.0008198212 0.0018328297 0.0022572556 0.0032262085 0.0039093974 0.0016581147 0.0025636856 0.00094141293 0.001149138 0.00071148167 0.00079863664 0.00051831297 0.0022191622 0.002120138 0.003034055 0.002129691 0.0006509517 0.0017974544 0.0014124932 0.0009215391 0.0015934 0.0016197953 0.0020485884 0.0016674177 0.0016966723 0.0012627753 0.0020415315 0.00263669 0.00134316 0.00077509106 0.0019852566 0.0017510362 0.0021313415 0.0014407902 0.0026405877 0.0012516308 0.0006754249 0.0007621194 0.00076416304 0.0023206715 0.0014701316 0.0018159318 0.0024477055 0.0017963747 0.0024373538 0.0007422755 0.002517602 0.0009583286 0.0015701929 0.0012380817 0.0012524833 0.0015392924 0.0016486198 0.002793044 0.0016360027 0.0005711012 0.0025756941 0.0009871549 0.002642402 0.0009969551 0.0031254964 0.002859806 0.0013779887 0.0022826518 0.0015323166 0.000925561 0.00074786734 0.0034475056 0.0018618464 0.0007808378 0.0010661618 0.0010930497 0.0014673744 0.0012326344 0.0019221563 0.0011236515 0.0015294455 0.0008317361 0.0010697251 0.0013833512 0.003898706 0.002985237 0.0018221184 0.0019125786 0.0020318662 0.0012619366 0.0026054187 0.001857071 0.0011070604 0.0016796914 0.0009401037 0.0010293035 0.00069411495 0.0018927759 0.0014446707 0.0010494424 0.0008717528 0.00141468 0.0018011206 0.0023440362 0.0026368853 0.0032952216 0.0019724916 0.00093412417 0.0026543464 0.0013146874 0.00087919884 0.0022135305 0.0010269037 0.002685969 0.0010758379 0.0029752727 0.003434994 0.0015265611 0.001068539 0.0019200962 0.0031076835 0.0025914158 0.0011749162 0.0008464177 0.002488805 0.0009891413 0.0010643967 0.0021507854 0.004061893 0.0020341682 0.002105855 0.0011077245 0.0005908521 0.0010074446 0.0016978615 0.0011921283 0.0031341622 0.0008795032 0.0010717447 0.0011504471 0.00067964254 0.0022216323 0.00078403257 0.0008519874 0.0015406371 0.0007043565 0.0018504498 0.0015253837 0.0017940608 0.0021595743,
674,512,,,0.004594058 0.004594058 0.004594058 0.004594058 0.004594058 0.004594058 0.004594058 0.004594058 0.004594058 0.004594058 0.004594058 0.004594058 0.004594058 0.004594058 0.004594058 0.004594058 0.004594058 0.004594058 0.004594058 0.004594058 0.004594058 0.004594058 0.004594058 0.004594058 0.004594058 0.004594058 0.004594058 0.004594058 0.004594058 0.004594058 0.004594058 0.004594058 0.004594058 0.004594058 0.004594058 0.004594058 0.004594058 0.004594058 0.004594058 0.004594058 0.004594058 0.004594058 0.004594058 0.004594058 0.004594058 0.004594058 0.004594058 0.004594058 0.004594058 0.004594058 0.004594058 0.004594058 0.004594058 0.004594058 0.004594058 0.004594058 0.004594058 0.004594058 0.004594058 0.004594058 0.004594058 0.004594058 0.004594058 0.004594058 0.004594058 0.004594058 0.004594058 0.004594058 0.004594058 0.004594058 0.004594058 0.004594058 0.004594058 0.004594058 0.004594058 0.004594058 0.004594058 0.004594058 0.004594058 0.004594058 0.004594058 0.004594058 0.004594058 0.004594058 0.004594058 0.004594058 0.004594058 0.004594058 0.004594058 0.004594058 0.004594058 0.004594058 0.004594058 0.004594058 0.004594058 0.004594058 0.004594058 0.004594058 0.004594058 0.004594058 0.004594058 0.004594058 0.004594058 0.004594058 0.004594058 0.004594058 0.004594058 0.004594058 0.004594058 0.004594058 0.004594058 0.004594058 0.004594058 0.004594058 0.004594058 0.004594058 0.004594058 0.004594058 0.004594058 0.004594058 0.004594058 0.004594058 0.004594058 0.004594058 0.004594058 0.004594058 0.004594058 0.004594058 0.004594058 0.004594058 0.004594058 0.004594058 0.004594058 0.004594058 0.004594058 0.004594058 0.004594058 0.004594058 0.004594058 0.004594058 0.004594058 0.004594058 0.004594058 0.004594058 0.004594058 0.004594058 0.004594058 0.004594058 0.004594058 0.004594058 0.004594058 0.004594058 0.004594058 0.004594058 0.004594058 0.004594058 0.004594058 0.004594058 0.004594058 0.004594058 0.004594058 0.004594058 0.004594058 0.004594058 0.004594058 0.004594058 0.004594058 0.004594058 0.004594058 0.004594058 0.004594058 0.004594058 0.004594058 0.004594058 0.004594058 0.004594058 0.004594058 0.004594058 0.004594058 0.004594058 0.004594058 0.004594058 0.004594058 0.004594058 0.004594058 0.004594058 0.004594058 0.004594058 0.004594058 0.004594058 0.004594058 0.004594058 0.004594058 0.004594058 0.004594058 0.004594058 0.004594058 0.004594058 0.004594058 0.004594058 0.004594058 0.004594058 0.004594058 0.004594058 0.004594058 0.004594058 0.004594058 0.004594058 0.004594058 0.004594058 0.004594058 0.004594058 0.004594058 0.004594058 0.004594058 0.004594058 0.004594058 0.004594058 0.004594058 0.004594058 0.004594058 0.004594058 0.004594058 0.004594058 0.004594058 0.004594058 0.004594058 0.004594058 0.004594058 0.004594058 0.004594058 0.004594058 0.004594058 0.004594058 0.004594058 0.004594058 0.004594058 0.004594058 0.004594058 0.004594058 0.004594058 0.004594058 0.004594058 0.004594058 0.004594058 0.004594058 0.004594058 0.004594058 0.004594058 0.004594058 0.004594058 0.004594058 0.004594058 0.004594058 0.004594058 0.004594058 0.004594058 0.004594058 0.004594058 0.004594058 0.004594058 0.004594058 0.004594058 0.004594058 0.004594058 0.004594058 0.004594058 0.004594058 0.004594058 0.004594058 0.004594058 0.004594058 0.004594058 0.004594058 0.004594058 0.004594058 0.004594058 0.004594058 0.004594058 0.004594058 0.004594058 0.004594058 0.004594058 0.004594058 0.004594058 0.004594058 0.004594058 0.004594058 0.004594058 0.004594058 0.004594058 0.004594058 0.004594058 0.004594058 0.004594058 0.004594058 0.004594058 0.004594058 0.004594058 0.004594058 0.004594058 0.004594058 0.004594058 0.004594058 0.004594058 0.004594058 0.004594058 0.004594058 0.004594058 0.004594058 0.004594058 0.004594058 0.004594058 0.004594058 0.004594058 0.004594058 0.004594058 0.004594058 0.004594058 0.004594058 0.004594058 0.004594058 0.004594058 0.004594058 0.004594058 0.004594058 0.004594058 0.004594058 0.004594058 0.004594058 0.004594058 0.004594058 0.004594058 0.004594058 0.004594058 0.004594058 0.004594058 0.004594058 0.004594058 0.004594058 0.004594058 0.004594058 0.004594058 0.004594058 0.004594058 0.004594058 0.004594058 0.004594058 0.004594058 0.004594058 0.004594058 0.004594058 0.004594058 0.004594058 0.004594058 0.004594058 0.004594058 0.004594058 0.004594058 0.004594058 0.004594058 0.004594058 0.004594058 0.004594058 0.004594058 0.004594058 0.004594058 0.004594058 0.004594058 0.004594058 0.004594058 0.004594058 0.004594058 0.004594058 0.004594058 0.004594058 0.004594058 0.004594058 0.004594058 0.004594058 0.004594058 0.004594058 0.004594058 0.004594058 0.004594058 0.004594058 0.004594058 0.004594058 0.004594058 0.004594058 0.004594058 0.004594058 0.004594058 0.004594058 0.004594058 0.004594058 0.004594058 0.004594058 0.004594058 0.004594058 0.004594058 0.004594058 0.004594058 0.004594058 0.004594058 0.004594058 0.004594058 0.004594058 0.004594058 0.004594058 0.004594058 0.004594058 0.004594058 0.004594058 0.004594058 0.004594058 0.004594058 0.004594058 0.004594058 0.004594058 0.004594058 0.004594058 0.004594058 0.004594058 0.004594058 0.004594058 0.004594058 0.004594058 0.004594058 0.004594058 0.004594058 0.004594058 0.004594058 0.004594058 0.004594058 0.004594058 0.004594058 0.004594058 0.004594058 0.004594058 0.004594058 0.004594058 0.004594058 0.004594058 0.004594058 0.004594058 0.004594058 0.004594058 0.004594058 0.004594058 0.004594058 0.004594058 0.004594058 0.004594058 0.004594058 0.004594058 0.004594058 0.004594058 0.004594058 0.004594058 0.004594058 0.004594058 0.004594058 0.004594058 0.004594058 0.004594058 0.004594058 0.004594058 0.004594058 0.004594058 0.004594058 0.004594058 0.004594058 0.004594058 0.004594058 0.004594058 0.004594058 0.004594058 0.004594058 0.004594058 0.004594058 0.004594058 0.004594058 0.004594058 0.004594058 0.004594058 0.004594058 0.004594058 0.004594058 0.004594058 0.004594058 0.004594058 0.004594058 0.004594058 0.004594058 0.004594058 0.004594058 0.004594058 0.004594058 0.004594058 0.004594058 0.004594058 0.004594058 0.004594058 0.004594058 0.004594058 0.004594058 0.004594058 0.004594058 0.004594058 0.004594058 0.004594058,14 14 14 15 14 13 14 15 15 15 14 14 14 13 14 13 14 14 13 15 14 13 15 14 13 13 14 13 14 14 13 14 15 14 13 13 13 13 15 14 13 14 13 14 14 14 15 14 15 15 14 14 14 14 13 14 14 13 14 15 13 14 14 14 14 14 14 14 14 15 14 14 13 14 13 14 14 14 15 13 12 14 13 12 13 14 14 14 13 14 14 15 14 14 14 16 14 14 14 14 14 14 13 14 14 15 14 13 14 14 15 14 13 14 15 15 13 15 15 14 14 14 14 14 15 13 14 13 14 14 15 13 15 15 14 14 15 14 13 15 14 14 14 13 14 14 14 15 14 14 14 14 14 14 14 14 13 15 14 14 14 13 14 14 14 14 14 16 13 13 15 13 14 13 14 15 15 14 14 14 14 15 14 14 14 13 14 14 15 14 15 14 13 14 13 13 15 14 13 15 15 14 14 13 14 14 13 15 15 15 15 14 14 13 13 14 14 14 13 15 13 13 13 15 14 13 14 14 14 14 13 15 14 13 14 14 12 14 14 14 14 15 12 14 13 14 14 14 13 13 13 14 15 15 13 14 13 14 14 12 14 14 14 14 14 14 15 13 13 15 13 14 13 14 14 14 15 14 14 13 15 15 14 14 14 14 15 14 14 14 14 14 13 13 14 14 14 14 13 14 13 15 16 14 15 15 14 14 13 14 15 15 15 13 15 13 14 13 14 14 13 15 14 13 14 13 15 15 14 14 13 14 15 14 14 13 13 15 15 13 13 14 14 14 15 14 13 14 13 15 14 13 14 15 13 14 14 13 14 14 14 14 13 15 14 13 15 14 13 13 12 14 13 15 14 15 15 15 13 13 13 13 15 14 14 15 14 14 13 14 14 14 13 13 14 15 13 14 13 14 13 14 15 15 15 13 14 14 13 14 13 15 13 15 14 14 14 14 14 13 14 15 13 14 13 14 13 13 14 13 14 15 15 13 14 15 14 14 14 14 14 14 14 15 14 14 12 13 14 14 13 14 13 14 14 14 15 14 15 14 14 14 15 14 14 13 13 13 13 15 13 14 15 13 14 13 14 13 13 14 14 14 13 13 14 15 13 14 14 13 12 13 13 14 15 14 14 14 13 15 14 14 15 13 15 15 14 15 14 14 14 13
679,1x1x512x256,0.24221987 0.30319217 0.2663226 0.21759151 0.24145797 0.20879233 0.20932037 0.6628901 0.26062244 0.25084084 0.17958799 0.18669969 0.32327452 0.27068394 0.24251598 0.1460429 0.23309454 0.4084818 0.28244507 0.27793384 0.3187061 0.1661586 0.23168942 0.1874842 0.15925376 0.37556288 0.22787137 0.20493592 0.17241839 0.168039 0.24518315 0.23933814 0.27100432 0.17509891 0.4392127 0.16043073 0.20177627 0.35849234 0.29791677 0.23307131 0.23482884 0.32868472 0.25165272 0.2849252 0.18279296 0.28601733 0.28674433 0.46525335 0.27266723 0.19395296 0.36690125 0.20620492 0.25337866 0.23513778 0.3097413 0.81541485 0.27453855 0.2619289 0.17229165 0.17142348 0.20997548 0.39765173 0.20896693 0.5425837 0.19116808 0.16911022 0.16718844 0.15153469 0.2492902 0.21150254 0.17168885 0.26120445 0.2048464 0.260789 0.23311937 0.19721943 0.4518921 0.21947724 0.3739088 0.26031065 0.23027858 0.16181043 0.3170613 0.27742806 0.32805964 0.29134306 0.19847143 0.44901338 0.14450021 0.1595977 0.20260334 0.21833076 0.36814868 0.30522665 0.3808322 0.21114364 0.2665371 0.2957769 0.1942895 0.20066662 0.2722094 0.10515094 0.12749532 0.2014314 0.17770365 0.21475753 0.24048354 0.31546307 0.16841301 0.2221563 0.36055943 0.38723108 0.2640962 0.19523707 0.21774116 0.21288428 0.26502818 0.2956913 0.3267547 0.20207481 0.1648954 0.21594252 0.22371529 0.15377535 0.12434295 0.15137263 0.2822395 0.39111665 0.20518114 0.18842132 0.19029608 0.22195992 0.2583975 0.3773984 0.18936649 0.14140238 0.27155724 0.31067902 0.22310658 0.1505375 0.31030634 0.14784914 0.19907963 0.2926765 0.20046614 0.24092901 0.14917088 0.2177438 0.38380972 0.2860615 0.19327797 0.19027771 0.1970525 0.31850752 0.15723132 0.29542628 0.17864862 0.28509882 0.22520025 0.5934778 0.30661523 0.20444414 0.20396182 0.21358119 0.2643108 0.12057302 0.34785235 0.2145091 0.19426861 0.23756935 0.20165133 0.18599622 0.19525914 0.20994568 0.12822624 0.2037573 0.2525803 0.33437088 0.4298261 0.16121481 0.19261648 0.48362562 0.16524297 0.2107184 0.3594006 0.12531717 0.16716354 0.3244012 0.36173072 0.2962714 0.32690838 0.29624632 0.21245213 0.29080996 0.21942066 0.3614888 0.18300329 0.32574844 0.14018507 0.21271886 0.33092573 0.27941093 0.19486696 0.35782287 0.41930503 0.27874282 0.3969769 0.21980399 0.21620736 0.39080662 0.2541427 0.32257813 0.66643107 0.3208293 0.24977003 0.1881118 0.23559454 0.20543446 0.58334804 0.24050793 0.16685525 0.25736076 0.2515852 0.20336176 0.23125227 0.19295809 0.19799916 0.37111568 0.21310802 0.19793375 0.28865078 0.31948197 0.25744596 0.18271075 0.1956603 0.2370025 0.19743812 0.2530975 0.17535502 0.42472783 0.20557049 0.1999205 0.1322302 0.33725715 0.23378964 0.20212859 0.18219052 0.4343694 0.28064385 0.20769723 0.6452978 0.27577445 0.15116508 0.12752943 0.71926194 0.1908934,0.2421903 0.30315518 0.26629013 0.21756496 0.24142851 0.20876685 0.20929481 0.66280913 0.26059064 0.25081024 0.17956607 0.1866769 0.32323506 0.2706509 0.24248639 0.14602508 0.2330661 0.40843198 0.28241062 0.27789992 0.3186672 0.16613832 0.23166116 0.18746132 0.15923432 0.37551704 0.22784355 0.2049109 0.17239735 0.16801849 0.24515323 0.23930894 0.27097124 0.17507754 0.43915913 0.16041115 0.20175165 0.3584486 0.2978804 0.23304287 0.23480019 0.3286446 0.25162202 0.2848904 0.18277065 0.28598243 0.28670934 0.46519658 0.27263397 0.19392928 0.36685646 0.20617975 0.25334775 0.23510908 0.30970347 0.81531537 0.27450505 0.26189694 0.17227063 0.17140256 0.20994987 0.39760318 0.20894141 0.5425175 0.19114476 0.16908959 0.16716802 0.1515162 0.24925978 0.21147673 0.1716679 0.2611726 0.20482141 0.26075718 0.23309092 0.19719537 0.45183694 0.21945046 0.37386316 0.26027888 0.23025048 0.16179068 0.3170226 0.2773942 0.3280196 0.2913075 0.1984472 0.4489586 0.14448257 0.15957822 0.2025786 0.21830411 0.36810377 0.3051894 0.38078573 0.21111786 0.26650456 0.2957408 0.1942658 0.20064212 0.2721762 0.1051381 0.12747976 0.20140682 0.17768195 0.21473132 0.2404542 0.31542456 0.16839245 0.22212918 0.36051542 0.38718385 0.26406395 0.19521324 0.21771458 0.2128583 0.2649958 0.29565522 0.3267148 0.20205015 0.16487527 0.21591617 0.22368799 0.15375657 0.12432778 0.15135416 0.28220505 0.39106894 0.20515609 0.18839833 0.19027287 0.22193283 0.25836596 0.37735233 0.18934338 0.14138512 0.2715241 0.3106411 0.22307935 0.15051913 0.3102685 0.1478311 0.19905533 0.2926408 0.20044167 0.24089961 0.14915268 0.21771722 0.3837629 0.28602657 0.19325438 0.19025448 0.19702844 0.31846863 0.15721214 0.29539022 0.17862682 0.285064 0.22517276 0.59340537 0.30657783 0.20441918 0.20393692 0.21355513 0.26427853 0.12055831 0.34780988 0.21448292 0.1942449 0.23754036 0.20162673 0.18597351 0.19523531 0.20992005 0.12821059 0.20373243 0.25254947 0.33433008 0.42977366 0.16119513 0.19259298 0.48356658 0.1652228 0.21069267 0.35935676 0.12530187 0.16714314 0.3243616 0.36168656 0.29623526 0.3268685 0.29621017 0.2124262 0.29077446 0.21939388 0.36144465 0.18298095 0.3257087 0.14016797 0.2126929 0.33088535 0.27937683 0.19484317 0.35777918 0.41925386 0.2787088 0.39692846 0.21977717 0.21618098 0.3907589 0.2541117 0.32253876 0.66634977 0.32079014 0.24973956 0.18808885 0.2355658 0.2054094 0.5832768 0.24047858 0.16683489 0.25732934 0.2515545 0.20333695 0.23122405 0.19293453 0.19797501 0.3710704 0.213082 0.1979096 0.28861555 0.31944296 0.25741455 0.18268844 0.1956364 0.23697358 0.19741403 0.2530666 0.17533362 0.42467597 0.20554541 0.1998961 0.13221407 0.337216 0.23376112 0.20210391 0.18216829 0.4343164 0.2806096 0.20767188 0.6452191 0.27574077 0.15114664 0.12751386 0.7191742 0.19087009,0.0019070102 0.0023870487 0.0020967727 0.0017131099 0.0019010119 0.0016438335 0.0016479907 0.0052189697 0.0020518948 0.0019748837 0.0014139061 0.0014698969 0.002545158 0.0021311094 0.0019093417 0.0011498037 0.0018351661 0.0032159998 0.0022237056 0.0021881883 0.0025091905 0.0013081757 0.0018241036 0.0014760734 0.0012538135 0.0029568272 0.0017940437 0.0016134717 0.0013574595 0.0013229803 0.0019303404 0.0018843224 0.0021336318 0.0013785633 0.0034579458 0.0012630799 0.0015885957 0.0028224299 0.002345515 0.0018349832 0.0018488204 0.0025877529 0.0019812759 0.0022432315 0.001439139 0.0022518302 0.0022575539 0.0036629653 0.0021467241 0.0015270022 0.0028886334 0.0016234627 0.0019948643 0.0018512525 0.00243861 0.006419806 0.002161457 0.0020621805 0.0013564617 0.0013496265 0.0016531486 0.0031307337 0.001645208 0.0042717913 0.0015050769 0.0013314141 0.0013162836 0.001193041 0.0019626755 0.0016651711 0.0013517158 0.0020564771 0.001612767 0.002053206 0.0018353616 0.0015527194 0.0035577712 0.0017279563 0.0029438045 0.00204944 0.0018129959 0.0012739424 0.002496241 0.0021842064 0.0025828313 0.00229376 0.0015625764 0.0035351072 0.001137658 0.0012565214 0.0015951071 0.00171893 0.002898455 0.0024030663 0.002998313 0.0016623454 0.0020984611 0.0023286678 0.0015296519 0.0015798593 0.0021431197 0.00082785904 0.0010037776 0.0015858805 0.0013990705 0.0016907979 0.0018933401 0.002483658 0.0013259248 0.0017490487 0.002838704 0.0030486917 0.0020792438 0.0015371122 0.001714288 0.0016760497 0.0020865812 0.002327994 0.0025725577 0.0015909461 0.0012982305 0.0017001274 0.0017613227 0.0012106816 0.0009789589 0.0011917651 0.002222087 0.003079283 0.0016154023 0.0014834515 0.0014982115 0.0017475026 0.0020343775 0.0029712783 0.0014908927 0.0011132687 0.002137985 0.002445993 0.0017565304 0.00118519 0.0024430589 0.0011640243 0.0015673648 0.0023042583 0.0015782809 0.0018968473 0.0011744306 0.0017143087 0.003021755 0.0022521778 0.0015216881 0.0014980668 0.0015514051 0.002507627 0.0012378908 0.0023259071 0.0014065104 0.0022445985 0.0017730138 0.004672483 0.0024139986 0.0016095998 0.0016058026 0.0016815364 0.0020809334 0.000949278 0.0027386604 0.0016888418 0.0015294874 0.0018703965 0.0015876121 0.0014643583 0.001537286 0.0016529138 0.0010095323 0.0016041924 0.0019885786 0.0026325204 0.0033840446 0.001269253 0.0015164801 0.0038076108 0.0013009668 0.0016589974 0.0028295808 0.0009866289 0.0013160877 0.0025540283 0.0028479258 0.0023325612 0.0025737677 0.0023323635 0.0016726472 0.0022895627 0.0017275108 0.002846021 0.0014407949 0.0025646354 0.0011036848 0.0016747472 0.0026053966 0.0021998177 0.0015341982 0.0028171588 0.0033012114 0.0021945573 0.003125421 0.0017305289 0.0017022125 0.0030768418 0.0020008795 0.0025396752 0.005246849 0.0025259065 0.0019664532 0.0014810145 0.0018548488 0.0016173968 0.0045927307 0.0018935321 0.0013136605 0.0020262154 0.001980744 0.0016010784 0.0018206618 0.0015191695 0.0015588583 0.0029218143 0.001677811 0.0015583433 0.0022725635 0.0025152988 0.0020268862 0.0014384917 0.0015404441 0.0018659338 0.0015544412 0.0019926503 0.0013805797 0.0033439053 0.0016184679 0.001573985 0.0010410557 0.002655244 0.0018406387 0.0015913694 0.001434396 0.0034198142 0.0022095244 0.0016352116 0.005080465 0.0021711872 0.001190131 0.0010040461 0.005662789 0.0015029141,
680,256,,,0.0045940573 0.0045940573 0.0045940573 0.0045940573 0.0045940573 0.0045940573 0.0045940573 0.0045940573 0.0045940573 0.0045940573 0.0045940573 0.0045940573 0.0045940573 0.0045940573 0.0045940573 0.0045940573 0.0045940573 0.0045940573 0.0045940573 0.0045940573 0.0045940573 0.0045940573 0.0045940573 0.0045940573 0.0045940573 0.0045940573 0.0045940573 0.0045940573 0.0045940573 0.0045940573 0.0045940573 0.0045940573 0.0045940573 0.0045940573 0.0045940573 0.0045940573 0.0045940573 0.0045940573 0.0045940573 0.0045940573 0.0045940573 0.0045940573 0.0045940573 0.0045940573 0.0045940573 0.0045940573 0.0045940573 0.0045940573 0.0045940573 0.0045940573 0.0045940573 0.0045940573 0.0045940573 0.0045940573 0.0045940573 0.0045940573 0.0045940573 0.0045940573 0.0045940573 0.0045940573 0.0045940573 0.0045940573 0.0045940573 0.0045940573 0.0045940573 0.0045940573 0.0045940573 0.0045940573 0.0045940573 0.0045940573 0.0045940573 0.0045940573 0.0045940573 0.0045940573 0.0045940573 0.0045940573 0.0045940573 0.0045940573 0.0045940573 0.0045940573 0.0045940573 0.0045940573 0.0045940573 0.0045940573 0.0045940573 0.0045940573 0.0045940573 0.0045940573 0.0045940573 0.0045940573 0.0045940573 0.0045940573 0.0045940573 0.0045940573 0.0045940573 0.0045940573 0.0045940573 0.0045940573 0.0045940573 0.0045940573 0.0045940573 0.0045940573 0.0045940573 0.0045940573 0.0045940573 0.0045940573 0.0045940573 0.0045940573 0.0045940573 0.0045940573 0.0045940573 0.0045940573 0.0045940573 0.0045940573 0.0045940573 0.0045940573 0.0045940573 0.0045940573 0.0045940573 0.0045940573 0.0045940573 0.0045940573 0.0045940573 0.0045940573 0.0045940573 0.0045940573 0.0045940573 0.0045940573 0.0045940573 0.0045940573 0.0045940573 0.0045940573 0.0045940573 0.0045940573 0.0045940573 0.0045940573 0.0045940573 0.0045940573 0.0045940573 0.0045940573 0.0045940573 0.0045940573 0.0045940573 0.0045940573 0.0045940573 0.0045940573 0.0045940573 0.0045940573 0.0045940573 0.0045940573 0.0045940573 0.0045940573 0.0045940573 0.0045940573 0.0045940573 0.0045940573 0.0045940573 0.0045940573 0.0045940573 0.0045940573 0.0045940573 0.0045940573 0.0045940573 0.0045940573 0.0045940573 0.0045940573 0.0045940573 0.0045940573 0.0045940573 0.0045940573 0.0045940573 0.0045940573 0.0045940573 0.0045940573 0.0045940573 0.0045940573 0.0045940573 0.0045940573 0.0045940573 0.0045940573 0.0045940573 0.0045940573 0.0045940573 0.0045940573 0.0045940573 0.0045940573 0.0045940573 0.0045940573 0.0045940573 0.0045940573 0.0045940573 0.0045940573 0.0045940573 0.0045940573 0.0045940573 0.0045940573 0.0045940573 0.0045940573 0.0045940573 0.0045940573 0.0045940573 0.0045940573 0.0045940573 0.0045940573 0.0045940573 0.0045940573 0.0045940573 0.0045940573 0.0045940573 0.0045940573 0.0045940573 0.0045940573 0.0045940573 0.0045940573 0.0045940573 0.0045940573 0.0045940573 0.0045940573 0.0045940573 0.0045940573 0.0045940573 0.0045940573 0.0045940573 0.0045940573 0.0045940573 0.0045940573 0.0045940573 0.0045940573 0.0045940573 0.0045940573 0.0045940573 0.0045940573 0.0045940573 0.0045940573 0.0045940573 0.0045940573 0.0045940573 0.0045940573 0.0045940573 0.0045940573 0.0045940573 0.0045940573 0.0045940573 0.0045940573 0.0045940573 0.0045940573 0.0045940573 0.0045940573 0.0045940573 0.0045940573 0.0045940573 0.0045940573 0.0045940573 0.0045940573 0.0045940573 0.0045940573,15 14 14 15 15 15 15 13 14 14 15 15 14 14 15 15 15 14 14 14 14 15 15 15 15 14 15 15 15 15 15 15 14 15 14 15 15 14 14 15 15 14 14 14 15 14 14 14 14 15 14 15 14 15 14 13 14 14 15 15 15 14 15 13 15 15 15 15 14 15 15 14 15 14 15 15 14 15 14 14 15 15 14 14 14 14 15 14 15 15 15 15 14 14 14 15 14 14 15 15 14 16 15 15 15 15 15 14 15 15 14 14 14 15 15 15 14 14 14 15 15 15 15 15 15 15 14 14 15 15 15 15 14 14 15 15 14 14 15 15 14 15 15 14 15 15 15 15 14 14 15 15 15 14 15 14 15 14 15 13 14 15 15 15 14 16 14 15 15 15 15 15 15 15 15 15 14 14 14 15 15 14 15 15 14 15 15 14 14 14 14 14 15 14 15 14 15 14 15 15 14 14 15 14 14 14 14 15 15 14 14 14 13 14 14 15 15 15 13 15 15 14 14 15 15 15 15 14 15 15 14 14 14 15 15 15 15 14 15 14 15 15 15 14 15 15 15 14 14 15 13 14 15 15 13 15
690,1x1x768x512,0.066493474 0.07375931 0.4241889 0.022805838 0.17434338 0.031341203 0.050368853 0.037123427 0.18919976 0.052108083 0.054305036 0.13405707 0.062180288 0.29888546 0.03956135 0.071772024 0.054022674 0.4012467 0.33913097 0.05212035 0.08495019 0.12357901 0.057819147 0.2603531 0.20723228 0.12650697 0.08763907 0.03877104 0.14760794 0.37522128 0.22848299 0.057485763 0.044216152 0.09144667 0.10543732 0.055725712 0.2329097 0.14649847 0.16541989 0.10338877 0.29371047 0.15260346 0.039112564 0.054505907 0.13793732 0.49593565 0.17323229 0.03714826 0.2274996 0.15789638 0.24348569 0.043050416 0.4297272 0.06687607 0.031469066 0.22549735 0.037766825 0.1726597 0.07172337 0.04528667 0.17449287 0.07285891 0.051002484 0.024423925 0.060776003 0.20115438 0.045563456 0.057451535 0.18125206 0.12920946 0.02552008 0.06159758 0.057952594 0.18033732 0.10920451 0.05886867 0.077578045 0.064440355 0.039813172 0.1383649 0.13795331 0.040269624 0.053261016 0.052016318 0.057742424 0.063397974 0.24013838 0.3423601 0.269248 0.24251132 0.33328956 0.22484845 0.16021942 0.07509378 0.03770281 0.06612602 0.035227902 0.24742953 0.10928056 0.10644494 0.08218023 0.24388395 0.43813595 0.2476655 0.04659831 0.03765552 0.13016574 0.062754884 0.1515176 0.2482484 0.053700056 0.06564623 0.03912915 0.028408654 0.13090138 0.17043273 0.0909843 0.4655215 0.04515601 0.044037003 0.24264002 0.055685837 0.062271006 0.098198414 0.10829607 0.258508 0.05711718 0.044500064 0.040509317 0.058454614 0.1531166 0.033558495 0.03501714 0.19967245 0.05167053 0.1557593 0.07836361 0.20934534 0.32527134 0.19178574 0.30170128 0.27345207 0.05697927 0.075027004 0.20612985 0.15050572 0.25081283 0.0496121 0.041091714 0.03568372 0.3648937 0.10684441 0.06359161 0.075278185 0.039584827 0.048952248 0.24930774 0.13090655 0.054049313 0.13123125 0.035052758 0.06363242 0.035302628 0.07973328 0.06779841 0.14313786 0.055011265 0.0308962 0.1568173 0.05085465 0.08502476 0.22467004 0.08174739 0.060211897 0.12519918 0.03468305 0.27224395 0.28852415 0.15037066 0.06804351 0.043830562 0.0409388 0.05515854 0.21025714 0.26041108 0.20524971 0.045525786 0.17305943 0.12282249 0.48982564 0.15213136 0.17367904 0.24284154 0.049178936 0.2748356 0.07701935 0.054802965 0.08408443 0.23240703 0.055254765 0.21976641 0.028832711 0.055087935 0.264434 0.1151753 0.06367294 0.18400943 0.034922738 0.057530563 0.32440817 0.052465256 0.058811765 0.22858924 0.051600326 0.29318884 0.10361464 0.036908392 0.05858431 0.14816107 0.04826747 0.021858769 0.03701702 0.06875866 0.0678919 0.04231652 0.07251515 0.043342885 0.054814745 0.07155748 0.057425775 0.053370826 0.03994006 0.3089616 0.25315398 0.07121797 0.23188105 0.15049426 0.16034359 0.0532344 0.5269339 0.3316546 0.043953713 0.17653014 0.17678614 0.16641325 0.03720308 0.022758717 0.07093001 0.056898043 0.048513193 0.19959477 0.07680992 0.26187852 0.021045104 0.069139525 0.07089902 0.05731978 0.033704523 0.3082377 0.17752081 0.3972445 0.08363407 0.39015287 0.22748648 0.2816648 0.041617565 0.16236757 0.046325207 0.14584455 0.25569478 0.043728746 0.16465631 0.059622377 0.063165985 0.050002083 0.06755929 0.23640347 0.1826079 0.34085086 0.0644949 0.23408046 0.14551513 0.037396867 0.044335406 0.043002494 0.08721875 0.036277123 0.3824716 0.022815153 0.06201431 0.2064831 0.09956813 0.5299609 0.28727362 0.35703495 0.31383854 0.30550063 0.0889233 0.051065482 0.043506805 0.03088214 0.044156164 0.16533068 0.050648883 0.2239687 0.2328716 0.20461358 0.2639587 0.23163962 0.3454899 0.040402908 0.043469872 0.058788516 0.056591596 0.09608069 0.1040261 0.23026285 0.047046475 0.046333164 0.16555154 0.02526919 0.3521397 0.03259907 0.23055455 0.29947287 0.06562085 0.04115782 0.17022707 0.04387268 0.044028714 0.045582917 0.15396567 0.02831983 0.04271408 0.15515597 0.21303856 0.24496143 0.29428804 0.04030103 0.053632103 0.08822761 0.03649355 0.049347766 0.059062842 0.33437634 0.26482442 0.05741373 0.04341549 0.079074994 0.12599465 0.12261543 0.040183578 0.14081904 0.35741037 0.29485944 0.19935085 0.5698973 0.048328463 0.06357377 0.17460266 0.103661105 0.22167711 0.0383097 0.15576535 0.21189643 0.03959654 0.034224488 0.06574798 0.08254388 0.19710793 0.028270235 0.046646774 0.17561911 0.052883208 0.06700483 0.088359594 0.079064555 0.08469277 0.04199577 0.054393068 0.48438758 0.117021464 0.15289724 0.04588737 0.060358696 0.030227484 0.19439648 0.07033931 0.058790036 0.07294321 0.065942414 0.056493048 0.2540225 0.27467772 0.08172689 0.1929119 0.04683084 0.04496012 0.034944464 0.044053607 0.045344945 0.21191679 0.4613993 0.09601764 0.19430123 0.049174167 0.268182 0.044551164 0.09531899 0.3269211 0.16505831 0.26731044 0.20091496 0.063787416 0.18990897 0.034302633 0.04852293 0.08473739 0.33407354 0.061511572 0.07999949 0.27973515 0.1493193 0.3249677 0.049212005 0.051406827 0.04706247 0.34761295 0.07401229 0.41311583 0.04088819 0.110066034 0.23776318 0.040553838 0.19470194 0.037222438 0.27520868 0.3277812 0.037243914 0.2792851 0.23019014 0.22780581 0.07721007 0.06109497 0.08955946 0.23420899 0.05333001 0.24312194 0.26138636 0.029374365 0.0696467 0.04133971 0.040215462 0.051415 0.036041908 0.20216346 0.05386002 0.27142343 0.049394958 0.35090625 0.1731619 0.06105149 0.18587658 0.31194773 0.07264631 0.22455041 0.050618477 0.051302526 0.056254167 0.22520094 0.03423516 0.10719615 0.3418662 0.15311402 0.070998475 0.35658696 0.0466703 0.06778623 0.034371186 0.1413345 0.050471835 0.23319684 0.227165 0.21764089 0.08332048 0.45274442 0.06462402 0.061294958 0.08787141 0.27627853 0.21948509 0.26040986 0.04959314 0.05535527 0.056100808 0.21527198 0.047265317 0.031838056 0.059899326 0.057668697 0.0717807 0.0501744 0.10926681 0.4020999 0.07152038 0.38302755 0.05859512 0.17980145 0.09775023 0.27297798 0.060103346 0.064238615,0.06648536 0.07375031 0.42413715 0.022803055 0.1743221 0.03133738 0.050362706 0.037118897 0.18917668 0.052101724 0.05429841 0.13404071 0.0621727 0.298849 0.039556522 0.07176327 0.05401608 0.40119773 0.3390896 0.052113988 0.084939815 0.12356393 0.05781209 0.26032132 0.207207 0.12649153 0.08762838 0.03876631 0.14758992 0.3751755 0.2284551 0.05747875 0.044210758 0.09143551 0.10542446 0.055718914 0.23288128 0.14648059 0.1653997 0.10337616 0.29367465 0.15258484 0.03910779 0.054499257 0.1379205 0.49587512 0.17321114 0.037143726 0.22747184 0.15787712 0.24345598 0.04304516 0.42967477 0.0668679 0.031465225 0.22546983 0.037762217 0.17263862 0.07171462 0.045281146 0.17447157 0.07285001 0.05099626 0.024420943 0.060768586 0.20112982 0.045557898 0.057444524 0.18122993 0.1291937 0.025516966 0.06159006 0.057945523 0.18031532 0.10919118 0.058861487 0.07756858 0.064432494 0.03980831 0.13834801 0.13793647 0.04026471 0.053254515 0.05200997 0.05773538 0.06339023 0.24010909 0.34231833 0.26921517 0.24248172 0.33324888 0.22482102 0.16019987 0.07508462 0.03769821 0.06611795 0.035223603 0.24739933 0.10926722 0.10643195 0.0821702 0.24385418 0.4380825 0.24763526 0.046592627 0.037650928 0.13014986 0.062747225 0.15149911 0.2482181 0.053693503 0.065638214 0.039124373 0.028405186 0.1308854 0.17041193 0.09097319 0.46546468 0.045150496 0.04403163 0.24261041 0.05567904 0.062263407 0.098186426 0.10828285 0.25847647 0.05711021 0.044494633 0.040504374 0.05844748 0.15309791 0.033554398 0.035012867 0.19964807 0.051664226 0.1557403 0.07835405 0.2093198 0.32523164 0.19176234 0.30166444 0.2734187 0.056972317 0.07501785 0.2061047 0.15048736 0.25078222 0.049606044 0.0410867 0.035679366 0.36484918 0.10683137 0.06358385 0.075269 0.039579995 0.048946276 0.24927731 0.13089058 0.05404272 0.13121523 0.035048477 0.06362465 0.03529832 0.07972355 0.06779014 0.14312038 0.055004552 0.030892428 0.15679815 0.050848443 0.08501439 0.22464262 0.081737414 0.06020455 0.1251839 0.034678817 0.27221072 0.28848895 0.15035231 0.06803521 0.043825213 0.040933803 0.05515181 0.21023148 0.26037928 0.20522466 0.045520227 0.1730383 0.1228075 0.48976585 0.1521128 0.17365783 0.2428119 0.049172934 0.27480203 0.07700995 0.054796275 0.08407416 0.23237866 0.055248022 0.21973959 0.028829193 0.055081215 0.26440173 0.11516125 0.06366517 0.18398698 0.034918476 0.057523545 0.32436857 0.052458853 0.05880459 0.22856134 0.051594026 0.29315308 0.103602 0.036903888 0.05857716 0.14814298 0.04826158 0.021856101 0.037012506 0.06875026 0.06788362 0.04231135 0.0725063 0.043337595 0.054808058 0.071548745 0.057418764 0.05336431 0.039935183 0.3089239 0.2531231 0.07120928 0.23185275 0.1504759 0.16032402 0.0532279 0.5268696 0.33161414 0.04394835 0.17650859 0.17676456 0.16639294 0.03719854 0.02275594 0.070921354 0.0568911 0.04850727 0.19957042 0.07680055 0.26184654 0.021042535 0.06913109 0.07089036 0.057312783 0.03370041 0.3082001 0.17749915 0.39719605 0.083623864 0.39010528 0.22745872 0.2816304 0.041612484 0.16234775 0.046319555 0.14582674 0.25566357 0.04372341 0.16463622 0.0596151 0.06315828 0.04999598 0.06755105 0.23637462 0.18258563 0.34080926 0.064487025 0.2340519 0.14549737 0.037392303 0.044329993 0.042997245 0.08720811 0.036272693 0.38242492 0.022812368 0.062006745 0.2064579 0.09955598 0.5298962 0.28723854 0.35699138 0.31380025 0.30546334 0.08891245 0.05105925 0.043501493 0.03087837 0.044150777 0.1653105 0.0506427 0.22394136 0.23284319 0.2045886 0.26392648 0.23161136 0.34544772 0.04039798 0.043464568 0.05878134 0.05658469 0.09606896 0.104013406 0.23023474 0.047040734 0.04632751 0.16553134 0.025266107 0.35209674 0.03259509 0.23052642 0.2994363 0.06561284 0.041152794 0.1702063 0.043867324 0.04402334 0.04557735 0.15394688 0.028316375 0.042708866 0.15513705 0.21301256 0.24493153 0.29425213 0.040296108 0.053625558 0.08821684 0.0364891 0.049341746 0.059055634 0.3343355 0.26479208 0.057406723 0.04341019 0.079065345 0.12597927 0.12260046 0.04017867 0.14080185 0.35736677 0.29482344 0.19932653 0.56982774 0.048322566 0.06356601 0.17458135 0.103648454 0.22165006 0.038305026 0.15574636 0.21187057 0.039591707 0.03422031 0.06573995 0.08253381 0.19708386 0.028266784 0.04664108 0.17559767 0.052876752 0.06699666 0.088348806 0.07905491 0.08468243 0.041990645 0.05438643 0.48432848 0.11700718 0.15287858 0.045881767 0.060351327 0.030223796 0.19437276 0.070330724 0.05878286 0.07293431 0.06593437 0.056486156 0.2539915 0.2746442 0.08171692 0.19288835 0.046825126 0.04495463 0.034940198 0.04404823 0.045339413 0.21189094 0.46134296 0.09600592 0.19427751 0.049168166 0.2681493 0.044545725 0.09530735 0.32688123 0.16503817 0.26727784 0.20089044 0.06377963 0.18988578 0.034298446 0.04851701 0.08472705 0.33403277 0.061504066 0.079989724 0.27970102 0.14930108 0.32492808 0.049206 0.051400553 0.047056727 0.3475705 0.07400325 0.41306543 0.0408832 0.1100526 0.23773415 0.04054889 0.19467819 0.037217893 0.2751751 0.32774118 0.03723937 0.27925104 0.23016204 0.22777802 0.07720065 0.06108751 0.08954853 0.2341804 0.053323504 0.24309227 0.26135445 0.029370781 0.0696382 0.041334663 0.040210553 0.051408723 0.036037512 0.2021388 0.053853445 0.2713903 0.04938893 0.35086343 0.17314076 0.06104404 0.18585388 0.31190965 0.072637446 0.22452301 0.050612297 0.051296268 0.0562473 0.22517344 0.034230985 0.10718307 0.34182447 0.15309533 0.07098981 0.35654345 0.046664603 0.067777954 0.03436699 0.14131726 0.050465673 0.23316838 0.22713727 0.21761432 0.08331031 0.45268917 0.064616136 0.061287478 0.08786068 0.2762448 0.21945831 0.26037806 0.04958709 0.05534851 0.05609396 0.21524571 0.047259547 0.03183417 0.059892014 0.05766166 0.071771935 0.05016828 0.10925347 0.40205085 0.071511656 0.3829808 0.058587972 0.17977951 0.0977383 0.27294466 0.06009601 0.06423078,0.0005235068 0.0005807111 0.0033396624 0.00017955161 0.001372615 0.00024675103 0.00039655674 0.00029227478 0.0014895801 0.0004102498 0.00042754653 0.0010554387 0.00048954884 0.0023531415 0.00031146867 0.00056506513 0.00042532347 0.0031590373 0.0026699968 0.00041034637 0.00066881743 0.0009729443 0.0004552133 0.0020497742 0.0016315512 0.0009959963 0.00068998727 0.00030524653 0.0011621254 0.0029541377 0.001798859 0.00045258857 0.0003481162 0.0007199646 0.00083011383 0.0004387316 0.0018337108 0.0011533905 0.0013023599 0.0008139855 0.0023123987 0.0012014554 0.00030793535 0.000429128 0.0010859881 0.0039045285 0.0013638673 0.00029247027 0.0017911169 0.0012431269 0.0019169762 0.00033893826 0.003383266 0.0005265189 0.00024775768 0.001775353 0.0002973403 0.0013593592 0.000564682 0.00035654445 0.001373792 0.0005736221 0.00040154535 0.00019229089 0.0004784928 0.0015836994 0.0003587236 0.00045231907 0.0014270074 0.0010172732 0.000200921 0.0004849611 0.00045626395 0.0014198057 0.0008597731 0.00046347626 0.00061077625 0.00050734245 0.00031345125 0.0010893544 0.001086114 0.00031704496 0.00041932688 0.00040952733 0.00045460928 0.0004991357 0.0018906228 0.0026954198 0.0021198045 0.0019093049 0.002624007 0.0017702442 0.0012614162 0.0005912175 0.00029683628 0.0005206138 0.0002773512 0.0019480262 0.0008603718 0.0008380469 0.00064700947 0.0019201117 0.0034494684 0.0019498839 0.00036687107 0.000296464 0.001024802 0.0004940726 0.0011929064 0.0019544733 0.0004227835 0.00051683636 0.00030806594 0.00022366288 0.0010305938 0.0013418262 0.0007163243 0.0036650763 0.00035551572 0.00034670575 0.0019103182 0.00043841763 0.00049026305 0.0007731215 0.00085262087 0.0020352479 0.0004496867 0.00035035145 0.00031893209 0.00046021637 0.0012054953 0.00026420786 0.00027569185 0.001572032 0.00040680493 0.0012263017 0.00061696104 0.0016481874 0.002560879 0.0015099397 0.0023753105 0.002152903 0.0004486009 0.0005906917 0.0016228716 0.0011849399 0.0019746632 0.00039059878 0.00032351734 0.0002809399 0.0028728282 0.0008411919 0.0005006602 0.0005926693 0.0003116535 0.00038540375 0.0019628135 0.0010306345 0.00042553322 0.0010331908 0.00027597227 0.0005009815 0.00027793954 0.0006277445 0.00053378067 0.0011269321 0.0004331067 0.00024324746 0.0012346312 0.00040038145 0.00066940463 0.0017688395 0.0006436017 0.00047405157 0.0009856999 0.00027306154 0.0021433914 0.0022715665 0.0011838765 0.0005357103 0.00034508042 0.0003223134 0.0004342662 0.001655366 0.0020502305 0.0016159422 0.000358427 0.0013625063 0.0009669882 0.003856424 0.0011977386 0.0013673846 0.0019119048 0.00038718845 0.0021637955 0.0006063776 0.00043146673 0.00066200126 0.0018297533 0.0004350238 0.001730233 0.00022700152 0.00043371035 0.0020819034 0.00090678147 0.0005013005 0.0014487164 0.00027494863 0.0004529413 0.0025540832 0.00041306182 0.00046302826 0.0017996957 0.00040625216 0.0023082918 0.0008157638 0.00029058178 0.00046123748 0.0011664801 0.00038001244 0.00017209529 0.00029143706 0.0005413407 0.0005345167 0.00033316025 0.00057091576 0.0003412409 0.0004315595 0.00056337594 0.00045211625 0.0004201914 0.00031445027 0.0024324716 0.0019930953 0.000560703 0.0018256123 0.0011848497 0.0012623939 0.00041911734 0.0041485797 0.002611135 0.00034605 0.0013898314 0.0013918469 0.0013101806 0.00029290188 0.00017918063 0.00055843586 0.0004479614 0.000381947 0.0015714206 0.0006047287 0.0020617838 0.00016568926 0.0005443393 0.0005581918 0.00045128175 0.00026535755 0.0024267724 0.001397631 0.003127528 0.0006584556 0.003071695 0.0017910135 0.0022175622 0.00032765736 0.0012783287 0.0003647209 0.001148242 0.002013099 0.00034427884 0.0012963482 0.00046941024 0.0004973093 0.00039366915 0.000531898 0.0018612174 0.0014376821 0.0026835375 0.00050777185 0.0018429284 0.0011456485 0.0002944276 0.00034905507 0.000338561 0.000686678 0.00028561175 0.00301122 0.00017962494 0.00048824208 0.0016256528 0.0007839053 0.004172411 0.0022617208 0.0028109557 0.0024708682 0.0024052232 0.00070009805 0.00040204133 0.00034253145 0.00024313678 0.00034764392 0.0013016575 0.00039876142 0.0017633177 0.0018334109 0.0016109339 0.0020781613 0.0018237114 0.0027200608 0.00031809433 0.0003422407 0.0004628452 0.00044554874 0.00075644854 0.0008190032 0.001812872 0.00037039947 0.00036478354 0.0013033963 0.00019894572 0.0027724153 0.00025665425 0.0018151687 0.0023577663 0.00051663653 0.00032403774 0.0013402071 0.000345412 0.00034664047 0.00035887677 0.0012121801 0.00022296359 0.00033629028 0.0012215516 0.0016772642 0.0019285948 0.002316946 0.00031729217 0.00042224847 0.0006946208 0.00028731575 0.00038851768 0.000465005 0.002632563 0.002084977 0.00045202146 0.00034181253 0.0006225618 0.0009919627 0.00096535793 0.00031636748 0.001108676 0.0028139115 0.0023214445 0.0015695002 0.004486833 0.00038049265 0.00050051976 0.0013746563 0.00081612956 0.001745276 0.00030161437 0.0012263493 0.0016682722 0.00031174574 0.00026945127 0.0005176374 0.00064987247 0.0015518414 0.0002225731 0.00036725262 0.0013826588 0.00041635238 0.0005275327 0.0006956599 0.0006224796 0.00066679076 0.000330635 0.0004282396 0.0038136102 0.0009213164 0.0012037684 0.00036127376 0.0004752073 0.00023798265 0.0015304942 0.00055378524 0.00046285716 0.00057428586 0.0005191683 0.0004447729 0.0019999333 0.0021625527 0.0006434403 0.0015188059 0.0003687018 0.00035397348 0.00027511967 0.00034683646 0.00035700324 0.0016684326 0.0036326218 0.0007559521 0.0015297441 0.0003871509 0.0021114117 0.00035075375 0.0007504516 0.002573868 0.0012995132 0.00210455 0.0015818145 0.0005022018 0.0014951637 0.0002700665 0.00038202372 0.0006671421 0.0026301793 0.00048428398 0.00062984036 0.0022023702 0.001175599 0.0025584889 0.00038744882 0.00040472878 0.0003705254 0.0027367757 0.00058270275 0.0032524837 0.00032191494 0.0008665559 0.0018719225 0.0003192826 0.0015328991 0.00029305427 0.002166733 0.0025806392 0.0002932234 0.002198827 0.0018122995 0.0017935277 0.00060787913 0.00048100404 0.00070510653 0.0018439402 0.0004198701 0.0019141124 0.002057909 0.00023126599 0.0005483323 0.0003254698 0.00031661853 0.0004047931 0.00028375993 0.001591644 0.00042404287 0.0021369315 0.00038888922 0.0027627042 0.0013633131 0.00048066175 0.0014634164 0.0024559814 0.0005719484 0.0017678977 0.000398522 0.00040390762 0.00044289214 0.0017730192 0.00026953532 0.0008439612 0.0026915313 0.0012054751 0.00055897486 0.0028074288 0.0003674378 0.0005336847 0.00027060622 0.0011127343 0.00039736752 0.0018359715 0.0017884824 0.0017134986 0.0006559867 0.0035644816 0.00050878845 0.00048257856 0.0006918164 0.0021751558 0.0017280182 0.002050221 0.0003904495 0.00043581505 0.00044168474 0.0016948481 0.00037212242 0.00025066276 0.00047159067 0.0004540288 0.00056513335 0.00039502583 0.0008602636 0.0031657547 0.0005630839 0.003015597 0.0004613226 0.0014155867 0.00076959294 0.0021491705 0.00047319694 0.00050575414,
691,512,,,0.0044300067 0.0044300067 0.0044300067 0.0044300067 0.0044300067 0.0044300067 0.0044300067 0.0044300067 0.0044300067 0.0044300067 0.0044300067 0.0044300067 0.0044300067 0.0044300067 0.0044300067 0.0044300067 0.0044300067 0.0044300067 0.0044300067 0.0044300067 0.0044300067 0.0044300067 0.0044300067 0.0044300067 0.0044300067 0.0044300067 0.0044300067 0.0044300067 0.0044300067 0.0044300067 0.0044300067 0.0044300067 0.0044300067 0.0044300067 0.0044300067 0.0044300067 0.0044300067 0.0044300067 0.0044300067 0.0044300067 0.0044300067 0.0044300067 0.0044300067 0.0044300067 0.0044300067 0.0044300067 0.0044300067 0.0044300067 0.0044300067 0.0044300067 0.0044300067 0.0044300067 0.0044300067 0.0044300067 0.0044300067 0.0044300067 0.0044300067 0.0044300067 0.0044300067 0.0044300067 0.0044300067 0.0044300067 0.0044300067 0.0044300067 0.0044300067 0.0044300067 0.0044300067 0.0044300067 0.0044300067 0.0044300067 0.0044300067 0.0044300067 0.0044300067 0.0044300067 0.0044300067 0.0044300067 0.0044300067 0.0044300067 0.0044300067 0.0044300067 0.0044300067 0.0044300067 0.0044300067 0.0044300067 0.0044300067 0.0044300067 0.0044300067 0.0044300067 0.0044300067 0.0044300067 0.0044300067 0.0044300067 0.0044300067 0.0044300067 0.0044300067 0.0044300067 0.0044300067 0.0044300067 0.0044300067 0.0044300067 0.0044300067 0.0044300067 0.0044300067 0.0044300067 0.0044300067 0.0044300067 0.0044300067 0.0044300067 0.0044300067 0.0044300067 0.0044300067 0.0044300067 0.0044300067 0.0044300067 0.0044300067 0.0044300067 0.0044300067 0.0044300067 0.0044300067 0.0044300067 0.0044300067 0.0044300067 0.0044300067 0.0044300067 0.0044300067 0.0044300067 0.0044300067 0.0044300067 0.0044300067 0.0044300067 0.0044300067 0.0044300067 0.0044300067 0.0044300067 0.0044300067 0.0044300067 0.0044300067 0.0044300067 0.0044300067 0.0044300067 0.0044300067 0.0044300067 0.0044300067 0.0044300067 0.0044300067 0.0044300067 0.0044300067 0.0044300067 0.0044300067 0.0044300067 0.0044300067 0.0044300067 0.0044300067 0.0044300067 0.0044300067 0.0044300067 0.0044300067 0.0044300067 0.0044300067 0.0044300067 0.0044300067 0.0044300067 0.0044300067 0.0044300067 0.0044300067 0.0044300067 0.0044300067 0.0044300067 0.0044300067 0.0044300067 0.0044300067 0.0044300067 0.0044300067 0.0044300067 0.0044300067 0.0044300067 0.0044300067 0.0044300067 0.0044300067 0.0044300067 0.0044300067 0.0044300067 0.0044300067 0.0044300067 0.0044300067 0.0044300067 0.0044300067 0.0044300067 0.0044300067 0.0044300067 0.0044300067 0.0044300067 0.0044300067 0.0044300067 0.0044300067 0.0044300067 0.0044300067 0.0044300067 0.0044300067 0.0044300067 0.0044300067 0.0044300067 0.0044300067 0.0044300067 0.0044300067 0.0044300067 0.0044300067 0.0044300067 0.0044300067 0.0044300067 0.0044300067 0.0044300067 0.0044300067 0.0044300067 0.0044300067 0.0044300067 0.0044300067 0.0044300067 0.0044300067 0.0044300067 0.0044300067 0.0044300067 0.0044300067 0.0044300067 0.0044300067 0.0044300067 0.0044300067 0.0044300067 0.0044300067 0.0044300067 0.0044300067 0.0044300067 0.0044300067 0.0044300067 0.0044300067 0.0044300067 0.0044300067 0.0044300067 0.0044300067 0.0044300067 0.0044300067 0.0044300067 0.0044300067 0.0044300067 0.0044300067 0.0044300067 0.0044300067 0.0044300067 0.0044300067 0.0044300067 0.0044300067 0.0044300067 0.0044300067 0.0044300067 0.0044300067 0.0044300067 0.0044300067 0.0044300067 0.0044300067 0.0044300067 0.0044300067 0.0044300067 0.0044300067 0.0044300067 0.0044300067 0.0044300067 0.0044300067 0.0044300067 0.0044300067 0.0044300067 0.0044300067 0.0044300067 0.0044300067 0.0044300067 0.0044300067 0.0044300067 0.0044300067 0.0044300067 0.0044300067 0.0044300067 0.0044300067 0.0044300067 0.0044300067 0.0044300067 0.0044300067 0.0044300067 0.0044300067 0.0044300067 0.0044300067 0.0044300067 0.0044300067 0.0044300067 0.0044300067 0.0044300067 0.0044300067 0.0044300067 0.0044300067 0.0044300067 0.0044300067 0.0044300067 0.0044300067 0.0044300067 0.0044300067 0.0044300067 0.0044300067 0.0044300067 0.0044300067 0.0044300067 0.0044300067 0.0044300067 0.0044300067 0.0044300067 0.0044300067 0.0044300067 0.0044300067 0.0044300067 0.0044300067 0.0044300067 0.0044300067 0.0044300067 0.0044300067 0.0044300067 0.0044300067 0.0044300067 0.0044300067 0.0044300067 0.0044300067 0.0044300067 0.0044300067 0.0044300067 0.0044300067 0.0044300067 0.0044300067 0.0044300067 0.0044300067 0.0044300067 0.0044300067 0.0044300067 0.0044300067 0.0044300067 0.0044300067 0.0044300067 0.0044300067 0.0044300067 0.0044300067 0.0044300067 0.0044300067 0.0044300067 0.0044300067 0.0044300067 0.0044300067 0.0044300067 0.0044300067 0.0044300067 0.0044300067 0.0044300067 0.0044300067 0.0044300067 0.0044300067 0.0044300067 0.0044300067 0.0044300067 0.0044300067 0.0044300067 0.0044300067 0.0044300067 0.0044300067 0.0044300067 0.0044300067 0.0044300067 0.0044300067 0.0044300067 0.0044300067 0.0044300067 0.0044300067 0.0044300067 0.0044300067 0.0044300067 0.0044300067 0.0044300067 0.0044300067 0.0044300067 0.0044300067 0.0044300067 0.0044300067 0.0044300067 0.0044300067 0.0044300067 0.0044300067 0.0044300067 0.0044300067 0.0044300067 0.0044300067 0.0044300067 0.0044300067 0.0044300067 0.0044300067 0.0044300067 0.0044300067 0.0044300067 0.0044300067 0.0044300067 0.0044300067 0.0044300067 0.0044300067 0.0044300067 0.0044300067 0.0044300067 0.0044300067 0.0044300067 0.0044300067 0.0044300067 0.0044300067 0.0044300067 0.0044300067 0.0044300067 0.0044300067 0.0044300067 0.0044300067 0.0044300067 0.0044300067 0.0044300067 0.0044300067 0.0044300067 0.0044300067 0.0044300067 0.0044300067 0.0044300067 0.0044300067 0.0044300067 0.0044300067 0.0044300067 0.0044300067 0.0044300067 0.0044300067 0.0044300067 0.0044300067 0.0044300067 0.0044300067 0.0044300067 0.0044300067 0.0044300067 0.0044300067 0.0044300067 0.0044300067 0.0044300067 0.0044300067 0.0044300067 0.0044300067 0.0044300067 0.0044300067 0.0044300067 0.0044300067 0.0044300067 0.0044300067 0.0044300067 0.0044300067 0.0044300067 0.0044300067 0.0044300067 0.0044300067 0.0044300067 0.0044300067 0.0044300067 0.0044300067 0.0044300067 0.0044300067 0.0044300067 0.0044300067 0.0044300067 0.0044300067 0.0044300067 0.0044300067 0.0044300067 0.0044300067 0.0044300067 0.0044300067 0.0044300067 0.0044300067 0.0044300067 0.0044300067 0.0044300067 0.0044300067 0.0044300067 0.0044300067 0.0044300067 0.0044300067 0.0044300067 0.0044300067 0.0044300067 0.0044300067 0.0044300067 0.0044300067 0.0044300067 0.0044300067 0.0044300067 0.0044300067 0.0044300067 0.0044300067 0.0044300067 0.0044300067 0.0044300067 0.0044300067 0.0044300067 0.0044300067 0.0044300067 0.0044300067 0.0044300067 0.0044300067 0.0044300067 0.0044300067 0.0044300067,13 13 11 15 12 14 14 14 12 14 14 12 13 11 14 13 14 11 11 14 13 13 14 11 12 12 13 14 12 11 12 14 14 13 13 14 12 12 12 13 11 12 14 14 12 10 12 14 12 12 12 14 11 13 14 12 14 12 13 14 12 13 14 15 14 12 14 14 12 12 15 14 14 12 13 14 13 13 14 12 12 14 14 14 14 13 12 11 11 12 11 12 12 13 14 13 14 12 13 13 13 12 11 11 14 14 12 13 12 11 14 13 14 15 12 12 13 11 14 14 12 14 13 13 13 11 14 14 14 14 12 14 14 12 14 12 13 12 11 12 11 11 14 13 12 12 11 14 14 14 11 13 13 13 14 14 11 12 14 12 14 13 14 13 13 12 14 15 12 14 13 12 13 14 12 14 11 11 12 13 14 14 14 12 11 12 14 12 13 11 12 12 12 14 11 13 14 13 12 14 12 15 14 11 13 13 12 14 14 11 14 14 12 14 11 13 14 14 12 14 15 14 13 13 14 13 14 14 13 14 14 14 11 11 13 12 12 12 14 10 11 14 12 12 12 14 15 13 14 14 12 13 11 15 13 13 14 14 11 12 11 13 11 12 11 14 12 14 12 11 14 12 14 13 14 13 12 12 11 13 12 12 14 14 14 13 14 11 15 13 12 13 10 11 11 11 11 13 14 14 15 14 12 14 12 12 12 11 12 11 14 14 14 14 13 13 12 14 14 12 15 11 14 12 11 13 14 12 14 14 14 12 15 14 12 12 12 11 14 14 13 14 14 14 11 11 14 14 13 12 13 14 12 11 11 12 10 14 13 12 13 12 14 12 12 14 14 13 13 12 15 14 12 14 13 13 13 13 14 14 11 13 12 14 14 15 12 13 14 13 13 14 11 11 13 12 14 14 14 14 14 12 11 13 12 14 11 14 13 11 12 11 12 13 12 14 14 13 11 14 13 11 12 11 14 14 14 11 13 11 14 13 12 14 12 14 11 11 14 11 12 12 13 14 13 12 14 12 11 15 13 14 14 14 14 12 14 11 14 11 12 14 12 11 13 12 14 14 14 12 14 13 11 12 13 11 14 13 14 12 14 12 12 12 13 11 13 14 13 11 12 11 14 14 14 12 14 14 14 14 13 14 13 11 13 11 14 12 13 11 14 13
696,3x3x1x128,0.6156039 0.8132265 0.68160635 1.4473915 0.8627238 0.7205628 1.0722363 1.0919613 1.5959256 1.3429723 1.0649171 0.35122252 1.019983 1.1938349 1.0590999 1.14272 0.46661285 0.81509066 1.6940577 0.72118616 0.67604834 1.0249898 0.7539327 0.77336705 0.6131832 0.8329576 1.2113743 1.4790276 2.6549363 0.25013983 0.898576 0.6011896 0.717556 1.0334958 1.1351064 1.2379695 0.3413701 0.6982423 0.90016395 0.70349884 1.1602584 0.7985617 0.78722495 1.5171036 0.83839136 0.787782 0.33778659 1.0877606 2.303929 1.8062319 0.64971006 0.53062534 0.3191854 0.3525629 0.7028054 0.7071743 0.36142159 0.9048921 0.80288047 0.6898178 1.0060252 0.97136986 0.9348427 1.0724185 1.6053556 0.40146688 0.40501827 0.38735113 1.0032349 1.0388604 0.4375923 1.0547909 0.31414858 0.9428123 1.0271076 0.6948425 0.52870816 1.0183406 0.93846345 0.2971813 0.680802 0.88872004 1.4338994 0.708727 0.30380076 0.80993354 0.56542057 0.85533315 0.58752596 0.6637724 4.6539702 0.6588633 0.28865427 0.3387929 1.3548112 1.0588793 0.45946264 1.3304455 1.0610604 0.68611705 0.36549467 1.5000147 0.6568495 0.6848321 1.7806934 0.6622432 0.6617934 0.8211234 1.1006873 0.4654602 0.82703406 1.0493324 0.5243587 0.8024 1.6416743 0.5311043 0.6756631 0.43065545 0.4370822 2.0305376 0.41722116 1.4361198 0.39869526 0.6116631 1.0427346 1.4577999 1.2689608 1.4348629,0.61552876 0.8131273 0.6815232 1.4472148 0.8626185 0.72047484 1.0721055 1.091828 1.5957308 1.3428084 1.0647871 0.35117963 1.0198586 1.1936892 1.0589706 1.1425805 0.4665559 0.8149912 1.6938509 0.7210982 0.67596585 1.0248647 0.75384074 0.77327263 0.61310834 0.83285594 1.2112265 1.4788471 2.6546123 0.2501093 0.89846635 0.60111624 0.71746844 1.0333697 1.1349679 1.2378184 0.34132844 0.69815713 0.9000541 0.70341295 1.1601168 0.79846424 0.78712887 1.5169184 0.8382891 0.7876859 0.33774537 1.0876279 2.3036478 1.8060114 0.6496307 0.53056055 0.31914645 0.3525199 0.7027196 0.707088 0.36137748 0.90478164 0.8027825 0.68973356 1.0059024 0.9712513 0.9347286 1.0722876 1.6051596 0.40141788 0.40496886 0.38730386 1.0031124 1.0387337 0.4375389 1.0546621 0.31411022 0.9426972 1.0269823 0.69475776 0.52864367 1.0182164 0.93834895 0.29714504 0.6807189 0.8886116 1.4337244 0.7086405 0.3037637 0.80983466 0.5653516 0.8552287 0.58745426 0.6636914 4.6534023 0.6587829 0.28861904 0.33875152 1.3546458 1.05875 0.45940655 1.3302832 1.0609308 0.6860333 0.36545008 1.4998317 0.65676934 0.68474853 1.7804761 0.66216236 0.66171265 0.82102317 1.1005529 0.4654034 0.8269331 1.0492042 0.52429473 0.80230206 1.641474 0.5310395 0.6755806 0.4306029 0.43702886 2.0302896 0.41717026 1.4359446 0.39864662 0.6115884 1.0426073 1.4576219 1.268806 1.4346877,0.0048466832 0.006402577 0.0053663244 0.011395392 0.0067922715 0.0056730304 0.008441776 0.00859707 0.012564809 0.010573294 0.00838415 0.002765194 0.008030383 0.009399128 0.008338351 0.008996697 0.0036736685 0.0064172535 0.013337408 0.0056779385 0.005322566 0.0080698 0.0059357537 0.0060887607 0.0048276247 0.006557921 0.009537216 0.011644466 0.020902459 0.0019693645 0.007074538 0.004733199 0.0056493576 0.008136769 0.008936755 0.009746601 0.0026876256 0.0054973 0.00708704 0.005538685 0.009134778 0.00628712 0.006197865 0.01194424 0.0066007013 0.006202251 0.0026594123 0.008563999 0.018138958 0.014220563 0.0051152026 0.004177642 0.0025129642 0.0027757473 0.0055332254 0.005567622 0.002845492 0.0071242647 0.006321122 0.005430973 0.0079204915 0.007647648 0.0073600677 0.008443209 0.012639052 0.0031607707 0.0031887311 0.0030496367 0.0078985235 0.008179005 0.003445188 0.008304426 0.0024733087 0.0074228127 0.008086475 0.0054705334 0.0041625486 0.0080174515 0.0073885745 0.0023397247 0.0053599915 0.0069969418 0.011289168 0.0055798464 0.00239184 0.0063766507 0.0044515873 0.0067340843 0.004625624 0.0052259164 0.036640964 0.005187267 0.0022725908 0.0026673349 0.010666503 0.008336615 0.0036173745 0.010474671 0.008353787 0.005401837 0.0028775597 0.011809698 0.005171412 0.0053917207 0.014019497 0.0052138767 0.005210336 0.006464749 0.008665771 0.0036645937 0.006511284 0.008261451 0.004128305 0.006317339 0.0129249925 0.004181413 0.0053195325 0.0033905741 0.0034411722 0.015986532 0.0032848052 0.01130665 0.0031389499 0.0048156567 0.008209506 0.011477338 0.009990598 0.011296754,
697,128,,,0.005637976 0.005637976 0.005637976 0.005637976 0.005637976 0.005637976 0.005637976 0.005637976 0.005637976 0.005637976 0.005637976 0.005637976 0.005637976 0.005637976 0.005637976 0.005637976 0.005637976 0.005637976 0.005637976 0.005637976 0.005637976 0.005637976 0.005637976 0.005637976 0.005637976 0.005637976 0.005637976 0.005637976 0.005637976 0.005637976 0.005637976 0.005637976 0.005637976 0.005637976 0.005637976 0.005637976 0.005637976 0.005637976 0.005637976 0.005637976 0.005637976 0.005637976 0.005637976 0.005637976 0.005637976 0.005637976 0.005637976 0.005637976 0.005637976 0.005637976 0.005637976 0.005637976 0.005637976 0.005637976 0.005637976 0.005637976 0.005637976 0.005637976 0.005637976 0.005637976 0.005637976 0.005637976 0.005637976 0.005637976 0.005637976 0.005637976 0.005637976 0.005637976 0.005637976 0.005637976 0.005637976 0.005637976 0.005637976 0.005637976 0.005637976 0.005637976 0.005637976 0.005637976 0.005637976 0.005637976 0.005637976 0.005637976 0.005637976 0.005637976 0.005637976 0.005637976 0.005637976 0.005637976 0.005637976 0.005637976 0.005637976 0.005637976 0.005637976 0.005637976 0.005637976 0.005637976 0.005637976 0.005637976 0.005637976 0.005637976 0.005637976 0.005637976 0.005637976 0.005637976 0.005637976 0.005637976 0.005637976 0.005637976 0.005637976 0.005637976 0.005637976 0.005637976 0.005637976 0.005637976 0.005637976 0.005637976 0.005637976 0.005637976 0.005637976 0.005637976 0.005637976 0.005637976 0.005637976 0.005637976 0.005637976 0.005637976 0.005637976 0.005637976,15 15 15 14 15 15 14 14 14 14 14 16 14 14 14 14 16 15 14 15 15 14 15 15 15 15 14 14 13 16 15 15 15 14 14 14 16 15 15 15 14 15 15 14 15 15 16 14 13 14 15 15 16 16 15 15 16 15 15 15 14 15 15 14 14 16 16 16 14 14 16 14 16 15 14 15 15 14 15 16 15 15 14 15 16 15 15 15 15 15 12 15 16 16 14 14 16 14 14 15 16 14 15 15 14 15 15 15 14 16 15 14 15 15 14 15 15 16 16 13 16 14 16 15 14 14 14 14
702,1x1x128x128,0.36720824 0.14393458 0.15134194 0.30965647 0.33897936 0.08138605 0.11648249 0.27768025 0.68777275 0.27681172 0.14624633 0.44794667 0.2775522 0.37462848 0.14074755 0.31939536 0.20287472 0.22908409 0.16352807 0.12840796 0.08234823 0.119360805 0.18082702 0.09590039 0.31790477 0.100876614 0.6597773 0.2133056 0.2548987 0.20641978 0.4690199 0.3807208 0.2319985 0.27157876 0.25408357 0.6400167 0.19818205 0.18013462 0.2862146 0.07485259 0.20937638 0.165448 0.37430096 0.21148312 0.1280581 0.15187088 0.27465364 0.15227808 0.23312011 0.12751435 0.33388978 0.5632453 0.2890774 0.1583183 0.09244316 0.22329736 0.28724673 0.20364782 0.09841333 0.4620248 0.40047583 0.32562086 0.31453136 0.5663186 0.51541567 0.23704427 0.10267452 0.2592809 0.15557748 0.2123304 0.28051376 0.38445333 0.296425 0.23164858 0.2728419 0.21834548 0.90986615 0.117180586 0.22825733 0.8805613 0.10606223 0.24478811 0.1660553 0.20898496 0.40830934 0.14714481 0.15064812 0.92460966 0.79848397 0.55358046 0.46534595 0.2038039 0.49100727 0.1452196 0.72827184 0.45150703 0.7411903 0.161954 0.5378583 0.7331461 0.21217616 0.24558215 0.23448391 0.3406481 0.069820404 0.116251074 0.31465903 0.18778276 0.29082313 0.5177923 0.12952168 0.26948828 0.6137982 0.26866972 0.20679154 0.19341052 0.12722844 0.55558723 0.5867887 0.24066806 0.46323517 0.19914523 0.14754303 0.44422412 0.12715364 0.1080389 0.1268755 0.25330263,0.36716345 0.14391701 0.15132347 0.30961868 0.338938 0.08137612 0.11646827 0.27764636 0.6876888 0.27677795 0.14622848 0.44789198 0.27751833 0.37458277 0.14073038 0.31935638 0.20284997 0.22905613 0.1635081 0.1283923 0.08233818 0.11934624 0.18080495 0.09588868 0.31786597 0.1008643 0.65969676 0.21327958 0.25486758 0.2063946 0.46896267 0.38067433 0.23197019 0.27154562 0.25405255 0.63993853 0.19815786 0.18011263 0.28617966 0.07484346 0.20935082 0.1654278 0.37425527 0.21145731 0.12804247 0.15185234 0.27462015 0.1522595 0.23309165 0.12749878 0.333849 0.5631766 0.28904212 0.15829898 0.09243188 0.2232701 0.28721166 0.20362297 0.09840132 0.46196842 0.40042695 0.3255811 0.31449297 0.5662495 0.5153527 0.23701534 0.10266199 0.25924924 0.1555585 0.21230449 0.28047955 0.3844064 0.29638883 0.23162031 0.27280858 0.21831883 0.9097551 0.11716628 0.22822946 0.8804538 0.106049284 0.24475823 0.16603504 0.20895946 0.4082595 0.14712685 0.15062973 0.9244968 0.7983865 0.5535129 0.46528918 0.20377903 0.49094737 0.14520186 0.728183 0.45145193 0.7410999 0.16193423 0.5377926 0.7330566 0.21215028 0.24555217 0.23445529 0.34060654 0.06981189 0.11623689 0.31462064 0.18775985 0.29078764 0.5177291 0.12950587 0.2694554 0.6137233 0.26863694 0.2067663 0.19338691 0.12721291 0.55551946 0.58671707 0.24063869 0.46317863 0.19912092 0.14752501 0.4441699 0.12713811 0.10802572 0.12686002 0.2532717,0.002891051 0.0011332048 0.0011915234 0.0024379424 0.002668803 0.00064075686 0.000917073 0.0021861917 0.0054148724 0.002179354 0.0011514054 0.0035267086 0.0021851838 0.0029494707 0.0011081132 0.0025146173 0.0015972438 0.0018035916 0.0012874653 0.001010963 0.0006483321 0.00093973416 0.001423661 0.000755029 0.0025028817 0.0007942071 0.005194463 0.0016793667 0.0020068313 0.0016251543 0.0036926195 0.0029974356 0.001826537 0.0021381546 0.0020004138 0.005038886 0.0015602981 0.0014182096 0.0022533832 0.0005893186 0.0016484316 0.0013025812 0.0029468918 0.0016650181 0.0010082085 0.0011956877 0.0021623634 0.0011988936 0.0018353673 0.0010039273 0.0026287325 0.0044344612 0.002275922 0.0012464487 0.0007278101 0.0017580324 0.0022615092 0.0016033305 0.0007748136 0.0036375467 0.0031529681 0.0025636307 0.0024763227 0.0044586575 0.0040578954 0.0018662625 0.00080836215 0.0020413327 0.0012248701 0.0016716889 0.0022085004 0.0030268219 0.0023337703 0.001823782 0.002148099 0.0017190459 0.007163426 0.00092256913 0.0017970824 0.0069327075 0.0008350337 0.0019272302 0.0013073626 0.0016453501 0.0032146417 0.0011584791 0.0011860608 0.0072795027 0.006286508 0.004358369 0.0036636943 0.0016045592 0.0038657272 0.0011433217 0.005733724 0.0035547395 0.005835432 0.0012750727 0.004234588 0.0057720994 0.0016704747 0.0019334817 0.0018461046 0.0026819413 0.0005496999 0.0009152511 0.0024773278 0.001478424 0.0022896663 0.004076607 0.0010197313 0.002121696 0.0048324666 0.0021152515 0.0016280812 0.0015227316 0.0010016764 0.004374169 0.0046198196 0.0018947928 0.003647076 0.0015678813 0.0011616143 0.0034974008 0.0010010875 0.00085059623 0.0009988978 0.0019942652,
703,128,,,0.0049615246 0.0049615246 0.0049615246 0.0049615246 0.0049615246 0.0049615246 0.0049615246 0.0049615246 0.0049615246 0.0049615246 0.0049615246 0.0049615246 0.0049615246 0.0049615246 0.0049615246 0.0049615246 0.0049615246 0.0049615246 0.0049615246 0.0049615246 0.0049615246 0.0049615246 0.0049615246 0.0049615246 0.0049615246 0.0049615246 0.0049615246 0.0049615246 0.0049615246 0.0049615246 0.0049615246 0.0049615246 0.0049615246 0.0049615246 0.0049615246 0.0049615246 0.0049615246 0.0049615246 0.0049615246 0.0049615246 0.0049615246 0.0049615246 0.0049615246 0.0049615246 0.0049615246 0.0049615246 0.0049615246 0.0049615246 0.0049615246 0.0049615246 0.0049615246 0.0049615246 0.0049615246 0.0049615246 0.0049615246 0.0049615246 0.0049615246 0.0049615246 0.0049615246 0.0049615246 0.0049615246 0.0049615246 0.0049615246 0.0049615246 0.0049615246 0.0049615246 0.0049615246 0.0049615246 0.0049615246 0.0049615246 0.0049615246 0.0049615246 0.0049615246 0.0049615246 0.0049615246 0.0049615246 0.0049615246 0.0049615246 0.0049615246 0.0049615246 0.0049615246 0.0049615246 0.0049615246 0.0049615246 0.0049615246 0.0049615246 0.0049615246 0.0049615246 0.0049615246 0.0049615246 0.0049615246 0.0049615246 0.0049615246 0.0049615246 0.0049615246 0.0049615246 0.0049615246 0.0049615246 0.0049615246 0.0049615246 0.0049615246 0.0049615246 0.0049615246 0.0049615246 0.0049615246 0.0049615246 0.0049615246 0.0049615246 0.0049615246 0.0049615246 0.0049615246 0.0049615246 0.0049615246 0.0049615246 0.0049615246 0.0049615246 0.0049615246 0.0049615246 0.0049615246 0.0049615246 0.0049615246 0.0049615246 0.0049615246 0.0049615246 0.0049615246 0.0049615246 0.0049615246 0.0049615246,13 14 14 13 13 15 15 13 12 13 14 13 13 13 14 13 14 14 14 14 15 15 14 15 13 15 12 14 13 14 13 13 14 13 13 12 14 14 13 15 14 14 13 14 14 14 13 14 14 14 13 12 13 14 15 14 13 14 15 13 13 13 13 12 12 14 15 13 14 14 13 13 13 14 13 14 12 15 14 12 15 14 14 14 13 14 14 12 12 12 13 14 13 14 12 13 12 14 12 12 14 14 14 13 15 15 13 14 13 12 14 13 12 13 14 14 14 12 12 14 13 14 14 13 14 15 14 13
708,3x3x1x128,0.9186239 0.7559718 8.301893 0.8861983 0.24696498 0.98437274 1.9405322 0.1560901 0.19222912 0.15552136 0.2707646 1.1538341 0.1031734 0.1845647 0.6658529 0.24416237 6.2533154 2.0951674 2.042585 0.7735104 1.7370158 0.49220818 0.41606104 2.1092145 0.26380062 1.9805993 0.093805395 0.26359582 0.57051784 0.8857308 0.24006379 0.3898143 0.44468907 0.4777647 5.5460544 0.097240426 0.5686641 0.40614682 0.7128961 0.9234889 0.1630375 8.692923 0.40667352 1.5770983 0.24579734 0.2931681 0.36846977 0.61522746 0.3727141 0.52573043 0.27254757 0.30603126 0.7367854 8.05008 0.34568462 0.6124576 0.3735814 1.117672 0.5928023 0.08631004 0.25514382 0.11668441 0.53458166 0.14320864 0.1113339 0.54000443 1.6436181 0.8819592 1.8300496 0.2536487 0.55944955 0.47890887 0.5259228 0.7740174 0.16852422 0.12867676 0.14383619 0.592444 0.74281096 0.105084226 0.6231251 0.21582548 0.36121875 0.7533771 0.7382502 1.5989513 0.28662783 0.29139176 0.5305744 0.082469404 0.1897028 0.49703217 0.6496543 8.337991 0.48852077 0.33236113 0.16636983 0.22913885 0.11732553 0.21372734 0.224986 1.1811672 0.16578734 0.3834406 0.8387404 0.28001755 1.259397 0.14325818 0.07791702 0.30264667 0.31927085 0.28597784 0.2675614 0.47110596 5.972588 6.7101436 0.5255022 0.13751802 0.31617498 1.1239917 0.3290069 0.8007605 0.36451277 0.35891217 0.7854964 2.2484853 0.4997977 0.5883625,0.9185118 0.7558795 8.3008795 0.8860901 0.24693485 0.98425263 1.9402955 0.15607104 0.19220565 0.1555024 0.27073154 1.1536933 0.103160806 0.18454218 0.6657716 0.24413258 6.252552 2.0949116 2.0423357 0.773416 1.7368038 0.49214813 0.41601026 2.1089573 0.2637684 1.9803576 0.09379395 0.26356363 0.5704482 0.88562274 0.24003449 0.3897667 0.4446348 0.47770637 5.5453773 0.09722856 0.56859463 0.40609726 0.71280915 0.9233762 0.16301759 8.691861 0.40662387 1.5769058 0.24576734 0.29313233 0.3684248 0.6151524 0.3726686 0.52566624 0.2725143 0.3059939 0.7366955 8.049098 0.34564245 0.6123828 0.3735358 1.1175356 0.5927299 0.0862995 0.25511268 0.11667016 0.53451645 0.14319116 0.11132032 0.53993857 1.6434176 0.88185155 1.8298264 0.25361776 0.55938125 0.47885042 0.5258586 0.7739229 0.16850366 0.12866105 0.14381863 0.5923717 0.7427203 0.105071396 0.623049 0.21579915 0.36117467 0.75328517 0.73816013 1.5987562 0.28659287 0.2913562 0.5305096 0.08245934 0.18967965 0.4969715 0.64957505 8.336973 0.48846114 0.33232057 0.16634953 0.2291109 0.11731121 0.21370125 0.22495855 1.1810231 0.1657671 0.38339382 0.838638 0.2799834 1.2592432 0.14324069 0.0779075 0.3026097 0.31923187 0.28594294 0.26752877 0.47104847 5.9718595 6.7093244 0.5254381 0.13750122 0.31613642 1.1238546 0.32896674 0.8006628 0.3644683 0.3588684 0.7854005 2.248211 0.49973673 0.58829075,0.0072323764 0.0059518074 0.065361254 0.0069770874 0.0019443688 0.007750021 0.015277917 0.0012289057 0.0015134304 0.0012244283 0.0021317443 0.0090842 0.0008122898 0.001453088 0.005242296 0.0019223038 0.04923269 0.016495368 0.016081383 0.0060898894 0.01367562 0.0038751822 0.0032756713 0.016605962 0.0020769166 0.015593368 0.000738535 0.0020753043 0.0044917185 0.006973407 0.0018900353 0.0030690292 0.0035010614 0.0037614675 0.04366439 0.00076557917 0.0044771233 0.0031976162 0.0056126704 0.007270679 0.001283603 0.06843985 0.0032017627 0.012416582 0.0019351759 0.0023081286 0.0029009827 0.00484372 0.0029343984 0.0041391044 0.0021457819 0.002409401 0.005800752 0.06337872 0.0027215942 0.004821912 0.0029412268 0.008799492 0.0046671648 0.0006795236 0.0020087613 0.0009186627 0.004208791 0.0011274895 0.00087653793 0.0042514848 0.012940296 0.006943713 0.014408082 0.0019969903 0.004404577 0.0037704757 0.0041406187 0.006093881 0.0013268004 0.0010130792 0.0011324302 0.0046643442 0.005848191 0.00082733383 0.0049058977 0.001699206 0.002843895 0.0059313793 0.0058122845 0.012588631 0.0022566367 0.0022941434 0.0041772407 0.00064928614 0.0014935406 0.0039131613 0.0051147644 0.06564546 0.0038461506 0.0026166975 0.0013098388 0.0018040228 0.0009237103 0.001682687 0.0017713272 0.009299395 0.0013052528 0.003018849 0.0066034487 0.0022045937 0.009915302 0.0011278795 0.0006134449 0.0023827536 0.0025136368 0.0022515191 0.0021065257 0.0037090431 0.047022514 0.052829325 0.004137308 0.0010826868 0.0024892632 0.008849249 0.0025902893 0.0063044317 0.002869829 0.0028257354 0.006184256 0.017702447 0.0039349347 0.004632211,
709,128,,,0.0088587785 0.0088587785 0.0088587785 0.0088587785 0.0088587785 0.0088587785 0.0088587785 0.0088587785 0.0088587785 0.0088587785 0.0088587785 0.0088587785 0.0088587785 0.0088587785 0.0088587785 0.0088587785 0.0088587785 0.0088587785 0.0088587785 0.0088587785 0.0088587785 0.0088587785 0.0088587785 0.0088587785 0.0088587785 0.0088587785 0.0088587785 0.0088587785 0.0088587785 0.0088587785 0.0088587785 0.0088587785 0.0088587785 0.0088587785 0.0088587785 0.0088587785 0.0088587785 0.0088587785 0.0088587785 0.0088587785 0.0088587785 0.0088587785 0.0088587785 0.0088587785 0.0088587785 0.0088587785 0.0088587785 0.0088587785 0.0088587785 0.0088587785 0.0088587785 0.0088587785 0.0088587785 0.0088587785 0.0088587785 0.0088587785 0.0088587785 0.0088587785 0.0088587785 0.0088587785 0.0088587785 0.0088587785 0.0088587785 0.0088587785 0.0088587785 0.0088587785 0.0088587785 0.0088587785 0.0088587785 0.0088587785 0.0088587785 0.0088587785 0.0088587785 0.0088587785 0.0088587785 0.0088587785 0.0088587785 0.0088587785 0.0088587785 0.0088587785 0.0088587785 0.0088587785 0.0088587785 0.0088587785 0.0088587785 0.0088587785 0.0088587785 0.0088587785 0.0088587785 0.0088587785 0.0088587785 0.0088587785 0.0088587785 0.0088587785 0.0088587785 0.0088587785 0.0088587785 0.0088587785 0.0088587785 0.0088587785 0.0088587785 0.0088587785 0.0088587785 0.0088587785 0.0088587785 0.0088587785 0.0088587785 0.0088587785 0.0088587785 0.0088587785 0.0088587785 0.0088587785 0.0088587785 0.0088587785 0.0088587785 0.0088587785 0.0088587785 0.0088587785 0.0088587785 0.0088587785 0.0088587785 0.0088587785 0.0088587785 0.0088587785 0.0088587785 0.0088587785 0.0088587785 0.0088587785,15 15 11 15 16 15 14 16 16 16 16 14 16 16 15 16 12 13 13 15 14 16 16 13 16 14 16 16 15 15 16 16 16 16 12 16 15 16 15 15 16 11 16 14 16 16 16 15 16 15 16 16 15 11 16 15 16 14 15 16 16 16 15 16 16 15 14 15 14 16 15 16 15 15 16 16 16 15 15 16 15 16 16 15 15 14 16 16 15 16 16 15 15 11 16 16 16 16 16 16 16 14 16 16 15 16 14 16 16 16 16 16 16 16 12 12 15 16 16 14 16 15 16 16 15 13 15 15
714,1x1x128x128,0.3362923 0.20563717 0.25441778 0.3636579 0.2520737 0.5853892 0.29700848 0.2767508 0.28340358 0.278231 0.28481477 0.28324676 0.39753273 2.5766463 2.1315367 0.43899652 0.3800956 0.33019343 0.4654156 0.35199293 0.2862921 0.316131 0.306404 0.4272518 0.37406415 0.19037206 0.1799459 0.2665778 0.2808582 0.88102 0.2585924 0.2314713 0.33510628 0.38911703 1.1065389 0.20250292 0.28345045 0.42850044 0.32433504 0.33257884 0.17140551 0.6518706 0.35465062 0.5948149 0.22535832 0.2530156 0.36242807 0.2910148 0.22681977 0.2726411 0.3496702 0.19965829 0.26473707 0.34899285 0.35778072 0.22321731 0.29456767 0.31705692 0.2735172 0.24100675 0.2967202 0.36305442 0.32140526 0.2100215 0.30734453 0.29442003 0.31908733 0.37169075 0.750108 0.32924736 0.40583217 1.1590333 0.37594467 0.31479284 0.33155832 0.36934692 0.47028178 0.36264455 0.38857532 0.3963891 0.69509137 0.30717722 0.3693202 0.28056166 0.19325379 0.23923442 0.24941026 0.30074456 0.5215134 0.5265093 0.20582733 0.29693088 0.26032385 0.5132794 0.42955786 0.3001101 0.3148998 0.27319118 0.36800137 0.41057223 0.55919313 0.38218424 0.34732512 0.3471251 0.42927963 0.4424028 0.42376563 0.6245978 0.33699423 0.22254246 0.310848 0.16800815 0.34623495 0.42208734 0.15971535 0.36296925 0.28027737 0.3317701 0.5019318 0.37437043 0.34847295 0.43218476 0.26365116 0.24294677 0.36632037 0.24897103 0.5054254 0.35614738,0.33625126 0.20561208 0.25438672 0.36361352 0.25204295 0.5853178 0.29697224 0.276717 0.283369 0.27819702 0.28478 0.28321218 0.3974842 2.5763319 2.1312766 0.43894297 0.3800492 0.33015314 0.4653588 0.35194996 0.28625715 0.31609243 0.30636662 0.42719966 0.3740185 0.19034883 0.17992394 0.2665453 0.28082392 0.8809125 0.25856084 0.23144305 0.33506536 0.38906953 1.1064038 0.2024782 0.28341588 0.42844817 0.32429546 0.33253825 0.17138459 0.6517911 0.3546073 0.5947423 0.22533083 0.25298473 0.36238384 0.2909793 0.2267921 0.2726078 0.34962752 0.19963393 0.26470476 0.34895027 0.35773706 0.22319007 0.2945317 0.3170182 0.2734838 0.24097733 0.296684 0.36301014 0.32136604 0.20999587 0.30730703 0.29438412 0.3190484 0.3716454 0.75001645 0.32920715 0.40578264 1.1588919 0.37589878 0.31475443 0.33151788 0.36930183 0.47022438 0.3626003 0.3885279 0.39634073 0.69500655 0.30713972 0.36927512 0.2805274 0.19323021 0.23920521 0.24937983 0.30070788 0.52144974 0.52644503 0.20580222 0.29689464 0.26029208 0.51321673 0.42950544 0.30007347 0.3148614 0.27315786 0.36795646 0.4105221 0.5591249 0.3821376 0.3472827 0.34708273 0.42922723 0.44234884 0.4237139 0.62452155 0.3369531 0.22251531 0.31081006 0.16798764 0.3461927 0.4220358 0.15969586 0.36292493 0.2802432 0.33172962 0.5018706 0.37432474 0.34843042 0.432132 0.263619 0.24291714 0.36627567 0.24894065 0.5053637 0.3561039,1.0261887e-05 6.274974e-06 7.763503e-06 1.1096942e-05 7.691975e-06 1.7863027e-05 9.06315e-06 8.44499e-06 8.6479995e-06 8.4901585e-06 8.691061e-06 8.643214e-06 1.2130626e-05 7.862581e-05 6.504339e-05 1.3395885e-05 1.1598535e-05 1.0075782e-05 1.4202057e-05 1.0740988e-05 8.736141e-06 9.64667e-06 9.349853e-06 1.30374965e-05 1.1414487e-05 5.8091628e-06 5.49101e-06 8.134565e-06 8.570328e-06 2.6884136e-05 7.8908915e-06 7.063297e-06 1.0225695e-05 1.1873822e-05 3.3765795e-05 6.179333e-06 8.64943e-06 1.30756e-05 9.897014e-06 1.0148572e-05 5.230402e-06 1.9891693e-05 1.0822087e-05 1.815065e-05 6.876761e-06 7.720717e-06 1.1059415e-05 8.880254e-06 6.9213565e-06 8.319584e-06 1.0670111e-05 6.09253e-06 8.078395e-06 1.0649442e-05 1.0917602e-05 6.811428e-06 8.988669e-06 9.674924e-06 8.346318e-06 7.354269e-06 9.0543535e-06 1.1078529e-05 9.8076125e-06 6.408761e-06 9.378553e-06 8.984164e-06 9.736882e-06 1.1342064e-05 2.2889384e-05 1.00469115e-05 1.2383882e-05 3.5367655e-05 1.14718705e-05 9.605836e-06 1.0117431e-05 1.1270541e-05 1.4350548e-05 1.106602e-05 1.18572925e-05 1.2095728e-05 2.1210564e-05 9.373447e-06 1.1269726e-05 8.561278e-06 5.897098e-06 7.3001866e-06 7.610701e-06 9.177156e-06 1.5913869e-05 1.6066318e-05 6.2807767e-06 9.060782e-06 7.943727e-06 1.566261e-05 1.3107866e-05 9.157795e-06 9.6091e-06 8.336371e-06 1.1229483e-05 1.2528522e-05 1.7063658e-05 1.166227e-05 1.0598551e-05 1.0592447e-05 1.3099376e-05 1.3499827e-05 1.29311165e-05 1.9059467e-05 1.0283306e-05 6.790836e-06 9.4854595e-06 5.1267325e-06 1.0565285e-05 1.2879904e-05 4.8736797e-06 1.1075928e-05 8.552604e-06 1.0123894e-05 1.5316342e-05 1.1423833e-05 1.0633577e-05 1.3188025e-05 8.045259e-06 7.413469e-06 1.1178187e-05 7.5972976e-06 1.5422947e-05 1.08677605e-05,
715,128,,,4.068555e-05 4.068555e-05 4.068555e-05 4.068555e-05 4.068555e-05 4.068555e-05 4.068555e-05 4.068555e-05 4.068555e-05 4.068555e-05 4.068555e-05 4.068555e-05 4.068555e-05 4.068555e-05 4.068555e-05 4.068555e-05 4.068555e-05 4.068555e-05 4.068555e-05 4.068555e-05 4.068555e-05 4.068555e-05 4.068555e-05 4.068555e-05 4.068555e-05 4.068555e-05 4.068555e-05 4.068555e-05 4.068555e-05 4.068555e-05 4.068555e-05 4.068555e-05 4.068555e-05 4.068555e-05 4.068555e-05 4.068555e-05 4.068555e-05 4.068555e-05 4.068555e-05 4.068555e-05 4.068555e-05 4.068555e-05 4.068555e-05 4.068555e-05 4.068555e-05 4.068555e-05 4.068555e-05 4.068555e-05 4.068555e-05 4.068555e-05 4.068555e-05 4.068555e-05 4.068555e-05 4.068555e-05 4.068555e-05 4.068555e-05 4.068555e-05 4.068555e-05 4.068555e-05 4.068555e-05 4.068555e-05 4.068555e-05 4.068555e-05 4.068555e-05 4.068555e-05 4.068555e-05 4.068555e-05 4.068555e-05 4.068555e-05 4.068555e-05 4.068555e-05 4.068555e-05 4.068555e-05 4.068555e-05 4.068555e-05 4.068555e-05 4.068555e-05 4.068555e-05 4.068555e-05 4.068555e-05 4.068555e-05 4.068555e-05 4.068555e-05 4.068555e-05 4.068555e-05 4.068555e-05 4.068555e-05 4.068555e-05 4.068555e-05 4.068555e-05 4.068555e-05 4.068555e-05 4.068555e-05 4.068555e-05 4.068555e-05 4.068555e-05 4.068555e-05 4.068555e-05 4.068555e-05 4.068555e-05 4.068555e-05 4.068555e-05 4.068555e-05 4.068555e-05 4.068555e-05 4.068555e-05 4.068555e-05 4.068555e-05 4.068555e-05 4.068555e-05 4.068555e-05 4.068555e-05 4.068555e-05 4.068555e-05 4.068555e-05 4.068555e-05 4.068555e-05 4.068555e-05 4.068555e-05 4.068555e-05 4.068555e-05 4.068555e-05 4.068555e-05 4.068555e-05 4.068555e-05 4.068555e-05 4.068555e-05 4.068555e-05,29 30 29 29 29 28 29 29 29 29 29 29 29 26 26 29 29 29 29 29 29 29 29 29 29 30 30 29 29 28 29 30 29 29 27 30 29 29 29 29 30 28 29 28 30 29 29 29 30 29 29 30 29 29 29 30 29 29 29 30 29 29 29 30 29 29 29 29 28 29 29 27 29 29 29 29 29 29 29 29 28 29 29 29 30 30 30 29 28 28 30 29 29 28 29 29 29 29 29 29 28 29 29 29 29 29 29 28 29 30 29 30 29 29 30 29 29 29 28 29 29 29 29 30 29 30 28 29
720,1x1x128x13,0.16856882 0.2603409 0.2159268 0.18827997 0.16984876 0.19275977 0.18444014 0.17650448 0.1942957 0.22424644 0.23486999 0.20261537 0.18149626,0.16854826 0.26030913 0.21590044 0.188257 0.16982803 0.19273625 0.18441764 0.17648295 0.19427198 0.22421908 0.23484133 0.20259063 0.1814741,5.1438415e-06 7.944247e-06 6.5889594e-06 5.745323e-06 5.1828983e-06 5.8820233e-06 5.6281515e-06 5.3859962e-06 5.9288914e-06 6.842832e-06 7.1670074e-06 6.182764e-06 5.5383193e-06,
721,13,,,2.0346088e-05 2.0346088e-05 2.0346088e-05 2.0346088e-05 2.0346088e-05 2.0346088e-05 2.0346088e-05 2.0346088e-05 2.0346088e-05 2.0346088e-05 2.0346088e-05 2.0346088e-05 2.0346088e-05,31 30 31 31 31 31 31 31 31 31 31 31 31
728,3x3x128x32,0.09732405 0.22002137 0.118882224 0.19702102 0.23399985 0.48599592 0.30969414 0.50198853 0.6079509 0.08979131 0.14976247 0.17577535 0.10638589 0.100980125 0.08671413 0.16722576 0.087822795 0.17646158 0.093956865 0.14609309 0.2304093 0.12703733 0.11591438 0.1680588 0.30355966 0.25321263 0.21880434 0.29466885 0.09556307 0.22193526 0.25899148 0.18465988,0.097312175 0.21999452 0.11886771 0.19699699 0.23397128 0.4859366 0.17419824 0.50192726 0.6078767 0.08978035 0.1497442 0.1757539 0.10637291 0.1009678 0.08670355 0.16720536 0.08781208 0.17644005 0.0939454 0.14607526 0.23038118 0.12702182 0.11590024 0.16803828 0.30352262 0.25318173 0.21877764 0.2946329 0.0955514 0.22190818 0.2589599 0.18463734,0.0007662376 0.0017322403 0.0009359662 0.0015511573 0.0018422935 0.0038262724 0.0013716397 0.0039521833 0.004786431 0.0007069319 0.0011790881 0.001383889 0.00083758193 0.00079502206 0.0006827051 0.0013165777 0.0006914337 0.0013892917 0.0007397276 0.001150199 0.001814025 0.0010001718 0.0009126003 0.001323136 0.0023899418 0.001993557 0.0017226586 0.002319944 0.00075237325 0.0017473085 0.0020390542 0.0014538373,
729,32,,,0.005637976 0.005637976 0.005637976 0.005637976 0.005637976 0.005637976 0.005637976 0.005637976 0.005637976 0.005637976 0.005637976 0.005637976 0.005637976 0.005637976 0.005637976 0.005637976 0.005637976 0.005637976 0.005637976 0.005637976 0.005637976 0.005637976 0.005637976 0.005637976 0.005637976 0.005637976 0.005637976 0.005637976 0.005637976 0.005637976 0.005637976 0.005637976,15 14 15 14 14 13 14 12 12 15 14 14 15 15 15 14 15 14 15 14 14 14 15 14 13 13 14 13 15 14 13 14
734,3x3x32x32,0.1079883 0.20126262 0.066989 0.23298572 0.108996764 0.7808793 0.2461737 0.9586138 0.08908309 0.74104744 0.21206735 0.3914115 0.79457283 0.08443221 1.1073457 0.17695443 0.114259325 0.13854612 0.22323497 0.23215318 0.15768337 0.16842572 0.6502367 0.18684117 0.18123296 0.3768016 0.2526499 1.038847 0.37844267 0.450891 0.10299795 0.6568173,0.10797512 0.20123805 0.06698082 0.23295729 0.10898346 0.780784 0.24614365 0.9584968 0.08907222 0.74095696 0.21204147 0.39136374 0.79447585 0.0844219 1.1072106 0.17693283 0.114245385 0.13852923 0.22320771 0.23212484 0.15766412 0.16840516 0.65015733 0.18681838 0.18121083 0.37675563 0.2526191 1.0387203 0.3783965 0.45083594 0.10298538 0.65673715,0.0008501978 0.0015845515 0.00052740803 0.0018343093 0.00085813744 0.0061479057 0.001938139 0.007547219 0.00070135604 0.0058343066 0.0016696178 0.0030816041 0.006255715 0.0006647394 0.008718194 0.0013931718 0.00089956995 0.0010907813 0.0017575411 0.0018277547 0.0012414497 0.0013260249 0.005119349 0.0014710109 0.001426857 0.0029665797 0.0019891267 0.0081789 0.0029795 0.0035498894 0.0008109085 0.005171159,
735,32,,,0.0051682214 0.0051682214 0.0051682214 0.0051682214 0.0051682214 0.0051682214 0.0051682214 0.0051682214 0.0051682214 0.0051682214 0.0051682214 0.0051682214 0.0051682214 0.0051682214 0.0051682214 0.0051682214 0.0051682214 0.0051682214 0.0051682214 0.0051682214 0.0051682214 0.0051682214 0.0051682214 0.0051682214 0.0051682214 0.0051682214 0.0051682214 0.0051682214 0.0051682214 0.0051682214 0.0051682214 0.0051682214,15 14 15 14 15 12 14 12 15 12 14 13 12 15 11 14 15 14 14 14 14 14 12 14 14 13 13 11 13 13 15 12
740,1x1x32x4,0.54289716 0.73109627 0.5626246 0.57722276,0.54283094 0.73100704 0.5625559 0.5771523,1.6566391e-05 2.2309245e-05 1.7168368e-05 1.761383e-05,
741,4,,,1.5260188e-05 1.5260188e-05 1.5260188e-05 1.5260188e-05,31 31 31 31
748,3x3x1x256,0.6535933 0.7585797 0.43659636 0.45774376 0.57735205 1.9929222 0.6356628 1.7151457 1.2156073 1.7138095 2.6233451 0.59064996 0.9291543 0.5996802 0.562115 1.1891732 1.1122206 0.40964895 0.36270475 0.546233 0.32891214 0.81918794 0.9900432 0.9699372 1.0657077 1.2839626 1.8862724 0.91045386 0.5190141 2.2185898 1.4005178 0.486825 4.427506 0.6347186 1.573765 0.47098485 1.1841474 2.2830365 1.4906936 0.78739196 0.44313684 0.75919014 1.7810872 0.53061026 0.46765384 0.33432117 5.657254 0.41950968 0.44555914 0.63723445 1.4751017 1.2074138 3.5677094 1.2045213 0.48599887 0.8356967 0.59684914 2.9150434 1.6909564 1.0170605 0.8014237 0.5227699 0.5803209 0.66386163 0.549154 0.6783051 4.255148 0.5819616 0.98736274 0.26618233 2.0184472 0.7082886 0.52188575 0.6711888 0.50482696 0.56463534 0.6732678 0.25141945 0.3898763 0.24070628 0.3746341 2.9511068 0.6820892 0.59418917 0.42298466 1.1790386 2.8835003 0.36442545 0.34708557 0.38935506 1.8298358 0.44478667 0.4476692 0.45254156 2.9804175 1.5984384 1.4675937 0.5065511 0.5465792 0.9792837 0.30890387 0.7330469 0.7331937 0.32831088 0.56971556 3.064103 0.3916238 2.8089397 1.0373749 0.9406167 0.36896592 2.585415 0.8809096 0.7420738 0.53823 0.33524838 0.9409958 0.78975904 0.3463352 1.1954154 0.59878 0.48568064 0.59469515 0.27201793 2.7687263 0.7798021 0.9226321 0.9364996 0.7213523 2.1131816 0.6225614 2.6468353 0.8277376 1.4989653 2.082079 0.5040016 1.9583476 2.211253 1.9179536 1.8214068 0.4116132 0.3699597 1.2399755 0.36756256 0.530604 0.5761899 0.6994772 0.73470443 0.18500027 0.4787497 0.5433699 0.92308307 0.35603803 1.1632822 1.976871 0.5360441 2.4190953 0.5515168 0.73682314 0.52614516 3.7797906 0.6054743 0.7491859 0.44199494 0.45497257 1.4302133 2.6241307 1.5605484 2.1540534 1.9749857 1.936117 1.1093248 1.2967613 5.6665816 0.502403 0.5560283 0.32642418 0.28797093 0.41845816 1.169982 0.8889851 0.78269625 1.7754672 0.71783024 0.3740032 0.8028555 0.55551195 1.1061261 2.2661076 0.9628198 0.48290277 0.751436 0.3282235 1.3835113 4.3768973 0.72418296 0.6180201 0.5430681 0.56039417 1.0073483 1.9530929 1.9052991 8.567228 0.4208214 0.5902576 1.165861 1.165845 0.96595186 6.006975 1.1275805 5.307841 0.57168734 0.49764392 0.8516064 0.41745824 0.19893187 0.7173256 3.3644507 0.6286615 2.774691 0.5660331 0.62381065 4.619923 0.5666783 3.2942479 4.496608 0.5137633 0.56421775 1.0254067 1.2375314 1.3484359 0.76908326 0.68497276 1.2445904 0.98394006 0.75768733 0.5653826 0.39322257 0.36048064 0.9343756 3.101729 0.7118656 0.37877697 1.3247961 0.656968 0.57884496 0.5342983 0.7970005 0.6788594 0.7434026 0.59764415 0.2894265 0.31628084 0.56790364 1.1402146 0.79136455,0.65351355 0.7584871 0.43654308 0.45768788 0.5772816 1.9926789 0.63558525 1.7149364 1.2154589 1.7136004 2.623025 0.59057784 0.92904085 0.599607 0.5620464 1.189028 1.112085 0.40959898 0.36266047 0.5461663 0.328872 0.8190879 0.9899224 0.96981883 1.0655776 1.2838058 1.8860422 0.91034275 0.5189508 2.2183192 1.4003469 0.4867656 4.4269657 0.6346412 1.573573 0.4709274 1.1840028 2.282758 1.4905117 0.7872959 0.44308278 0.75909746 1.7808697 0.5305455 0.46759677 0.33428037 5.6565638 0.41945848 0.44550478 0.6371567 1.4749217 1.2072664 3.567274 1.2043743 0.48593956 0.8355947 0.5967763 2.9146876 1.69075 1.0169364 0.8013259 0.5227061 0.5802501 0.66378057 0.5490869 0.6782223 4.2546287 0.5818906 0.9872423 0.26614985 2.0182009 0.7082022 0.5218221 0.6711068 0.5047654 0.56456643 0.67318565 0.2513888 0.38982874 0.2406769 0.37458837 2.9507468 0.682006 0.5941167 0.42293304 1.1788948 2.8831484 0.36438096 0.3470432 0.38930753 1.8296124 0.44473237 0.44761458 0.45248634 2.980054 1.5982432 1.4674145 0.5064893 0.5465125 0.9791642 0.30886617 0.7329574 0.7331042 0.3282708 0.569646 3.0637288 0.39157602 2.8085968 1.0372483 0.9405019 0.3689209 2.5850992 0.88080215 0.7419832 0.5381643 0.33520746 0.940881 0.78966266 0.34629294 1.1952695 0.5987069 0.48562136 0.5946226 0.27198473 2.7683885 0.77970695 0.9225195 0.9363853 0.72126424 2.1129239 0.62248546 2.6465123 0.8276366 1.4987824 2.0818248 0.5039401 1.9581085 2.210983 1.9177196 1.8211846 0.41156298 0.36991456 1.239824 0.3675177 0.5305392 0.5761196 0.69939184 0.73461473 0.1849777 0.47869125 0.5433036 0.9229704 0.35599458 1.1631402 1.9766297 0.53597873 2.4187999 0.5514495 0.73673326 0.5260809 3.7793293 0.60540044 0.7490945 0.441941 0.45491704 1.4300388 2.6238105 1.560358 2.1537907 1.9747447 1.9358808 1.1091895 1.2966031 5.6658897 0.50234175 0.5559604 0.32638437 0.2879358 0.4184071 1.1698391 0.8888766 0.78260076 1.7752506 0.7177426 0.37395757 0.8027575 0.5554441 1.105991 2.265831 0.9627023 0.48284382 0.7513443 0.32818344 1.3833424 4.3763633 0.72409457 0.61794466 0.54300183 0.56032574 1.0072253 1.9528545 1.9050666 8.566182 0.42077002 0.5901856 1.1657188 1.1657028 0.96583396 6.006242 1.1274428 5.307193 0.5716176 0.49758318 0.85150254 0.41740727 0.19890758 0.7172381 3.3640401 0.6285848 2.7743523 0.56596404 0.6237345 4.619359 0.5666091 3.293846 4.496059 0.5137006 0.5641489 1.0252815 1.2373804 1.3482713 0.76898944 0.68488914 1.2444385 0.98382 0.7575948 0.56531364 0.3931746 0.36043665 0.93426156 3.1013505 0.71177876 0.37873074 1.3246343 0.6568878 0.57877433 0.5342331 0.79690325 0.67877656 0.7433119 0.59757125 0.2893912 0.31624225 0.5678343 1.1400753 0.79126793,0.005145776 0.0059723393 0.003437347 0.0036038416 0.0045455243 0.015690384 0.005004608 0.013503436 0.009570543 0.013492917 0.02065374 0.0046502193 0.0073152822 0.004721315 0.0044255625 0.009362426 0.008756574 0.0032251887 0.0028555943 0.004300522 0.0025895434 0.0064495113 0.0077946647 0.0076363687 0.008390375 0.0101087075 0.014850726 0.007168053 0.004086227 0.01746708 0.011026354 0.0038327998 0.034858 0.0049971747 0.012390339 0.0037080897 0.009322857 0.017974472 0.011736312 0.00619918 0.0034888408 0.0059771454 0.014022596 0.0041775233 0.0036818644 0.002632129 0.044539873 0.0033028226 0.0035079117 0.005016982 0.011613557 0.009506035 0.028088773 0.009483262 0.0038262957 0.0065794857 0.0046990262 0.022950297 0.013312992 0.008007374 0.0063096527 0.004115796 0.004568898 0.0052266186 0.0043235193 0.005340333 0.033501014 0.0045818156 0.0077735614 0.002095668 0.015891345 0.005576395 0.0041088355 0.0052843057 0.003974531 0.004445405 0.0053006746 0.0019794393 0.0030695177 0.0018950937 0.0029495147 0.023234226 0.005370126 0.004678084 0.0033301814 0.0092826355 0.022701956 0.0028691413 0.0027326236 0.0030654136 0.014406397 0.0035018297 0.0035245242 0.0035628846 0.02346499 0.012584592 0.011554445 0.0039881044 0.004303248 0.0077099544 0.0024320171 0.0057713185 0.005772474 0.0025848094 0.004485402 0.02412385 0.0030832759 0.022114936 0.008167309 0.007405527 0.002904889 0.020355113 0.0069354502 0.005842387 0.0042375145 0.002639429 0.007408512 0.0062178164 0.002726716 0.009411571 0.0047142277 0.0038237902 0.004682068 0.002141612 0.021798335 0.0061394246 0.0072639333 0.0073731123 0.005679246 0.016637195 0.0049014604 0.02083868 0.0065168235 0.011801437 0.01639232 0.0039680325 0.0154181775 0.017409315 0.015100154 0.014340037 0.0032406533 0.002912713 0.009762394 0.0028938402 0.004177474 0.004536375 0.0055070226 0.005784368 0.0014565173 0.0037692224 0.0042779814 0.0072674835 0.002803107 0.009158584 0.015564013 0.004220305 0.019045668 0.004342122 0.005801049 0.004142369 0.029758498 0.0047669327 0.0058983816 0.0034798502 0.003582024 0.011260148 0.020659925 0.012286284 0.016958982 0.015549171 0.015243156 0.0087337755 0.010209473 0.044613305 0.0039554466 0.0043776412 0.0025699555 0.002267211 0.0032945443 0.009211332 0.0069990284 0.006162211 0.013978351 0.005651517 0.002944548 0.0063209254 0.0043735756 0.008708591 0.017841188 0.007580333 0.0038019198 0.005916097 0.0025841217 0.01089246 0.034459554 0.005701532 0.004865706 0.004275605 0.0044120136 0.007930907 0.015376807 0.015000525 0.067450255 0.0033131498 0.0046471306 0.009178888 0.009178762 0.007604992 0.047293242 0.008877503 0.04178892 0.004500926 0.0039179777 0.0067047444 0.0032866714 0.0015662014 0.0056475443 0.026488505 0.004949487 0.021845294 0.0044564097 0.004911295 0.036372907 0.0044614887 0.025935795 0.035402037 0.0040448867 0.004442117 0.008073083 0.009743152 0.010616309 0.006055035 0.005392828 0.009798729 0.0077466145 0.0059653134 0.0044512884 0.003095863 0.0028380838 0.0073563904 0.024420083 0.005604557 0.002982132 0.010430192 0.0051723453 0.004557278 0.0042065596 0.0062748287 0.0053446973 0.0058528497 0.0047052857 0.002278671 0.0024900965 0.0044711363 0.008976971 0.0062304563,
749,256,,,0.005637976 0.005637976 0.005637976 0.005637976 0.005637976 0.005637976 0.005637976 0.005637976 0.005637976 0.005637976 0.005637976 0.005637976 0.005637976 0.005637976 0.005637976 0.005637976 0.005637976 0.005637976 0.005637976 0.005637976 0.005637976 0.005637976 0.005637976 0.005637976 0.005637976 0.005637976 0.005637976 0.005637976 0.005637976 0.005637976 0.005637976 0.005637976 0.005637976 0.005637976 0.005637976 0.005637976 0.005637976 0.005637976 0.005637976 0.005637976 0.005637976 0.005637976 0.005637976 0.005637976 0.005637976 0.005637976 0.005637976 0.005637976 0.005637976 0.005637976 0.005637976 0.005637976 0.005637976 0.005637976 0.005637976 0.005637976 0.005637976 0.005637976 0.005637976 0.005637976 0.005637976 0.005637976 0.005637976 0.005637976 0.005637976 0.005637976 0.005637976 0.005637976 0.005637976 0.005637976 0.005637976 0.005637976 0.005637976 0.005637976 0.005637976 0.005637976 0.005637976 0.005637976 0.005637976 0.005637976 0.005637976 0.005637976 0.005637976 0.005637976 0.005637976 0.005637976 0.005637976 0.005637976 0.005637976 0.005637976 0.005637976 0.005637976 0.005637976 0.005637976 0.005637976 0.005637976 0.005637976 0.005637976 0.005637976 0.005637976 0.005637976 0.005637976 0.005637976 0.005637976 0.005637976 0.005637976 0.005637976 0.005637976 0.005637976 0.005637976 0.005637976 0.005637976 0.005637976 0.005637976 0.005637976 0.005637976 0.005637976 0.005637976 0.005637976 0.005637976 0.005637976 0.005637976 0.005637976 0.005637976 0.005637976 0.005637976 0.005637976 0.005637976 0.005637976 0.005637976 0.005637976 0.005637976 0.005637976 0.005637976 0.005637976 0.005637976 0.005637976 0.005637976 0.005637976 0.005637976 0.005637976 0.005637976 0.005637976 0.005637976 0.005637976 0.005637976 0.005637976 0.005637976 0.005637976 0.005637976 0.005637976 0.005637976 0.005637976 0.005637976 0.005637976 0.005637976 0.005637976 0.005637976 0.005637976 0.005637976 0.005637976 0.005637976 0.005637976 0.005637976 0.005637976 0.005637976 0.005637976 0.005637976 0.005637976 0.005637976 0.005637976 0.005637976 0.005637976 0.005637976 0.005637976 0.005637976 0.005637976 0.005637976 0.005637976 0.005637976 0.005637976 0.005637976 0.005637976 0.005637976 0.005637976 0.005637976 0.005637976 0.005637976 0.005637976 0.005637976 0.005637976 0.005637976 0.005637976 0.005637976 0.005637976 0.005637976 0.005637976 0.005637976 0.005637976 0.005637976 0.005637976 0.005637976 0.005637976 0.005637976 0.005637976 0.005637976 0.005637976 0.005637976 0.005637976 0.005637976 0.005637976 0.005637976 0.005637976 0.005637976 0.005637976 0.005637976 0.005637976 0.005637976 0.005637976 0.005637976 0.005637976 0.005637976 0.005637976 0.005637976 0.005637976 0.005637976 0.005637976 0.005637976 0.005637976 0.005637976 0.005637976 0.005637976 0.005637976 0.005637976 0.005637976 0.005637976 0.005637976 0.005637976 0.005637976 0.005637976 0.005637976 0.005637976 0.005637976 0.005637976 0.005637976 0.005637976 0.005637976 0.005637976 0.005637976 0.005637976 0.005637976 0.005637976 0.005637976 0.005637976 0.005637976 0.005637976,15 15 16 16 15 13 15 14 14 14 13 15 15 15 15 14 14 16 16 15 16 15 15 15 14 14 14 15 15 13 14 16 12 15 14 16 14 13 14 15 16 15 14 15 16 16 12 16 16 15 14 14 13 14 16 15 15 13 14 14 15 15 15 15 15 15 12 15 15 16 13 15 15 15 15 15 15 16 16 16 16 13 15 15 16 14 13 16 16 16 14 16 16 16 13 14 14 15 15 15 16 15 15 16 15 13 16 13 14 15 16 13 15 15 15 16 15 15 16 14 15 16 15 16 13 15 15 15 15 13 15 13 15 14 13 15 14 13 14 14 16 16 14 16 15 15 15 15 16 16 15 15 16 14 14 15 13 15 15 15 13 15 15 16 16 14 13 14 13 14 14 14 14 12 15 15 16 16 16 14 15 15 14 15 16 15 15 14 13 15 16 15 16 14 12 15 15 15 15 14 14 14 11 16 15 14 14 15 12 14 12 15 15 15 16 16 15 13 15 13 15 15 12 15 13 12 15 15 14 14 14 15 15 14 15 15 15 16 16 15 13 15 16 14 15 15 15 15 15 15 15 16 16 15 14 15
754,1x1x256x128,0.17355962 0.14323007 0.17530595 0.12747553 0.54780287 0.10345745 0.08788912 0.119564034 0.32047802 0.17968494 0.2120485 0.15618256 0.15619797 0.21313179 0.4483724 0.46124452 0.1520372 0.118089214 0.17239949 0.18248712 0.1651585 0.10254193 0.736054 0.17780529 0.14712657 0.17195478 0.2677169 0.21441492 0.5462525 0.21968615 0.08782484 0.12523276 0.15358125 0.23470402 0.38075173 0.37050408 0.27435791 0.18025844 0.07183944 0.08917191 0.104551256 0.1944077 0.22684142 0.18282774 0.06943254 0.35733873 0.14818805 0.13589776 0.15270594 0.029235102 0.17940995 0.14561792 0.15702754 0.6940715 0.16327606 0.0776189 0.20472777 0.20229058 0.2053556 0.21423733 0.2339646 0.23449858 0.42653754 0.087680675 0.14372009 0.16605307 0.23439795 0.39184183 0.29883286 0.14441217 0.4580089 0.13239956 0.092230186 0.12674008 0.27383167 0.3979029 0.20242165 0.177095 0.26579893 0.25798196 0.40479657 0.095370464 0.15823716 0.20745175 0.21651646 0.15597296 0.14550768 0.13703792 0.27222335 0.23694877 0.20642838 0.16751829 0.29864842 0.34049335 0.1866254 0.1184891 0.08269968 0.16453817 0.16461225 0.19359307 0.19382524 0.1575014 0.3428919 0.18735807 0.21931712 0.13964018 0.15369512 0.08859428 0.17370231 0.31670487 0.16434631 0.1856122 0.1456524 0.09338933 0.27743924 0.079067625 0.19565506 0.18024495 0.12131919 0.2255794 0.20475571 0.26016402 0.2086492 0.19013153 0.16547006 0.29308376 0.21241103 0.1908084,0.17353843 0.14321259 0.17528455 0.12745997 0.54773605 0.10344483 0.0878784 0.11954944 0.3204389 0.17966302 0.21202263 0.1561635 0.15617889 0.21310578 0.44831768 0.46118823 0.15201865 0.1180748 0.17237845 0.18246485 0.16513835 0.10252942 0.7359642 0.1777836 0.14710861 0.17193379 0.26768422 0.21438876 0.5461858 0.21965934 0.08781412 0.12521748 0.1535625 0.23467538 0.38070527 0.37045887 0.27432442 0.18023643 0.071830675 0.08916103 0.1045385 0.19438398 0.22681373 0.18280542 0.06942406 0.3572951 0.14816998 0.13588117 0.15268731 0.029231533 0.17938805 0.14560015 0.15700838 0.6939868 0.16325614 0.07760942 0.2047028 0.20226589 0.20533054 0.2142112 0.23393606 0.23446997 0.4264855 0.087669976 0.14370255 0.1660328 0.23436935 0.39179403 0.29879642 0.14439456 0.457953 0.13238339 0.092218935 0.12672462 0.27379823 0.39785433 0.20239694 0.17707337 0.26576647 0.25795045 0.4047472 0.095358826 0.15821785 0.20742643 0.21649003 0.15595391 0.14548993 0.13702118 0.27219012 0.23691987 0.2064032 0.16749784 0.29861197 0.34045178 0.18660262 0.11847464 0.08268959 0.1645181 0.16459216 0.19356945 0.19380158 0.15748218 0.34285006 0.1873352 0.21929036 0.13962315 0.15367636 0.08858347 0.17368113 0.31666622 0.16432625 0.18558955 0.14563462 0.09337794 0.27740538 0.07905798 0.19563118 0.18022296 0.121304385 0.22555186 0.20473072 0.26013225 0.20862374 0.19010833 0.16544987 0.293048 0.21238512 0.19078512,0.0013664444 0.0011276582 0.0013801933 0.0010036218 0.004312882 0.0008145262 0.0006919559 0.0009413342 0.002523141 0.0014146694 0.0016694695 0.0012296338 0.001229755 0.0016779983 0.0035300604 0.0036314034 0.0011969972 0.0009297228 0.0013573107 0.0014367311 0.001300302 0.00080731825 0.0057949936 0.0013998708 0.0011583356 0.0013538094 0.0021077497 0.0016881005 0.0043006754 0.0017296012 0.0006914498 0.0009859644 0.0012091536 0.0018478376 0.0029976792 0.002916999 0.0021600348 0.0014191845 0.00056559587 0.00070205535 0.0008231378 0.0015305826 0.0017859349 0.0014394127 0.0005466462 0.0028133471 0.0011666927 0.0010699305 0.0012022622 0.00023016955 0.0014125044 0.0011464579 0.0012362865 0.0054644626 0.0012854814 0.0006110978 0.001611833 0.0015926448 0.0016167759 0.0016867024 0.0018420162 0.0018462202 0.0033581536 0.00069031474 0.0011315162 0.0013073449 0.001845428 0.0030849923 0.0023527276 0.001136965 0.0036059292 0.001042389 0.00072613335 0.0009978316 0.0021558916 0.0031327112 0.0015936767 0.0013942785 0.0020926495 0.002031106 0.0031869856 0.0007508569 0.0012458098 0.0016332789 0.0017046459 0.0012279836 0.00114559 0.0010789069 0.0021432294 0.0018655107 0.001625222 0.0013188807 0.0023512754 0.0026807226 0.001469312 0.0009328712 0.00065109914 0.0012954181 0.0012960013 0.0015241689 0.0015259967 0.0012400171 0.0026996068 0.0014750803 0.0017266958 0.0010993949 0.0012100501 0.00069750764 0.0013675679 0.0024934348 0.0012939075 0.0014613351 0.0011467293 0.0007352594 0.0021842944 0.00062250375 0.001540403 0.0014190784 0.0009551526 0.0017759989 0.0016120529 0.0020482854 0.0016427066 0.0014969159 0.0013027549 0.0023074646 0.0016723238 0.0015022451,
755,128,,,0.0051682214 0.0051682214 0.0051682214 0.0051682214 0.0051682214 0.0051682214 0.0051682214 0.0051682214 0.0051682214 0.0051682214 0.0051682214 0.0051682214 0.0051682214 0.0051682214 0.0051682214 0.0051682214 0.0051682214 0.0051682214 0.0051682214 0.0051682214 0.0051682214 0.0051682214 0.0051682214 0.0051682214 0.0051682214 0.0051682214 0.0051682214 0.0051682214 0.0051682214 0.0051682214 0.0051682214 0.0051682214 0.0051682214 0.0051682214 0.0051682214 0.0051682214 0.0051682214 0.0051682214 0.0051682214 0.0051682214 0.0051682214 0.0051682214 0.0051682214 0.0051682214 0.0051682214 0.0051682214 0.0051682214 0.0051682214 0.0051682214 0.0051682214 0.0051682214 0.0051682214 0.0051682214 0.0051682214 0.0051682214 0.0051682214 0.0051682214 0.0051682214 0.0051682214 0.0051682214 0.0051682214 0.0051682214 0.0051682214 0.0051682214 0.0051682214 0.0051682214 0.0051682214 0.0051682214 0.0051682214 0.0051682214 0.0051682214 0.0051682214 0.0051682214 0.0051682214 0.0051682214 0.0051682214 0.0051682214 0.0051682214 0.0051682214 0.0051682214 0.0051682214 0.0051682214 0.0051682214 0.0051682214 0.0051682214 0.0051682214 0.0051682214 0.0051682214 0.0051682214 0.0051682214 0.0051682214 0.0051682214 0.0051682214 0.0051682214 0.0051682214 0.0051682214 0.0051682214 0.0051682214 0.0051682214 0.0051682214 0.0051682214 0.0051682214 0.0051682214 0.0051682214 0.0051682214 0.0051682214 0.0051682214 0.0051682214 0.0051682214 0.0051682214 0.0051682214 0.0051682214 0.0051682214 0.0051682214 0.0051682214 0.0051682214 0.0051682214 0.0051682214 0.0051682214 0.0051682214 0.0051682214 0.0051682214 0.0051682214 0.0051682214 0.0051682214 0.0051682214 0.0051682214 0.0051682214,13 13 13 13 11 14 14 14 12 13 13 13 13 13 12 12 13 14 13 13 13 14 11 13 13 13 12 13 11 13 14 13 13 13 12 12 12 13 14 14 14 13 13 13 14 12 13 13 13 16 13 13 13 11 13 14 13 13 13 13 13 13 12 14 13 13 13 12 12 13 12 13 14 13 12 12 13 13 12 12 12 14 13 13 13 13 13 13 12 13 13 13 12 12 13 14 14 13 13 13 13 13 12 13 13 13 13 14 13 12 13 13 13 14 12 14 13 13 14 13 13 12 13 13 13 12 13 13
760,3x3x1x128,0.08159463 0.26723823 0.20343952 0.17665683 1.6021514 0.120016135 1.0929719 0.1661424 0.1086307 0.37451416 0.77206147 0.15982546 0.66274816 0.104258075 0.14246936 0.100669205 0.5899396 0.4198954 0.26531547 0.18697229 0.7835241 0.22182551 1.3913937 0.16017152 0.24617091 0.15280601 0.32583112 0.10322641 0.23171471 0.6550094 0.5232485 1.2820656 0.17244996 0.18717504 0.25645825 0.17111355 0.51430917 0.09507745 0.6557938 0.23978966 0.14129852 0.47342053 0.24189317 0.1164923 0.46364927 0.3919834 0.16469254 0.15642089 0.09768604 3.1038387 0.20006047 0.1083044 0.35144052 1.2915074 0.7733205 0.5374678 0.8841254 0.20440878 0.20552623 0.06384589 0.09189193 0.21997292 0.17145176 0.7134305 0.14149228 0.12930329 0.20576474 0.10624557 0.108264364 3.9515967 0.12018997 4.0283804 0.9517279 0.19625285 0.05341761 0.19567311 0.11561477 0.83639616 0.19955826 0.081986845 0.18509445 0.39860445 0.15989241 0.42690352 0.7647811 3.860082 1.1793418 0.16772722 0.13009682 0.159373 0.14962955 0.08514866 1.0143024 3.4032981 0.10793448 0.4728259 0.42726433 0.2007208 0.37899634 1.4073428 0.16471854 0.11812953 0.105858445 0.3248793 0.12226461 0.40078503 0.42965013 0.19610448 0.12378656 0.15221949 0.1631958 0.0669633 3.8614159 0.17290513 0.08425166 1.2250992 0.112606004 0.26952723 0.34865493 0.19836767 0.046164654 0.7677398 0.09064638 0.068015635 0.13376494 0.5334608 0.30199426 0.31565425,0.08158468 0.2672056 0.2034147 0.17663527 1.6019559 0.12000149 1.0928385 0.16612214 0.10861744 0.37446848 0.77196723 0.15980595 0.6626673 0.10424536 0.14245197 0.10065692 0.5898676 0.41984415 0.26528308 0.18694946 0.78342843 0.22179843 1.3912238 0.16015197 0.24614087 0.15278736 0.32579133 0.10321381 0.23168644 0.65492946 0.5231846 1.2819092 0.1724289 0.18715219 0.25642696 0.17109266 0.5142464 0.09506584 0.6557138 0.2397604 0.14128128 0.47336277 0.24186365 0.116478086 0.4635927 0.39193556 0.16467243 0.1564018 0.09767412 3.1034598 0.20003605 0.10829119 0.35139763 1.2913498 0.7732261 0.53740215 0.8840175 0.20438384 0.20550114 0.063838094 0.09188072 0.21994609 0.17143084 0.7133435 0.141475 0.12928751 0.20573963 0.1062326 0.10825115 3.9511147 0.12017531 4.027889 0.9516118 0.19622889 0.05341109 0.19564924 0.11560066 0.8362941 0.1995339 0.08197684 0.18507186 0.3985558 0.1598729 0.42685142 0.7646878 3.8596108 1.1791978 0.16770676 0.13008094 0.15935354 0.14961128 0.085138276 1.0141785 3.4028828 0.10792131 0.47276822 0.4272122 0.2006963 0.3789501 1.407171 0.16469844 0.11811511 0.105845526 0.32483962 0.12224969 0.40073612 0.42959768 0.19608055 0.12377146 0.15220092 0.1631759 0.06695513 3.8609447 0.17288403 0.084241375 1.2249497 0.11259226 0.26949435 0.3486124 0.19834347 0.046159018 0.7676461 0.090635315 0.068007335 0.13374862 0.53339565 0.30195743 0.31561574,0.000642399 0.002103981 0.0016016905 0.0013908289 0.0126138255 0.0009448936 0.008605028 0.0013080484 0.0008552554 0.0029485708 0.006078482 0.0012583146 0.0052178525 0.0008208296 0.0011216691 0.0007925742 0.0046446268 0.0033058594 0.0020888431 0.001472043 0.0061687278 0.0017464444 0.010954518 0.0012610392 0.0019381171 0.00120305 0.0025652861 0.0008127072 0.0018243027 0.005156925 0.004119564 0.010093774 0.0013577079 0.0014736393 0.00201911 0.0013471863 0.0040491843 0.00074854994 0.0051631005 0.0018878771 0.001112451 0.0037272659 0.0019044382 0.0009171503 0.0036503363 0.0030861069 0.0012966334 0.0012315102 0.0007690875 0.024436692 0.001575087 0.0008526865 0.0027669105 0.010168108 0.006088394 0.004231513 0.006960768 0.0016093216 0.0016181192 0.00050266215 0.00072347024 0.0017318589 0.0013498492 0.005616878 0.0011139765 0.001018012 0.0016199971 0.00083647715 0.0008523712 0.03111114 0.00094626227 0.03171566 0.0074930065 0.0015451094 0.00042055975 0.0015405451 0.00091024145 0.006584993 0.001571133 0.0006454869 0.0014572587 0.0031382346 0.0012588417 0.003361035 0.0060211634 0.030390637 0.009285022 0.0013205257 0.0010242594 0.0012547523 0.0011780416 0.00067038013 0.007985658 0.026794354 0.0008497741 0.0037225843 0.0033638757 0.0015802858 0.002983859 0.011080087 0.001296838 0.00093004026 0.00083342934 0.0025577922 0.000962596 0.0031554026 0.0033826588 0.0015439413 0.00097457843 0.0011984324 0.0012848496 0.0005272057 0.03040114 0.0013612916 0.0006633179 0.009645273 0.0008865532 0.002122003 0.0027449795 0.0015617596 0.00036345684 0.006044457 0.0007136639 0.0005354908 0.0010531388 0.004199966 0.0023776176 0.0024851633,
761,128,,,0.0088587785 0.0088587785 0.0088587785 0.0088587785 0.0088587785 0.0088587785 0.0088587785 0.0088587785 0.0088587785 0.0088587785 0.0088587785 0.0088587785 0.0088587785 0.0088587785 0.0088587785 0.0088587785 0.0088587785 0.0088587785 0.0088587785 0.0088587785 0.0088587785 0.0088587785 0.0088587785 0.0088587785 0.0088587785 0.0088587785 0.0088587785 0.0088587785 0.0088587785 0.0088587785 0.0088587785 0.0088587785 0.0088587785 0.0088587785 0.0088587785 0.0088587785 0.0088587785 0.0088587785 0.0088587785 0.0088587785 0.0088587785 0.0088587785 0.0088587785 0.0088587785 0.0088587785 0.0088587785 0.0088587785 0.0088587785 0.0088587785 0.0088587785 0.0088587785 0.0088587785 0.0088587785 0.0088587785 0.0088587785 0.0088587785 0.0088587785 0.0088587785 0.0088587785 0.0088587785 0.0088587785 0.0088587785 0.0088587785 0.0088587785 0.0088587785 0.0088587785 0.0088587785 0.0088587785 0.0088587785 0.0088587785 0.0088587785 0.0088587785 0.0088587785 0.0088587785 0.0088587785 0.0088587785 0.0088587785 0.0088587785 0.0088587785 0.0088587785 0.0088587785 0.0088587785 0.0088587785 0.0088587785 0.0088587785 0.0088587785 0.0088587785 0.0088587785 0.0088587785 0.0088587785 0.0088587785 0.0088587785 0.0088587785 0.0088587785 0.0088587785 0.0088587785 0.0088587785 0.0088587785 0.0088587785 0.0088587785 0.0088587785 0.0088587785 0.0088587785 0.0088587785 0.0088587785 0.0088587785 0.0088587785 0.0088587785 0.0088587785 0.0088587785 0.0088587785 0.0088587785 0.0088587785 0.0088587785 0.0088587785 0.0088587785 0.0088587785 0.0088587785 0.0088587785 0.0088587785 0.0088587785 0.0088587785 0.0088587785 0.0088587785 0.0088587785 0.0088587785 0.0088587785 0.0088587785,16 16 16 16 14 16 14 16 16 16 15 16 15 16 16 16 15 16 16 16 15 16 14 16 16 16 16 16 16 15 15 14 16 16 16 16 15 16 15 16 16 16 16 16 16 16 16 16 16 13 16 16 16 14 15 15 15 16 16 16 16 16 16 15 16 16 16 16 16 13 16 12 15 16 16 16 16 15 16 16 16 16 16 16 15 13 14 16 16 16 16 16 14 13 16 16 16 16 16 14 16 16 16 16 16 16 16 16 16 16 16 16 13 16 16 14 16 16 16 16 16 15 16 16 16 15 16 16
766,1x1x128x128,0.14283057 0.25791112 0.17931376 0.28554848 0.23937508 0.2858912 0.42642507 0.20988147 0.3152913 0.31738108 0.16657452 0.26117167 0.27889076 0.15542427 0.33495945 0.52189034 0.19972104 0.30572197 0.27597773 0.23650272 0.2656259 0.21046372 0.1408462 0.25533235 0.17837858 0.26629475 0.5285727 0.41016164 0.15263356 0.18208666 0.20688763 0.32347172 0.35860032 0.27420804 0.33299765 0.22410397 0.22433265 0.31887293 0.4142429 2.209848 0.22861357 0.95800275 0.12794322 0.12641205 0.15117468 0.24353565 0.3230117 0.252515 0.31392825 0.19935672 0.32778904 0.19027808 0.20092998 0.22167486 0.1948017 0.22230603 0.13790588 0.5443986 0.3595855 0.21380672 0.19357887 0.20927465 0.28496504 0.18870078 0.9239988 0.13168892 0.20324743 0.41957253 0.18827155 0.20700203 0.37955058 0.23822874 0.15329136 0.3818887 0.24296783 0.2126808 0.16261968 0.16565408 0.44450086 0.096506946 0.15094997 0.15307438 0.11378845 0.0992343 0.36521813 0.27637935 0.18339048 0.3131534 0.1581978 0.16307229 0.2789945 0.25397015 0.26584604 0.37557492 0.26157975 0.14111796 0.21783824 0.2869653 0.46685454 0.19935331 0.15433064 0.23597062 0.15844822 0.78423446 0.26372963 0.1653974 0.30438673 0.27083555 0.19238964 0.11651061 0.23259053 0.5094407 0.28894284 0.31190708 0.687554 0.35058743 1.4377685 0.27383804 0.1348918 0.1776881 3.2514546 0.38641813 0.10763728 0.1546464 0.23265816 0.32255837 0.18723963 0.21195355,0.14281313 0.25787964 0.17929189 0.2855136 0.23934586 0.28585634 0.42637303 0.20985585 0.3152528 0.31734237 0.1665542 0.26113978 0.27885672 0.1554053 0.3349186 0.5218267 0.19969667 0.30568466 0.27594405 0.23647386 0.2655935 0.21043804 0.14082901 0.2553012 0.17835681 0.26626223 0.5285081 0.4101116 0.15261494 0.18206443 0.20686238 0.32343227 0.35855654 0.27417457 0.33295703 0.22407661 0.22430526 0.318834 0.41419232 2.2095783 0.22858566 0.95788586 0.1279276 0.12639661 0.15115623 0.24350594 0.3229723 0.25248417 0.31388995 0.1993324 0.327749 0.19025485 0.20090547 0.22164781 0.19477792 0.22227891 0.13788904 0.5443322 0.35954162 0.21378063 0.19355524 0.20924911 0.28493026 0.18867774 0.923886 0.13167286 0.20322263 0.41952133 0.18824857 0.20697676 0.37950423 0.23819967 0.15327264 0.38184208 0.24293818 0.21265484 0.16259983 0.16563387 0.44444662 0.09649517 0.15093154 0.15305571 0.11377456 0.09922218 0.36517358 0.2763456 0.1833681 0.31311515 0.15817851 0.1630524 0.27896044 0.25393915 0.26581362 0.37552908 0.26154783 0.14110073 0.21781166 0.2869303 0.46679756 0.19932899 0.1543118 0.23594183 0.15842889 0.7841388 0.26369745 0.16537723 0.30434957 0.2708025 0.19236617 0.116496384 0.23256214 0.50937855 0.2889076 0.311869 0.6874701 0.35054466 1.437593 0.2738046 0.13487533 0.17766641 3.2510576 0.38637096 0.10762414 0.15462753 0.23262976 0.322519 0.18721677 0.21192768,4.3584437e-06 7.870102e-06 5.471721e-06 8.7134495e-06 7.304479e-06 8.72391e-06 1.301227e-05 6.404488e-06 9.621046e-06 9.684816e-06 5.082986e-06 7.9695965e-06 8.510292e-06 4.742738e-06 1.0221216e-05 1.5925372e-05 6.094445e-06 9.32904e-06 8.421402e-06 7.2168295e-06 8.105518e-06 6.4222554e-06 4.2978913e-06 7.791412e-06 5.443184e-06 8.125927e-06 1.6129281e-05 1.2515995e-05 4.6575806e-06 5.556335e-06 6.3131315e-06 9.8706705e-06 1.0942611e-05 8.3673995e-06 1.0161352e-05 6.8384843e-06 6.845462e-06 9.730338e-06 1.2640532e-05 6.743304e-05 6.9760936e-06 2.9233248e-05 3.9041597e-06 3.8574362e-06 4.613063e-06 7.4314385e-06 9.856633e-06 7.705441e-06 9.579453e-06 6.0833277e-06 1.0002412e-05 5.8062947e-06 6.1313353e-06 6.764361e-06 5.944332e-06 6.783621e-06 4.208168e-06 1.6612208e-05 1.0972674e-05 6.524266e-06 5.907017e-06 6.385971e-06 8.695647e-06 5.7581633e-06 2.8195624e-05 4.0184595e-06 6.2020517e-06 1.2803166e-05 5.745066e-06 6.316622e-06 1.1581904e-05 7.269499e-06 4.6776527e-06 1.1653251e-05 7.414111e-06 6.489909e-06 4.9623045e-06 5.054899e-06 1.3563848e-05 2.9448886e-06 4.6062055e-06 4.671032e-06 3.47223e-06 3.028113e-06 1.1144553e-05 8.433656e-06 5.5961214e-06 9.555808e-06 4.8273723e-06 4.976116e-06 8.513457e-06 7.749844e-06 8.112235e-06 1.1460588e-05 7.98205e-06 4.306184e-06 6.647287e-06 8.756685e-06 1.4245966e-05 6.0832235e-06 4.7093663e-06 7.200593e-06 4.8350134e-06 2.3930746e-05 8.047653e-06 5.0470667e-06 9.288296e-06 8.264488e-06 5.8707287e-06 3.555296e-06 7.0974497e-06 1.5545475e-05 8.817029e-06 9.517777e-06 2.0980562e-05 1.0698101e-05 4.3873195e-05 8.356108e-06 4.116194e-06 5.422114e-06 9.921743e-05 1.1791466e-05 3.2845285e-06 4.719002e-06 7.0995134e-06 9.842799e-06 5.7135767e-06 6.467717e-06,
767,128,,,4.0685554e-05 4.0685554e-05 4.0685554e-05 4.0685554e-05 4.0685554e-05 4.0685554e-05 4.0685554e-05 4.0685554e-05 4.0685554e-05 4.0685554e-05 4.0685554e-05 4.0685554e-05 4.0685554e-05 4.0685554e-05 4.0685554e-05 4.0685554e-05 4.0685554e-05 4.0685554e-05 4.0685554e-05 4.0685554e-05 4.0685554e-05 4.0685554e-05 4.0685554e-05 4.0685554e-05 4.0685554e-05 4.0685554e-05 4.0685554e-05 4.0685554e-05 4.0685554e-05 4.0685554e-05 4.0685554e-05 4.0685554e-05 4.0685554e-05 4.0685554e-05 4.0685554e-05 4.0685554e-05 4.0685554e-05 4.0685554e-05 4.0685554e-05 4.0685554e-05 4.0685554e-05 4.0685554e-05 4.0685554e-05 4.0685554e-05 4.0685554e-05 4.0685554e-05 4.0685554e-05 4.0685554e-05 4.0685554e-05 4.0685554e-05 4.0685554e-05 4.0685554e-05 4.0685554e-05 4.0685554e-05 4.0685554e-05 4.0685554e-05 4.0685554e-05 4.0685554e-05 4.0685554e-05 4.0685554e-05 4.0685554e-05 4.0685554e-05 4.0685554e-05 4.0685554e-05 4.0685554e-05 4.0685554e-05 4.0685554e-05 4.0685554e-05 4.0685554e-05 4.0685554e-05 4.0685554e-05 4.0685554e-05 4.0685554e-05 4.0685554e-05 4.0685554e-05 4.0685554e-05 4.0685554e-05 4.0685554e-05 4.0685554e-05 4.0685554e-05 4.0685554e-05 4.0685554e-05 4.0685554e-05 4.0685554e-05 4.0685554e-05 4.0685554e-05 4.0685554e-05 4.0685554e-05 4.0685554e-05 4.0685554e-05 4.0685554e-05 4.0685554e-05 4.0685554e-05 4.0685554e-05 4.0685554e-05 4.0685554e-05 4.0685554e-05 4.0685554e-05 4.0685554e-05 4.0685554e-05 4.0685554e-05 4.0685554e-05 4.0685554e-05 4.0685554e-05 4.0685554e-05 4.0685554e-05 4.0685554e-05 4.0685554e-05 4.0685554e-05 4.0685554e-05 4.0685554e-05 4.0685554e-05 4.0685554e-05 4.0685554e-05 4.0685554e-05 4.0685554e-05 4.0685554e-05 4.0685554e-05 4.0685554e-05 4.0685554e-05 4.0685554e-05 4.0685554e-05 4.0685554e-05 4.0685554e-05 4.0685554e-05 4.0685554e-05 4.0685554e-05 4.0685554e-05,29 28 29 28 29 28 28 29 28 28 29 28 28 29 28 27 29 28 28 29 28 29 29 28 29 28 27 28 29 29 29 28 28 28 28 29 29 28 28 25 29 27 29 29 29 29 28 28 28 29 28 29 29 29 29 29 29 27 28 29 29 29 28 29 27 29 29 28 29 29 28 29 29 28 29 29 29 29 28 30 29 29 30 30 28 28 29 28 29 29 28 28 28 28 28 29 29 28 28 29 29 29 29 27 28 29 28 28 29 30 29 27 28 28 27 28 26 28 29 29 25 28 30 29 29 28 29 29
772,1x1x128x13,0.213452 0.22360331 0.18985704 0.19383527 0.22799309 0.17161211 0.19095449 0.19685322 0.2113943 0.18025444 0.18725063 0.23238283 0.17353263,0.21342595 0.22357601 0.18983386 0.19381163 0.22796525 0.17159118 0.19093119 0.1968292 0.21136849 0.18023244 0.18722779 0.23235448 0.17351146,6.513442e-06 6.8232066e-06 5.7934467e-06 5.914842e-06 6.9571597e-06 5.236707e-06 5.826935e-06 6.0069337e-06 6.450651e-06 5.5004252e-06 5.7139127e-06 7.0911124e-06 5.295311e-06,
773,13,,,2.123055e-05 2.123055e-05 2.123055e-05 2.123055e-05 2.123055e-05 2.123055e-05 2.123055e-05 2.123055e-05 2.123055e-05 2.123055e-05 2.123055e-05 2.123055e-05 2.123055e-05,31 31 31 31 31 31 31 31 31 31 31 31 31
780,3x3x256x32,0.09608204 0.12220284 0.13200417 0.23684666 0.06737894 0.07588925 0.04098227 0.035019096 0.1561559 0.100403786 0.16096379 0.32404312 0.098007776 0.35732383 0.14814852 0.09953748 0.06488582 0.12904847 0.20117837 0.08381198 0.10408907 0.28476614 0.22117682 0.108132794 0.54612637 0.11962047 0.118102945 0.07512038 0.2699287 0.15250058 0.11029606 0.15506089,0.09607031 0.122187935 0.13198806 0.23681775 0.06737072 0.07587999 0.04097727 0.035014823 0.15613684 0.10039154 0.16094413 0.32400358 0.09799581 0.35728022 0.14813043 0.099525325 0.0648779 0.12903272 0.20115383 0.083801754 0.10407636 0.2847314 0.15204895 0.1081196 0.2901255 0.11960587 0.118088536 0.07511121 0.26989573 0.15248197 0.11028261 0.15504196,0.00075645914 0.0009621097 0.0010392761 0.0018647066 0.00053047814 0.0005974802 0.00032265566 0.00027570728 0.0012294239 0.00079048454 0.0012672766 0.0025512092 0.00077162054 0.00281323 0.0011663814 0.000783664 0.0005108496 0.0010160056 0.0015838884 0.0006598563 0.0008194989 0.0022419794 0.0011972358 0.0008513354 0.0022844528 0.0009417785 0.000929831 0.00059142685 0.0021251633 0.0012006455 0.000868367 0.0012208029,
781,32,,,0.004594058 0.004594058 0.004594058 0.004594058 0.004594058 0.004594058 0.004594058 0.004594058 0.004594058 0.004594058 0.004594058 0.004594058 0.004594058 0.004594058 0.004594058 0.004594058 0.004594058 0.004594058 0.004594058 0.004594058 0.004594058 0.004594058 0.004594058 0.004594058 0.004594058 0.004594058 0.004594058 0.004594058 0.004594058 0.004594058 0.004594058 0.004594058,14 14 13 13 14 14 15 15 13 14 13 12 14 12 13 14 14 13 13 14 14 12 13 14 12 14 14 14 12 13 14 13
786,3x3x32x32,0.20735776 0.11016499 0.49249008 0.19202541 0.026704332 0.120529 0.0885601 0.14911243 0.039493557 0.6486706 0.054068405 0.24182856 0.46544337 0.54181147 0.6580728 0.03049651 0.3357174 0.080353715 0.35970703 0.14728583 0.083136946 0.06346575 0.05537302 0.16111481 0.09716385 0.5661202 0.11573911 0.18801498 0.16220503 0.4715 0.10610987 0.07419336,0.20733245 0.11015155 0.49243 0.19200198 0.026701074 0.12051429 0.08854929 0.14909424 0.039488737 0.64859146 0.054061804 0.24179906 0.46538657 0.5417453 0.6579925 0.030492788 0.33567643 0.08034391 0.35966313 0.14726785 0.0831268 0.06345801 0.055366263 0.16109516 0.097151995 0.5660511 0.11572498 0.18799204 0.16218522 0.47144246 0.10609692 0.0741843,0.001632539 0.00086733507 0.0038774016 0.0015118266 0.00021024467 0.0009489314 0.00069723855 0.0011739704 0.00031093493 0.0051070196 0.0004256835 0.0019039296 0.0036644612 0.004265711 0.005181043 0.0002401007 0.0026431214 0.0006326292 0.0028319932 0.0011595894 0.0006545417 0.00049966935 0.00043595483 0.0012684658 0.0007649763 0.0044570956 0.0009112203 0.0014802522 0.001277049 0.0037121454 0.00083540886 0.0005841283,
787,32,,,0.004277269 0.004277269 0.004277269 0.004277269 0.004277269 0.004277269 0.004277269 0.004277269 0.004277269 0.004277269 0.004277269 0.004277269 0.004277269 0.004277269 0.004277269 0.004277269 0.004277269 0.004277269 0.004277269 0.004277269 0.004277269 0.004277269 0.004277269 0.004277269 0.004277269 0.004277269 0.004277269 0.004277269 0.004277269 0.004277269 0.004277269 0.004277269,13 14 12 13 16 14 14 13 15 11 15 13 12 11 11 16 12 14 12 13 14 14 15 13 14 11 14 13 13 12 14 14
792,1x1x32x4,0.6964438 0.7036674 0.5426228 0.62590706,0.6963588 0.7035815 0.5425566 0.6258307,2.1251833e-05 2.1472259e-05 1.6558019e-05 1.909942e-05,
793,4,,,1.62774e-05 1.62774e-05 1.62774e-05 1.62774e-05,31 31 31 31
800,3x3x1x512,0.86371285 1.7639745 0.40879434 2.7961123 0.31114757 0.4128213 0.8384041 1.3379937 1.1478986 0.91808033 1.2612319 0.3678787 0.9141054 0.46948817 1.2196993 0.40141296 0.5914906 0.31606188 0.27737626 2.1544704 2.4310362 0.51155204 2.1471446 0.5829644 0.45134374 0.7019498 1.2018685 0.6480266 1.3011084 0.19858848 0.26729563 1.0153131 1.2839144 1.0925292 1.8138231 0.85028887 0.31231806 0.34648877 0.9028545 2.2314389 0.17500377 0.22587447 0.45190966 1.9924023 0.716581 0.12862313 0.38469824 0.612516 0.7546161 1.0620368 0.24928032 1.0603476 0.25368753 0.88691527 2.025904 0.44713518 1.0006458 0.19789444 2.8361652 2.2813237 0.61731875 1.8986542 0.8349915 1.6534672 0.92216027 0.4260605 0.80014277 0.90229 0.76968366 1.7328258 1.6735601 1.2461954 0.7635822 0.82885265 1.116624 1.6155252 1.3068374 1.0017242 0.939897 0.2610653 0.21975741 3.4608548 2.2798264 1.4173899 0.67331004 1.6204419 0.3847082 0.15206726 0.28775597 0.4588838 0.7718626 0.8889159 1.0309886 0.7184915 1.3090351 1.0639601 1.4362289 0.1452822 4.94168 1.3603592 1.3336984 0.3228201 0.6543461 0.4237129 0.968567 0.3595034 0.3648623 0.5869158 0.52359706 0.5775707 0.7887804 1.1312854 0.7134033 1.058223 1.2916925 0.49641192 0.9398373 0.24855372 2.3005424 1.1538237 0.50664485 0.47161463 0.65300584 0.91686136 0.7627054 0.33428428 0.88602394 0.87845325 4.187701 0.6937449 0.8072076 1.0206516 0.7661154 0.28998023 0.7791818 0.33232892 1.3026724 0.63725823 0.79899246 0.5497133 0.33624026 0.35765 0.8381016 0.73335296 0.83016634 0.9520211 0.5322382 0.82744527 2.0123825 0.6342325 0.19048171 1.2415751 0.90071243 0.47876903 0.81467974 0.7715373 0.17051646 1.5452238 1.998118 0.852202 0.608852 0.6547196 0.77239716 0.7087269 2.6052637 0.26989177 0.66864693 0.9240413 1.0464876 0.8040284 0.69454324 0.2997511 0.79981494 0.8503809 0.8405352 1.7018511 0.62073016 0.4930441 1.1117263 3.348056 0.83756965 1.2299066 1.1069121 0.28244102 0.63016367 0.92372006 1.2140871 0.36689782 2.1595461 0.48898977 0.50615525 1.0605348 0.76987463 0.89921576 0.28738204 0.84202486 0.48274094 1.2853161 0.21278748 1.3443127 0.35978353 1.1847603 1.0035529 0.7211765 0.4386694 1.8343741 0.7526879 0.60565794 1.0181344 0.22091186 0.95426553 0.90480196 0.3466962 1.6620454 1.0531225 4.2237244 0.8089906 0.8175783 0.9153978 0.85777634 1.2142152 0.3777883 0.60524046 1.1932667 0.6941193 2.344103 1.0344249 0.7504219 1.4727695 0.89318264 0.5796249 0.6014602 0.22079158 0.60752773 0.95515716 0.22296707 1.0770127 0.2310161 1.149593 0.8467051 0.09641768 0.42185456 0.37730783 0.39041537 0.26321495 0.9256612 1.8372121 0.51332057 0.8590565 1.3469342 0.5147897 1.7932764 0.32707363 5.118002 0.96892744 1.8920643 1.1119384 0.83407223 0.29501215 1.37775 0.1738086 3.7619808 0.19707501 0.81580585 0.32546496 0.5928264 0.8664278 0.6484616 1.2353736 0.2533816 3.866278 0.31265035 0.7094194 1.1172317 1.6235932 3.0865853 0.4633728 0.76554406 0.25777042 1.2493284 1.0077553 0.40990916 1.0808843 0.8751343 1.1313637 2.110499 1.606177 0.3924281 1.4068501 0.4256291 0.3219318 0.37392765 0.109912604 0.4317119 0.24790637 0.33440506 0.1873603 2.3265588 0.8476742 0.8306365 0.9359952 1.8836042 0.2121027 0.66849875 0.34549144 1.0325154 0.49200565 0.2615478 0.723489 0.2701046 0.5149082 0.8425314 1.4569124 2.3163328 1.5771792 0.28607082 2.385318 0.92106825 1.2124888 4.0990415 1.71758 0.99138594 0.7724732 0.69441867 0.31860775 0.97814846 2.9845674 0.47914034 0.87926364 0.9665528 0.6871116 0.4383682 0.6065569 1.025091 0.8965962 2.1368873 0.7930861 0.3132568 2.1045766 0.66435784 0.7939497 1.2576013 0.8791394 1.3547219 0.2532883 0.33711603 2.7614563 0.9393711 0.7701409 0.76244557 0.984262 0.9190187 2.1327302 0.45165205 0.57040465 0.7574755 0.247399 1.8131195 1.6827226 0.68652886 1.7103567 0.93239 0.80189097 0.6380854 0.18565683 1.580823 2.7045288 1.4623444 0.76458746 1.0134838 5.234565 1.0089906 1.0893106 2.1488175 1.1206058 0.7711418 1.0865457 2.0094602 1.097022 0.8947024 0.2511357 0.7835862 0.33809212 1.6997772 0.7571534 0.90396476 0.5023227 0.5861259 1.4455706 1.8674697 0.8463202 0.9630658 0.92378175 0.6801617 2.3698301 0.2916579 0.64221686 3.0624614 0.67231137 1.2190453 1.0242288 0.4596444 1.4644272 0.98956156 0.47506213 1.1833903 0.18824038 3.5009198 0.8988164 0.1900203 0.83703315 0.47915673 0.35451958 0.74910283 0.15409917 0.80371046 0.9007538 1.0579528 0.1873205 3.1806862 2.8970382 0.38657343 0.380046 0.2812498 0.90533966 0.8779737 0.87062186 0.21207295 1.5137352 0.19787563 0.93006176 1.2237324 0.54264843 0.9914463 0.5215935 0.6960764 0.7703177 0.2826585 3.232527 0.2808429 0.82315767 0.4193328 1.4590516 0.6666163 1.5044221 0.35440657 1.4832252 0.71751237 0.2413247 1.9192443 1.0730536 0.32143304 1.4110447 1.2414594 1.4901482 0.37774482 0.95553404 0.3756412 1.0412656 0.18472669 0.9067281 0.8833232 0.4825699 0.66270596 1.7940154 0.41035104 0.6186986 0.79028237 2.9529972 0.39682704 0.4318327 2.639382 0.28908867 0.34684357 0.7126308 0.34441614 0.7674805 3.1671255 0.6781685 0.5275935 0.88624364 0.1833528 0.55180717 0.5248108 0.89748615 0.77978647 0.9840731 0.6849109 0.9974508 0.25732338 0.3069641 0.47452304 0.82931995 1.6418114 1.0140326 0.6394793 0.9661611 0.9324523 0.6168799 2.2057285 1.1107869 0.95255435 0.9537623 0.15695657 1.8900261 0.7177651 1.3851981 0.6306111 1.8062397 0.19040062 1.440241 0.964772,0.8636074 1.7637593 0.40874445 2.795771 0.3111096 0.41277093 0.83830184 1.3378304 1.1477585 0.9179683 1.261078 0.3678338 0.9139939 0.4694309 1.2195505 0.40136397 0.59141845 0.3160233 0.2773424 2.1542075 2.4307394 0.51148957 2.1468825 0.5828933 0.45128864 0.7018641 1.2017218 0.6479475 1.3009496 0.19856423 0.26726303 1.0151892 1.2837577 1.0923958 1.8136017 0.8501851 0.31227994 0.34644648 0.90274435 2.2311666 0.1749824 0.2258469 0.45185453 1.9921592 0.71649355 0.12860742 0.38465127 0.61244124 0.754524 1.061907 0.2492499 1.0602182 0.25365657 0.886807 2.0256567 0.4470806 1.0005236 0.19787028 2.835819 2.2810452 0.6172434 1.8984226 0.83488965 1.6532655 0.92204773 0.42600852 0.8000451 0.90217984 0.7695897 1.7326143 1.6733558 1.2460433 0.763489 0.8287515 1.1164877 1.6153281 1.3066779 1.001602 0.93978226 0.26103345 0.21973059 3.4604325 2.2795482 1.4172169 0.6732279 1.6202441 0.38466123 0.15204869 0.28772083 0.4588278 0.7717684 0.8888074 1.0308627 0.7184038 1.3088753 1.0638303 1.4360535 0.14526446 4.9410768 1.3601933 1.3335356 0.3227807 0.65426624 0.4236612 0.9684488 0.35945952 0.36481777 0.5868442 0.52353317 0.5775002 0.7886841 1.1311474 0.71331626 1.0580938 1.2915348 0.49635133 0.93972254 0.2485234 2.3002617 1.153683 0.506583 0.47155705 0.65292615 0.9167494 0.76261234 0.33424348 0.8859158 0.8783461 4.18719 0.6936602 0.80710906 1.020527 0.76602197 0.28994483 0.77908665 0.33228835 1.3025135 0.63718045 0.79889494 0.54964626 0.33619922 0.35760638 0.83799934 0.7332635 0.830065 0.9519049 0.5321732 0.8273443 2.012137 0.63415515 0.19045846 1.2414236 0.9006025 0.47871062 0.8145803 0.7714432 0.17049566 1.5450352 1.9978743 0.852098 0.60877776 0.6546397 0.77230287 0.7086404 2.604946 0.26985884 0.66856533 0.9239285 1.0463598 0.8039303 0.6944585 0.2997145 0.79971737 0.8502771 0.84043264 1.7016433 0.6206544 0.49298394 1.1115906 3.3476474 0.83746743 1.2297565 1.1067771 0.28240657 0.6300867 0.9236073 1.213939 0.36685303 2.1592824 0.48893008 0.50609344 1.0604055 0.76978064 0.899106 0.28734696 0.8419221 0.48268202 1.2851592 0.21276152 1.3441486 0.3597396 1.1846157 1.0034304 0.7210885 0.43861586 1.8341502 0.752596 0.605584 1.01801 0.22088489 0.95414907 0.9046916 0.3466539 1.6618426 1.052994 4.223209 0.80889183 0.81747854 0.91528606 0.8576716 1.214067 0.3777422 0.6051666 1.1931212 0.6940346 2.343817 1.0342987 0.75033027 1.4725899 0.8930736 0.57955414 0.6013868 0.22076462 0.6074536 0.95504063 0.22293986 1.0768813 0.2309879 1.1494527 0.8466018 0.09640591 0.42180306 0.3772618 0.39036772 0.26318282 0.9255482 1.8369879 0.5132579 0.8589516 1.3467698 0.5147269 1.7930576 0.3270337 5.1173773 0.9688092 1.8918334 1.1118026 0.8339704 0.29497615 1.3775818 0.17378739 3.7615218 0.19705096 0.81570625 0.32542524 0.59275407 0.86632204 0.6483825 1.2352229 0.2533507 3.865806 0.31261218 0.7093329 1.1170954 1.6233951 3.0862086 0.46331626 0.7654506 0.25773898 1.2491759 1.0076324 0.40985915 1.0807525 0.8750275 1.1312257 2.1102412 1.6059809 0.3923802 1.4066783 0.42557716 0.3218925 0.37388203 0.109899186 0.43165922 0.24787611 0.33436424 0.18733743 2.3262749 0.8475708 0.8305352 0.93588096 1.8833742 0.21207681 0.66841716 0.34544927 1.0323894 0.4919456 0.2615159 0.72340065 0.27007163 0.5148453 0.84242857 1.4567347 2.3160503 1.5769868 0.2860359 2.385027 0.92095584 1.2123407 4.0985413 1.7173703 0.99126494 0.772379 0.6943339 0.3185689 0.9780291 2.9842033 0.47908187 0.8791563 0.96643484 0.68702775 0.4383147 0.60648286 1.0249659 0.89648676 2.1366265 0.7929893 0.31321856 2.1043196 0.6642767 0.79385287 1.2574477 0.87903214 1.3545566 0.2532574 0.33707488 2.7611194 0.9392564 0.7700469 0.7623525 0.9841418 0.91890657 2.1324701 0.45159695 0.57033503 0.75738305 0.24736881 1.8128983 1.6825173 0.6864451 1.710148 0.9322762 0.8017931 0.6380075 0.18563418 1.58063 2.7041986 1.462166 0.7644941 1.0133601 5.2339263 1.0088675 1.0891777 2.1485553 1.1204691 0.7710477 1.086413 2.009215 1.0968882 0.8945932 0.25110504 0.78349054 0.33805084 1.6995698 0.75706095 0.9038544 0.5022614 0.5860544 1.4453942 1.8672417 0.8462169 0.96294826 0.923669 0.68007874 2.369541 0.29162228 0.6421385 3.0620878 0.67222935 1.2188965 1.0241039 0.45958832 1.4642485 0.9894408 0.47500414 1.1832458 0.18821742 3.5004926 0.8987067 0.18999709 0.836931 0.47909826 0.3544763 0.7490114 0.15408036 0.8036124 0.9006438 1.0578237 0.18729764 3.180298 2.8966846 0.38652626 0.3799996 0.2812155 0.9052292 0.87786657 0.87051564 0.21204707 1.5135505 0.1978515 0.9299482 1.223583 0.5425822 0.9913253 0.52152985 0.69599146 0.7702237 0.28262398 3.2321327 0.28080863 0.8230572 0.41928163 1.4588736 0.66653496 1.5042385 0.3543633 1.4830441 0.7174248 0.24129523 1.91901 1.0729227 0.3213938 1.4108726 1.2413079 1.4899664 0.37769872 0.9554174 0.37559533 1.0411385 0.18470414 0.90661746 0.8832154 0.482511 0.6626251 1.7937965 0.41030094 0.6186231 0.7901859 2.952637 0.3967786 0.43177998 2.6390598 0.28905338 0.34680122 0.71254385 0.3443741 0.7673868 3.166739 0.67808574 0.5275291 0.8861355 0.18333043 0.5517398 0.5247468 0.89737666 0.77969134 0.983953 0.68482727 0.99732906 0.257292 0.30692664 0.47446513 0.82921875 1.641611 1.0139089 0.6394012 0.9660432 0.93233854 0.6168046 2.2054594 1.1106514 0.95243806 0.9536459 0.1569374 1.8897954 0.71767753 1.3850291 0.6305342 1.8060193 0.19037737 1.4400651 0.9646542,0.0068000583 0.013887868 0.0032184604 0.022013944 0.002449682 0.0032501647 0.006600802 0.010534097 0.009037469 0.0072280965 0.009929748 0.0028963292 0.007196802 0.0036963061 0.00960276 0.0031603463 0.0046568383 0.0024883724 0.0021837985 0.016962264 0.019139681 0.004027477 0.016904587 0.0045897113 0.0035534538 0.005526489 0.009462376 0.0051019485 0.010243697 0.0015634979 0.0021044333 0.007993615 0.010108328 0.008601542 0.0142803285 0.006694371 0.0024588972 0.002727925 0.007108223 0.017568242 0.0013778142 0.001778322 0.0035579097 0.015686294 0.0056416816 0.0010126568 0.0030287502 0.004822372 0.005941134 0.008361473 0.0019625977 0.008348175 0.0019972958 0.0069827326 0.015950052 0.0035203197 0.007878139 0.0015580337 0.022329284 0.017960986 0.004860184 0.01494821 0.006573934 0.013017839 0.0072602183 0.0033543978 0.0062995674 0.0071037784 0.0060597616 0.013642632 0.0131760305 0.009811365 0.0060117245 0.006525602 0.008791242 0.012719119 0.010288803 0.0078866305 0.0073998603 0.0020553814 0.0017301621 0.0272475 0.017949197 0.011159188 0.005301007 0.0127578275 0.0030288287 0.0011972338 0.0022655183 0.0036128173 0.0060769166 0.0069984836 0.008117029 0.005656723 0.010306105 0.008376616 0.011307508 0.0011438146 0.038906116 0.0107101835 0.01050028 0.0025415802 0.0051517026 0.003335915 0.007625581 0.00283039 0.002872581 0.0046208207 0.0041223085 0.004547246 0.006210111 0.008906673 0.0056166635 0.008331447 0.010169565 0.0039082784 0.00739939 0.001956877 0.018112296 0.009084118 0.0039888425 0.0037130476 0.0051411507 0.007218499 0.0060048215 0.0026318384 0.006975715 0.006916111 0.03297 0.005461891 0.0063551893 0.008035646 0.006031669 0.0022830302 0.006134541 0.0026164437 0.010256012 0.005017169 0.006290511 0.0043279235 0.002647238 0.0028157984 0.00659842 0.0057737282 0.006535945 0.0074953143 0.00419034 0.0065145222 0.015843598 0.0049933475 0.0014996729 0.009774989 0.0070913583 0.003769375 0.006414018 0.006074356 0.0013424855 0.012165632 0.015731294 0.006709433 0.0047935257 0.0051546437 0.006081125 0.0055798455 0.020511385 0.0021248728 0.005264294 0.0072750277 0.008239053 0.0063301595 0.005468177 0.0023599567 0.006296987 0.0066950954 0.00661758 0.0133987665 0.0048870426 0.0038817632 0.008752682 0.026359428 0.006594232 0.009683122 0.00871478 0.0022236737 0.0049613127 0.007272498 0.009558574 0.0028886066 0.017002223 0.003849843 0.0039849877 0.00834965 0.006061265 0.007079575 0.0022625744 0.0066293078 0.003800646 0.010119364 0.0016752876 0.010583848 0.0028325953 0.009327683 0.007901027 0.0056778626 0.0034536682 0.014442127 0.005925953 0.004768378 0.008015827 0.0017392511 0.007512985 0.0071235555 0.0027295584 0.013085375 0.008291291 0.033253614 0.006369227 0.006436839 0.007206977 0.00675332 0.009559583 0.0029743481 0.0047650915 0.009394655 0.0054648393 0.018455252 0.008144084 0.0059081125 0.011595196 0.007032076 0.004563418 0.004735329 0.0017383042 0.004783099 0.007520005 0.001755432 0.00847938 0.0018188024 0.009050809 0.006666156 0.00075910165 0.003321284 0.0029705653 0.0030737615 0.0020723057 0.007287781 0.0144644715 0.0040414007 0.0067633986 0.010604487 0.0040529678 0.014118563 0.0025750685 0.04029431 0.007628419 0.014896326 0.008754351 0.0065666963 0.0023226468 0.010847101 0.0013684046 0.029618282 0.0015515824 0.006422884 0.0025624034 0.0046673547 0.0068214335 0.005105374 0.009726165 0.0019948874 0.030439418 0.0024615133 0.0055852984 0.008796026 0.012782639 0.024300855 0.0036481596 0.00602717 0.0020294408 0.009836031 0.007934113 0.0032272374 0.008509862 0.0068899803 0.008907289 0.016616073 0.012645518 0.003089608 0.011076207 0.0033510013 0.0025345867 0.002943953 0.0008653479 0.0033988915 0.0019517804 0.0026327893 0.0014750978 0.018317126 0.006673786 0.006539647 0.0073691416 0.0148297185 0.0016698962 0.0052631274 0.002720073 0.00812905 0.0038735874 0.0020591803 0.005696068 0.0021265482 0.0040539 0.0066332957 0.011470351 0.018236617 0.012417219 0.0022522511 0.01877974 0.0072516208 0.00954599 0.032271978 0.013522601 0.0078052357 0.006081724 0.005467196 0.0025084163 0.0077010165 0.023497663 0.003772298 0.0069224904 0.007609723 0.0054096673 0.0034512968 0.0047754557 0.008070597 0.007058951 0.01682383 0.0062440103 0.002466288 0.016569445 0.0052305255 0.00625081 0.009901163 0.006921513 0.0106657995 0.0019941528 0.002654133 0.021741098 0.00739572 0.006063361 0.006002776 0.007749148 0.0072354847 0.016791103 0.0035558816 0.004490827 0.005963646 0.001947786 0.01427479 0.013248168 0.0054050796 0.013465732 0.007340757 0.0063133314 0.005023681 0.0014616865 0.012445905 0.021292903 0.011513118 0.006019639 0.007979213 0.04121202 0.007943839 0.008576202 0.016917758 0.008822591 0.006071242 0.0085544335 0.01582059 0.008636915 0.0070440406 0.001977205 0.0061692167 0.0026618177 0.0133824395 0.00596111 0.007116964 0.0039548143 0.0046146014 0.011381056 0.014702691 0.0066631255 0.0075822696 0.007272984 0.0053549507 0.018657802 0.0022962384 0.0050562085 0.024110928 0.0052931444 0.009597611 0.00806381 0.0036188057 0.011529516 0.0077908724 0.00374019 0.009316896 0.0014820269 0.027562933 0.0070764306 0.0014960401 0.006590008 0.0037724273 0.002791152 0.0058977273 0.0012132312 0.0063276566 0.007091684 0.00832932 0.0014747846 0.025041718 0.02280854 0.0030435137 0.002992123 0.002214295 0.007127789 0.0069123353 0.006854454 0.001669662 0.011917721 0.0015578858 0.007322427 0.009634512 0.0042723008 0.007805711 0.004106534 0.0054802475 0.0060647535 0.0022253857 0.025449863 0.0022110916 0.006480765 0.0033014303 0.011487194 0.005248307 0.0118443975 0.0027902622 0.011677513 0.0056490144 0.0018999624 0.015110316 0.008448211 0.0025306598 0.011109233 0.009774078 0.011732019 0.0029740056 0.007522972 0.0029574435 0.008197941 0.0014543633 0.0071387202 0.006954452 0.0037992992 0.00521752 0.014124382 0.003230716 0.004871048 0.0062219365 0.02324911 0.003124241 0.0033998424 0.020779999 0.0022760108 0.0027307183 0.0056105815 0.002711607 0.0060424157 0.024934953 0.005339258 0.0041537727 0.006977445 0.0014435467 0.004344408 0.0041318643 0.007065958 0.0061393017 0.0077476613 0.0053923405 0.007852985 0.0020259214 0.0024167453 0.003735946 0.0065292814 0.012926071 0.007983535 0.005034655 0.007606639 0.0073412484 0.004856729 0.017365823 0.008745287 0.0074995123 0.0075090225 0.0012357276 0.014880279 0.005651004 0.010905741 0.004964836 0.014220624 0.0014990343 0.011339095 0.0075957025,
801,512,,,0.009540019 0.009540019 0.009540019 0.009540019 0.009540019 0.009540019 0.009540019 0.009540019 0.009540019 0.009540019 0.009540019 0.009540019 0.009540019 0.009540019 0.009540019 0.009540019 0.009540019 0.009540019 0.009540019 0.009540019 0.009540019 0.009540019 0.009540019 0.009540019 0.009540019 0.009540019 0.009540019 0.009540019 0.009540019 0.009540019 0.009540019 0.009540019 0.009540019 0.009540019 0.009540019 0.009540019 0.009540019 0.009540019 0.009540019 0.009540019 0.009540019 0.009540019 0.009540019 0.009540019 0.009540019 0.009540019 0.009540019 0.009540019 0.009540019 0.009540019 0.009540019 0.009540019 0.009540019 0.009540019 0.009540019 0.009540019 0.009540019 0.009540019 0.009540019 0.009540019 0.009540019 0.009540019 0.009540019 0.009540019 0.009540019 0.009540019 0.009540019 0.009540019 0.009540019 0.009540019 0.009540019 0.009540019 0.009540019 0.009540019 0.009540019 0.009540019 0.009540019 0.009540019 0.009540019 0.009540019 0.009540019 0.009540019 0.009540019 0.009540019 0.009540019 0.009540019 0.009540019 0.009540019 0.009540019 0.009540019 0.009540019 0.009540019 0.009540019 0.009540019 0.009540019 0.009540019 0.009540019 0.009540019 0.009540019 0.009540019 0.009540019 0.009540019 0.009540019 0.009540019 0.009540019 0.009540019 0.009540019 0.009540019 0.009540019 0.009540019 0.009540019 0.009540019 0.009540019 0.009540019 0.009540019 0.009540019 0.009540019 0.009540019 0.009540019 0.009540019 0.009540019 0.009540019 0.009540019 0.009540019 0.009540019 0.009540019 0.009540019 0.009540019 0.009540019 0.009540019 0.009540019 0.009540019 0.009540019 0.009540019 0.009540019 0.009540019 0.009540019 0.009540019 0.009540019 0.009540019 0.009540019 0.009540019 0.009540019 0.009540019 0.009540019 0.009540019 0.009540019 0.009540019 0.009540019 0.009540019 0.009540019 0.009540019 0.009540019 0.009540019 0.009540019 0.009540019 0.009540019 0.009540019 0.009540019 0.009540019 0.009540019 0.009540019 0.009540019 0.009540019 0.009540019 0.009540019 0.009540019 0.009540019 0.009540019 0.009540019 0.009540019 0.009540019 0.009540019 0.009540019 0.009540019 0.009540019 0.009540019 0.009540019 0.009540019 0.009540019 0.009540019 0.009540019 0.009540019 0.009540019 0.009540019 0.009540019 0.009540019 0.009540019 0.009540019 0.009540019 0.009540019 0.009540019 0.009540019 0.009540019 0.009540019 0.009540019 0.009540019 0.009540019 0.009540019 0.009540019 0.009540019 0.009540019 0.009540019 0.009540019 0.009540019 0.009540019 0.009540019 0.009540019 0.009540019 0.009540019 0.009540019 0.009540019 0.009540019 0.009540019 0.009540019 0.009540019 0.009540019 0.009540019 0.009540019 0.009540019 0.009540019 0.009540019 0.009540019 0.009540019 0.009540019 0.009540019 0.009540019 0.009540019 0.009540019 0.009540019 0.009540019 0.009540019 0.009540019 0.009540019 0.009540019 0.009540019 0.009540019 0.009540019 0.009540019 0.009540019 0.009540019 0.009540019 0.009540019 0.009540019 0.009540019 0.009540019 0.009540019 0.009540019 0.009540019 0.009540019 0.009540019 0.009540019 0.009540019 0.009540019 0.009540019 0.009540019 0.009540019 0.009540019 0.009540019 0.009540019 0.009540019 0.009540019 0.009540019 0.009540019 0.009540019 0.009540019 0.009540019 0.009540019 0.009540019 0.009540019 0.009540019 0.009540019 0.009540019 0.009540019 0.009540019 0.009540019 0.009540019 0.009540019 0.009540019 0.009540019 0.009540019 0.009540019 0.009540019 0.009540019 0.009540019 0.009540019 0.009540019 0.009540019 0.009540019 0.009540019 0.009540019 0.009540019 0.009540019 0.009540019 0.009540019 0.009540019 0.009540019 0.009540019 0.009540019 0.009540019 0.009540019 0.009540019 0.009540019 0.009540019 0.009540019 0.009540019 0.009540019 0.009540019 0.009540019 0.009540019 0.009540019 0.009540019 0.009540019 0.009540019 0.009540019 0.009540019 0.009540019 0.009540019 0.009540019 0.009540019 0.009540019 0.009540019 0.009540019 0.009540019 0.009540019 0.009540019 0.009540019 0.009540019 0.009540019 0.009540019 0.009540019 0.009540019 0.009540019 0.009540019 0.009540019 0.009540019 0.009540019 0.009540019 0.009540019 0.009540019 0.009540019 0.009540019 0.009540019 0.009540019 0.009540019 0.009540019 0.009540019 0.009540019 0.009540019 0.009540019 0.009540019 0.009540019 0.009540019 0.009540019 0.009540019 0.009540019 0.009540019 0.009540019 0.009540019 0.009540019 0.009540019 0.009540019 0.009540019 0.009540019 0.009540019 0.009540019 0.009540019 0.009540019 0.009540019 0.009540019 0.009540019 0.009540019 0.009540019 0.009540019 0.009540019 0.009540019 0.009540019 0.009540019 0.009540019 0.009540019 0.009540019 0.009540019 0.009540019 0.009540019 0.009540019 0.009540019 0.009540019 0.009540019 0.009540019 0.009540019 0.009540019 0.009540019 0.009540019 0.009540019 0.009540019 0.009540019 0.009540019 0.009540019 0.009540019 0.009540019 0.009540019 0.009540019 0.009540019 0.009540019 0.009540019 0.009540019 0.009540019 0.009540019 0.009540019 0.009540019 0.009540019 0.009540019 0.009540019 0.009540019 0.009540019 0.009540019 0.009540019 0.009540019 0.009540019 0.009540019 0.009540019 0.009540019 0.009540019 0.009540019 0.009540019 0.009540019 0.009540019 0.009540019 0.009540019 0.009540019 0.009540019 0.009540019 0.009540019 0.009540019 0.009540019 0.009540019 0.009540019 0.009540019 0.009540019 0.009540019 0.009540019 0.009540019 0.009540019 0.009540019 0.009540019 0.009540019 0.009540019 0.009540019 0.009540019 0.009540019 0.009540019 0.009540019 0.009540019 0.009540019 0.009540019 0.009540019 0.009540019 0.009540019 0.009540019 0.009540019 0.009540019 0.009540019 0.009540019 0.009540019 0.009540019 0.009540019 0.009540019 0.009540019 0.009540019 0.009540019 0.009540019 0.009540019 0.009540019 0.009540019 0.009540019 0.009540019 0.009540019 0.009540019 0.009540019 0.009540019 0.009540019 0.009540019 0.009540019 0.009540019 0.009540019 0.009540019 0.009540019 0.009540019 0.009540019 0.009540019 0.009540019 0.009540019 0.009540019 0.009540019 0.009540019 0.009540019 0.009540019 0.009540019 0.009540019 0.009540019 0.009540019 0.009540019 0.009540019 0.009540019 0.009540019 0.009540019 0.009540019 0.009540019 0.009540019 0.009540019 0.009540019 0.009540019,15 14 16 13 16 16 15 14 14 15 14 16 15 16 14 16 15 16 16 13 13 15 13 15 16 15 14 15 14 16 16 14 14 14 14 15 16 16 15 13 16 16 16 13 15 16 16 15 15 14 16 14 16 15 13 16 14 16 13 13 15 14 15 14 15 16 15 15 15 14 14 14 15 15 14 14 14 14 15 16 16 13 13 14 15 14 16 16 16 16 15 15 14 15 14 14 14 16 12 14 14 16 15 16 15 16 16 15 15 15 15 14 15 14 14 15 15 16 13 14 15 16 15 15 15 16 15 15 12 15 15 14 15 16 15 16 14 15 15 15 16 16 15 15 15 15 15 15 13 15 16 14 15 16 15 15 16 14 13 15 15 15 15 15 13 16 15 15 14 15 15 16 15 15 15 14 15 16 14 13 15 14 14 16 15 15 14 16 13 16 15 14 15 15 16 15 16 14 16 14 16 14 14 15 16 14 15 15 14 16 15 15 16 14 14 12 15 15 15 15 14 16 15 14 15 13 14 15 14 15 15 15 16 15 15 16 14 16 14 15 16 16 16 16 16 15 14 15 15 14 15 14 16 12 15 14 14 15 16 14 16 13 16 15 16 15 15 15 14 16 13 16 15 14 14 13 16 15 16 14 14 16 14 15 14 13 14 16 14 16 16 16 16 16 16 16 16 13 15 15 15 14 16 15 16 14 16 16 15 16 15 15 14 13 14 16 13 15 14 12 14 14 15 15 16 15 13 16 15 15 15 16 15 14 15 13 15 16 13 15 15 14 15 14 16 16 13 15 15 15 15 15 13 16 15 15 16 14 14 15 14 15 15 15 16 14 13 14 15 14 12 14 14 13 14 15 14 13 14 15 16 15 16 14 15 15 15 15 14 14 15 15 15 15 13 16 15 13 15 14 14 16 14 15 16 14 16 13 15 16 15 16 16 15 16 15 15 14 16 13 13 16 16 16 15 15 15 16 14 16 15 14 15 14 15 15 15 16 13 16 15 16 14 15 14 16 14 15 16 14 14 16 14 14 14 16 15 16 14 16 15 15 16 15 14 16 15 15 13 16 16 13 16 16 15 16 15 13 15 15 15 16 15 15 15 15 15 15 14 16 16 16 15 14 14 15 15 15 15 13 14 15 15 16 14 15 14 15 14 16 14 15
806,1x1x512x128,0.27112368 0.29288235 0.34811333 0.3124035 0.26080418 0.06609953 0.17750667 0.19492558 0.20344763 0.26403826 0.37748498 0.19090085 0.33203366 0.24094538 0.22851661 0.33009112 0.2018009 0.19085272 0.24942799 0.2135881 0.33975485 0.24937601 0.20719194 0.2537987 0.2796361 0.32603827 0.289891 0.41414583 0.34111696 0.21953955 0.30626804 0.27668604 0.21061431 0.33829978 0.22924976 0.28587994 0.48212987 0.28212658 0.34595087 0.37967113 0.15024248 0.3446696 0.30862373 0.28306487 0.38833264 0.16518402 0.2472475 0.19347149 0.17562836 0.3110187 0.3075653 0.082393676 0.20230871 0.333576 0.22160412 0.31264222 0.28188783 0.29466912 0.249413 0.24269396 0.28525254 0.2659813 0.17877948 0.3180372 0.29853618 0.069806464 0.21403033 0.1656338 0.31291842 0.2192578 0.22182082 0.22232282 0.25992152 0.29274118 0.21065441 0.28872937 0.09082816 0.22727506 0.3140481 0.22231194 0.22088276 0.3125152 0.23135121 0.26749468 0.1686764 0.3166718 0.25497788 0.19320482 0.25761986 0.15018435 0.037855517 0.21580838 0.23471983 0.19735749 0.1861646 0.38517806 0.31737214 0.18130293 0.28561088 0.43376938 0.25408676 0.25361735 0.30668837 0.349445 0.2476859 0.37680528 0.35741803 0.2419591 0.1957598 0.26024368 0.30440947 0.26499406 0.24520563 0.27172953 0.30638328 0.24381663 0.3176292 0.10991027 0.21015397 0.27575174 0.3007988 0.30298483 0.43427402 0.37684652 0.23312862 0.23138635 0.22958925 0.26726106,0.27109057 0.2928466 0.34807086 0.31236535 0.26077235 0.06609147 0.177485 0.19490178 0.2034228 0.26400605 0.3774389 0.19087754 0.33199316 0.24091597 0.22848873 0.33005086 0.20177628 0.19082943 0.24939755 0.21356203 0.33971336 0.24934557 0.20716666 0.2537677 0.279602 0.32599849 0.28985563 0.41409528 0.34107533 0.21951276 0.30623066 0.27665228 0.2105886 0.33825848 0.22922179 0.28584507 0.482071 0.28209212 0.34590867 0.37962478 0.15022413 0.34462753 0.30858606 0.28303033 0.38828525 0.16516386 0.24721733 0.19344789 0.17560692 0.31098077 0.30752775 0.082383625 0.20228402 0.33353528 0.22157708 0.31260404 0.2818534 0.29463318 0.24938257 0.24266435 0.28521773 0.26594883 0.17875767 0.31799838 0.29849976 0.06979794 0.2140042 0.16561359 0.31288022 0.21923105 0.22179376 0.22229569 0.25988978 0.29270545 0.21062869 0.2886941 0.09081707 0.22724731 0.3140098 0.22228482 0.2208558 0.31247708 0.23132297 0.26746202 0.16865581 0.31663314 0.25494677 0.19318123 0.25758842 0.15016602 0.037850898 0.21578203 0.23469117 0.1973334 0.1861419 0.38513103 0.31733343 0.1812808 0.28557605 0.43371642 0.25405574 0.2535864 0.30665094 0.34940234 0.24765567 0.3767593 0.35737443 0.24192958 0.1957359 0.26021194 0.30437234 0.26496172 0.2451757 0.2716964 0.3063459 0.24378687 0.31759045 0.10989685 0.21012832 0.2757181 0.3007621 0.30294788 0.434221 0.37680054 0.23310016 0.23135811 0.22956122 0.26722842,0.0021345713 0.0023058786 0.0027407154 0.0024595696 0.0020533255 0.0005204053 0.0013975197 0.0015346596 0.0016017543 0.002078788 0.0029719598 0.0015029728 0.0026141193 0.0018969761 0.0017991238 0.0025988256 0.0015887896 0.0015025939 0.0019637602 0.0016815908 0.0026749084 0.001963351 0.0016312335 0.0019981707 0.0022015905 0.002566917 0.0022823277 0.0032605927 0.0026856326 0.0017284469 0.0024112652 0.0021783644 0.0016581779 0.0026634526 0.001804896 0.0022507487 0.0037958347 0.0022211978 0.0027236904 0.0029891715 0.0011828672 0.0027136025 0.0024298115 0.0022285853 0.0030573641 0.0013005028 0.0019465932 0.0015232117 0.0013827317 0.0024486675 0.0024214783 0.00064869 0.0015927876 0.0026262621 0.0017447014 0.0024614492 0.0022193182 0.0023199462 0.0019636422 0.001910743 0.002245809 0.0020940853 0.0014075406 0.0025039243 0.0023503918 0.0005495901 0.0016850724 0.001304044 0.0024636236 0.0017262287 0.0017464075 0.0017503598 0.0020463762 0.0023047673 0.0016584937 0.002273182 0.000715095 0.0017893489 0.002472518 0.0017502742 0.0017390221 0.0024604495 0.0018214408 0.0021060002 0.0013279985 0.0024931743 0.0020074549 0.001521112 0.0020282553 0.0011824096 0.00029803856 0.0016990711 0.001847962 0.0015538062 0.0014656842 0.0030325279 0.0024986884 0.001427408 0.0022486304 0.0034150898 0.002000439 0.0019967435 0.0024145744 0.0027511995 0.0019500447 0.0029666086 0.0028139718 0.0019049573 0.0015412276 0.002048913 0.0023966327 0.0020863127 0.0019305174 0.0021393416 0.0024121725 0.0019195817 0.0025007122 0.0008653296 0.0016545537 0.0021710086 0.0023682055 0.0023854163 0.003419063 0.0029669334 0.0018354343 0.0018217174 0.0018075687 0.0021041608,
807,128,,,0.004770726 0.004770726 0.004770726 0.004770726 0.004770726 0.004770726 0.004770726 0.004770726 0.004770726 0.004770726 0.004770726 0.004770726 0.004770726 0.004770726 0.004770726 0.004770726 0.004770726 0.004770726 0.004770726 0.004770726 0.004770726 0.004770726 0.004770726 0.004770726 0.004770726 0.004770726 0.004770726 0.004770726 0.004770726 0.004770726 0.004770726 0.004770726 0.004770726 0.004770726 0.004770726 0.004770726 0.004770726 0.004770726 0.004770726 0.004770726 0.004770726 0.004770726 0.004770726 0.004770726 0.004770726 0.004770726 0.004770726 0.004770726 0.004770726 0.004770726 0.004770726 0.004770726 0.004770726 0.004770726 0.004770726 0.004770726 0.004770726 0.004770726 0.004770726 0.004770726 0.004770726 0.004770726 0.004770726 0.004770726 0.004770726 0.004770726 0.004770726 0.004770726 0.004770726 0.004770726 0.004770726 0.004770726 0.004770726 0.004770726 0.004770726 0.004770726 0.004770726 0.004770726 0.004770726 0.004770726 0.004770726 0.004770726 0.004770726 0.004770726 0.004770726 0.004770726 0.004770726 0.004770726 0.004770726 0.004770726 0.004770726 0.004770726 0.004770726 0.004770726 0.004770726 0.004770726 0.004770726 0.004770726 0.004770726 0.004770726 0.004770726 0.004770726 0.004770726 0.004770726 0.004770726 0.004770726 0.004770726 0.004770726 0.004770726 0.004770726 0.004770726 0.004770726 0.004770726 0.004770726 0.004770726 0.004770726 0.004770726 0.004770726 0.004770726 0.004770726 0.004770726 0.004770726 0.004770726 0.004770726 0.004770726 0.004770726 0.004770726 0.004770726,12 12 12 12 12 14 13 13 13 12 12 13 12 13 13 12 13 13 12 13 12 12 13 12 12 12 12 12 12 13 12 12 13 12 13 12 12 12 12 12 13 12 12 12 12 13 13 13 13 12 12 14 13 12 13 12 12 12 12 13 12 12 13 12 12 14 13 13 12 13 13 13 12 12 13 12 14 13 12 13 13 12 13 12 13 12 12 13 12 13 15 13 13 13 13 12 12 13 12 12 12 12 12 12 12 12 12 13 13 12 12 12 13 12 12 13 12 14 13 12 12 12 12 12 13 13 13 12
812,3x3x1x128,0.11060588 0.03881935 0.20173319 0.0376749 1.2611947 1.7259152 0.10342373 0.40175694 0.13234715 0.1257898 0.16297714 0.112508655 0.06912571 0.09825053 0.11968876 0.079432935 1.1527822 0.04187583 0.078568265 0.33982372 0.02394666 0.033565465 0.16096488 0.19274499 0.04933512 0.25226447 0.08724756 0.027758026 0.13284288 0.15387398 0.9540754 0.29357445 0.07367888 0.14595358 0.087756865 0.05825605 0.18548283 0.11291933 1.2309656 0.043514837 0.12067004 0.24380805 0.1515885 0.23075546 0.037787512 0.095830396 0.24076408 0.16496152 0.089444645 0.14066091 0.2545539 0.35210034 1.0724539 0.33122 0.14590494 0.17925096 0.12911369 0.5089985 0.09211259 0.11182838 0.16778317 1.1711144 0.054691166 0.034078877 0.054322787 0.30271766 0.10155336 0.11990644 0.11243356 0.71514934 0.108139336 0.093133144 0.05565589 1.1904333 0.1109446 0.4369508 0.7274789 0.110313706 0.32105353 0.070210755 0.1763101 1.3458952 0.09684468 0.044007912 0.05424945 0.28274715 0.03312912 0.104765415 0.352551 0.15200578 1.3714991 0.10021069 0.047631685 0.13712968 0.12326281 0.25953627 0.30998796 0.10893377 0.08370487 0.027942779 0.12593696 0.160049 0.07884985 0.037838474 0.04175751 0.11122678 0.29911336 0.27530286 0.10019001 0.07496694 0.035806116 0.17521553 0.122728646 0.06227235 0.168842 0.13242166 0.14135472 0.4489705 0.026784798 0.16250956 0.40926847 0.20229411 0.42428562 0.07705106 0.083986565 0.10033594 0.09812841 0.07754716,0.11059239 0.038814615 0.20170857 0.037670303 1.2610408 1.7257046 0.10341111 0.40170792 0.132331 0.12577446 0.16295725 0.11249492 0.06911727 0.098238535 0.11967415 0.07942324 1.1526415 0.04187072 0.078558676 0.33978227 0.023943737 0.03356137 0.16094522 0.19272147 0.0493291 0.25223368 0.08723691 0.02775464 0.13282667 0.1538552 0.9539589 0.29353863 0.07366989 0.14593576 0.08774615 0.058248937 0.1854602 0.112905554 1.2308154 0.043509528 0.12065532 0.24377829 0.15157 0.2307273 0.0377829 0.095818706 0.2407347 0.16494139 0.08943373 0.14064375 0.25452283 0.35205737 1.072323 0.33117956 0.14588714 0.17922908 0.12909792 0.5089364 0.09210135 0.11181474 0.1677627 1.1709715 0.054684494 0.034074716 0.05431616 0.30268073 0.10154096 0.11989181 0.11241984 0.715062 0.10812613 0.09312178 0.055649094 1.1902881 0.110931054 0.43689746 0.72739017 0.11030024 0.32101437 0.07020219 0.17628859 1.3457309 0.09683286 0.044002544 0.05424283 0.28271264 0.033125073 0.10475263 0.352508 0.15198722 1.3713317 0.100198455 0.04762587 0.13711295 0.123247765 0.2595046 0.3099501 0.10892047 0.08369465 0.027939368 0.12592158 0.16002947 0.07884023 0.03783386 0.041752413 0.11121321 0.29907686 0.27526924 0.10017779 0.07495779 0.035801746 0.17519414 0.12271366 0.06226475 0.1688214 0.1324055 0.14133748 0.44891572 0.02678153 0.16248973 0.40921852 0.20226942 0.42423382 0.077041656 0.08397632 0.1003237 0.09811643 0.0775377,0.0008708062 0.0003056269 0.0015882564 0.00029661655 0.009929455 0.013588225 0.0008142607 0.0031630544 0.0010419764 0.00099035 0.0012831279 0.0008857868 0.00054423045 0.0007735318 0.0009423162 0.00062537985 0.009075917 0.00032969072 0.00061857223 0.0026754509 0.00018853336 0.00026426275 0.0012672852 0.0015174919 0.0003884181 0.001986092 0.0006869048 0.00021854047 0.0010458793 0.0012114584 0.0075114877 0.0023113277 0.0005800779 0.0011491005 0.0006909146 0.00045865306 0.0014603165 0.0008890201 0.00969146 0.00034259472 0.00095004187 0.001919514 0.0011934646 0.0018167504 0.00029750314 0.000754478 0.0018955488 0.0012987511 0.00070420257 0.001107431 0.0020041168 0.0027721052 0.008443488 0.002607713 0.0011487176 0.0014112527 0.001016519 0.0040073735 0.0007252075 0.000880431 0.0013209662 0.009220248 0.00043058657 0.00026830487 0.0004276863 0.002383313 0.00079953513 0.00094403 0.0008851956 0.00563041 0.00085138687 0.00073324237 0.00043818186 0.009372347 0.0008734729 0.0034401375 0.0057274816 0.00086850586 0.0025276723 0.0005527731 0.0013880992 0.010596306 0.00076246343 0.00034647674 0.0004271089 0.0022260838 0.00026082734 0.00082482386 0.0027756535 0.0011967499 0.010797887 0.0007889642 0.00037500684 0.0010796295 0.0009704548 0.0020433431 0.002440552 0.0008576415 0.000659013 0.00021999502 0.0009915085 0.0012600746 0.00062078924 0.0002979044 0.00032875917 0.00087569456 0.002354936 0.0021674742 0.00078880147 0.0005902188 0.0002819035 0.0013794814 0.0009662493 0.00049027364 0.0013293023 0.001042563 0.0011128936 0.0035347694 0.00021087818 0.0012794466 0.003222193 0.0015926725 0.0033404238 0.0006066272 0.0006612309 0.00078995037 0.0007725703 0.00061053305,
813,128,,,0.006890588 0.006890588 0.006890588 0.006890588 0.006890588 0.006890588 0.006890588 0.006890588 0.006890588 0.006890588 0.006890588 0.006890588 0.006890588 0.006890588 0.006890588 0.006890588 0.006890588 0.006890588 0.006890588 0.006890588 0.006890588 0.006890588 0.006890588 0.006890588 0.006890588 0.006890588 0.006890588 0.006890588 0.006890588 0.006890588 0.006890588 0.006890588 0.006890588 0.006890588 0.006890588 0.006890588 0.006890588 0.006890588 0.006890588 0.006890588 0.006890588 0.006890588 0.006890588 0.006890588 0.006890588 0.006890588 0.006890588 0.006890588 0.006890588 0.006890588 0.006890588 0.006890588 0.006890588 0.006890588 0.006890588 0.006890588 0.006890588 0.006890588 0.006890588 0.006890588 0.006890588 0.006890588 0.006890588 0.006890588 0.006890588 0.006890588 0.006890588 0.006890588 0.006890588 0.006890588 0.006890588 0.006890588 0.006890588 0.006890588 0.006890588 0.006890588 0.006890588 0.006890588 0.006890588 0.006890588 0.006890588 0.006890588 0.006890588 0.006890588 0.006890588 0.006890588 0.006890588 0.006890588 0.006890588 0.006890588 0.006890588 0.006890588 0.006890588 0.006890588 0.006890588 0.006890588 0.006890588 0.006890588 0.006890588 0.006890588 0.006890588 0.006890588 0.006890588 0.006890588 0.006890588 0.006890588 0.006890588 0.006890588 0.006890588 0.006890588 0.006890588 0.006890588 0.006890588 0.006890588 0.006890588 0.006890588 0.006890588 0.006890588 0.006890588 0.006890588 0.006890588 0.006890588 0.006890588 0.006890588 0.006890588 0.006890588 0.006890588 0.006890588,16 16 16 16 14 14 16 16 16 16 16 16 16 16 16 16 14 16 16 16 16 16 16 16 16 16 16 16 16 16 15 16 16 16 16 16 16 16 14 16 16 16 16 16 16 16 16 16 16 16 16 16 14 16 16 16 16 15 16 16 16 14 16 16 16 16 16 16 16 15 16 16 16 14 16 16 15 16 16 16 16 14 16 16 16 16 16 16 16 16 14 16 16 16 16 16 16 16 16 16 16 16 16 16 16 16 16 16 16 16 16 16 16 16 16 16 16 16 16 16 16 16 16 16 16 16 16 16
818,1x1x128x128,0.2467127 0.23490499 0.28454486 0.31464714 0.30076724 0.38996688 0.37649786 0.4306809 0.21837948 0.31052402 3.352226 0.19629483 0.2068295 0.6976935 0.34250107 0.23260507 0.2405156 0.29497683 0.30256394 0.44668227 0.31533656 0.35261333 0.3089064 0.28071383 0.35093737 0.3019668 0.4964087 0.29622224 0.21952158 0.38888222 0.27377683 0.26833326 0.33330473 0.3488801 0.32574064 0.223587 0.21764468 0.51851594 0.14468008 0.29173923 0.424842 0.36531895 0.22539395 0.44699916 0.46164268 0.28498176 0.47922865 0.20777848 0.5637676 0.17015506 0.28046706 0.39343262 0.8453788 0.37098622 0.55600864 0.4480408 0.2952178 0.19346803 0.21381433 1.3491837 0.31093955 0.3227271 0.67712164 0.5419397 0.42951682 0.25731143 0.49461696 0.45548692 0.204642 0.32821923 0.573682 0.15769024 0.29338554 0.23748013 0.5449523 0.28311786 1.2734209 0.27382475 0.26245677 0.25076634 0.41468537 0.38654497 0.6475381 0.4051863 0.28773007 0.22963428 0.31375232 0.25583658 0.42001155 0.3437656 0.6539449 0.3414469 0.40000504 0.23393932 0.21611187 0.31443304 0.45231634 0.36984468 0.2790565 0.2143993 0.19683865 0.32949033 0.30370784 0.2800599 0.17733802 0.8539208 0.2438475 0.3077612 0.26274595 0.70240617 0.2514436 0.5975335 2.0346 0.23456757 0.34047902 0.2830444 0.23085785 4.538152 0.31686363 0.259741 0.88591105 0.402578 0.27438855 0.26277345 0.2799659 0.5587517 6.153414 0.36857283,0.2466826 0.23487632 0.28451014 0.31460872 0.30073056 0.38991928 0.3764519 0.43062836 0.21835284 0.31048614 3.351817 0.19627088 0.20680426 0.6976084 0.3424593 0.23257668 0.24048625 0.29494083 0.302527 0.44662777 0.31529805 0.3525703 0.3088687 0.28067958 0.35089454 0.30192995 0.4963481 0.2961861 0.21949479 0.38883474 0.27374342 0.2683005 0.33326405 0.34883755 0.32570088 0.22355972 0.21761812 0.5184527 0.14466242 0.29170364 0.42479017 0.36527437 0.22536644 0.4469446 0.46158633 0.28494698 0.47917014 0.20775314 0.56369877 0.1701343 0.28043285 0.3933846 0.84527564 0.37094095 0.55594075 0.44798616 0.29518178 0.19344443 0.21378824 1.349019 0.31090158 0.32268775 0.67703897 0.5418736 0.4294644 0.25728005 0.49455658 0.45543134 0.20461702 0.32817918 0.57361203 0.15767099 0.2933497 0.23745115 0.54488575 0.2830833 1.2732656 0.2737913 0.26242474 0.25073573 0.41463476 0.3864978 0.6474591 0.40513685 0.28769493 0.22960627 0.31371403 0.25580537 0.4199603 0.34372365 0.6538651 0.34140524 0.39995623 0.23391077 0.2160855 0.31439468 0.45226115 0.36979955 0.27902246 0.21437313 0.19681463 0.3294501 0.3036708 0.28002572 0.17731637 0.85381657 0.24381775 0.3077236 0.26271388 0.70232046 0.25141293 0.59746057 2.0343516 0.23453894 0.34043744 0.28300986 0.23082969 4.537598 0.31682497 0.25970933 0.8858029 0.40252888 0.27435508 0.2627414 0.27993172 0.5586835 6.1526628 0.36852783,0.0019423827 0.0018494198 0.0022402373 0.002477234 0.002367957 0.0030702306 0.0029641883 0.0033907746 0.0017193137 0.0024447727 0.026392259 0.00154544 0.00162838 0.0054929797 0.00269653 0.0018313124 0.0018935925 0.0023223688 0.0023821024 0.0035167541 0.0024826617 0.002776144 0.0024320371 0.0022100755 0.002762949 0.002377401 0.003908253 0.002332174 0.0017283055 0.0030616908 0.00215546 0.0021126023 0.0026241264 0.0027467525 0.002564574 0.0017603128 0.0017135285 0.004082305 0.0011390742 0.002296879 0.0033448045 0.002876176 0.0017745389 0.0035192487 0.003634538 0.002243677 0.0037729933 0.0016358515 0.004438573 0.0013396402 0.0022081328 0.0030975165 0.0066557135 0.002920795 0.004377486 0.0035274501 0.002324266 0.0015231845 0.001683372 0.010622197 0.002448044 0.0025408485 0.0053310157 0.004266721 0.0033816095 0.002025827 0.0038941463 0.0035860736 0.0016111577 0.0025840881 0.00451663 0.0012415039 0.0023098402 0.0018696941 0.004290439 0.0022290023 0.010025714 0.0021558371 0.0020663366 0.001974297 0.0032648407 0.0030432898 0.005098103 0.0031900539 0.0022653143 0.0018079234 0.0024701892 0.0020142156 0.003306774 0.0027064856 0.005148544 0.0026882302 0.0031492617 0.001841817 0.0017014606 0.0024755488 0.0035611114 0.0029118075 0.0021970272 0.0016879773 0.0015497215 0.0025940952 0.0023911085 0.002204927 0.0013961919 0.0067229653 0.0019198247 0.0024230205 0.0020686132 0.005530082 0.0019796293 0.004704414 0.016018517 0.0018467633 0.0026806097 0.0022284242 0.0018175566 0.035729118 0.002494685 0.0020449553 0.006974826 0.0031695187 0.0021602763 0.0020688297 0.0022041867 0.0043990826 0.048446164 0.002901794,
819,128,,,0.006528 0.006528 0.006528 0.006528 0.006528 0.006528 0.006528 0.006528 0.006528 0.006528 0.006528 0.006528 0.006528 0.006528 0.006528 0.006528 0.006528 0.006528 0.006528 0.006528 0.006528 0.006528 0.006528 0.006528 0.006528 0.006528 0.006528 0.006528 0.006528 0.006528 0.006528 0.006528 0.006528 0.006528 0.006528 0.006528 0.006528 0.006528 0.006528 0.006528 0.006528 0.006528 0.006528 0.006528 0.006528 0.006528 0.006528 0.006528 0.006528 0.006528 0.006528 0.006528 0.006528 0.006528 0.006528 0.006528 0.006528 0.006528 0.006528 0.006528 0.006528 0.006528 0.006528 0.006528 0.006528 0.006528 0.006528 0.006528 0.006528 0.006528 0.006528 0.006528 0.006528 0.006528 0.006528 0.006528 0.006528 0.006528 0.006528 0.006528 0.006528 0.006528 0.006528 0.006528 0.006528 0.006528 0.006528 0.006528 0.006528 0.006528 0.006528 0.006528 0.006528 0.006528 0.006528 0.006528 0.006528 0.006528 0.006528 0.006528 0.006528 0.006528 0.006528 0.006528 0.006528 0.006528 0.006528 0.006528 0.006528 0.006528 0.006528 0.006528 0.006528 0.006528 0.006528 0.006528 0.006528 0.006528 0.006528 0.006528 0.006528 0.006528 0.006528 0.006528 0.006528 0.006528 0.006528 0.006528,15 15 14 14 14 14 14 14 15 14 11 15 15 13 14 15 15 14 14 14 14 14 14 14 14 14 13 14 15 14 14 14 14 14 14 15 15 13 15 14 14 14 15 14 14 14 14 15 13 15 14 14 13 14 13 14 14 15 15 12 14 14 13 13 14 14 14 14 15 14 13 15 14 15 13 14 12 14 14 14 14 14 13 14 14 15 14 14 14 14 13 14 14 15 15 14 14 14 14 15 15 14 14 14 15 13 15 14 14 13 14 13 11 15 14 14 15 10 14 14 13 14 14 14 14 13 10 14
824,1x1x128x13,0.18744703 0.19179009 0.28455812 0.31565455 0.1500966 0.16564478 0.17407036 0.22861934 0.18518862 0.25363544 0.2798676 0.12890239 0.22948797,0.18742415 0.19176668 0.28452337 0.31561604 0.15007827 0.16562457 0.17404912 0.22859143 0.18516603 0.2536045 0.27983344 0.12888667 0.22945997,0.0014757807 0.0015099739 0.0022403414 0.0024851656 0.0011817187 0.0013041305 0.0013704655 0.0017999324 0.0014580003 0.0019968858 0.0022034128 0.0010148557 0.0018067714,
825,13,,,0.0045940573 0.0045940573 0.0045940573 0.0045940573 0.0045940573 0.0045940573 0.0045940573 0.0045940573 0.0045940573 0.0045940573 0.0045940573 0.0045940573 0.0045940573,15 15 14 14 15 15 15 15 15 14 14 15 15
832,3x3x512x32,0.04411032 0.067379534 0.058604144 0.04520476 0.046682123 0.08089165 0.049318362 0.035301626 0.050117772 0.07630784 0.07748406 0.051559072 0.059050858 0.06403889 0.07797202 0.08675463 0.046790227 0.05720125 0.0517662 0.06411141 0.09919246 0.090849556 0.022148605 0.04070171 0.0505713 0.028630752 0.040896997 0.05193861 0.09925791 0.0360802 0.06811279 0.0420459,0.037214383 0.056845833 0.05859699 0.04519924 0.039384123 0.080881774 0.0462307 0.035297316 0.048545856 0.054842185 0.06779146 0.04510947 0.059043653 0.06403107 0.0779625 0.059639838 0.040937167 0.05004586 0.050142583 0.050082643 0.0774873 0.09083847 0.022145903 0.04069674 0.041085325 0.028627258 0.040892005 0.050309584 0.099245794 0.032694105 0.06810448 0.042040765,0.00029302665 0.00044760498 0.00046139362 0.00035589954 0.0003101112 0.00063686434 0.00036402125 0.00027793163 0.00038225084 0.00043182823 0.000533791 0.00035519266 0.00046491067 0.00050418166 0.00061387796 0.00046960503 0.00032233988 0.00039406188 0.0003948235 0.00039435152 0.0006101362 0.00071526354 0.00017437719 0.00032044676 0.0003235065 0.00022541148 0.0003219843 0.00039613846 0.00078146294 0.0002574339 0.0005362558 0.00033102965,
833,32,,,0.0040013506 0.0040013506 0.0040013506 0.0040013506 0.0040013506 0.0040013506 0.0040013506 0.0040013506 0.0040013506 0.0040013506 0.0040013506 0.0040013506 0.0040013506 0.0040013506 0.0040013506 0.0040013506 0.0040013506 0.0040013506 0.0040013506 0.0040013506 0.0040013506 0.0040013506 0.0040013506 0.0040013506 0.0040013506 0.0040013506 0.0040013506 0.0040013506 0.0040013506 0.0040013506 0.0040013506 0.0040013506,15 15 15 15 15 14 15 15 15 15 14 15 15 14 14 15 15 15 15 15 14 14 16 15 15 16 15 15 14 15 14 15
838,3x3x32x32,0.15900593 1.1263622 0.3204664 1.1863887 0.13086355 1.67298 0.25110826 0.28492153 0.13907534 0.22934596 0.06386869 0.39150274 1.5825977 1.0679522 0.24519312 0.6724926 0.7360961 0.21533222 0.46596014 0.1827139 0.7970355 0.35456568 0.2651779 0.26882514 0.33798793 0.12471091 0.40224433 0.29408827 0.2147876 0.13401657 0.9726296 0.19293873,0.15898651 1.1262248 0.32042727 1.186244 0.13084757 1.6727759 0.2510776 0.28488675 0.13905837 0.22931796 0.06386089 0.39145496 1.5824046 1.0678217 0.2451632 0.67241055 0.73600626 0.21530595 0.46590328 0.18269159 0.79693824 0.3545224 0.26514554 0.26879233 0.33794668 0.12469569 0.40219525 0.29405236 0.21476139 0.13400023 0.9725109 0.19291519,0.0012518623 0.008867911 0.0025230492 0.009340504 0.0010302959 0.013171463 0.001976989 0.0022432026 0.0010949478 0.0018056532 0.00050284166 0.0030823227 0.012459879 0.008408045 0.0019304189 0.005294571 0.0057953247 0.0016953225 0.0036685297 0.0014385164 0.0062751044 0.002791515 0.0020877603 0.002116475 0.0026609974 0.0009818558 0.0031668916 0.002315373 0.0016910345 0.0010551199 0.007657566 0.0015190173,
839,32,,,0.004001351 0.004001351 0.004001351 0.004001351 0.004001351 0.004001351 0.004001351 0.004001351 0.004001351 0.004001351 0.004001351 0.004001351 0.004001351 0.004001351 0.004001351 0.004001351 0.004001351 0.004001351 0.004001351 0.004001351 0.004001351 0.004001351 0.004001351 0.004001351 0.004001351 0.004001351 0.004001351 0.004001351 0.004001351 0.004001351 0.004001351 0.004001351,14 11 13 11 14 11 13 13 14 14 15 13 11 11 14 12 12 14 13 14 12 13 13 13 13 14 13 13 14 14 12 14
844,1x1x32x4,0.5014885 0.63013893 0.5525234 0.53657496,0.5014273 0.63006204 0.5524559 0.5365095,0.0039482466 0.0049611186 0.0043500466 0.0042244843,
845,4,,,0.003876324 0.003876324 0.003876324 0.003876324,15 15 15 15
