raw_id,size,max,sat,scale,exp
12,3x3x3x32,0.04882188 0.06422747 0.04296735 0.04657603 0.04105215 0.03440113 0.031572312 0.08917207 0.18407664 0.02728022 0.08294655 0.08051 0.014622613 0.056177024 0.21085636 0.14850385 0.071633086 0.12830035 0.026766486 0.24071163 0.06705626 0.069056764 0.027414635 0.04665624 0.15368064 0.033628967 0.052084148 0.045618728 0.15997131 0.12967476 0.058925793 0.028339192,0.04881592 0.06421963 0.042962108 0.046570346 0.04104714 0.03439693 0.031568456 0.089161195 0.18405418 0.02727689 0.08293643 0.08050017 0.014620828 0.056170166 0.21083063 0.14848574 0.07162434 0.1282847 0.026763221 0.24068224 0.06704807 0.06904834 0.02741129 0.046650544 0.15366189 0.033624865 0.05207779 0.04561316 0.15995179 0.12965894 0.0589186 0.028335733,0.00038437734 0.00050566636 0.00033828433 0.00036669563 0.00032320584 0.000270842 0.00024857052 0.0007020566 0.0014492455 0.00021477866 0.00065304275 0.0006338596 0.00011512463 0.00044228477 0.0016600837 0.001169179 0.0005639712 0.0010101157 0.00021073403 0.0018951357 0.0005279376 0.0005436877 0.00021583693 0.00036732713 0.0012099361 0.00026476273 0.00041006133 0.00035915873 0.0012594629 0.0010209365 0.00046392597 0.000223116,
13,32,,,0.0077517014 0.0077517014 0.0077517014 0.0077517014 0.0077517014 0.0077517014 0.0077517014 0.0077517014 0.0077517014 0.0077517014 0.0077517014 0.0077517014 0.0077517014 0.0077517014 0.0077517014 0.0077517014 0.0077517014 0.0077517014 0.0077517014 0.0077517014 0.0077517014 0.0077517014 0.0077517014 0.0077517014 0.0077517014 0.0077517014 0.0077517014 0.0077517014 0.0077517014 0.0077517014 0.0077517014 0.0077517014,14 13 14 14 14 14 14 13 12 15 13 13 16 14 12 12 13 12 15 12 13 13 15 14 12 14 14 14 12 12 14 15
18,3x3x32x64,0.10477508 0.200078 0.19669141 0.19645259 0.16139203 0.071422786 0.15227437 0.14681266 0.19315982 0.19541493 0.2558629 0.17457432 0.14874241 0.14218275 0.21540178 0.33113977 0.22713722 0.24088198 0.21877071 0.16348825 0.11881405 0.13353969 0.09552701 0.14379069 0.2837934 0.35241652 0.16111343 0.15011378 0.19768763 0.30394495 0.14635317 0.22788413 0.18909292 0.1681477 0.13180907 0.22221671 0.31964365 0.17413493 0.21666168 0.11782764 0.08617004 0.18048571 0.25611618 0.22015134 0.106482334 0.24721746 0.11496875 0.16671418 0.16404158 0.29281458 0.2158143 0.26964054 0.1998256 0.16443005 0.108025625 0.19296436 0.27354005 0.22802609 0.1452398 0.10638456 0.15793368 0.27478403 0.28558913 0.19269761,0.10476229 0.20005359 0.1966674 0.19642861 0.16137233 0.07141407 0.15225579 0.14679474 0.19313625 0.19539107 0.25583166 0.174553 0.14872426 0.1421654 0.2153755 0.33109936 0.22710949 0.24085258 0.21874402 0.1634683 0.11879955 0.1335234 0.095515355 0.14377315 0.28375876 0.3523735 0.16109377 0.15009545 0.1976635 0.30390787 0.14633532 0.22785631 0.18906985 0.16812718 0.13179299 0.22218959 0.31960464 0.17411368 0.21663523 0.11781326 0.08615952 0.18046369 0.25608492 0.22012447 0.10646934 0.2471873 0.11495472 0.16669382 0.16402157 0.29277885 0.21578798 0.26960763 0.19980122 0.16441 0.10801244 0.1929408 0.27350667 0.22799827 0.14522208 0.10637158 0.1579144 0.2747505 0.28555426 0.1926741,0.00082489994 0.0015752251 0.0015485622 0.001546682 0.0012706483 0.0005623155 0.0011988644 0.0011558641 0.0015207578 0.0015385124 0.0020144226 0.0013744332 0.0011710571 0.0011194126 0.0016958701 0.0026070816 0.0017882637 0.001896477 0.0017223939 0.001287152 0.00093542953 0.0010513654 0.0007520894 0.0011320721 0.0022343209 0.0027745946 0.001268455 0.0011818539 0.0015564056 0.0023929754 0.0011522466 0.0017941442 0.001488739 0.001323836 0.0010377401 0.0017495244 0.002516572 0.0013709738 0.0017057892 0.00092766347 0.0006784214 0.0014209739 0.0020164168 0.0017332635 0.00083834125 0.0019463567 0.00090515526 0.0013125498 0.0012915084 0.0023053454 0.001699118 0.0021228949 0.0015732379 0.0012945669 0.00085049163 0.0015192189 0.002153596 0.001795262 0.001143481 0.0008375715 0.0012434205 0.0021633897 0.0022484588 0.0015171189,
19,64,,,0.0072958237 0.0072958237 0.0072958237 0.0072958237 0.0072958237 0.0072958237 0.0072958237 0.0072958237 0.0072958237 0.0072958237 0.0072958237 0.0072958237 0.0072958237 0.0072958237 0.0072958237 0.0072958237 0.0072958237 0.0072958237 0.0072958237 0.0072958237 0.0072958237 0.0072958237 0.0072958237 0.0072958237 0.0072958237 0.0072958237 0.0072958237 0.0072958237 0.0072958237 0.0072958237 0.0072958237 0.0072958237 0.0072958237 0.0072958237 0.0072958237 0.0072958237 0.0072958237 0.0072958237 0.0072958237 0.0072958237 0.0072958237 0.0072958237 0.0072958237 0.0072958237 0.0072958237 0.0072958237 0.0072958237 0.0072958237 0.0072958237 0.0072958237 0.0072958237 0.0072958237 0.0072958237 0.0072958237 0.0072958237 0.0072958237 0.0072958237 0.0072958237 0.0072958237 0.0072958237 0.0072958237 0.0072958237 0.0072958237 0.0072958237,14 13 13 13 13 14 13 13 13 13 12 13 13 13 13 12 13 13 13 13 14 13 14 13 12 12 13 13 13 12 13 13 13 13 13 13 12 13 13 14 14 13 12 13 14 13 14 13 13 12 13 12 13 13 14 13 12 13 13 14 13 12 12 13
24,1x1x64x64,0.2509756 0.27242023 0.5996706 0.3643053 0.36271247 0.42184874 0.57143486 0.26926565 0.40955287 0.31211334 0.36149824 0.5158005 0.50874066 0.41175315 0.40191987 0.29277563 0.33878848 0.37133214 0.31304747 0.44462 0.40781027 0.46726266 0.39152104 0.4508594 0.32195473 0.45659217 0.40278468 0.60932297 0.32374373 0.50561476 0.33645108 0.38925943 0.2354462 0.43232465 0.25311098 0.2717901 0.36914095 0.446128 0.3508973 0.33280918 0.56333786 0.29681495 0.32273376 0.30175543 0.48887685 0.3125187 0.3329293 0.4757793 0.2369133 0.22262144 0.31073758 0.33935544 0.24847287 0.28402314 0.31783363 0.46751806 0.29755825 0.2307319 0.2885659 0.32303438 0.37957162 0.51769376 0.54607975 0.30748537,0.250945 0.272387 0.5995974 0.36426082 0.3626682 0.42179725 0.5713651 0.2692328 0.4095029 0.31207526 0.3614541 0.51573753 0.5086786 0.4117029 0.40187082 0.2927399 0.3387471 0.37128684 0.31300926 0.44456577 0.4077605 0.4672056 0.39147323 0.45080435 0.32191542 0.45653647 0.4027355 0.60924864 0.32370424 0.50555307 0.33641002 0.38921192 0.23541746 0.43227187 0.25308007 0.27175692 0.36909592 0.44607356 0.3508545 0.33276856 0.5632691 0.2967787 0.3226944 0.30171862 0.4888172 0.31248054 0.33288866 0.4757212 0.23688437 0.22259426 0.31069964 0.33931404 0.24844255 0.28398848 0.31779486 0.467461 0.29752195 0.23070376 0.2885307 0.32299495 0.37952527 0.5176306 0.5460131 0.30744785,0.001975945 0.0021447795 0.004721239 0.0028681955 0.002855655 0.003321238 0.004498938 0.0021199433 0.0032244322 0.0024572855 0.0028460952 0.0040609255 0.0040053437 0.003241755 0.0031643372 0.0023050385 0.0026673002 0.0029235184 0.00246464 0.003500518 0.0032107127 0.0036787845 0.0030824663 0.0035496405 0.0025347671 0.0035947755 0.0031711457 0.0047972333 0.0025488522 0.003980733 0.0026488977 0.0030646608 0.0018536807 0.0034037156 0.0019927565 0.0021398182 0.002906267 0.0035123902 0.0027626338 0.0026202248 0.0044351895 0.0023368401 0.0025409006 0.0023757373 0.003848954 0.0024604767 0.0026211706 0.0037458362 0.0018652313 0.0017527107 0.0024464538 0.0026717642 0.0019562405 0.0022361297 0.0025023217 0.0036807952 0.0023426926 0.001816565 0.0022718953 0.0025432673 0.002988388 0.0040758313 0.004299316 0.0024208492,
25,64,,,0.0077517014 0.0077517014 0.0077517014 0.0077517014 0.0077517014 0.0077517014 0.0077517014 0.0077517014 0.0077517014 0.0077517014 0.0077517014 0.0077517014 0.0077517014 0.0077517014 0.0077517014 0.0077517014 0.0077517014 0.0077517014 0.0077517014 0.0077517014 0.0077517014 0.0077517014 0.0077517014 0.0077517014 0.0077517014 0.0077517014 0.0077517014 0.0077517014 0.0077517014 0.0077517014 0.0077517014 0.0077517014 0.0077517014 0.0077517014 0.0077517014 0.0077517014 0.0077517014 0.0077517014 0.0077517014 0.0077517014 0.0077517014 0.0077517014 0.0077517014 0.0077517014 0.0077517014 0.0077517014 0.0077517014 0.0077517014 0.0077517014 0.0077517014 0.0077517014 0.0077517014 0.0077517014 0.0077517014 0.0077517014 0.0077517014 0.0077517014 0.0077517014 0.0077517014 0.0077517014 0.0077517014 0.0077517014 0.0077517014 0.0077517014,14 14 13 14 14 14 13 14 14 14 14 13 13 14 14 14 14 14 14 14 14 14 14 14 14 14 14 13 14 13 14 14 15 14 14 14 14 14 14 14 13 14 14 14 14 14 14 14 15 15 14 14 14 14 14 14 14 15 14 14 14 13 13 14
34,3x3x32x16,0.21879613 0.14302889 0.25260806 0.16355202 0.24858797 0.1694187 0.21752445 0.22261186 0.14767584 0.2266347 0.09278666 0.19616485 0.2644596 0.16630535 0.27255696 0.15981922,0.21876943 0.14301142 0.25257722 0.16353205 0.24855763 0.16939802 0.21749792 0.2225847 0.14765781 0.22660704 0.09277534 0.19614092 0.26442733 0.16628505 0.2725237 0.15979971,0.0017225939 0.0011260742 0.001988797 0.0012876539 0.0019571467 0.0013338428 0.001712582 0.0017526353 0.00116266 0.0017843074 0.00073051447 0.0015444166 0.002082105 0.0013093312 0.002145856 0.0012582655,
35,16,,,0.0053928886 0.0053928886 0.0053928886 0.0053928886 0.0053928886 0.0053928886 0.0053928886 0.0053928886 0.0053928886 0.0053928886 0.0053928886 0.0053928886 0.0053928886 0.0053928886 0.0053928886 0.0053928886,14 14 13 14 13 14 14 14 14 14 15 14 13 14 13 14
40,3x3x16x32,0.4089595 0.6756915 0.22081073 0.21824972 0.18147598 0.26052377 0.17281702 0.32361728 0.29032877 0.21143249 0.2576296 0.21255368 0.32880512 0.34626856 0.2650557 0.34302056 0.24899223 0.21349923 0.22541718 0.28355324 0.27321252 0.28063685 0.24544007 0.2703052 0.26673192 0.23544188 0.2440306 0.22120956 0.22926585 0.29916131 0.32616547 0.20761602,0.40890962 0.675609 0.22078377 0.21822308 0.18145382 0.26049197 0.17279592 0.3235778 0.29029334 0.2114067 0.25759816 0.21252774 0.32876498 0.3462263 0.26502332 0.34297872 0.24896185 0.21347319 0.22538967 0.28351864 0.27317917 0.2806026 0.24541011 0.2702722 0.26669934 0.23541313 0.24400082 0.22118257 0.22923788 0.2991248 0.32612568 0.20759067,0.0032197607 0.005319756 0.0017384549 0.001718292 0.0014287703 0.0020511178 0.0013605978 0.0025478567 0.0022857743 0.0016646197 0.002028332 0.0016734467 0.0025887005 0.0027261914 0.0020867977 0.0027006199 0.0019603295 0.0016808913 0.0017747219 0.0022324303 0.002151017 0.0022094692 0.0019323631 0.0021281275 0.0020999948 0.0018536467 0.0019212663 0.001741595 0.0018050227 0.0023553134 0.0025679187 0.0016345722,
41,32,,,0.0062016635 0.0062016635 0.0062016635 0.0062016635 0.0062016635 0.0062016635 0.0062016635 0.0062016635 0.0062016635 0.0062016635 0.0062016635 0.0062016635 0.0062016635 0.0062016635 0.0062016635 0.0062016635 0.0062016635 0.0062016635 0.0062016635 0.0062016635 0.0062016635 0.0062016635 0.0062016635 0.0062016635 0.0062016635 0.0062016635 0.0062016635 0.0062016635 0.0062016635 0.0062016635 0.0062016635 0.0062016635,14 13 15 15 15 14 15 14 14 15 14 15 14 14 14 14 14 15 15 14 14 14 15 14 14 15 15 15 15 14 14 15
53,1x1x96x128,0.2772984 0.56076676 0.29921633 0.26969594 0.3108856 0.25535703 0.23975275 0.3116115 0.39343384 0.32194987 0.19227092 0.34275153 0.29422608 0.43304157 0.31140873 0.21202107 0.26805463 0.3092465 0.30469364 0.28565583 0.4019695 0.5470073 0.21634126 0.20936352 0.28545207 0.23532607 0.30962643 0.4280615 0.20695364 0.6806712 0.3293522 0.34346816 0.19403172 0.3593816 0.47642303 0.36610386 0.41090494 0.3377552 0.31753024 0.37093067 0.3789503 0.3188075 0.29421532 0.3495416 0.31697538 0.23149619 0.317979 0.3317885 0.45191786 0.70477164 0.2601984 0.2648665 0.29355907 0.2941642 0.33389565 0.3382076 0.3153954 0.34453905 0.2590751 0.35270223 0.39341184 0.47734112 0.282407 0.29226536 0.30280733 0.2856042 0.40647656 0.23599018 0.25963786 0.26112607 0.41156697 0.29848465 0.25924265 0.28927666 0.33765644 0.40822634 0.27111745 0.38432562 0.32661667 0.33047795 0.31033406 0.4289087 0.31337956 0.33150032 0.39130494 0.32229662 0.28407052 0.29962403 0.22892326 0.25347352 0.27013832 0.22681086 0.33103627 0.29327044 0.2643625 0.26971716 0.4707126 0.24240334 0.254191 0.29224154 0.31502172 0.27274242 0.3170761 0.32174188 0.25839072 0.28543895 0.24919492 0.4115297 0.2677602 0.27856183 0.30577302 0.31025317 0.29425076 0.2853005 0.29178935 0.24100162 0.31639653 0.2986617 0.23963507 0.23576786 0.2821936 0.2960095 0.26429856 0.39793298 0.35898793 0.33448777 0.3259674 0.3568962,0.27726457 0.56069833 0.2991798 0.269663 0.31084767 0.25532588 0.2397235 0.31157348 0.39338583 0.32191056 0.19224747 0.34270972 0.29419017 0.4329887 0.31137073 0.21199518 0.26802194 0.30920875 0.30465648 0.28562096 0.40192044 0.54694057 0.21631485 0.20933798 0.28541723 0.23529734 0.30958864 0.42800924 0.20692839 0.6805882 0.32931203 0.34342626 0.19400804 0.35933775 0.47636488 0.36605918 0.41085482 0.337714 0.31749147 0.3708854 0.37890404 0.31876862 0.2941794 0.34949893 0.3169367 0.23146793 0.3179402 0.33174804 0.45186272 0.7046856 0.26016667 0.2648342 0.29352325 0.29412833 0.33385488 0.33816633 0.31535694 0.344497 0.25904348 0.35265917 0.39336383 0.47728288 0.2823725 0.29222968 0.30277038 0.28556937 0.40642697 0.23596138 0.25960618 0.26109418 0.41151673 0.2984482 0.25921103 0.28924137 0.33761525 0.40817654 0.27108437 0.3842787 0.3265768 0.3304376 0.31029618 0.42885634 0.3133413 0.33145985 0.39125717 0.32225728 0.28403583 0.29958746 0.22889532 0.2534426 0.27010536 0.22678319 0.3309959 0.29323465 0.26433027 0.26968423 0.47065517 0.24237375 0.25416 0.2922059 0.31498328 0.27270913 0.31703737 0.32170263 0.2583592 0.28540412 0.2491645 0.41147947 0.2677275 0.27852786 0.3057357 0.3102153 0.29421484 0.28526565 0.29175374 0.2409722 0.31635794 0.29862526 0.23960583 0.23573908 0.28215918 0.2959734 0.26426628 0.39788443 0.35894412 0.33444697 0.32592762 0.35685262,0.0021831857 0.0044149477 0.0023557465 0.0021233307 0.0024476193 0.00201044 0.0018875867 0.0024533344 0.0030975263 0.0025347287 0.0015137596 0.0026985018 0.002316458 0.0034093598 0.002451738 0.0016692535 0.002110409 0.0024347145 0.00239887 0.0022489838 0.003164728 0.0043066186 0.0017032665 0.0016483306 0.0022473799 0.001852735 0.0024377059 0.0033701516 0.0016293573 0.005358962 0.002593008 0.0027041438 0.0015276223 0.002829431 0.0037509045 0.0028823558 0.0032350773 0.0026591653 0.002499933 0.0029203575 0.0029834965 0.002509989 0.0023163734 0.00275196 0.0024955645 0.0018225821 0.002503466 0.0026121894 0.0035579742 0.005548706 0.0020485565 0.0020853085 0.0023112067 0.002315971 0.0026287786 0.002662727 0.0024831255 0.0027125748 0.0020397124 0.0027768437 0.003097353 0.003758133 0.0022234055 0.002301021 0.0023840186 0.0022485778 0.0032002123 0.0018579636 0.0020441432 0.0020558597 0.0032402892 0.0023499858 0.0020410318 0.0022774911 0.0026583879 0.0032139886 0.0021345227 0.0030258168 0.0025714708 0.0026018708 0.002443277 0.0033768215 0.0024672542 0.00260992 0.003080765 0.002537459 0.0022365027 0.0023589563 0.0018023254 0.001995611 0.0021268139 0.0017856944 0.0026062669 0.0023089342 0.0020813406 0.002123498 0.0037059463 0.0019084547 0.0020012597 0.0023008338 0.0024801833 0.002147316 0.0024963573 0.0025330915 0.0020343245 0.0022472765 0.0019619253 0.0032399958 0.0021080906 0.0021931326 0.0024073678 0.00244264 0.0023166523 0.0022461864 0.0022972736 0.001897419 0.0024910073 0.00235138 0.0018866601 0.0018562132 0.0022217259 0.0023304992 0.0020808368 0.0031329482 0.0028263316 0.0026334408 0.0025663592 0.002809863,
54,128,,,0.006528001 0.006528001 0.006528001 0.006528001 0.006528001 0.006528001 0.006528001 0.006528001 0.006528001 0.006528001 0.006528001 0.006528001 0.006528001 0.006528001 0.006528001 0.006528001 0.006528001 0.006528001 0.006528001 0.006528001 0.006528001 0.006528001 0.006528001 0.006528001 0.006528001 0.006528001 0.006528001 0.006528001 0.006528001 0.006528001 0.006528001 0.006528001 0.006528001 0.006528001 0.006528001 0.006528001 0.006528001 0.006528001 0.006528001 0.006528001 0.006528001 0.006528001 0.006528001 0.006528001 0.006528001 0.006528001 0.006528001 0.006528001 0.006528001 0.006528001 0.006528001 0.006528001 0.006528001 0.006528001 0.006528001 0.006528001 0.006528001 0.006528001 0.006528001 0.006528001 0.006528001 0.006528001 0.006528001 0.006528001 0.006528001 0.006528001 0.006528001 0.006528001 0.006528001 0.006528001 0.006528001 0.006528001 0.006528001 0.006528001 0.006528001 0.006528001 0.006528001 0.006528001 0.006528001 0.006528001 0.006528001 0.006528001 0.006528001 0.006528001 0.006528001 0.006528001 0.006528001 0.006528001 0.006528001 0.006528001 0.006528001 0.006528001 0.006528001 0.006528001 0.006528001 0.006528001 0.006528001 0.006528001 0.006528001 0.006528001 0.006528001 0.006528001 0.006528001 0.006528001 0.006528001 0.006528001 0.006528001 0.006528001 0.006528001 0.006528001 0.006528001 0.006528001 0.006528001 0.006528001 0.006528001 0.006528001 0.006528001 0.006528001 0.006528001 0.006528001 0.006528001 0.006528001 0.006528001 0.006528001 0.006528001 0.006528001 0.006528001 0.006528001,14 13 14 14 14 14 15 14 14 14 15 14 14 14 14 15 14 14 14 14 14 13 15 15 14 15 14 14 15 13 14 14 15 14 14 14 14 14 14 14 14 14 14 14 14 15 14 14 14 13 14 14 14 14 14 14 14 14 14 14 14 14 14 14 14 14 14 15 14 14 14 14 14 14 14 14 14 14 14 14 14 14 14 14 14 14 14 14 15 14 14 15 14 14 14 14 14 15 14 14 14 14 14 14 14 14 14 14 14 14 14 14 14 14 14 15 14 14 15 15 14 14 14 14 14 14 14 14
59,3x3x128x128,0.057273563 0.061928578 0.04221372 0.048444238 0.05963231 0.067748405 0.050478783 0.052679818 0.06358602 0.04108397 0.06984315 0.06477121 0.05700921 0.06822586 0.060454153 0.083757065 0.078751855 0.05741753 0.03975333 0.0687712 0.065952554 0.04879315 0.09775023 0.044340916 0.045795843 0.06341069 0.06949735 0.060299814 0.05015089 0.07168272 0.058676027 0.04202878 0.058782246 0.06287407 0.08134299 0.06433644 0.07207133 0.05591067 0.047086403 0.07224707 0.05719378 0.061576005 0.05072789 0.05109475 0.03629967 0.04462136 0.066276856 0.07598922 0.058042157 0.05596501 0.050631166 0.0669545 0.040872693 0.063251466 0.04448554 0.067766175 0.09606033 0.052546248 0.04110778 0.05441844 0.062553436 0.061495192 0.04496161 0.05394515 0.047527816 0.062124442 0.06357229 0.052127056 0.040828053 0.053693146 0.05563246 0.060982473 0.069700904 0.062322136 0.06277369 0.05845703 0.076709636 0.077570975 0.076085605 0.06163781 0.05981826 0.042490374 0.05541917 0.046927873 0.046874117 0.044525944 0.049833275 0.06390653 0.05934391 0.057938468 0.047669224 0.06612343 0.062455617 0.05393508 0.05271153 0.04699774 0.05947299 0.06744882 0.055267483 0.093655325 0.059346903 0.071216054 0.09685274 0.058979645 0.06446977 0.04976535 0.06949661 0.060095552 0.06573574 0.06044517 0.042092465 0.0535135 0.05385375 0.052354015 0.057549763 0.058403004 0.062120117 0.073376864 0.066806324 0.06942051 0.05390775 0.05854633 0.06622552 0.039776124 0.06279814 0.047284674 0.064807124 0.06306363,0.05726657 0.06192102 0.042208567 0.048438326 0.059625033 0.06774014 0.050472625 0.05267339 0.06357826 0.041078955 0.06983463 0.06476331 0.057002254 0.06821754 0.060446773 0.08374684 0.07874224 0.057410523 0.039748475 0.0687628 0.0659445 0.04878719 0.0977383 0.044335507 0.04579025 0.06340296 0.06948886 0.060292453 0.05014477 0.071673974 0.058668867 0.04202365 0.058775075 0.0628664 0.081333056 0.06432859 0.07206254 0.05590385 0.04708066 0.07223825 0.0571868 0.06156849 0.050721698 0.051088516 0.03629524 0.044615913 0.06626877 0.07597995 0.058035072 0.055958178 0.05062499 0.066946335 0.040867705 0.06324375 0.044480108 0.067757905 0.0960486 0.052539833 0.041102767 0.054411802 0.062545806 0.06148769 0.04495612 0.053938568 0.047522016 0.06211686 0.063564524 0.052120697 0.040823072 0.053686593 0.055625673 0.06097503 0.0696924 0.062314533 0.06276603 0.058449898 0.07670028 0.07756151 0.076076314 0.061630286 0.059810963 0.04248519 0.055412408 0.046922144 0.0468684 0.044520512 0.049827196 0.06389873 0.05933667 0.057931397 0.04766341 0.066115364 0.062447995 0.0539285 0.052705098 0.046992008 0.05946573 0.067440584 0.05526074 0.0936439 0.05933966 0.07120737 0.09684092 0.058972448 0.0644619 0.049759272 0.06948812 0.06008822 0.06572772 0.060437795 0.042087328 0.05350697 0.05384718 0.052347627 0.057542738 0.058395874 0.062112536 0.07336791 0.066798165 0.06941204 0.05390117 0.058539186 0.06621744 0.03977127 0.06279048 0.047278903 0.06479922 0.06305593,0.00045091787 0.00048756707 0.00033235093 0.00038140413 0.00046948844 0.00053338695 0.00039742223 0.0004147511 0.00050061627 0.00032345633 0.000549879 0.0005099473 0.00044883665 0.000537146 0.00047595883 0.00065942394 0.00062001764 0.00045205138 0.00031298012 0.0005414394 0.000519248 0.00038415112 0.00076959294 0.00034909847 0.00036055315 0.0004992359 0.0005471564 0.00047474372 0.0003948407 0.000564362 0.00046195957 0.0003308949 0.00046279587 0.000495011 0.00064041774 0.00050652435 0.00056742155 0.00044018778 0.00037071385 0.00056880515 0.00045028978 0.00048479126 0.00039938345 0.00040227178 0.00028578928 0.0003513064 0.00052180135 0.0005982673 0.00045696908 0.00044061558 0.00039862195 0.0005271365 0.00032179296 0.00049798226 0.00035023707 0.0005335268 0.0007562882 0.00041369948 0.00032364382 0.00042843938 0.00049248664 0.00048415503 0.0003539852 0.00042471313 0.0003741891 0.00048910914 0.00050050806 0.0004103992 0.0003214415 0.00042272906 0.00043799743 0.00048011835 0.00054875907 0.0004906656 0.0004942207 0.00046023543 0.0006039392 0.0006107206 0.0005990261 0.00048527785 0.00047095245 0.00033452903 0.00043631817 0.0003694657 0.0003690425 0.0003505552 0.00039234012 0.00050313957 0.00046721788 0.00045615275 0.00037530242 0.0005205934 0.0004917165 0.00042463385 0.00041500077 0.0003700158 0.0004682341 0.0005310282 0.00043512395 0.0007373535 0.00046724142 0.0005606879 0.00076252694 0.00046434999 0.000507574 0.00039180528 0.00054715056 0.0004731356 0.0005175411 0.00047588814 0.0003313963 0.00042131473 0.00042399354 0.00041218603 0.00045309242 0.00045981002 0.0004890751 0.0005777001 0.0005259698 0.0005465515 0.00042441866 0.00046093846 0.00052139716 0.0003131596 0.00049441325 0.00037227484 0.0005102301 0.00049650343,
60,128,,,0.0051682214 0.0051682214 0.0051682214 0.0051682214 0.0051682214 0.0051682214 0.0051682214 0.0051682214 0.0051682214 0.0051682214 0.0051682214 0.0051682214 0.0051682214 0.0051682214 0.0051682214 0.0051682214 0.0051682214 0.0051682214 0.0051682214 0.0051682214 0.0051682214 0.0051682214 0.0051682214 0.0051682214 0.0051682214 0.0051682214 0.0051682214 0.0051682214 0.0051682214 0.0051682214 0.0051682214 0.0051682214 0.0051682214 0.0051682214 0.0051682214 0.0051682214 0.0051682214 0.0051682214 0.0051682214 0.0051682214 0.0051682214 0.0051682214 0.0051682214 0.0051682214 0.0051682214 0.0051682214 0.0051682214 0.0051682214 0.0051682214 0.0051682214 0.0051682214 0.0051682214 0.0051682214 0.0051682214 0.0051682214 0.0051682214 0.0051682214 0.0051682214 0.0051682214 0.0051682214 0.0051682214 0.0051682214 0.0051682214 0.0051682214 0.0051682214 0.0051682214 0.0051682214 0.0051682214 0.0051682214 0.0051682214 0.0051682214 0.0051682214 0.0051682214 0.0051682214 0.0051682214 0.0051682214 0.0051682214 0.0051682214 0.0051682214 0.0051682214 0.0051682214 0.0051682214 0.0051682214 0.0051682214 0.0051682214 0.0051682214 0.0051682214 0.0051682214 0.0051682214 0.0051682214 0.0051682214 0.0051682214 0.0051682214 0.0051682214 0.0051682214 0.0051682214 0.0051682214 0.0051682214 0.0051682214 0.0051682214 0.0051682214 0.0051682214 0.0051682214 0.0051682214 0.0051682214 0.0051682214 0.0051682214 0.0051682214 0.0051682214 0.0051682214 0.0051682214 0.0051682214 0.0051682214 0.0051682214 0.0051682214 0.0051682214 0.0051682214 0.0051682214 0.0051682214 0.0051682214 0.0051682214 0.0051682214 0.0051682214 0.0051682214 0.0051682214 0.0051682214 0.0051682214 0.0051682214,15 14 15 15 15 14 15 15 14 15 14 14 15 14 15 14 14 15 15 14 14 15 14 15 15 14 14 15 15 14 15 15 15 14 14 14 14 15 15 14 15 15 15 15 15 15 14 14 15 15 15 14 15 14 15 14 14 15 15 15 14 15 15 15 15 14 14 15 15 15 15 15 14 14 14 15 14 14 14 15 15 15 15 15 15 15 15 14 15 15 15 14 14 15 15 15 15 14 15 14 15 14 14 15 14 15 14 15 14 15 15 15 15 15 15 15 14 14 14 14 15 15 14 15 14 15 14 14
65,1x1x128x128,0.30240282 0.41166398 0.26521626 0.21941505 0.28351352 0.4270112 0.2550754 0.35113373 0.27820262 0.2692402 0.2864281 0.2250156 0.3740638 0.3888775 0.3493589 0.30053523 0.32958165 0.300386 0.28736672 0.4989526 0.396258 0.29292834 0.3360228 0.28283417 0.42859763 0.3918692 0.35995337 0.3344538 0.26479253 0.3655467 0.41619 0.27075937 0.40501335 0.21928172 0.32118806 0.34893563 0.29548526 0.2352588 0.275629 0.27512303 0.27704337 0.35976696 0.41598782 0.4061262 0.33506393 0.27772176 0.35434172 0.3298639 0.27714637 0.29837656 0.2924925 0.2975381 0.3021912 0.28236678 0.28090876 0.33487582 0.3728589 0.42764005 0.24302638 0.29641566 0.2841443 0.27976614 0.35450685 0.43573797 0.22672655 0.20373183 0.31145117 0.26278672 0.22437705 0.2895334 0.27798 0.18845157 0.25174677 0.18846203 0.20133978 0.21277282 0.17987213 0.21474239 0.30504397 0.21757397 0.1540655 0.17438538 0.31076327 0.2539806 0.16948222 0.26383483 0.23740391 0.19382551 0.17192875 0.26303533 0.1946368 0.4157824 0.23269697 0.22172557 0.305939 0.1592409 0.17216396 0.22011377 0.24913974 0.22631115 0.14557192 0.23873246 0.21839648 0.20529647 0.18849812 0.21276751 0.17631273 0.18314633 0.16921964 0.22357939 0.20109403 0.20461486 0.24364464 0.1414499 0.18219928 0.19953555 0.32003173 0.29727966 0.23139752 0.23517036 0.24134226 0.19357681 0.17062761 0.2355349 0.30186665 0.20631206 0.23392642 0.19473249,0.3023659 0.41161373 0.2651839 0.21938828 0.28347892 0.4269591 0.25504428 0.35109088 0.27816868 0.26920736 0.28639314 0.22498813 0.37401813 0.38883004 0.34931627 0.30049857 0.32954144 0.30034935 0.28733164 0.4988917 0.39620966 0.2928926 0.3359818 0.28279966 0.42854533 0.39182138 0.35990945 0.334413 0.2647602 0.3655021 0.4161392 0.27072632 0.40496394 0.21925496 0.32114884 0.34889305 0.2954492 0.23523009 0.2755954 0.27508947 0.27700955 0.35972306 0.41593704 0.40607664 0.33502305 0.27768785 0.35429847 0.32982364 0.27711254 0.29834014 0.2924568 0.29750177 0.3021543 0.2823323 0.28087446 0.33483493 0.3728134 0.42758787 0.24299671 0.29637948 0.28410965 0.27973202 0.3544636 0.43568477 0.22669888 0.20370698 0.31141314 0.26275465 0.22434968 0.2894981 0.27794605 0.18842857 0.25171605 0.18843904 0.20131521 0.21274686 0.17985018 0.2147162 0.30500674 0.21754742 0.1540467 0.1743641 0.31072536 0.2539496 0.16946153 0.26380262 0.23737493 0.19380185 0.17190777 0.26300323 0.19461305 0.41573167 0.23266856 0.22169851 0.30590165 0.15922147 0.17214295 0.22008692 0.24910933 0.22628352 0.14555416 0.23870333 0.21836984 0.20527141 0.18847512 0.21274155 0.17629121 0.18312398 0.16919899 0.22355211 0.20106949 0.20458989 0.2436149 0.14143263 0.18217705 0.1995112 0.3199927 0.29724336 0.23136929 0.23514166 0.24131282 0.19355318 0.17060678 0.23550616 0.30182981 0.20628689 0.23389786 0.19470872,0.002380834 0.003241053 0.0020880622 0.0017274667 0.0022321173 0.0033618826 0.0020082227 0.002764495 0.0021903045 0.002119743 0.002255064 0.00177156 0.0029450248 0.0030616538 0.0027505218 0.0023661305 0.0025948146 0.0023649556 0.0022624538 0.0039282814 0.0031197611 0.002306241 0.0026455258 0.002226769 0.0033743726 0.0030852077 0.0028339326 0.0026331733 0.002084726 0.0028779693 0.0032766864 0.0021317033 0.0031886925 0.001726417 0.002528731 0.0027471893 0.0023263716 0.0018522054 0.0021700426 0.0021660589 0.0021811775 0.002832465 0.0032750948 0.003197454 0.0026379768 0.0021865184 0.0027897519 0.0025970365 0.0021819884 0.002349135 0.0023028094 0.0023425336 0.0023791678 0.0022230889 0.0022116099 0.0026364955 0.0029355385 0.0033668336 0.0019133599 0.0023336967 0.0022370839 0.0022026142 0.002791052 0.0034305886 0.0017850305 0.001603992 0.002452072 0.0020689343 0.0017665329 0.0022795126 0.0021885517 0.0014836895 0.001982016 0.001483772 0.0015851591 0.0016751721 0.0014161431 0.0016906788 0.0024016278 0.0017129718 0.0012129662 0.0013729457 0.0024466563 0.0019996034 0.0013343428 0.002077186 0.001869094 0.0015259988 0.0013536045 0.0020708917 0.0015323863 0.0032734778 0.001832036 0.0017456575 0.0024086745 0.0012537123 0.0013554563 0.0017329679 0.0019614908 0.00178176 0.0011460957 0.0018795538 0.0017194476 0.0016163103 0.001484056 0.0016751303 0.0013881198 0.0014419211 0.0013322755 0.0017602529 0.0015832243 0.001610944 0.0019182275 0.0011136427 0.0014344649 0.0015709543 0.0025196276 0.0023404988 0.0018218054 0.0018515092 0.001900101 0.0015240408 0.0013433604 0.0018543792 0.0023766127 0.0016243062 0.0018417154 0.0015331395,
66,128,,,0.005392888 0.005392888 0.005392888 0.005392888 0.005392888 0.005392888 0.005392888 0.005392888 0.005392888 0.005392888 0.005392888 0.005392888 0.005392888 0.005392888 0.005392888 0.005392888 0.005392888 0.005392888 0.005392888 0.005392888 0.005392888 0.005392888 0.005392888 0.005392888 0.005392888 0.005392888 0.005392888 0.005392888 0.005392888 0.005392888 0.005392888 0.005392888 0.005392888 0.005392888 0.005392888 0.005392888 0.005392888 0.005392888 0.005392888 0.005392888 0.005392888 0.005392888 0.005392888 0.005392888 0.005392888 0.005392888 0.005392888 0.005392888 0.005392888 0.005392888 0.005392888 0.005392888 0.005392888 0.005392888 0.005392888 0.005392888 0.005392888 0.005392888 0.005392888 0.005392888 0.005392888 0.005392888 0.005392888 0.005392888 0.005392888 0.005392888 0.005392888 0.005392888 0.005392888 0.005392888 0.005392888 0.005392888 0.005392888 0.005392888 0.005392888 0.005392888 0.005392888 0.005392888 0.005392888 0.005392888 0.005392888 0.005392888 0.005392888 0.005392888 0.005392888 0.005392888 0.005392888 0.005392888 0.005392888 0.005392888 0.005392888 0.005392888 0.005392888 0.005392888 0.005392888 0.005392888 0.005392888 0.005392888 0.005392888 0.005392888 0.005392888 0.005392888 0.005392888 0.005392888 0.005392888 0.005392888 0.005392888 0.005392888 0.005392888 0.005392888 0.005392888 0.005392888 0.005392888 0.005392888 0.005392888 0.005392888 0.005392888 0.005392888 0.005392888 0.005392888 0.005392888 0.005392888 0.005392888 0.005392888 0.005392888 0.005392888 0.005392888 0.005392888,14 14 14 15 14 14 14 14 14 14 14 15 14 14 14 14 14 14 14 13 14 14 14 14 14 14 14 14 14 14 14 14 14 15 14 14 14 15 14 14 14 14 14 14 14 14 14 14 14 14 14 14 14 14 14 14 14 14 15 14 14 14 14 14 15 15 14 14 15 14 14 15 14 15 15 15 15 15 14 15 15 15 14 14 15 14 15 15 15 14 15 14 15 15 14 15 15 15 14 15 15 15 15 15 15 15 15 15 15 15 15 15 15 15 15 15 14 14 15 15 15 15 15 15 14 15 15 15
75,3x3x64x32,0.08356087 0.11412809 0.14235792 0.114555776 0.11185295 0.15144573 0.12692632 0.107578255 0.08660259 0.14434902 0.13271183 0.15980011 0.12928429 0.13341223 0.16939585 0.14133336 0.1151075 0.109988295 0.12437501 0.11310482 0.14265883 0.09777503 0.11633122 0.12476074 0.11647347 0.11517644 0.102690056 0.09606406 0.120718904 0.13056977 0.091902144 0.08345907,0.08355068 0.11411416 0.14234054 0.11454179 0.1118393 0.15142724 0.12691084 0.10756513 0.086592026 0.14433141 0.13269563 0.1597806 0.12926851 0.13339595 0.16937517 0.14131612 0.11509345 0.109974876 0.124359824 0.11309102 0.14264141 0.0977631 0.11631703 0.12474552 0.11645926 0.11516239 0.102677524 0.09605234 0.12070417 0.13055383 0.09189092 0.08344889,0.00065787934 0.0008985367 0.0011207917 0.00090190384 0.0008806244 0.0011923405 0.000999298 0.0008469695 0.00068182696 0.0011364678 0.0010448475 0.001258115 0.0010178623 0.0010503619 0.0013336628 0.0011127254 0.0009062476 0.0008659439 0.0009792112 0.00089048047 0.0011231607 0.00076978817 0.0009158821 0.0009822482 0.00091700203 0.00090679043 0.00080848444 0.00075631763 0.0009504265 0.0010279829 0.00072355056 0.0006570778,
76,32,,,0.0056379763 0.0056379763 0.0056379763 0.0056379763 0.0056379763 0.0056379763 0.0056379763 0.0056379763 0.0056379763 0.0056379763 0.0056379763 0.0056379763 0.0056379763 0.0056379763 0.0056379763 0.0056379763 0.0056379763 0.0056379763 0.0056379763 0.0056379763 0.0056379763 0.0056379763 0.0056379763 0.0056379763 0.0056379763 0.0056379763 0.0056379763 0.0056379763 0.0056379763 0.0056379763 0.0056379763 0.0056379763,15 15 14 15 15 14 14 15 15 14 14 14 14 14 14 14 15 15 14 15 14 15 15 14 15 15 15 15 15 14 15 15
81,3x3x32x64,0.15306237 0.19591203 0.1962608 0.20447469 0.22725885 0.20260106 0.20772675 0.14770764 0.25541967 0.16306981 0.15819485 0.18253066 0.2018826 0.13344833 0.15653838 0.19728312 0.23784862 0.18543366 0.16310194 0.14894679 0.13913815 0.22894831 0.18681802 0.16454816 0.19683464 0.19722667 0.21603955 0.27188098 0.21665163 0.18648286 0.18260708 0.18972392 0.16280015 0.18294503 0.14910235 0.17918546 0.19973952 0.15845686 0.17918256 0.15149327 0.18561728 0.14107254 0.2034364 0.22095339 0.25764027 0.1838287 0.17535117 0.15690057 0.13265362 0.15446669 0.18620612 0.17812125 0.25585204 0.1519692 0.21593113 0.15683368 0.18715869 0.14550026 0.120142475 0.15529132 0.2169583 0.12782523 0.1737284 0.17394808,0.1530437 0.19588813 0.19623683 0.20444974 0.2272311 0.20257632 0.20770139 0.14768963 0.2553885 0.16304992 0.15817556 0.18250838 0.20185795 0.13343205 0.15651928 0.19725905 0.2378196 0.18541104 0.16308203 0.14892861 0.13912117 0.22892037 0.18679522 0.16452809 0.19681062 0.1972026 0.21601318 0.27184778 0.21662518 0.1864601 0.1825848 0.18970077 0.16278027 0.18292269 0.14908415 0.1791636 0.19971514 0.15843752 0.1791607 0.15147479 0.18559463 0.14105532 0.20341158 0.22092643 0.25760883 0.18380627 0.17532977 0.15688142 0.13263743 0.15444784 0.1861834 0.17809951 0.25582084 0.15195066 0.21590477 0.15681453 0.18713585 0.14548251 0.12012781 0.15527236 0.21693182 0.12780963 0.1737072 0.17392686,0.0012050685 0.0015424262 0.001545172 0.0016098405 0.0017892213 0.0015950892 0.001635444 0.0011629105 0.0020109331 0.0012838576 0.0012454769 0.0014370738 0.0015894327 0.0010506461 0.0012324352 0.0015532209 0.0018725953 0.0014599294 0.0012841105 0.0011726662 0.0010954423 0.0018025226 0.0014708285 0.0012954967 0.0015496899 0.0015527763 0.0017008912 0.0021405336 0.0017057101 0.0014681898 0.0014376757 0.0014937068 0.0012817344 0.0014403361 0.0011738909 0.001410737 0.0015725602 0.0012475395 0.0014107141 0.0011927149 0.001461375 0.0011106718 0.001601666 0.0017395782 0.002028416 0.0014472934 0.0013805494 0.0012352868 0.0010443892 0.0012161247 0.0014660109 0.0014023584 0.0020143373 0.0011964618 0.0017000376 0.00123476 0.0014735106 0.0011455315 0.0009458883 0.001222617 0.0017081245 0.0010063751 0.0013677733 0.0013695029,
82,64,,,0.005637976 0.005637976 0.005637976 0.005637976 0.005637976 0.005637976 0.005637976 0.005637976 0.005637976 0.005637976 0.005637976 0.005637976 0.005637976 0.005637976 0.005637976 0.005637976 0.005637976 0.005637976 0.005637976 0.005637976 0.005637976 0.005637976 0.005637976 0.005637976 0.005637976 0.005637976 0.005637976 0.005637976 0.005637976 0.005637976 0.005637976 0.005637976 0.005637976 0.005637976 0.005637976 0.005637976 0.005637976 0.005637976 0.005637976 0.005637976 0.005637976 0.005637976 0.005637976 0.005637976 0.005637976 0.005637976 0.005637976 0.005637976 0.005637976 0.005637976 0.005637976 0.005637976 0.005637976 0.005637976 0.005637976 0.005637976 0.005637976 0.005637976 0.005637976 0.005637976 0.005637976 0.005637976 0.005637976 0.005637976,15 15 15 15 15 15 15 15 14 15 15 15 15 15 15 15 15 15 15 15 15 15 15 15 15 15 15 14 15 15 15 15 15 15 15 15 15 15 15 15 15 15 15 15 14 15 15 15 15 15 15 15 14 15 15 15 15 15 16 15 15 15 15 15
94,1x1x192x256,0.2627092 0.16515851 0.27098355 0.21107875 0.20884787 0.1572233 0.17159559 0.22310984 0.20744534 0.28102022 0.22419111 0.21554887 0.23436078 0.19114742 0.23951326 0.18596731 0.21147224 0.28562903 0.2179743 0.19653308 0.28817368 0.20301989 0.20641969 0.17040113 0.23246859 0.2484699 0.21117985 0.27299225 0.2574156 0.23807769 0.20173906 0.18760593 0.19329473 0.18145543 0.2666545 0.20779109 0.14846635 0.23961726 0.18788856 0.22074948 0.18777166 0.16899717 0.27841458 0.15715647 0.21943179 0.27128643 0.23497665 0.23362003 0.25261006 0.24252035 0.16199955 0.22850162 0.21790029 0.34898713 0.24587317 0.18923634 0.24383307 0.23002885 0.22046567 0.2894056 0.15582687 0.20453243 0.25332808 0.21502765 0.23504145 0.236129 0.18980394 0.31319535 0.19244985 0.18383934 0.19262013 0.1939087 0.33878967 0.19126488 0.20987014 0.19049941 0.2458818 0.24542609 0.16322428 0.1767364 0.22195101 0.26804453 0.24992655 0.20772228 0.14797641 0.20206276 0.19739798 0.16676559 0.18946598 0.35296392 0.2788783 0.25898308 0.19047391 0.34552535 0.18519455 0.21653311 0.23806238 0.20043802 0.23792604 0.2288599 0.17625308 0.25252897 0.3381951 0.21553227 0.27608672 0.2083589 0.19085407 0.23427357 0.2514459 0.16278858 0.18763454 0.19903855 0.1507014 0.3073574 0.20350441 0.18255092 0.22356196 0.16267543 0.25668663 0.21793851 0.25923064 0.19895771 0.23974949 0.2358635 0.23364727 0.24931851 0.17355663 0.17591064 0.22250879 0.21244307 0.18401383 0.22108136 0.22373332 0.21229787 0.21644932 0.26440364 0.24911271 0.24176815 0.2332426 0.18135479 0.271651 0.19634494 0.17687185 0.1896782 0.21602108 0.22955085 0.18173271 0.1744293 0.21470371 0.24991769 0.20824292 0.27912602 0.2093544 0.19512337 0.211192 0.15230198 0.23801176 0.18459976 0.24047735 0.22181045 0.25671566 0.25310504 0.20125328 0.28528622 0.20459571 0.16055791 0.14855616 0.2320356 0.23456292 0.33771384 0.3054334 0.2589629 0.22523957 0.27214938 0.22193134 0.31279296 0.23496692 0.22271605 0.23404758 0.25331175 0.20961766 0.17556927 0.19161877 0.21756382 0.30482173 0.20788895 0.1903376 0.23193906 0.19486988 0.20134021 0.29037678 0.24855264 0.23049884 0.25717056 0.20104857 0.19934194 0.21897244 0.23021315 0.19086021 0.23456104 0.3229265 0.20297217 0.26914817 0.17645338 0.26402003 0.16537312 0.2382505 0.22617018 0.14590701 0.18672025 0.20898679 0.27804303 0.24510467 0.24493201 0.26778027 0.24491325 0.21273619 0.21601944 0.21052767 0.21855217 0.27632913 0.20214449 0.25123316 0.2200387 0.22599572 0.22508077 0.18610361 0.2668264 0.28482276 0.24440745 0.26602346 0.3313449 0.36082047 0.2053097 0.21567813 0.18053226 0.19651826 0.26621506 0.2763397 0.25496164 0.23073074 0.24167985 0.21319601 0.21391314 0.21662289 0.19202623 0.1602198 0.22704677 0.19500916 0.16581598 0.24734741 0.17014772 0.20175737 0.23198937 0.25609946 0.21006745,0.26267713 0.16513836 0.2709505 0.211053 0.20882237 0.15720412 0.17157464 0.2230826 0.20742002 0.28098592 0.22416376 0.21552256 0.23433217 0.19112408 0.23948404 0.18594462 0.21144643 0.2855942 0.2179477 0.19650911 0.2881385 0.20299512 0.20639451 0.17038034 0.23244022 0.24843958 0.21115409 0.27295893 0.25738418 0.23804863 0.20171444 0.18758303 0.19327115 0.18143329 0.26662195 0.20776573 0.14844823 0.239588 0.18786563 0.22072254 0.18774875 0.16897655 0.2783806 0.15713729 0.21940501 0.27125332 0.23494796 0.23359151 0.2525792 0.24249075 0.16197978 0.22847372 0.2178737 0.34894454 0.24584317 0.18921325 0.2438033 0.23000078 0.22043878 0.2893703 0.15580785 0.20450747 0.25329715 0.2150014 0.23501277 0.23610018 0.18978077 0.31315714 0.19242637 0.18381691 0.19259663 0.19388504 0.3387483 0.19124153 0.20984453 0.19047616 0.24585178 0.24539614 0.16320436 0.17671482 0.22192392 0.26801184 0.24989605 0.20769693 0.14795835 0.2020381 0.1973739 0.16674523 0.18944287 0.35292083 0.27884427 0.2589515 0.19045067 0.34548318 0.18517196 0.21650667 0.23803334 0.20041357 0.23789701 0.22883196 0.17623158 0.25249815 0.3381538 0.21550597 0.27605304 0.20833346 0.19083078 0.23424499 0.25141522 0.16276872 0.18761165 0.19901426 0.15068302 0.3073199 0.20347959 0.18252864 0.22353467 0.16265556 0.2566553 0.21791191 0.25919902 0.19893342 0.23972024 0.23583473 0.23361877 0.24928808 0.17353544 0.17588918 0.22248162 0.21241714 0.18399137 0.22105439 0.223706 0.21227197 0.21642292 0.2643714 0.24908231 0.24173865 0.23321413 0.18133265 0.27161783 0.19632098 0.17685027 0.18965505 0.21599472 0.22952284 0.18171053 0.17440802 0.2146775 0.24988718 0.20821752 0.27909195 0.20932886 0.19509956 0.21116623 0.15228339 0.2379827 0.18457723 0.24044801 0.22178338 0.2566843 0.25307414 0.20122871 0.2852514 0.20457076 0.16053832 0.14853804 0.23200728 0.2345343 0.33767262 0.30539614 0.25893128 0.2252121 0.27211615 0.22190426 0.31275478 0.23493823 0.22268887 0.23401901 0.25328082 0.20959207 0.17554784 0.19159538 0.21753727 0.30478454 0.20786358 0.19031437 0.23191077 0.1948461 0.20131564 0.29034135 0.24852231 0.2304707 0.25713918 0.20102404 0.19931762 0.21894571 0.23018505 0.19083692 0.23453242 0.32288706 0.2029474 0.26911533 0.17643185 0.2639878 0.16535293 0.2382214 0.22614257 0.14588921 0.18669747 0.2089613 0.27800912 0.24507475 0.24490212 0.2677476 0.24488336 0.21271022 0.21599308 0.21050198 0.2185255 0.27629542 0.20211983 0.2512025 0.22001185 0.22596814 0.2250533 0.1860809 0.26679385 0.28478798 0.24437763 0.26599097 0.33130446 0.36077645 0.20528464 0.2156518 0.18051024 0.19649427 0.26618257 0.276306 0.25493053 0.2307026 0.24165034 0.21316999 0.21388704 0.21659645 0.1920028 0.16020025 0.22701907 0.19498536 0.16579574 0.24731722 0.17012696 0.20173274 0.23196106 0.25606823 0.2100418,0.0020683238 0.0013003021 0.0021334684 0.0016618347 0.0016442706 0.0012378277 0.0013509814 0.0017565559 0.0016332285 0.0022124876 0.001765069 0.001697028 0.0018451352 0.001504914 0.0018857011 0.0014641308 0.0016649326 0.0022487731 0.0017161237 0.0015473159 0.0022688073 0.0015983868 0.0016251536 0.0013415775 0.0018302379 0.0019562172 0.0016626306 0.002149283 0.002026647 0.0018743987 0.0015883027 0.0014770317 0.0015218201 0.0014286085 0.0020993855 0.0016359506 0.0011688836 0.0018865197 0.0014792569 0.0017379727 0.0014783365 0.001330524 0.0021919732 0.0012373015 0.0017275985 0.0021358528 0.0018499839 0.0018393033 0.0019888126 0.001909376 0.0012754314 0.0017990057 0.001715541 0.0027475948 0.0019357731 0.001489868 0.0019197111 0.0018110297 0.0017357384 0.0022785063 0.0012268334 0.001610295 0.0019944657 0.0016929244 0.0018504943 0.0018590565 0.0014943368 0.0024658043 0.0015151682 0.0014473773 0.0015165089 0.0015266539 0.0026673095 0.0015058388 0.0016523191 0.0014998124 0.0019358408 0.001932253 0.0012850737 0.0013914553 0.0017474324 0.0021103295 0.0019676855 0.0016354088 0.0011650264 0.0015908511 0.0015541252 0.0013129546 0.0014916762 0.0027789043 0.0021956242 0.002038988 0.0014996115 0.00272034 0.001458047 0.001704777 0.0018742783 0.0015780596 0.0018732048 0.0018018265 0.0013876503 0.0019881744 0.0026626284 0.0016968974 0.002173646 0.001640421 0.0015026046 0.0018444487 0.0019796474 0.0012816435 0.0014772571 0.0015670414 0.0011864804 0.0024198417 0.0016022015 0.0014372334 0.0017601155 0.0012807525 0.0020209078 0.0017158418 0.002040937 0.001566405 0.0018875609 0.0018569664 0.0018395178 0.0019628983 0.0013664208 0.0013849542 0.0017518238 0.001672576 0.001448751 0.0017405858 0.0017614646 0.0016714329 0.0017041174 0.0020816645 0.001961278 0.001903454 0.0018363317 0.0014278161 0.0021387232 0.0015458345 0.0013925219 0.0014933469 0.0017007458 0.0018072665 0.0014307916 0.0013732915 0.001690374 0.0019676157 0.0016395081 0.0021975744 0.0016482588 0.001536217 0.0016627263 0.0011990818 0.0018738796 0.001453364 0.0018932915 0.0017463259 0.0020211362 0.0019927097 0.0015844781 0.0022460741 0.0016107934 0.0012640812 0.0011695909 0.0018268289 0.0018467268 0.0026588396 0.002404694 0.002038829 0.0017733236 0.0021426468 0.0017472777 0.002462636 0.0018499073 0.0017534556 0.0018426693 0.0019943372 0.0016503313 0.0013822664 0.001508625 0.0017128919 0.0023998783 0.0016367211 0.0014985383 0.001826069 0.0015342212 0.0015851625 0.0022861524 0.0019568687 0.0018147299 0.0020247179 0.0015828664 0.0015694301 0.0017239819 0.0018124807 0.0015026529 0.001846712 0.0025424177 0.001598011 0.0021190182 0.0013892271 0.0020786442 0.0013019915 0.0018757591 0.0017806501 0.0011487339 0.0014700588 0.0016453646 0.002189048 0.0019297224 0.0019283631 0.0021082489 0.0019282154 0.0016748836 0.0017007329 0.001657496 0.0017206732 0.0021755544 0.0015914947 0.0019779725 0.0017323768 0.0017792766 0.0017720732 0.0014652039 0.002100739 0.002242425 0.0019242333 0.002094417 0.0026086965 0.0028407595 0.0016164145 0.0016980456 0.0014213405 0.001547199 0.0020959259 0.0021756378 0.002007327 0.0018165559 0.0019027586 0.0016785038 0.0016841498 0.0017054839 0.001511833 0.0012614193 0.0017875518 0.0015353177 0.0013054783 0.0019473797 0.0013395824 0.0015884468 0.001826465 0.0020162852 0.0016538725,
95,256,,,0.006528 0.006528 0.006528 0.006528 0.006528 0.006528 0.006528 0.006528 0.006528 0.006528 0.006528 0.006528 0.006528 0.006528 0.006528 0.006528 0.006528 0.006528 0.006528 0.006528 0.006528 0.006528 0.006528 0.006528 0.006528 0.006528 0.006528 0.006528 0.006528 0.006528 0.006528 0.006528 0.006528 0.006528 0.006528 0.006528 0.006528 0.006528 0.006528 0.006528 0.006528 0.006528 0.006528 0.006528 0.006528 0.006528 0.006528 0.006528 0.006528 0.006528 0.006528 0.006528 0.006528 0.006528 0.006528 0.006528 0.006528 0.006528 0.006528 0.006528 0.006528 0.006528 0.006528 0.006528 0.006528 0.006528 0.006528 0.006528 0.006528 0.006528 0.006528 0.006528 0.006528 0.006528 0.006528 0.006528 0.006528 0.006528 0.006528 0.006528 0.006528 0.006528 0.006528 0.006528 0.006528 0.006528 0.006528 0.006528 0.006528 0.006528 0.006528 0.006528 0.006528 0.006528 0.006528 0.006528 0.006528 0.006528 0.006528 0.006528 0.006528 0.006528 0.006528 0.006528 0.006528 0.006528 0.006528 0.006528 0.006528 0.006528 0.006528 0.006528 0.006528 0.006528 0.006528 0.006528 0.006528 0.006528 0.006528 0.006528 0.006528 0.006528 0.006528 0.006528 0.006528 0.006528 0.006528 0.006528 0.006528 0.006528 0.006528 0.006528 0.006528 0.006528 0.006528 0.006528 0.006528 0.006528 0.006528 0.006528 0.006528 0.006528 0.006528 0.006528 0.006528 0.006528 0.006528 0.006528 0.006528 0.006528 0.006528 0.006528 0.006528 0.006528 0.006528 0.006528 0.006528 0.006528 0.006528 0.006528 0.006528 0.006528 0.006528 0.006528 0.006528 0.006528 0.006528 0.006528 0.006528 0.006528 0.006528 0.006528 0.006528 0.006528 0.006528 0.006528 0.006528 0.006528 0.006528 0.006528 0.006528 0.006528 0.006528 0.006528 0.006528 0.006528 0.006528 0.006528 0.006528 0.006528 0.006528 0.006528 0.006528 0.006528 0.006528 0.006528 0.006528 0.006528 0.006528 0.006528 0.006528 0.006528 0.006528 0.006528 0.006528 0.006528 0.006528 0.006528 0.006528 0.006528 0.006528 0.006528 0.006528 0.006528 0.006528 0.006528 0.006528 0.006528 0.006528 0.006528 0.006528 0.006528 0.006528 0.006528 0.006528 0.006528 0.006528 0.006528 0.006528 0.006528 0.006528 0.006528 0.006528 0.006528 0.006528 0.006528 0.006528 0.006528 0.006528 0.006528 0.006528 0.006528 0.006528 0.006528 0.006528 0.006528 0.006528 0.006528 0.006528 0.006528 0.006528 0.006528 0.006528 0.006528 0.006528 0.006528,14 15 14 15 15 15 15 15 15 14 15 15 15 15 15 15 15 14 15 15 14 15 15 15 15 14 15 14 14 15 15 15 15 15 14 15 15 15 15 15 15 15 14 15 15 14 15 15 14 15 15 15 15 14 15 15 15 15 15 14 15 15 14 15 15 15 15 14 15 15 15 15 14 15 15 15 15 15 15 15 15 14 14 15 15 15 15 15 15 14 14 14 15 14 15 15 15 15 15 15 15 14 14 15 14 15 15 15 14 15 15 15 15 14 15 15 15 15 14 15 14 15 15 15 15 14 15 15 15 15 15 15 15 15 15 14 14 15 15 15 14 15 15 15 15 15 15 15 15 14 15 14 15 15 15 15 15 15 15 15 14 14 15 14 15 15 15 15 15 14 14 14 15 14 15 14 15 15 15 14 15 15 15 15 14 15 15 15 15 15 14 14 15 14 15 15 15 15 15 15 14 15 14 15 14 15 15 15 15 15 15 14 15 15 14 15 15 15 15 15 14 15 14 15 15 15 15 14 14 15 14 14 14 15 15 15 15 14 14 14 15 15 15 15 15 15 15 15 15 15 15 15 15 15 14 15
100,3x3x256x256,0.0292866 0.04170962 0.045171577 0.04002928 0.034542553 0.035998303 0.038609356 0.046034228 0.024719507 0.033234444 0.028671995 0.03973804 0.036620714 0.03170256 0.040698353 0.053055935 0.039340477 0.03403386 0.039433725 0.025279433 0.03380557 0.027641952 0.03594276 0.036807984 0.037596215 0.033510685 0.038066074 0.042244006 0.035651375 0.052122977 0.03696721 0.02836884 0.03410348 0.05488438 0.04862292 0.038082186 0.037082866 0.03917079 0.035453133 0.039774433 0.035103075 0.038604368 0.04482341 0.03127865 0.043606225 0.05012147 0.034786336 0.039771 0.027717244 0.04175136 0.035165045 0.03981088 0.026095781 0.031749547 0.03414811 0.025552664 0.028579721 0.0316364 0.035866827 0.038234144 0.041790083 0.033724897 0.039415777 0.03802993 0.04027563 0.03318469 0.03474858 0.038838096 0.030201003 0.045421544 0.051920768 0.043080013 0.034412336 0.037833918 0.048945304 0.044062797 0.04515428 0.028324587 0.039515637 0.043358207 0.031953916 0.032972306 0.03604953 0.04126191 0.044332616 0.03219192 0.041676633 0.04742967 0.036738936 0.029211795 0.03296546 0.033427414 0.04023014 0.027262518 0.03473422 0.03053106 0.04349118 0.039461106 0.03272582 0.032177463 0.027898792 0.040210623 0.039358195 0.032952093 0.023169689 0.04242021 0.034229577 0.03324305 0.033194564 0.03635984 0.042181507 0.031028021 0.045078527 0.03574863 0.039788563 0.022921462 0.033525504 0.030835403 0.03627895 0.03570628 0.03491972 0.046345565 0.04079296 0.028925093 0.05018739 0.03778307 0.039105717 0.02960984 0.050897107 0.041406047 0.042405218 0.03562385 0.040410765 0.039117325 0.045122866 0.037436523 0.031645793 0.0369479 0.04183523 0.037577167 0.032466855 0.035015486 0.038777865 0.036185604 0.03917357 0.02748863 0.03572249 0.037549682 0.038908303 0.03296876 0.038705003 0.05205085 0.042426486 0.03315064 0.03212561 0.04300573 0.03964851 0.038273264 0.046817414 0.037994664 0.039696224 0.032922618 0.03545023 0.040838342 0.032218363 0.040137075 0.028886778 0.029926956 0.03399222 0.040142838 0.033706207 0.034903463 0.03142582 0.041576542 0.036585145 0.032831933 0.051827017 0.04366697 0.0400716 0.040932268 0.02551988 0.038855057 0.040376116 0.031729367 0.0355131 0.032224514 0.035508994 0.033158787 0.0316856 0.033228945 0.042158805 0.048794378 0.04656477 0.039906602 0.03915299 0.031167293 0.033321895 0.030838152 0.0333302 0.03516222 0.02876729 0.03258924 0.041211154 0.04684088 0.044541664 0.053099945 0.033232775 0.05739713 0.033572562 0.030171392 0.032100033 0.049204458 0.025985993 0.042172723 0.042822547 0.03408607 0.036014494 0.03921206 0.043117527 0.053500462 0.035287023 0.032573268 0.03422746 0.037564356 0.0341457 0.03362948 0.04100932 0.03382335 0.02983035 0.03542609 0.03360627 0.049080573 0.029840603 0.042155407 0.04470809 0.049833003 0.037437502 0.029526282 0.038109075 0.03120288 0.026216881 0.046486292 0.040148176 0.034141723 0.042665705 0.03772905 0.034945257 0.037555516 0.041431546 0.030971285 0.031897098 0.044069275 0.044092022 0.045364507 0.035302587 0.030301956,0.029283026 0.041704528 0.045166064 0.040024392 0.03453834 0.035993908 0.038604643 0.04602861 0.02471649 0.033230387 0.028668497 0.03973319 0.036616247 0.031698693 0.040693384 0.05304946 0.039335676 0.034029707 0.039428912 0.025276346 0.033801444 0.027638579 0.03593837 0.03680349 0.03759163 0.033506595 0.03806143 0.04223885 0.035647023 0.052116618 0.0369627 0.02836538 0.034099318 0.054877684 0.048616987 0.03807754 0.03707834 0.03916601 0.035448804 0.03976958 0.03509879 0.03859966 0.04481794 0.031274837 0.043600906 0.050115354 0.034782093 0.039766148 0.027713861 0.041746262 0.035160754 0.039806023 0.026092596 0.031745672 0.034143943 0.025549546 0.028576234 0.031632535 0.03586245 0.03822948 0.041784983 0.03372078 0.039410964 0.03802529 0.040270712 0.03318064 0.034744337 0.038833354 0.030197317 0.045416 0.05191443 0.043074753 0.034408133 0.0378293 0.04893933 0.044057418 0.045148768 0.02832113 0.039510816 0.043352913 0.031950016 0.032968283 0.03604513 0.04125688 0.044327203 0.032187995 0.041671544 0.04742388 0.036734454 0.02920823 0.032961436 0.033423334 0.04022523 0.027259191 0.03472998 0.030527333 0.043485872 0.039456293 0.032721825 0.032173537 0.027895387 0.040205713 0.03935339 0.032948073 0.023166861 0.042415034 0.034225397 0.033238992 0.03319051 0.036355402 0.04217636 0.031024234 0.045073025 0.03574427 0.039783705 0.022918664 0.03352141 0.030831639 0.03627452 0.035701927 0.03491546 0.046339907 0.04078798 0.028921563 0.050181266 0.03777846 0.039100945 0.029606227 0.050890893 0.04140099 0.042400043 0.0356195 0.040405832 0.03911255 0.04511736 0.03743195 0.031641934 0.036943387 0.041830126 0.03757258 0.032462895 0.035011213 0.03877313 0.036181185 0.039168786 0.027485276 0.035718128 0.0375451 0.038903557 0.032964736 0.03870028 0.0520445 0.042421307 0.033146594 0.032121688 0.043000482 0.03964367 0.038268592 0.046811704 0.03799003 0.039691377 0.032918602 0.035445902 0.040833358 0.03221443 0.040132176 0.028883254 0.029923303 0.033988073 0.04013794 0.033702094 0.0348992 0.031421985 0.041571468 0.03658068 0.03282793 0.05182069 0.043661643 0.04006671 0.040927272 0.025516765 0.038850315 0.04037119 0.031725492 0.035508763 0.032220583 0.035504658 0.033154737 0.03168173 0.033224892 0.04215366 0.048788425 0.046559084 0.03990173 0.039148215 0.03116349 0.03331783 0.03083439 0.03332613 0.03515793 0.028763779 0.032585267 0.041206125 0.046835165 0.04453623 0.053093467 0.03322872 0.057390124 0.033568464 0.03016771 0.032096118 0.049198452 0.025982823 0.042167578 0.04281732 0.034081914 0.036010098 0.039207276 0.043112267 0.053493936 0.035282716 0.032569293 0.03422328 0.037559774 0.034141537 0.03362538 0.041004315 0.03381922 0.029826708 0.03542177 0.033602167 0.049074583 0.029836962 0.042150263 0.044702638 0.049826924 0.03743293 0.02952268 0.038104422 0.031199072 0.026213683 0.04648062 0.040143274 0.034137554 0.0426605 0.037724447 0.03494099 0.03755093 0.041426487 0.030967506 0.031893205 0.0440639 0.04408664 0.04535897 0.03529828 0.030298257,0.00023057501 0.0003283821 0.0003556383 0.0003151527 0.00027195542 0.0002834166 0.00030397356 0.00036243 0.00019461804 0.0002616566 0.00022573619 0.00031285977 0.0002883169 0.000249596 0.00032042034 0.0004177123 0.00030972972 0.00026795044 0.0003104639 0.00019902634 0.0002661531 0.0002176266 0.0002829793 0.00028979126 0.00029599707 0.00026383146 0.0002996963 0.00033258938 0.00028068523 0.00041036707 0.00029104488 0.00022334945 0.00026849858 0.00043210774 0.00038281092 0.00029982315 0.00029195542 0.0003083938 0.00027912445 0.0003131463 0.00027636843 0.00030393433 0.00035289716 0.00024625857 0.00034331423 0.0003946091 0.00027387476 0.00031311926 0.00021821939 0.00032871074 0.00027685633 0.00031343327 0.00020545351 0.00024996593 0.00026884995 0.00020117752 0.00022500972 0.0002490751 0.0002823815 0.00030101952 0.0003290156 0.00026551794 0.00031032256 0.00029941174 0.00031709223 0.00026126488 0.00027357746 0.00030577445 0.00023777415 0.0003576063 0.00040877506 0.0003391713 0.00027093018 0.00029786848 0.00038534903 0.0003469088 0.0003555021 0.00022300103 0.0003111088 0.00034136153 0.00025157494 0.00025959278 0.0002838199 0.0003248573 0.0003490331 0.0002534488 0.0003281224 0.00037341638 0.00028924766 0.00022998606 0.00025953885 0.00026317587 0.0003167341 0.00021463931 0.00027346442 0.0002403727 0.00034240846 0.00031067946 0.00025765217 0.00025333493 0.00021964872 0.0003165804 0.0003098692 0.00025943364 0.00018241623 0.00033397664 0.0002694913 0.00026172434 0.00026134262 0.000286263 0.00033209732 0.0002442853 0.0003549057 0.00028145092 0.0003132575 0.00018046192 0.0002639481 0.00024276882 0.00028562613 0.00028111754 0.00027492488 0.00036488115 0.0003211652 0.00022772884 0.00039512807 0.00029746818 0.00030788145 0.00023311989 0.00040071568 0.00032599206 0.0003338586 0.00028046852 0.00031815615 0.00030797283 0.0003552548 0.0002947398 0.00024914907 0.0002908928 0.00032937108 0.0002958471 0.00025561335 0.00027567885 0.00030530023 0.00028489123 0.00030841565 0.00021641949 0.0002812451 0.0002956307 0.00030632722 0.00025956484 0.0003047266 0.00040979922 0.00033402603 0.0002609968 0.00025292666 0.00033858648 0.00031215488 0.0003013275 0.00036859608 0.0002991341 0.00031253052 0.0002592016 0.0002791016 0.0003215225 0.00025365694 0.0003160014 0.0002274272 0.00023561656 0.0002676226 0.00031604676 0.00026537082 0.00027479685 0.00024741722 0.0003273344 0.00028803686 0.00025848762 0.00040803695 0.00034379246 0.00031548593 0.000322262 0.00020091941 0.000305908 0.0003178834 0.00024980702 0.00027959657 0.0002537054 0.00027956424 0.00026106092 0.00024946246 0.0002616133 0.0003319186 0.0003841608 0.00036660695 0.00031418685 0.00030825366 0.00024538182 0.00026234513 0.00024279047 0.00026241047 0.0002768341 0.00022648645 0.0002565769 0.00032445768 0.00036878083 0.00035067898 0.0004180588 0.00026164346 0.00045189072 0.0002643186 0.00023754103 0.00025272532 0.0003873894 0.00020458916 0.00033202817 0.00033714424 0.00026836153 0.00028354407 0.0003087187 0.00033946667 0.00042121208 0.00027781667 0.00025645114 0.00026947467 0.00029574626 0.000268831 0.00026476677 0.0003228686 0.0002662931 0.00023485596 0.00027891158 0.000264584 0.00038641403 0.00023493671 0.00033189185 0.00035198926 0.00039233797 0.0002947475 0.00023246204 0.00030003482 0.00024566197 0.00020640696 0.0003659891 0.00031608876 0.00026879963 0.00033590946 0.0002970429 0.00027512593 0.0002956766 0.00032619282 0.00024383863 0.0002511276 0.00034695983 0.00034713888 0.00035715726 0.00027793922 0.00023856896,
101,256,,,0.005637976 0.005637976 0.005637976 0.005637976 0.005637976 0.005637976 0.005637976 0.005637976 0.005637976 0.005637976 0.005637976 0.005637976 0.005637976 0.005637976 0.005637976 0.005637976 0.005637976 0.005637976 0.005637976 0.005637976 0.005637976 0.005637976 0.005637976 0.005637976 0.005637976 0.005637976 0.005637976 0.005637976 0.005637976 0.005637976 0.005637976 0.005637976 0.005637976 0.005637976 0.005637976 0.005637976 0.005637976 0.005637976 0.005637976 0.005637976 0.005637976 0.005637976 0.005637976 0.005637976 0.005637976 0.005637976 0.005637976 0.005637976 0.005637976 0.005637976 0.005637976 0.005637976 0.005637976 0.005637976 0.005637976 0.005637976 0.005637976 0.005637976 0.005637976 0.005637976 0.005637976 0.005637976 0.005637976 0.005637976 0.005637976 0.005637976 0.005637976 0.005637976 0.005637976 0.005637976 0.005637976 0.005637976 0.005637976 0.005637976 0.005637976 0.005637976 0.005637976 0.005637976 0.005637976 0.005637976 0.005637976 0.005637976 0.005637976 0.005637976 0.005637976 0.005637976 0.005637976 0.005637976 0.005637976 0.005637976 0.005637976 0.005637976 0.005637976 0.005637976 0.005637976 0.005637976 0.005637976 0.005637976 0.005637976 0.005637976 0.005637976 0.005637976 0.005637976 0.005637976 0.005637976 0.005637976 0.005637976 0.005637976 0.005637976 0.005637976 0.005637976 0.005637976 0.005637976 0.005637976 0.005637976 0.005637976 0.005637976 0.005637976 0.005637976 0.005637976 0.005637976 0.005637976 0.005637976 0.005637976 0.005637976 0.005637976 0.005637976 0.005637976 0.005637976 0.005637976 0.005637976 0.005637976 0.005637976 0.005637976 0.005637976 0.005637976 0.005637976 0.005637976 0.005637976 0.005637976 0.005637976 0.005637976 0.005637976 0.005637976 0.005637976 0.005637976 0.005637976 0.005637976 0.005637976 0.005637976 0.005637976 0.005637976 0.005637976 0.005637976 0.005637976 0.005637976 0.005637976 0.005637976 0.005637976 0.005637976 0.005637976 0.005637976 0.005637976 0.005637976 0.005637976 0.005637976 0.005637976 0.005637976 0.005637976 0.005637976 0.005637976 0.005637976 0.005637976 0.005637976 0.005637976 0.005637976 0.005637976 0.005637976 0.005637976 0.005637976 0.005637976 0.005637976 0.005637976 0.005637976 0.005637976 0.005637976 0.005637976 0.005637976 0.005637976 0.005637976 0.005637976 0.005637976 0.005637976 0.005637976 0.005637976 0.005637976 0.005637976 0.005637976 0.005637976 0.005637976 0.005637976 0.005637976 0.005637976 0.005637976 0.005637976 0.005637976 0.005637976 0.005637976 0.005637976 0.005637976 0.005637976 0.005637976 0.005637976 0.005637976 0.005637976 0.005637976 0.005637976 0.005637976 0.005637976 0.005637976 0.005637976 0.005637976 0.005637976 0.005637976 0.005637976 0.005637976 0.005637976 0.005637976 0.005637976 0.005637976 0.005637976 0.005637976 0.005637976 0.005637976 0.005637976 0.005637976 0.005637976 0.005637976 0.005637976 0.005637976 0.005637976 0.005637976 0.005637976 0.005637976 0.005637976 0.005637976 0.005637976 0.005637976 0.005637976 0.005637976 0.005637976 0.005637976 0.005637976 0.005637976 0.005637976 0.005637976,15 14 14 14 14 14 14 14 15 14 15 14 14 14 14 14 14 14 14 15 14 15 14 14 14 14 14 14 14 14 14 15 14 14 14 14 14 14 14 14 14 14 14 14 14 14 14 14 15 14 14 14 15 14 14 15 15 14 14 14 14 14 14 14 14 14 14 14 15 14 14 14 14 14 14 14 14 15 14 14 14 14 14 14 14 14 14 14 14 15 14 14 14 15 14 15 14 14 14 14 15 14 14 14 15 14 14 14 14 14 14 14 14 14 14 15 14 15 14 14 14 14 14 15 14 14 14 15 14 14 14 14 14 14 14 14 14 14 14 14 14 14 14 14 14 15 14 14 14 14 14 14 14 14 14 14 14 14 14 14 14 14 14 14 14 14 15 15 14 14 14 14 14 14 14 14 14 14 14 14 15 14 14 14 14 14 14 14 14 14 14 14 14 14 14 14 14 15 14 14 15 14 14 14 14 14 14 14 14 15 14 14 15 14 14 14 14 14 14 14 14 14 14 14 14 14 14 14 15 14 14 14 15 14 14 14 14 15 14 14 15 14 14 14 14 14 14 14 14 14 14 14 14 14 14 15
106,1x1x256x256,0.16951294 0.17456605 0.2081485 0.23873115 0.18683538 0.23697762 0.25615337 0.2429925 0.22351813 0.16380191 0.16310985 0.20431016 0.19221675 0.14288066 0.2216264 0.20552833 0.22221446 0.16103561 0.17551345 0.18859147 0.15275984 0.2504552 0.22307898 0.17906669 0.24555936 0.24602656 0.1915082 0.17164065 0.18455027 0.21384002 0.22133261 0.24564096 0.17434889 0.20242624 0.22924103 0.20362526 0.1698526 0.21482827 0.1717769 0.20311648 0.1900116 0.16360459 0.1677682 0.22290519 0.21633533 0.19296196 0.18540682 0.21294656 0.16711403 0.1633452 0.15658768 0.16972306 0.23040295 0.17262709 0.23011497 0.16080295 0.21237177 0.21083182 0.19877407 0.17687444 0.18830171 0.16192663 0.23867972 0.1690613 0.24174403 0.17284365 0.20192017 0.23229922 0.22573991 0.20544113 0.15403152 0.2063295 0.20843428 0.123650715 0.15121017 0.15347236 0.18660156 0.22489248 0.19837359 0.16473775 0.13882795 0.173116 0.23918837 0.22101155 0.21026991 0.20552763 0.19846804 0.21961325 0.24588436 0.15722649 0.20863043 0.20201804 0.17811292 0.25993177 0.16697831 0.27822703 0.20269242 0.15355235 0.29068926 0.17240772 0.1934409 0.2570797 0.12956014 0.178038 0.1720327 0.21824692 0.24630192 0.23651709 0.15115732 0.23650064 0.18351798 0.17220442 0.1735172 0.19421825 0.19948816 0.2289427 0.18547973 0.17763658 0.19421987 0.1894408 0.19344555 0.1963115 0.17496337 0.17982723 0.26928246 0.17277668 0.23437423 0.28289178 0.18154569 0.16997145 0.18010183 0.19130076 0.15472054 0.15609142 0.14320435 0.13846146 0.19848107 0.17453699 0.1286582 0.15313482 0.15322162 0.16253985 0.15723535 0.1469959 0.21462631 0.17134511 0.16527426 0.1507461 0.12781195 0.15044637 0.17235927 0.18722507 0.18028967 0.13422407 0.1536424 0.20407994 0.13207364 0.14873941 0.15436451 0.12509526 0.24478741 0.17934106 0.21636605 0.12398906 0.23879486 0.23317018 0.16649368 0.1519871 0.12909779 0.1788383 0.17487104 0.1480996 0.19489364 0.15250415 0.15774576 0.15845706 0.13860321 0.19703169 0.16085324 0.14794062 0.15524764 0.16437325 0.14248973 0.1542724 0.14982489 0.15901853 0.14535943 0.20105991 0.15982866 0.18107668 0.12359228 0.13838676 0.16210778 0.12817731 0.14912656 0.16912709 0.10788266 0.1788441 0.14243603 0.12280487 0.14975281 0.20863165 0.15853621 0.17423964 0.17322294 0.13776685 0.14293101 0.1633153 0.16097973 0.1765794 0.20659879 0.13428535 0.14436926 0.19875741 0.19485286 0.1944654 0.18005157 0.14818186 0.19399692 0.19395387 0.15153834 0.15840903 0.14523003 0.17815733 0.1731056 0.17414066 0.10343062 0.10387425 0.16007908 0.22720462 0.1240807 0.17994319 0.20357804 0.18675108 0.1302996 0.14524011 0.16204105 0.1711317 0.1170337 0.18860967 0.12943241 0.14106977 0.15952672 0.1712489 0.11521562 0.15126269 0.10793064 0.16046785 0.17392696 0.15714192 0.18810487 0.17096615 0.2155161 0.1832683 0.14423329 0.13060355,0.16949224 0.17454475 0.2081231 0.23870201 0.18681258 0.2369487 0.2561221 0.24296285 0.22349086 0.16378193 0.16308995 0.20428522 0.19219328 0.14286323 0.22159936 0.20550324 0.22218734 0.16101596 0.17549202 0.18856846 0.1527412 0.25042465 0.22305176 0.17904484 0.2455294 0.24599653 0.19148482 0.17161971 0.18452774 0.21381392 0.22130561 0.24561098 0.17432761 0.20240153 0.22921304 0.20360042 0.16983187 0.21480204 0.17175594 0.2030917 0.18998842 0.16358462 0.16774772 0.222878 0.21630892 0.1929384 0.18538418 0.21292058 0.16709365 0.16332527 0.15656856 0.16970235 0.23037483 0.17260602 0.2300869 0.16078332 0.21234584 0.2108061 0.19874981 0.17685287 0.18827873 0.16190687 0.23865059 0.16904068 0.24171452 0.17282256 0.20189553 0.23227088 0.22571236 0.20541607 0.15401272 0.20630431 0.20840885 0.12363562 0.15119171 0.15345363 0.18657878 0.22486503 0.19834939 0.16471764 0.138811 0.17309487 0.23915918 0.22098458 0.21024425 0.20550254 0.19844382 0.21958646 0.24585435 0.15720731 0.20860498 0.20199339 0.1780912 0.25990003 0.16695794 0.27819306 0.20266768 0.15353362 0.29065377 0.17238668 0.19341728 0.25704834 0.12954433 0.17801628 0.1720117 0.21822028 0.24627186 0.23648822 0.15113887 0.23647177 0.18349558 0.1721834 0.17349602 0.19419456 0.19946381 0.22891477 0.1854571 0.1776149 0.19419618 0.18941769 0.19342193 0.19628754 0.17494202 0.17980528 0.26924962 0.1727556 0.23434563 0.28285724 0.18152353 0.16995071 0.18007985 0.19127741 0.15470167 0.15607236 0.14318687 0.13844456 0.19845685 0.17451568 0.12864251 0.15311614 0.15320292 0.16252002 0.15721616 0.14697796 0.21460012 0.1713242 0.1652541 0.15072772 0.12779635 0.15042801 0.17233825 0.18720222 0.18026768 0.13420768 0.15362364 0.20405503 0.13205753 0.14872126 0.15434568 0.12508 0.24475753 0.17931917 0.21633965 0.12397393 0.23876573 0.23314174 0.16647337 0.15196855 0.12908202 0.17881648 0.1748497 0.14808153 0.19486986 0.15248553 0.15772651 0.15843771 0.1385863 0.19700766 0.1608336 0.14792258 0.15522869 0.16435319 0.14247234 0.15425357 0.1498066 0.15899912 0.14534168 0.20103538 0.15980916 0.18105458 0.12357719 0.13836986 0.162088 0.12816167 0.14910835 0.16910645 0.1078695 0.17882228 0.14241865 0.12278989 0.14973453 0.2086062 0.15851685 0.17421837 0.17320181 0.13775003 0.14291358 0.16329537 0.16096008 0.17655785 0.20657358 0.13426895 0.14435163 0.19873315 0.19482908 0.19444168 0.1800296 0.14816378 0.19397324 0.1939302 0.15151985 0.15838969 0.1452123 0.17813559 0.17308448 0.17411941 0.103418 0.10386157 0.16005954 0.22717689 0.124065556 0.17992124 0.20355318 0.18672828 0.1302837 0.1452224 0.16202128 0.17111082 0.117019415 0.18858667 0.12941661 0.14105254 0.15950726 0.171228 0.11520156 0.15124422 0.107917465 0.16044827 0.17390573 0.15712275 0.18808192 0.17094529 0.2154898 0.18324593 0.14421567 0.13058762,0.0013345846 0.0013743681 0.0016387646 0.0018795434 0.0014709652 0.0018657378 0.0020167097 0.0019130934 0.0017597706 0.0012896215 0.0012841728 0.0016085451 0.001513333 0.0011249073 0.0017448768 0.0016181357 0.0017495066 0.0012678421 0.0013818269 0.001484791 0.0012026866 0.0019718476 0.001756313 0.0014098019 0.0019333024 0.0019369806 0.0015077546 0.0013513364 0.0014529743 0.0016835742 0.0017425638 0.0019339448 0.0013726584 0.0015937128 0.0018048271 0.001603153 0.0013372588 0.0016913547 0.001352409 0.0015991472 0.0014959718 0.0012880679 0.0013208482 0.0017549448 0.0017032198 0.0015192 0.001459718 0.00167654 0.001315698 0.0012860257 0.0012328232 0.0013362389 0.001813975 0.0013591025 0.0018117079 0.0012660105 0.0016720145 0.0016598905 0.0015649592 0.0013925423 0.0014825098 0.0012748572 0.0018791385 0.001331029 0.001903264 0.0013608076 0.0015897286 0.0018289046 0.0017772627 0.0016174493 0.0012126986 0.0016244435 0.0016410146 0.0009735088 0.0011904859 0.0012082963 0.0014691242 0.0017705908 0.0015618062 0.0012969893 0.001093 0.0013629517 0.0018831432 0.0017400361 0.0016554665 0.0016181302 0.0015625497 0.0017290273 0.001935861 0.0012378528 0.0016425588 0.0015904992 0.0014022929 0.002046457 0.0013146295 0.0021904965 0.0015958085 0.0012089262 0.0022886123 0.0013573754 0.0015229707 0.0020240026 0.0010200341 0.001401703 0.0013544229 0.0017182699 0.0019391485 0.001862112 0.0011900698 0.0018619825 0.0014448471 0.0013557748 0.0013661104 0.001529091 0.0015705812 0.0018024785 0.0014602921 0.0013985425 0.0015291037 0.0014914778 0.0015230073 0.0015455713 0.0013774962 0.0014157896 0.0021200757 0.0013602803 0.0018452412 0.0022272223 0.0014293191 0.0013381946 0.0014179515 0.0015061214 0.0012181234 0.0012289162 0.0011274556 0.0010901146 0.0015626524 0.0013741392 0.0010129332 0.0012056389 0.0012063222 0.0012796852 0.0012379226 0.0011573068 0.0016897647 0.0013490093 0.0013012134 0.0011868324 0.0010062705 0.0011844726 0.001356994 0.0014740332 0.0014194305 0.0010567534 0.0012096349 0.0016067325 0.001039823 0.0011710336 0.0012153203 0.0009848819 0.0019272247 0.001411962 0.0017034617 0.0009761727 0.0018800452 0.0018357617 0.0013108139 0.0011966028 0.0010163939 0.0014080039 0.0013767693 0.0011659963 0.0015344083 0.0012006735 0.001241941 0.001247541 0.0010912307 0.0015512414 0.0012664063 0.0011647447 0.0012222731 0.0012941196 0.0011218295 0.001214595 0.0011795795 0.0012519616 0.0011444227 0.0015829557 0.0012583398 0.0014256266 0.00097304874 0.0010895265 0.0012762835 0.001009147 0.0011740815 0.0013315469 0.00084936613 0.0014080495 0.0011214067 0.0009668495 0.001179012 0.0016425685 0.0012481642 0.0013717982 0.0013637939 0.0010846459 0.0011253038 0.0012857903 0.0012674022 0.0013902193 0.0016265636 0.0010572359 0.001136627 0.001564828 0.0015340872 0.0015310368 0.001417556 0.0011666439 0.0015273484 0.0015270094 0.0011930697 0.0012471629 0.0011434039 0.0014026425 0.00136287 0.001371019 0.000814315 0.0008178076 0.0012603113 0.0017887944 0.0009768942 0.0014167026 0.001602781 0.0014703014 0.0010258559 0.0011434834 0.0012757581 0.0013473294 0.0009214127 0.0014849344 0.0010190285 0.0011106499 0.0012559626 0.0013482521 0.00090709893 0.0011908994 0.00084974384 0.0012633721 0.0013693365 0.001237187 0.00148096 0.0013460258 0.0016967701 0.0014428813 0.0011355565 0.001028249,
107,256,,,0.005392888 0.005392888 0.005392888 0.005392888 0.005392888 0.005392888 0.005392888 0.005392888 0.005392888 0.005392888 0.005392888 0.005392888 0.005392888 0.005392888 0.005392888 0.005392888 0.005392888 0.005392888 0.005392888 0.005392888 0.005392888 0.005392888 0.005392888 0.005392888 0.005392888 0.005392888 0.005392888 0.005392888 0.005392888 0.005392888 0.005392888 0.005392888 0.005392888 0.005392888 0.005392888 0.005392888 0.005392888 0.005392888 0.005392888 0.005392888 0.005392888 0.005392888 0.005392888 0.005392888 0.005392888 0.005392888 0.005392888 0.005392888 0.005392888 0.005392888 0.005392888 0.005392888 0.005392888 0.005392888 0.005392888 0.005392888 0.005392888 0.005392888 0.005392888 0.005392888 0.005392888 0.005392888 0.005392888 0.005392888 0.005392888 0.005392888 0.005392888 0.005392888 0.005392888 0.005392888 0.005392888 0.005392888 0.005392888 0.005392888 0.005392888 0.005392888 0.005392888 0.005392888 0.005392888 0.005392888 0.005392888 0.005392888 0.005392888 0.005392888 0.005392888 0.005392888 0.005392888 0.005392888 0.005392888 0.005392888 0.005392888 0.005392888 0.005392888 0.005392888 0.005392888 0.005392888 0.005392888 0.005392888 0.005392888 0.005392888 0.005392888 0.005392888 0.005392888 0.005392888 0.005392888 0.005392888 0.005392888 0.005392888 0.005392888 0.005392888 0.005392888 0.005392888 0.005392888 0.005392888 0.005392888 0.005392888 0.005392888 0.005392888 0.005392888 0.005392888 0.005392888 0.005392888 0.005392888 0.005392888 0.005392888 0.005392888 0.005392888 0.005392888 0.005392888 0.005392888 0.005392888 0.005392888 0.005392888 0.005392888 0.005392888 0.005392888 0.005392888 0.005392888 0.005392888 0.005392888 0.005392888 0.005392888 0.005392888 0.005392888 0.005392888 0.005392888 0.005392888 0.005392888 0.005392888 0.005392888 0.005392888 0.005392888 0.005392888 0.005392888 0.005392888 0.005392888 0.005392888 0.005392888 0.005392888 0.005392888 0.005392888 0.005392888 0.005392888 0.005392888 0.005392888 0.005392888 0.005392888 0.005392888 0.005392888 0.005392888 0.005392888 0.005392888 0.005392888 0.005392888 0.005392888 0.005392888 0.005392888 0.005392888 0.005392888 0.005392888 0.005392888 0.005392888 0.005392888 0.005392888 0.005392888 0.005392888 0.005392888 0.005392888 0.005392888 0.005392888 0.005392888 0.005392888 0.005392888 0.005392888 0.005392888 0.005392888 0.005392888 0.005392888 0.005392888 0.005392888 0.005392888 0.005392888 0.005392888 0.005392888 0.005392888 0.005392888 0.005392888 0.005392888 0.005392888 0.005392888 0.005392888 0.005392888 0.005392888 0.005392888 0.005392888 0.005392888 0.005392888 0.005392888 0.005392888 0.005392888 0.005392888 0.005392888 0.005392888 0.005392888 0.005392888 0.005392888 0.005392888 0.005392888 0.005392888 0.005392888 0.005392888 0.005392888 0.005392888 0.005392888 0.005392888 0.005392888 0.005392888 0.005392888 0.005392888 0.005392888 0.005392888 0.005392888 0.005392888 0.005392888 0.005392888 0.005392888 0.005392888 0.005392888 0.005392888 0.005392888 0.005392888 0.005392888 0.005392888 0.005392888 0.005392888 0.005392888,14 14 14 14 14 14 13 14 14 14 14 14 14 14 14 14 14 14 14 14 14 13 14 14 14 14 14 14 14 14 14 14 14 14 14 14 14 14 14 14 14 14 14 14 14 14 14 14 14 14 14 14 14 14 14 14 14 14 14 14 14 14 14 14 14 14 14 14 14 14 14 14 14 15 14 14 14 14 14 14 14 14 14 14 14 14 14 14 14 14 14 14 14 13 14 13 14 14 13 14 14 13 14 14 14 14 14 14 14 14 14 14 14 14 14 14 14 14 14 14 14 14 14 14 13 14 14 13 14 14 14 14 14 14 14 14 14 14 14 14 14 14 14 14 14 14 14 14 14 14 14 14 14 14 14 14 14 14 14 14 14 14 14 14 14 14 14 14 14 14 14 14 14 14 14 14 14 14 14 14 14 14 14 14 14 14 14 14 14 14 15 14 14 14 14 14 15 14 14 15 14 14 14 14 14 14 14 14 14 14 14 14 14 14 14 14 14 14 14 14 14 14 14 14 14 14 15 15 14 14 14 14 14 14 14 14 14 14 15 14 14 14 14 14 15 14 15 14 14 14 14 14 14 14 14 14
116,1x1x128x64,0.1888577 0.19751288 0.18082438 0.27010125 0.1905178 0.18625316 0.19164287 0.17956218 0.17275973 0.15978743 0.24683933 0.19182162 0.16821466 0.21423182 0.21627297 0.18268853 0.18892068 0.20001478 0.26675346 0.20406832 0.18056042 0.1954785 0.23155068 0.15303165 0.22779088 0.2037455 0.21114112 0.19944353 0.16949669 0.22238934 0.23709312 0.2402125 0.20449631 0.22224724 0.21411777 0.15047997 0.20894192 0.27557844 0.17415671 0.2006877 0.1956951 0.24556231 0.18568398 0.20544392 0.16419357 0.18695258 0.18046527 0.23301026 0.25139716 0.304587 0.20985557 0.16940248 0.14130734 0.21759254 0.22306728 0.32243547 0.16271073 0.20543475 0.21938744 0.18634917 0.21257435 0.14548783 0.18529141 0.19558461,0.18883467 0.19748878 0.18080232 0.2700683 0.19049454 0.18623042 0.19161949 0.17954028 0.17273864 0.15976794 0.24680921 0.19179821 0.16819414 0.21420568 0.21624656 0.18266624 0.18889761 0.19999038 0.2667209 0.2040434 0.18053839 0.19545464 0.23152241 0.15301296 0.22776309 0.20372064 0.21111536 0.19941919 0.169476 0.22236219 0.23706418 0.24018317 0.20447135 0.22222012 0.21409164 0.1504616 0.20891643 0.2755448 0.17413545 0.20066322 0.19567123 0.24553235 0.18566132 0.20541885 0.16417354 0.18692976 0.18044324 0.23298182 0.25136647 0.3045498 0.20982997 0.1693818 0.14129008 0.21756598 0.22304006 0.3223961 0.16269088 0.20540969 0.21936066 0.18632643 0.2125484 0.14547008 0.1852688 0.19556074,0.0014868871 0.0015550298 0.0014236403 0.002126522 0.0014999569 0.0014663812 0.0015088149 0.001413703 0.0013601468 0.0012580153 0.0019433796 0.0015102221 0.0013243634 0.001686659 0.0017027288 0.0014383169 0.0014873828 0.0015747274 0.0021001645 0.001606641 0.001421562 0.0015390129 0.0018230111 0.0012048265 0.0017934102 0.0016040995 0.0016623257 0.0015702298 0.0013344567 0.0017508834 0.0018666472 0.0018912061 0.0016100106 0.0017497648 0.001685761 0.001184737 0.0016450112 0.002169644 0.0013711452 0.0015800254 0.0015407184 0.0019333255 0.0014619001 0.0016174713 0.0012927051 0.0014718879 0.0014208129 0.0018345024 0.0019792635 0.0023980301 0.0016522045 0.0013337149 0.0011125203 0.0017131179 0.0017562209 0.002538552 0.0012810306 0.0016173992 0.0017272494 0.0014671372 0.0016736095 0.0011454338 0.0014588095 0.0015398483,
117,64,,,0.005168222 0.005168222 0.005168222 0.005168222 0.005168222 0.005168222 0.005168222 0.005168222 0.005168222 0.005168222 0.005168222 0.005168222 0.005168222 0.005168222 0.005168222 0.005168222 0.005168222 0.005168222 0.005168222 0.005168222 0.005168222 0.005168222 0.005168222 0.005168222 0.005168222 0.005168222 0.005168222 0.005168222 0.005168222 0.005168222 0.005168222 0.005168222 0.005168222 0.005168222 0.005168222 0.005168222 0.005168222 0.005168222 0.005168222 0.005168222 0.005168222 0.005168222 0.005168222 0.005168222 0.005168222 0.005168222 0.005168222 0.005168222 0.005168222 0.005168222 0.005168222 0.005168222 0.005168222 0.005168222 0.005168222 0.005168222 0.005168222 0.005168222 0.005168222 0.005168222 0.005168222 0.005168222 0.005168222 0.005168222,15 15 15 14 15 15 15 15 15 15 15 15 15 15 15 15 15 15 14 15 15 15 15 15 15 15 15 15 15 15 15 15 15 15 15 15 15 14 15 15 15 15 15 15 15 15 15 15 14 14 15 15 15 15 15 14 15 15 15 15 15 15 15 15
122,3x3x64x64,0.11243204 0.14943507 0.13149028 0.12392162 0.12653056 0.1050266 0.10592154 0.16542993 0.14009719 0.10174284 0.14308755 0.117619224 0.09804607 0.1187628 0.12642269 0.16952655 0.16572529 0.12561557 0.14730683 0.10634059 0.10598242 0.14362042 0.10639558 0.16732813 0.10677303 0.090739354 0.11346968 0.121070564 0.18981203 0.09029828 0.08923539 0.09505983 0.17381538 0.10247071 0.1082329 0.1399353 0.11852823 0.08216308 0.11462862 0.12781397 0.10743275 0.1058166 0.07914494 0.12242933 0.13429531 0.08360346 0.0929297 0.14041422 0.18007725 0.10354023 0.10519314 0.13277352 0.11588944 0.13861658 0.1327558 0.13140294 0.16291773 0.092696115 0.069059886 0.12135721 0.12312437 0.094962895 0.12859476 0.063599706,0.112418324 0.14941683 0.13147423 0.12390649 0.1265151 0.10501378 0.10590861 0.16540974 0.14008008 0.10173043 0.14307009 0.117604874 0.098034106 0.1187483 0.12640725 0.16950585 0.16570505 0.12560023 0.14728884 0.10632761 0.10596949 0.14360288 0.10638259 0.1673077 0.106759995 0.090728275 0.11345584 0.12105579 0.18978888 0.09028726 0.0892245 0.09504823 0.17379418 0.1024582 0.10821969 0.13991822 0.11851376 0.08215305 0.114614636 0.12779836 0.10741965 0.10580368 0.07913528 0.12241439 0.13427892 0.08359325 0.09291836 0.14039709 0.18005528 0.10352759 0.1051803 0.1327573 0.11587529 0.13859965 0.13273959 0.1313869 0.16289784 0.0926848 0.06905146 0.1213424 0.12310934 0.0949513 0.12857907 0.06359194,0.00088518363 0.0011765105 0.0010352301 0.00097564165 0.000996182 0.00082688016 0.0008339261 0.0013024389 0.0011029928 0.000801027 0.0011265362 0.00092602265 0.0007719221 0.000935026 0.0009953327 0.0013346918 0.0013047642 0.0009889782 0.0011597547 0.00083722523 0.0008344054 0.0011307313 0.00083765824 0.0013173835 0.00084062986 0.0007143959 0.0008933531 0.0009531952 0.0014944007 0.00071092334 0.0007025551 0.0007484112 0.0013684581 0.0008067575 0.00085212354 0.0011017183 0.0009331792 0.0006468744 0.0009024774 0.0010062864 0.000845824 0.0008330999 0.0006231124 0.00096389285 0.0010573143 0.00065821456 0.0007316406 0.0011054889 0.0014177581 0.00081517786 0.00082819135 0.0010453331 0.00091240386 0.0010913358 0.0010451936 0.0010345426 0.0012826602 0.00072980154 0.0005437123 0.000955452 0.0009693649 0.00074764807 0.0010124336 0.00050072395,
123,64,,,0.005168222 0.005168222 0.005168222 0.005168222 0.005168222 0.005168222 0.005168222 0.005168222 0.005168222 0.005168222 0.005168222 0.005168222 0.005168222 0.005168222 0.005168222 0.005168222 0.005168222 0.005168222 0.005168222 0.005168222 0.005168222 0.005168222 0.005168222 0.005168222 0.005168222 0.005168222 0.005168222 0.005168222 0.005168222 0.005168222 0.005168222 0.005168222 0.005168222 0.005168222 0.005168222 0.005168222 0.005168222 0.005168222 0.005168222 0.005168222 0.005168222 0.005168222 0.005168222 0.005168222 0.005168222 0.005168222 0.005168222 0.005168222 0.005168222 0.005168222 0.005168222 0.005168222 0.005168222 0.005168222 0.005168222 0.005168222 0.005168222 0.005168222 0.005168222 0.005168222 0.005168222 0.005168222 0.005168222 0.005168222,15 14 14 14 14 15 15 14 14 15 14 15 15 15 14 14 14 14 14 15 15 14 15 14 15 15 15 15 14 15 15 15 14 15 15 14 15 15 15 14 15 15 15 15 14 15 15 14 14 15 15 14 15 14 14 14 14 15 15 15 15 15 14 15
128,3x3x64x64,0.1123209 0.10893037 0.11859654 0.09460651 0.12165523 0.11018505 0.12553668 0.102452956 0.108944856 0.12442706 0.092922196 0.11741503 0.083652474 0.10358395 0.11886098 0.12641853 0.11831863 0.11112068 0.09949411 0.12979087 0.12501918 0.13442485 0.17389396 0.11390348 0.10984063 0.07783097 0.10711046 0.13731498 0.10378136 0.10216176 0.105129436 0.17528409 0.11171969 0.09529493 0.11753264 0.16738868 0.12144693 0.110319704 0.12510583 0.12413501 0.0996428 0.10183409 0.13229246 0.18540129 0.12539005 0.12212838 0.12676524 0.10247462 0.103820816 0.08836595 0.13980368 0.10154962 0.15092376 0.103196934 0.11953144 0.12556806 0.10391585 0.10793382 0.10360595 0.15842865 0.09650647 0.10959653 0.20364484 0.1328115,0.11230719 0.10891707 0.11858207 0.09459497 0.12164039 0.1101716 0.12552136 0.102440454 0.108931564 0.12441187 0.092910856 0.1174007 0.08364227 0.10357131 0.118846476 0.1264031 0.11830419 0.11110712 0.09948197 0.12977503 0.12500392 0.13440844 0.17387274 0.11388958 0.10982723 0.07782147 0.10709739 0.13729823 0.10376869 0.102149285 0.105116606 0.1752627 0.111706056 0.0952833 0.1175183 0.16736825 0.1214321 0.11030624 0.12509057 0.124119855 0.09963064 0.10182166 0.13227631 0.18537866 0.12537475 0.12211347 0.12674977 0.10246212 0.10380815 0.08835516 0.13978662 0.10153722 0.15090534 0.103184335 0.11951685 0.12555273 0.10390317 0.10792065 0.103593305 0.15840933 0.09649469 0.109583154 0.20361999 0.1327953,0.0008843086 0.00085761474 0.00093371706 0.0007448423 0.0009577984 0.0008674929 0.0009883572 0.0008066177 0.0008577288 0.0009796211 0.00073158153 0.00092441496 0.00065860053 0.00081552216 0.00093579903 0.0009952999 0.0009315291 0.0008748592 0.0007833226 0.0010218506 0.0009842828 0.0010583343 0.0013690767 0.00089676835 0.0008647813 0.0006127675 0.0008432865 0.0010810884 0.0008170763 0.0008043251 0.00082768983 0.0013800213 0.00087957527 0.0007502622 0.0009253409 0.0013178602 0.00095615827 0.00086855306 0.0009849651 0.0009773216 0.0007844932 0.00080174534 0.0010415458 0.0014596744 0.0009872027 0.0009615234 0.0009980297 0.00080678833 0.000817387 0.00069570995 0.0011006821 0.0007995057 0.001188231 0.0008124751 0.00094107754 0.0009886042 0.00081813516 0.00084976887 0.0008156953 0.0012473175 0.0007598007 0.0008628595 0.001603307 0.0010456323,
129,64,,,0.004594058 0.004594058 0.004594058 0.004594058 0.004594058 0.004594058 0.004594058 0.004594058 0.004594058 0.004594058 0.004594058 0.004594058 0.004594058 0.004594058 0.004594058 0.004594058 0.004594058 0.004594058 0.004594058 0.004594058 0.004594058 0.004594058 0.004594058 0.004594058 0.004594058 0.004594058 0.004594058 0.004594058 0.004594058 0.004594058 0.004594058 0.004594058 0.004594058 0.004594058 0.004594058 0.004594058 0.004594058 0.004594058 0.004594058 0.004594058 0.004594058 0.004594058 0.004594058 0.004594058 0.004594058 0.004594058 0.004594058 0.004594058 0.004594058 0.004594058 0.004594058 0.004594058 0.004594058 0.004594058 0.004594058 0.004594058 0.004594058 0.004594058 0.004594058 0.004594058 0.004594058 0.004594058 0.004594058 0.004594058,15 15 15 15 15 15 14 15 15 14 15 15 15 15 15 14 15 15 15 14 14 14 14 15 15 15 15 14 15 15 15 14 15 15 15 14 15 15 14 14 15 15 14 14 14 15 14 15 15 15 14 15 14 15 15 14 15 15 15 14 15 15 14 14
137,3x3x64x64,0.11824884 0.10593485 0.10081525 0.07781153 0.103724666 0.11878275 0.07871861 0.08018257 0.07772204 0.11846927 0.11872183 0.1241084 0.10267498 0.10115494 0.08682754 0.07187907 0.11157563 0.1180228 0.10354939 0.112557076 0.10234476 0.07465337 0.10478765 0.09242617 0.17303775 0.10915117 0.1056591 0.1253017 0.08699911 0.095130034 0.09521141 0.10788946 0.08425431 0.09231719 0.1250213 0.08397526 0.1117237 0.08410789 0.08749165 0.11411316 0.08583861 0.09019604 0.112834916 0.09717303 0.11517545 0.14207658 0.10422382 0.12621242 0.076007396 0.08584198 0.1152111 0.103236236 0.08561501 0.101485305 0.07620909 0.09185436 0.12030123 0.10291059 0.11598455 0.0887285 0.17112283 0.07868993 0.096263774 0.08137065,0.11823441 0.105921924 0.10080294 0.07780204 0.10371201 0.11876826 0.078709 0.08017278 0.07771256 0.118454814 0.118707344 0.12409325 0.10266245 0.10114259 0.086816944 0.07187029 0.11156202 0.1180084 0.103536755 0.112543344 0.102332264 0.07464426 0.104774855 0.09241489 0.17301664 0.10913785 0.10564621 0.12528642 0.086988494 0.095118426 0.09519979 0.10787629 0.08424403 0.09230592 0.12500603 0.08396502 0.111710064 0.08409763 0.08748097 0.114099234 0.08582813 0.09018503 0.11282115 0.097161174 0.1151614 0.14205925 0.1042111 0.12619703 0.07599812 0.08583151 0.11519704 0.10322364 0.085604556 0.101472914 0.076199785 0.09184316 0.120286554 0.10289804 0.115970396 0.08871767 0.17110194 0.07868033 0.096252024 0.08136072,0.0009309796 0.0008340309 0.000793724 0.0006126145 0.00081662997 0.00093518314 0.0006197559 0.0006312817 0.0006119099 0.0009327151 0.0009347035 0.0009771122 0.00080836576 0.0007963984 0.000683598 0.0005659078 0.0008784411 0.0009292 0.00081525004 0.00088616804 0.00080576586 0.00058775005 0.00082499883 0.0007276763 0.0013623358 0.0008593531 0.0008318599 0.0009865072 0.00068494875 0.00074896397 0.00074960466 0.0008494196 0.0006633388 0.0007268183 0.0009842995 0.0006611419 0.0008796068 0.00066218607 0.00068882655 0.0008984192 0.0006758121 0.00071011833 0.0008883555 0.0007650486 0.00090678263 0.0011185767 0.00082055986 0.0009936774 0.0005984104 0.0006758387 0.0009070633 0.00081278454 0.00067405164 0.00079899933 0.0005999983 0.0007231745 0.00094713824 0.0008102208 0.0009131527 0.00069856434 0.0013472594 0.00061953015 0.00075788994 0.0006406356,
138,64,,,0.0051682214 0.0051682214 0.0051682214 0.0051682214 0.0051682214 0.0051682214 0.0051682214 0.0051682214 0.0051682214 0.0051682214 0.0051682214 0.0051682214 0.0051682214 0.0051682214 0.0051682214 0.0051682214 0.0051682214 0.0051682214 0.0051682214 0.0051682214 0.0051682214 0.0051682214 0.0051682214 0.0051682214 0.0051682214 0.0051682214 0.0051682214 0.0051682214 0.0051682214 0.0051682214 0.0051682214 0.0051682214 0.0051682214 0.0051682214 0.0051682214 0.0051682214 0.0051682214 0.0051682214 0.0051682214 0.0051682214 0.0051682214 0.0051682214 0.0051682214 0.0051682214 0.0051682214 0.0051682214 0.0051682214 0.0051682214 0.0051682214 0.0051682214 0.0051682214 0.0051682214 0.0051682214 0.0051682214 0.0051682214 0.0051682214 0.0051682214 0.0051682214 0.0051682214 0.0051682214 0.0051682214 0.0051682214 0.0051682214 0.0051682214,15 15 15 15 15 15 15 15 15 15 15 14 15 15 15 15 15 15 15 15 15 15 15 15 14 15 15 14 15 15 15 15 15 15 14 15 15 15 15 15 15 15 15 15 15 14 15 14 15 15 15 15 15 15 15 15 15 15 15 15 14 15 15 15
143,3x3x64x64,0.13377894 0.122640744 0.10353319 0.0880498 0.10809776 0.13448635 0.117689036 0.08632246 0.09298115 0.10477243 0.11604536 0.16197444 0.099394545 0.10875825 0.109101355 0.085260235 0.103325985 0.101640105 0.11010518 0.12796068 0.10328509 0.12492781 0.09470534 0.117627196 0.120693915 0.11886463 0.11911275 0.0982795 0.11481756 0.10458665 0.15226066 0.14141873 0.11497872 0.10172013 0.07746418 0.10742302 0.12538587 0.1289997 0.10850702 0.14348717 0.1235283 0.11798899 0.113132335 0.10525479 0.14182247 0.10723673 0.16406734 0.13194759 0.13018039 0.09870116 0.14398058 0.1138854 0.11024748 0.10524245 0.108872265 0.105236225 0.13758087 0.11053338 0.1532722 0.13228175 0.12079871 0.13230371 0.14030771 0.10818187,0.13376263 0.122625776 0.10352056 0.08803905 0.108084574 0.13446993 0.11767468 0.08631192 0.092969805 0.10475965 0.1160312 0.16195469 0.099382415 0.10874497 0.10908804 0.085249834 0.10331337 0.1016277 0.110091746 0.12794507 0.10327248 0.12491256 0.09469378 0.117612846 0.120679185 0.11885013 0.11909822 0.0982675 0.11480355 0.10457389 0.15224208 0.14140147 0.11496469 0.10170772 0.07745472 0.10740992 0.12537056 0.12898396 0.108493775 0.14346966 0.12351322 0.117974594 0.11311853 0.10524195 0.14180517 0.107223645 0.16404733 0.1319315 0.1301645 0.09868912 0.14396301 0.1138715 0.11023402 0.10522961 0.10885897 0.10522338 0.13756408 0.11051989 0.15325348 0.1322656 0.12078397 0.13228758 0.14029059 0.10816867,0.001053249 0.0009655573 0.0008151225 0.0006932209 0.0008510596 0.0010588183 0.00092657225 0.0006796214 0.00073204574 0.0008248791 0.0009136315 0.0012752337 0.00078253873 0.0008562596 0.00085896096 0.00067125855 0.0008134911 0.0008002181 0.00086686417 0.0010074414 0.0008131692 0.0009835635 0.0007456203 0.0009260854 0.0009502298 0.0009358278 0.00093778124 0.00077375985 0.000903965 0.00082341646 0.0011987565 0.0011133974 0.0009052337 0.0008008482 0.00060987973 0.00084574736 0.0009871698 0.0010156217 0.0008542817 0.0011296824 0.00097254507 0.0009289338 0.00089069706 0.00082867674 0.0011165761 0.00084428064 0.0012917112 0.0010388307 0.0010249174 0.00077707967 0.001133567 0.000896626 0.00086798443 0.0008285796 0.0008571573 0.0008285305 0.0010831817 0.0008702354 0.0012067204 0.0010414614 0.00095105486 0.0010416345 0.0011046503 0.0008517218,
144,64,,,0.004961525 0.004961525 0.004961525 0.004961525 0.004961525 0.004961525 0.004961525 0.004961525 0.004961525 0.004961525 0.004961525 0.004961525 0.004961525 0.004961525 0.004961525 0.004961525 0.004961525 0.004961525 0.004961525 0.004961525 0.004961525 0.004961525 0.004961525 0.004961525 0.004961525 0.004961525 0.004961525 0.004961525 0.004961525 0.004961525 0.004961525 0.004961525 0.004961525 0.004961525 0.004961525 0.004961525 0.004961525 0.004961525 0.004961525 0.004961525 0.004961525 0.004961525 0.004961525 0.004961525 0.004961525 0.004961525 0.004961525 0.004961525 0.004961525 0.004961525 0.004961525 0.004961525 0.004961525 0.004961525 0.004961525 0.004961525 0.004961525 0.004961525 0.004961525 0.004961525 0.004961525 0.004961525 0.004961525 0.004961525,14 15 15 15 15 14 15 15 15 15 15 14 15 15 15 15 15 15 15 14 15 14 15 15 15 15 15 15 15 15 14 14 15 15 15 15 14 14 15 14 15 15 15 15 14 15 14 14 14 15 14 15 15 15 15 15 14 15 14 14 15 14 14 15
152,1x1x128x64,0.26987416 0.36659956 0.22599359 0.24582765 0.24470057 0.33773598 0.19487393 0.24135205 0.20186962 0.28999934 0.29764906 0.29433134 0.25604165 0.2758778 0.31437507 0.28033468 0.30927277 0.23049346 0.25731647 0.33108217 0.3183536 0.36791962 0.3015367 0.19612522 0.21882072 0.32024193 0.27012974 0.23250839 0.343332 0.25489324 0.3344169 0.33457303 0.3332544 0.26029927 0.32102636 0.2375657 0.25543714 0.26241693 0.32063392 0.27821627 0.2171998 0.23780577 0.22041015 0.21556054 0.29818848 0.326458 0.3222456 0.2664465 0.28791693 0.24809249 0.23876491 0.2764639 0.261455 0.30551738 0.21328413 0.3361341 0.29026207 0.3352289 0.29385138 0.21455874 0.3566656 0.22072957 0.26339334 0.25369114,0.26984122 0.36655483 0.225966 0.24579763 0.2446707 0.33769476 0.19485015 0.2413226 0.20184498 0.28996396 0.29761273 0.2942954 0.25601038 0.27584416 0.3143367 0.28030047 0.309235 0.23046534 0.2572851 0.33104175 0.31831476 0.36787474 0.3014999 0.19610128 0.21879402 0.32020283 0.27009678 0.23248002 0.3432901 0.25486213 0.33437607 0.3345322 0.33321375 0.2602675 0.3209872 0.23753671 0.25540596 0.26238492 0.3205948 0.2781823 0.2171733 0.23777676 0.22038326 0.21553423 0.2981521 0.32641816 0.3222063 0.266414 0.2878818 0.24806221 0.23873577 0.27643016 0.2614231 0.3054801 0.2132581 0.33609307 0.29022667 0.33518797 0.2938155 0.21453255 0.3566221 0.22070263 0.26336122 0.25366017,0.002124734 0.0028862585 0.0017792599 0.0019354144 0.001926541 0.002659014 0.0015342531 0.001900178 0.0015893305 0.0022831808 0.0023434074 0.0023172866 0.0020158298 0.0021720012 0.002475092 0.0022070904 0.0024349212 0.0018146877 0.0020258669 0.002606628 0.0025064154 0.0028966514 0.002374015 0.0015441045 0.0017227875 0.002521282 0.0021267463 0.0018305513 0.0027030716 0.0020067885 0.0026328824 0.0026341118 0.0026237303 0.0020493504 0.0025274581 0.0018703678 0.0020110705 0.002066023 0.0025243685 0.0021904118 0.001710026 0.0018722579 0.0017353012 0.0016971199 0.0023476542 0.0025702217 0.0025370575 0.002097748 0.0022667858 0.0019532458 0.0018798092 0.0021766154 0.0020584497 0.002405355 0.0016791977 0.0026464022 0.0022852493 0.0026392753 0.0023135077 0.0016892327 0.002808048 0.001737816 0.0020737103 0.0019973242,
153,64,,,0.005168221 0.005168221 0.005168221 0.005168221 0.005168221 0.005168221 0.005168221 0.005168221 0.005168221 0.005168221 0.005168221 0.005168221 0.005168221 0.005168221 0.005168221 0.005168221 0.005168221 0.005168221 0.005168221 0.005168221 0.005168221 0.005168221 0.005168221 0.005168221 0.005168221 0.005168221 0.005168221 0.005168221 0.005168221 0.005168221 0.005168221 0.005168221 0.005168221 0.005168221 0.005168221 0.005168221 0.005168221 0.005168221 0.005168221 0.005168221 0.005168221 0.005168221 0.005168221 0.005168221 0.005168221 0.005168221 0.005168221 0.005168221 0.005168221 0.005168221 0.005168221 0.005168221 0.005168221 0.005168221 0.005168221 0.005168221 0.005168221 0.005168221 0.005168221 0.005168221 0.005168221 0.005168221 0.005168221 0.005168221,14 14 15 15 15 14 15 15 15 14 14 14 14 14 14 14 14 15 14 14 14 14 14 15 15 14 14 15 14 14 14 14 14 14 14 15 14 14 14 14 15 15 15 15 14 14 14 14 14 14 15 14 14 14 15 14 14 14 14 15 14 15 14 14
161,1x1x128x128,0.398961 0.26430887 0.2821856 0.26708072 0.29273736 0.23825258 0.34225544 0.35444683 0.3576309 0.36296415 0.31879517 0.3458564 0.38292015 0.24371663 0.32427597 0.3110567 0.25350827 0.24692167 0.28830305 0.24324785 0.24410555 0.26601937 0.34145907 0.3187677 0.24721323 0.35235786 0.22170253 0.26371938 0.28858516 0.2585272 0.306136 0.2875563 0.2656056 0.22684327 0.2564431 0.46343482 0.2765392 0.3135941 0.29723385 0.2691111 0.2508392 0.29250428 0.30447865 0.32488868 0.33748773 0.26993972 0.22387286 0.2486783 0.26032674 0.27089393 0.25844324 0.19782342 0.32539004 0.28632438 0.23696049 0.28434145 0.22437143 0.31860316 0.2720082 0.3219573 0.27704614 0.29085097 0.4055047 0.29046673 0.2616843 0.2997961 0.24070632 0.21929961 0.25118694 0.27431417 0.26682135 0.30167943 0.35773548 0.3220143 0.27160835 0.29608092 0.2822036 0.24772498 0.2445552 0.28710088 0.27706555 0.31078482 0.2573988 0.25549647 0.3083956 0.3041878 0.27734622 0.31949663 0.23415591 0.27644825 0.25173306 0.286446 0.2780945 0.26842347 0.23453674 0.29636246 0.21486996 0.27305147 0.25592214 0.33024842 0.30804518 0.33429992 0.264913 0.2764826 0.35310814 0.2641265 0.34993675 0.30394813 0.27508947 0.26029623 0.2357005 0.34260657 0.27173918 0.32859418 0.31553516 0.17054988 0.23423006 0.23428078 0.20169108 0.33913562 0.29452696 0.23177803 0.22803643 0.24646814 0.27652225 0.28785357 0.24306493 0.28795108,0.39891234 0.2642766 0.2821512 0.26704815 0.29270163 0.2382235 0.3422137 0.35440356 0.35758725 0.36291984 0.31875625 0.34581417 0.38287342 0.24368688 0.3242364 0.31101874 0.25347733 0.24689153 0.28826788 0.24321817 0.24407576 0.2659869 0.34141737 0.31872877 0.24718307 0.35231486 0.22167549 0.2636872 0.28854993 0.25849566 0.30609867 0.2875212 0.2655732 0.22681558 0.25641182 0.46337825 0.27650544 0.31355584 0.29719758 0.26907825 0.2508086 0.29246858 0.30444148 0.324849 0.33744654 0.26990676 0.22384554 0.24864796 0.26029497 0.27086085 0.25841168 0.19779928 0.3253503 0.28628942 0.23693158 0.28430673 0.22434406 0.3185643 0.271975 0.32191798 0.27701235 0.29081547 0.40545523 0.29043126 0.26165238 0.29975954 0.24067694 0.21927285 0.2511563 0.27428067 0.2667888 0.3016426 0.35769182 0.32197502 0.2715752 0.29604477 0.2821692 0.24769475 0.24452536 0.28706586 0.27703175 0.3107469 0.2573674 0.25546527 0.30835795 0.3041507 0.2773124 0.31945762 0.23412734 0.2764145 0.25170234 0.28641105 0.27806056 0.26839072 0.23450811 0.2963263 0.21484374 0.27301815 0.2558909 0.3302081 0.30800757 0.33425912 0.26488066 0.27644888 0.35306504 0.2640943 0.34989405 0.30391106 0.2750559 0.26026446 0.23567173 0.34256476 0.271706 0.3285541 0.31549665 0.17052907 0.23420146 0.23425218 0.20166646 0.33909422 0.29449102 0.23174973 0.22800861 0.24643807 0.27648848 0.28781843 0.24303527 0.28791595,0.003141042 0.002080918 0.002221663 0.0021027413 0.0023047372 0.0018757755 0.002694596 0.002790579 0.0028156475 0.0028576364 0.0025098918 0.0027229462 0.0030147512 0.0019187944 0.0025530425 0.0024489665 0.0019958846 0.0019440277 0.002269826 0.0019151036 0.0019218564 0.002094385 0.0026883257 0.0025096755 0.0019463234 0.0027741326 0.0017454763 0.002076277 0.0022720466 0.002035399 0.0024102258 0.0022639465 0.0020911277 0.0017859495 0.0020189907 0.0036486476 0.0021772082 0.0024689436 0.0023401384 0.0021187265 0.001974871 0.0023029023 0.002397177 0.0025578663 0.0026570593 0.0021252502 0.0017625634 0.001957858 0.0020495667 0.0021327627 0.0020347375 0.0015574746 0.0025618135 0.0022542474 0.0018656029 0.0022386357 0.0017664887 0.0025083802 0.0021415355 0.0025347872 0.0021811996 0.0022898857 0.003192561 0.0022868603 0.002060255 0.0023603113 0.001895094 0.0017265578 0.0019776088 0.0021596903 0.0021006993 0.0023751385 0.002816471 0.0025352363 0.0021383874 0.002331061 0.0022218046 0.0019503523 0.0019253965 0.002260361 0.0021813523 0.002446826 0.002026515 0.0020115376 0.0024280155 0.0023948874 0.0021835621 0.0025154143 0.0018435224 0.0021764922 0.0019819082 0.002255205 0.0021894532 0.0021133127 0.0018465206 0.002333278 0.001691683 0.0021497493 0.002014889 0.0026000638 0.0024252564 0.0026319616 0.0020856746 0.0021767628 0.0027800398 0.0020794827 0.0027550713 0.0023930005 0.0021657944 0.0020493264 0.0018556829 0.0026973602 0.0021394175 0.0025870402 0.0024842257 0.0013427485 0.001844106 0.0018445054 0.0015879249 0.0026700331 0.002318827 0.001824801 0.0017953434 0.0019404573 0.0021770748 0.0022662869 0.0019136636 0.0022670547,
162,128,,,0.0056379763 0.0056379763 0.0056379763 0.0056379763 0.0056379763 0.0056379763 0.0056379763 0.0056379763 0.0056379763 0.0056379763 0.0056379763 0.0056379763 0.0056379763 0.0056379763 0.0056379763 0.0056379763 0.0056379763 0.0056379763 0.0056379763 0.0056379763 0.0056379763 0.0056379763 0.0056379763 0.0056379763 0.0056379763 0.0056379763 0.0056379763 0.0056379763 0.0056379763 0.0056379763 0.0056379763 0.0056379763 0.0056379763 0.0056379763 0.0056379763 0.0056379763 0.0056379763 0.0056379763 0.0056379763 0.0056379763 0.0056379763 0.0056379763 0.0056379763 0.0056379763 0.0056379763 0.0056379763 0.0056379763 0.0056379763 0.0056379763 0.0056379763 0.0056379763 0.0056379763 0.0056379763 0.0056379763 0.0056379763 0.0056379763 0.0056379763 0.0056379763 0.0056379763 0.0056379763 0.0056379763 0.0056379763 0.0056379763 0.0056379763 0.0056379763 0.0056379763 0.0056379763 0.0056379763 0.0056379763 0.0056379763 0.0056379763 0.0056379763 0.0056379763 0.0056379763 0.0056379763 0.0056379763 0.0056379763 0.0056379763 0.0056379763 0.0056379763 0.0056379763 0.0056379763 0.0056379763 0.0056379763 0.0056379763 0.0056379763 0.0056379763 0.0056379763 0.0056379763 0.0056379763 0.0056379763 0.0056379763 0.0056379763 0.0056379763 0.0056379763 0.0056379763 0.0056379763 0.0056379763 0.0056379763 0.0056379763 0.0056379763 0.0056379763 0.0056379763 0.0056379763 0.0056379763 0.0056379763 0.0056379763 0.0056379763 0.0056379763 0.0056379763 0.0056379763 0.0056379763 0.0056379763 0.0056379763 0.0056379763 0.0056379763 0.0056379763 0.0056379763 0.0056379763 0.0056379763 0.0056379763 0.0056379763 0.0056379763 0.0056379763 0.0056379763 0.0056379763 0.0056379763 0.0056379763,14 14 14 14 14 15 14 14 14 14 14 14 14 15 14 14 14 15 14 15 15 14 14 14 15 14 15 14 14 14 14 14 14 15 14 14 14 14 14 14 14 14 14 14 14 14 15 14 14 14 14 15 14 14 15 14 15 14 14 14 14 14 14 14 14 14 15 15 14 14 14 14 14 14 14 14 14 14 15 14 14 14 14 14 14 14 14 14 15 14 14 14 14 14 15 14 15 14 14 14 14 14 14 14 14 14 14 14 14 14 15 14 14 14 14 15 15 15 15 14 14 15 15 15 14 14 15 14
171,1x1x384x256,0.1242691 0.1577711 0.17572388 0.14500752 0.118954726 0.13491769 0.11558128 0.1541625 0.11487263 0.15895215 0.11238436 0.10838982 0.08855841 0.1349947 0.11500689 0.17361243 0.14827786 0.1294616 0.14696947 0.11016872 0.1836172 0.15318947 0.11398824 0.12563097 0.113502786 0.13618316 0.10535463 0.12612925 0.16471927 0.12409949 0.13302888 0.13475558 0.12520392 0.11235067 0.15463558 0.12416333 0.10366763 0.12718888 0.13464333 0.13697718 0.12963311 0.11829102 0.15218593 0.13276331 0.13168173 0.12107872 0.097064234 0.10497291 0.15550183 0.11717763 0.16382985 0.16872858 0.11973598 0.10517447 0.13306446 0.13083579 0.13445553 0.13902627 0.11615896 0.107343964 0.13477711 0.15606047 0.123937346 0.18696904 0.1390153 0.13162299 0.12968531 0.13798659 0.1446408 0.16443987 0.15329406 0.13279282 0.11896892 0.13899821 0.13078497 0.14649001 0.1597236 0.11310361 0.12611249 0.15848587 0.18720517 0.14049926 0.17774758 0.14540628 0.14788316 0.11705151 0.16494244 0.12831976 0.14495869 0.13328177 0.103137754 0.12505834 0.12718184 0.16430809 0.14033204 0.22228944 0.11337434 0.14564385 0.11099094 0.11056201 0.1309339 0.13870886 0.14511847 0.14282577 0.16688435 0.11045569 0.13843624 0.15446186 0.15017875 0.17213467 0.16250648 0.1404585 0.14010426 0.123461686 0.16386917 0.13532436 0.12528247 0.16811673 0.14037365 0.100616656 0.12945716 0.13914844 0.13889672 0.1284049 0.14145567 0.22155502 0.10680573 0.1465274 0.25393984 0.1394934 0.12780806 0.105704986 0.1402668 0.13295369 0.120273694 0.10831738 0.16158059 0.14863415 0.13103263 0.14400433 0.10025925 0.10680857 0.108166054 0.13183005 0.1312473 0.17315242 0.15988839 0.14906742 0.1511782 0.1475236 0.13326178 0.15669544 0.114068426 0.17516145 0.11913259 0.17555544 0.15681084 0.12513073 0.10931661 0.15226431 0.15630646 0.13168733 0.121143565 0.14726087 0.1175184 0.09618727 0.15033358 0.17786163 0.13487454 0.14002521 0.13895646 0.16652028 0.1313223 0.1301114 0.15554848 0.12951693 0.12177402 0.15515472 0.14763218 0.11420283 0.1080428 0.11830584 0.11819241 0.12886463 0.11255863 0.1296661 0.15657587 0.1628649 0.13872959 0.1368242 0.11849384 0.12846778 0.17489375 0.1801656 0.12776603 0.119258925 0.10755209 0.13492934 0.13383663 0.15471576 0.15039374 0.21935853 0.1800629 0.13353065 0.13356967 0.16736598 0.12463991 0.13553484 0.12290925 0.19246918 0.15117805 0.12191856 0.1622722 0.13259718 0.1028877 0.14376631 0.117814094 0.12533705 0.21228774 0.14251764 0.13899627 0.15188843 0.15867358 0.11442435 0.11203535 0.10733205 0.11609435 0.11091582 0.1143381 0.1784757 0.10886691 0.14390834 0.14480586 0.1072542 0.13613094 0.115040585 0.13959555 0.15154862 0.12621242 0.12901925 0.14151888 0.13812417 0.16385002 0.123008355 0.15263578 0.1272375 0.11741634 0.14121109 0.12849782 0.16809636 0.13663906 0.20328881 0.12614447 0.12254176 0.17000355 0.17076977,0.124253936 0.15775184 0.17570244 0.14498983 0.118940204 0.13490123 0.11556718 0.15414369 0.11485861 0.15893275 0.11237064 0.108376585 0.08854761 0.13497823 0.11499285 0.17359124 0.14825976 0.12944579 0.14695154 0.11015528 0.1835948 0.15317078 0.11397433 0.12561564 0.113488935 0.13616653 0.10534178 0.12611386 0.16469917 0.12408435 0.13301265 0.13473915 0.12518863 0.112336956 0.1546167 0.124148175 0.10365498 0.12717336 0.13462691 0.13696046 0.1296173 0.11827659 0.15216735 0.1327471 0.13166565 0.12106394 0.09705239 0.10496009 0.15548286 0.11716332 0.16380985 0.16870798 0.11972136 0.10516163 0.13304822 0.13081983 0.13443913 0.13900931 0.11614479 0.10733086 0.13476066 0.15604143 0.12392222 0.18694621 0.13899834 0.13160692 0.12966949 0.13796975 0.14462316 0.1644198 0.15327534 0.13277662 0.118954405 0.13898124 0.13076901 0.14647213 0.1597041 0.113089815 0.1260971 0.15846653 0.18718232 0.14048213 0.17772588 0.14538853 0.14786512 0.11703722 0.16492231 0.1283041 0.144941 0.13326551 0.10312516 0.12504308 0.12716633 0.16428804 0.1403149 0.22226232 0.1133605 0.14562607 0.1109774 0.11054852 0.1309179 0.13869193 0.14510077 0.14280835 0.16686398 0.110442206 0.13841935 0.15444301 0.15016042 0.17211366 0.16248664 0.14044134 0.14008716 0.12344661 0.16384917 0.13530783 0.12526718 0.16809621 0.14035653 0.10060438 0.12944135 0.13913147 0.13887978 0.12838924 0.14143841 0.221528 0.10679269 0.14650951 0.25390884 0.13947637 0.12779248 0.10569208 0.14024968 0.13293746 0.12025902 0.108304165 0.16156086 0.148616 0.13101664 0.14398675 0.10024702 0.10679554 0.10815285 0.13181397 0.13123128 0.17313129 0.15986887 0.14904922 0.15115975 0.1475056 0.13324551 0.1566763 0.1140545 0.17514008 0.11911805 0.17553401 0.15679169 0.12511545 0.10930327 0.15224573 0.15628739 0.13167126 0.121128775 0.1472429 0.11750406 0.09617554 0.15031524 0.17783993 0.13485809 0.14000812 0.1389395 0.16649996 0.13130628 0.13009553 0.1555295 0.12950113 0.12175916 0.1551358 0.14761417 0.114188895 0.10802962 0.1182914 0.11817799 0.1288489 0.1125449 0.12965028 0.15655676 0.16284502 0.13871266 0.13680752 0.11847938 0.1284521 0.1748724 0.18014362 0.12775043 0.11924437 0.10753897 0.13491288 0.1338203 0.15469688 0.1503754 0.21933177 0.18004094 0.13351436 0.13355337 0.16734557 0.12462471 0.1355183 0.12289424 0.19244568 0.1511596 0.12190368 0.1622524 0.132581 0.102875136 0.14374876 0.117799714 0.12532176 0.21226184 0.14250025 0.1389793 0.1518699 0.15865423 0.11441038 0.11202168 0.10731895 0.11608019 0.11090228 0.114324145 0.17845392 0.10885362 0.14389078 0.14478819 0.10724111 0.13611433 0.11502654 0.1395785 0.15153013 0.12619703 0.12900351 0.1415016 0.13810731 0.16383003 0.12299334 0.15261716 0.12722197 0.117402 0.14119387 0.12848213 0.16807586 0.13662238 0.203264 0.12612908 0.12252681 0.16998279 0.17074893,0.0009783774 0.0012421405 0.0013834838 0.0011416522 0.00093653705 0.0010622144 0.00090997777 0.0012137298 0.0009043985 0.001251439 0.0008848082 0.00085335894 0.0006972253 0.0010628208 0.0009054555 0.0013668601 0.0011673997 0.0010192582 0.0011570988 0.0008673644 0.0014456282 0.0012060691 0.0008974357 0.0009890995 0.0008936137 0.0010721774 0.00082946284 0.0009930226 0.0012968439 0.0009770421 0.0010473437 0.0010609381 0.0009857373 0.00088454294 0.0012174543 0.0009775447 0.00081618095 0.001001365 0.0010600544 0.0010784288 0.0010206087 0.00093131175 0.0011981681 0.0010452528 0.0010367373 0.00095325935 0.000764192 0.0008264574 0.0012242745 0.00092254585 0.0012898414 0.0013284093 0.00094268785 0.0008280443 0.0010476238 0.0010300773 0.0010585758 0.0010945615 0.00091452594 0.0008451249 0.0010611076 0.0012286727 0.0009757655 0.0014720174 0.0010944752 0.001036275 0.0010210195 0.0010863759 0.001138765 0.0012946441 0.0012068924 0.0010454851 0.00093664887 0.0010943405 0.0010296772 0.0011533238 0.0012575126 0.000890471 0.0009928906 0.0012477679 0.0014738765 0.0011061585 0.0013994164 0.0011447916 0.0011642922 0.00092155294 0.0012986009 0.0010102685 0.0011412677 0.0010493348 0.00081200915 0.0009845912 0.0010013097 0.0012936066 0.0011048418 0.001750097 0.0008926024 0.0011466619 0.0008738378 0.00087046076 0.0010308496 0.0010920624 0.0011425258 0.0011244752 0.0013138896 0.0008696237 0.0010899161 0.0012160867 0.0011823655 0.0013552257 0.0012794224 0.0011058373 0.0011030484 0.00097202056 0.001290151 0.001065416 0.0009863557 0.0013235923 0.0011051695 0.00079216046 0.0010192232 0.0010955234 0.0010935415 0.0010109389 0.0011136882 0.0017443149 0.0008408873 0.0011536182 0.0019992823 0.0010982392 0.00100624 0.0008322211 0.0011043282 0.0010467516 0.0009469214 0.0008527887 0.0012721327 0.0011702047 0.0010316271 0.0011337539 0.0007893466 0.0008409098 0.00085159723 0.0010379053 0.0010333172 0.0013632384 0.0012588099 0.0011736159 0.0011902342 0.0011614613 0.0010491773 0.0012336717 0.00089806697 0.0013790558 0.0009379374 0.0013821576 0.0012345802 0.000985161 0.0008606557 0.0011987853 0.0012306094 0.0010367816 0.0009537699 0.001159393 0.0009252288 0.00075728766 0.0011835846 0.0014003145 0.0010618747 0.0011024262 0.0010940118 0.0013110233 0.0010339076 0.0010243743 0.0012246417 0.001019694 0.00095873355 0.0012215417 0.0011623163 0.0008991252 0.0008506269 0.00093142834 0.0009305353 0.0010145582 0.0008861803 0.0010208683 0.0012327303 0.0012822442 0.0010922257 0.0010772245 0.0009329085 0.0010114339 0.001376948 0.0014184538 0.0010059088 0.000938932 0.00084676355 0.0010623061 0.0010537031 0.0012180856 0.0011840583 0.0017270218 0.0014176453 0.0010512942 0.0010516014 0.0013176816 0.0009812969 0.0010670732 0.0009676712 0.0015153203 0.001190233 0.0009598715 0.001277578 0.0010439449 0.00081004045 0.00113188 0.00092755683 0.0009867855 0.0016713531 0.0011220492 0.0010943252 0.001195826 0.0012492458 0.00090086914 0.00088206044 0.0008450311 0.0009140172 0.0008732463 0.0009001901 0.001405149 0.00085711514 0.0011329983 0.0011400644 0.0008444182 0.0010717664 0.0009057208 0.0010990434 0.0011931506 0.0009936774 0.0010157757 0.0011141859 0.0010874592 0.0012900002 0.0009684515 0.0012017098 0.0010017478 0.0009244252 0.0011117627 0.0010116703 0.001323432 0.0010757667 0.0016005039 0.0009931424 0.000964778 0.0013384472 0.0013444799,
172,256,,,0.0051682214 0.0051682214 0.0051682214 0.0051682214 0.0051682214 0.0051682214 0.0051682214 0.0051682214 0.0051682214 0.0051682214 0.0051682214 0.0051682214 0.0051682214 0.0051682214 0.0051682214 0.0051682214 0.0051682214 0.0051682214 0.0051682214 0.0051682214 0.0051682214 0.0051682214 0.0051682214 0.0051682214 0.0051682214 0.0051682214 0.0051682214 0.0051682214 0.0051682214 0.0051682214 0.0051682214 0.0051682214 0.0051682214 0.0051682214 0.0051682214 0.0051682214 0.0051682214 0.0051682214 0.0051682214 0.0051682214 0.0051682214 0.0051682214 0.0051682214 0.0051682214 0.0051682214 0.0051682214 0.0051682214 0.0051682214 0.0051682214 0.0051682214 0.0051682214 0.0051682214 0.0051682214 0.0051682214 0.0051682214 0.0051682214 0.0051682214 0.0051682214 0.0051682214 0.0051682214 0.0051682214 0.0051682214 0.0051682214 0.0051682214 0.0051682214 0.0051682214 0.0051682214 0.0051682214 0.0051682214 0.0051682214 0.0051682214 0.0051682214 0.0051682214 0.0051682214 0.0051682214 0.0051682214 0.0051682214 0.0051682214 0.0051682214 0.0051682214 0.0051682214 0.0051682214 0.0051682214 0.0051682214 0.0051682214 0.0051682214 0.0051682214 0.0051682214 0.0051682214 0.0051682214 0.0051682214 0.0051682214 0.0051682214 0.0051682214 0.0051682214 0.0051682214 0.0051682214 0.0051682214 0.0051682214 0.0051682214 0.0051682214 0.0051682214 0.0051682214 0.0051682214 0.0051682214 0.0051682214 0.0051682214 0.0051682214 0.0051682214 0.0051682214 0.0051682214 0.0051682214 0.0051682214 0.0051682214 0.0051682214 0.0051682214 0.0051682214 0.0051682214 0.0051682214 0.0051682214 0.0051682214 0.0051682214 0.0051682214 0.0051682214 0.0051682214 0.0051682214 0.0051682214 0.0051682214 0.0051682214 0.0051682214 0.0051682214 0.0051682214 0.0051682214 0.0051682214 0.0051682214 0.0051682214 0.0051682214 0.0051682214 0.0051682214 0.0051682214 0.0051682214 0.0051682214 0.0051682214 0.0051682214 0.0051682214 0.0051682214 0.0051682214 0.0051682214 0.0051682214 0.0051682214 0.0051682214 0.0051682214 0.0051682214 0.0051682214 0.0051682214 0.0051682214 0.0051682214 0.0051682214 0.0051682214 0.0051682214 0.0051682214 0.0051682214 0.0051682214 0.0051682214 0.0051682214 0.0051682214 0.0051682214 0.0051682214 0.0051682214 0.0051682214 0.0051682214 0.0051682214 0.0051682214 0.0051682214 0.0051682214 0.0051682214 0.0051682214 0.0051682214 0.0051682214 0.0051682214 0.0051682214 0.0051682214 0.0051682214 0.0051682214 0.0051682214 0.0051682214 0.0051682214 0.0051682214 0.0051682214 0.0051682214 0.0051682214 0.0051682214 0.0051682214 0.0051682214 0.0051682214 0.0051682214 0.0051682214 0.0051682214 0.0051682214 0.0051682214 0.0051682214 0.0051682214 0.0051682214 0.0051682214 0.0051682214 0.0051682214 0.0051682214 0.0051682214 0.0051682214 0.0051682214 0.0051682214 0.0051682214 0.0051682214 0.0051682214 0.0051682214 0.0051682214 0.0051682214 0.0051682214 0.0051682214 0.0051682214 0.0051682214 0.0051682214 0.0051682214 0.0051682214 0.0051682214 0.0051682214 0.0051682214 0.0051682214 0.0051682214 0.0051682214 0.0051682214 0.0051682214 0.0051682214 0.0051682214 0.0051682214 0.0051682214 0.0051682214 0.0051682214 0.0051682214 0.0051682214 0.0051682214 0.0051682214 0.0051682214 0.0051682214 0.0051682214 0.0051682214 0.0051682214 0.0051682214 0.0051682214 0.0051682214 0.0051682214 0.0051682214 0.0051682214 0.0051682214 0.0051682214 0.0051682214,14 14 14 14 15 14 15 14 15 14 15 15 15 14 15 14 14 14 14 15 14 14 15 14 15 14 15 14 14 14 14 14 14 15 14 14 15 14 14 14 14 15 14 14 14 15 15 15 14 15 14 14 15 15 14 14 14 14 15 15 14 14 14 14 14 14 14 14 14 14 14 14 15 14 14 14 14 15 14 14 14 14 14 14 14 15 14 14 14 14 15 14 14 14 14 14 15 14 15 15 14 14 14 14 14 15 14 14 14 14 14 14 14 15 14 14 14 14 14 15 14 14 14 14 14 14 15 14 13 14 14 15 14 14 15 15 14 14 14 14 15 15 15 14 14 14 14 14 14 14 14 14 15 14 15 14 14 14 15 14 14 14 15 14 15 15 14 14 14 14 14 14 14 14 14 14 15 14 14 15 15 15 15 14 15 14 14 14 14 14 15 14 14 14 14 15 15 14 14 14 14 14 14 14 14 14 14 14 15 14 14 15 14 14 15 14 15 14 14 14 14 14 14 15 15 15 15 15 15 14 15 14 14 15 14 15 14 14 14 14 14 14 14 15 14 14 15 14 14 14 14 14 14 15 14 14
177,3x3x256x512,0.043654375 0.051721547 0.045133512 0.03391356 0.039181087 0.046899598 0.04673454 0.03976657 0.048523027 0.039228518 0.03246553 0.03853574 0.041129995 0.03844647 0.038317494 0.04223851 0.03808507 0.056429654 0.053635243 0.03615035 0.038077984 0.04227629 0.04631871 0.044045925 0.044675287 0.051773388 0.048555907 0.039646868 0.050115336 0.042582218 0.03843102 0.042147987 0.040162455 0.03721707 0.040772647 0.04120566 0.04998256 0.04082415 0.039591912 0.049596332 0.040376574 0.042540606 0.03427079 0.04734285 0.044122588 0.042296592 0.047161806 0.03690104 0.041363977 0.039440688 0.04949309 0.032316204 0.048425518 0.03376979 0.04383472 0.032613218 0.051672295 0.045665767 0.041296177 0.039854985 0.0397632 0.054769192 0.0343807 0.03865375 0.038429897 0.03672227 0.04070006 0.032710362 0.042535003 0.044756703 0.044142183 0.043079935 0.045838732 0.044626035 0.04678806 0.038150016 0.046887122 0.03969875 0.044281933 0.041647505 0.046534274 0.05440138 0.039374735 0.049036723 0.04550708 0.03721555 0.041236825 0.037161954 0.03658209 0.038713727 0.0339282 0.043720447 0.04259009 0.036602646 0.038762067 0.042105086 0.04485428 0.040121444 0.042900275 0.035319164 0.03601564 0.045715015 0.037887443 0.05013051 0.03452229 0.040980186 0.04114145 0.032977376 0.042912863 0.045746855 0.041594468 0.04833157 0.0450401 0.0379183 0.041834507 0.04419427 0.042145673 0.046049036 0.039947078 0.039547116 0.032210562 0.03851533 0.045596335 0.054857854 0.048747282 0.04573232 0.04642677 0.045897298 0.038948644 0.048645858 0.04257266 0.042458214 0.041611996 0.048561078 0.051318344 0.04074375 0.03767456 0.0401094 0.04034106 0.042563967 0.04377113 0.040004887 0.043052223 0.040050186 0.03295817 0.039775603 0.048401743 0.04715006 0.03501327 0.05477779 0.042668197 0.048301578 0.04314384 0.037224118 0.03366349 0.04453832 0.05322983 0.046226 0.04163557 0.0359187 0.04042879 0.046930633 0.040354367 0.052865922 0.033136453 0.04274484 0.047721874 0.06328174 0.037171546 0.037519533 0.042442303 0.045968957 0.04063429 0.04464815 0.038535737 0.03352687 0.046775643 0.037232928 0.037226018 0.044231012 0.046572212 0.044152044 0.04425716 0.048613183 0.040603314 0.03652625 0.039531074 0.033224933 0.052629065 0.052202605 0.0372002 0.043620076 0.038516536 0.052725453 0.039148785 0.042569824 0.046006884 0.04994426 0.04235725 0.045376685 0.039304163 0.042218342 0.039190456 0.033660915 0.043446917 0.03899391 0.049206343 0.038285036 0.05033236 0.03910222 0.04708336 0.04678488 0.039479736 0.05006078 0.043679617 0.039725423 0.057745874 0.055868994 0.038421612 0.04414064 0.040015757 0.04282249 0.041244045 0.03848057 0.040411457 0.035161074 0.052945945 0.046971757 0.06969376 0.031903297 0.047838163 0.032083515 0.037580192 0.039171983 0.04824354 0.047625262 0.03528109 0.052658144 0.04618535 0.04288109 0.03728635 0.034818996 0.04208353 0.03992394 0.053559486 0.042071365 0.04176816 0.05600522 0.049086507 0.04558016 0.044883724 0.04624759 0.036521796 0.042628672 0.041752394 0.04107061 0.034525312 0.037044886 0.038535677 0.04581125 0.045723274 0.044360187 0.035969134 0.04260808 0.04357384 0.040422864 0.044238005 0.045235835 0.036992032 0.04345298 0.036355484 0.050873045 0.05379675 0.03470718 0.035400264 0.040724155 0.04247642 0.08270439 0.036557607 0.043166395 0.052640244 0.045380197 0.061969295 0.054132212 0.03842408 0.042839993 0.038997855 0.033596173 0.0453519 0.048470132 0.036844473 0.033087555 0.036117047 0.043260865 0.042947613 0.0408284 0.03186128 0.047108177 0.04532781 0.046849083 0.042379305 0.042922743 0.059251264 0.03686524 0.041328672 0.045241684 0.051003564 0.048090134 0.047065355 0.04480518 0.03802658 0.05339726 0.034957435 0.04209338 0.040145434 0.04865554 0.046518054 0.054651868 0.04114772 0.04640636 0.04445794 0.03482241 0.04976929 0.03959468 0.04529122 0.035042305 0.042282935 0.037867785 0.040434174 0.03728481 0.037350427 0.03821631 0.047031548 0.04748004 0.044762 0.055348985 0.041053418 0.044967886 0.04644727 0.033489466 0.04790336 0.036776476 0.036204237 0.04584179 0.03496429 0.04534687 0.027904935 0.04368652 0.043975133 0.034559146 0.036655318 0.04134409 0.04624417 0.0430729 0.038194936 0.04933596 0.038976185 0.03604925 0.043073975 0.03175378 0.039923884 0.04171277 0.043937717 0.0510332 0.035212137 0.04182711 0.036301237 0.042767793 0.0364218 0.038542688 0.043624204 0.04323673 0.03719352 0.038878426 0.039397556 0.041630443 0.05197775 0.040536236 0.04449579 0.032629613 0.044548683 0.039179873 0.056991726 0.042984795 0.05355266 0.05451335 0.057633594 0.047351573 0.051308572 0.052526634 0.045728195 0.03884537 0.04244288 0.035047363 0.03232522 0.0390578 0.043100357 0.039626006 0.041598152 0.04748491 0.034535795 0.045037605 0.041821405 0.059734832 0.039407633 0.040347416 0.040773865 0.04421906 0.0380739 0.045420576 0.044175945 0.040182315 0.04113295 0.033256628 0.05102826 0.033741474 0.034514446 0.03673724 0.043015976 0.049931586 0.04553249 0.0380379 0.036573894 0.04577919 0.038690038 0.050092526 0.04145622 0.04933759 0.036161203 0.04244537 0.03865792 0.04953631 0.038318884 0.04600239 0.04141246 0.046800792 0.043438032 0.038688194 0.03710957 0.052609935 0.047205705 0.044375174 0.043735992 0.042818088 0.04007157 0.034599695 0.041388422 0.042978518 0.045889296 0.043704845 0.04501902 0.037328508 0.04677537 0.036075786 0.033989925 0.044048917 0.039711103 0.046654545 0.032276303 0.0441686 0.04716782 0.048483297 0.05607312 0.040843766 0.04368721 0.04343222 0.04250448 0.032616593 0.038367197 0.04073375 0.046096537 0.043817014 0.042477567 0.038113754 0.036328796 0.03773468 0.039679285 0.04272726 0.03477324 0.04509423 0.039010484 0.043442257 0.047096416 0.040158685 0.039239015 0.045514323 0.049183525 0.048969958 0.042333256 0.04057875 0.046308596 0.040780038 0.043956917 0.039361853 0.04408405 0.032825917 0.04548655 0.039920542 0.037513744 0.045674942 0.0405732 0.03735014 0.03391852 0.03889822 0.04297546 0.04280544 0.058697373 0.04487579 0.04211306 0.03604812 0.03838141 0.035093278,0.043649048 0.051715232 0.045128006 0.03390942 0.039176308 0.046893872 0.04672884 0.039761715 0.048517108 0.03922373 0.03246157 0.038531035 0.041124973 0.03844178 0.038312815 0.04223336 0.038080424 0.05642277 0.053628698 0.036145937 0.038073335 0.04227113 0.046313055 0.04404055 0.044669837 0.05176707 0.048549984 0.03964203 0.05010922 0.04257702 0.03842633 0.042142842 0.040157557 0.03721253 0.040767673 0.04120063 0.049976457 0.040819164 0.03958708 0.04959028 0.04037165 0.042535417 0.03426661 0.047337074 0.0441172 0.042291433 0.04715605 0.036896534 0.04135893 0.039435875 0.049487047 0.032312263 0.048419606 0.033765666 0.04382937 0.032609235 0.051665988 0.045660194 0.041291136 0.039850123 0.03975835 0.05476251 0.034376502 0.03864903 0.038425207 0.036717787 0.04069509 0.032706372 0.04252981 0.04475124 0.044136796 0.043074675 0.04583314 0.04462059 0.04678235 0.03814536 0.0468814 0.039693907 0.04427653 0.04164242 0.046528593 0.05439474 0.03936993 0.049030736 0.045501526 0.03721101 0.041231792 0.037157416 0.036577623 0.038709 0.033924058 0.04371511 0.04258489 0.03659818 0.038757335 0.042099945 0.044848803 0.040116545 0.042895038 0.035314854 0.036011245 0.04570944 0.03788282 0.05012439 0.034518078 0.040975187 0.04113643 0.03297335 0.042907625 0.045741275 0.041589394 0.04832567 0.045034606 0.037913673 0.0418294 0.044188876 0.042140532 0.04604342 0.039942205 0.03954229 0.032206632 0.038510628 0.045590773 0.05485116 0.048741333 0.04572674 0.046421103 0.0458917 0.03894389 0.048639923 0.042567465 0.042453032 0.041606918 0.04855515 0.05131208 0.040738776 0.037669964 0.040104505 0.04033614 0.04255877 0.043765787 0.040000007 0.043046966 0.0400453 0.03295415 0.03977075 0.04839584 0.04714431 0.035008997 0.054771107 0.04266299 0.04829568 0.04313857 0.037219573 0.03365938 0.044532884 0.053223334 0.046220355 0.041630488 0.03591432 0.040423855 0.046924904 0.040349443 0.05285947 0.03313241 0.042739622 0.047716048 0.06327402 0.037167013 0.037514955 0.04243712 0.045963347 0.04062933 0.044642705 0.03853103 0.033522777 0.046769932 0.037228383 0.037221476 0.044225615 0.04656653 0.044146653 0.04425176 0.048607253 0.04059836 0.036521796 0.03952625 0.033220876 0.052622642 0.052196234 0.037195664 0.043614753 0.038511835 0.052719016 0.03914401 0.04256463 0.04600127 0.049938165 0.042352084 0.04537115 0.03929937 0.04221319 0.039185673 0.03365681 0.043441612 0.03898915 0.049200337 0.038280364 0.050326217 0.039097447 0.04707761 0.046779174 0.039474916 0.05005467 0.043674286 0.039720573 0.057738826 0.055862173 0.038416926 0.044135254 0.040010873 0.042817265 0.041239012 0.038475875 0.040406525 0.035156783 0.052939486 0.046966024 0.06968526 0.031899404 0.047832325 0.0320796 0.037575606 0.0391672 0.04823765 0.04761945 0.03527678 0.05265172 0.04617971 0.042875856 0.0372818 0.03481475 0.0420784 0.039919067 0.05355295 0.042066228 0.04176306 0.05599839 0.049080517 0.045574598 0.044878244 0.046241947 0.036517337 0.04262347 0.041747298 0.041065596 0.0345211 0.037040368 0.03853097 0.04580566 0.045717694 0.044354774 0.035964742 0.042602878 0.04356852 0.04041793 0.044232607 0.045230314 0.036987517 0.04344768 0.036351047 0.05086684 0.053790182 0.034702946 0.035395946 0.040719185 0.042471237 0.0826943 0.03655315 0.043161128 0.05263382 0.04537466 0.061961733 0.054125603 0.03841939 0.042834762 0.038993098 0.033592075 0.045346368 0.048464216 0.036839977 0.033083517 0.03611264 0.043255586 0.04294237 0.04082342 0.03185739 0.047102425 0.045322277 0.046843365 0.04237413 0.042917505 0.059244033 0.036860745 0.04132363 0.045236163 0.05099734 0.048084263 0.04705961 0.04479971 0.038021937 0.05339074 0.03495317 0.042088244 0.040140536 0.0486496 0.046512377 0.054645196 0.0411427 0.046400692 0.04445251 0.03481816 0.049763214 0.03958985 0.045285694 0.035038028 0.042277776 0.037863165 0.040429242 0.037280258 0.03734587 0.038211647 0.047025807 0.047474243 0.044756535 0.05534223 0.041048408 0.0449624 0.046441603 0.03348538 0.04789751 0.036771987 0.03619982 0.045836195 0.03496002 0.04534134 0.027901528 0.04368119 0.04396977 0.03455493 0.036650844 0.041339044 0.046238527 0.043067645 0.03819027 0.04932994 0.038971428 0.03604485 0.04306872 0.0317499 0.03991901 0.04170768 0.043932352 0.05102697 0.03520784 0.041822 0.036296807 0.042762574 0.036417354 0.038537987 0.04361888 0.04323145 0.03718898 0.038873684 0.03939275 0.041625362 0.051971406 0.04053129 0.044490363 0.03262563 0.044543244 0.039175093 0.05698477 0.04297955 0.053546123 0.054506697 0.05762656 0.047345795 0.05130231 0.052520223 0.045722615 0.038840633 0.0424377 0.035043087 0.032321274 0.039053034 0.043095097 0.03962117 0.041593075 0.047479115 0.03453158 0.045032106 0.0418163 0.059727542 0.039402824 0.04034249 0.040768888 0.044213668 0.038069252 0.045415033 0.044170555 0.04017741 0.04112793 0.033252567 0.051022034 0.033737354 0.034510236 0.03673276 0.043010727 0.04992549 0.045526937 0.03803326 0.03656943 0.045773607 0.038685314 0.050086413 0.04145116 0.049331564 0.036156792 0.04244019 0.0386532 0.049530264 0.038314205 0.045996778 0.04140741 0.04679508 0.04343273 0.03868347 0.037105042 0.052603517 0.047199942 0.04436976 0.043730654 0.042812865 0.04006668 0.03459547 0.04138337 0.042973273 0.045883693 0.04369951 0.045013525 0.03732395 0.04676966 0.036071382 0.03398578 0.04404354 0.039706256 0.04664885 0.03227236 0.04416321 0.047162063 0.048477378 0.05606628 0.04083878 0.04368188 0.04342692 0.04249929 0.032612614 0.038362514 0.040728778 0.046090912 0.043811664 0.042472385 0.038109105 0.036324363 0.037730075 0.039674442 0.04272205 0.034769 0.045088723 0.039005723 0.043436956 0.04709067 0.040153787 0.039234225 0.04550877 0.04917752 0.04896398 0.04232809 0.040573794 0.046302944 0.04077506 0.043951552 0.039357048 0.04407867 0.03282191 0.045481 0.03991567 0.037509166 0.045669366 0.040568247 0.037345584 0.03391438 0.03889347 0.042970214 0.042800214 0.05869021 0.044870313 0.04210792 0.036043722 0.038376722 0.035088997,0.00034369327 0.00040720656 0.00035533862 0.0002670033 0.00030847488 0.0003692431 0.0003679436 0.00031308437 0.00038202447 0.00030884828 0.0002556029 0.000303394 0.00032381868 0.0003026912 0.0003016757 0.00033254613 0.00029984585 0.00044427378 0.0004222732 0.00028461366 0.00029979003 0.00033284354 0.00036466972 0.00034677598 0.000351731 0.00040761472 0.00038228332 0.00031214196 0.00039456078 0.00033525215 0.0003025695 0.0003318334 0.00031620124 0.00029301204 0.0003210053 0.0003244144 0.0003935154 0.00032141074 0.0003117093 0.00039047463 0.000317887 0.00033492455 0.00026981582 0.00037273287 0.00034737954 0.0003330034 0.00037130748 0.0002905239 0.00032566086 0.0003105187 0.00038966179 0.00025442726 0.00038125674 0.00026587138 0.00034511316 0.00025676563 0.0004068188 0.00035952908 0.00032512707 0.0003137805 0.00031305788 0.00043120087 0.0002706811 0.00030432307 0.0003025607 0.00028911643 0.00032043378 0.00025753048 0.0003348804 0.00035237198 0.00034753382 0.00033917066 0.00036089087 0.00035134322 0.00036836494 0.00030035718 0.0003691449 0.00031255046 0.00034863412 0.00032789307 0.00036636688 0.00042830504 0.00030999945 0.0003860688 0.00035827974 0.00029300008 0.00032465978 0.00029257807 0.0002880128 0.00030479528 0.00026711856 0.00034421345 0.00033531408 0.00028817463 0.00030517587 0.00033149563 0.00035314017 0.0003158783 0.0003377562 0.00027806973 0.00028355312 0.00035991683 0.00029828993 0.00039468022 0.0002717959 0.00032263927 0.0003239089 0.00025963268 0.0003378553 0.00036016753 0.00032747554 0.00038051707 0.0003546032 0.00029853286 0.00032936534 0.0003479439 0.00033181522 0.0003625466 0.00031450554 0.00031135662 0.00025359553 0.0003032333 0.00035898248 0.0004318989 0.00038379003 0.00036005306 0.0003655205 0.00036135197 0.0003066448 0.00038299154 0.00033517688 0.00033427583 0.00032761352 0.000382324 0.00040403215 0.00032077776 0.0002966139 0.0003157835 0.0003176074 0.00033510843 0.0003446125 0.0003149607 0.0003389525 0.0003153173 0.0002594815 0.0003131555 0.0003810696 0.00037121502 0.00027566138 0.00043126856 0.00033592904 0.00038028095 0.00033967377 0.0002930675 0.0002650345 0.00035065264 0.00041908136 0.0003639398 0.00032779912 0.00028278993 0.00031829806 0.00036948745 0.00031771214 0.0004162163 0.00026088514 0.00033653245 0.00037571692 0.0004982206 0.00029265365 0.00029539334 0.00033415057 0.0003619161 0.000319916 0.00035151737 0.00030339396 0.00026395888 0.00036826718 0.00029313687 0.0002930825 0.00034823318 0.0003666656 0.00034761144 0.00034843903 0.00038273426 0.0003196721 0.0002875732 0.0003112303 0.0002615817 0.00041435153 0.00041099396 0.00029287924 0.00034342325 0.0003032428 0.00041511035 0.00030822054 0.00033515456 0.00036221472 0.0003932139 0.00033348097 0.00035725313 0.00030944386 0.00033238734 0.0003085486 0.00026501424 0.00034205994 0.00030700117 0.00038740423 0.0003014202 0.00039626943 0.00030785392 0.00037068984 0.00036833997 0.00031082612 0.00039413126 0.00034389202 0.0003127604 0.00045463644 0.00043985964 0.0003024955 0.00034752168 0.00031504626 0.0003371438 0.00032471662 0.00030295964 0.00031816162 0.00027682507 0.00041684633 0.0003698112 0.00054870284 0.00025117642 0.0003766325 0.0002525953 0.0002958709 0.00030840313 0.00037982402 0.00037495632 0.00027776993 0.00041458046 0.00036361977 0.00033760516 0.00029355747 0.0002741319 0.00033132598 0.00031432338 0.00042167678 0.00033123014 0.000328843 0.0004409322 0.00038646077 0.0003588551 0.00035337202 0.00036410982 0.00028753807 0.0003356179 0.0003287189 0.00032335115 0.00027181968 0.00029165644 0.0003033935 0.0003606745 0.00035998184 0.0003492502 0.00028318694 0.00033545573 0.00034305922 0.0003182514 0.00034828825 0.0003561442 0.00029124029 0.00034210773 0.00028622872 0.00040052627 0.00042354473 0.00027325153 0.00027870823 0.0003206235 0.0003344192 0.0006511362 0.00028782006 0.0003398514 0.0004144395 0.0003572808 0.00048788765 0.00042618584 0.00030251488 0.00033728158 0.00030703226 0.00026450452 0.00035705802 0.000381608 0.00029007855 0.00026050012 0.0002843515 0.00034059517 0.0003381289 0.00032144424 0.0002508456 0.00037088525 0.00035686832 0.0003688454 0.00033365458 0.0003379331 0.00046648845 0.00029024208 0.0003253829 0.00035619026 0.00040155384 0.00037861624 0.0003705481 0.00035275365 0.00029938534 0.00042039953 0.0002752218 0.00033140348 0.00031606722 0.00038306773 0.0003662392 0.00043027714 0.00032395826 0.0003653598 0.00035001978 0.00027415875 0.00039183634 0.0003117311 0.00035658028 0.00027589 0.00033289587 0.00029813516 0.0003183405 0.00029354534 0.000294062 0.00030087912 0.00037028195 0.00037381295 0.00035241366 0.0004357656 0.00032321582 0.00035403462 0.00036568192 0.0002636644 0.00037714574 0.0002895432 0.00028503794 0.0003609149 0.00027527576 0.0003570184 0.00021969707 0.00034394636 0.00034621864 0.00027208606 0.00028858933 0.00032550428 0.0003640829 0.00033911533 0.0003007108 0.00038842473 0.00030686165 0.00028381773 0.00033912377 0.00024999923 0.0003143229 0.00032840692 0.00034592403 0.00040178717 0.0002772271 0.0003293071 0.00028580162 0.0003367132 0.00028675082 0.0003034487 0.00034345576 0.00034040512 0.00029282662 0.000306092 0.00031017914 0.00032775875 0.00040922366 0.00031914402 0.00035031783 0.00025689474 0.0003507342 0.0003084653 0.000448699 0.00033842164 0.00042162303 0.0004291866 0.00045375244 0.00037280153 0.0004039552 0.00041354506 0.00036002058 0.00030583175 0.0003341551 0.0002759298 0.0002544982 0.0003075042 0.00033933148 0.00031197772 0.00032750453 0.0003738513 0.0002719022 0.00035458352 0.00032926223 0.0004702956 0.00031025845 0.00031765742 0.00032101487 0.00034813912 0.0002997579 0.00035759868 0.00034779965 0.00031635756 0.000323842 0.00026183124 0.0004017483 0.00026564844 0.00027173414 0.00028923433 0.00033866713 0.0003931141 0.00035847983 0.0002994745 0.0002879483 0.0003604221 0.00030460878 0.0003943812 0.0003263871 0.0003884375 0.00028469914 0.00033417472 0.0003043559 0.00039000207 0.00030168664 0.00036217936 0.0003260426 0.0003684652 0.00034199 0.00030459426 0.0002921657 0.0004142009 0.0003716531 0.0003493682 0.00034433586 0.00033710917 0.0003154857 0.00027240528 0.00032585333 0.00033837222 0.00036128893 0.00034409063 0.00035443722 0.00029388937 0.00036826503 0.00028402664 0.00026760457 0.00034679953 0.0003126477 0.00036731377 0.00025411308 0.0003477418 0.00037135484 0.00038171164 0.00044146675 0.00032156523 0.0003439518 0.00034194425 0.00033464006 0.00025679223 0.00030206706 0.00032069904 0.00036292057 0.00034497373 0.00033442822 0.0003000717 0.00028601862 0.00029708722 0.00031239717 0.0003363941 0.00027377164 0.0003550293 0.00030713168 0.00034202327 0.00037079267 0.00031617156 0.0003089309 0.00035833675 0.00038722457 0.00038554313 0.00033329203 0.00031947868 0.00036459012 0.00032106347 0.00034607522 0.00030989802 0.00034707616 0.00025844024 0.00035811812 0.0003142966 0.00029534777 0.0003596013 0.00031943503 0.00029405972 0.00026704237 0.0003062478 0.00033834815 0.00033700955 0.00046212762 0.00035330956 0.00033155843 0.00028380883 0.00030217893 0.0002762913,
178,512,,,0.0062016635 0.0062016635 0.0062016635 0.0062016635 0.0062016635 0.0062016635 0.0062016635 0.0062016635 0.0062016635 0.0062016635 0.0062016635 0.0062016635 0.0062016635 0.0062016635 0.0062016635 0.0062016635 0.0062016635 0.0062016635 0.0062016635 0.0062016635 0.0062016635 0.0062016635 0.0062016635 0.0062016635 0.0062016635 0.0062016635 0.0062016635 0.0062016635 0.0062016635 0.0062016635 0.0062016635 0.0062016635 0.0062016635 0.0062016635 0.0062016635 0.0062016635 0.0062016635 0.0062016635 0.0062016635 0.0062016635 0.0062016635 0.0062016635 0.0062016635 0.0062016635 0.0062016635 0.0062016635 0.0062016635 0.0062016635 0.0062016635 0.0062016635 0.0062016635 0.0062016635 0.0062016635 0.0062016635 0.0062016635 0.0062016635 0.0062016635 0.0062016635 0.0062016635 0.0062016635 0.0062016635 0.0062016635 0.0062016635 0.0062016635 0.0062016635 0.0062016635 0.0062016635 0.0062016635 0.0062016635 0.0062016635 0.0062016635 0.0062016635 0.0062016635 0.0062016635 0.0062016635 0.0062016635 0.0062016635 0.0062016635 0.0062016635 0.0062016635 0.0062016635 0.0062016635 0.0062016635 0.0062016635 0.0062016635 0.0062016635 0.0062016635 0.0062016635 0.0062016635 0.0062016635 0.0062016635 0.0062016635 0.0062016635 0.0062016635 0.0062016635 0.0062016635 0.0062016635 0.0062016635 0.0062016635 0.0062016635 0.0062016635 0.0062016635 0.0062016635 0.0062016635 0.0062016635 0.0062016635 0.0062016635 0.0062016635 0.0062016635 0.0062016635 0.0062016635 0.0062016635 0.0062016635 0.0062016635 0.0062016635 0.0062016635 0.0062016635 0.0062016635 0.0062016635 0.0062016635 0.0062016635 0.0062016635 0.0062016635 0.0062016635 0.0062016635 0.0062016635 0.0062016635 0.0062016635 0.0062016635 0.0062016635 0.0062016635 0.0062016635 0.0062016635 0.0062016635 0.0062016635 0.0062016635 0.0062016635 0.0062016635 0.0062016635 0.0062016635 0.0062016635 0.0062016635 0.0062016635 0.0062016635 0.0062016635 0.0062016635 0.0062016635 0.0062016635 0.0062016635 0.0062016635 0.0062016635 0.0062016635 0.0062016635 0.0062016635 0.0062016635 0.0062016635 0.0062016635 0.0062016635 0.0062016635 0.0062016635 0.0062016635 0.0062016635 0.0062016635 0.0062016635 0.0062016635 0.0062016635 0.0062016635 0.0062016635 0.0062016635 0.0062016635 0.0062016635 0.0062016635 0.0062016635 0.0062016635 0.0062016635 0.0062016635 0.0062016635 0.0062016635 0.0062016635 0.0062016635 0.0062016635 0.0062016635 0.0062016635 0.0062016635 0.0062016635 0.0062016635 0.0062016635 0.0062016635 0.0062016635 0.0062016635 0.0062016635 0.0062016635 0.0062016635 0.0062016635 0.0062016635 0.0062016635 0.0062016635 0.0062016635 0.0062016635 0.0062016635 0.0062016635 0.0062016635 0.0062016635 0.0062016635 0.0062016635 0.0062016635 0.0062016635 0.0062016635 0.0062016635 0.0062016635 0.0062016635 0.0062016635 0.0062016635 0.0062016635 0.0062016635 0.0062016635 0.0062016635 0.0062016635 0.0062016635 0.0062016635 0.0062016635 0.0062016635 0.0062016635 0.0062016635 0.0062016635 0.0062016635 0.0062016635 0.0062016635 0.0062016635 0.0062016635 0.0062016635 0.0062016635 0.0062016635 0.0062016635 0.0062016635 0.0062016635 0.0062016635 0.0062016635 0.0062016635 0.0062016635 0.0062016635 0.0062016635 0.0062016635 0.0062016635 0.0062016635 0.0062016635 0.0062016635 0.0062016635 0.0062016635 0.0062016635 0.0062016635 0.0062016635 0.0062016635 0.0062016635 0.0062016635 0.0062016635 0.0062016635 0.0062016635 0.0062016635 0.0062016635 0.0062016635 0.0062016635 0.0062016635 0.0062016635 0.0062016635 0.0062016635 0.0062016635 0.0062016635 0.0062016635 0.0062016635 0.0062016635 0.0062016635 0.0062016635 0.0062016635 0.0062016635 0.0062016635 0.0062016635 0.0062016635 0.0062016635 0.0062016635 0.0062016635 0.0062016635 0.0062016635 0.0062016635 0.0062016635 0.0062016635 0.0062016635 0.0062016635 0.0062016635 0.0062016635 0.0062016635 0.0062016635 0.0062016635 0.0062016635 0.0062016635 0.0062016635 0.0062016635 0.0062016635 0.0062016635 0.0062016635 0.0062016635 0.0062016635 0.0062016635 0.0062016635 0.0062016635 0.0062016635 0.0062016635 0.0062016635 0.0062016635 0.0062016635 0.0062016635 0.0062016635 0.0062016635 0.0062016635 0.0062016635 0.0062016635 0.0062016635 0.0062016635 0.0062016635 0.0062016635 0.0062016635 0.0062016635 0.0062016635 0.0062016635 0.0062016635 0.0062016635 0.0062016635 0.0062016635 0.0062016635 0.0062016635 0.0062016635 0.0062016635 0.0062016635 0.0062016635 0.0062016635 0.0062016635 0.0062016635 0.0062016635 0.0062016635 0.0062016635 0.0062016635 0.0062016635 0.0062016635 0.0062016635 0.0062016635 0.0062016635 0.0062016635 0.0062016635 0.0062016635 0.0062016635 0.0062016635 0.0062016635 0.0062016635 0.0062016635 0.0062016635 0.0062016635 0.0062016635 0.0062016635 0.0062016635 0.0062016635 0.0062016635 0.0062016635 0.0062016635 0.0062016635 0.0062016635 0.0062016635 0.0062016635 0.0062016635 0.0062016635 0.0062016635 0.0062016635 0.0062016635 0.0062016635 0.0062016635 0.0062016635 0.0062016635 0.0062016635 0.0062016635 0.0062016635 0.0062016635 0.0062016635 0.0062016635 0.0062016635 0.0062016635 0.0062016635 0.0062016635 0.0062016635 0.0062016635 0.0062016635 0.0062016635 0.0062016635 0.0062016635 0.0062016635 0.0062016635 0.0062016635 0.0062016635 0.0062016635 0.0062016635 0.0062016635 0.0062016635 0.0062016635 0.0062016635 0.0062016635 0.0062016635 0.0062016635 0.0062016635 0.0062016635 0.0062016635 0.0062016635 0.0062016635 0.0062016635 0.0062016635 0.0062016635 0.0062016635 0.0062016635 0.0062016635 0.0062016635 0.0062016635 0.0062016635 0.0062016635 0.0062016635 0.0062016635 0.0062016635 0.0062016635 0.0062016635 0.0062016635 0.0062016635 0.0062016635 0.0062016635 0.0062016635 0.0062016635 0.0062016635 0.0062016635 0.0062016635 0.0062016635 0.0062016635 0.0062016635 0.0062016635 0.0062016635 0.0062016635 0.0062016635 0.0062016635 0.0062016635 0.0062016635 0.0062016635 0.0062016635 0.0062016635 0.0062016635 0.0062016635 0.0062016635 0.0062016635 0.0062016635 0.0062016635 0.0062016635 0.0062016635 0.0062016635 0.0062016635 0.0062016635 0.0062016635 0.0062016635 0.0062016635 0.0062016635 0.0062016635 0.0062016635 0.0062016635 0.0062016635 0.0062016635 0.0062016635 0.0062016635 0.0062016635 0.0062016635 0.0062016635 0.0062016635 0.0062016635 0.0062016635 0.0062016635 0.0062016635 0.0062016635 0.0062016635 0.0062016635 0.0062016635 0.0062016635 0.0062016635 0.0062016635 0.0062016635 0.0062016635 0.0062016635 0.0062016635 0.0062016635 0.0062016635 0.0062016635 0.0062016635 0.0062016635 0.0062016635 0.0062016635 0.0062016635 0.0062016635 0.0062016635 0.0062016635 0.0062016635 0.0062016635 0.0062016635 0.0062016635 0.0062016635 0.0062016635 0.0062016635 0.0062016635 0.0062016635 0.0062016635 0.0062016635 0.0062016635 0.0062016635,14 14 14 14 14 14 14 14 14 14 14 14 14 14 14 14 14 14 14 14 14 14 14 14 14 14 14 14 14 14 14 14 14 14 14 14 14 14 14 14 14 14 14 14 14 14 14 14 14 14 14 14 14 14 14 14 14 14 14 14 14 14 14 14 14 14 14 14 14 14 14 14 14 14 14 14 14 14 14 14 14 14 14 14 14 14 14 14 14 14 14 14 14 14 14 14 14 14 14 14 14 14 14 14 14 14 14 14 14 14 14 14 14 14 14 14 14 14 14 14 14 14 14 14 14 14 14 14 14 14 14 14 14 14 14 14 14 14 14 14 14 14 14 14 14 14 14 14 14 14 14 14 14 14 14 14 14 14 14 14 14 14 14 14 14 14 14 13 14 14 14 14 14 14 14 14 14 14 14 14 14 14 14 14 14 14 14 14 14 14 14 14 14 14 14 14 14 14 14 14 14 14 14 14 14 14 14 14 14 14 14 14 14 14 14 14 14 14 14 14 14 14 14 14 14 14 14 14 13 14 14 14 14 14 14 14 14 14 14 14 14 14 14 14 14 14 14 14 14 14 14 14 14 14 14 14 14 14 14 14 14 14 14 14 14 14 14 14 14 14 14 14 14 14 14 14 14 13 14 14 14 14 13 14 14 14 14 14 14 14 14 14 14 14 14 14 14 14 14 14 14 14 14 14 14 14 14 14 14 14 14 14 14 14 14 14 14 14 14 14 14 14 14 14 14 14 14 14 14 14 14 14 14 14 14 14 14 14 14 14 14 14 14 14 14 14 15 14 14 14 14 14 14 14 14 14 14 14 14 14 14 14 14 14 14 14 14 14 14 14 14 14 14 14 14 14 14 14 14 14 14 14 14 14 14 14 14 14 14 14 14 14 14 14 14 14 14 14 14 14 14 14 14 14 14 14 14 14 14 14 14 14 14 14 14 14 14 14 14 14 14 14 14 14 14 14 14 14 14 14 14 14 14 14 14 14 14 14 14 14 14 14 14 14 14 14 14 14 14 14 14 14 14 14 14 14 14 14 14 14 14 14 14 14 14 14 14 14 14 14 14 14 14 14 14 14 14 14 14 14 14 14 14 14 14 14 14 14 14 14 14 14 14 14 14 14 14 14 14 14 14 14 14 14 14 14 14 14 14 14 14 14
183,1x1x512x512,0.10857361 0.098685026 0.10818915 0.0935066 0.09563832 0.10187207 0.13597086 0.110225625 0.083173834 0.10363347 0.10681303 0.0853437 0.103009604 0.11985011 0.10937562 0.110139385 0.099326394 0.10103234 0.09135509 0.12014162 0.08872363 0.07679778 0.111366406 0.12529048 0.13693953 0.14253077 0.08909588 0.11622904 0.09063962 0.09018127 0.09435798 0.09788824 0.10410844 0.089748815 0.10303656 0.12034312 0.08635825 0.10521342 0.13338576 0.08324959 0.088206336 0.15832959 0.09238545 0.14038154 0.09612271 0.0953551 0.1038165 0.07920836 0.1060451 0.10780489 0.10678425 0.10785913 0.08887294 0.10254749 0.13127585 0.0988257 0.107873894 0.09078064 0.09515926 0.09939497 0.089800164 0.107815914 0.11814619 0.07372252 0.12795804 0.11308769 0.12637597 0.102860935 0.09551933 0.11661574 0.10465565 0.09742048 0.09528624 0.08678701 0.08374043 0.13026097 0.10445801 0.10226365 0.1136884 0.12805203 0.12682456 0.096006624 0.13154174 0.09096194 0.12410893 0.11657942 0.121110134 0.098618224 0.09210271 0.096040964 0.09475097 0.11967734 0.11306739 0.09023151 0.1111479 0.14364918 0.11259053 0.09508524 0.08961381 0.09324884 0.15371425 0.101515375 0.123210974 0.09226602 0.10093989 0.08966538 0.102948286 0.13020337 0.10065051 0.102225885 0.101030625 0.09607985 0.12963067 0.112632595 0.12711778 0.12871933 0.100169726 0.10913131 0.093629636 0.13436718 0.095513515 0.09617199 0.10551156 0.171668 0.11583329 0.11936798 0.11937134 0.107666954 0.13537791 0.10956252 0.088881746 0.108051814 0.12292394 0.11489415 0.1157022 0.081360534 0.091950014 0.09578755 0.11496375 0.13644254 0.11539946 0.12069177 0.10751468 0.09770684 0.09167451 0.14659008 0.08913017 0.08817252 0.08840159 0.09060326 0.08124585 0.09831216 0.11390944 0.11220639 0.09497365 0.12787943 0.109364025 0.08027355 0.082890496 0.10258315 0.12465978 0.085252434 0.12161055 0.10876109 0.10146131 0.10447361 0.110481195 0.1002634 0.07595751 0.12453571 0.1051482 0.10732132 0.10740263 0.110532865 0.09286757 0.083715335 0.10176649 0.07849774 0.097574025 0.09352292 0.09980755 0.10953189 0.11298811 0.094409265 0.08892893 0.09370922 0.12400211 0.10543062 0.13577783 0.08480527 0.10517374 0.095307216 0.09550887 0.10877473 0.093902 0.11045523 0.108586326 0.09734106 0.09522284 0.097670555 0.10467022 0.07140796 0.12159696 0.10541087 0.11915752 0.09397958 0.113160945 0.09413937 0.09138776 0.09315477 0.0870965 0.06906549 0.0763619 0.13494082 0.08610137 0.09231706 0.11879871 0.10022194 0.11591081 0.09368672 0.112863846 0.0903759 0.100125276 0.07586391 0.13625832 0.10791035 0.09222207 0.10810379 0.111551076 0.12060191 0.110109486 0.115605205 0.095604226 0.13698475 0.10640266 0.11398065 0.11605111 0.08633589 0.09898646 0.110064045 0.11708519 0.09124046 0.10889271 0.08957318 0.13593695 0.0980539 0.09857538 0.1086805 0.09491375 0.13273247 0.15524383 0.08226608 0.11593973 0.10066293 0.08762526 0.11342236 0.09340672 0.078022815 0.09226429 0.083871275 0.08774186 0.07314245 0.09042991 0.12792157 0.07680254 0.07496189 0.08592818 0.107014194 0.0881975 0.08926369 0.1080585 0.10976152 0.09258098 0.075807326 0.087247916 0.08772334 0.08087255 0.07924206 0.08549532 0.08249638 0.09936375 0.079712294 0.097353324 0.093075 0.09259775 0.09298082 0.091324694 0.09246632 0.08296728 0.08424362 0.09387438 0.09010494 0.071910165 0.08868507 0.0892715 0.08756186 0.08006594 0.089403294 0.12242679 0.10822948 0.08938107 0.07051207 0.07834644 0.10910477 0.104943 0.110616595 0.08354357 0.11213714 0.091604166 0.082011454 0.101534136 0.088443175 0.11357739 0.081750564 0.07344824 0.089391775 0.073219135 0.09443952 0.08954518 0.07830413 0.09221417 0.0844138 0.09602234 0.09488465 0.082885236 0.10976498 0.09331001 0.08524132 0.07865201 0.07917823 0.11521164 0.073354356 0.085299864 0.12280997 0.06551319 0.089431286 0.07486278 0.083221145 0.06324433 0.08666859 0.0902375 0.07974589 0.09269898 0.0722665 0.07917594 0.09062817 0.08078426 0.0984034 0.099775635 0.09097814 0.07887934 0.08882669 0.10909973 0.084771186 0.08576356 0.0649787 0.08262438 0.070230305 0.065411076 0.09494678 0.0804886 0.10048029 0.10621278 0.07663412 0.073897325 0.080362424 0.09410788 0.099317916 0.08962483 0.09465181 0.09166703 0.075611696 0.07404691 0.09169127 0.069372766 0.098705746 0.07665497 0.07764209 0.087693125 0.112563655 0.08775031 0.11438714 0.08420805 0.08479645 0.09240742 0.085829966 0.13925426 0.111191645 0.10709749 0.1092188 0.10165424 0.07821415 0.13469906 0.11445147 0.08964637 0.07986976 0.07845427 0.08516548 0.08654678 0.11038838 0.07016714 0.086651236 0.067836754 0.09640089 0.072516106 0.07400509 0.06395616 0.08585333 0.08139951 0.104309976 0.10697758 0.08025982 0.10264363 0.08199947 0.112272635 0.07509104 0.07476202 0.07897032 0.0742626 0.089956924 0.09377253 0.09902146 0.095400415 0.111123584 0.11619392 0.08845588 0.077253886 0.09441386 0.09181482 0.089125514 0.0755737 0.06559127 0.07061132 0.081499144 0.07804984 0.07599394 0.08984068 0.10365053 0.0813787 0.06818238 0.10007846 0.07422822 0.09918449 0.08458691 0.08468612 0.086521454 0.11243685 0.075533524 0.112657405 0.07623416 0.07662273 0.10380177 0.08337852 0.09127982 0.057658967 0.09169363 0.07730071 0.08527187 0.09589435 0.09160465 0.1056172 0.09502936 0.07816679 0.0942035 0.08741566 0.087424226 0.09028575 0.11113839 0.07543643 0.07548346 0.08157122 0.07191742 0.06441627 0.07961862 0.10424157 0.087259136 0.09976181 0.13687819 0.0875217 0.10230517 0.087716036 0.0812107 0.091671154 0.08480661 0.067569986 0.08379386 0.08693086 0.07617768 0.09973564 0.07938594 0.10493709 0.096569605 0.09781073 0.086441316 0.078428015 0.10065161 0.07572387 0.09713485 0.08555256 0.07709846 0.09271254 0.096758135 0.11579747 0.09185205 0.09285829 0.07699343 0.07107331 0.0676046 0.09056434 0.09060543 0.093389496 0.098080084,0.10856035 0.09867298 0.10817595 0.09349519 0.09562665 0.101859644 0.13595428 0.11021217 0.08316368 0.10362083 0.1068 0.08533329 0.10299703 0.11983548 0.109362274 0.110125944 0.09931427 0.10102001 0.09134394 0.120126955 0.0887128 0.07678841 0.111352816 0.1252752 0.13692282 0.14251336 0.089085005 0.11621486 0.090628564 0.090170264 0.09434647 0.09787629 0.10409573 0.08973786 0.10302399 0.120328434 0.086347714 0.105200574 0.13336948 0.083239436 0.08819557 0.15831028 0.09237417 0.14036442 0.09611098 0.09534346 0.103803836 0.07919869 0.106032155 0.10779173 0.106771216 0.10784597 0.0888621 0.10253498 0.13125983 0.09881364 0.10786073 0.09076956 0.095147654 0.09938284 0.089789204 0.107802756 0.11813177 0.073713526 0.12794243 0.113073885 0.12636055 0.10284838 0.095507674 0.11660151 0.104642875 0.09740859 0.09527461 0.08677642 0.08373021 0.13024507 0.104445264 0.10225117 0.11367453 0.12803641 0.12680909 0.09599491 0.13152568 0.09095084 0.124093786 0.1165652 0.12109535 0.098606184 0.09209147 0.096029244 0.09473941 0.11966273 0.11305359 0.090220496 0.11113434 0.14363164 0.11257679 0.09507363 0.08960287 0.09323745 0.1536955 0.101502985 0.12319594 0.09225476 0.10092757 0.089654446 0.10293572 0.13018747 0.10063823 0.102213405 0.101018295 0.09606812 0.12961486 0.11261885 0.12710227 0.12870362 0.1001575 0.10911799 0.093618214 0.13435078 0.09550186 0.09616025 0.10549868 0.17164704 0.11581915 0.11935341 0.11935677 0.10765382 0.1353614 0.10954916 0.0888709 0.10803863 0.122908935 0.11488013 0.11568808 0.08135061 0.09193879 0.09577586 0.11494972 0.13642588 0.115385376 0.12067704 0.10750156 0.09769491 0.09166332 0.1465722 0.08911929 0.08816175 0.088390805 0.090592206 0.08123593 0.09830016 0.113895535 0.1121927 0.09496207 0.12786381 0.109350674 0.08026375 0.082880385 0.10257062 0.12464456 0.085242026 0.12159571 0.10874782 0.10144893 0.10446086 0.11046772 0.10025116 0.07594824 0.12452051 0.10513537 0.107308224 0.10738952 0.11051938 0.092856236 0.08370511 0.10175407 0.078488156 0.09756211 0.09351151 0.09979537 0.10951852 0.11297432 0.09439774 0.08891808 0.09369779 0.123986974 0.10541775 0.13576126 0.08479492 0.10516091 0.095295586 0.09549721 0.10876146 0.09389054 0.110441744 0.10857308 0.09732918 0.095211215 0.097658634 0.10465744 0.07139925 0.12158212 0.10539801 0.11914298 0.09396811 0.11314714 0.09412788 0.09137661 0.0931434 0.08708587 0.069057055 0.07635258 0.13492435 0.086090855 0.092305794 0.11878421 0.10020971 0.11589667 0.09367529 0.11285008 0.090364866 0.10011306 0.07585466 0.13624169 0.107897185 0.09221082 0.1080906 0.111537464 0.120587185 0.11009605 0.1155911 0.09559256 0.13696803 0.10638967 0.11396674 0.116036944 0.086325355 0.09897438 0.11005061 0.1170709 0.09122933 0.108879425 0.08956225 0.13592035 0.09804194 0.09856336 0.10866724 0.09490217 0.13271627 0.15522487 0.08225604 0.11592558 0.100650646 0.08761456 0.11340851 0.09339532 0.07801329 0.09225302 0.08386104 0.08773115 0.07313352 0.090418875 0.12790596 0.076793164 0.074952744 0.0859177 0.10700113 0.08818674 0.0892528 0.10804531 0.109748125 0.09256968 0.07579808 0.08723727 0.08771263 0.080862686 0.07923239 0.085484885 0.08248631 0.09935163 0.07970257 0.09734145 0.093063645 0.09258645 0.09296947 0.09131355 0.09245504 0.082957156 0.084233336 0.09386293 0.09009394 0.07190139 0.088674255 0.0892606 0.08755117 0.08005617 0.08939238 0.12241185 0.10821627 0.08937016 0.070503466 0.07833687 0.10909145 0.10493019 0.110603094 0.08353337 0.11212345 0.09159298 0.08200144 0.101521745 0.08843239 0.11356352 0.08174059 0.07343928 0.08938087 0.073210195 0.094427995 0.08953425 0.078294575 0.09220291 0.0844035 0.09601062 0.09487307 0.082875125 0.10975158 0.09329862 0.08523091 0.078642406 0.079168566 0.115197584 0.07334541 0.085289456 0.122794986 0.0655052 0.08942037 0.07485364 0.08321099 0.06323661 0.086658016 0.09022649 0.07973616 0.09268766 0.07225768 0.07916628 0.090617105 0.080774404 0.09839139 0.09976345 0.09096704 0.078869715 0.08881585 0.10908642 0.084760845 0.08575309 0.06497076 0.082614295 0.07022173 0.06540309 0.09493519 0.08047877 0.100468025 0.106199816 0.07662476 0.0738883 0.08035261 0.09409639 0.09930579 0.08961389 0.094640255 0.09165584 0.07560247 0.07403787 0.09168008 0.069364294 0.0986937 0.07664562 0.07763261 0.08768242 0.112549916 0.087739594 0.114373185 0.08419777 0.0847861 0.09239615 0.08581949 0.13923725 0.11117807 0.107084416 0.10920547 0.101641834 0.07820461 0.13468263 0.114437506 0.089635424 0.07986001 0.0784447 0.085155085 0.08653622 0.11037491 0.07015857 0.086640656 0.06782848 0.09638912 0.072507255 0.07399606 0.063948356 0.08584285 0.08138957 0.10429725 0.10696452 0.08025003 0.1026311 0.08198947 0.11225893 0.07508188 0.0747529 0.07896069 0.07425353 0.08994594 0.09376109 0.09900937 0.09538878 0.111110024 0.116179734 0.08844508 0.07724445 0.094402336 0.09180362 0.089114636 0.075564474 0.06558326 0.07060271 0.0814892 0.07804031 0.075984664 0.08982972 0.10363788 0.08136877 0.06817406 0.100066245 0.07421916 0.09917239 0.08457659 0.08467579 0.0865109 0.11242314 0.07552431 0.11264365 0.07622486 0.07661338 0.1037891 0.08336835 0.09126868 0.05765193 0.09168244 0.07729128 0.085261464 0.095882654 0.09159347 0.10560431 0.09501777 0.078157246 0.094192006 0.08740499 0.08741356 0.09027473 0.11112482 0.07542723 0.07547425 0.08156127 0.071908645 0.06440841 0.0796089 0.10422885 0.08724848 0.09974963 0.13686149 0.087511025 0.10229268 0.08770533 0.08120079 0.09165997 0.084796265 0.06756174 0.08378364 0.086920254 0.07616838 0.09972347 0.07937625 0.104924284 0.09655782 0.097798795 0.086430766 0.07841845 0.10063933 0.075714625 0.097123 0.08554211 0.07708905 0.09270123 0.096746325 0.115783334 0.09184084 0.09284696 0.07698403 0.071064636 0.067596346 0.09055328 0.09059437 0.093378104 0.09806812,0.0008548059 0.0007769526 0.0008517791 0.0007361826 0.00075296575 0.00080204447 0.001070506 0.00086781237 0.0006548321 0.00081591203 0.0008409449 0.00067191565 0.00081100024 0.00094358646 0.0008611203 0.00086713344 0.0007820022 0.0007954331 0.0007192436 0.00094588153 0.000698526 0.0006046331 0.0008767938 0.0009864188 0.0010781324 0.0011221524 0.00070145674 0.00091507763 0.00071361073 0.0007100021 0.0007428856 0.00077067944 0.0008196514 0.00070659735 0.0008112125 0.000947468 0.00067990326 0.00082835095 0.0010501534 0.0006554286 0.0006944533 0.0012465377 0.00072735565 0.0011052317 0.00075677934 0.0007507359 0.000817353 0.00062361173 0.00083489885 0.0008487538 0.0008407182 0.00084918085 0.00069970154 0.000807362 0.001033542 0.0007780601 0.0008492971 0.0007147209 0.0007491941 0.00078254205 0.0007070016 0.0008488406 0.0009301714 0.0005804215 0.0010074207 0.00089034555 0.000994965 0.0008098298 0.00075202895 0.0009181221 0.00082395965 0.0007669968 0.0007501938 0.0006832789 0.00065929303 0.0010255518 0.00082240364 0.0008051273 0.00089507503 0.0010081608 0.0009984968 0.0007558655 0.0010356352 0.00071614835 0.0009771164 0.0009178362 0.00095350674 0.00077642663 0.0007251297 0.0007561358 0.0007459796 0.0009422262 0.00089018577 0.0007103976 0.00087507354 0.0011309577 0.00088643143 0.0007486113 0.0007055344 0.00073415315 0.0012102007 0.0007992361 0.00097004673 0.0007264154 0.0007947053 0.00070594053 0.00081051746 0.0010250981 0.00079242705 0.00080482994 0.0007954196 0.0007564419 0.0010205895 0.0008867626 0.0010008053 0.0010134144 0.00078864174 0.00085919676 0.0007371513 0.0010578801 0.00075198314 0.0007571673 0.00083069823 0.0013515515 0.0009119618 0.0009397907 0.00093981705 0.00084766786 0.0010658378 0.0008625918 0.00069977087 0.00085069786 0.0009677869 0.00090456795 0.00091092975 0.000640556 0.0007239275 0.0007541406 0.0009051159 0.0010742196 0.00090854627 0.0009502129 0.00084646896 0.00076925126 0.00072175846 0.0011541118 0.0007017267 0.000694187 0.0006959906 0.00071332447 0.000639653 0.000774017 0.00089681527 0.0008834071 0.0007477328 0.0010068016 0.0008610289 0.000631998 0.0006526015 0.0008076427 0.0009814532 0.0006711971 0.0009574465 0.000856282 0.0007988105 0.00082252646 0.00086982455 0.00078937924 0.00059801765 0.0009804765 0.0008278375 0.00084494665 0.00084558676 0.0008702313 0.00073115143 0.00065909536 0.00080121314 0.000618017 0.0007682056 0.0007363111 0.0007857903 0.0008623506 0.0008895616 0.0007432893 0.0007001424 0.00073777785 0.00097627536 0.00083006104 0.0010689863 0.00066767656 0.0008280386 0.0007503589 0.0007519466 0.00085638947 0.0007392956 0.00086962 0.00085490616 0.0007663715 0.0007496946 0.00076896563 0.0008240743 0.0005621988 0.00095733954 0.00082990556 0.0009381337 0.0007399064 0.0008909224 0.0007411644 0.0007195009 0.0007334126 0.0006857155 0.00054375635 0.00060120143 0.0010623964 0.0006778808 0.0007268173 0.00093530875 0.00078905287 0.0009125722 0.0007376007 0.0008885833 0.0007115344 0.0007882918 0.0005972808 0.0010727692 0.0008495841 0.00072606944 0.0008511071 0.0008782477 0.00094950537 0.00086689804 0.0009101661 0.0007526973 0.0010784884 0.00083771395 0.0008973759 0.00091367675 0.0006797272 0.0007793258 0.00086654024 0.0009218181 0.00071834115 0.0008573183 0.00070521457 0.001070239 0.00077198376 0.00077608944 0.00085564755 0.0007472612 0.0010450099 0.0012222431 0.0006476854 0.00091279985 0.0007925248 0.0006898784 0.00089298043 0.0007353962 0.0006142779 0.00072640175 0.00066032313 0.00069079647 0.0005758545 0.00071195967 0.0010071336 0.0006046706 0.00059017906 0.0006765173 0.0008425286 0.0006943838 0.00070277794 0.0008507505 0.00086415844 0.00072889513 0.0005968353 0.0006869076 0.00069065066 0.00063671404 0.00062387704 0.0006731093 0.0006494985 0.0007822963 0.0006275793 0.0007664681 0.0007327846 0.00072902715 0.00073204306 0.0007190043 0.0007279924 0.00065320596 0.00066325464 0.00073907815 0.0007094011 0.0005661527 0.0006982225 0.0007028394 0.0006893793 0.00063036353 0.000703877 0.0009638728 0.0008520966 0.00070370204 0.0005551454 0.00061682577 0.0008589878 0.000826222 0.0008708905 0.0006577431 0.00088286184 0.00072120456 0.00064568064 0.0007993838 0.000696318 0.000894201 0.00064362667 0.000578262 0.0007037864 0.00057645823 0.00074352755 0.00070499413 0.0006164927 0.00072600716 0.00066459447 0.0007559891 0.00074703206 0.00065256003 0.0008641857 0.0007346348 0.00067110953 0.00061923155 0.00062337454 0.0009070676 0.0005775229 0.00067157054 0.00096688967 0.00051578897 0.0007040974 0.0005893987 0.00065520464 0.0004979261 0.0006823466 0.00071044476 0.0006278438 0.00072982407 0.0005689581 0.0006233565 0.0007135205 0.0006360189 0.00077473535 0.000785539 0.0007162759 0.0006210214 0.0006993374 0.00085894816 0.0006674082 0.0006752212 0.0005115808 0.00065050623 0.000552927 0.00051498495 0.00074752123 0.00063369115 0.0007910868 0.000836219 0.0006033446 0.0005817977 0.0006326977 0.00074091647 0.0007819354 0.0007056212 0.00074519886 0.00072169956 0.00059529505 0.0005829754 0.00072189036 0.0005461755 0.00077711575 0.00060350884 0.00061128044 0.00069041277 0.0008862198 0.00069086294 0.00090057624 0.00066297455 0.0006676071 0.0007275287 0.000675744 0.0010963563 0.0008754179 0.00084318436 0.0008598856 0.0008003294 0.0006157843 0.001060493 0.0009010827 0.00070579076 0.000628819 0.0006176748 0.0006705125 0.00068138755 0.0008690938 0.0005524297 0.0006822099 0.0005340825 0.00075896946 0.00057092326 0.0005826461 0.0005035304 0.00067592796 0.00064086274 0.0008212382 0.00084224035 0.00063189 0.0008081189 0.00064558635 0.0008839286 0.0005911959 0.0005886055 0.0006217377 0.0005846735 0.0007082358 0.0007382763 0.00077960134 0.00075109274 0.0008748821 0.0009148011 0.000696418 0.000608224 0.00074332545 0.00072286313 0.00070169003 0.00059499586 0.00051640364 0.0005559268 0.0006416472 0.00061449065 0.00059830444 0.00070732064 0.0008160463 0.00064069894 0.0005368036 0.00078792317 0.0005844028 0.000780885 0.0006659574 0.0006667385 0.0006811882 0.0008852215 0.0005946796 0.00088695786 0.0006001958 0.000603255 0.000817237 0.0006564437 0.00071865105 0.0004539522 0.000721909 0.00060859276 0.0006713501 0.00075498153 0.0007212084 0.00083153 0.0007481714 0.0006154114 0.0007416693 0.00068822823 0.0006882957 0.0007108246 0.0008749986 0.0005939152 0.00059428543 0.0006422147 0.0005662098 0.0005071528 0.00062684173 0.00082069956 0.0006869959 0.0007854302 0.0010776495 0.00068906316 0.00080545415 0.00069059315 0.00063937635 0.00072173204 0.0006676871 0.00053198216 0.0006597137 0.00068441144 0.000599751 0.0007852242 0.0006250098 0.00082617544 0.00076029776 0.00077006925 0.0006805572 0.0006174681 0.00079243566 0.0005961782 0.000764748 0.00067355996 0.0006070004 0.00072993094 0.0007617821 0.0009116798 0.0007231562 0.00073107844 0.0006061735 0.00055956404 0.0005322547 0.000713018 0.0007133415 0.00073526066 0.00077218993,
184,512,,,0.0062016635 0.0062016635 0.0062016635 0.0062016635 0.0062016635 0.0062016635 0.0062016635 0.0062016635 0.0062016635 0.0062016635 0.0062016635 0.0062016635 0.0062016635 0.0062016635 0.0062016635 0.0062016635 0.0062016635 0.0062016635 0.0062016635 0.0062016635 0.0062016635 0.0062016635 0.0062016635 0.0062016635 0.0062016635 0.0062016635 0.0062016635 0.0062016635 0.0062016635 0.0062016635 0.0062016635 0.0062016635 0.0062016635 0.0062016635 0.0062016635 0.0062016635 0.0062016635 0.0062016635 0.0062016635 0.0062016635 0.0062016635 0.0062016635 0.0062016635 0.0062016635 0.0062016635 0.0062016635 0.0062016635 0.0062016635 0.0062016635 0.0062016635 0.0062016635 0.0062016635 0.0062016635 0.0062016635 0.0062016635 0.0062016635 0.0062016635 0.0062016635 0.0062016635 0.0062016635 0.0062016635 0.0062016635 0.0062016635 0.0062016635 0.0062016635 0.0062016635 0.0062016635 0.0062016635 0.0062016635 0.0062016635 0.0062016635 0.0062016635 0.0062016635 0.0062016635 0.0062016635 0.0062016635 0.0062016635 0.0062016635 0.0062016635 0.0062016635 0.0062016635 0.0062016635 0.0062016635 0.0062016635 0.0062016635 0.0062016635 0.0062016635 0.0062016635 0.0062016635 0.0062016635 0.0062016635 0.0062016635 0.0062016635 0.0062016635 0.0062016635 0.0062016635 0.0062016635 0.0062016635 0.0062016635 0.0062016635 0.0062016635 0.0062016635 0.0062016635 0.0062016635 0.0062016635 0.0062016635 0.0062016635 0.0062016635 0.0062016635 0.0062016635 0.0062016635 0.0062016635 0.0062016635 0.0062016635 0.0062016635 0.0062016635 0.0062016635 0.0062016635 0.0062016635 0.0062016635 0.0062016635 0.0062016635 0.0062016635 0.0062016635 0.0062016635 0.0062016635 0.0062016635 0.0062016635 0.0062016635 0.0062016635 0.0062016635 0.0062016635 0.0062016635 0.0062016635 0.0062016635 0.0062016635 0.0062016635 0.0062016635 0.0062016635 0.0062016635 0.0062016635 0.0062016635 0.0062016635 0.0062016635 0.0062016635 0.0062016635 0.0062016635 0.0062016635 0.0062016635 0.0062016635 0.0062016635 0.0062016635 0.0062016635 0.0062016635 0.0062016635 0.0062016635 0.0062016635 0.0062016635 0.0062016635 0.0062016635 0.0062016635 0.0062016635 0.0062016635 0.0062016635 0.0062016635 0.0062016635 0.0062016635 0.0062016635 0.0062016635 0.0062016635 0.0062016635 0.0062016635 0.0062016635 0.0062016635 0.0062016635 0.0062016635 0.0062016635 0.0062016635 0.0062016635 0.0062016635 0.0062016635 0.0062016635 0.0062016635 0.0062016635 0.0062016635 0.0062016635 0.0062016635 0.0062016635 0.0062016635 0.0062016635 0.0062016635 0.0062016635 0.0062016635 0.0062016635 0.0062016635 0.0062016635 0.0062016635 0.0062016635 0.0062016635 0.0062016635 0.0062016635 0.0062016635 0.0062016635 0.0062016635 0.0062016635 0.0062016635 0.0062016635 0.0062016635 0.0062016635 0.0062016635 0.0062016635 0.0062016635 0.0062016635 0.0062016635 0.0062016635 0.0062016635 0.0062016635 0.0062016635 0.0062016635 0.0062016635 0.0062016635 0.0062016635 0.0062016635 0.0062016635 0.0062016635 0.0062016635 0.0062016635 0.0062016635 0.0062016635 0.0062016635 0.0062016635 0.0062016635 0.0062016635 0.0062016635 0.0062016635 0.0062016635 0.0062016635 0.0062016635 0.0062016635 0.0062016635 0.0062016635 0.0062016635 0.0062016635 0.0062016635 0.0062016635 0.0062016635 0.0062016635 0.0062016635 0.0062016635 0.0062016635 0.0062016635 0.0062016635 0.0062016635 0.0062016635 0.0062016635 0.0062016635 0.0062016635 0.0062016635 0.0062016635 0.0062016635 0.0062016635 0.0062016635 0.0062016635 0.0062016635 0.0062016635 0.0062016635 0.0062016635 0.0062016635 0.0062016635 0.0062016635 0.0062016635 0.0062016635 0.0062016635 0.0062016635 0.0062016635 0.0062016635 0.0062016635 0.0062016635 0.0062016635 0.0062016635 0.0062016635 0.0062016635 0.0062016635 0.0062016635 0.0062016635 0.0062016635 0.0062016635 0.0062016635 0.0062016635 0.0062016635 0.0062016635 0.0062016635 0.0062016635 0.0062016635 0.0062016635 0.0062016635 0.0062016635 0.0062016635 0.0062016635 0.0062016635 0.0062016635 0.0062016635 0.0062016635 0.0062016635 0.0062016635 0.0062016635 0.0062016635 0.0062016635 0.0062016635 0.0062016635 0.0062016635 0.0062016635 0.0062016635 0.0062016635 0.0062016635 0.0062016635 0.0062016635 0.0062016635 0.0062016635 0.0062016635 0.0062016635 0.0062016635 0.0062016635 0.0062016635 0.0062016635 0.0062016635 0.0062016635 0.0062016635 0.0062016635 0.0062016635 0.0062016635 0.0062016635 0.0062016635 0.0062016635 0.0062016635 0.0062016635 0.0062016635 0.0062016635 0.0062016635 0.0062016635 0.0062016635 0.0062016635 0.0062016635 0.0062016635 0.0062016635 0.0062016635 0.0062016635 0.0062016635 0.0062016635 0.0062016635 0.0062016635 0.0062016635 0.0062016635 0.0062016635 0.0062016635 0.0062016635 0.0062016635 0.0062016635 0.0062016635 0.0062016635 0.0062016635 0.0062016635 0.0062016635 0.0062016635 0.0062016635 0.0062016635 0.0062016635 0.0062016635 0.0062016635 0.0062016635 0.0062016635 0.0062016635 0.0062016635 0.0062016635 0.0062016635 0.0062016635 0.0062016635 0.0062016635 0.0062016635 0.0062016635 0.0062016635 0.0062016635 0.0062016635 0.0062016635 0.0062016635 0.0062016635 0.0062016635 0.0062016635 0.0062016635 0.0062016635 0.0062016635 0.0062016635 0.0062016635 0.0062016635 0.0062016635 0.0062016635 0.0062016635 0.0062016635 0.0062016635 0.0062016635 0.0062016635 0.0062016635 0.0062016635 0.0062016635 0.0062016635 0.0062016635 0.0062016635 0.0062016635 0.0062016635 0.0062016635 0.0062016635 0.0062016635 0.0062016635 0.0062016635 0.0062016635 0.0062016635 0.0062016635 0.0062016635 0.0062016635 0.0062016635 0.0062016635 0.0062016635 0.0062016635 0.0062016635 0.0062016635 0.0062016635 0.0062016635 0.0062016635 0.0062016635 0.0062016635 0.0062016635 0.0062016635 0.0062016635 0.0062016635 0.0062016635 0.0062016635 0.0062016635 0.0062016635 0.0062016635 0.0062016635 0.0062016635 0.0062016635 0.0062016635 0.0062016635 0.0062016635 0.0062016635 0.0062016635 0.0062016635 0.0062016635 0.0062016635 0.0062016635 0.0062016635 0.0062016635 0.0062016635 0.0062016635 0.0062016635 0.0062016635 0.0062016635 0.0062016635 0.0062016635 0.0062016635 0.0062016635 0.0062016635 0.0062016635 0.0062016635 0.0062016635 0.0062016635 0.0062016635 0.0062016635 0.0062016635 0.0062016635 0.0062016635 0.0062016635 0.0062016635 0.0062016635 0.0062016635 0.0062016635 0.0062016635 0.0062016635 0.0062016635 0.0062016635 0.0062016635 0.0062016635 0.0062016635 0.0062016635 0.0062016635 0.0062016635 0.0062016635 0.0062016635 0.0062016635 0.0062016635 0.0062016635 0.0062016635 0.0062016635 0.0062016635 0.0062016635 0.0062016635 0.0062016635 0.0062016635 0.0062016635 0.0062016635 0.0062016635 0.0062016635 0.0062016635 0.0062016635 0.0062016635 0.0062016635 0.0062016635 0.0062016635 0.0062016635 0.0062016635 0.0062016635,14 14 14 14 14 14 13 14 14 14 14 14 14 14 14 14 14 14 14 14 14 14 14 13 13 13 14 14 14 14 14 14 14 14 14 14 14 14 13 14 14 13 14 13 14 14 14 14 14 14 14 14 14 14 13 14 14 14 14 14 14 14 14 14 13 14 13 14 14 14 14 14 14 14 14 13 14 14 14 13 13 14 13 14 13 14 14 14 14 14 14 14 14 14 14 13 14 14 14 14 13 14 14 14 14 14 14 13 14 14 14 14 13 14 13 13 14 14 14 13 14 14 14 13 14 14 14 14 13 14 14 14 14 14 14 14 14 14 14 13 14 14 14 14 14 13 14 14 14 14 14 14 14 14 14 13 14 14 14 14 13 14 14 14 14 14 14 14 14 13 14 14 14 14 14 14 14 14 14 14 14 14 14 14 14 14 13 14 13 14 14 14 14 14 14 14 14 14 14 14 14 14 14 14 14 14 14 14 14 14 14 14 14 13 14 14 14 14 14 14 14 14 14 14 13 14 14 14 14 14 14 14 14 13 14 14 14 14 14 14 14 14 14 14 13 14 14 14 14 13 13 14 14 14 14 14 14 14 14 14 14 14 14 13 14 14 14 14 14 14 14 14 14 14 14 14 14 14 14 14 14 14 14 14 14 14 14 14 14 14 14 14 14 14 14 14 14 14 14 14 14 14 14 14 14 14 14 14 14 14 14 14 14 14 14 14 14 14 14 14 14 14 14 14 14 14 14 14 14 14 14 14 14 14 14 14 14 14 14 14 14 14 14 14 14 14 14 14 14 14 14 14 14 14 14 14 14 14 14 14 14 14 14 14 14 14 14 14 14 14 14 14 14 14 14 14 14 14 14 14 14 14 14 14 14 14 13 14 14 14 14 14 13 14 14 14 14 14 14 14 14 14 14 14 14 14 14 14 14 14 14 14 14 14 14 14 14 14 14 14 14 14 14 14 14 14 14 14 14 14 14 14 14 14 14 14 14 14 14 14 14 14 14 14 14 14 14 14 14 14 14 14 14 14 15 14 14 14 14 14 14 14 14 14 14 14 14 14 14 14 14 14 14 14 14 14 14 13 14 14 14 14 14 14 14 14 14 14 14 14 14 14 14 14 14 14 14 14 14 14 14 14 14 14 14 14 14 14 14 14 14 14
193,1x1x256x128,0.11317229 0.13980843 0.1413677 0.16268142 0.1293009 0.13336506 0.16241863 0.17250259 0.13934474 0.17492491 0.1523148 0.13024026 0.08866579 0.15010518 0.12519227 0.11207845 0.17623936 0.15055251 0.21998575 0.18194216 0.16900672 0.16146854 0.1598456 0.13723616 0.1207357 0.13280714 0.1306662 0.13719875 0.110513076 0.097646646 0.11330105 0.12385949 0.15487798 0.12630256 0.19148871 0.18029964 0.15746887 0.109019645 0.15438652 0.12533876 0.12388773 0.1500951 0.14576751 0.114852525 0.16091004 0.14415072 0.11085774 0.15218054 0.12490752 0.15563053 0.14057593 0.12648642 0.13360739 0.13276799 0.1269318 0.15631342 0.1499244 0.16695702 0.15751962 0.116284564 0.12952735 0.15900527 0.17463076 0.14330378 0.11919571 0.14545575 0.15376978 0.15256028 0.15591402 0.18228413 0.16868626 0.16746517 0.13960494 0.12366941 0.15477225 0.11976341 0.120463125 0.14039876 0.14967914 0.15500233 0.1402425 0.12006041 0.14988048 0.12265226 0.1469617 0.17647336 0.13479209 0.13719966 0.17052506 0.18509905 0.13449906 0.13819106 0.11676967 0.12798922 0.10874251 0.14904408 0.12335459 0.19591649 0.13673551 0.14546552 0.09184854 0.13893692 0.11787307 0.18328778 0.10735769 0.11198976 0.14830749 0.1571296 0.1296556 0.13112514 0.16274203 0.18379772 0.10865035 0.11708424 0.1772588 0.14734764 0.13699226 0.14401889 0.14295004 0.13675705 0.17591129 0.17223077 0.11543184 0.13013761 0.12743694 0.13150609 0.13986368 0.16386165,0.11315848 0.13979137 0.14135045 0.16266155 0.12928513 0.13334878 0.16239882 0.17248154 0.13932773 0.17490357 0.1522962 0.13022438 0.088654965 0.15008685 0.12517698 0.11206477 0.17621784 0.15053414 0.21995892 0.18191996 0.1689861 0.16144882 0.1598261 0.13721941 0.12072097 0.13279094 0.13065025 0.13718201 0.11049959 0.097634725 0.113287225 0.12384437 0.15485907 0.12628713 0.19146533 0.18027765 0.15744966 0.109006345 0.15436767 0.12532347 0.12387261 0.15007678 0.14574972 0.1148385 0.1608904 0.14413314 0.11084421 0.15216196 0.12489228 0.15561154 0.14055876 0.12647098 0.13359109 0.13275178 0.12691632 0.15629435 0.1499061 0.16693664 0.1575004 0.11627038 0.12951154 0.15898585 0.17460945 0.1432863 0.119181156 0.14543799 0.153751 0.15254165 0.155895 0.18226188 0.16866568 0.16744474 0.1395879 0.12365432 0.15475337 0.1197488 0.120448425 0.14038162 0.14966087 0.1549834 0.1402254 0.12004576 0.1498622 0.122637294 0.14694378 0.17645182 0.13477564 0.13718292 0.17050426 0.18507646 0.13448265 0.13817419 0.116755426 0.1279736 0.10872924 0.1490259 0.12333954 0.19589259 0.13671882 0.14544776 0.091837324 0.13891996 0.117858686 0.18326542 0.10734459 0.11197609 0.1482894 0.15711042 0.12963977 0.13110913 0.16272217 0.18377528 0.108637094 0.11706995 0.17723718 0.14732966 0.13697554 0.14400132 0.1429326 0.13674036 0.17588983 0.17220975 0.11541775 0.13012172 0.1274214 0.13149004 0.13984661 0.16384165,0.0008910117 0.0011007194 0.0011129957 0.0012807996 0.0010179931 0.0010499904 0.0012787308 0.0013581223 0.0010970688 0.0013771935 0.0011991827 0.0010253888 0.00069807057 0.0011817862 0.0009856456 0.0008823998 0.001387542 0.0011853082 0.00173196 0.0014324406 0.0013305992 0.0012712505 0.0012584733 0.0010804678 0.0009505588 0.001045598 0.0010287422 0.0010801733 0.00087007554 0.0007687774 0.0008920254 0.00097515254 0.0012193627 0.0009943868 0.001507601 0.0014195091 0.0012397611 0.00085831765 0.0012154934 0.000986799 0.0009753749 0.0011817069 0.0011476356 0.0009042402 0.0012668535 0.0011349065 0.00087278907 0.0011981257 0.0009834038 0.0012252878 0.001106762 0.0009958345 0.0010518983 0.0010452896 0.0009993411 0.0012306641 0.001180363 0.0013144617 0.0012401607 0.00091551477 0.0010197759 0.0012518571 0.0013748775 0.0011282386 0.0009384343 0.001145181 0.0012106379 0.0012011153 0.0012275196 0.0014351329 0.0013280762 0.0013184625 0.0010991173 0.0009736561 0.0012185305 0.0009429039 0.0009484128 0.0011053671 0.001178432 0.0012203418 0.0011041369 0.0009452422 0.0011800174 0.000965648 0.0011570376 0.0013893844 0.0010612255 0.0010801805 0.0013425532 0.0014572949 0.0010589185 0.0010879857 0.00091933407 0.0010076661 0.0008561358 0.0011734323 0.0009711775 0.0015424613 0.0010765261 0.001145258 0.00072312856 0.001093858 0.00092802115 0.0014430347 0.000845233 0.0008817015 0.0011676331 0.00123709 0.0010207857 0.0010323554 0.0012812769 0.0014470494 0.0008554102 0.0009218106 0.0013955684 0.001160076 0.0010785476 0.0011338687 0.0011254535 0.0010766957 0.0013849593 0.0013559823 0.00090880116 0.0010245804 0.0010033181 0.0010353546 0.0011011544 0.0012900918,
194,128,,,0.005168222 0.005168222 0.005168222 0.005168222 0.005168222 0.005168222 0.005168222 0.005168222 0.005168222 0.005168222 0.005168222 0.005168222 0.005168222 0.005168222 0.005168222 0.005168222 0.005168222 0.005168222 0.005168222 0.005168222 0.005168222 0.005168222 0.005168222 0.005168222 0.005168222 0.005168222 0.005168222 0.005168222 0.005168222 0.005168222 0.005168222 0.005168222 0.005168222 0.005168222 0.005168222 0.005168222 0.005168222 0.005168222 0.005168222 0.005168222 0.005168222 0.005168222 0.005168222 0.005168222 0.005168222 0.005168222 0.005168222 0.005168222 0.005168222 0.005168222 0.005168222 0.005168222 0.005168222 0.005168222 0.005168222 0.005168222 0.005168222 0.005168222 0.005168222 0.005168222 0.005168222 0.005168222 0.005168222 0.005168222 0.005168222 0.005168222 0.005168222 0.005168222 0.005168222 0.005168222 0.005168222 0.005168222 0.005168222 0.005168222 0.005168222 0.005168222 0.005168222 0.005168222 0.005168222 0.005168222 0.005168222 0.005168222 0.005168222 0.005168222 0.005168222 0.005168222 0.005168222 0.005168222 0.005168222 0.005168222 0.005168222 0.005168222 0.005168222 0.005168222 0.005168222 0.005168222 0.005168222 0.005168222 0.005168222 0.005168222 0.005168222 0.005168222 0.005168222 0.005168222 0.005168222 0.005168222 0.005168222 0.005168222 0.005168222 0.005168222 0.005168222 0.005168222 0.005168222 0.005168222 0.005168222 0.005168222 0.005168222 0.005168222 0.005168222 0.005168222 0.005168222 0.005168222 0.005168222 0.005168222 0.005168222 0.005168222 0.005168222 0.005168222,15 14 14 14 14 14 14 14 14 14 14 14 15 14 14 15 14 14 14 14 14 14 14 14 15 14 14 14 15 15 15 14 14 14 14 14 14 15 14 14 14 14 14 15 14 14 15 14 14 14 14 14 14 14 14 14 14 14 14 15 14 14 14 14 15 14 14 14 14 14 14 14 14 15 14 15 15 14 14 14 14 15 14 15 14 14 14 14 14 14 14 14 15 14 15 14 15 14 14 14 15 14 15 14 15 15 14 14 14 14 14 14 15 15 14 14 14 14 14 14 14 14 15 14 14 14 14 14
199,3x3x128x128,0.1270923 0.1362663 0.10723259 0.12072884 0.12000472 0.099554025 0.08804497 0.090275146 0.11155034 0.08798185 0.06801534 0.118595146 0.11522595 0.08485391 0.09928841 0.15637521 0.08395372 0.09856191 0.108797565 0.10360162 0.13638175 0.09828927 0.10734673 0.10320775 0.11591755 0.12208284 0.0666914 0.080474384 0.06318582 0.09182937 0.09288517 0.08867159 0.106924 0.108622916 0.09960592 0.092318125 0.14042933 0.08009273 0.09469246 0.122001626 0.10190682 0.084417254 0.06297089 0.11287233 0.07612166 0.104931116 0.08622756 0.110416785 0.095164895 0.10532924 0.09221977 0.09669624 0.09337616 0.07947121 0.10579678 0.11992524 0.12280139 0.09218223 0.072693266 0.09814555 0.09247035 0.14858444 0.11988921 0.09095595 0.07561833 0.12627004 0.11076742 0.08989394 0.08191343 0.09286789 0.15905933 0.08904016 0.09254386 0.08498673 0.083175585 0.09997804 0.099053316 0.10099549 0.08190848 0.09060056 0.10058775 0.12979662 0.13912322 0.15221152 0.08732509 0.13023609 0.09106043 0.082970984 0.090036266 0.09696863 0.08985485 0.09265156 0.09945786 0.081152916 0.08486526 0.1220177 0.095346205 0.08268929 0.11848653 0.0869203 0.118026026 0.070968024 0.07525639 0.086844444 0.10936554 0.12326979 0.133662 0.17548576 0.10360022 0.10629643 0.12071583 0.08857089 0.09482123 0.08289728 0.08531647 0.091112465 0.087811604 0.1108019 0.10079427 0.09293764 0.10795295 0.09225206 0.0748558 0.10884533 0.10220115 0.094777875 0.07415739 0.08712516,0.12707679 0.13624968 0.1072195 0.12071411 0.11999008 0.09954188 0.08803423 0.090264134 0.11153673 0.08797111 0.06800704 0.11858068 0.11521188 0.08484355 0.09927629 0.15635614 0.08394348 0.09854988 0.10878429 0.103588976 0.1363651 0.09827728 0.10733362 0.10319516 0.11590341 0.12206794 0.066683255 0.080464564 0.06317811 0.09181816 0.09287383 0.08866076 0.106910944 0.10860966 0.099593766 0.09230686 0.1404122 0.08008295 0.094680905 0.12198673 0.101894386 0.08440695 0.0629632 0.112858556 0.07611237 0.10491831 0.08621703 0.110403314 0.09515328 0.10531638 0.09220852 0.09668444 0.09336477 0.079461515 0.105783865 0.1199106 0.1227864 0.092170976 0.0726844 0.09813358 0.09245907 0.1485663 0.119874574 0.09094485 0.0756091 0.12625463 0.110753894 0.08988296 0.081903435 0.092856556 0.15903993 0.08902929 0.09253257 0.08497636 0.08316543 0.09996584 0.09904122 0.10098316 0.08189849 0.0905895 0.10057548 0.12978078 0.13910623 0.15219295 0.08731443 0.1302202 0.09104932 0.08296086 0.090025276 0.09695679 0.089843884 0.09264026 0.09944572 0.08114301 0.0848549 0.12200281 0.09533457 0.0826792 0.11847207 0.08690969 0.118011616 0.07095936 0.07524721 0.08683385 0.10935219 0.123254746 0.1336457 0.17546435 0.103587575 0.106283456 0.12070109 0.08856008 0.09480966 0.082887165 0.085306056 0.09110134 0.08780088 0.110788375 0.10078197 0.09292629 0.10793977 0.0922408 0.07484666 0.10883205 0.10218868 0.094766304 0.07414834 0.08711453,0.0010006046 0.0010728322 0.00084424805 0.00095050485 0.00094480376 0.0007837943 0.00069318287 0.0007107412 0.00087824196 0.00069268595 0.0005354885 0.0009337061 0.0009071802 0.00066805945 0.00078170304 0.0012311507 0.00066097226 0.0007759833 0.0008565692 0.0008156612 0.001073741 0.00077383686 0.00084514666 0.0008125603 0.0009126252 0.0009611649 0.000525065 0.0006335793 0.00049746543 0.0007229776 0.00073128997 0.00069811626 0.00084181846 0.0008551942 0.0007842029 0.0007268257 0.0011056078 0.0006305744 0.00074551895 0.0009605255 0.000802318 0.00066462165 0.0004957733 0.0008886501 0.00059931 0.0008261284 0.00067887426 0.00086931745 0.0007492384 0.00082926283 0.00072605134 0.0007612948 0.00073515566 0.00062568125 0.0008329438 0.0009441779 0.0009668221 0.0007257557 0.0005723181 0.00077270536 0.00072802417 0.0011698134 0.00094389427 0.00071610115 0.00059534726 0.000994131 0.0008720779 0.00070773985 0.0006449089 0.000731154 0.0012522829 0.000701018 0.00072860287 0.0006691052 0.0006548459 0.0007871326 0.00077985215 0.00079514296 0.00064487 0.00071330316 0.00079193286 0.0010218959 0.0010953246 0.0011983697 0.0006875152 0.0010253559 0.0007169238 0.0006532351 0.00070886046 0.0007634393 0.00070743216 0.00072945084 0.00078303716 0.00063892134 0.0006681488 0.0009606521 0.0007506659 0.0006510173 0.00093285093 0.00068432826 0.00092922535 0.0005587351 0.00059249776 0.0006837311 0.00086104084 0.00097050983 0.0010523284 0.001381609 0.0008156502 0.0008368776 0.0009504023 0.00069732347 0.00074653275 0.00065265485 0.0006717012 0.0007173334 0.00069134554 0.0008723494 0.00079355884 0.0007317031 0.00084991945 0.00072630553 0.0005893438 0.00085694523 0.00080463523 0.00074619136 0.0005838452 0.00068594114,
200,128,,,0.005168222 0.005168222 0.005168222 0.005168222 0.005168222 0.005168222 0.005168222 0.005168222 0.005168222 0.005168222 0.005168222 0.005168222 0.005168222 0.005168222 0.005168222 0.005168222 0.005168222 0.005168222 0.005168222 0.005168222 0.005168222 0.005168222 0.005168222 0.005168222 0.005168222 0.005168222 0.005168222 0.005168222 0.005168222 0.005168222 0.005168222 0.005168222 0.005168222 0.005168222 0.005168222 0.005168222 0.005168222 0.005168222 0.005168222 0.005168222 0.005168222 0.005168222 0.005168222 0.005168222 0.005168222 0.005168222 0.005168222 0.005168222 0.005168222 0.005168222 0.005168222 0.005168222 0.005168222 0.005168222 0.005168222 0.005168222 0.005168222 0.005168222 0.005168222 0.005168222 0.005168222 0.005168222 0.005168222 0.005168222 0.005168222 0.005168222 0.005168222 0.005168222 0.005168222 0.005168222 0.005168222 0.005168222 0.005168222 0.005168222 0.005168222 0.005168222 0.005168222 0.005168222 0.005168222 0.005168222 0.005168222 0.005168222 0.005168222 0.005168222 0.005168222 0.005168222 0.005168222 0.005168222 0.005168222 0.005168222 0.005168222 0.005168222 0.005168222 0.005168222 0.005168222 0.005168222 0.005168222 0.005168222 0.005168222 0.005168222 0.005168222 0.005168222 0.005168222 0.005168222 0.005168222 0.005168222 0.005168222 0.005168222 0.005168222 0.005168222 0.005168222 0.005168222 0.005168222 0.005168222 0.005168222 0.005168222 0.005168222 0.005168222 0.005168222 0.005168222 0.005168222 0.005168222 0.005168222 0.005168222 0.005168222 0.005168222 0.005168222 0.005168222,14 14 15 15 15 15 15 15 15 15 15 15 15 15 15 14 15 15 15 15 14 15 15 15 15 15 15 15 15 15 15 15 15 15 15 15 14 15 15 15 15 15 15 15 15 15 15 15 15 15 15 15 15 15 15 15 15 15 15 15 15 14 15 15 15 14 15 15 15 15 14 15 15 15 15 15 15 15 15 15 15 14 14 14 15 14 15 15 15 15 15 15 15 15 15 15 15 15 15 15 15 15 15 15 15 15 14 14 15 15 15 15 15 15 15 15 15 15 15 15 15 15 15 15 15 15 15 15
205,3x3x128x128,0.06803282 0.07045094 0.052982096 0.059837714 0.07251302 0.059534676 0.06582028 0.09300286 0.06424864 0.084189504 0.08904693 0.07079647 0.066818856 0.05735714 0.06451636 0.07513168 0.06742435 0.05610635 0.075389035 0.06612295 0.05613805 0.12308765 0.057779945 0.08546715 0.068753175 0.0629496 0.08006461 0.07182705 0.06634151 0.073359795 0.082550235 0.07407111 0.062418748 0.0617336 0.064191185 0.072516456 0.06155066 0.07775192 0.081304565 0.07035921 0.062188085 0.06475302 0.050180193 0.076348126 0.07197284 0.06409215 0.058174293 0.08745019 0.0621374 0.057156034 0.07409506 0.07814815 0.113732204 0.08195073 0.06488139 0.059986778 0.072784886 0.07056408 0.06677297 0.06724557 0.053255416 0.06378338 0.06394725 0.07655083 0.088917084 0.05986333 0.0565809 0.054955117 0.06405326 0.059993934 0.068712294 0.07193814 0.10239437 0.06824404 0.073809326 0.06963434 0.05121281 0.0703618 0.061389558 0.0850472 0.09669101 0.054604724 0.07134303 0.06828211 0.06442606 0.08146491 0.06779923 0.07194134 0.07105655 0.0916507 0.06822194 0.06426228 0.079747066 0.0746016 0.055047758 0.07627063 0.06278231 0.08876517 0.07110516 0.06152831 0.058795594 0.05985369 0.059548512 0.05731791 0.066939935 0.11888575 0.05403729 0.10524007 0.060640026 0.066420406 0.056006093 0.06579993 0.06513989 0.09099812 0.08219147 0.06864871 0.0758344 0.07023712 0.06499066 0.06223953 0.06575539 0.0917799 0.07549049 0.057988256 0.067954056 0.09091205 0.06237581 0.067613155,0.068024516 0.07044234 0.052975632 0.05983041 0.07250417 0.05952741 0.065812245 0.09299151 0.06424079 0.08417923 0.08903607 0.07078783 0.0668107 0.05735014 0.06450848 0.07512251 0.06741612 0.056099504 0.07537983 0.06611488 0.0561312 0.12307263 0.057772893 0.08545672 0.068744786 0.06294192 0.080054834 0.071818285 0.06633342 0.07335085 0.08254016 0.074062064 0.06241113 0.061726063 0.06418335 0.072507605 0.061543144 0.077742435 0.08129464 0.07035062 0.062180493 0.06474512 0.05017407 0.07633881 0.071964055 0.06408433 0.058167193 0.087439515 0.062129818 0.057149056 0.074086025 0.07813861 0.11371832 0.081940725 0.06487347 0.059979457 0.072776005 0.07055546 0.066764824 0.06723736 0.05324892 0.06377559 0.063939445 0.07654148 0.08890623 0.059856024 0.056574 0.05494841 0.064045444 0.05998661 0.06870391 0.07192936 0.10238188 0.06823571 0.07380032 0.06962585 0.051206563 0.07035322 0.061382066 0.08503682 0.09667921 0.05459806 0.071334325 0.068273775 0.06441819 0.08145496 0.06779096 0.071932554 0.07104788 0.09163952 0.06821361 0.06425444 0.07973733 0.07459249 0.055041037 0.07626132 0.06277464 0.08875433 0.07109649 0.061520804 0.05878842 0.059846386 0.059541244 0.057310916 0.06693176 0.118871234 0.054030694 0.105227225 0.060632627 0.0664123 0.055999257 0.0657919 0.06513194 0.09098702 0.08218143 0.06864033 0.07582515 0.07022855 0.064982735 0.062231936 0.065747365 0.0917687 0.07548128 0.057981182 0.06794576 0.09090096 0.062368196 0.06760491,0.00053562614 0.0005546641 0.00041713097 0.00047110557 0.000570899 0.00046871975 0.0005182067 0.0007322166 0.000505833 0.00066282856 0.0007010714 0.0005573845 0.0005260685 0.0004515759 0.00050794083 0.00059151585 0.0005308356 0.0004417284 0.000593542 0.0005205896 0.00044197796 0.00096907583 0.0004549047 0.00067288755 0.00054129754 0.00049560564 0.00063035305 0.0005654983 0.0005223104 0.00057756575 0.0006499225 0.00058316585 0.0004914262 0.000486032 0.0005053807 0.000570926 0.0004845917 0.0006121452 0.0006401153 0.0005539419 0.0004896102 0.0005098041 0.0003950714 0.000601093 0.0005666461 0.000504601 0.0004580094 0.0006885001 0.0004892112 0.00044999257 0.00058335456 0.00061526464 0.00089541986 0.0006452026 0.0005108147 0.00047227918 0.0005730394 0.0005555548 0.00052570726 0.00052942807 0.00041928282 0.00050217 0.0005034602 0.0006026889 0.00070004904 0.00047130728 0.00044546454 0.00043266464 0.0005042948 0.00047233552 0.0005409757 0.0005663729 0.0008061565 0.0005372891 0.0005811049 0.000548235 0.0004032013 0.00055396237 0.00048332335 0.0006695813 0.00076125364 0.00042990598 0.0005616876 0.0005375888 0.0005072298 0.00064137764 0.0005337871 0.0005663981 0.00055943214 0.00072157104 0.00053711503 0.00050594046 0.000627853 0.0005873425 0.000433394 0.0006004828 0.0004942885 0.000698853 0.00055981486 0.00048441577 0.00046290093 0.00047123138 0.0004688287 0.00045126706 0.00052702177 0.000935994 0.00042543854 0.00082856085 0.00047742226 0.0005229315 0.00044093904 0.00051804644 0.00051284995 0.0007164332 0.0006470979 0.000540475 0.0005970484 0.0005529807 0.0005116751 0.00049001526 0.0005176958 0.00072258816 0.0005943408 0.00045654475 0.000535006 0.00071575557 0.00049108814 0.0005323221,
206,128,,,0.0044300067 0.0044300067 0.0044300067 0.0044300067 0.0044300067 0.0044300067 0.0044300067 0.0044300067 0.0044300067 0.0044300067 0.0044300067 0.0044300067 0.0044300067 0.0044300067 0.0044300067 0.0044300067 0.0044300067 0.0044300067 0.0044300067 0.0044300067 0.0044300067 0.0044300067 0.0044300067 0.0044300067 0.0044300067 0.0044300067 0.0044300067 0.0044300067 0.0044300067 0.0044300067 0.0044300067 0.0044300067 0.0044300067 0.0044300067 0.0044300067 0.0044300067 0.0044300067 0.0044300067 0.0044300067 0.0044300067 0.0044300067 0.0044300067 0.0044300067 0.0044300067 0.0044300067 0.0044300067 0.0044300067 0.0044300067 0.0044300067 0.0044300067 0.0044300067 0.0044300067 0.0044300067 0.0044300067 0.0044300067 0.0044300067 0.0044300067 0.0044300067 0.0044300067 0.0044300067 0.0044300067 0.0044300067 0.0044300067 0.0044300067 0.0044300067 0.0044300067 0.0044300067 0.0044300067 0.0044300067 0.0044300067 0.0044300067 0.0044300067 0.0044300067 0.0044300067 0.0044300067 0.0044300067 0.0044300067 0.0044300067 0.0044300067 0.0044300067 0.0044300067 0.0044300067 0.0044300067 0.0044300067 0.0044300067 0.0044300067 0.0044300067 0.0044300067 0.0044300067 0.0044300067 0.0044300067 0.0044300067 0.0044300067 0.0044300067 0.0044300067 0.0044300067 0.0044300067 0.0044300067 0.0044300067 0.0044300067 0.0044300067 0.0044300067 0.0044300067 0.0044300067 0.0044300067 0.0044300067 0.0044300067 0.0044300067 0.0044300067 0.0044300067 0.0044300067 0.0044300067 0.0044300067 0.0044300067 0.0044300067 0.0044300067 0.0044300067 0.0044300067 0.0044300067 0.0044300067 0.0044300067 0.0044300067 0.0044300067 0.0044300067 0.0044300067 0.0044300067 0.0044300067 0.0044300067,15 15 16 16 15 16 15 15 15 15 15 15 15 16 15 15 15 16 15 15 16 15 16 15 15 15 15 15 15 15 15 15 15 16 15 15 16 15 15 15 15 15 16 15 15 15 16 15 15 16 15 15 15 15 15 16 15 15 15 15 16 15 15 15 15 16 16 16 15 16 15 15 15 15 15 15 16 15 16 15 15 16 15 15 15 15 15 15 15 15 15 15 15 15 16 15 15 15 15 16 16 16 16 16 15 15 16 15 16 15 16 15 15 15 15 15 15 15 15 15 15 15 15 16 15 15 15 15
214,3x3x128x128,0.09270954 0.08534569 0.10383143 0.06341635 0.07264089 0.07826978 0.08917562 0.082523435 0.06674911 0.0856724 0.10199753 0.09263982 0.084972315 0.08219289 0.07895986 0.09930699 0.09398145 0.07719067 0.080521785 0.09374872 0.07372741 0.07492002 0.08176028 0.078435265 0.08032964 0.06861021 0.08805089 0.082197666 0.08955461 0.06500546 0.081302196 0.08022851 0.08911854 0.07936234 0.12155773 0.093092695 0.08455748 0.1046042 0.08862714 0.09267254 0.08140634 0.07257859 0.07778111 0.13127753 0.07234971 0.07622262 0.09322845 0.07236612 0.07290721 0.06296305 0.11569128 0.099029765 0.11853079 0.086770125 0.107573345 0.065733194 0.08682543 0.063713014 0.09190774 0.06364125 0.093143076 0.11165213 0.096899815 0.081148036 0.06868291 0.099303834 0.074388206 0.07801148 0.067446634 0.07516675 0.09724901 0.08532454 0.077014714 0.097492695 0.110173486 0.07634805 0.106151834 0.091911815 0.09817928 0.06229035 0.100332595 0.082520604 0.096206516 0.08593573 0.085896485 0.07781748 0.075356044 0.06297223 0.077071674 0.07625934 0.114764296 0.07064316 0.0914009 0.07598686 0.09699783 0.07707047 0.07837131 0.097059734 0.073534735 0.092654146 0.10702603 0.11032624 0.07824034 0.06666962 0.069452226 0.08782024 0.09785742 0.10124501 0.076274656 0.10008407 0.08188173 0.08516372 0.05902732 0.08111912 0.1123268 0.08373924 0.09137355 0.07472433 0.077795535 0.10315193 0.07485085 0.07347002 0.057887986 0.088277824 0.08703548 0.07097942 0.08082509 0.08968349,0.09269823 0.08533528 0.10381876 0.063408606 0.07263202 0.07826023 0.08916474 0.08251337 0.06674096 0.08566194 0.10198509 0.09262851 0.08496194 0.082182854 0.07895022 0.09929488 0.09396998 0.07718124 0.08051196 0.09373728 0.07371841 0.07491088 0.0817503 0.07842569 0.08031984 0.06860184 0.088040136 0.08218763 0.08954368 0.064997524 0.08129228 0.08021872 0.08910766 0.079352655 0.12154289 0.09308133 0.08454716 0.10459143 0.08861633 0.09266123 0.0813964 0.07256973 0.07777162 0.13126151 0.07234088 0.07621332 0.093217075 0.07235728 0.07289831 0.062955365 0.11567716 0.09901768 0.118516326 0.08675953 0.10756022 0.06572518 0.086814836 0.06370524 0.09189652 0.06363348 0.09313171 0.1116385 0.09688799 0.081138134 0.06867453 0.09929172 0.074379124 0.07800196 0.0674384 0.075157575 0.09723714 0.08531413 0.07700532 0.0974808 0.110160045 0.07633874 0.10613888 0.0919006 0.0981673 0.062282752 0.10032035 0.08251054 0.096194774 0.085925244 0.085886 0.077807985 0.07534684 0.06296454 0.077062264 0.07625003 0.11475029 0.07063454 0.091389745 0.07597759 0.09698599 0.07706106 0.07836175 0.09704789 0.07352576 0.09264284 0.10701297 0.110312775 0.0782308 0.066661485 0.069443755 0.08780952 0.09784548 0.10123265 0.07626534 0.10007185 0.08187174 0.08515333 0.05902012 0.081109226 0.11231309 0.08372903 0.0913624 0.07471521 0.077786036 0.10313935 0.074841715 0.07346105 0.05788092 0.08826705 0.08702486 0.07097076 0.080815226 0.08967254,0.00072990736 0.0006719313 0.00081747054 0.00049928034 0.0005719057 0.00061622227 0.00070208457 0.0006497116 0.00052551937 0.00067450345 0.0008030322 0.00072935835 0.0006689917 0.0006471091 0.00062165526 0.00078184943 0.0007399211 0.00060772634 0.00063395244 0.00073808886 0.00058045995 0.0005898494 0.00064370316 0.00061752513 0.0006324397 0.000540172 0.00069322943 0.0006471467 0.00070506835 0.0005117915 0.00064009667 0.00063164346 0.00070163514 0.000624824 0.0009570306 0.00073292386 0.0006657257 0.0008235546 0.0006977664 0.000729616 0.0006409165 0.0005714152 0.000612375 0.0010335553 0.00056961324 0.0006001049 0.0007339927 0.0005697424 0.00057400245 0.0004957115 0.0009108438 0.00077966676 0.0009331994 0.0006831459 0.00084693084 0.0005175211 0.0006835814 0.0005016161 0.0007235946 0.000501051 0.0007333206 0.0008790433 0.00076289754 0.0006388829 0.0005407443 0.0007818246 0.0005856624 0.00061418867 0.000531011 0.00059179193 0.00076564675 0.00067176484 0.0006063411 0.00076756533 0.00086740195 0.0006010924 0.0008357392 0.0007236268 0.00077297084 0.0004904154 0.000789924 0.0006496893 0.0007574392 0.00067657675 0.0006762677 0.0006126613 0.0005932822 0.0004957838 0.0006067895 0.000600394 0.0009035456 0.00055617746 0.0007196043 0.0005982488 0.0007636692 0.00060678 0.00061702164 0.0007641566 0.00057894294 0.0007294712 0.00084262184 0.0008686045 0.00061599055 0.0005248936 0.0005468012 0.00069141353 0.00077043683 0.00079710747 0.0006005145 0.0007879673 0.0006446594 0.00067049864 0.00046472537 0.0006386553 0.00088435505 0.0006592837 0.000719389 0.0005883087 0.0006124885 0.00081212085 0.00058930484 0.00057843345 0.00045575527 0.0006950161 0.00068523514 0.00055882486 0.00063634035 0.000706083,
215,128,,,0.004594058 0.004594058 0.004594058 0.004594058 0.004594058 0.004594058 0.004594058 0.004594058 0.004594058 0.004594058 0.004594058 0.004594058 0.004594058 0.004594058 0.004594058 0.004594058 0.004594058 0.004594058 0.004594058 0.004594058 0.004594058 0.004594058 0.004594058 0.004594058 0.004594058 0.004594058 0.004594058 0.004594058 0.004594058 0.004594058 0.004594058 0.004594058 0.004594058 0.004594058 0.004594058 0.004594058 0.004594058 0.004594058 0.004594058 0.004594058 0.004594058 0.004594058 0.004594058 0.004594058 0.004594058 0.004594058 0.004594058 0.004594058 0.004594058 0.004594058 0.004594058 0.004594058 0.004594058 0.004594058 0.004594058 0.004594058 0.004594058 0.004594058 0.004594058 0.004594058 0.004594058 0.004594058 0.004594058 0.004594058 0.004594058 0.004594058 0.004594058 0.004594058 0.004594058 0.004594058 0.004594058 0.004594058 0.004594058 0.004594058 0.004594058 0.004594058 0.004594058 0.004594058 0.004594058 0.004594058 0.004594058 0.004594058 0.004594058 0.004594058 0.004594058 0.004594058 0.004594058 0.004594058 0.004594058 0.004594058 0.004594058 0.004594058 0.004594058 0.004594058 0.004594058 0.004594058 0.004594058 0.004594058 0.004594058 0.004594058 0.004594058 0.004594058 0.004594058 0.004594058 0.004594058 0.004594058 0.004594058 0.004594058 0.004594058 0.004594058 0.004594058 0.004594058 0.004594058 0.004594058 0.004594058 0.004594058 0.004594058 0.004594058 0.004594058 0.004594058 0.004594058 0.004594058 0.004594058 0.004594058 0.004594058 0.004594058 0.004594058 0.004594058,15 15 15 15 15 15 15 15 15 15 15 15 15 15 15 15 15 15 15 15 15 15 15 15 15 15 15 15 15 15 15 15 15 15 15 15 15 15 15 15 15 15 15 14 15 15 15 15 15 15 15 15 15 15 15 15 15 15 15 15 15 15 15 15 15 15 15 15 15 15 15 15 15 15 15 15 15 15 15 15 15 15 15 15 15 15 15 15 15 15 15 15 15 15 15 15 15 15 15 15 15 15 15 15 15 15 15 15 15 15 15 15 16 15 15 15 15 15 15 15 15 15 16 15 15 15 15 15
220,3x3x128x128,0.060533356 0.08731767 0.05871492 0.08360267 0.06504472 0.07632246 0.08087015 0.070771895 0.07526201 0.06185391 0.08530432 0.087299764 0.0733605 0.083498694 0.07009379 0.08850713 0.07715828 0.065914415 0.076466 0.08361754 0.06373141 0.07667085 0.10772634 0.07669742 0.076838255 0.08582399 0.059466735 0.076697335 0.072595716 0.06107296 0.07749192 0.08643006 0.073706485 0.074304044 0.061331052 0.07833789 0.07705714 0.057776596 0.07046514 0.08374612 0.06380013 0.08665476 0.06387029 0.07788867 0.086399995 0.10045528 0.083054915 0.069805235 0.063918866 0.07314703 0.10179848 0.076218046 0.101539426 0.08213321 0.06003922 0.0560658 0.057012048 0.066283576 0.07393086 0.09316632 0.0735041 0.06994241 0.059312183 0.06966012 0.0889852 0.084142 0.076273136 0.07917346 0.079315856 0.0729512 0.08711857 0.059349563 0.06795127 0.06392487 0.071517624 0.073798686 0.085359074 0.06940406 0.06652777 0.06450755 0.08169271 0.06792641 0.07280324 0.07198709 0.05954068 0.07808505 0.08208008 0.097638376 0.07349553 0.07944865 0.07978335 0.078030474 0.118885055 0.07158198 0.07534531 0.0682249 0.0833408 0.09500479 0.086454764 0.06887539 0.069044344 0.074724354 0.062072236 0.06498246 0.07190999 0.09005929 0.0729759 0.07661826 0.061199255 0.07778452 0.09270565 0.08168037 0.09876293 0.07266377 0.09235133 0.06769831 0.078300335 0.0920358 0.075711034 0.08705748 0.07484295 0.082089566 0.062180445 0.075040564 0.07972599 0.07722253 0.067085795 0.078952186,0.06052597 0.087307006 0.058707755 0.08359246 0.06503678 0.076313145 0.08086029 0.07076326 0.07525282 0.06184636 0.085293904 0.08728911 0.073351555 0.08348851 0.070085235 0.088496335 0.07714886 0.065906376 0.07645667 0.08360734 0.06372363 0.07666149 0.1077132 0.07668805 0.07682888 0.085813515 0.059459478 0.07668797 0.07258686 0.061065506 0.077482454 0.086419515 0.073697485 0.07429498 0.06132357 0.078328334 0.077047735 0.057769544 0.07045654 0.0837359 0.06379234 0.08664418 0.063862495 0.07787916 0.08638945 0.10044301 0.083044775 0.06979671 0.063911065 0.0731381 0.101786055 0.07620874 0.101527035 0.08212318 0.06003189 0.056058962 0.057005093 0.06627549 0.07392184 0.09315495 0.07349513 0.06993388 0.059304945 0.06965162 0.08897434 0.08413173 0.07626382 0.0791638 0.07930618 0.072942294 0.08710794 0.059342317 0.06794298 0.06391707 0.07150889 0.07378968 0.08534866 0.06939559 0.066519655 0.06449968 0.08168274 0.06791812 0.072794355 0.07197831 0.059533417 0.07807552 0.08207006 0.097626455 0.07348656 0.07943895 0.07977361 0.07802095 0.11887054 0.07157325 0.07533611 0.06821658 0.08333063 0.0949932 0.086444214 0.06886698 0.06903592 0.074715234 0.06206466 0.064974524 0.07190121 0.0900483 0.072966985 0.07660891 0.061191786 0.07777503 0.09269434 0.0816704 0.09875088 0.0726549 0.09234007 0.067690045 0.07829078 0.09202457 0.075701796 0.087046854 0.07483382 0.08207955 0.062172856 0.07503141 0.07971626 0.07721311 0.06707761 0.07894255,0.00047658244 0.00068745675 0.0004622658 0.00065820833 0.00051210064 0.0006008909 0.0006366952 0.00055719103 0.00059254194 0.0004869792 0.0006716055 0.0006873158 0.0005775713 0.0006573898 0.0005518522 0.00069682155 0.00060747133 0.00051894784 0.00060202106 0.0006583255 0.00050176086 0.00060363376 0.00084813545 0.0006038429 0.0006049518 0.000675697 0.00046818485 0.00060384226 0.00057155004 0.00048083076 0.00061009807 0.0006804686 0.00058029516 0.0005849998 0.00048286273 0.00061675854 0.0006066751 0.0004548783 0.00055477594 0.0006593378 0.0005023019 0.0006822376 0.0005028543 0.0006132217 0.0006802319 0.00079088984 0.00065389584 0.0005495804 0.0005032367 0.0005758906 0.000801465 0.00060006883 0.00079942547 0.0006466392 0.00047269205 0.00044140915 0.000448859 0.00052185426 0.0005820617 0.00073350355 0.0005787018 0.0005506604 0.00046696808 0.00054843794 0.00070058537 0.0006624546 0.00060050254 0.000623337 0.0006244581 0.0005743488 0.00068588933 0.00046726235 0.00053498405 0.00050328404 0.00056306215 0.0005810211 0.00067203667 0.000546422 0.0005237768 0.0005078715 0.0006431712 0.00053478836 0.0005731839 0.00056675833 0.00046876707 0.0006147679 0.0006462209 0.00076871226 0.0005786343 0.00062550354 0.00062813866 0.0006143382 0.0009359885 0.0005635689 0.00059319776 0.0005371384 0.00065614673 0.00074797793 0.0006806631 0.0005422597 0.0005435899 0.0005883089 0.0004886981 0.0005116104 0.0005661513 0.0007090417 0.0005745432 0.0006032198 0.0004818251 0.0006124018 0.0007298767 0.00064307405 0.000777566 0.00057208585 0.00072708714 0.0005329925 0.00061646284 0.00072460296 0.0005960771 0.0006854083 0.00058924267 0.00064629567 0.00048955006 0.0005907985 0.0006276871 0.0006079772 0.00052817015 0.0006215949,
221,128,,,0.0044300067 0.0044300067 0.0044300067 0.0044300067 0.0044300067 0.0044300067 0.0044300067 0.0044300067 0.0044300067 0.0044300067 0.0044300067 0.0044300067 0.0044300067 0.0044300067 0.0044300067 0.0044300067 0.0044300067 0.0044300067 0.0044300067 0.0044300067 0.0044300067 0.0044300067 0.0044300067 0.0044300067 0.0044300067 0.0044300067 0.0044300067 0.0044300067 0.0044300067 0.0044300067 0.0044300067 0.0044300067 0.0044300067 0.0044300067 0.0044300067 0.0044300067 0.0044300067 0.0044300067 0.0044300067 0.0044300067 0.0044300067 0.0044300067 0.0044300067 0.0044300067 0.0044300067 0.0044300067 0.0044300067 0.0044300067 0.0044300067 0.0044300067 0.0044300067 0.0044300067 0.0044300067 0.0044300067 0.0044300067 0.0044300067 0.0044300067 0.0044300067 0.0044300067 0.0044300067 0.0044300067 0.0044300067 0.0044300067 0.0044300067 0.0044300067 0.0044300067 0.0044300067 0.0044300067 0.0044300067 0.0044300067 0.0044300067 0.0044300067 0.0044300067 0.0044300067 0.0044300067 0.0044300067 0.0044300067 0.0044300067 0.0044300067 0.0044300067 0.0044300067 0.0044300067 0.0044300067 0.0044300067 0.0044300067 0.0044300067 0.0044300067 0.0044300067 0.0044300067 0.0044300067 0.0044300067 0.0044300067 0.0044300067 0.0044300067 0.0044300067 0.0044300067 0.0044300067 0.0044300067 0.0044300067 0.0044300067 0.0044300067 0.0044300067 0.0044300067 0.0044300067 0.0044300067 0.0044300067 0.0044300067 0.0044300067 0.0044300067 0.0044300067 0.0044300067 0.0044300067 0.0044300067 0.0044300067 0.0044300067 0.0044300067 0.0044300067 0.0044300067 0.0044300067 0.0044300067 0.0044300067 0.0044300067 0.0044300067 0.0044300067 0.0044300067 0.0044300067 0.0044300067 0.0044300067,16 15 16 15 15 15 15 15 15 16 15 15 15 15 15 15 15 15 15 15 15 15 15 15 15 15 16 15 15 16 15 15 15 15 16 15 15 16 15 15 15 15 15 15 15 15 15 15 15 15 15 15 15 15 16 16 16 15 15 15 15 15 16 15 15 15 15 15 15 15 15 16 15 15 15 15 15 15 15 15 15 15 15 15 16 15 15 15 15 15 15 15 15 15 15 15 15 15 15 15 15 15 15 15 15 15 15 15 16 15 15 15 15 15 15 15 15 15 15 15 15 15 15 15 15 15 15 15
229,1x1x256x128,0.20172164 0.13724679 0.1768445 0.15433788 0.17052141 0.18338998 0.13310987 0.15187111 0.16381331 0.15757416 0.17795391 0.16760829 0.17414753 0.19792277 0.17069437 0.15666252 0.11962823 0.10610524 0.18292354 0.1432752 0.14043528 0.19805771 0.13413984 0.18541484 0.165047 0.17638525 0.14756894 0.1536125 0.14735487 0.1601176 0.16853791 0.21860157 0.2082558 0.15012226 0.15135945 0.14537084 0.18923745 0.2056817 0.15188126 0.16371116 0.15911517 0.16073948 0.26521054 0.19821616 0.17521894 0.14745362 0.1695035 0.19566467 0.1318688 0.13786598 0.18056035 0.11443562 0.13966541 0.17840189 0.17059553 0.18431008 0.17190534 0.18532461 0.15948378 0.15087134 0.1940551 0.14590259 0.19279847 0.17939515 0.13688836 0.14007993 0.17021705 0.1492722 0.17268005 0.14988022 0.13553399 0.1643697 0.15327048 0.15106241 0.15430284 0.15812615 0.1840207 0.17592718 0.16780841 0.16817415 0.1668938 0.15759914 0.15568388 0.1671644 0.1605982 0.17368278 0.17450903 0.1769045 0.17339991 0.1409625 0.19444937 0.19485809 0.17180702 0.17776792 0.15258047 0.14361084 0.15211757 0.2203056 0.14731918 0.16898528 0.14700888 0.13371643 0.16946566 0.12347078 0.15025273 0.19985332 0.1616259 0.14060394 0.14633341 0.15479 0.16145343 0.14379801 0.14855486 0.12582941 0.14850548 0.20041557 0.16615395 0.14961722 0.1608657 0.19996959 0.12822069 0.15690166 0.19380078 0.19924499 0.15212877 0.18063036 0.17091797 0.20086238,0.20169702 0.13723004 0.1768229 0.15431905 0.1705006 0.1833676 0.13309363 0.15185258 0.16379333 0.15755494 0.17793219 0.16758785 0.17412627 0.19789861 0.17067353 0.1566434 0.11961363 0.10609229 0.18290122 0.1432577 0.14041814 0.19803354 0.13412347 0.18539222 0.16502687 0.17636374 0.14755094 0.15359375 0.14733689 0.16009805 0.16851734 0.21857488 0.20823039 0.15010394 0.15134099 0.14535311 0.18921435 0.2056566 0.15186273 0.16369118 0.15909575 0.16071986 0.26517817 0.19819196 0.17519756 0.14743564 0.16948281 0.19564079 0.1318527 0.13784915 0.18053831 0.11442165 0.13964836 0.17838012 0.17057471 0.18428758 0.17188436 0.18530199 0.15946431 0.15085293 0.1940314 0.14588478 0.19277494 0.17937326 0.13687165 0.14006282 0.17019628 0.149254 0.17265898 0.14986193 0.13551745 0.16434965 0.15325177 0.15104398 0.15428402 0.15810685 0.18399824 0.1759057 0.16778792 0.16815361 0.16687343 0.15757991 0.15566488 0.167144 0.1605786 0.17366157 0.17448774 0.17688291 0.17337875 0.14094529 0.19442564 0.1948343 0.17178605 0.17774622 0.15256186 0.14359331 0.152099 0.22027871 0.14730121 0.16896465 0.14699094 0.13370012 0.16944498 0.12345571 0.1502344 0.19982892 0.1616062 0.1405868 0.14631554 0.15477112 0.16143371 0.14378047 0.14853674 0.12581407 0.14848734 0.2003911 0.16613367 0.14959896 0.16084605 0.19994518 0.12820505 0.15688251 0.19377713 0.19922067 0.1521102 0.1806083 0.17089711 0.20083787,0.0015881655 0.0010805515 0.0013923063 0.0012151106 0.0013425244 0.0014438393 0.0010479813 0.0011956895 0.0012897112 0.0012405901 0.0014010408 0.0013195893 0.001371073 0.0015582568 0.0013438861 0.0012334127 0.00094183965 0.00083537237 0.0014401671 0.0011280135 0.0011056546 0.0015593192 0.0010560903 0.0014597812 0.0012994242 0.0013886908 0.0011618184 0.0012093995 0.0011601329 0.0012606145 0.0013269081 0.0017210621 0.0016396093 0.0011819208 0.0011916613 0.0011445127 0.0014898768 0.0016193433 0.0011957695 0.0012889069 0.0012527225 0.0012655107 0.002088017 0.0015605666 0.0013795083 0.0011609105 0.0013345103 0.0015404787 0.0010382102 0.0010854264 0.0014215615 0.0009009579 0.0010995934 0.0014045679 0.0013431079 0.0014510833 0.0013534201 0.0014590708 0.0012556246 0.0011878184 0.0015278063 0.0011486991 0.0015179128 0.0014123879 0.0010777295 0.0011028568 0.0013401281 0.0011752283 0.0013595195 0.0011800152 0.0010670666 0.0012940917 0.0012067069 0.0011893227 0.0012148347 0.0012449358 0.0014488051 0.0013850842 0.0013211648 0.0013240442 0.001313964 0.0012407867 0.0012257077 0.0013160945 0.0012643983 0.001367414 0.0013739192 0.0013927788 0.001365187 0.0011098054 0.0015309106 0.0015341284 0.0013526462 0.0013995765 0.0012012745 0.001130656 0.00119763 0.001734478 0.001159852 0.0013304304 0.0011574089 0.0010527568 0.0013342124 0.0009720922 0.001182948 0.0015734561 0.0012724897 0.0011069826 0.001152091 0.0012186703 0.0012711316 0.0011321297 0.0011695806 0.0009906619 0.0011691917 0.0015778827 0.0013081392 0.0011779446 0.0012665044 0.0015743715 0.0010094886 0.0012352953 0.0015258042 0.0015686667 0.0011977182 0.0014221126 0.0013456466 0.0015814005,
230,128,,,0.0051682214 0.0051682214 0.0051682214 0.0051682214 0.0051682214 0.0051682214 0.0051682214 0.0051682214 0.0051682214 0.0051682214 0.0051682214 0.0051682214 0.0051682214 0.0051682214 0.0051682214 0.0051682214 0.0051682214 0.0051682214 0.0051682214 0.0051682214 0.0051682214 0.0051682214 0.0051682214 0.0051682214 0.0051682214 0.0051682214 0.0051682214 0.0051682214 0.0051682214 0.0051682214 0.0051682214 0.0051682214 0.0051682214 0.0051682214 0.0051682214 0.0051682214 0.0051682214 0.0051682214 0.0051682214 0.0051682214 0.0051682214 0.0051682214 0.0051682214 0.0051682214 0.0051682214 0.0051682214 0.0051682214 0.0051682214 0.0051682214 0.0051682214 0.0051682214 0.0051682214 0.0051682214 0.0051682214 0.0051682214 0.0051682214 0.0051682214 0.0051682214 0.0051682214 0.0051682214 0.0051682214 0.0051682214 0.0051682214 0.0051682214 0.0051682214 0.0051682214 0.0051682214 0.0051682214 0.0051682214 0.0051682214 0.0051682214 0.0051682214 0.0051682214 0.0051682214 0.0051682214 0.0051682214 0.0051682214 0.0051682214 0.0051682214 0.0051682214 0.0051682214 0.0051682214 0.0051682214 0.0051682214 0.0051682214 0.0051682214 0.0051682214 0.0051682214 0.0051682214 0.0051682214 0.0051682214 0.0051682214 0.0051682214 0.0051682214 0.0051682214 0.0051682214 0.0051682214 0.0051682214 0.0051682214 0.0051682214 0.0051682214 0.0051682214 0.0051682214 0.0051682214 0.0051682214 0.0051682214 0.0051682214 0.0051682214 0.0051682214 0.0051682214 0.0051682214 0.0051682214 0.0051682214 0.0051682214 0.0051682214 0.0051682214 0.0051682214 0.0051682214 0.0051682214 0.0051682214 0.0051682214 0.0051682214 0.0051682214 0.0051682214 0.0051682214 0.0051682214 0.0051682214 0.0051682214,14 14 14 14 14 14 14 14 14 14 14 14 14 14 14 14 15 15 14 14 14 14 14 14 14 14 14 14 14 14 14 14 14 14 14 14 14 14 14 14 14 14 13 14 14 14 14 14 14 14 14 15 14 14 14 14 14 14 14 14 14 14 14 14 14 14 14 14 14 14 14 14 14 14 14 14 14 14 14 14 14 14 14 14 14 14 14 14 14 14 14 14 14 14 14 14 14 14 14 14 14 14 14 15 14 14 14 14 14 14 14 14 14 14 14 14 14 14 14 14 14 14 14 14 14 14 14 14
238,1x1x256x256,0.16580875 0.24186876 0.19370937 0.19020149 0.19389942 0.24731635 0.19058807 0.2320421 0.25288013 0.24384396 0.16474418 0.19395919 0.25779915 0.19257955 0.24385473 0.24888346 0.18709967 0.20187274 0.24650654 0.2138119 0.22082631 0.17361416 0.25250316 0.20870425 0.2024916 0.3247012 0.23035863 0.20223446 0.28459212 0.4268867 0.3000116 0.18668687 0.1654537 0.29865304 0.23507506 0.22133899 0.19100824 0.2181038 0.24459709 0.24467875 0.21866481 0.24331811 0.2417072 0.27218425 0.25007358 0.23170522 0.2285016 0.21854205 0.1878798 0.20530789 0.18538804 0.21636735 0.25194153 0.26464808 0.23934038 0.17640558 0.20537713 0.21175821 0.23089626 0.1659598 0.2854967 0.24243765 0.35179847 0.2007964 0.25456005 0.18105818 0.20794888 0.2305926 0.2552603 0.28466192 0.2211927 0.19677004 0.21528281 0.28198922 0.26874962 0.19911475 0.22531314 0.2060867 0.19788605 0.23747814 0.26067156 0.23937139 0.23522016 0.24288379 0.16382158 0.25021288 0.29004386 0.1980452 0.24150369 0.22825438 0.19191854 0.2079067 0.20444064 0.21048076 0.18509175 0.26190904 0.19845182 0.2495457 0.29474974 0.19795501 0.23782393 0.24544542 0.28426704 0.30484593 0.17967503 0.25961548 0.18620436 0.20484878 0.21654035 0.2351908 0.25071007 0.19803071 0.21276534 0.24609298 0.28376755 0.20706712 0.20831949 0.19449838 0.20841162 0.27597147 0.24867313 0.24260966 0.24579181 0.24033958 0.26787475 0.22857895 0.21192634 0.23917924 0.32512116 0.18088597 0.17279544 0.1775235 0.2049422 0.18392272 0.17517665 0.21327943 0.2555662 0.24118817 0.2222112 0.18129137 0.23690471 0.2116822 0.21588577 0.2541446 0.25697526 0.17820533 0.22666097 0.27995467 0.22550884 0.2722024 0.1941752 0.20526417 0.16798323 0.15326779 0.31112245 0.18443756 0.20166732 0.23798765 0.22696795 0.19452466 0.2712581 0.27645645 0.26830527 0.21282052 0.3073302 0.26872614 0.20734008 0.21613705 0.21058273 0.20781018 0.18993692 0.23749056 0.25491267 0.25400925 0.23719461 0.24416256 0.15760215 0.203077 0.18040694 0.23256385 0.18953258 0.19584745 0.25634477 0.24534374 0.31452617 0.22541526 0.19503224 0.21960664 0.32450575 0.23598662 0.2202317 0.32123142 0.291215 0.18490598 0.15732983 0.3346838 0.21332805 0.1623045 0.17396274 0.2525743 0.22848892 0.19925368 0.20853849 0.3101875 0.26462212 0.17551817 0.21821114 0.23727049 0.23066789 0.19733569 0.2570206 0.28172094 0.17383625 0.19660437 0.21145663 0.23137222 0.21461482 0.23640412 0.20935985 0.28117824 0.29941458 0.2018813 0.19442965 0.21336459 0.18041039 0.3250758 0.24066089 0.17075415 0.3059208 0.25035092 0.27292845 0.2612257 0.23549122 0.2594967 0.24463391 0.1921479 0.20877363 0.24593318 0.19525817 0.17920889 0.18153124 0.19789018 0.18976104 0.222228 0.20965135 0.24663995 0.24397616 0.25992322 0.20107292 0.22867702 0.22218616 0.26998302 0.20225763 0.23806888 0.26168588 0.17920418,0.16578852 0.24183924 0.19368573 0.19017828 0.19387576 0.24728617 0.19056481 0.23201378 0.25284928 0.2438142 0.16472407 0.19393553 0.2577677 0.19255605 0.24382497 0.24885307 0.18707682 0.20184809 0.24647646 0.21378581 0.22079937 0.17359297 0.25247234 0.20867877 0.20246688 0.32466158 0.23033053 0.20220977 0.28455737 0.4268346 0.299975 0.18666409 0.16543351 0.2986166 0.23504636 0.22131197 0.19098492 0.21807717 0.24456723 0.24464889 0.21863812 0.24328841 0.24167772 0.27215105 0.25004306 0.23167695 0.22847371 0.21851538 0.18785688 0.20528282 0.18536541 0.21634094 0.2519108 0.2646158 0.23931117 0.17638405 0.20535207 0.21173236 0.23086809 0.16593955 0.28546187 0.24240807 0.35175556 0.2007719 0.25452897 0.18103608 0.2079235 0.23056446 0.25522912 0.2846272 0.22116572 0.19674604 0.21525654 0.28195482 0.26871684 0.19909047 0.22528563 0.20606154 0.19786191 0.23744915 0.26063973 0.23934217 0.23519145 0.24285415 0.1638016 0.25018236 0.2900085 0.19802102 0.24147421 0.22822651 0.19189511 0.20788132 0.20441568 0.21045507 0.18506916 0.2618771 0.19842759 0.24951524 0.29471377 0.19793084 0.2377949 0.24541546 0.28423235 0.3048087 0.17965311 0.2595838 0.18618163 0.20482379 0.21651392 0.2351621 0.2506795 0.19800654 0.21273938 0.24606295 0.28373292 0.20704184 0.20829406 0.19447464 0.20838618 0.2759378 0.24864279 0.24258006 0.24576181 0.24031024 0.26784205 0.22855106 0.21190049 0.23915005 0.32508147 0.18086389 0.17277436 0.17750183 0.20491718 0.18390027 0.17515528 0.2132534 0.25553504 0.24115872 0.22218408 0.18126924 0.2368758 0.21165638 0.21585943 0.2541136 0.25694388 0.17818359 0.2266333 0.2799205 0.22548132 0.2721692 0.19415149 0.20523912 0.16796273 0.15324907 0.31108448 0.18441506 0.20164272 0.23795861 0.22694024 0.19450092 0.27122498 0.2764227 0.26827255 0.21279454 0.3072927 0.26869333 0.20731477 0.21611068 0.21055704 0.20778482 0.18991375 0.23746158 0.25488156 0.25397825 0.23716567 0.24413277 0.15758291 0.20305222 0.18038493 0.23253548 0.18950944 0.19582355 0.2563135 0.2453138 0.3144878 0.22538775 0.19500843 0.21957985 0.32446614 0.23595783 0.22020483 0.3211922 0.29117948 0.1848834 0.15731063 0.33464298 0.21330202 0.16228469 0.17394151 0.25254345 0.22846103 0.19922936 0.20851304 0.31014964 0.26458985 0.17549674 0.21818452 0.23724154 0.23063974 0.19731161 0.2569892 0.28168657 0.17381504 0.19658038 0.21143082 0.23134398 0.21458864 0.23637527 0.20933431 0.2811439 0.29937804 0.20185666 0.19440591 0.21333854 0.18038838 0.32503614 0.24063152 0.1707333 0.3058835 0.25032037 0.27289516 0.26119384 0.23546249 0.25946504 0.24460407 0.19212446 0.20874815 0.24590316 0.19523434 0.17918703 0.18150909 0.19786604 0.18973789 0.22220089 0.20962577 0.24660985 0.24394639 0.25989148 0.20104837 0.22864911 0.22215906 0.2699501 0.20223294 0.23803982 0.26165396 0.17918232,0.0013054213 0.001904246 0.0015250845 0.0014974667 0.0015265808 0.0019471352 0.0015005104 0.0018268802 0.0019909393 0.0019197968 0.0012970399 0.0015270514 0.002029667 0.0015161894 0.0019198817 0.0019594731 0.0014730458 0.0015893551 0.0019407595 0.0016833529 0.0017385777 0.0013668737 0.0019879711 0.0016431399 0.0015942274 0.0025563904 0.0018136261 0.0015922029 0.0022406091 0.0033609024 0.002362008 0.0014697959 0.0013026261 0.0023513117 0.0018507587 0.001742614 0.0015038183 0.0017171431 0.0019257262 0.0019263692 0.00172156 0.0019156568 0.0019029741 0.0021429218 0.001968843 0.001824228 0.0017990055 0.0017205935 0.0014791881 0.0016164002 0.0014595701 0.001703472 0.0019835497 0.002083589 0.00188434 0.0013888507 0.0016169454 0.0016671839 0.0018178589 0.0013066106 0.0022477312 0.0019087249 0.002769729 0.0015808811 0.0020041652 0.0014254809 0.0016371929 0.0018154682 0.0020096782 0.002241159 0.0017414624 0.0015491814 0.0016949334 0.0022201168 0.0021158806 0.0015676415 0.0017739027 0.0016225318 0.0015579677 0.0018696784 0.0020522813 0.001884584 0.0018519012 0.0019122374 0.0012897763 0.0019699398 0.0022835315 0.0015592207 0.0019013718 0.0017970592 0.0015109851 0.0016368608 0.0016095723 0.0016571266 0.0014572375 0.0020620243 0.0015624219 0.001964687 0.0023205809 0.0015585106 0.0018724009 0.0019324053 0.0022380499 0.0024000686 0.0014145914 0.002043967 0.0014659971 0.0016127857 0.0017048339 0.00185167 0.0019738544 0.0015591066 0.0016751132 0.0019375036 0.0022341176 0.0016302507 0.0016401107 0.0015312964 0.0016408361 0.0021727385 0.0019578172 0.0019100792 0.0019351324 0.0018922066 0.0021089925 0.0017996146 0.0016685078 0.0018830713 0.0025596966 0.001424125 0.001360428 0.0013976522 0.0016135211 0.0014480336 0.0013791755 0.0016791606 0.0020120868 0.0018988876 0.001749481 0.0014273169 0.0018651638 0.0016665857 0.0016996806 0.0020008946 0.0020231802 0.0014030203 0.0017845142 0.0022040983 0.0017754434 0.0021430645 0.0015287519 0.0016160561 0.0013225412 0.0012066856 0.002449484 0.0014520871 0.0015877379 0.0018736898 0.0017869311 0.0015315033 0.0021356298 0.0021765567 0.0021123823 0.0016755476 0.0024196275 0.0021156955 0.0016323997 0.0017016588 0.0016579295 0.0016361009 0.0014953839 0.0018697763 0.0020069415 0.0019998287 0.0018674462 0.0019223053 0.0012408103 0.0015988364 0.0014203538 0.0018309881 0.0014922003 0.0015419177 0.0020182165 0.0019316047 0.0024762817 0.0017747068 0.0015354995 0.0017289752 0.0025548516 0.0018579357 0.0017338963 0.0025290726 0.0022927518 0.0014557748 0.0012386664 0.002634984 0.0016795434 0.0012778322 0.0013696182 0.001988531 0.0017989058 0.0015687351 0.001641835 0.0024421231 0.0020833847 0.0013818641 0.0017179883 0.0018680436 0.001816061 0.0015536348 0.0020235372 0.0022180045 0.0013686224 0.001547877 0.0016648095 0.0018216062 0.0016896743 0.0018612227 0.0016483017 0.0022137316 0.0023573074 0.0015894225 0.0015307552 0.0016798311 0.0014203809 0.0025593396 0.0018947364 0.0013443567 0.0024085315 0.0019710266 0.0021487807 0.0020566445 0.0018540353 0.0020430319 0.0019260163 0.001512791 0.0016436862 0.0019362454 0.0015372783 0.0014109215 0.0014292054 0.0015580003 0.0014939992 0.0017496133 0.0016505966 0.0019418099 0.0019208377 0.0020463895 0.001583058 0.0018003867 0.0017492839 0.0021255913 0.0015923853 0.0018743293 0.0020602674 0.0014108844,
239,256,,,0.0045940573 0.0045940573 0.0045940573 0.0045940573 0.0045940573 0.0045940573 0.0045940573 0.0045940573 0.0045940573 0.0045940573 0.0045940573 0.0045940573 0.0045940573 0.0045940573 0.0045940573 0.0045940573 0.0045940573 0.0045940573 0.0045940573 0.0045940573 0.0045940573 0.0045940573 0.0045940573 0.0045940573 0.0045940573 0.0045940573 0.0045940573 0.0045940573 0.0045940573 0.0045940573 0.0045940573 0.0045940573 0.0045940573 0.0045940573 0.0045940573 0.0045940573 0.0045940573 0.0045940573 0.0045940573 0.0045940573 0.0045940573 0.0045940573 0.0045940573 0.0045940573 0.0045940573 0.0045940573 0.0045940573 0.0045940573 0.0045940573 0.0045940573 0.0045940573 0.0045940573 0.0045940573 0.0045940573 0.0045940573 0.0045940573 0.0045940573 0.0045940573 0.0045940573 0.0045940573 0.0045940573 0.0045940573 0.0045940573 0.0045940573 0.0045940573 0.0045940573 0.0045940573 0.0045940573 0.0045940573 0.0045940573 0.0045940573 0.0045940573 0.0045940573 0.0045940573 0.0045940573 0.0045940573 0.0045940573 0.0045940573 0.0045940573 0.0045940573 0.0045940573 0.0045940573 0.0045940573 0.0045940573 0.0045940573 0.0045940573 0.0045940573 0.0045940573 0.0045940573 0.0045940573 0.0045940573 0.0045940573 0.0045940573 0.0045940573 0.0045940573 0.0045940573 0.0045940573 0.0045940573 0.0045940573 0.0045940573 0.0045940573 0.0045940573 0.0045940573 0.0045940573 0.0045940573 0.0045940573 0.0045940573 0.0045940573 0.0045940573 0.0045940573 0.0045940573 0.0045940573 0.0045940573 0.0045940573 0.0045940573 0.0045940573 0.0045940573 0.0045940573 0.0045940573 0.0045940573 0.0045940573 0.0045940573 0.0045940573 0.0045940573 0.0045940573 0.0045940573 0.0045940573 0.0045940573 0.0045940573 0.0045940573 0.0045940573 0.0045940573 0.0045940573 0.0045940573 0.0045940573 0.0045940573 0.0045940573 0.0045940573 0.0045940573 0.0045940573 0.0045940573 0.0045940573 0.0045940573 0.0045940573 0.0045940573 0.0045940573 0.0045940573 0.0045940573 0.0045940573 0.0045940573 0.0045940573 0.0045940573 0.0045940573 0.0045940573 0.0045940573 0.0045940573 0.0045940573 0.0045940573 0.0045940573 0.0045940573 0.0045940573 0.0045940573 0.0045940573 0.0045940573 0.0045940573 0.0045940573 0.0045940573 0.0045940573 0.0045940573 0.0045940573 0.0045940573 0.0045940573 0.0045940573 0.0045940573 0.0045940573 0.0045940573 0.0045940573 0.0045940573 0.0045940573 0.0045940573 0.0045940573 0.0045940573 0.0045940573 0.0045940573 0.0045940573 0.0045940573 0.0045940573 0.0045940573 0.0045940573 0.0045940573 0.0045940573 0.0045940573 0.0045940573 0.0045940573 0.0045940573 0.0045940573 0.0045940573 0.0045940573 0.0045940573 0.0045940573 0.0045940573 0.0045940573 0.0045940573 0.0045940573 0.0045940573 0.0045940573 0.0045940573 0.0045940573 0.0045940573 0.0045940573 0.0045940573 0.0045940573 0.0045940573 0.0045940573 0.0045940573 0.0045940573 0.0045940573 0.0045940573 0.0045940573 0.0045940573 0.0045940573 0.0045940573 0.0045940573 0.0045940573 0.0045940573 0.0045940573 0.0045940573 0.0045940573 0.0045940573 0.0045940573 0.0045940573 0.0045940573 0.0045940573 0.0045940573 0.0045940573 0.0045940573 0.0045940573 0.0045940573 0.0045940573 0.0045940573 0.0045940573 0.0045940573 0.0045940573 0.0045940573 0.0045940573 0.0045940573 0.0045940573 0.0045940573 0.0045940573 0.0045940573 0.0045940573 0.0045940573 0.0045940573 0.0045940573 0.0045940573 0.0045940573,15 15 15 15 15 15 15 15 14 15 15 15 14 15 15 14 15 15 15 15 15 15 14 15 15 14 15 15 14 14 14 15 15 14 15 15 15 15 15 15 15 15 15 14 14 15 15 15 15 15 15 15 14 14 15 15 15 15 15 15 14 15 14 15 14 15 15 15 14 14 15 15 15 14 14 15 15 15 15 15 14 15 15 15 15 14 14 15 15 15 15 15 15 15 15 14 15 14 14 15 15 15 14 14 15 14 15 15 15 15 14 15 15 15 14 15 15 15 15 14 14 15 15 15 14 15 15 15 14 15 15 15 15 15 15 15 14 15 15 15 15 15 15 14 14 15 15 14 15 14 15 15 15 15 14 15 15 15 15 15 14 14 14 15 14 14 15 15 15 15 15 15 14 14 15 15 15 15 15 15 15 15 14 15 14 15 15 15 14 15 15 14 14 15 15 14 15 15 15 14 15 15 15 14 14 15 15 15 15 15 14 14 15 15 15 15 15 15 15 14 14 15 15 15 15 14 15 15 14 14 14 14 15 14 15 15 15 15 15 15 15 15 15 15 15 15 15 14 15 15 15 14 15 15 14 15
248,1x1x768x512,0.07764038 0.090447985 0.102533594 0.09129545 0.07868647 0.0813322 0.08118877 0.08603234 0.07675506 0.08093108 0.09056905 0.07708367 0.06929841 0.09895855 0.06990226 0.0926129 0.07629612 0.11536643 0.089243785 0.055557568 0.076965004 0.0732575 0.08747955 0.092064366 0.06978326 0.0660105 0.071404666 0.10257567 0.06595031 0.08036223 0.07070901 0.07864594 0.08301815 0.07589243 0.064960256 0.086804286 0.09313937 0.070585676 0.082230695 0.068810456 0.07339116 0.07286226 0.08325183 0.10138896 0.09220743 0.07902259 0.10685206 0.08687687 0.06758735 0.0723643 0.061882615 0.06755909 0.0819503 0.07810598 0.07680514 0.07087465 0.08973638 0.08091691 0.06910408 0.07183865 0.06630763 0.079100505 0.09343257 0.09284471 0.09509029 0.06803051 0.06932735 0.10750982 0.06853017 0.08809411 0.08147141 0.09984446 0.097735904 0.08071467 0.09820486 0.096522436 0.09942803 0.07376831 0.090444185 0.07196931 0.08710605 0.06186744 0.08626072 0.07805421 0.06635289 0.082864136 0.081639655 0.099718146 0.06359724 0.08112728 0.07531129 0.07147067 0.082364604 0.06344174 0.0756685 0.06947918 0.08974337 0.0914052 0.08050195 0.109638795 0.06759648 0.0663046 0.08349599 0.09957035 0.0623126 0.08388271 0.07916607 0.06404967 0.11747916 0.06462927 0.07418506 0.06745193 0.07031105 0.06998958 0.06522185 0.07862246 0.075971276 0.076156214 0.07896767 0.12235065 0.083212115 0.07006813 0.092061795 0.06568825 0.0806195 0.07622555 0.09093273 0.0929655 0.086018845 0.076251596 0.07988897 0.08011091 0.07240191 0.09737466 0.06922878 0.071762346 0.06995134 0.07823811 0.079042606 0.07200169 0.07108919 0.112111755 0.08839822 0.08475918 0.07802163 0.062319152 0.078272305 0.13293514 0.06902348 0.067862146 0.08834373 0.08390367 0.06431459 0.08039153 0.07868901 0.0572683 0.09017646 0.08808621 0.0725492 0.0743953 0.08117333 0.06458265 0.09074551 0.09698737 0.07284657 0.067751534 0.0783409 0.07360041 0.08872868 0.06542509 0.075503536 0.06280234 0.0784937 0.08275304 0.07563794 0.06655826 0.07576764 0.083370596 0.07651801 0.10257424 0.07526738 0.09397212 0.07826542 0.08516276 0.07114951 0.07353386 0.0756149 0.075108215 0.08358376 0.06789028 0.09190034 0.069775864 0.07446464 0.07288973 0.10234971 0.0724287 0.06993797 0.07653254 0.08643888 0.07824995 0.060902577 0.079058394 0.07201991 0.0588507 0.070108965 0.060178105 0.07240814 0.09974175 0.08427446 0.094808586 0.077362046 0.07225524 0.07333274 0.07899657 0.08178602 0.10008372 0.07436361 0.108472966 0.09343712 0.10417037 0.08988472 0.06699891 0.09763278 0.07006186 0.070194975 0.10213063 0.08375146 0.0846693 0.08376401 0.07532845 0.06178264 0.080173016 0.07842857 0.075353 0.07967988 0.06766074 0.07012428 0.10126661 0.08438356 0.08226138 0.0872813 0.092316024 0.07725216 0.09516478 0.08232404 0.0819799 0.06924813 0.075371966 0.07367816 0.06291883 0.08949269 0.08547754 0.073582344 0.077706 0.07842367 0.0789022 0.069150954 0.06269949 0.10489766 0.07005139 0.09901779 0.0880961 0.06938671 0.086839855 0.06441825 0.07111174 0.054785598 0.07139774 0.08602508 0.09110679 0.073912136 0.08269511 0.10693662 0.08283785 0.083373554 0.074207164 0.08737696 0.10058404 0.0814532 0.072698474 0.08558033 0.07628579 0.10078709 0.09457944 0.08393638 0.057111822 0.08191648 0.07307431 0.0937778 0.09077341 0.08392329 0.07946999 0.073459566 0.080815874 0.08209418 0.064745575 0.061789986 0.073275395 0.07432659 0.08872115 0.08541753 0.087863564 0.07891632 0.08069284 0.0801068 0.07275589 0.08685636 0.08854691 0.069737405 0.09113416 0.09450592 0.08468964 0.079790145 0.08223795 0.07047642 0.07423573 0.0687545 0.08243716 0.071094394 0.08514667 0.085595004 0.09112191 0.0630969 0.06447816 0.07803746 0.07405591 0.08271731 0.07152702 0.06709738 0.086973585 0.06576263 0.08827619 0.08159683 0.08180666 0.08719136 0.0716888 0.08256206 0.07406563 0.11740917 0.064821444 0.084883735 0.086071596 0.07397277 0.07416136 0.08123421 0.07802751 0.09759105 0.09024056 0.09227758 0.06845344 0.06842368 0.08159633 0.085168265 0.08143833 0.06004384 0.0718536 0.06076535 0.08458895 0.074237354 0.07377761 0.103213124 0.08170275 0.08636878 0.067128 0.07555884 0.0716334 0.101649195 0.08185498 0.0678921 0.08131543 0.06073164 0.081861466 0.058984 0.0776011 0.08507593 0.090684354 0.07516816 0.07680033 0.085229725 0.10063233 0.0828352 0.07350712 0.059994303 0.09817635 0.08235064 0.090096965 0.09018076 0.07010588 0.09530059 0.07801078 0.07340504 0.078797065 0.08790047 0.079408705 0.07435718 0.08129835 0.063983686 0.08304218 0.06796572 0.057863798 0.08696039 0.091061406 0.06685216 0.0791965 0.073513165 0.07387145 0.06265893 0.09050035 0.07516014 0.087850705 0.0557642 0.081933685 0.07338593 0.081276864 0.076272294 0.082102835 0.07559222 0.09284476 0.06671965 0.07057753 0.07783717 0.084522076 0.091827214 0.07347451 0.07795495 0.09672995 0.061059535 0.08172708 0.08332357 0.08472422 0.07034323 0.081218496 0.08299109 0.096641295 0.068424284 0.06282319 0.06648263 0.073032424 0.08126165 0.06822805 0.07091353 0.106145166 0.07018783 0.068654895 0.07811771 0.08301168 0.079889566 0.08541058 0.107171014 0.061531235 0.08209927 0.077460736 0.070471525 0.09592206 0.079546176 0.06770792 0.085241266 0.09648167 0.08542523 0.08017919 0.08424802 0.065697625 0.09167813 0.0801206 0.09186558 0.071249716 0.076934144 0.080782525 0.09317271 0.07745127 0.07356443 0.09299928 0.068319656 0.07945656 0.073957354 0.07398748 0.08756003 0.06727475 0.088836744 0.07278297 0.089390606 0.057741724 0.08652025 0.07278376 0.07108305 0.066078074 0.071559936 0.102165684 0.088722095 0.07311014 0.086518034 0.0879288 0.06391393 0.0683668 0.08212308 0.07214756 0.07367503 0.07618717 0.07334338 0.09713819 0.06473803 0.08821965 0.08103902 0.09595166 0.07575037 0.07542218 0.06757647 0.08635167 0.083380066 0.084171824 0.07134349 0.076154776,0.07763091 0.09043695 0.102521084 0.091284305 0.078676865 0.081322275 0.08117886 0.08602184 0.0767457 0.08092121 0.090558 0.07707427 0.06928995 0.098946474 0.06989373 0.0926016 0.076286815 0.115352355 0.08923289 0.055550788 0.07695562 0.07324856 0.08746887 0.09205313 0.06977475 0.066002436 0.071395956 0.10256315 0.06594226 0.08035242 0.070700385 0.07863634 0.08300801 0.07588317 0.06495233 0.08679369 0.09312801 0.07057706 0.08222066 0.06880206 0.073382206 0.072853364 0.08324167 0.101376586 0.092196174 0.07901294 0.10683902 0.08686627 0.067579105 0.072355464 0.06187506 0.06755085 0.08194029 0.07809644 0.076795764 0.070865996 0.08972543 0.08090703 0.06909565 0.071829885 0.066299535 0.079090856 0.09342116 0.09283338 0.09507869 0.0680222 0.06931889 0.1074967 0.06852181 0.08808336 0.081461474 0.099832274 0.097723976 0.08070482 0.09819288 0.096510656 0.0994159 0.0737593 0.09043314 0.07196052 0.08709542 0.061859887 0.08625019 0.07804469 0.06634479 0.08285402 0.081629686 0.09970597 0.06358948 0.08111738 0.0753021 0.07146195 0.08235455 0.063434 0.07565926 0.0694707 0.089732416 0.091394044 0.08049213 0.109625414 0.06758823 0.06629651 0.083485804 0.0995582 0.062304992 0.083872475 0.07915641 0.06404185 0.11746482 0.06462139 0.074176006 0.0674437 0.07030247 0.06998103 0.06521389 0.078612864 0.075962 0.076146916 0.07895803 0.12233572 0.08320196 0.07005958 0.09205056 0.065680236 0.080609664 0.07621625 0.090921625 0.09295415 0.08600835 0.07624229 0.079879224 0.08010113 0.072393075 0.09736278 0.069220334 0.071753584 0.0699428 0.07822856 0.079032965 0.0719929 0.07108051 0.11209807 0.08838743 0.084748834 0.07801211 0.06231155 0.078262754 0.13291892 0.06901506 0.06785387 0.08833295 0.083893426 0.064306736 0.08038172 0.078679405 0.05726131 0.09016546 0.08807546 0.07254034 0.074386224 0.08116343 0.06457477 0.09073443 0.096975535 0.07283768 0.067743264 0.078331344 0.07359143 0.08871785 0.06541711 0.07549433 0.06279468 0.078484125 0.08274294 0.075628705 0.066550136 0.07575839 0.083360426 0.07650866 0.10256172 0.075258195 0.09396064 0.07825587 0.085152365 0.071140826 0.073524885 0.075605676 0.07509904 0.08357356 0.067881994 0.09188912 0.06976735 0.07445556 0.072880834 0.10233722 0.07241986 0.069929436 0.07652321 0.08642833 0.07824041 0.060895145 0.079048745 0.07201113 0.058843516 0.070100404 0.06017076 0.0723993 0.099729575 0.084264174 0.094797015 0.077352606 0.072246425 0.07332379 0.07898693 0.081776045 0.100071505 0.07435454 0.108459726 0.09342572 0.10415765 0.089873746 0.066990726 0.09762087 0.07005332 0.07018641 0.102118164 0.08374124 0.084658965 0.08375379 0.07531925 0.0617751 0.08016323 0.078419 0.075343795 0.07967015 0.06765248 0.07011573 0.101254255 0.084373266 0.08225134 0.087270655 0.09230476 0.077242725 0.09515317 0.08231399 0.081969894 0.069239676 0.07536277 0.073669165 0.06291115 0.08948177 0.08546711 0.07357336 0.07769652 0.078414105 0.078892566 0.06914252 0.06269184 0.10488486 0.07004283 0.09900571 0.088085346 0.06937825 0.08682925 0.06441039 0.07110306 0.05477891 0.07138902 0.08601458 0.09109566 0.07390312 0.08268502 0.10692357 0.08282774 0.083363384 0.07419811 0.0873663 0.10057177 0.08144326 0.0726896 0.08556988 0.07627648 0.10077479 0.0945679 0.083926134 0.057104852 0.08190648 0.07306539 0.093766354 0.09076233 0.08391305 0.0794603 0.073450595 0.08080601 0.082084164 0.06473768 0.061782446 0.07326645 0.074317515 0.088710316 0.08540711 0.08785284 0.07890669 0.080683 0.08009703 0.072747014 0.08684576 0.0885361 0.06972889 0.09112304 0.09449439 0.084679306 0.07978041 0.082227916 0.070467815 0.07422667 0.06874611 0.08242709 0.07108572 0.08513629 0.08558456 0.091110796 0.06308921 0.06447029 0.078027934 0.07404687 0.08270721 0.071518295 0.06708919 0.086962976 0.06575461 0.08826542 0.081586875 0.081796676 0.08718072 0.07168005 0.08255198 0.074056596 0.11739484 0.06481353 0.08487337 0.08606109 0.07396375 0.074152306 0.0812243 0.07801799 0.097579144 0.09022955 0.09226632 0.06844508 0.06841533 0.081586376 0.08515787 0.08142839 0.060036514 0.07184483 0.060757935 0.08457863 0.074228294 0.0737686 0.10320053 0.08169277 0.08635824 0.067119814 0.075549625 0.07162465 0.10163679 0.081844985 0.06788381 0.081305504 0.06072423 0.081851475 0.0589768 0.07759163 0.08506555 0.09067328 0.07515898 0.07679096 0.08521932 0.100620046 0.08282509 0.07349815 0.05998698 0.09816437 0.08234059 0.09008597 0.09016976 0.07009732 0.09528896 0.07800126 0.07339608 0.07878745 0.08788974 0.07939902 0.07434811 0.081288435 0.06397588 0.08303205 0.06795742 0.05785674 0.08694977 0.0910503 0.066844 0.079186834 0.073504195 0.07386243 0.06265128 0.0904893 0.07515097 0.08783998 0.055757392 0.081923686 0.073376976 0.08126694 0.07626298 0.082092814 0.075582996 0.09283343 0.06671151 0.07056892 0.07782767 0.08451176 0.09181601 0.07346555 0.07794543 0.09671814 0.06105208 0.08171711 0.0833134 0.084713876 0.07033465 0.08120858 0.08298096 0.0966295 0.06841593 0.062815525 0.06647452 0.073023506 0.08125173 0.06821973 0.07090488 0.10613222 0.07017927 0.06864652 0.078108184 0.083001554 0.07987982 0.08540016 0.10715793 0.061523724 0.082089245 0.07745128 0.07046292 0.095910355 0.07953647 0.067699656 0.08523086 0.096469894 0.0854148 0.0801694 0.08423774 0.06568961 0.091666944 0.08011082 0.09185436 0.07124102 0.076924756 0.08077267 0.09316134 0.07744182 0.073555455 0.092987925 0.06831132 0.07944686 0.073948324 0.07397845 0.08754934 0.06726654 0.088825904 0.07277409 0.0893797 0.05773468 0.08650969 0.07277488 0.07107437 0.066070005 0.071551204 0.10215321 0.08871126 0.07310122 0.08650748 0.087918065 0.063906126 0.06835846 0.08211306 0.07213876 0.073666036 0.07617787 0.073334426 0.097126335 0.06473012 0.088208884 0.081029125 0.09593996 0.07574113 0.075412974 0.06756822 0.08634113 0.08336989 0.08416156 0.07133479 0.07614548,0.000611267 0.000712102 0.00080725265 0.00071877404 0.00061950285 0.0006403329 0.0006392036 0.00067733735 0.0006042968 0.0006371749 0.00071305514 0.000606884 0.0005455902 0.0007791061 0.00055034435 0.0007291464 0.00060068356 0.00090828625 0.0007026212 0.00043740778 0.0006059497 0.00057676027 0.00068873126 0.0007248278 0.00054940744 0.00051970425 0.0005621729 0.00080758386 0.0005192304 0.0006326962 0.0005566959 0.00061918376 0.00065360643 0.0005975053 0.0005114357 0.00068341487 0.00073329144 0.0005557249 0.00064740673 0.0005417485 0.00057781267 0.00057364855 0.00065544626 0.0007982408 0.00072595413 0.0006221491 0.00084125216 0.00068398635 0.00053211895 0.0005697281 0.0004872052 0.0005318965 0.00064519915 0.0006149326 0.00060469104 0.00055799994 0.00070649944 0.00063706323 0.00054406025 0.00056558964 0.0005220436 0.00062276266 0.0007355997 0.00073097146 0.0007486511 0.00053560786 0.000545818 0.0008464307 0.0005395418 0.0006935697 0.0006414289 0.0007860809 0.00076948013 0.000635471 0.00077317224 0.00075992645 0.00078280235 0.0005807819 0.000712072 0.0005666183 0.00068579067 0.00048708572 0.0006791354 0.0006145251 0.0005223999 0.00065239385 0.00064275344 0.0007850864 0.00050070457 0.0006387195 0.00059292995 0.0005626925 0.00064846105 0.0004994803 0.0005957422 0.0005470134 0.00070655445 0.00071963813 0.0006337963 0.00086319225 0.0005321908 0.00052201975 0.00065736857 0.0007839228 0.00049059046 0.0006604132 0.00062327884 0.0005042666 0.00092491985 0.00050882983 0.00058406306 0.00053105276 0.0005535628 0.0005510317 0.0005134952 0.00061899895 0.000598126 0.00059958204 0.0006217167 0.00096327334 0.00065513357 0.00055165024 0.00072480756 0.0005171672 0.0006347218 0.00060012797 0.0007159183 0.00073192245 0.00067723106 0.000600333 0.0006289703 0.00063071755 0.0005700242 0.00076663605 0.000545042 0.0005649889 0.00055073074 0.0006159729 0.00062230683 0.0005668732 0.00055968907 0.00088266196 0.00069596403 0.00066731364 0.0006142686 0.0004906421 0.0006162422 0.0010466058 0.0005434257 0.0005342824 0.00069553504 0.00066057814 0.0005063522 0.00063292694 0.0006195229 0.00045087645 0.00070996425 0.00069350755 0.0005711838 0.0005857183 0.0006390821 0.0005084628 0.0007144443 0.0007635869 0.00057352503 0.0005334115 0.0006167822 0.0005794601 0.00069856574 0.00051509537 0.0005944435 0.00049444626 0.00061798526 0.00065151916 0.0005955016 0.0005240168 0.00059652276 0.0006563813 0.00060243043 0.0008075726 0.0005925842 0.0007398476 0.0006161879 0.0006704911 0.000560164 0.0005789361 0.0005953203 0.00059133105 0.0006580595 0.0005345039 0.00072353636 0.0005493492 0.00058626424 0.00057386485 0.00080580486 0.00057023513 0.0005506255 0.0006025449 0.000680538 0.0006160662 0.00047948933 0.00062243105 0.0005670168 0.00046333476 0.00055197167 0.0004737855 0.00057007326 0.0007852722 0.0006634974 0.0007464332 0.00060907565 0.00056886947 0.0005773527 0.0006219443 0.0006439059 0.0007879646 0.0005854688 0.0008540136 0.0007356356 0.00082013896 0.00070766726 0.00052748603 0.00076866825 0.00055160094 0.00055264885 0.00080408005 0.0006593798 0.000666606 0.00065947865 0.000593065 0.0004864181 0.00063120655 0.00061747245 0.00059325824 0.00062732404 0.00053269666 0.0005520924 0.0007972776 0.0006643564 0.00064764835 0.0006871705 0.00072680914 0.00060821045 0.00074923754 0.00064814166 0.0006454322 0.0005451943 0.00059340766 0.00058007217 0.00049536343 0.00070458086 0.0006729693 0.0005793178 0.0006117836 0.0006174339 0.0006212013 0.0005444293 0.00049363653 0.0008258651 0.0005515184 0.00077957247 0.0006935854 0.0005462854 0.0006836949 0.0005071684 0.0005598666 0.00043133 0.00056211825 0.0006772802 0.0007172887 0.0005819143 0.00065106316 0.0008419179 0.0006521869 0.0006564046 0.0005842371 0.00068792363 0.0007919037 0.0006412855 0.0005723591 0.0006737786 0.0006006022 0.00079350226 0.0007446291 0.0006608357 0.00044964452 0.0006449329 0.00057531806 0.0007383177 0.00071466406 0.0006607327 0.00062567164 0.00057835114 0.00063626777 0.000646332 0.0005097455 0.00048647594 0.00057690113 0.0005851773 0.0006985064 0.0006724969 0.0006917547 0.00062131253 0.0006352992 0.00063068524 0.0005728111 0.0006838249 0.00069713464 0.0005490464 0.00071750424 0.0007440503 0.0006667662 0.0006281922 0.0006474639 0.0005548647 0.00058446196 0.00054130796 0.00064903224 0.0005597301 0.0006703645 0.0006738942 0.00071740785 0.0004967654 0.00050764007 0.00061439315 0.00058304623 0.0006512379 0.0005631362 0.00052826136 0.0006847478 0.00051775284 0.0006950033 0.00064241636 0.0006440683 0.0006864623 0.0005644098 0.0006500156 0.0005831228 0.00092436885 0.00051034277 0.00066829426 0.00067764637 0.0005823917 0.00058387645 0.0006395614 0.00061431486 0.0007683397 0.0007104689 0.00072650646 0.00053893763 0.0005387034 0.0006424124 0.00067053444 0.00064116844 0.00047272845 0.00056570733 0.00047840894 0.00066597346 0.00058447476 0.0005808551 0.00081260264 0.0006432502 0.00067998614 0.00052850245 0.0005948789 0.0005639736 0.0008002897 0.0006444487 0.0005345182 0.0006402008 0.00047814354 0.0006444998 0.00046438424 0.0006109577 0.0006698075 0.0007139628 0.000591803 0.0006046532 0.0006710183 0.00079228386 0.000652166 0.0005787256 0.0004723384 0.0007729478 0.0006483511 0.00070933835 0.0007099981 0.0005519474 0.00075030676 0.00061418314 0.00057792186 0.00062037364 0.0006920452 0.0006251891 0.00058541814 0.0006400664 0.0005037471 0.00065379567 0.00053509785 0.00045556488 0.00068464386 0.0007169315 0.0005263307 0.00062351837 0.0005787732 0.00058159395 0.00049331714 0.00071251416 0.0005917399 0.0006916534 0.00043903457 0.0006450684 0.00057777145 0.0006398972 0.0006004959 0.0006464001 0.0005951417 0.00073097186 0.00052528747 0.0005556608 0.0006128163 0.0006654469 0.0007229607 0.0005784689 0.00061374356 0.00076156016 0.00048072505 0.0006434418 0.000656011 0.0006670384 0.00055381615 0.00063943764 0.0006533934 0.0007608622 0.0005387081 0.0004946104 0.0005234214 0.00057498825 0.0006397774 0.0005371632 0.0005583062 0.00083568675 0.0005525927 0.0005405238 0.00061502506 0.00065355556 0.000628975 0.0006724422 0.00084376324 0.0004844388 0.00064637203 0.0006098526 0.00055482617 0.00075519964 0.0006262714 0.00053306815 0.0006711091 0.0007596055 0.00067255745 0.00063125516 0.0006632893 0.000517241 0.000721787 0.00063079386 0.0007232627 0.00056095293 0.00060570677 0.00063600525 0.00073355384 0.0006097781 0.0005791768 0.0007321884 0.0005378844 0.0006255658 0.00058227027 0.00058250746 0.0006893649 0.00052965776 0.00069941656 0.0005730243 0.0007037771 0.00045460378 0.00068117864 0.00057303056 0.0005596407 0.00052023627 0.0005633953 0.000804356 0.0006985139 0.0005756002 0.00068116124 0.00069226825 0.00050319784 0.00053825555 0.0006465595 0.00056802173 0.00058004755 0.00059982575 0.0005774364 0.0007647743 0.000509686 0.00069455814 0.0006380246 0.0007554327 0.00059638685 0.00059380295 0.0005320332 0.0006798514 0.0006564558 0.00066268945 0.00056169124 0.0005995707,
249,512,,,0.0051682214 0.0051682214 0.0051682214 0.0051682214 0.0051682214 0.0051682214 0.0051682214 0.0051682214 0.0051682214 0.0051682214 0.0051682214 0.0051682214 0.0051682214 0.0051682214 0.0051682214 0.0051682214 0.0051682214 0.0051682214 0.0051682214 0.0051682214 0.0051682214 0.0051682214 0.0051682214 0.0051682214 0.0051682214 0.0051682214 0.0051682214 0.0051682214 0.0051682214 0.0051682214 0.0051682214 0.0051682214 0.0051682214 0.0051682214 0.0051682214 0.0051682214 0.0051682214 0.0051682214 0.0051682214 0.0051682214 0.0051682214 0.0051682214 0.0051682214 0.0051682214 0.0051682214 0.0051682214 0.0051682214 0.0051682214 0.0051682214 0.0051682214 0.0051682214 0.0051682214 0.0051682214 0.0051682214 0.0051682214 0.0051682214 0.0051682214 0.0051682214 0.0051682214 0.0051682214 0.0051682214 0.0051682214 0.0051682214 0.0051682214 0.0051682214 0.0051682214 0.0051682214 0.0051682214 0.0051682214 0.0051682214 0.0051682214 0.0051682214 0.0051682214 0.0051682214 0.0051682214 0.0051682214 0.0051682214 0.0051682214 0.0051682214 0.0051682214 0.0051682214 0.0051682214 0.0051682214 0.0051682214 0.0051682214 0.0051682214 0.0051682214 0.0051682214 0.0051682214 0.0051682214 0.0051682214 0.0051682214 0.0051682214 0.0051682214 0.0051682214 0.0051682214 0.0051682214 0.0051682214 0.0051682214 0.0051682214 0.0051682214 0.0051682214 0.0051682214 0.0051682214 0.0051682214 0.0051682214 0.0051682214 0.0051682214 0.0051682214 0.0051682214 0.0051682214 0.0051682214 0.0051682214 0.0051682214 0.0051682214 0.0051682214 0.0051682214 0.0051682214 0.0051682214 0.0051682214 0.0051682214 0.0051682214 0.0051682214 0.0051682214 0.0051682214 0.0051682214 0.0051682214 0.0051682214 0.0051682214 0.0051682214 0.0051682214 0.0051682214 0.0051682214 0.0051682214 0.0051682214 0.0051682214 0.0051682214 0.0051682214 0.0051682214 0.0051682214 0.0051682214 0.0051682214 0.0051682214 0.0051682214 0.0051682214 0.0051682214 0.0051682214 0.0051682214 0.0051682214 0.0051682214 0.0051682214 0.0051682214 0.0051682214 0.0051682214 0.0051682214 0.0051682214 0.0051682214 0.0051682214 0.0051682214 0.0051682214 0.0051682214 0.0051682214 0.0051682214 0.0051682214 0.0051682214 0.0051682214 0.0051682214 0.0051682214 0.0051682214 0.0051682214 0.0051682214 0.0051682214 0.0051682214 0.0051682214 0.0051682214 0.0051682214 0.0051682214 0.0051682214 0.0051682214 0.0051682214 0.0051682214 0.0051682214 0.0051682214 0.0051682214 0.0051682214 0.0051682214 0.0051682214 0.0051682214 0.0051682214 0.0051682214 0.0051682214 0.0051682214 0.0051682214 0.0051682214 0.0051682214 0.0051682214 0.0051682214 0.0051682214 0.0051682214 0.0051682214 0.0051682214 0.0051682214 0.0051682214 0.0051682214 0.0051682214 0.0051682214 0.0051682214 0.0051682214 0.0051682214 0.0051682214 0.0051682214 0.0051682214 0.0051682214 0.0051682214 0.0051682214 0.0051682214 0.0051682214 0.0051682214 0.0051682214 0.0051682214 0.0051682214 0.0051682214 0.0051682214 0.0051682214 0.0051682214 0.0051682214 0.0051682214 0.0051682214 0.0051682214 0.0051682214 0.0051682214 0.0051682214 0.0051682214 0.0051682214 0.0051682214 0.0051682214 0.0051682214 0.0051682214 0.0051682214 0.0051682214 0.0051682214 0.0051682214 0.0051682214 0.0051682214 0.0051682214 0.0051682214 0.0051682214 0.0051682214 0.0051682214 0.0051682214 0.0051682214 0.0051682214 0.0051682214 0.0051682214 0.0051682214 0.0051682214 0.0051682214 0.0051682214 0.0051682214 0.0051682214 0.0051682214 0.0051682214 0.0051682214 0.0051682214 0.0051682214 0.0051682214 0.0051682214 0.0051682214 0.0051682214 0.0051682214 0.0051682214 0.0051682214 0.0051682214 0.0051682214 0.0051682214 0.0051682214 0.0051682214 0.0051682214 0.0051682214 0.0051682214 0.0051682214 0.0051682214 0.0051682214 0.0051682214 0.0051682214 0.0051682214 0.0051682214 0.0051682214 0.0051682214 0.0051682214 0.0051682214 0.0051682214 0.0051682214 0.0051682214 0.0051682214 0.0051682214 0.0051682214 0.0051682214 0.0051682214 0.0051682214 0.0051682214 0.0051682214 0.0051682214 0.0051682214 0.0051682214 0.0051682214 0.0051682214 0.0051682214 0.0051682214 0.0051682214 0.0051682214 0.0051682214 0.0051682214 0.0051682214 0.0051682214 0.0051682214 0.0051682214 0.0051682214 0.0051682214 0.0051682214 0.0051682214 0.0051682214 0.0051682214 0.0051682214 0.0051682214 0.0051682214 0.0051682214 0.0051682214 0.0051682214 0.0051682214 0.0051682214 0.0051682214 0.0051682214 0.0051682214 0.0051682214 0.0051682214 0.0051682214 0.0051682214 0.0051682214 0.0051682214 0.0051682214 0.0051682214 0.0051682214 0.0051682214 0.0051682214 0.0051682214 0.0051682214 0.0051682214 0.0051682214 0.0051682214 0.0051682214 0.0051682214 0.0051682214 0.0051682214 0.0051682214 0.0051682214 0.0051682214 0.0051682214 0.0051682214 0.0051682214 0.0051682214 0.0051682214 0.0051682214 0.0051682214 0.0051682214 0.0051682214 0.0051682214 0.0051682214 0.0051682214 0.0051682214 0.0051682214 0.0051682214 0.0051682214 0.0051682214 0.0051682214 0.0051682214 0.0051682214 0.0051682214 0.0051682214 0.0051682214 0.0051682214 0.0051682214 0.0051682214 0.0051682214 0.0051682214 0.0051682214 0.0051682214 0.0051682214 0.0051682214 0.0051682214 0.0051682214 0.0051682214 0.0051682214 0.0051682214 0.0051682214 0.0051682214 0.0051682214 0.0051682214 0.0051682214 0.0051682214 0.0051682214 0.0051682214 0.0051682214 0.0051682214 0.0051682214 0.0051682214 0.0051682214 0.0051682214 0.0051682214 0.0051682214 0.0051682214 0.0051682214 0.0051682214 0.0051682214 0.0051682214 0.0051682214 0.0051682214 0.0051682214 0.0051682214 0.0051682214 0.0051682214 0.0051682214 0.0051682214 0.0051682214 0.0051682214 0.0051682214 0.0051682214 0.0051682214 0.0051682214 0.0051682214 0.0051682214 0.0051682214 0.0051682214 0.0051682214 0.0051682214 0.0051682214 0.0051682214 0.0051682214 0.0051682214 0.0051682214 0.0051682214 0.0051682214 0.0051682214 0.0051682214 0.0051682214 0.0051682214 0.0051682214 0.0051682214 0.0051682214 0.0051682214 0.0051682214 0.0051682214 0.0051682214 0.0051682214 0.0051682214 0.0051682214 0.0051682214 0.0051682214 0.0051682214 0.0051682214 0.0051682214 0.0051682214 0.0051682214 0.0051682214 0.0051682214 0.0051682214 0.0051682214 0.0051682214 0.0051682214 0.0051682214 0.0051682214 0.0051682214 0.0051682214 0.0051682214 0.0051682214 0.0051682214 0.0051682214 0.0051682214 0.0051682214 0.0051682214 0.0051682214 0.0051682214 0.0051682214 0.0051682214 0.0051682214 0.0051682214 0.0051682214 0.0051682214 0.0051682214 0.0051682214 0.0051682214 0.0051682214 0.0051682214 0.0051682214 0.0051682214 0.0051682214 0.0051682214 0.0051682214 0.0051682214 0.0051682214 0.0051682214 0.0051682214 0.0051682214 0.0051682214 0.0051682214 0.0051682214 0.0051682214 0.0051682214 0.0051682214 0.0051682214 0.0051682214 0.0051682214,15 15 15 15 15 15 15 15 15 15 15 15 15 15 15 15 15 15 15 16 15 15 15 15 15 15 15 15 15 15 15 15 15 15 15 15 15 15 15 15 15 15 15 15 15 15 15 15 15 15 16 15 15 15 15 15 15 15 15 15 15 15 15 15 15 15 15 15 15 15 15 15 15 15 15 15 15 15 15 15 15 16 15 15 15 15 15 15 15 15 15 15 15 15 15 15 15 15 15 15 15 15 15 15 15 15 15 15 15 15 15 15 15 15 15 15 15 15 15 15 15 15 15 15 15 15 15 15 15 15 15 15 15 15 15 15 15 15 15 15 15 15 15 15 15 15 15 14 15 15 15 15 15 15 15 16 15 15 15 15 15 15 15 15 15 15 15 15 15 15 15 15 15 15 15 15 15 15 15 15 15 15 15 15 15 15 15 15 15 15 15 15 15 15 15 15 15 15 15 15 16 15 15 16 15 16 15 15 15 15 15 15 15 15 15 15 15 15 15 15 15 15 15 15 15 15 15 15 15 15 16 15 15 15 15 15 15 15 15 15 15 15 15 15 15 15 15 15 15 15 15 15 15 15 15 15 15 15 15 15 15 15 15 15 15 15 16 15 15 15 15 15 15 15 15 15 15 15 15 15 15 15 15 15 15 16 15 15 15 15 15 15 15 15 15 15 16 15 15 15 15 15 15 15 15 15 15 15 15 15 15 15 15 15 15 15 15 15 15 15 15 15 15 15 15 15 15 15 15 15 15 15 15 15 15 15 15 15 15 15 15 15 15 15 15 15 15 15 15 15 15 15 15 15 16 15 16 15 15 15 15 15 15 15 15 15 15 15 15 15 16 15 16 15 15 15 15 15 15 15 15 15 16 15 15 15 15 15 15 15 15 15 15 15 15 15 15 15 15 16 15 15 15 15 15 15 15 15 15 15 16 15 15 15 15 15 15 15 15 15 15 15 15 15 15 15 16 15 15 15 15 15 15 15 15 15 15 15 15 15 15 15 15 15 15 15 15 15 15 16 15 15 15 15 15 15 15 15 15 15 15 15 15 15 15 15 15 15 15 15 15 15 15 15 15 15 15 15 15 15 15 16 15 15 15 15 15 15 15 15 15 15 15 15 15 15 15 15 15 15 15 15 15 15 15 15 15 15 15 15 15 15
254,1x1x512x256,0.11064457 0.13547152 0.10805848 0.114806175 0.11404464 0.078565404 0.066417634 0.08707466 0.09001294 0.07679028 0.094649404 0.13387811 0.0929004 0.09587222 0.090745285 0.1277146 0.12189369 0.08520272 0.10334129 0.093214646 0.091056705 0.10680779 0.094923936 0.09923515 0.07559425 0.11222003 0.108649716 0.10753802 0.08934418 0.109172985 0.11418128 0.0858918 0.113164224 0.109432615 0.09203208 0.15453562 0.10855517 0.09828974 0.103702605 0.14586498 0.08466403 0.1417723 0.08129737 0.07946796 0.12106535 0.0791081 0.09029964 0.085154176 0.078763545 0.12336062 0.09407558 0.11473543 0.10272567 0.096855916 0.09196307 0.14114599 0.11763931 0.099764414 0.10353056 0.095544785 0.10421881 0.08910202 0.12534049 0.09934553 0.07274204 0.11369918 0.09307471 0.101553135 0.0947878 0.10341319 0.10122103 0.14413129 0.103797354 0.08245423 0.11287112 0.07321803 0.10710278 0.106384724 0.09598869 0.09669576 0.1065931 0.09602654 0.07614421 0.15203278 0.12998953 0.09276703 0.11404303 0.095924094 0.1032482 0.10995182 0.10212048 0.08872239 0.12900487 0.08265899 0.14812188 0.11320934 0.081663966 0.13289171 0.120485574 0.1440853 0.114852265 0.099607095 0.08542523 0.1071449 0.107452355 0.07100182 0.09947219 0.10100143 0.14698976 0.101065226 0.08909785 0.13714376 0.15790236 0.10490031 0.09518949 0.12035334 0.095146686 0.129337 0.10922324 0.10332536 0.08307069 0.10704137 0.10545873 0.09243389 0.113443814 0.14179648 0.09197962 0.14583568 0.09445121 0.09791387 0.17447944 0.14487451 0.10100621 0.114734136 0.09818518 0.121945545 0.08744937 0.08857944 0.14222114 0.11051364 0.11585316 0.118835345 0.10401869 0.10274302 0.12978446 0.07599717 0.11133906 0.08168069 0.08714235 0.11028807 0.097423 0.095354564 0.08524379 0.113934964 0.08383896 0.09922341 0.09579943 0.095233835 0.12287692 0.07682064 0.11612439 0.12895642 0.0965394 0.11594887 0.0697408 0.06536965 0.09237715 0.08832151 0.083664805 0.09935557 0.12931463 0.102089785 0.09940641 0.10958669 0.14250174 0.10785365 0.11538732 0.09686108 0.115415305 0.12285614 0.11926589 0.100953475 0.10918821 0.10989117 0.08231003 0.09266937 0.11008105 0.099879146 0.13399479 0.06464844 0.12891413 0.08739045 0.118185766 0.13131379 0.103330426 0.0591793 0.11425097 0.084320195 0.110500306 0.09335279 0.12535566 0.13343544 0.09636543 0.085925825 0.09119246 0.086967446 0.08920467 0.089516684 0.13276944 0.11158515 0.10933037 0.105749294 0.08548478 0.10362356 0.10379553 0.07910274 0.12133703 0.092420414 0.08218446 0.11459975 0.1479986 0.08180229 0.12716 0.10323765 0.09050906 0.11047075 0.08562667 0.08579905 0.093610615 0.09485643 0.123296395 0.10340655 0.109817855 0.10884835 0.08949556 0.13128322 0.078552365 0.06995104 0.12818986 0.07924037 0.11533152 0.12615079 0.1487365 0.08488258 0.10232018 0.11377053 0.09361619 0.13983221 0.09354755 0.1171098 0.102771364 0.084608376 0.103880405 0.10916152 0.10274265 0.12998211,0.11063106 0.135455 0.108045295 0.11479217 0.11403072 0.078555815 0.06640953 0.08706403 0.09000195 0.07678091 0.09463785 0.13386177 0.09288907 0.09586052 0.090734206 0.12769902 0.12187882 0.08519232 0.10332868 0.09320327 0.091045596 0.10679476 0.09491235 0.09922303 0.07558502 0.11220633 0.10863646 0.107524894 0.08933327 0.109159656 0.11416734 0.085881315 0.11315042 0.109419264 0.09202085 0.15451677 0.10854192 0.09827775 0.10368995 0.14584719 0.0846537 0.141755 0.08128745 0.07945827 0.121050574 0.07909844 0.090288624 0.08514378 0.07875393 0.12334557 0.0940641 0.114721425 0.10271314 0.09684409 0.09195184 0.14112876 0.11762495 0.09975224 0.10351793 0.095533125 0.10420609 0.089091145 0.1253252 0.0993334 0.072733164 0.1136853 0.093063354 0.10154074 0.094776236 0.103400566 0.10120868 0.14411369 0.10378469 0.08244417 0.11285734 0.07320909 0.107089706 0.106371745 0.09597697 0.09668396 0.10658009 0.09601482 0.07613492 0.15201423 0.12997368 0.09275571 0.11402911 0.09591239 0.1032356 0.1099384 0.102108024 0.08871156 0.12898913 0.0826489 0.1481038 0.113195516 0.081654005 0.13287549 0.120470874 0.14406772 0.11483824 0.09959494 0.0854148 0.107131824 0.10743924 0.070993155 0.09946004 0.100989096 0.14697182 0.10105289 0.08908697 0.13712703 0.1578831 0.1048875 0.095177874 0.12033865 0.09513508 0.1293212 0.10920991 0.103312746 0.083060555 0.1070283 0.105445854 0.09242261 0.11342997 0.14177917 0.0919684 0.14581788 0.094439685 0.09790192 0.17445815 0.14485684 0.10099388 0.11472013 0.09817319 0.12193066 0.087438695 0.08856863 0.14220378 0.11050016 0.11583903 0.118820846 0.10400599 0.10273048 0.12976862 0.07598789 0.11132548 0.081670724 0.08713171 0.11027461 0.09741111 0.09534293 0.08523338 0.11392105 0.083828725 0.0992113 0.09578774 0.09522221 0.12286193 0.07681126 0.11611022 0.12894069 0.09652761 0.11593472 0.069732286 0.06536167 0.092365876 0.08831073 0.08365459 0.09934344 0.12929885 0.10207733 0.09939427 0.10957332 0.14248435 0.10784049 0.11537324 0.09684926 0.11540122 0.12284114 0.11925134 0.10094116 0.109174885 0.10987776 0.082299985 0.09265806 0.11006761 0.09986696 0.13397843 0.06464055 0.1288984 0.08737978 0.11817134 0.13129775 0.10331782 0.05917208 0.114237025 0.084309906 0.11048682 0.093341395 0.12534037 0.13341916 0.096353665 0.085915335 0.09118134 0.08695684 0.08919378 0.089505754 0.13275322 0.11157153 0.10931703 0.10573639 0.08547435 0.10361091 0.10378286 0.07909309 0.12132222 0.092409134 0.08217443 0.114585765 0.14798054 0.08179231 0.12714447 0.10322505 0.090498015 0.11045727 0.08561622 0.08578858 0.093599185 0.09484486 0.12328135 0.10339393 0.10980445 0.108835064 0.08948464 0.1312672 0.078542784 0.069942504 0.12817422 0.079230696 0.11531745 0.1261354 0.14871836 0.084872216 0.10230769 0.11375665 0.09360476 0.13981515 0.09353613 0.1170955 0.10275882 0.08459805 0.10386773 0.1091482 0.10273011 0.12996626,0.00087111077 0.0010665748 0.00085075037 0.00090387533 0.00089787965 0.0006185497 0.0005229097 0.0006855435 0.00070867676 0.0006045741 0.0007451799 0.0010540297 0.00073141 0.00075480726 0.0007144426 0.001005504 0.0009596757 0.0006708057 0.00081361167 0.000733884 0.00071689446 0.0008409036 0.0007473413 0.0007812837 0.0005951577 0.0008835144 0.00085540523 0.0008466527 0.0007034116 0.0008595248 0.00089895545 0.0006762308 0.00089094817 0.000861569 0.0007245736 0.0012166675 0.0008546608 0.0007738405 0.00081645633 0.001148403 0.00066656456 0.0011161811 0.00064005866 0.00062565564 0.0009531541 0.0006228224 0.00071093405 0.0006704235 0.0006201097 0.000971225 0.0007406622 0.0009033183 0.0008087649 0.0007625519 0.00072403025 0.0011112501 0.00092618074 0.0007854507 0.0008151018 0.00075222936 0.0008205204 0.00070150505 0.0009868126 0.00078215275 0.0005727021 0.00089515984 0.0007327823 0.0007995334 0.0007462696 0.0008141777 0.00079691876 0.0011347535 0.00081720226 0.0006491667 0.00088864047 0.00057644956 0.00084322604 0.0008375728 0.0007557242 0.000761291 0.0008392133 0.00075602223 0.00059948757 0.0011969624 0.0010234148 0.0007303599 0.000897867 0.00075521565 0.0008128788 0.00086565665 0.0008040002 0.0006985162 0.0010156624 0.00065077876 0.0011661716 0.0008913033 0.00064294494 0.0010462637 0.0009485896 0.0011343915 0.00090423814 0.00078421214 0.00067255745 0.00084355765 0.00084597827 0.00055900123 0.00078314997 0.00079518976 0.0011572584 0.00079569203 0.0007014722 0.0010797404 0.001243174 0.00082588586 0.0007494321 0.0009475484 0.0007490951 0.0010182771 0.0008599206 0.0008134862 0.0006540201 0.0008427425 0.00083028234 0.0007277371 0.00089314935 0.0011163714 0.00072416064 0.0011481723 0.0007436196 0.00077088125 0.0013736862 0.0011406051 0.0007952274 0.0009033081 0.0007730173 0.0009600839 0.00068849366 0.00069739076 0.0011197148 0.00087007997 0.0009121183 0.0009355972 0.0008189448 0.00080890144 0.0010218002 0.0005983298 0.00087657856 0.00064307655 0.00068607647 0.00086830405 0.0007670166 0.00075073174 0.000671129 0.00089701614 0.0006600687 0.00078119134 0.0007542342 0.0007497812 0.00096741674 0.0006048131 0.0009142537 0.001015281 0.00076006 0.00091287185 0.0005490731 0.0005146588 0.00072729035 0.0006953601 0.00065869757 0.0007822318 0.0010181012 0.0008037585 0.00078263204 0.00086278206 0.001121924 0.0008491377 0.0009084507 0.0007625926 0.00090867106 0.0009672531 0.00093898695 0.0007948123 0.0008596448 0.0008651792 0.00064803136 0.000729591 0.0008666741 0.000786354 0.0010549482 0.0005089807 0.001014948 0.0006880298 0.000930483 0.0010338406 0.00081352616 0.00046592188 0.0008995041 0.0006638575 0.00086997496 0.0007349716 0.0009869321 0.0010505446 0.0007586903 0.0006764987 0.00071796327 0.0006846995 0.00070231326 0.00070476974 0.001045301 0.00087851594 0.000860764 0.00083257 0.00067302637 0.0008158339 0.0008171879 0.00062278024 0.0009552931 0.000727631 0.00064704276 0.0009022501 0.0011652011 0.00064403395 0.0010011375 0.0008127957 0.0007125828 0.0008697423 0.0006741435 0.0006755006 0.0007370015 0.00074680994 0.0009707193 0.0008141254 0.000864602 0.000856969 0.00070460344 0.0010336001 0.00061844714 0.0005507284 0.0010092458 0.0006238638 0.0009080114 0.0009931921 0.0011710107 0.0006682852 0.0008055724 0.00089572166 0.00073704537 0.0011009068 0.00073650497 0.0009220118 0.00080912455 0.0006661264 0.00081785617 0.0008594346 0.00080889853 0.0010233563,
255,256,,,0.0068905884 0.0068905884 0.0068905884 0.0068905884 0.0068905884 0.0068905884 0.0068905884 0.0068905884 0.0068905884 0.0068905884 0.0068905884 0.0068905884 0.0068905884 0.0068905884 0.0068905884 0.0068905884 0.0068905884 0.0068905884 0.0068905884 0.0068905884 0.0068905884 0.0068905884 0.0068905884 0.0068905884 0.0068905884 0.0068905884 0.0068905884 0.0068905884 0.0068905884 0.0068905884 0.0068905884 0.0068905884 0.0068905884 0.0068905884 0.0068905884 0.0068905884 0.0068905884 0.0068905884 0.0068905884 0.0068905884 0.0068905884 0.0068905884 0.0068905884 0.0068905884 0.0068905884 0.0068905884 0.0068905884 0.0068905884 0.0068905884 0.0068905884 0.0068905884 0.0068905884 0.0068905884 0.0068905884 0.0068905884 0.0068905884 0.0068905884 0.0068905884 0.0068905884 0.0068905884 0.0068905884 0.0068905884 0.0068905884 0.0068905884 0.0068905884 0.0068905884 0.0068905884 0.0068905884 0.0068905884 0.0068905884 0.0068905884 0.0068905884 0.0068905884 0.0068905884 0.0068905884 0.0068905884 0.0068905884 0.0068905884 0.0068905884 0.0068905884 0.0068905884 0.0068905884 0.0068905884 0.0068905884 0.0068905884 0.0068905884 0.0068905884 0.0068905884 0.0068905884 0.0068905884 0.0068905884 0.0068905884 0.0068905884 0.0068905884 0.0068905884 0.0068905884 0.0068905884 0.0068905884 0.0068905884 0.0068905884 0.0068905884 0.0068905884 0.0068905884 0.0068905884 0.0068905884 0.0068905884 0.0068905884 0.0068905884 0.0068905884 0.0068905884 0.0068905884 0.0068905884 0.0068905884 0.0068905884 0.0068905884 0.0068905884 0.0068905884 0.0068905884 0.0068905884 0.0068905884 0.0068905884 0.0068905884 0.0068905884 0.0068905884 0.0068905884 0.0068905884 0.0068905884 0.0068905884 0.0068905884 0.0068905884 0.0068905884 0.0068905884 0.0068905884 0.0068905884 0.0068905884 0.0068905884 0.0068905884 0.0068905884 0.0068905884 0.0068905884 0.0068905884 0.0068905884 0.0068905884 0.0068905884 0.0068905884 0.0068905884 0.0068905884 0.0068905884 0.0068905884 0.0068905884 0.0068905884 0.0068905884 0.0068905884 0.0068905884 0.0068905884 0.0068905884 0.0068905884 0.0068905884 0.0068905884 0.0068905884 0.0068905884 0.0068905884 0.0068905884 0.0068905884 0.0068905884 0.0068905884 0.0068905884 0.0068905884 0.0068905884 0.0068905884 0.0068905884 0.0068905884 0.0068905884 0.0068905884 0.0068905884 0.0068905884 0.0068905884 0.0068905884 0.0068905884 0.0068905884 0.0068905884 0.0068905884 0.0068905884 0.0068905884 0.0068905884 0.0068905884 0.0068905884 0.0068905884 0.0068905884 0.0068905884 0.0068905884 0.0068905884 0.0068905884 0.0068905884 0.0068905884 0.0068905884 0.0068905884 0.0068905884 0.0068905884 0.0068905884 0.0068905884 0.0068905884 0.0068905884 0.0068905884 0.0068905884 0.0068905884 0.0068905884 0.0068905884 0.0068905884 0.0068905884 0.0068905884 0.0068905884 0.0068905884 0.0068905884 0.0068905884 0.0068905884 0.0068905884 0.0068905884 0.0068905884 0.0068905884 0.0068905884 0.0068905884 0.0068905884 0.0068905884 0.0068905884 0.0068905884 0.0068905884 0.0068905884 0.0068905884 0.0068905884 0.0068905884 0.0068905884 0.0068905884 0.0068905884 0.0068905884 0.0068905884 0.0068905884 0.0068905884 0.0068905884 0.0068905884 0.0068905884 0.0068905884 0.0068905884 0.0068905884 0.0068905884 0.0068905884 0.0068905884 0.0068905884 0.0068905884 0.0068905884 0.0068905884 0.0068905884 0.0068905884 0.0068905884 0.0068905884 0.0068905884,14 13 14 14 14 14 14 14 14 14 14 13 14 14 14 13 14 14 14 14 14 14 14 14 14 14 14 14 14 14 14 14 14 14 14 13 14 14 14 13 14 13 14 14 14 14 14 14 14 14 14 14 14 14 14 13 14 14 14 14 14 14 13 14 14 14 14 14 14 14 14 13 14 14 14 14 14 14 14 14 14 14 14 13 13 14 14 14 14 14 14 14 13 14 13 14 14 13 14 13 14 14 14 14 14 14 14 14 13 14 14 13 13 14 14 14 14 13 14 14 14 14 14 14 14 13 14 13 14 14 13 13 14 14 14 14 14 14 13 14 14 14 14 14 13 14 14 14 14 14 14 14 14 14 14 14 14 14 14 14 14 13 14 14 14 14 14 14 14 14 13 14 14 14 13 14 14 14 14 14 14 14 14 14 14 14 14 14 13 14 13 14 14 13 14 15 14 14 14 14 13 13 14 14 14 14 14 14 13 14 14 14 14 14 14 14 14 14 14 14 13 14 13 14 14 14 14 14 14 14 14 14 14 14 14 13 14 14 13 14 14 13 13 14 14 14 14 13 14 14 14 14 14 14 14 13
269,1x1x1024x512,0.11835427 0.06837357 0.0833401 0.092263736 0.086791515 0.08203774 0.08992242 0.078121275 0.11085981 0.09268169 0.11301014 0.123494714 0.09424704 0.116204016 0.11241114 0.091658525 0.11461608 0.09076741 0.074488185 0.07901235 0.118485525 0.080312446 0.1027593 0.10034864 0.07795713 0.08651125 0.101562835 0.10230466 0.08677959 0.102965534 0.10486518 0.09113548 0.07968337 0.13765448 0.1208474 0.10818701 0.09161985 0.111340396 0.09595984 0.090710975 0.18133648 0.08138125 0.10336843 0.07451696 0.08054047 0.1012931 0.105266616 0.0947251 0.11315121 0.09553642 0.103376515 0.10364128 0.073668174 0.113142386 0.07717299 0.08037209 0.099211745 0.093314566 0.07841924 0.12921473 0.0833048 0.095416665 0.083162 0.09577096 0.08521607 0.094040744 0.12065769 0.09851987 0.08383236 0.096999384 0.08867279 0.10285509 0.10571453 0.100815594 0.111013524 0.098870635 0.07583923 0.07796698 0.09365483 0.106623694 0.08165894 0.10927299 0.10881498 0.10783431 0.09700908 0.10478646 0.088517085 0.10144911 0.09658671 0.1036426 0.09783966 0.116340555 0.11827797 0.109460905 0.11476653 0.083284155 0.102698885 0.1154795 0.08853003 0.09915621 0.105748035 0.106881715 0.09373381 0.093184814 0.13236459 0.12141999 0.08946165 0.0731427 0.10676184 0.098440185 0.108225875 0.09019395 0.12422629 0.072651096 0.07304919 0.11533447 0.095216885 0.09734926 0.09800976 0.11027992 0.09805583 0.095844366 0.091491945 0.09318627 0.09610168 0.09700421 0.10467645 0.09927124 0.09883251 0.08777921 0.09094092 0.09854769 0.0942134 0.13278063 0.1320531 0.114427835 0.10894578 0.104502514 0.07359464 0.083620355 0.09839941 0.09956221 0.099240504 0.08435527 0.09561537 0.10155493 0.11297019 0.08861307 0.10160506 0.11096454 0.08843934 0.109570295 0.089106664 0.124724254 0.10234326 0.10422064 0.10132868 0.10548401 0.11396319 0.11937452 0.10943872 0.11534202 0.12452039 0.10547264 0.100952394 0.10891306 0.10081265 0.10452535 0.076809 0.09425739 0.105688795 0.095882975 0.09889761 0.106635965 0.1218458 0.09289676 0.10833033 0.100528315 0.08581922 0.08813287 0.08687463 0.09418214 0.11197384 0.10994114 0.0926739 0.10432521 0.09449623 0.13434727 0.08867028 0.09432173 0.079521075 0.099828504 0.10003794 0.09988394 0.121539705 0.13033621 0.077793226 0.09245458 0.10215536 0.08539393 0.10923086 0.0772922 0.08341327 0.09818927 0.083417706 0.110135935 0.09675682 0.099104196 0.08955462 0.11490789 0.098961666 0.11103771 0.09518086 0.12173139 0.10553497 0.09037297 0.10155343 0.11504366 0.10616207 0.10277855 0.09489576 0.10137612 0.08538907 0.08654563 0.11379085 0.09038013 0.0834091 0.098587066 0.12451005 0.08982575 0.074179105 0.12443582 0.13602515 0.09864157 0.10259508 0.10122475 0.09201429 0.09274083 0.08444933 0.122783616 0.08216769 0.091654226 0.08911561 0.09131559 0.10735833 0.091335356 0.10245909 0.11093817 0.13291734 0.088388644 0.10588635 0.106870845 0.08496498 0.092440374 0.088000685 0.13416366 0.07831373 0.11422563 0.094812796 0.09891671 0.10424025 0.09023881 0.07882581 0.10634747 0.10365829 0.09317315 0.103590816 0.10672706 0.09784323 0.10833375 0.12001978 0.083955646 0.11519739 0.09058305 0.089825034 0.10332432 0.101868235 0.08712058 0.09275896 0.11157941 0.076342076 0.08185013 0.08283961 0.112361096 0.108111806 0.093512684 0.100251675 0.13060892 0.095031105 0.08730551 0.10082046 0.12526445 0.11488175 0.13934252 0.111558676 0.09695702 0.117616676 0.093994394 0.09072371 0.11978304 0.09595791 0.106507376 0.084310584 0.087774195 0.0745192 0.12624381 0.0954897 0.10047764 0.10528156 0.104957685 0.08677556 0.111479945 0.07463282 0.10485225 0.10261694 0.118778676 0.101418756 0.089343324 0.075460866 0.06769339 0.099611394 0.081738606 0.07029976 0.04774993 0.14871635 0.10340263 0.10477744 0.09526322 0.083429985 0.11775941 0.08825612 0.09447097 0.10265961 0.10983891 0.090003565 0.078600794 0.14059855 0.09812536 0.07994922 0.08875286 0.10117278 0.1275001 0.09055701 0.09251773 0.07136747 0.11695489 0.0766875 0.08841977 0.104981974 0.090946816 0.11076946 0.089232005 0.08288543 0.11546924 0.15506268 0.08759839 0.113125145 0.097493745 0.14150761 0.09308841 0.092906415 0.09910031 0.09062635 0.091029935 0.10339518 0.10775768 0.10271291 0.08290792 0.098565586 0.10142043 0.10625144 0.12585193 0.10186888 0.10202322 0.101116166 0.09241883 0.097929135 0.09144425 0.098104954 0.08705774 0.09650635 0.11186334 0.08882956 0.111361146 0.097319335 0.11281421 0.09833502 0.103817925 0.09879821 0.08162164 0.09322911 0.09784567 0.09381808 0.112014614 0.1293501 0.08614936 0.0876532 0.093269005 0.06788516 0.09655695 0.11234836 0.105739474 0.09001885 0.104608856 0.116232745 0.07947011 0.11889175 0.093882 0.09644814 0.10167089 0.075261235 0.10221798 0.095181435 0.128614 0.08941089 0.08742678 0.10108725 0.10640336 0.08656629 0.09362533 0.12763098 0.10664804 0.11993476 0.092908375 0.11849113 0.092342906 0.098529845 0.08879946 0.102185376 0.11952664 0.08578627 0.091268584 0.10315624 0.112842545 0.11071055 0.13222991 0.0882095 0.09925002 0.07100609 0.083456725 0.080786735 0.09473233 0.09543334 0.08144705 0.078292176 0.09094084 0.08848949 0.09681651 0.09709016 0.09252033 0.09971188 0.08729655 0.17053013 0.10042478 0.096265055 0.095993966 0.1513371 0.076089926 0.089101434 0.10984534 0.09160133 0.11623597 0.078726724 0.10961566 0.10032733 0.10767241 0.0936671 0.124815665 0.10275446 0.10738645 0.109958045 0.086216286 0.13344735 0.105258904 0.08571176 0.093857214 0.117949866 0.08760469 0.115861066 0.11250652 0.11074045 0.07918902 0.10172699 0.09230531 0.10598743 0.1276709 0.076821 0.07711762 0.0870378 0.12604594 0.1043778 0.13345462 0.09190128 0.09358138 0.09859807 0.11690836 0.086203255 0.101127595 0.10383927 0.10348619 0.08136932 0.09168491 0.087388135 0.107490584 0.11220292 0.08637823 0.11592514 0.09216668 0.13216384 0.09158412 0.10300006 0.099528976,0.11833983 0.06836522 0.08332993 0.09225247 0.08678093 0.082027726 0.089911446 0.078111745 0.11084628 0.09267038 0.11299635 0.12347964 0.09423554 0.11618983 0.11239742 0.091647334 0.11460209 0.090756334 0.074479096 0.07900271 0.11847106 0.08030265 0.10274676 0.100336395 0.07794762 0.08650069 0.101550445 0.10229217 0.08676899 0.10295297 0.104852386 0.091124356 0.07967365 0.13763767 0.120832644 0.10817381 0.09160867 0.111326806 0.09594813 0.0906999 0.18131435 0.081371315 0.10335582 0.07450787 0.080530636 0.10128074 0.10525376 0.09471355 0.113137394 0.09552476 0.103363894 0.103628635 0.07365919 0.11312857 0.07716357 0.080362275 0.09919964 0.093303174 0.07840967 0.12919895 0.08329464 0.09540502 0.083151855 0.09575928 0.08520567 0.09402926 0.12064296 0.098507844 0.08382213 0.096987545 0.08866196 0.10284253 0.10570163 0.100803286 0.11099997 0.09885857 0.075829975 0.077957466 0.0936434 0.10661068 0.081648976 0.10925965 0.10880169 0.107821144 0.09699724 0.10477367 0.08850628 0.101436734 0.096574925 0.103629954 0.097827725 0.11632636 0.11826353 0.10944755 0.11475252 0.08327399 0.10268635 0.11546541 0.08851922 0.09914411 0.10573513 0.10686868 0.093722366 0.09317344 0.13234843 0.12140517 0.089450724 0.073133774 0.10674881 0.09842817 0.10821267 0.09018294 0.124211125 0.07264223 0.07304028 0.1153204 0.09520527 0.09733738 0.09799779 0.110266455 0.09804387 0.09583267 0.091480784 0.09317489 0.09608995 0.09699237 0.10466368 0.09925912 0.09882045 0.087768495 0.09092983 0.098535664 0.0942019 0.13276441 0.132037 0.114413865 0.10893249 0.10448976 0.07358565 0.083610155 0.0983874 0.09955006 0.0992284 0.08434498 0.095603704 0.10154253 0.1129564 0.08860225 0.10159265 0.110951 0.08842855 0.10955692 0.08909579 0.12470903 0.10233077 0.104207925 0.10131631 0.105471134 0.113949284 0.11935995 0.109425366 0.11532794 0.1245052 0.10545977 0.10094008 0.108899765 0.10080034 0.104512595 0.07679962 0.09424589 0.1056759 0.09587128 0.09888554 0.10662296 0.121830925 0.09288543 0.10831711 0.10051605 0.085808754 0.08812212 0.086864024 0.09417065 0.11196017 0.10992772 0.09266259 0.10431248 0.094484694 0.13433087 0.08865946 0.09431022 0.079511374 0.09981632 0.100025736 0.09987175 0.12152487 0.1303203 0.077783726 0.092443295 0.102142885 0.085383505 0.10921753 0.077282764 0.08340309 0.098177284 0.08340752 0.110122494 0.096745014 0.099092096 0.08954369 0.11489387 0.09894959 0.111024156 0.095169246 0.12171654 0.105522096 0.09036194 0.101541035 0.11502962 0.106149115 0.10276601 0.09488417 0.10136375 0.085378654 0.086535074 0.11377696 0.0903691 0.08339892 0.09857503 0.12449485 0.08981478 0.07417005 0.12442063 0.13600855 0.098629534 0.10258257 0.1012124 0.09200306 0.09272951 0.08443902 0.12276863 0.082157664 0.091643035 0.08910474 0.09130445 0.10734523 0.09132421 0.10244658 0.11092463 0.13290113 0.088377856 0.10587342 0.10685781 0.08495462 0.092429094 0.08798994 0.13414729 0.07830417 0.11421169 0.094801225 0.09890463 0.10422753 0.0902278 0.07881619 0.10633449 0.10364564 0.093161784 0.10357817 0.10671404 0.097831294 0.108320534 0.12000513 0.0839454 0.11518333 0.09057199 0.08981407 0.1033117 0.10185581 0.087109946 0.092747636 0.1115658 0.076332755 0.08184014 0.0828295 0.11234738 0.10809861 0.09350128 0.10023944 0.13059299 0.09501951 0.087294854 0.10080815 0.12524916 0.114867724 0.13932551 0.111545056 0.09694519 0.117602326 0.09398293 0.09071264 0.11976842 0.0959462 0.10649438 0.084300295 0.08776349 0.07451011 0.1262284 0.09547805 0.10046538 0.10526872 0.10494488 0.08676497 0.11146634 0.07462371 0.10483945 0.10260442 0.118764184 0.10140638 0.08933242 0.07545166 0.06768513 0.09959924 0.08172863 0.070291184 0.0477441 0.1486982 0.103390016 0.10476465 0.09525159 0.08341981 0.117745034 0.088245355 0.09445944 0.10264709 0.10982551 0.089992575 0.0785912 0.1405814 0.09811338 0.07993947 0.088742025 0.10116044 0.12748455 0.09054595 0.09250644 0.07135876 0.116940625 0.07667814 0.08840898 0.104969166 0.09093572 0.110755935 0.08922112 0.08287532 0.11545514 0.15504375 0.0875877 0.11311134 0.09748185 0.14149034 0.09307705 0.092895076 0.09908821 0.09061529 0.091018826 0.103382565 0.10774453 0.10270037 0.082897805 0.09855356 0.10140805 0.10623847 0.12583658 0.101856455 0.10201077 0.10110382 0.09240755 0.097917184 0.091433086 0.09809298 0.087047115 0.09649457 0.11184968 0.08881872 0.111347556 0.09730746 0.11280044 0.098323025 0.10380526 0.098786145 0.08161168 0.09321773 0.09783374 0.09380664 0.11200094 0.1293343 0.086138844 0.0876425 0.09325763 0.067876875 0.09654517 0.11233465 0.10572657 0.09000787 0.104596086 0.11621856 0.07946042 0.11887724 0.09387054 0.09643637 0.10165848 0.07525205 0.1022055 0.09516982 0.12859829 0.089399986 0.08741611 0.10107491 0.10639037 0.08655573 0.09361391 0.12761539 0.10663503 0.11992013 0.092897035 0.11847667 0.09233164 0.09851782 0.08878863 0.1021729 0.11951205 0.0857758 0.091257446 0.103143655 0.11282877 0.11069703 0.13221377 0.08819874 0.09923791 0.070997424 0.08344654 0.08077687 0.09472077 0.095421694 0.08143711 0.07828262 0.09092975 0.088478684 0.09680469 0.09707831 0.09250903 0.099699706 0.0872859 0.17050932 0.100412525 0.096253306 0.095982246 0.15131862 0.076080635 0.089090556 0.10983193 0.091590144 0.116221786 0.07871712 0.10960229 0.10031508 0.10765927 0.09365566 0.12480043 0.10274192 0.10737334 0.10994463 0.086205766 0.13343106 0.10524606 0.0857013 0.093845755 0.11793547 0.087593995 0.115846924 0.112492785 0.11072694 0.079179354 0.10171457 0.092294045 0.105974495 0.12765533 0.07681162 0.07710821 0.087027185 0.12603055 0.104365066 0.13343833 0.09189006 0.09356996 0.09858604 0.11689409 0.086192735 0.10111525 0.1038266 0.10347356 0.08135939 0.09167372 0.087377466 0.10747747 0.112189226 0.08636769 0.11591099 0.092155434 0.1321477 0.09157295 0.10298749 0.099516824,0.00093180966 0.0005383089 0.0006561412 0.0007263974 0.0006833144 0.00064588763 0.0007079641 0.0006150531 0.00087280537 0.00072968804 0.000889735 0.0009722806 0.0007420121 0.00091488054 0.000885019 0.00072163256 0.00090237864 0.0007146168 0.0005864496 0.0006220686 0.000932843 0.0006323043 0.0008090296 0.00079005037 0.0006137608 0.0006811078 0.0007996098 0.0008054502 0.0006832204 0.0008106533 0.0008256093 0.0007175146 0.0006273516 0.0010837612 0.00095143815 0.0008517623 0.00072132814 0.00087658904 0.0007554971 0.0007141725 0.001427672 0.000640719 0.00081382535 0.0005866761 0.0006340995 0.00079748617 0.0008287698 0.00074577593 0.0008908456 0.00075216347 0.0008138889 0.0008159735 0.0005799936 0.00089077617 0.00060758716 0.0006327738 0.0007810995 0.00073467067 0.000617399 0.0010173146 0.00065586326 0.0007512206 0.00065473904 0.0007540101 0.00067091075 0.0007403879 0.00094994454 0.0007756523 0.0006600168 0.0007636815 0.0006981257 0.0008097837 0.0008322963 0.00079372665 0.0008740155 0.00077841396 0.00059708644 0.0006138383 0.00073734956 0.0008394542 0.0006429053 0.0008603122 0.00085670623 0.0008489854 0.0007637578 0.0008249895 0.00069689984 0.00079871446 0.0007604325 0.0008159839 0.0007702971 0.0009159556 0.0009312089 0.0008617917 0.00090356317 0.00065570074 0.00080855394 0.0009091765 0.00069700176 0.0007806623 0.00083256006 0.0008414856 0.0007379714 0.0007336491 0.0010421136 0.0009559462 0.0007043364 0.0005758565 0.00084054185 0.00077502494 0.0008520683 0.00071010186 0.0009780404 0.0005719861 0.00057512027 0.0009080346 0.0007496478 0.00076643605 0.00077163614 0.0008682398 0.00077199895 0.00075458793 0.00072032114 0.00073366053 0.0007566138 0.0007637195 0.00082412345 0.0007815679 0.0007781138 0.00069109054 0.0007159829 0.0007758714 0.00074174727 0.0010453891 0.0010396614 0.00090089656 0.0008577361 0.000822754 0.0005794146 0.0006583477 0.0007747039 0.00078385876 0.000781326 0.00066413375 0.00075278507 0.0007995475 0.00088942045 0.00069765555 0.0007999421 0.00087362994 0.0006962878 0.0008626529 0.00070154166 0.0009819609 0.00080575404 0.0008205348 0.0007977662 0.00083048135 0.00089723844 0.0009398421 0.00086161704 0.000908094 0.0009803559 0.0008303919 0.0007948038 0.0008574785 0.0007937035 0.0008229338 0.0006047214 0.0007420936 0.0008320937 0.00075489195 0.0007786263 0.00083955086 0.00095929863 0.0007313813 0.0008528906 0.000791465 0.00067565945 0.00069387496 0.0006839687 0.0007415012 0.00088157615 0.0008655726 0.0007296267 0.0008213581 0.00074397394 0.0010577234 0.00069810596 0.0007426001 0.0006260738 0.0007859553 0.0007876042 0.0007863917 0.0009568887 0.001026144 0.00061247026 0.00072789995 0.0008042747 0.00067231106 0.0008599806 0.0006085257 0.0006567172 0.0007730495 0.00065675215 0.00086710625 0.00076177175 0.00078025274 0.00070506847 0.00090467616 0.0007791306 0.00087420596 0.00074936415 0.0009583979 0.00083088264 0.0007115113 0.0007995357 0.000905745 0.0008358198 0.00080918113 0.0007471195 0.0007981398 0.0006722729 0.00068137853 0.00089588156 0.0007115677 0.00065668445 0.00077618135 0.0009802744 0.000707203 0.00058401615 0.00097969 0.0010709334 0.0007766105 0.00080773677 0.00079694804 0.0007244336 0.00073015364 0.00066487415 0.00096668216 0.00064691075 0.0007215987 0.00070161215 0.0007189327 0.00084523804 0.00071908825 0.000806666 0.0008734223 0.0010464656 0.00069588865 0.00083364896 0.00084140006 0.000668934 0.00072778814 0.0006928342 0.0010562779 0.00061656826 0.0008993047 0.00074646634 0.00077877665 0.0008206892 0.0007104551 0.00062059995 0.0008372795 0.0008161074 0.00073355733 0.0008155762 0.00084026804 0.00077032513 0.0008529176 0.00094492227 0.0006609874 0.00090695533 0.00071316527 0.00070719735 0.00081347796 0.00080201426 0.0006859051 0.00073029636 0.00087847083 0.0006010453 0.00064441055 0.0006522008 0.000884625 0.00085117016 0.0007362305 0.0007892869 0.0010282912 0.00074818515 0.00068736105 0.00079376495 0.0009862139 0.0009044703 0.0010970513 0.0008783075 0.00076334795 0.00092600257 0.00074002304 0.0007142727 0.0009430584 0.0007554819 0.00083853846 0.00066378183 0.0006910511 0.0005866938 0.0009939244 0.00075179565 0.000791066 0.0008288875 0.0008263376 0.00068318873 0.0008776877 0.0005875883 0.0008255075 0.00080790883 0.00093515107 0.00079847546 0.00070340483 0.00059410755 0.00053295377 0.000784246 0.0006435325 0.0005534739 0.0003759378 0.001170852 0.0008140946 0.0008249185 0.0007500125 0.0006568489 0.00092712627 0.00069484534 0.0007437751 0.0008082448 0.00086476776 0.00070860295 0.00061882834 0.0011069401 0.0007725463 0.00062944466 0.0006987561 0.0007965389 0.0010038153 0.00071296026 0.00072839716 0.00056188 0.00092079234 0.0006037649 0.00069613365 0.0008265289 0.0007160293 0.00087209395 0.0007025285 0.00065256155 0.00090909563 0.001220817 0.00068966695 0.0008906405 0.0007675736 0.0011140972 0.00073289016 0.0007314573 0.0007802221 0.0007135062 0.0007166837 0.00081403594 0.00084838213 0.0008086643 0.0006527386 0.0007760123 0.00079848856 0.00083652337 0.0009908392 0.0008020193 0.0008032344 0.0007960931 0.00072761846 0.00077100145 0.0007199455 0.0007723857 0.00068541034 0.0007597998 0.0008807061 0.00069936004 0.0008767524 0.0007662005 0.00088819244 0.00077419705 0.00081736426 0.00077784364 0.00064261165 0.0007339979 0.0007703444 0.00073863496 0.00088189717 0.0010183803 0.0006782586 0.0006900984 0.00073431205 0.00053446356 0.00076019816 0.0008845248 0.00083249266 0.0007087234 0.00082359125 0.0009151068 0.0006256726 0.00093604124 0.0007391381 0.00075934146 0.00080046046 0.0005925358 0.0008047677 0.0007493687 0.0010125849 0.0007039369 0.00068831583 0.00079586543 0.0008377195 0.00068154116 0.00073711737 0.0010048456 0.00083964586 0.00094425294 0.00073147274 0.00093288714 0.0007270208 0.0007757309 0.0006991231 0.0008045111 0.00094103976 0.0006754 0.0007185626 0.0008121548 0.0008884155 0.00087163015 0.0010410533 0.0006944782 0.0007814009 0.0005590348 0.00065705937 0.00063603837 0.00074583286 0.00075135194 0.0006412371 0.0006163986 0.0007159823 0.00069668255 0.00076224166 0.00076439616 0.0007284176 0.00078503706 0.00068729057 0.0013425931 0.0007906498 0.00075790007 0.0007557657 0.0011914852 0.0005990601 0.00070150045 0.00086481834 0.0007211822 0.0009151322 0.00061981985 0.0008630101 0.0007898825 0.0008477108 0.0007374461 0.0009826806 0.0008089915 0.0008454594 0.0008657057 0.00067878555 0.0010506383 0.0008287091 0.0006748134 0.00073894294 0.00092862576 0.0006897165 0.0009121805 0.00088576996 0.00087186566 0.00062345946 0.0008009021 0.00072672474 0.0008344448 0.00100516 0.0006048159 0.00060715125 0.0006852534 0.0009923666 0.00082177215 0.0010506955 0.00072354375 0.0007367713 0.000776268 0.00092042587 0.00067868293 0.00079618307 0.00081753224 0.0008147524 0.0006406251 0.0007218403 0.0006880115 0.0008462793 0.0008833797 0.00068006053 0.000912685 0.00072563335 0.0010405331 0.0007210468 0.00081092515 0.00078359706,
270,512,,,0.004430007 0.004430007 0.004430007 0.004430007 0.004430007 0.004430007 0.004430007 0.004430007 0.004430007 0.004430007 0.004430007 0.004430007 0.004430007 0.004430007 0.004430007 0.004430007 0.004430007 0.004430007 0.004430007 0.004430007 0.004430007 0.004430007 0.004430007 0.004430007 0.004430007 0.004430007 0.004430007 0.004430007 0.004430007 0.004430007 0.004430007 0.004430007 0.004430007 0.004430007 0.004430007 0.004430007 0.004430007 0.004430007 0.004430007 0.004430007 0.004430007 0.004430007 0.004430007 0.004430007 0.004430007 0.004430007 0.004430007 0.004430007 0.004430007 0.004430007 0.004430007 0.004430007 0.004430007 0.004430007 0.004430007 0.004430007 0.004430007 0.004430007 0.004430007 0.004430007 0.004430007 0.004430007 0.004430007 0.004430007 0.004430007 0.004430007 0.004430007 0.004430007 0.004430007 0.004430007 0.004430007 0.004430007 0.004430007 0.004430007 0.004430007 0.004430007 0.004430007 0.004430007 0.004430007 0.004430007 0.004430007 0.004430007 0.004430007 0.004430007 0.004430007 0.004430007 0.004430007 0.004430007 0.004430007 0.004430007 0.004430007 0.004430007 0.004430007 0.004430007 0.004430007 0.004430007 0.004430007 0.004430007 0.004430007 0.004430007 0.004430007 0.004430007 0.004430007 0.004430007 0.004430007 0.004430007 0.004430007 0.004430007 0.004430007 0.004430007 0.004430007 0.004430007 0.004430007 0.004430007 0.004430007 0.004430007 0.004430007 0.004430007 0.004430007 0.004430007 0.004430007 0.004430007 0.004430007 0.004430007 0.004430007 0.004430007 0.004430007 0.004430007 0.004430007 0.004430007 0.004430007 0.004430007 0.004430007 0.004430007 0.004430007 0.004430007 0.004430007 0.004430007 0.004430007 0.004430007 0.004430007 0.004430007 0.004430007 0.004430007 0.004430007 0.004430007 0.004430007 0.004430007 0.004430007 0.004430007 0.004430007 0.004430007 0.004430007 0.004430007 0.004430007 0.004430007 0.004430007 0.004430007 0.004430007 0.004430007 0.004430007 0.004430007 0.004430007 0.004430007 0.004430007 0.004430007 0.004430007 0.004430007 0.004430007 0.004430007 0.004430007 0.004430007 0.004430007 0.004430007 0.004430007 0.004430007 0.004430007 0.004430007 0.004430007 0.004430007 0.004430007 0.004430007 0.004430007 0.004430007 0.004430007 0.004430007 0.004430007 0.004430007 0.004430007 0.004430007 0.004430007 0.004430007 0.004430007 0.004430007 0.004430007 0.004430007 0.004430007 0.004430007 0.004430007 0.004430007 0.004430007 0.004430007 0.004430007 0.004430007 0.004430007 0.004430007 0.004430007 0.004430007 0.004430007 0.004430007 0.004430007 0.004430007 0.004430007 0.004430007 0.004430007 0.004430007 0.004430007 0.004430007 0.004430007 0.004430007 0.004430007 0.004430007 0.004430007 0.004430007 0.004430007 0.004430007 0.004430007 0.004430007 0.004430007 0.004430007 0.004430007 0.004430007 0.004430007 0.004430007 0.004430007 0.004430007 0.004430007 0.004430007 0.004430007 0.004430007 0.004430007 0.004430007 0.004430007 0.004430007 0.004430007 0.004430007 0.004430007 0.004430007 0.004430007 0.004430007 0.004430007 0.004430007 0.004430007 0.004430007 0.004430007 0.004430007 0.004430007 0.004430007 0.004430007 0.004430007 0.004430007 0.004430007 0.004430007 0.004430007 0.004430007 0.004430007 0.004430007 0.004430007 0.004430007 0.004430007 0.004430007 0.004430007 0.004430007 0.004430007 0.004430007 0.004430007 0.004430007 0.004430007 0.004430007 0.004430007 0.004430007 0.004430007 0.004430007 0.004430007 0.004430007 0.004430007 0.004430007 0.004430007 0.004430007 0.004430007 0.004430007 0.004430007 0.004430007 0.004430007 0.004430007 0.004430007 0.004430007 0.004430007 0.004430007 0.004430007 0.004430007 0.004430007 0.004430007 0.004430007 0.004430007 0.004430007 0.004430007 0.004430007 0.004430007 0.004430007 0.004430007 0.004430007 0.004430007 0.004430007 0.004430007 0.004430007 0.004430007 0.004430007 0.004430007 0.004430007 0.004430007 0.004430007 0.004430007 0.004430007 0.004430007 0.004430007 0.004430007 0.004430007 0.004430007 0.004430007 0.004430007 0.004430007 0.004430007 0.004430007 0.004430007 0.004430007 0.004430007 0.004430007 0.004430007 0.004430007 0.004430007 0.004430007 0.004430007 0.004430007 0.004430007 0.004430007 0.004430007 0.004430007 0.004430007 0.004430007 0.004430007 0.004430007 0.004430007 0.004430007 0.004430007 0.004430007 0.004430007 0.004430007 0.004430007 0.004430007 0.004430007 0.004430007 0.004430007 0.004430007 0.004430007 0.004430007 0.004430007 0.004430007 0.004430007 0.004430007 0.004430007 0.004430007 0.004430007 0.004430007 0.004430007 0.004430007 0.004430007 0.004430007 0.004430007 0.004430007 0.004430007 0.004430007 0.004430007 0.004430007 0.004430007 0.004430007 0.004430007 0.004430007 0.004430007 0.004430007 0.004430007 0.004430007 0.004430007 0.004430007 0.004430007 0.004430007 0.004430007 0.004430007 0.004430007 0.004430007 0.004430007 0.004430007 0.004430007 0.004430007 0.004430007 0.004430007 0.004430007 0.004430007 0.004430007 0.004430007 0.004430007 0.004430007 0.004430007 0.004430007 0.004430007 0.004430007 0.004430007 0.004430007 0.004430007 0.004430007 0.004430007 0.004430007 0.004430007 0.004430007 0.004430007 0.004430007 0.004430007 0.004430007 0.004430007 0.004430007 0.004430007 0.004430007 0.004430007 0.004430007 0.004430007 0.004430007 0.004430007 0.004430007 0.004430007 0.004430007 0.004430007 0.004430007 0.004430007 0.004430007 0.004430007 0.004430007 0.004430007 0.004430007 0.004430007 0.004430007 0.004430007 0.004430007 0.004430007 0.004430007 0.004430007 0.004430007 0.004430007 0.004430007 0.004430007 0.004430007 0.004430007 0.004430007 0.004430007 0.004430007 0.004430007 0.004430007 0.004430007 0.004430007 0.004430007 0.004430007 0.004430007 0.004430007 0.004430007 0.004430007 0.004430007 0.004430007 0.004430007 0.004430007 0.004430007 0.004430007 0.004430007 0.004430007 0.004430007 0.004430007 0.004430007 0.004430007 0.004430007 0.004430007 0.004430007 0.004430007 0.004430007 0.004430007 0.004430007 0.004430007 0.004430007 0.004430007 0.004430007 0.004430007 0.004430007 0.004430007 0.004430007 0.004430007 0.004430007 0.004430007 0.004430007 0.004430007 0.004430007 0.004430007 0.004430007 0.004430007 0.004430007 0.004430007,15 15 15 15 15 15 15 15 15 15 15 15 15 15 15 15 15 15 15 15 15 15 15 15 15 15 15 15 15 15 15 15 15 14 15 15 15 15 15 15 14 15 15 15 15 15 15 15 15 15 15 15 15 15 15 15 15 15 15 14 15 15 15 15 15 15 15 15 15 15 15 15 15 15 15 15 15 15 15 15 15 15 15 15 15 15 15 15 15 15 15 15 15 15 15 15 15 15 15 15 15 15 15 15 14 15 15 15 15 15 15 15 14 15 15 15 15 15 15 15 15 15 15 15 15 15 15 15 15 15 15 15 15 14 14 15 15 15 15 15 15 15 15 15 15 15 15 15 15 15 15 15 15 14 15 15 15 15 15 15 15 15 14 15 15 15 15 15 15 15 15 15 15 15 15 15 15 15 15 15 15 15 15 15 15 15 15 14 15 15 15 15 15 15 15 14 15 15 15 15 15 15 15 15 15 15 15 15 15 15 15 15 15 15 15 15 15 15 15 15 15 15 15 15 15 15 15 15 14 15 15 14 14 15 15 15 15 15 15 15 15 15 15 15 15 15 15 15 14 15 15 15 15 15 15 14 15 15 15 15 15 15 15 15 15 15 15 15 15 15 15 15 15 15 15 15 15 15 15 15 15 15 15 15 15 15 15 14 15 15 15 14 15 14 15 15 15 15 15 15 15 15 15 15 15 14 15 15 15 15 15 15 15 15 15 15 15 15 15 15 15 15 15 16 14 15 15 15 15 15 15 15 15 15 15 15 14 15 15 15 15 14 15 15 15 15 15 15 15 15 15 15 15 15 14 15 15 15 14 15 15 15 15 15 15 15 15 15 15 15 15 14 15 15 15 15 15 15 15 15 15 15 15 15 15 15 15 15 15 15 15 15 15 15 14 15 15 15 15 15 15 15 15 15 15 15 15 15 15 15 15 15 15 14 15 15 15 15 15 15 14 15 15 15 15 15 15 15 15 15 15 15 15 15 15 14 15 15 15 15 15 15 15 15 15 15 15 15 15 15 15 15 14 15 15 15 14 15 15 15 15 15 15 15 15 15 15 14 15 15 15 15 14 15 15 15 15 15 15 15 15 15 15 15 15 14 15 15 15 14 15 14 15 15 15 15 15 15 15 15 15 15 15 15 15 15 15 15 14 15 15 15
278,1x1x512x512,0.2099323 0.16625561 0.15991613 0.17575939 0.17425984 0.15117101 0.17136016 0.1654323 0.16046734 0.15034834 0.1554147 0.14395851 0.14468749 0.16195026 0.1712288 0.14075844 0.21434712 0.12905315 0.15848595 0.1482916 0.15649451 0.16539419 0.17425083 0.14179905 0.17684849 0.1664399 0.16393468 0.16356663 0.18459782 0.16926655 0.18068534 0.14300978 0.1505762 0.16357401 0.1784001 0.151547 0.17024042 0.15630667 0.14714147 0.17246889 0.17855392 0.19166067 0.14903674 0.1614756 0.13642903 0.16966996 0.17332417 0.14987397 0.15692109 0.13467854 0.15005754 0.18240637 0.13082549 0.15392342 0.14003432 0.18800966 0.20784105 0.17304133 0.18285447 0.14878461 0.18095778 0.18982302 0.19039775 0.17114064 0.18007089 0.16689552 0.15209118 0.1808888 0.17569569 0.13879289 0.15611476 0.17490533 0.1519548 0.1402456 0.1588114 0.17553258 0.15034437 0.19250165 0.22142553 0.16154186 0.17611659 0.18319935 0.19092076 0.17690985 0.14616069 0.15291725 0.18666354 0.19481745 0.17599212 0.163275 0.108573966 0.13842982 0.1447346 0.14713171 0.15678218 0.14634705 0.15117061 0.20363882 0.17638671 0.18176226 0.15302424 0.15021212 0.16747701 0.18167752 0.17021735 0.12446814 0.19047017 0.15197866 0.12783563 0.1606737 0.17494366 0.14863296 0.20535547 0.1819718 0.1819612 0.13704045 0.1549769 0.177551 0.16283143 0.19081417 0.17882057 0.2012 0.14838144 0.16048796 0.16781154 0.18825948 0.13818157 0.19056658 0.20602347 0.21395461 0.13806774 0.15680924 0.15822637 0.16484272 0.16532412 0.15504277 0.14504099 0.17221408 0.17402795 0.20117459 0.18631442 0.16280876 0.18378197 0.15985139 0.17723493 0.22979076 0.13838416 0.17089106 0.15253119 0.19117378 0.17829584 0.17264567 0.17703226 0.15338063 0.15564628 0.17444906 0.17234398 0.15382086 0.14722125 0.17964232 0.16905983 0.14984082 0.22548945 0.15568613 0.21382864 0.15462744 0.18035752 0.19301486 0.1497498 0.18364571 0.20380968 0.15107273 0.15520468 0.14267796 0.18228202 0.20536363 0.15153767 0.2043233 0.16631867 0.13937308 0.18868099 0.19883052 0.20935674 0.1545225 0.21434194 0.16901183 0.15593627 0.14667754 0.22148253 0.17311856 0.16675414 0.13422354 0.26397362 0.19086692 0.18820012 0.19967131 0.15946728 0.16627474 0.1855792 0.16147801 0.19106527 0.15558624 0.16629493 0.1510532 0.1964682 0.17366065 0.13313355 0.16738667 0.17273484 0.21744257 0.19489837 0.17894 0.1933456 0.1801421 0.2638892 0.16682123 0.19469173 0.1411091 0.19873905 0.17616664 0.1677411 0.16314189 0.15112184 0.1574067 0.18950872 0.14869213 0.16720904 0.14931999 0.16209854 0.19216406 0.21580382 0.1614013 0.16115518 0.16645238 0.1824729 0.15890366 0.18428862 0.20312515 0.16818984 0.16535623 0.22401758 0.14544864 0.13908796 0.13965525 0.14311501 0.16579674 0.20924054 0.15590528 0.16559452 0.16262348 0.20105307 0.15949126 0.17723472 0.14538515 0.15875493 0.13116634 0.1356478 0.16850986 0.118721835 0.12970524 0.14766276 0.14265177 0.13565707 0.13321139 0.12733603 0.14127077 0.1349751 0.12992449 0.12232672 0.13864304 0.14121093 0.123232655 0.117256686 0.13471276 0.112550296 0.12015622 0.14919016 0.11981438 0.15468335 0.13510296 0.15400493 0.10950097 0.11940219 0.13313873 0.15557295 0.1311101 0.132705 0.1324935 0.12036202 0.13072906 0.15055992 0.11778676 0.12886965 0.12652563 0.13184075 0.13187017 0.1499073 0.11652972 0.14542282 0.14508466 0.14025235 0.11468315 0.13374639 0.15422979 0.13077952 0.14209211 0.12990518 0.115327284 0.15782666 0.13740693 0.17216283 0.15185072 0.16157518 0.12014478 0.14529088 0.1252994 0.15619852 0.12663358 0.12465428 0.124586396 0.15537156 0.14589915 0.170257 0.14174159 0.17516783 0.15699172 0.15357769 0.14867447 0.14120743 0.10978725 0.1132043 0.15320703 0.12258077 0.15246826 0.10954292 0.15078825 0.1373659 0.12637913 0.13231963 0.13066952 0.12048564 0.12655315 0.14841321 0.16944581 0.10735711 0.13655902 0.115584426 0.10960272 0.13527043 0.12912524 0.11743546 0.14916594 0.13545677 0.13662304 0.1633111 0.13393989 0.17101821 0.14428619 0.13409655 0.13540144 0.17034999 0.13907461 0.14505544 0.12087689 0.13938531 0.11872964 0.11355442 0.117622405 0.1525111 0.12242958 0.12354176 0.12347534 0.12357686 0.1373247 0.14054772 0.13042186 0.12410789 0.11087284 0.1290218 0.12628439 0.13059676 0.17166665 0.13553412 0.14557026 0.14366782 0.12723622 0.114703365 0.19331984 0.17039296 0.15055187 0.15619478 0.16387698 0.11927475 0.15900262 0.16336608 0.10740876 0.13068661 0.11080184 0.12002838 0.120575175 0.13306738 0.14176735 0.21515524 0.114360146 0.122672416 0.184473 0.12166421 0.118259236 0.13018686 0.177114 0.12401525 0.11387114 0.12573566 0.14154842 0.12708525 0.15233569 0.118282296 0.14795978 0.15761597 0.12553176 0.120549254 0.12708528 0.13108414 0.13138373 0.17388831 0.13418263 0.12626566 0.13001063 0.14598067 0.1135853 0.14281914 0.19316156 0.15818648 0.1738857 0.12978078 0.12854701 0.15672281 0.15747343 0.14852676 0.15266168 0.1036058 0.1614734 0.1563624 0.13418986 0.13672014 0.14167503 0.17412955 0.13691528 0.13483353 0.14828683 0.120558806 0.15808417 0.16198558 0.14332871 0.15926683 0.14756212 0.13116692 0.13812901 0.1687799 0.13151218 0.16140231 0.13967411 0.14380814 0.12422252 0.14185454 0.15838231 0.13396157 0.11492973 0.17582761 0.14633189 0.14326914 0.14733016 0.12655163 0.15178925 0.1064618 0.15296239 0.13466805 0.15053442 0.11497139 0.12662141 0.14611945 0.13002473 0.12517734 0.14422044 0.12954387 0.12485517 0.12237508 0.12473431 0.1297286 0.13580656 0.16547988 0.10568704 0.1357035 0.14098927 0.13545854 0.12760676 0.12425375 0.12935804 0.13752542 0.116460755 0.11854451 0.15499282 0.115125686 0.13556328 0.11656015 0.12523617 0.14475903 0.13907671 0.14906073 0.13885142 0.1336828 0.12834886,0.20990667 0.16623533 0.15989663 0.17573793 0.17423858 0.15115257 0.17133924 0.16541211 0.16044776 0.15032998 0.15539573 0.14394094 0.14466983 0.16193049 0.17120789 0.14074126 0.21432097 0.1290374 0.1584666 0.14827351 0.15647542 0.16537401 0.17422956 0.14178173 0.1768269 0.1664196 0.16391468 0.16354668 0.18457529 0.16924588 0.18066329 0.14299232 0.15055783 0.16355406 0.17837833 0.15152851 0.17021963 0.1562876 0.14712352 0.17244785 0.17853212 0.19163729 0.14901856 0.16145588 0.13641237 0.16964926 0.17330302 0.14985567 0.15690194 0.1346621 0.15003923 0.1823841 0.13080952 0.15390465 0.14001723 0.18798672 0.20781569 0.17302021 0.18283217 0.14876646 0.1809357 0.18979986 0.19037451 0.17111976 0.18004891 0.16687515 0.15207262 0.18086672 0.17567424 0.13877596 0.15609571 0.17488398 0.15193626 0.1402285 0.15879203 0.17551117 0.15032601 0.19247817 0.2213985 0.16152215 0.17609508 0.18317698 0.19089746 0.17688826 0.14614286 0.15289858 0.18664075 0.19479369 0.17597063 0.16325508 0.10856071 0.13841294 0.14471693 0.14711376 0.15676305 0.1463292 0.15115216 0.20361397 0.1763652 0.18174009 0.15300556 0.1501938 0.16745658 0.18165535 0.17019658 0.12445295 0.19044693 0.15196012 0.12782003 0.16065408 0.1749223 0.14861481 0.2053304 0.18194959 0.18193898 0.13702372 0.15495798 0.17752934 0.16281156 0.19079088 0.17879875 0.20117544 0.14836334 0.16046837 0.16779105 0.1882365 0.13816471 0.19054334 0.20599832 0.21392849 0.13805088 0.1567901 0.15820706 0.16482261 0.16530395 0.15502384 0.14502329 0.17219305 0.1740067 0.20115004 0.18629168 0.16278888 0.18375954 0.15983188 0.17721331 0.22976272 0.13836727 0.17087021 0.15251258 0.19115046 0.17827408 0.1726246 0.17701066 0.15336192 0.1556273 0.17442778 0.17232294 0.15380208 0.1472033 0.17962039 0.1690392 0.14982253 0.22546193 0.15566713 0.21380253 0.15460856 0.1803355 0.1929913 0.14973152 0.1836233 0.20378481 0.15105428 0.15518574 0.14266056 0.18225977 0.20533857 0.15151918 0.20429836 0.16629837 0.13935606 0.18865795 0.19880624 0.2093312 0.15450364 0.21431577 0.16899121 0.15591724 0.14665963 0.2214555 0.17309743 0.1667338 0.13420714 0.2639414 0.19084363 0.18817714 0.19964693 0.15944782 0.16625445 0.18555655 0.16145831 0.19104195 0.15556724 0.16627464 0.15103477 0.19644423 0.17363945 0.13311729 0.16736624 0.17271377 0.21741603 0.19487458 0.17891817 0.19332202 0.18012011 0.263857 0.16680086 0.19466798 0.14109188 0.19871481 0.17614514 0.16772063 0.16312198 0.1511034 0.1573875 0.1894856 0.14867398 0.16718863 0.14930177 0.16207877 0.19214061 0.21577747 0.1613816 0.16113551 0.16643207 0.18245062 0.15888426 0.18426612 0.20310037 0.1681693 0.16533604 0.22399025 0.1454309 0.13907099 0.1396382 0.14309755 0.1657765 0.20921502 0.15588625 0.16557431 0.16260363 0.20102854 0.1594718 0.1772131 0.14536741 0.15873556 0.13115032 0.13563125 0.16848929 0.11870735 0.1296894 0.14764473 0.14263435 0.13564052 0.13319513 0.12732048 0.14125353 0.13495862 0.12990864 0.12231179 0.13862611 0.1411937 0.12321762 0.11724238 0.1346963 0.112536564 0.12014156 0.14917195 0.11979976 0.15466447 0.13508646 0.15398613 0.10948761 0.11938762 0.13312247 0.15555397 0.1310941 0.1326888 0.13247733 0.120347336 0.13071312 0.15054154 0.11777238 0.12885392 0.12651019 0.13182466 0.13185407 0.14988902 0.116515495 0.14540507 0.14506696 0.14023525 0.11466916 0.13373005 0.15421097 0.13076356 0.14207478 0.12988932 0.11531321 0.15780741 0.13739015 0.17214182 0.1518322 0.16155545 0.120130114 0.14527315 0.1252841 0.15617944 0.12661813 0.124639064 0.1245712 0.15535259 0.14588134 0.17023621 0.14172429 0.17514646 0.15697256 0.15355894 0.14865634 0.14119019 0.109773844 0.11319048 0.15318833 0.122565806 0.15244967 0.10952955 0.15076984 0.13734914 0.12636371 0.13230349 0.13065358 0.12047094 0.1265377 0.1483951 0.16942513 0.10734401 0.13654235 0.115570314 0.10958934 0.13525392 0.12910949 0.117421135 0.14914775 0.13544023 0.13660637 0.16329117 0.13392355 0.17099735 0.14426859 0.13408017 0.13538492 0.1703292 0.13905764 0.14503774 0.12086214 0.13936831 0.11871515 0.11354056 0.117608055 0.1524925 0.12241463 0.123526685 0.12346028 0.12356178 0.13730796 0.14053057 0.13040595 0.12409274 0.11085931 0.12900606 0.12626897 0.13058083 0.1716457 0.13551758 0.1455525 0.1436503 0.12722069 0.114689365 0.19329624 0.17037217 0.1505335 0.15617572 0.16385698 0.1192602 0.15898322 0.16334614 0.10739565 0.13067065 0.110788316 0.12001373 0.12056046 0.13305114 0.14175005 0.21512899 0.11434619 0.12265744 0.18445048 0.12164936 0.118244804 0.13017097 0.17709239 0.12400011 0.11385725 0.1257203 0.14153114 0.12706974 0.1523171 0.11826786 0.14794172 0.15759674 0.12551644 0.12053455 0.12706977 0.13106816 0.1313677 0.17386709 0.13416626 0.12625025 0.12999476 0.14596286 0.11357144 0.14280172 0.19313799 0.15816718 0.17386448 0.12976494 0.12853132 0.1567037 0.15745422 0.14850862 0.15264304 0.103593156 0.16145368 0.15634333 0.13417348 0.13670346 0.14165772 0.1741083 0.13689856 0.13481706 0.14826873 0.12054409 0.15806489 0.16196582 0.14331122 0.15924738 0.14754412 0.1311509 0.13811214 0.16875929 0.13149613 0.16138262 0.13965707 0.14379059 0.124207355 0.14183722 0.15836298 0.13394523 0.114915706 0.17580615 0.14631402 0.14325164 0.1473122 0.12653618 0.15177073 0.10644881 0.15294372 0.13465162 0.15051605 0.11495736 0.12660596 0.14610162 0.13000886 0.12516207 0.14420284 0.12952806 0.12483993 0.12236015 0.12471909 0.12971276 0.13578998 0.16545968 0.10567414 0.13568693 0.14097208 0.135442 0.1275912 0.12423858 0.12934224 0.13750863 0.11644655 0.11853004 0.1549739 0.115111634 0.13554673 0.11654592 0.1252209 0.14474137 0.13905974 0.14904253 0.13883448 0.13366649 0.1283332,0.0016528084 0.0013089395 0.0012590286 0.0013837633 0.0013719572 0.0011901776 0.0013491279 0.0013024575 0.0012633682 0.0011837006 0.0012235885 0.0011333933 0.0011391325 0.0012750432 0.0013480936 0.0011081989 0.0016875667 0.0010160424 0.0012477685 0.001167508 0.0012320899 0.0013021575 0.0013718863 0.0011163916 0.0013923377 0.0013103905 0.0012906668 0.0012877692 0.0014533488 0.0013326447 0.0014225455 0.0011259237 0.0011854947 0.0012878273 0.0014045538 0.0011931378 0.0013403121 0.001230611 0.0011584528 0.001357857 0.0014057647 0.001508955 0.0011733745 0.0012713062 0.0010741132 0.0013358209 0.0013645907 0.0011799659 0.0012354484 0.0010603316 0.0011814112 0.0014360953 0.0010299962 0.0012118476 0.0011024978 0.0014802103 0.001636344 0.0013623639 0.0014396233 0.0011713895 0.0014246905 0.001494487 0.0014990119 0.0013473997 0.001417708 0.0013139776 0.0011974223 0.0014241474 0.0013832618 0.001092724 0.0012291002 0.0013770392 0.0011963486 0.0011041614 0.0012503309 0.0013819777 0.0011836694 0.0015155762 0.0017432953 0.001271828 0.0013865755 0.0014423385 0.0015031296 0.001392821 0.0011507311 0.0012039258 0.0014696122 0.0015338085 0.0013855955 0.0012854731 0.0008548087 0.0010898657 0.0011395034 0.001158376 0.0012343547 0.0011521984 0.0011901745 0.0016032596 0.0013887023 0.0014310243 0.0012047682 0.0011826283 0.0013185558 0.0014303571 0.0013401306 0.0009799445 0.0014995821 0.0011965364 0.0010064569 0.0012649928 0.001377341 0.0011701953 0.0016167748 0.0014326739 0.0014325904 0.001078927 0.0012201415 0.0013978687 0.0012819808 0.0015022904 0.0014078642 0.0015840585 0.0011682153 0.0012635305 0.0013211895 0.0014821772 0.0010879111 0.0015003412 0.001622034 0.0016844763 0.0010870148 0.0012345676 0.0012457249 0.0012978158 0.0013016058 0.0012206602 0.0011419157 0.0013558508 0.0013701315 0.0015838586 0.0014668637 0.0012818022 0.0014469256 0.0012585188 0.0013953804 0.0018091552 0.0010895061 0.0013454348 0.0012008864 0.0015051217 0.0014037329 0.0013592489 0.0013937847 0.0012075742 0.0012254118 0.001373447 0.0013568735 0.0012110401 0.0011590811 0.0014143337 0.0013310174 0.001179705 0.0017752908 0.0012257254 0.0016834845 0.0012173903 0.0014199646 0.0015196166 0.0011789884 0.0014458528 0.0016046048 0.0011894038 0.001221935 0.0011233115 0.0014351163 0.0016168391 0.0011930644 0.0016086486 0.001309436 0.0010972918 0.0014854957 0.0015654034 0.0016482772 0.0012165641 0.0016875258 0.0013306395 0.0012276948 0.0011548002 0.0017437441 0.0013629718 0.0013128646 0.0010567491 0.0020782787 0.0015027057 0.0014817098 0.0015720231 0.0012554947 0.0013090902 0.0014610752 0.0012713253 0.0015042673 0.0012249389 0.0013092491 0.0011892501 0.0015468049 0.0013672397 0.0010481676 0.0013178444 0.001359951 0.0017119372 0.0015344456 0.0014088044 0.0015222206 0.0014182685 0.0020776142 0.0013133925 0.0015328188 0.0011109597 0.0015646835 0.0013869696 0.0013206349 0.001284425 0.0011897905 0.0012392716 0.0014920125 0.0011706613 0.0013164459 0.0011756044 0.0012762108 0.0015129182 0.0016990352 0.0012707213 0.0012687836 0.0013104887 0.0014366191 0.0012510571 0.0014509143 0.0015992156 0.0013241677 0.0013018586 0.0017637027 0.0011451251 0.0010950471 0.0010995134 0.0011267524 0.0013053268 0.0016473624 0.0012274508 0.0013037347 0.0012803435 0.0015829019 0.0012556834 0.0013953787 0.0011446254 0.0012498862 0.0010326797 0.0010679626 0.0013266873 0.00093470357 0.0010211763 0.0011625569 0.0011231051 0.0010680356 0.0010487805 0.0010025235 0.0011122326 0.0010626663 0.0010229027 0.000963085 0.0010915442 0.0011117614 0.00097021746 0.0009231684 0.0010606009 0.00088611466 0.00094599655 0.0011745823 0.0009433052 0.0012178305 0.001063673 0.0012124892 0.00086210715 0.00094006 0.0010482084 0.0012248344 0.001032237 0.0010447938 0.0010431285 0.0009476168 0.0010292372 0.0011853665 0.0009273416 0.0010145978 0.0009961432 0.0010379894 0.0010382211 0.0011802285 0.0009174448 0.0011449218 0.0011422596 0.0011042146 0.00090290676 0.0010529925 0.0012142597 0.0010296344 0.0011186991 0.0010227506 0.00090797804 0.001242578 0.0010818122 0.0013554475 0.0011955291 0.0012720902 0.0009459064 0.0011438831 0.000986489 0.0012297594 0.0009969932 0.0009814099 0.0009808756 0.0012232488 0.001148672 0.0013404427 0.0011159392 0.001379106 0.0012360044 0.0012091255 0.0011705223 0.0011117337 0.000864361 0.0008912636 0.0012062073 0.0009650851 0.0012003911 0.00086243736 0.0011871641 0.0010814894 0.0009949899 0.0010417597 0.0010287683 0.0009485901 0.0009963599 0.0011684654 0.0013340561 0.00084522844 0.0010751366 0.00091000245 0.0008629082 0.0010649915 0.0010166102 0.00092457584 0.0011743917 0.0010664585 0.0010756407 0.0012857573 0.0010545161 0.0013464359 0.0011359731 0.0010557494 0.001066023 0.0013411748 0.001094942 0.0011420294 0.0009516704 0.0010973882 0.000934765 0.00089402014 0.0009260477 0.0012007284 0.00096389477 0.00097265106 0.0009721282 0.0009729274 0.001081165 0.00110654 0.0010268185 0.0009771083 0.000872908 0.0010157957 0.0009942439 0.0010281955 0.0013515409 0.0010670676 0.0011460826 0.0011311047 0.0010017377 0.00090306584 0.0015220176 0.0013415131 0.0011853031 0.0012297301 0.0012902125 0.0009390567 0.0012518363 0.0012861901 0.000845635 0.0010289027 0.00087234896 0.00094498997 0.00094929495 0.0010476467 0.0011161421 0.0016939291 0.0009003637 0.0009658066 0.001452366 0.000957869 0.00093106146 0.0010249682 0.0013944282 0.0009763788 0.00089651375 0.0009899237 0.0011144184 0.0010005492 0.0011993473 0.00093124295 0.0011648955 0.0012409192 0.0009883185 0.0009490909 0.0010005494 0.0010320328 0.0010343913 0.0013690322 0.0010564273 0.0009940965 0.0010235808 0.0011493139 0.0008942633 0.001124423 0.0015207715 0.0012454109 0.0013690117 0.0010217712 0.0010120576 0.0012338874 0.001239797 0.0011693592 0.0012019137 0.00081569416 0.0012712888 0.0012310498 0.0010564841 0.0010764052 0.0011154151 0.0013709315 0.0010779414 0.0010615517 0.0011674704 0.0009491661 0.0012446054 0.0012753214 0.0011284348 0.0012539164 0.0011617647 0.0010326842 0.0010874972 0.0013288133 0.0010354026 0.0012707292 0.0010996619 0.0011322093 0.0009780107 0.0011168285 0.0012469527 0.0010546868 0.0009048481 0.0013843004 0.001152079 0.0011279656 0.0011599385 0.0009963479 0.0011950451 0.0008381796 0.0012042812 0.0010602489 0.0011851657 0.0009051761 0.0009968973 0.0011504064 0.0010236918 0.0009855281 0.0011354554 0.001019906 0.0009829915 0.0009634657 0.0009820401 0.0010213603 0.0010692124 0.0013028322 0.00083207985 0.001068401 0.0011100164 0.0010664725 0.001004655 0.0009782566 0.0010184429 0.0010827451 0.0009169019 0.0009333074 0.0012202669 0.00090639084 0.0010672971 0.00091768446 0.0009859913 0.0011396959 0.0010949585 0.0011735632 0.0010931848 0.0010524921 0.0010104976,
279,512,,,0.0045940573 0.0045940573 0.0045940573 0.0045940573 0.0045940573 0.0045940573 0.0045940573 0.0045940573 0.0045940573 0.0045940573 0.0045940573 0.0045940573 0.0045940573 0.0045940573 0.0045940573 0.0045940573 0.0045940573 0.0045940573 0.0045940573 0.0045940573 0.0045940573 0.0045940573 0.0045940573 0.0045940573 0.0045940573 0.0045940573 0.0045940573 0.0045940573 0.0045940573 0.0045940573 0.0045940573 0.0045940573 0.0045940573 0.0045940573 0.0045940573 0.0045940573 0.0045940573 0.0045940573 0.0045940573 0.0045940573 0.0045940573 0.0045940573 0.0045940573 0.0045940573 0.0045940573 0.0045940573 0.0045940573 0.0045940573 0.0045940573 0.0045940573 0.0045940573 0.0045940573 0.0045940573 0.0045940573 0.0045940573 0.0045940573 0.0045940573 0.0045940573 0.0045940573 0.0045940573 0.0045940573 0.0045940573 0.0045940573 0.0045940573 0.0045940573 0.0045940573 0.0045940573 0.0045940573 0.0045940573 0.0045940573 0.0045940573 0.0045940573 0.0045940573 0.0045940573 0.0045940573 0.0045940573 0.0045940573 0.0045940573 0.0045940573 0.0045940573 0.0045940573 0.0045940573 0.0045940573 0.0045940573 0.0045940573 0.0045940573 0.0045940573 0.0045940573 0.0045940573 0.0045940573 0.0045940573 0.0045940573 0.0045940573 0.0045940573 0.0045940573 0.0045940573 0.0045940573 0.0045940573 0.0045940573 0.0045940573 0.0045940573 0.0045940573 0.0045940573 0.0045940573 0.0045940573 0.0045940573 0.0045940573 0.0045940573 0.0045940573 0.0045940573 0.0045940573 0.0045940573 0.0045940573 0.0045940573 0.0045940573 0.0045940573 0.0045940573 0.0045940573 0.0045940573 0.0045940573 0.0045940573 0.0045940573 0.0045940573 0.0045940573 0.0045940573 0.0045940573 0.0045940573 0.0045940573 0.0045940573 0.0045940573 0.0045940573 0.0045940573 0.0045940573 0.0045940573 0.0045940573 0.0045940573 0.0045940573 0.0045940573 0.0045940573 0.0045940573 0.0045940573 0.0045940573 0.0045940573 0.0045940573 0.0045940573 0.0045940573 0.0045940573 0.0045940573 0.0045940573 0.0045940573 0.0045940573 0.0045940573 0.0045940573 0.0045940573 0.0045940573 0.0045940573 0.0045940573 0.0045940573 0.0045940573 0.0045940573 0.0045940573 0.0045940573 0.0045940573 0.0045940573 0.0045940573 0.0045940573 0.0045940573 0.0045940573 0.0045940573 0.0045940573 0.0045940573 0.0045940573 0.0045940573 0.0045940573 0.0045940573 0.0045940573 0.0045940573 0.0045940573 0.0045940573 0.0045940573 0.0045940573 0.0045940573 0.0045940573 0.0045940573 0.0045940573 0.0045940573 0.0045940573 0.0045940573 0.0045940573 0.0045940573 0.0045940573 0.0045940573 0.0045940573 0.0045940573 0.0045940573 0.0045940573 0.0045940573 0.0045940573 0.0045940573 0.0045940573 0.0045940573 0.0045940573 0.0045940573 0.0045940573 0.0045940573 0.0045940573 0.0045940573 0.0045940573 0.0045940573 0.0045940573 0.0045940573 0.0045940573 0.0045940573 0.0045940573 0.0045940573 0.0045940573 0.0045940573 0.0045940573 0.0045940573 0.0045940573 0.0045940573 0.0045940573 0.0045940573 0.0045940573 0.0045940573 0.0045940573 0.0045940573 0.0045940573 0.0045940573 0.0045940573 0.0045940573 0.0045940573 0.0045940573 0.0045940573 0.0045940573 0.0045940573 0.0045940573 0.0045940573 0.0045940573 0.0045940573 0.0045940573 0.0045940573 0.0045940573 0.0045940573 0.0045940573 0.0045940573 0.0045940573 0.0045940573 0.0045940573 0.0045940573 0.0045940573 0.0045940573 0.0045940573 0.0045940573 0.0045940573 0.0045940573 0.0045940573 0.0045940573 0.0045940573 0.0045940573 0.0045940573 0.0045940573 0.0045940573 0.0045940573 0.0045940573 0.0045940573 0.0045940573 0.0045940573 0.0045940573 0.0045940573 0.0045940573 0.0045940573 0.0045940573 0.0045940573 0.0045940573 0.0045940573 0.0045940573 0.0045940573 0.0045940573 0.0045940573 0.0045940573 0.0045940573 0.0045940573 0.0045940573 0.0045940573 0.0045940573 0.0045940573 0.0045940573 0.0045940573 0.0045940573 0.0045940573 0.0045940573 0.0045940573 0.0045940573 0.0045940573 0.0045940573 0.0045940573 0.0045940573 0.0045940573 0.0045940573 0.0045940573 0.0045940573 0.0045940573 0.0045940573 0.0045940573 0.0045940573 0.0045940573 0.0045940573 0.0045940573 0.0045940573 0.0045940573 0.0045940573 0.0045940573 0.0045940573 0.0045940573 0.0045940573 0.0045940573 0.0045940573 0.0045940573 0.0045940573 0.0045940573 0.0045940573 0.0045940573 0.0045940573 0.0045940573 0.0045940573 0.0045940573 0.0045940573 0.0045940573 0.0045940573 0.0045940573 0.0045940573 0.0045940573 0.0045940573 0.0045940573 0.0045940573 0.0045940573 0.0045940573 0.0045940573 0.0045940573 0.0045940573 0.0045940573 0.0045940573 0.0045940573 0.0045940573 0.0045940573 0.0045940573 0.0045940573 0.0045940573 0.0045940573 0.0045940573 0.0045940573 0.0045940573 0.0045940573 0.0045940573 0.0045940573 0.0045940573 0.0045940573 0.0045940573 0.0045940573 0.0045940573 0.0045940573 0.0045940573 0.0045940573 0.0045940573 0.0045940573 0.0045940573 0.0045940573 0.0045940573 0.0045940573 0.0045940573 0.0045940573 0.0045940573 0.0045940573 0.0045940573 0.0045940573 0.0045940573 0.0045940573 0.0045940573 0.0045940573 0.0045940573 0.0045940573 0.0045940573 0.0045940573 0.0045940573 0.0045940573 0.0045940573 0.0045940573 0.0045940573 0.0045940573 0.0045940573 0.0045940573 0.0045940573 0.0045940573 0.0045940573 0.0045940573 0.0045940573 0.0045940573 0.0045940573 0.0045940573 0.0045940573 0.0045940573 0.0045940573 0.0045940573 0.0045940573 0.0045940573 0.0045940573 0.0045940573 0.0045940573 0.0045940573 0.0045940573 0.0045940573 0.0045940573 0.0045940573 0.0045940573 0.0045940573 0.0045940573 0.0045940573 0.0045940573 0.0045940573 0.0045940573 0.0045940573 0.0045940573 0.0045940573 0.0045940573 0.0045940573 0.0045940573 0.0045940573 0.0045940573 0.0045940573 0.0045940573 0.0045940573 0.0045940573 0.0045940573 0.0045940573 0.0045940573 0.0045940573 0.0045940573 0.0045940573 0.0045940573 0.0045940573 0.0045940573 0.0045940573 0.0045940573 0.0045940573 0.0045940573 0.0045940573 0.0045940573 0.0045940573 0.0045940573 0.0045940573 0.0045940573 0.0045940573 0.0045940573 0.0045940573 0.0045940573 0.0045940573 0.0045940573 0.0045940573 0.0045940573 0.0045940573 0.0045940573 0.0045940573 0.0045940573 0.0045940573 0.0045940573 0.0045940573 0.0045940573 0.0045940573 0.0045940573 0.0045940573 0.0045940573 0.0045940573 0.0045940573 0.0045940573 0.0045940573 0.0045940573 0.0045940573 0.0045940573 0.0045940573 0.0045940573 0.0045940573 0.0045940573 0.0045940573 0.0045940573 0.0045940573 0.0045940573 0.0045940573 0.0045940573 0.0045940573 0.0045940573 0.0045940573 0.0045940573 0.0045940573 0.0045940573 0.0045940573 0.0045940573 0.0045940573 0.0045940573 0.0045940573 0.0045940573 0.0045940573 0.0045940573 0.0045940573 0.0045940573 0.0045940573 0.0045940573 0.0045940573 0.0045940573 0.0045940573 0.0045940573 0.0045940573,15 15 15 15 15 15 15 15 15 15 15 15 15 15 15 15 15 15 15 15 15 15 15 15 15 15 15 15 15 15 15 15 15 15 15 15 15 15 15 15 15 15 15 15 15 15 15 15 15 15 15 15 15 15 15 15 15 15 15 15 15 15 15 15 15 15 15 15 15 15 15 15 15 15 15 15 15 15 15 15 15 15 15 15 15 15 15 15 15 15 16 15 15 15 15 15 15 15 15 15 15 15 15 15 15 15 15 15 15 15 15 15 15 15 15 15 15 15 15 15 15 15 15 15 15 15 15 15 15 15 15 15 15 15 15 15 15 15 15 15 15 15 15 15 15 15 15 15 15 15 15 15 15 15 15 15 15 15 15 15 15 15 15 15 15 15 15 15 15 15 15 15 15 15 15 15 15 15 15 15 15 15 15 15 15 15 15 15 15 15 15 15 14 15 15 15 15 15 15 15 15 15 15 15 15 15 15 15 15 15 15 15 15 15 14 15 15 15 15 15 15 15 15 15 15 15 15 15 15 15 15 15 15 15 15 15 15 15 15 15 15 15 15 15 15 15 15 15 15 15 15 15 15 15 15 15 15 15 16 15 15 15 15 15 15 15 15 15 16 15 15 16 16 15 16 16 15 16 15 15 15 16 16 15 15 15 15 15 16 15 15 16 15 15 15 15 15 16 15 15 15 16 15 15 15 15 15 16 15 15 15 15 15 16 15 15 15 15 15 15 15 15 15 15 15 15 15 15 15 16 16 15 16 15 16 15 15 15 15 15 16 15 15 15 16 15 16 16 15 15 16 15 15 15 15 15 15 15 15 15 15 15 15 16 15 16 16 16 15 16 16 16 16 15 15 15 15 16 15 15 15 15 15 15 15 15 16 15 15 15 15 15 16 15 15 16 15 16 16 16 15 15 15 16 16 15 16 16 15 15 15 16 15 15 15 15 16 15 15 15 16 15 15 15 15 15 15 15 15 16 15 15 15 15 15 15 15 15 15 15 16 15 15 15 15 15 15 15 15 15 16 15 15 15 15 15 15 15 15 15 15 15 15 15 15 15 15 16 15 15 15 15 15 15 16 15 15 15 16 15 15 15 15 15 15 15 16 15 15 15 15 16 15 15 15 15 15 15 15 16 16 15 16 15 16 15 15 15 15 15 15 15
287,1x1x256x512,0.17074135 0.1931219 0.17980064 0.16520776 0.14111595 0.14332098 0.12147172 0.19054927 0.21135756 0.14261466 0.18087935 0.16624244 0.17748259 0.13609585 0.24213086 0.1398344 0.14502375 0.13068654 0.1455896 0.15815999 0.20968118 0.13195856 0.16207741 0.16894557 0.15828966 0.121910855 0.23185971 0.110346474 0.1518301 0.19246183 0.19323012 0.16784173 0.17001766 0.17572431 0.18577607 0.15436463 0.15964489 0.13949968 0.143522 0.1411144 0.16661845 0.16070913 0.15155284 0.15899342 0.13478528 0.16212133 0.17473784 0.19194077 0.14143497 0.13620308 0.13439153 0.19823469 0.16645187 0.15315966 0.16588372 0.1439045 0.13630502 0.16637452 0.18322594 0.11236301 0.115253925 0.15000777 0.13833071 0.1685525 0.16527121 0.14200056 0.17766489 0.16374007 0.13935602 0.20227894 0.2016161 0.19274628 0.22606516 0.16716266 0.19421168 0.17183667 0.22266848 0.19690245 0.16004513 0.15895534 0.18424603 0.18060954 0.17310575 0.13721035 0.15794069 0.15642287 0.19842142 0.18478307 0.19190578 0.16307497 0.17202358 0.15873027 0.22962302 0.15559599 0.15860966 0.18380165 0.1588751 0.1655684 0.13626377 0.18329065 0.16986135 0.20195675 0.17483005 0.18971866 0.16485716 0.172001 0.18747635 0.117482156 0.19778918 0.21267237 0.1647945 0.1650318 0.15923008 0.26720786 0.13878135 0.1564677 0.19319281 0.15853906 0.17327051 0.24111505 0.1816952 0.123898715 0.23777692 0.13047126 0.15816757 0.15333994 0.14396232 0.23407859 0.16164024 0.2191821 0.18132274 0.140064 0.15500468 0.17308563 0.112533666 0.14543024 0.16815355 0.18946181 0.11091866 0.15750602 0.16288503 0.15240681 0.13085967 0.13269347 0.1396105 0.13644274 0.1491668 0.12532884 0.1254918 0.16178364 0.15616688 0.14645354 0.15752713 0.1744905 0.17125876 0.16849124 0.15834983 0.12155952 0.1907222 0.14287151 0.18901493 0.14742184 0.19576958 0.19423091 0.17237459 0.1559934 0.18987347 0.19093303 0.1603614 0.17647484 0.1698115 0.1508187 0.17765014 0.1796568 0.13599578 0.19626993 0.18989217 0.20762374 0.17230836 0.17035386 0.16175541 0.14049742 0.16139871 0.15557896 0.18900122 0.17350003 0.16225287 0.19609424 0.18791918 0.15912318 0.21119808 0.15701334 0.19493198 0.21304636 0.13548005 0.15080926 0.18190986 0.18584314 0.19969642 0.22916768 0.23587973 0.1971858 0.1486522 0.19438715 0.19862191 0.13783279 0.17829496 0.17919803 0.17789243 0.25382796 0.18855232 0.16618948 0.16466238 0.17212693 0.2377245 0.17219141 0.12819782 0.14958602 0.20151782 0.15978952 0.15949078 0.1857939 0.13398474 0.23496266 0.17446788 0.19570352 0.19248779 0.20494094 0.12815267 0.15223652 0.12747848 0.1879299 0.170807 0.1671806 0.2223584 0.18156038 0.14195845 0.20000751 0.14859337 0.18234378 0.10907379 0.16834825 0.19707046 0.16444364 0.1831159 0.17810385 0.181157 0.18413796 0.1692305 0.21810517 0.17333415 0.1869772 0.1996959 0.17010501 0.15409584 0.22463097 0.16289905 0.17085272 0.20316435 0.16039354 0.17709243 0.133131 0.17199442 0.15881358 0.17462385 0.14880979 0.16021542 0.14131297 0.16665487 0.124944046 0.1476009 0.1503816 0.14312312 0.13334472 0.15434879 0.13424344 0.1428425 0.117045015 0.16130802 0.13708633 0.113599814 0.16260237 0.15292689 0.1886258 0.15516317 0.15294905 0.15844001 0.13140821 0.14147033 0.18918633 0.16810468 0.13900237 0.17716391 0.22244138 0.19098435 0.16641721 0.22897331 0.15963261 0.20047586 0.1768909 0.1660874 0.17624126 0.163576 0.18956392 0.18812251 0.24232347 0.19682513 0.16696976 0.19499907 0.21967626 0.19066872 0.15551932 0.16560188 0.18279739 0.20475578 0.15659356 0.1931565 0.16412504 0.18729068 0.17625117 0.14879344 0.19454336 0.14035383 0.196622 0.13338761 0.15087932 0.17284173 0.19354841 0.17485297 0.17305177 0.13713984 0.18474197 0.17948863 0.1928615 0.20449585 0.1795167 0.22288136 0.16036268 0.14804584 0.20285586 0.21230969 0.17805347 0.19444324 0.1973465 0.15734568 0.14537297 0.22149302 0.16964059 0.20004761 0.19092971 0.15398848 0.17191245 0.21155953 0.17291512 0.2263424 0.20311196 0.19822167 0.22246304 0.16633286 0.19947362 0.17843577 0.17250553 0.13610813 0.23486823 0.24733225 0.2116695 0.20757197 0.1667832 0.17310242 0.21809834 0.21056436 0.18229358 0.22114614 0.1667818 0.16319422 0.15901297 0.23514077 0.24218728 0.1340547 0.1902682 0.18414475 0.16351978 0.17999002 0.18118984 0.1699574 0.17752557 0.20122927 0.16243993 0.16351442 0.2166662 0.17514355 0.10872699 0.21806669 0.16314873 0.2324804 0.20024799 0.1434487 0.24662858 0.2318115 0.16899131 0.14945766 0.15875788 0.12558323 0.17165916 0.17246686 0.18292989 0.18108854 0.19381863 0.14783983 0.14037707 0.20632023 0.13609579 0.19664909 0.14800298 0.14763542 0.11226703 0.20259176 0.15814021 0.15846856 0.13895613 0.20008193 0.13739893 0.19008933 0.13739364 0.23041743 0.15473439 0.14928417 0.16804361 0.18224365 0.17685272 0.2017022 0.15293805 0.20530847 0.1756669 0.12738292 0.14347889 0.16730914 0.15890093 0.19216663 0.21692139 0.17228211 0.2036638 0.2020724 0.19406828 0.20618504 0.20739736 0.16020137 0.11672109 0.16534212 0.12193244 0.22478612 0.14131775 0.23788296 0.2321857 0.18462487 0.15476575 0.17873603 0.13758862 0.1762719 0.2343062 0.19186033 0.19399236 0.127998 0.15014757 0.14361311 0.20399159 0.17299202 0.13832699 0.1527794 0.13633864 0.2060346 0.16914956 0.1969515 0.20290062 0.1846507 0.192708 0.15715729 0.19168943 0.13082758 0.16308248 0.2523547 0.18184595 0.14445056 0.17590022 0.21432456 0.19987705 0.1697386 0.22356564 0.12108367 0.13882308 0.21540384 0.17859222 0.18847461 0.1533995 0.147435 0.18808661 0.18986773 0.16185668 0.18524337 0.17905565 0.119509995 0.22560611 0.1444279 0.18403465 0.20940003 0.18063654 0.1759552 0.2054593 0.21839833 0.22177066 0.18611763 0.240966,0.1707205 0.19309834 0.17977871 0.1651876 0.14109874 0.14330348 0.1214569 0.19052602 0.21133177 0.14259726 0.18085727 0.16622216 0.17746094 0.13607925 0.24210131 0.13981734 0.14500606 0.13067058 0.14557183 0.15814067 0.20965558 0.13194247 0.16205762 0.16892496 0.15827033 0.12189598 0.23183142 0.110333 0.15181157 0.19243833 0.19320655 0.16782126 0.1699969 0.17570287 0.1857534 0.1543458 0.1596254 0.13948266 0.14350447 0.14109719 0.16659813 0.16068952 0.15153435 0.15897402 0.13476883 0.16210154 0.17471652 0.19191734 0.1414177 0.13618647 0.13437514 0.19821051 0.16643156 0.15314096 0.16586348 0.14388695 0.13628837 0.16635422 0.1832036 0.1123493 0.11523986 0.14998947 0.13831383 0.16853192 0.16525105 0.14198323 0.17764321 0.16372009 0.139339 0.20225427 0.20159149 0.19272277 0.22603756 0.16714226 0.19418798 0.1718157 0.22264132 0.19687843 0.1600256 0.15893593 0.18422355 0.1805875 0.17308463 0.1371936 0.15792142 0.15640378 0.1983972 0.18476051 0.19188237 0.16305508 0.17200258 0.1587109 0.229595 0.15557699 0.1585903 0.18377921 0.1588557 0.16554819 0.13624714 0.18326828 0.16984062 0.2019321 0.17480871 0.1896955 0.16483705 0.17198002 0.18745346 0.11746781 0.19776504 0.21264641 0.1647744 0.16501167 0.15921065 0.26717526 0.13876443 0.1564486 0.19316924 0.1585197 0.17324936 0.24108563 0.18167302 0.12388359 0.2377479 0.13045534 0.15814826 0.15332122 0.14394476 0.23405002 0.16162051 0.21915536 0.18130061 0.14004691 0.15498576 0.17306451 0.11251993 0.14541249 0.16813304 0.1894387 0.110905126 0.1574868 0.16286515 0.15238822 0.13084371 0.13267727 0.13959345 0.13642608 0.1491486 0.12531354 0.12547648 0.16176389 0.15614782 0.14643566 0.15750791 0.1744692 0.17123787 0.16847068 0.1583305 0.12154469 0.19069892 0.14285408 0.18899186 0.14740384 0.19574568 0.1942072 0.17235357 0.15597437 0.1898503 0.19090974 0.16034181 0.17645329 0.16979077 0.1508003 0.17762846 0.17963487 0.13597918 0.19624597 0.189869 0.20759839 0.17228733 0.17033307 0.16173567 0.14048028 0.16137901 0.15555997 0.18897815 0.17347886 0.16223307 0.19607031 0.18789625 0.15910377 0.21117231 0.15699418 0.19490819 0.21302035 0.13546352 0.15079086 0.18188766 0.18582046 0.19967206 0.22913972 0.23585095 0.19716173 0.14863405 0.19436343 0.19859768 0.13781597 0.1782732 0.17917617 0.17787072 0.25379696 0.18852931 0.1661692 0.16464229 0.17210594 0.23769549 0.1721704 0.12818217 0.14956777 0.20149322 0.15977003 0.15947132 0.18577124 0.13396838 0.23493397 0.17444658 0.19567963 0.19246429 0.20491593 0.12813704 0.15221794 0.12746292 0.18790697 0.17078616 0.1671602 0.22233127 0.18153822 0.14194113 0.1999831 0.14857523 0.18232152 0.10906048 0.1683277 0.19704641 0.16442357 0.18309356 0.17808212 0.1811349 0.18411548 0.16920985 0.21807854 0.173313 0.18695436 0.19967154 0.17008425 0.15407704 0.22460356 0.16287917 0.17083186 0.20313956 0.16037397 0.17707081 0.13311474 0.17197344 0.15879421 0.17460254 0.14879163 0.16019587 0.14129572 0.16663453 0.1249288 0.14758289 0.15036325 0.14310566 0.13332845 0.15432996 0.13422705 0.14282507 0.11703073 0.16128834 0.13706961 0.11358595 0.16258253 0.15290822 0.18860278 0.15514423 0.1529304 0.15842068 0.13139218 0.14145307 0.18916324 0.16808416 0.1389854 0.17714229 0.22241423 0.19096105 0.1663969 0.22894536 0.15961312 0.20045139 0.17686932 0.16606712 0.17621975 0.16355605 0.18954079 0.18809956 0.24229391 0.19680111 0.16694938 0.19497527 0.21964945 0.19064546 0.15550035 0.16558166 0.18277508 0.2047308 0.15657446 0.19313292 0.16410501 0.18726783 0.17622966 0.1487753 0.19451961 0.14033669 0.196598 0.13337132 0.15086092 0.17282064 0.1935248 0.17483163 0.17303064 0.13712311 0.18471943 0.17946672 0.19283797 0.20447089 0.1794948 0.22285415 0.1603431 0.14802776 0.20283109 0.21228378 0.17803173 0.1944195 0.1973224 0.15732649 0.14535524 0.22146599 0.16961987 0.20002319 0.19090642 0.15396969 0.17189147 0.21153373 0.17289402 0.22631478 0.20308717 0.19819747 0.22243589 0.16631255 0.19944929 0.17841399 0.17248447 0.13609153 0.23483957 0.24730207 0.21164368 0.20754664 0.16676284 0.17308131 0.21807173 0.21053867 0.18227133 0.22111915 0.16676144 0.16317432 0.15899356 0.23511207 0.24215773 0.13403834 0.19024497 0.18412228 0.16349983 0.17996806 0.18116772 0.16993666 0.1775039 0.20120472 0.1624201 0.16349447 0.21663976 0.17512217 0.10871372 0.21804008 0.16312882 0.23245203 0.20022355 0.14343119 0.24659848 0.23178321 0.16897069 0.14943942 0.15873851 0.12556791 0.1716382 0.17244582 0.18290757 0.18106644 0.19379497 0.14782178 0.14035995 0.20629504 0.13607919 0.1966251 0.14798492 0.1476174 0.11225333 0.20256704 0.15812092 0.15844922 0.13893917 0.20005752 0.13738215 0.19006613 0.13737686 0.23038931 0.1547155 0.14926596 0.1680231 0.18222141 0.17683113 0.20167759 0.1529194 0.2052834 0.17564547 0.12736736 0.14346138 0.1672887 0.15888153 0.19214317 0.21689492 0.17226109 0.20363894 0.20204774 0.19404459 0.20615989 0.20737205 0.16018182 0.11670685 0.16532195 0.12191755 0.22475868 0.1413005 0.23785391 0.23215738 0.18460234 0.15474688 0.17871422 0.13757183 0.1762504 0.2342776 0.19183691 0.19396868 0.12798236 0.15012926 0.14359559 0.2039667 0.1729709 0.1383101 0.15276074 0.136322 0.20600945 0.16912891 0.19692746 0.20287585 0.18462816 0.19268447 0.15713811 0.19166604 0.1308116 0.16306259 0.2523239 0.18182375 0.14443293 0.17587876 0.2142984 0.19985266 0.1697179 0.22353835 0.12106889 0.13880613 0.21537755 0.17857043 0.18845162 0.15338077 0.147417 0.18806365 0.18984456 0.16183694 0.18522076 0.17903379 0.119495414 0.22557859 0.14441027 0.18401219 0.20937447 0.18061449 0.17593373 0.20543423 0.21837169 0.22174358 0.18609491 0.2409366,0.0013442559 0.0015204593 0.0014155804 0.0013006898 0.0011110137 0.0011283739 0.00095635356 0.0015002049 0.0016640297 0.0011228131 0.001424073 0.0013088358 0.0013973302 0.0010714901 0.0019063095 0.001100924 0.00114178 0.0010289021 0.0011462349 0.0012452021 0.0016508313 0.0010389171 0.0012760443 0.0013301178 0.0012462231 0.00095981086 0.0018254442 0.00086876383 0.0011953667 0.0015152625 0.0015213114 0.0013214272 0.0013385583 0.0013834871 0.0014626252 0.0012153212 0.0012568929 0.0010982887 0.0011299565 0.0011110015 0.0013117963 0.0012652718 0.0011931838 0.0012517639 0.0010611719 0.00127639 0.0013757206 0.0015111602 0.0011135251 0.0010723344 0.001058072 0.0015607127 0.0013104847 0.0012058343 0.0013060117 0.0011329681 0.0010731368 0.0013098757 0.001442548 0.00088464015 0.00090740045 0.0011810195 0.0010890852 0.001327023 0.0013011893 0.0011179781 0.0013987655 0.0012891345 0.0010971575 0.0015925532 0.0015873346 0.0015175021 0.0017798233 0.0013160808 0.0015290392 0.0013528795 0.0017530812 0.0015502239 0.001260044 0.001251464 0.0014505791 0.0014219488 0.0013628711 0.0010802646 0.0012434757 0.0012315258 0.0015621827 0.0014548071 0.0015108848 0.0012838983 0.001354351 0.001249692 0.0018078347 0.0012250156 0.0012487426 0.0014470804 0.0012508323 0.001303529 0.0010728121 0.0014430573 0.0013373278 0.0015900165 0.0013764466 0.0014936654 0.0012979296 0.0013541734 0.0014760115 0.0009249434 0.001557205 0.0016743812 0.0012974362 0.0012993045 0.0012536271 0.0021037422 0.0010926332 0.0012318788 0.0015210176 0.0012481866 0.0013641682 0.0018983121 0.0014304962 0.0009754613 0.0018720307 0.0010272075 0.0012452619 0.0012072537 0.0011334233 0.0018429136 0.0012726025 0.0017256327 0.0014275638 0.0011027316 0.0012203603 0.0013627127 0.0008859837 0.0011449802 0.0013238821 0.0014916433 0.0008732687 0.0012400536 0.0012824028 0.0011999072 0.0010302655 0.001044703 0.001099161 0.0010742211 0.0011743985 0.0009867208 0.0009880038 0.0012737315 0.0012295104 0.0011530367 0.0012402198 0.0013737732 0.0013483297 0.0013265408 0.0012466968 0.0009570448 0.0015015663 0.0011248352 0.0014881248 0.0011606602 0.0015413045 0.0015291906 0.0013571146 0.0012281446 0.0014948843 0.0015032263 0.001262534 0.001389396 0.0013369352 0.0011874039 0.0013986493 0.0014144478 0.0010707022 0.0015452439 0.0014950315 0.0016346329 0.0013565931 0.0013412053 0.0012735092 0.0011061439 0.0012707008 0.0012248816 0.0014880169 0.0013659752 0.0012774258 0.0015438608 0.001479498 0.0012527856 0.0016627741 0.0012361746 0.0015347102 0.0016773256 0.0010666419 0.0011873295 0.0014321862 0.0014631533 0.0015722209 0.0018042497 0.001857094 0.0015524545 0.0011703469 0.0015304207 0.0015637613 0.0010851651 0.0014037259 0.001410836 0.0014005569 0.0019984012 0.0014844828 0.0013084189 0.001296396 0.0013551649 0.001871618 0.0013556725 0.0010093085 0.001177699 0.0015865607 0.0012580317 0.0012556796 0.0014627657 0.0010548691 0.0018498738 0.0013735951 0.0015407845 0.0015154668 0.0016135112 0.0010089531 0.0011985664 0.001003645 0.0014795824 0.0013447729 0.001316222 0.0017506399 0.0014294349 0.0011176467 0.0015746701 0.0011698838 0.0014356025 0.00085874397 0.001325415 0.0015515466 0.0012946738 0.0014416816 0.0014022214 0.001426259 0.0014497283 0.001332361 0.0017171538 0.0013646693 0.0014720816 0.0015722169 0.001339246 0.001213205 0.001768532 0.0012825131 0.0013451327 0.001599524 0.0012627871 0.0013942583 0.0010481476 0.0013541216 0.001250348 0.0013748232 0.0011715876 0.0012613848 0.0011125647 0.0013120829 0.0009836913 0.00116207 0.0011839626 0.0011268161 0.0010498303 0.0012151964 0.001056906 0.0011246068 0.00092150184 0.0012699869 0.0010792883 0.00089437753 0.0012801774 0.0012040017 0.0014850612 0.0012216081 0.0012041763 0.0012474069 0.0010345841 0.0011138037 0.0014894743 0.0013234973 0.0010943732 0.0013948212 0.0017512931 0.0015036303 0.0013102118 0.0018027193 0.0012567962 0.0015783574 0.0013926718 0.0013076152 0.001387557 0.001287843 0.0014924471 0.0014810989 0.001907826 0.0015496151 0.001314562 0.0015352383 0.0017295232 0.0015011453 0.0012244122 0.0013037926 0.0014391738 0.0016120535 0.0012328697 0.0015207317 0.0012921655 0.0014745498 0.0013876351 0.001171459 0.0015316504 0.0011050133 0.0015480157 0.001050168 0.0011878812 0.0013607924 0.0015238173 0.001376627 0.001362446 0.0010797095 0.0014544837 0.0014131238 0.0015184092 0.001610007 0.0014133449 0.0017547571 0.0012625441 0.0011655729 0.0015970952 0.0016715258 0.0014018246 0.0015308622 0.0015537196 0.0012387913 0.0011445294 0.0017438267 0.0013355896 0.0015749858 0.0015032002 0.0012123598 0.0013534761 0.0016656199 0.0013613702 0.0017820061 0.0015991116 0.00156061 0.0017514637 0.0013095476 0.0015704668 0.0014048346 0.0013581455 0.0010715869 0.0018491305 0.0019472603 0.0016664857 0.0016342255 0.0013130932 0.001362845 0.0017171003 0.0016577848 0.0014352073 0.0017410957 0.0013130822 0.0012848371 0.0012519178 0.0018512761 0.0019067538 0.00105542 0.001497992 0.0014497817 0.0012874003 0.0014170713 0.0014265175 0.0013380839 0.0013976685 0.0015842891 0.0012788983 0.001287358 0.0017058249 0.0013789147 0.00085601356 0.001716851 0.0012844789 0.0018303309 0.0015765633 0.0011293794 0.0019417204 0.0018250647 0.0013304779 0.0011766884 0.0012499095 0.0009887237 0.0013514819 0.0013578411 0.001440217 0.0014257199 0.0015259446 0.001163951 0.0011051964 0.0016243705 0.0010714896 0.0015482291 0.0011652356 0.0011623417 0.0008838845 0.0015950161 0.0012450466 0.0012476316 0.0010940093 0.0015752561 0.0010817492 0.0014965837 0.0010817075 0.001814089 0.0012182322 0.0011753226 0.0013230165 0.0014348143 0.001392371 0.0015880126 0.0012040897 0.0016164047 0.0013830352 0.0010028926 0.0011296171 0.0013172339 0.0012510357 0.0015129384 0.0017078341 0.0013563866 0.0016034562 0.001590927 0.0015279101 0.0016233062 0.0016328509 0.0012612742 0.0009189516 0.0013017476 0.0009599807 0.0017697534 0.0011126023 0.0018728655 0.0018280109 0.0014535617 0.0012184794 0.0014071985 0.0010832427 0.0013877985 0.0018447055 0.0015105269 0.0015273124 0.0010077351 0.0011821202 0.0011306739 0.001606037 0.0013619757 0.0010890559 0.0012028405 0.0010734017 0.0016221217 0.0013317236 0.00155061 0.0015974477 0.0014537651 0.0015172006 0.0012373079 0.0015091813 0.0010300126 0.0012839574 0.0019868023 0.0014316831 0.0011372672 0.0013848721 0.001687389 0.001573643 0.0013363614 0.0017601445 0.00095329835 0.0010929616 0.0016958863 0.0014060665 0.001483871 0.0012077226 0.0011607638 0.0014808162 0.0014948391 0.0012743066 0.0014584312 0.0014097148 0.0009409088 0.0017762093 0.0011370888 0.0014489149 0.0016486179 0.0014221614 0.001385305 0.0016175924 0.0017194621 0.0017460125 0.0014653143 0.0018971387,
288,512,,,0.0056379763 0.0056379763 0.0056379763 0.0056379763 0.0056379763 0.0056379763 0.0056379763 0.0056379763 0.0056379763 0.0056379763 0.0056379763 0.0056379763 0.0056379763 0.0056379763 0.0056379763 0.0056379763 0.0056379763 0.0056379763 0.0056379763 0.0056379763 0.0056379763 0.0056379763 0.0056379763 0.0056379763 0.0056379763 0.0056379763 0.0056379763 0.0056379763 0.0056379763 0.0056379763 0.0056379763 0.0056379763 0.0056379763 0.0056379763 0.0056379763 0.0056379763 0.0056379763 0.0056379763 0.0056379763 0.0056379763 0.0056379763 0.0056379763 0.0056379763 0.0056379763 0.0056379763 0.0056379763 0.0056379763 0.0056379763 0.0056379763 0.0056379763 0.0056379763 0.0056379763 0.0056379763 0.0056379763 0.0056379763 0.0056379763 0.0056379763 0.0056379763 0.0056379763 0.0056379763 0.0056379763 0.0056379763 0.0056379763 0.0056379763 0.0056379763 0.0056379763 0.0056379763 0.0056379763 0.0056379763 0.0056379763 0.0056379763 0.0056379763 0.0056379763 0.0056379763 0.0056379763 0.0056379763 0.0056379763 0.0056379763 0.0056379763 0.0056379763 0.0056379763 0.0056379763 0.0056379763 0.0056379763 0.0056379763 0.0056379763 0.0056379763 0.0056379763 0.0056379763 0.0056379763 0.0056379763 0.0056379763 0.0056379763 0.0056379763 0.0056379763 0.0056379763 0.0056379763 0.0056379763 0.0056379763 0.0056379763 0.0056379763 0.0056379763 0.0056379763 0.0056379763 0.0056379763 0.0056379763 0.0056379763 0.0056379763 0.0056379763 0.0056379763 0.0056379763 0.0056379763 0.0056379763 0.0056379763 0.0056379763 0.0056379763 0.0056379763 0.0056379763 0.0056379763 0.0056379763 0.0056379763 0.0056379763 0.0056379763 0.0056379763 0.0056379763 0.0056379763 0.0056379763 0.0056379763 0.0056379763 0.0056379763 0.0056379763 0.0056379763 0.0056379763 0.0056379763 0.0056379763 0.0056379763 0.0056379763 0.0056379763 0.0056379763 0.0056379763 0.0056379763 0.0056379763 0.0056379763 0.0056379763 0.0056379763 0.0056379763 0.0056379763 0.0056379763 0.0056379763 0.0056379763 0.0056379763 0.0056379763 0.0056379763 0.0056379763 0.0056379763 0.0056379763 0.0056379763 0.0056379763 0.0056379763 0.0056379763 0.0056379763 0.0056379763 0.0056379763 0.0056379763 0.0056379763 0.0056379763 0.0056379763 0.0056379763 0.0056379763 0.0056379763 0.0056379763 0.0056379763 0.0056379763 0.0056379763 0.0056379763 0.0056379763 0.0056379763 0.0056379763 0.0056379763 0.0056379763 0.0056379763 0.0056379763 0.0056379763 0.0056379763 0.0056379763 0.0056379763 0.0056379763 0.0056379763 0.0056379763 0.0056379763 0.0056379763 0.0056379763 0.0056379763 0.0056379763 0.0056379763 0.0056379763 0.0056379763 0.0056379763 0.0056379763 0.0056379763 0.0056379763 0.0056379763 0.0056379763 0.0056379763 0.0056379763 0.0056379763 0.0056379763 0.0056379763 0.0056379763 0.0056379763 0.0056379763 0.0056379763 0.0056379763 0.0056379763 0.0056379763 0.0056379763 0.0056379763 0.0056379763 0.0056379763 0.0056379763 0.0056379763 0.0056379763 0.0056379763 0.0056379763 0.0056379763 0.0056379763 0.0056379763 0.0056379763 0.0056379763 0.0056379763 0.0056379763 0.0056379763 0.0056379763 0.0056379763 0.0056379763 0.0056379763 0.0056379763 0.0056379763 0.0056379763 0.0056379763 0.0056379763 0.0056379763 0.0056379763 0.0056379763 0.0056379763 0.0056379763 0.0056379763 0.0056379763 0.0056379763 0.0056379763 0.0056379763 0.0056379763 0.0056379763 0.0056379763 0.0056379763 0.0056379763 0.0056379763 0.0056379763 0.0056379763 0.0056379763 0.0056379763 0.0056379763 0.0056379763 0.0056379763 0.0056379763 0.0056379763 0.0056379763 0.0056379763 0.0056379763 0.0056379763 0.0056379763 0.0056379763 0.0056379763 0.0056379763 0.0056379763 0.0056379763 0.0056379763 0.0056379763 0.0056379763 0.0056379763 0.0056379763 0.0056379763 0.0056379763 0.0056379763 0.0056379763 0.0056379763 0.0056379763 0.0056379763 0.0056379763 0.0056379763 0.0056379763 0.0056379763 0.0056379763 0.0056379763 0.0056379763 0.0056379763 0.0056379763 0.0056379763 0.0056379763 0.0056379763 0.0056379763 0.0056379763 0.0056379763 0.0056379763 0.0056379763 0.0056379763 0.0056379763 0.0056379763 0.0056379763 0.0056379763 0.0056379763 0.0056379763 0.0056379763 0.0056379763 0.0056379763 0.0056379763 0.0056379763 0.0056379763 0.0056379763 0.0056379763 0.0056379763 0.0056379763 0.0056379763 0.0056379763 0.0056379763 0.0056379763 0.0056379763 0.0056379763 0.0056379763 0.0056379763 0.0056379763 0.0056379763 0.0056379763 0.0056379763 0.0056379763 0.0056379763 0.0056379763 0.0056379763 0.0056379763 0.0056379763 0.0056379763 0.0056379763 0.0056379763 0.0056379763 0.0056379763 0.0056379763 0.0056379763 0.0056379763 0.0056379763 0.0056379763 0.0056379763 0.0056379763 0.0056379763 0.0056379763 0.0056379763 0.0056379763 0.0056379763 0.0056379763 0.0056379763 0.0056379763 0.0056379763 0.0056379763 0.0056379763 0.0056379763 0.0056379763 0.0056379763 0.0056379763 0.0056379763 0.0056379763 0.0056379763 0.0056379763 0.0056379763 0.0056379763 0.0056379763 0.0056379763 0.0056379763 0.0056379763 0.0056379763 0.0056379763 0.0056379763 0.0056379763 0.0056379763 0.0056379763 0.0056379763 0.0056379763 0.0056379763 0.0056379763 0.0056379763 0.0056379763 0.0056379763 0.0056379763 0.0056379763 0.0056379763 0.0056379763 0.0056379763 0.0056379763 0.0056379763 0.0056379763 0.0056379763 0.0056379763 0.0056379763 0.0056379763 0.0056379763 0.0056379763 0.0056379763 0.0056379763 0.0056379763 0.0056379763 0.0056379763 0.0056379763 0.0056379763 0.0056379763 0.0056379763 0.0056379763 0.0056379763 0.0056379763 0.0056379763 0.0056379763 0.0056379763 0.0056379763 0.0056379763 0.0056379763 0.0056379763 0.0056379763 0.0056379763 0.0056379763 0.0056379763 0.0056379763 0.0056379763 0.0056379763 0.0056379763 0.0056379763 0.0056379763 0.0056379763 0.0056379763 0.0056379763 0.0056379763 0.0056379763 0.0056379763 0.0056379763 0.0056379763 0.0056379763 0.0056379763 0.0056379763 0.0056379763 0.0056379763 0.0056379763 0.0056379763 0.0056379763 0.0056379763 0.0056379763 0.0056379763 0.0056379763 0.0056379763 0.0056379763 0.0056379763 0.0056379763 0.0056379763 0.0056379763 0.0056379763 0.0056379763 0.0056379763 0.0056379763 0.0056379763 0.0056379763 0.0056379763 0.0056379763 0.0056379763 0.0056379763 0.0056379763 0.0056379763 0.0056379763 0.0056379763 0.0056379763 0.0056379763 0.0056379763 0.0056379763 0.0056379763 0.0056379763 0.0056379763 0.0056379763 0.0056379763 0.0056379763 0.0056379763 0.0056379763 0.0056379763 0.0056379763 0.0056379763 0.0056379763 0.0056379763 0.0056379763 0.0056379763 0.0056379763 0.0056379763 0.0056379763 0.0056379763 0.0056379763 0.0056379763 0.0056379763 0.0056379763 0.0056379763 0.0056379763 0.0056379763 0.0056379763 0.0056379763 0.0056379763 0.0056379763 0.0056379763 0.0056379763 0.0056379763 0.0056379763 0.0056379763,14 14 14 14 14 14 15 14 14 14 14 14 14 14 14 14 14 14 14 14 14 14 14 14 14 15 14 15 14 14 14 14 14 14 14 14 14 14 14 14 14 14 14 14 14 14 14 14 14 14 14 14 14 14 14 14 14 14 14 15 15 14 14 14 14 14 14 14 14 14 14 14 14 14 14 14 14 14 14 14 14 14 14 14 14 14 14 14 14 14 14 14 14 14 14 14 14 14 14 14 14 14 14 14 14 14 14 15 14 14 14 14 14 13 14 14 14 14 14 14 14 14 14 14 14 14 14 14 14 14 14 14 14 14 15 14 14 14 15 14 14 14 14 14 14 14 14 14 14 14 14 14 14 14 14 14 14 15 14 14 14 14 14 14 14 14 14 14 14 14 14 14 14 14 14 14 14 14 14 14 14 14 14 14 14 14 14 14 14 14 14 14 14 14 14 14 14 14 14 14 14 14 14 14 14 14 14 14 14 13 14 14 14 14 14 14 14 14 14 14 14 14 14 14 14 14 14 14 14 14 14 14 14 14 14 14 14 14 14 14 15 14 14 14 14 14 14 14 14 14 14 14 14 14 14 14 14 14 14 14 14 14 14 14 14 14 14 14 14 14 14 14 14 14 14 14 14 15 14 14 15 14 14 14 14 14 14 14 14 14 14 14 14 14 14 14 14 14 14 14 14 14 14 14 14 14 14 14 14 14 14 14 14 14 14 14 14 14 14 14 14 14 14 14 14 14 14 14 14 14 14 14 14 14 14 14 14 14 14 14 14 14 14 14 14 14 14 14 14 14 14 14 14 14 14 14 14 14 14 14 14 14 14 14 14 14 14 14 14 14 14 14 14 14 14 14 14 14 14 14 14 14 14 14 14 14 14 14 14 14 14 15 14 14 14 14 14 14 14 14 14 14 14 14 14 14 14 14 14 14 14 14 14 14 14 15 14 14 14 14 14 14 14 14 14 14 14 14 14 14 14 14 14 14 14 14 14 14 14 14 14 14 14 14 14 14 14 15 14 15 14 14 14 14 14 14 14 14 14 14 14 14 14 14 14 14 14 14 14 14 14 14 14 14 14 14 14 14 14 14 13 14 14 14 14 14 14 14 15 14 14 14 14 14 14 14 14 14 14 14 15 14 14 14 14 14 14 14 14 14 14 14
299,1x1x1x400,1.1493248,1.1491846,,
320,3x3x1x256,0.5276877 0.37517777 0.8292455 0.73720205 0.5552941 0.6595259 0.62608135 0.80515784 1.0619375 0.9701656 1.54497 0.68414855 0.66320765 0.7405957 0.635793 0.6178652 0.27805808 0.7302361 0.6863685 0.30233246 0.7626218 0.58049315 0.5299512 1.0888343 0.6643842 0.63114303 0.55916995 0.7379989 1.6473941 0.45966983 0.38641816 0.57936716 0.718698 0.5627562 0.48225692 0.53918976 0.688202 0.58619875 0.5636548 0.65809673 0.931246 0.51144546 0.4643789 0.31336918 0.73116446 0.88672554 0.90589905 0.82935333 0.74149996 0.87472063 0.8108657 0.28562152 0.8900205 0.6385007 0.30779767 1.4013193 0.83756083 0.3972 1.0289925 0.7853459 0.4460346 0.2705143 0.68842095 0.72698224 1.1234053 0.5943046 1.9221445 0.68208545 0.76571375 0.6576067 0.73315704 0.72583294 0.615935 0.5319642 0.5733658 1.0314015 0.24225171 0.73487425 0.47323635 0.55810654 0.80270624 0.65999043 0.6329018 0.7097111 0.82400143 0.35896116 0.5887009 0.7187048 0.17051525 0.3440923 0.5760278 0.85180134 0.4431787 0.5259887 0.24573807 1.3686482 0.9371948 0.709384 0.67093235 0.5403466 0.60028434 0.6142786 0.39000875 0.6457212 0.6371042 0.29390985 0.6552309 0.60191125 0.6584513 0.40439236 1.159241 0.9475319 0.5496622 0.5596536 0.6262133 0.7287708 0.2942867 0.84634346 0.6199925 0.65813327 0.6247296 0.6519697 0.35344204 0.27834988 1.2329564 0.4814909 0.70192343 0.87795 0.4950054 0.3495441 0.2915034 0.71579164 0.5158338 0.35452825 0.6142738 0.908613 1.4167322 0.9865706 0.30455863 1.475189 0.591597 0.634582 0.89162046 0.2656818 0.61771667 0.37144545 0.29917443 0.9508643 1.0017593 0.34126645 0.5627435 0.6333708 0.21541972 0.38162878 0.7124479 0.3239397 0.5966247 0.39316466 0.9504132 0.71086824 0.6105736 0.4049878 0.6868483 0.8724395 0.4665908 0.5683637 0.45318347 1.305054 0.6227307 1.6800435 0.639975 0.6535668 0.6681307 0.5363082 1.133837 0.6121078 0.960198 0.8508775 0.9277772 0.5446333 0.6875473 0.26118898 0.47373495 0.763882 0.79445374 0.9222495 0.62235206 1.0728732 0.93796223 0.29451025 0.50801903 0.6163865 0.34679246 0.8827653 0.60770625 0.91026825 0.64640266 1.1361558 0.6510827 0.4317537 0.56308216 0.49565652 0.6619323 0.67830306 0.88323236 0.47257042 0.28917944 0.7097539 1.2181547 0.8095346 0.5558846 1.0342689 1.4222158 1.1008494 0.42185286 0.5900251 1.0511796 1.2459053 0.88185525 0.83259004 0.27061322 0.80485696 0.44654953 1.1993139 0.9658956 0.4592962 0.30870137 0.7790764 0.6533961 0.8487647 0.42598668 0.54837847 0.6262327 0.24682026 0.5700225 0.7175837 0.5150947 0.30566934 0.71733963 0.507205 0.22787493 0.95099854 0.24020752 1.3933567 0.3954442 0.93773425 0.44580534 0.78351307 0.6842088 0.67707145 0.5543054 0.73962134 0.25613615 0.56297845 0.59504855 0.73707855,0.5276233 0.37513196 0.8291443 0.73711205 0.5552263 0.65944535 0.62600493 0.8050596 1.0618079 0.9700472 1.5447816 0.68406504 0.6631267 0.7405053 0.63571537 0.6177898 0.27802417 0.730147 0.6862847 0.30229557 0.7625287 0.58042234 0.52988654 1.0887015 0.66430306 0.63106596 0.5591017 0.73790884 1.6471931 0.4596137 0.386371 0.5792964 0.71861035 0.5626875 0.48219806 0.53912395 0.68811804 0.5861272 0.563586 0.6580164 0.9311324 0.51138306 0.46432224 0.31333095 0.7310752 0.88661736 0.9057885 0.8292521 0.7414095 0.8746139 0.81076676 0.28558668 0.88991183 0.6384227 0.3077601 1.4011483 0.8374586 0.39715153 1.0288669 0.78525007 0.4459802 0.2704813 0.68833697 0.7268935 1.1232682 0.5942321 1.9219099 0.68200225 0.7656203 0.65752643 0.7330676 0.72574437 0.61585987 0.5318993 0.57329583 1.0312756 0.24222215 0.7347846 0.4731786 0.5580385 0.8026083 0.65990984 0.63282454 0.70962447 0.8239009 0.35891736 0.588629 0.71861714 0.17049445 0.34405032 0.5759575 0.8516974 0.44312462 0.5259245 0.2457081 1.3684812 0.93708044 0.7092974 0.6708505 0.54028064 0.6002111 0.6142037 0.38996115 0.6456424 0.6370264 0.293874 0.65515095 0.60183775 0.658371 0.404343 1.1590995 0.94741625 0.54959506 0.5595853 0.6261369 0.72868186 0.2942508 0.84624016 0.6199168 0.658053 0.62465334 0.6518901 0.3533989 0.2783159 1.232806 0.48143217 0.7018378 0.8778429 0.494945 0.34950143 0.29146785 0.7157043 0.51577085 0.35448498 0.61419886 0.9085021 1.4165592 0.9864502 0.30452147 1.475009 0.5915248 0.6345045 0.8915117 0.26564938 0.61764127 0.37140012 0.29913792 0.95074826 1.0016371 0.3412248 0.5626748 0.6332935 0.21539342 0.3815822 0.712361 0.3239002 0.5965519 0.39311668 0.95029724 0.7107815 0.6104991 0.40493837 0.6867644 0.872333 0.46653387 0.5682944 0.45312816 1.3048947 0.6226547 1.6798384 0.63989687 0.653487 0.66804916 0.5362428 1.1336986 0.61203307 0.9600808 0.8507737 0.927664 0.54456687 0.6874634 0.26115713 0.47367713 0.76378876 0.7943568 0.9221369 0.62227607 1.0727422 0.93784773 0.2944743 0.50795704 0.61631125 0.34675014 0.8826575 0.60763204 0.91015714 0.6463238 1.1360172 0.65100324 0.431701 0.56301343 0.49559605 0.66185147 0.6782203 0.88312453 0.47251275 0.28914416 0.70966727 1.218006 0.80943584 0.55581677 1.0341426 1.4220423 1.100715 0.42180136 0.5899531 1.0510514 1.2457532 0.88174766 0.8324885 0.2705802 0.8047587 0.44649506 1.1991675 0.96577775 0.45924014 0.3086637 0.7789813 0.6533164 0.8486611 0.42593467 0.54831153 0.6261563 0.24679013 0.56995296 0.7174961 0.5150319 0.30563205 0.7172521 0.50714314 0.22784711 0.9508825 0.2401782 1.3931866 0.39539593 0.9376198 0.44575095 0.78341746 0.6841253 0.6769888 0.5542377 0.73953104 0.2561049 0.5629098 0.5949759 0.7369886,0.004154514 0.002953795 0.006528695 0.0058040316 0.004371861 0.005192483 0.004929173 0.006339052 0.008360692 0.0076381667 0.012163634 0.005386339 0.0052214703 0.0058307503 0.005005633 0.004864487 0.0021891666 0.005749189 0.0054038167 0.00238028 0.006004163 0.0045702546 0.004172335 0.008572453 0.0052307327 0.004969023 0.004402376 0.005810306 0.012970024 0.0036190057 0.0030422912 0.004561389 0.005658349 0.00443061 0.0037968352 0.0042450703 0.005418252 0.004615175 0.004437685 0.0051812315 0.007331751 0.0040266383 0.0036560807 0.002467173 0.005756498 0.006981239 0.0071321926 0.0065295445 0.00583787 0.0068867235 0.0063839904 0.002248714 0.00700718 0.0050269505 0.0024233079 0.011032664 0.0065941624 0.0031271775 0.008101314 0.0061830715 0.0035116551 0.0021297738 0.005419976 0.005723571 0.008844632 0.0046789926 0.015133149 0.0053700963 0.0060285064 0.0051773735 0.0057721855 0.0057145227 0.0048492905 0.004188183 0.0045141405 0.008120281 0.001907261 0.0057857055 0.0037258158 0.0043940037 0.0063197506 0.0051961406 0.0049828705 0.005587594 0.0064874087 0.002826121 0.004634874 0.0056584026 0.001342476 0.0027090576 0.004535098 0.006706279 0.0034891702 0.004141138 0.0019347094 0.010775442 0.007378586 0.005585019 0.0052822875 0.004254178 0.0047260714 0.0048362496 0.0030705603 0.0050837984 0.0050159562 0.0023139685 0.005158669 0.00473888 0.005184023 0.0031838033 0.0091267675 0.0074599707 0.0043275203 0.004406183 0.0049302117 0.0057376525 0.0023169352 0.0066633085 0.004881235 0.0051815193 0.00491853 0.0051329928 0.0027826685 0.0021914637 0.009707133 0.0037908044 0.005526282 0.006912149 0.0038972045 0.0027519797 0.0022950224 0.005635467 0.0040611876 0.0027912203 0.0048362114 0.00715356 0.01115401 0.0077673243 0.0023978068 0.0116142435 0.0046576755 0.0049960986 0.007019777 0.0020917275 0.004863317 0.0029244104 0.0023554168 0.007486207 0.007886906 0.0026868093 0.0044305106 0.004986563 0.0016960112 0.0030045842 0.0056091417 0.0025503952 0.004697259 0.003095407 0.0074826553 0.005596705 0.004807079 0.003188491 0.0054075937 0.006868764 0.003673495 0.004474759 0.0035679382 0.010274761 0.0049027926 0.013227074 0.005038558 0.005145567 0.0052602296 0.004222384 0.00892676 0.004819158 0.0075596916 0.0066990056 0.0073044407 0.004287928 0.005413098 0.0020563554 0.003729741 0.006014085 0.0062547782 0.0072609205 0.0048998115 0.008446789 0.0073846276 0.0023186954 0.0039996617 0.0048528444 0.002730316 0.0069500594 0.0047845044 0.0071665915 0.005089164 0.008945017 0.0051260097 0.0033992205 0.0044331765 0.0039023312 0.0052114287 0.0053403173 0.0069537363 0.003720573 0.0022767256 0.0055879313 0.009590599 0.0063735107 0.00437651 0.008142855 0.011197183 0.008667047 0.0033212705 0.0046453 0.008275995 0.0098090805 0.006942895 0.0065550273 0.0021305527 0.006336683 0.0035157092 0.009442263 0.007604549 0.003616064 0.0024304227 0.0061337114 0.0051442236 0.0066823713 0.0033538162 0.0043174135 0.0049303644 0.0019432293 0.0044878186 0.0056495755 0.004055369 0.0024065515 0.005647654 0.003993253 0.0017940718 0.0074872635 0.0018911669 0.010969973 0.0031133539 0.007382833 0.00350985 0.0061686416 0.0053868135 0.0053306203 0.0043640765 0.005823079 0.002016574 0.0044323606 0.0046848496 0.00580306,
321,256,,,0.0053928886 0.0053928886 0.0053928886 0.0053928886 0.0053928886 0.0053928886 0.0053928886 0.0053928886 0.0053928886 0.0053928886 0.0053928886 0.0053928886 0.0053928886 0.0053928886 0.0053928886 0.0053928886 0.0053928886 0.0053928886 0.0053928886 0.0053928886 0.0053928886 0.0053928886 0.0053928886 0.0053928886 0.0053928886 0.0053928886 0.0053928886 0.0053928886 0.0053928886 0.0053928886 0.0053928886 0.0053928886 0.0053928886 0.0053928886 0.0053928886 0.0053928886 0.0053928886 0.0053928886 0.0053928886 0.0053928886 0.0053928886 0.0053928886 0.0053928886 0.0053928886 0.0053928886 0.0053928886 0.0053928886 0.0053928886 0.0053928886 0.0053928886 0.0053928886 0.0053928886 0.0053928886 0.0053928886 0.0053928886 0.0053928886 0.0053928886 0.0053928886 0.0053928886 0.0053928886 0.0053928886 0.0053928886 0.0053928886 0.0053928886 0.0053928886 0.0053928886 0.0053928886 0.0053928886 0.0053928886 0.0053928886 0.0053928886 0.0053928886 0.0053928886 0.0053928886 0.0053928886 0.0053928886 0.0053928886 0.0053928886 0.0053928886 0.0053928886 0.0053928886 0.0053928886 0.0053928886 0.0053928886 0.0053928886 0.0053928886 0.0053928886 0.0053928886 0.0053928886 0.0053928886 0.0053928886 0.0053928886 0.0053928886 0.0053928886 0.0053928886 0.0053928886 0.0053928886 0.0053928886 0.0053928886 0.0053928886 0.0053928886 0.0053928886 0.0053928886 0.0053928886 0.0053928886 0.0053928886 0.0053928886 0.0053928886 0.0053928886 0.0053928886 0.0053928886 0.0053928886 0.0053928886 0.0053928886 0.0053928886 0.0053928886 0.0053928886 0.0053928886 0.0053928886 0.0053928886 0.0053928886 0.0053928886 0.0053928886 0.0053928886 0.0053928886 0.0053928886 0.0053928886 0.0053928886 0.0053928886 0.0053928886 0.0053928886 0.0053928886 0.0053928886 0.0053928886 0.0053928886 0.0053928886 0.0053928886 0.0053928886 0.0053928886 0.0053928886 0.0053928886 0.0053928886 0.0053928886 0.0053928886 0.0053928886 0.0053928886 0.0053928886 0.0053928886 0.0053928886 0.0053928886 0.0053928886 0.0053928886 0.0053928886 0.0053928886 0.0053928886 0.0053928886 0.0053928886 0.0053928886 0.0053928886 0.0053928886 0.0053928886 0.0053928886 0.0053928886 0.0053928886 0.0053928886 0.0053928886 0.0053928886 0.0053928886 0.0053928886 0.0053928886 0.0053928886 0.0053928886 0.0053928886 0.0053928886 0.0053928886 0.0053928886 0.0053928886 0.0053928886 0.0053928886 0.0053928886 0.0053928886 0.0053928886 0.0053928886 0.0053928886 0.0053928886 0.0053928886 0.0053928886 0.0053928886 0.0053928886 0.0053928886 0.0053928886 0.0053928886 0.0053928886 0.0053928886 0.0053928886 0.0053928886 0.0053928886 0.0053928886 0.0053928886 0.0053928886 0.0053928886 0.0053928886 0.0053928886 0.0053928886 0.0053928886 0.0053928886 0.0053928886 0.0053928886 0.0053928886 0.0053928886 0.0053928886 0.0053928886 0.0053928886 0.0053928886 0.0053928886 0.0053928886 0.0053928886 0.0053928886 0.0053928886 0.0053928886 0.0053928886 0.0053928886 0.0053928886 0.0053928886 0.0053928886 0.0053928886 0.0053928886 0.0053928886 0.0053928886 0.0053928886 0.0053928886 0.0053928886 0.0053928886 0.0053928886 0.0053928886 0.0053928886 0.0053928886 0.0053928886 0.0053928886 0.0053928886 0.0053928886 0.0053928886 0.0053928886 0.0053928886 0.0053928886 0.0053928886 0.0053928886 0.0053928886 0.0053928886 0.0053928886 0.0053928886 0.0053928886 0.0053928886 0.0053928886 0.0053928886 0.0053928886,15 16 15 15 15 15 15 15 14 15 14 15 15 15 15 15 16 15 15 16 15 15 15 14 15 15 15 15 14 16 16 15 15 15 16 15 15 15 15 15 15 15 16 16 15 15 15 15 15 15 15 16 15 15 16 14 15 16 14 15 16 16 15 15 14 15 14 15 15 15 15 15 15 15 15 14 16 15 16 15 15 15 15 15 15 16 15 15 16 16 15 15 16 15 16 14 15 15 15 15 15 15 16 15 15 16 15 15 15 16 14 15 15 15 15 15 16 15 15 15 15 15 16 16 14 16 15 15 16 16 16 15 15 16 15 15 14 15 16 14 15 15 15 16 15 16 16 15 14 16 15 15 16 16 15 16 15 16 15 15 15 16 15 15 16 15 16 14 15 14 15 15 15 15 14 15 15 15 15 15 15 16 16 15 15 15 15 14 15 16 15 15 16 15 15 15 15 14 15 16 15 15 15 15 15 16 16 15 14 15 15 14 14 14 16 15 14 14 15 15 16 15 16 14 15 16 16 15 15 15 16 15 15 16 15 15 15 16 15 15 16 15 16 14 16 15 16 15 15 15 15 15 16 15 15 15
329,1x1x256x256,0.11985551 0.1492981 0.15928102 0.16952653 0.15951088 0.15932555 0.18108128 0.09114386 0.19236754 0.19994485 0.13248678 0.17967623 0.12148139 0.1461934 0.14672238 0.1962783 0.16449216 0.14823242 0.15474316 0.17841226 0.21187072 0.12004433 0.15796655 0.17502397 0.18843572 0.19659653 0.16179435 0.10678667 0.19326341 0.12660095 0.14173429 0.12855534 0.11989836 0.15179113 0.11838505 0.12441303 0.13325939 0.17297255 0.13630326 0.17815192 0.14778559 0.15464473 0.12729478 0.13295808 0.13076802 0.20438847 0.17629147 0.16647786 0.12738791 0.12560482 0.13608104 0.15502341 0.12448541 0.16015284 0.15166883 0.1820976 0.1982267 0.15564899 0.13357803 0.116054215 0.15169913 0.15292214 0.20836993 0.12462953 0.15686727 0.15538532 0.16120623 0.1695862 0.12620866 0.13789888 0.20411828 0.124348216 0.13929066 0.1361694 0.1457872 0.14236705 0.1491055 0.14640343 0.19425909 0.15940663 0.17804247 0.1162093 0.12468262 0.13056277 0.14992452 0.16321392 0.16180314 0.12945299 0.19058742 0.12494234 0.16310789 0.10773736 0.21792974 0.1366136 0.16383572 0.1591042 0.109047264 0.1125068 0.18027818 0.13777441 0.14695726 0.19155665 0.1139942 0.15985304 0.15538168 0.108898535 0.15842362 0.14977282 0.18384084 0.12203178 0.17939301 0.15372112 0.1917312 0.15699854 0.14290887 0.1907201 0.120788336 0.18584605 0.18007046 0.17738177 0.15731658 0.13388424 0.16530515 0.1302328 0.13118266 0.17101309 0.22628972 0.17319319 0.15772264 0.1527216 0.11284749 0.16514099 0.11106362 0.097721174 0.13542056 0.19238228 0.15699126 0.12575096 0.1915773 0.10984183 0.16972241 0.17204817 0.14528596 0.16870858 0.13555591 0.13870232 0.18194687 0.14440757 0.22327256 0.14167106 0.15520886 0.18347058 0.1826435 0.12129467 0.14445321 0.12734814 0.18020666 0.12147931 0.14672688 0.1349721 0.14268595 0.23597153 0.15749274 0.14592764 0.18695599 0.11953619 0.13846013 0.19021547 0.20521249 0.13945483 0.14357133 0.12856896 0.15535343 0.15907101 0.14757383 0.14419216 0.17697988 0.12675251 0.15920268 0.1434543 0.18445787 0.15541744 0.14088075 0.19750407 0.2104646 0.1465317 0.13257611 0.15797932 0.10735542 0.10781106 0.14122647 0.15540506 0.12567909 0.14828818 0.16189149 0.1369482 0.16196436 0.15889834 0.15268575 0.1342422 0.21932097 0.22682418 0.14476599 0.111069605 0.17588687 0.16334194 0.14410485 0.22862713 0.12304251 0.14516865 0.16360371 0.14825319 0.116157904 0.14438131 0.11920097 0.14597832 0.16777876 0.13174966 0.13825971 0.14524157 0.17974176 0.21461573 0.17019844 0.14117035 0.14187115 0.17450349 0.12215914 0.16751249 0.107591055 0.11917079 0.14967428 0.13518378 0.14218554 0.10785195 0.1746193 0.16891548 0.16898176 0.21129026 0.13723 0.15102962 0.2078784 0.14728631 0.13097408 0.21798806 0.17153543 0.15721802 0.22026591 0.15070234 0.16823724 0.13845085 0.19375385 0.12587377 0.12977068 0.14080395 0.16060099 0.12865545,0.11984088 0.14927988 0.15926158 0.16950583 0.1594914 0.15930611 0.18105918 0.09113274 0.19234405 0.19992046 0.13247061 0.17965432 0.12146656 0.14617555 0.14670448 0.19625436 0.16447209 0.14821433 0.15472427 0.17839049 0.21184486 0.12002967 0.15794729 0.1750026 0.18841271 0.19657254 0.1617746 0.10677364 0.19323982 0.1265855 0.14171699 0.12853965 0.11988372 0.1517726 0.1183706 0.124397844 0.13324311 0.17295144 0.13628662 0.17813018 0.14776754 0.15462586 0.12727925 0.13294186 0.13075206 0.20436352 0.17626995 0.16645753 0.12737235 0.1255895 0.13606444 0.1550045 0.12447022 0.1601333 0.15165032 0.18207537 0.1982025 0.15562999 0.13356173 0.11604005 0.1516806 0.15290347 0.2083445 0.12461431 0.15684813 0.15536636 0.16118655 0.1695655 0.12619327 0.13788204 0.20409338 0.12433304 0.13927366 0.13615279 0.1457694 0.14234968 0.14908731 0.14638557 0.19423538 0.15938719 0.17802075 0.11619512 0.1246674 0.13054682 0.14990622 0.16319402 0.1617834 0.1294372 0.19056416 0.124927096 0.16308798 0.10772422 0.21790314 0.13659693 0.16381572 0.15908478 0.10903396 0.11249307 0.18025617 0.13775758 0.14693934 0.19153327 0.11398029 0.15983354 0.15536273 0.10888524 0.15840428 0.14975455 0.18381841 0.122016884 0.17937112 0.15370236 0.19170779 0.15697938 0.14289142 0.19069682 0.1207736 0.18582337 0.18004848 0.17736012 0.15729737 0.1338679 0.16528498 0.13021691 0.13116664 0.17099223 0.2262621 0.17317204 0.1577034 0.15270296 0.112833716 0.16512084 0.11105007 0.09770925 0.13540404 0.1923588 0.1569721 0.12573561 0.19155392 0.10982843 0.1697017 0.17202717 0.14526823 0.168688 0.13553937 0.13868539 0.18192467 0.14438996 0.22324532 0.14165376 0.15518992 0.1834482 0.18262121 0.121279866 0.14443558 0.1273326 0.18018466 0.12146448 0.14670898 0.13495561 0.14266855 0.23594274 0.15747352 0.14590983 0.18693317 0.1195216 0.13844323 0.19019225 0.20518745 0.13943781 0.14355381 0.12855327 0.15533446 0.1590516 0.14755583 0.14417456 0.17695828 0.12673704 0.15918325 0.14343679 0.18443537 0.15539847 0.14086355 0.19747998 0.21043892 0.14651382 0.13255993 0.15796004 0.10734232 0.107797906 0.14120924 0.15538609 0.12566374 0.14827007 0.16187173 0.1369315 0.16194458 0.15887894 0.1526671 0.13422582 0.2192942 0.22679651 0.14474833 0.111056045 0.17586541 0.163322 0.14408727 0.22859922 0.12302749 0.14515093 0.16358374 0.1482351 0.11614373 0.14436369 0.11918642 0.14596051 0.16775829 0.13173358 0.13824283 0.14522386 0.17971982 0.21458955 0.17017767 0.14115313 0.14185384 0.1744822 0.12214423 0.16749205 0.10757792 0.11915625 0.14965601 0.13516729 0.14216818 0.107838795 0.174598 0.16889486 0.16896114 0.21126446 0.13721325 0.15101118 0.20785303 0.14726833 0.13095811 0.21796145 0.1715145 0.15719885 0.22023903 0.15068394 0.1682167 0.13843395 0.1937302 0.12585841 0.12975484 0.14078677 0.16058138 0.12863976,0.000943629 0.0011754321 0.0012540282 0.0013346917 0.0012558379 0.0012543788 0.0014256629 0.0007175806 0.0015145201 0.0015741768 0.0010430757 0.0014146009 0.00095642963 0.0011509886 0.0011551534 0.0015453099 0.0012950558 0.001167042 0.0012183014 0.0014046495 0.0016680697 0.0009451155 0.0012436794 0.0013779732 0.0014835646 0.0015478153 0.0012738158 0.0008407373 0.0015215734 0.0009967362 0.0011158818 0.0010121232 0.0009439663 0.0011950599 0.000932052 0.0009795106 0.0010491584 0.0013618224 0.001073123 0.0014025999 0.001163524 0.0012175265 0.0010021988 0.0010467863 0.0010295438 0.0016091616 0.0013879524 0.0013106893 0.001002932 0.0009888938 0.0010713736 0.0012205079 0.0009800805 0.0012608921 0.001194097 0.0014336644 0.0015606496 0.001225433 0.0010516671 0.0009137012 0.0011943354 0.0012039643 0.001640508 0.000981215 0.0012350247 0.0012233572 0.0012691854 0.0013351614 0.0009936478 0.0010856853 0.0016070345 0.0009790004 0.0010966429 0.0010720692 0.0011477906 0.0011208636 0.0011739158 0.0011526423 0.0015294125 0.0012550172 0.0014017381 0.0009149222 0.0009816331 0.0010279277 0.0011803639 0.0012849922 0.001273885 0.0010191905 0.0015005051 0.0009836779 0.0012841573 0.0008482222 0.0017157728 0.0010755664 0.0012898876 0.0012526361 0.0008585351 0.00088577217 0.0014193399 0.0010847053 0.0011570026 0.0015081359 0.0008974826 0.0012585318 0.0012233285 0.0008573641 0.0012472777 0.0011791697 0.0014473891 0.00096076285 0.001412371 0.0012102548 0.0015095102 0.0012360581 0.0011251293 0.0015015497 0.0009509732 0.0014631761 0.0014177046 0.0013965364 0.0012385619 0.001054078 0.0013014565 0.00102533 0.0010328082 0.0013463955 0.0017815913 0.0013635594 0.001241759 0.0012023855 0.00088845444 0.0013001641 0.00087441 0.0007693642 0.0010661735 0.0015146363 0.0012360008 0.0009900442 0.0015082986 0.00086479075 0.0013362338 0.0013545447 0.0011438443 0.0013282519 0.0010672391 0.001092011 0.0014324777 0.0011369288 0.0017578371 0.0011153839 0.0012219679 0.001444474 0.0014379623 0.0009549596 0.001137288 0.0010026189 0.0014187769 0.0009564133 0.0011551888 0.0010626427 0.0011233743 0.0018578168 0.001239949 0.0011488963 0.0014719148 0.00094111497 0.0010901042 0.0014975768 0.0016156492 0.0010979355 0.0011303449 0.0010122305 0.0012231059 0.0012523747 0.0011618569 0.0011352327 0.0013933723 0.0009979295 0.0012534114 0.0011294235 0.001452247 0.00122361 0.0011091619 0.0015549605 0.0016569993 0.0011536521 0.001043779 0.0012437799 0.0008452151 0.0008488024 0.0011118838 0.0012235126 0.0009894783 0.0011674808 0.0012745806 0.0010782008 0.0012751542 0.0012510152 0.0012021032 0.0010568962 0.0017267261 0.0017857993 0.0011397506 0.00087445707 0.001384767 0.001286 0.0011345454 0.0017999939 0.00096872036 0.0011429207 0.0012880609 0.0011672055 0.00091451756 0.0011367219 0.0009384758 0.0011492954 0.0013209314 0.0010372723 0.0010885262 0.001143495 0.0014151167 0.0016896816 0.0013399817 0.001111442 0.0011169594 0.0013738755 0.0009617656 0.0013188351 0.00084707025 0.00093823817 0.0011783938 0.0010643094 0.0011194345 0.0008491244 0.0013747873 0.0013298808 0.0013304027 0.0016634997 0.0010804193 0.0011890645 0.0016366381 0.0011595931 0.0010311662 0.0017162318 0.0013505078 0.0012377861 0.0017341656 0.0011864877 0.0013245409 0.0010900311 0.0015254347 0.0009910112 0.0010216917 0.0011085572 0.0012644203 0.0010129114,
330,256,,,0.004277269 0.004277269 0.004277269 0.004277269 0.004277269 0.004277269 0.004277269 0.004277269 0.004277269 0.004277269 0.004277269 0.004277269 0.004277269 0.004277269 0.004277269 0.004277269 0.004277269 0.004277269 0.004277269 0.004277269 0.004277269 0.004277269 0.004277269 0.004277269 0.004277269 0.004277269 0.004277269 0.004277269 0.004277269 0.004277269 0.004277269 0.004277269 0.004277269 0.004277269 0.004277269 0.004277269 0.004277269 0.004277269 0.004277269 0.004277269 0.004277269 0.004277269 0.004277269 0.004277269 0.004277269 0.004277269 0.004277269 0.004277269 0.004277269 0.004277269 0.004277269 0.004277269 0.004277269 0.004277269 0.004277269 0.004277269 0.004277269 0.004277269 0.004277269 0.004277269 0.004277269 0.004277269 0.004277269 0.004277269 0.004277269 0.004277269 0.004277269 0.004277269 0.004277269 0.004277269 0.004277269 0.004277269 0.004277269 0.004277269 0.004277269 0.004277269 0.004277269 0.004277269 0.004277269 0.004277269 0.004277269 0.004277269 0.004277269 0.004277269 0.004277269 0.004277269 0.004277269 0.004277269 0.004277269 0.004277269 0.004277269 0.004277269 0.004277269 0.004277269 0.004277269 0.004277269 0.004277269 0.004277269 0.004277269 0.004277269 0.004277269 0.004277269 0.004277269 0.004277269 0.004277269 0.004277269 0.004277269 0.004277269 0.004277269 0.004277269 0.004277269 0.004277269 0.004277269 0.004277269 0.004277269 0.004277269 0.004277269 0.004277269 0.004277269 0.004277269 0.004277269 0.004277269 0.004277269 0.004277269 0.004277269 0.004277269 0.004277269 0.004277269 0.004277269 0.004277269 0.004277269 0.004277269 0.004277269 0.004277269 0.004277269 0.004277269 0.004277269 0.004277269 0.004277269 0.004277269 0.004277269 0.004277269 0.004277269 0.004277269 0.004277269 0.004277269 0.004277269 0.004277269 0.004277269 0.004277269 0.004277269 0.004277269 0.004277269 0.004277269 0.004277269 0.004277269 0.004277269 0.004277269 0.004277269 0.004277269 0.004277269 0.004277269 0.004277269 0.004277269 0.004277269 0.004277269 0.004277269 0.004277269 0.004277269 0.004277269 0.004277269 0.004277269 0.004277269 0.004277269 0.004277269 0.004277269 0.004277269 0.004277269 0.004277269 0.004277269 0.004277269 0.004277269 0.004277269 0.004277269 0.004277269 0.004277269 0.004277269 0.004277269 0.004277269 0.004277269 0.004277269 0.004277269 0.004277269 0.004277269 0.004277269 0.004277269 0.004277269 0.004277269 0.004277269 0.004277269 0.004277269 0.004277269 0.004277269 0.004277269 0.004277269 0.004277269 0.004277269 0.004277269 0.004277269 0.004277269 0.004277269 0.004277269 0.004277269 0.004277269 0.004277269 0.004277269 0.004277269 0.004277269 0.004277269 0.004277269 0.004277269 0.004277269 0.004277269 0.004277269 0.004277269 0.004277269 0.004277269 0.004277269 0.004277269 0.004277269 0.004277269 0.004277269 0.004277269 0.004277269 0.004277269 0.004277269 0.004277269 0.004277269 0.004277269 0.004277269 0.004277269 0.004277269 0.004277269 0.004277269 0.004277269 0.004277269 0.004277269 0.004277269 0.004277269 0.004277269 0.004277269 0.004277269 0.004277269 0.004277269 0.004277269 0.004277269,16 15 15 15 15 15 15 16 15 15 15 15 16 15 15 15 15 15 15 15 15 16 15 15 15 15 15 16 15 15 15 15 16 15 16 15 15 15 15 15 15 15 15 15 15 15 15 15 15 15 15 15 15 15 15 15 15 15 15 16 15 15 15 15 15 15 15 15 15 15 15 15 15 15 15 15 15 15 15 15 15 16 15 15 15 15 15 15 15 15 15 16 15 15 15 15 16 16 15 15 15 15 16 15 15 16 15 15 15 16 15 15 15 15 15 15 16 15 15 15 15 15 15 15 15 15 15 15 15 15 16 15 16 16 15 15 15 15 15 16 15 15 15 15 15 15 15 15 15 15 15 15 15 16 15 15 15 16 15 15 15 15 15 15 15 16 15 15 15 15 15 15 15 15 15 15 15 15 15 15 15 15 15 15 15 15 15 15 16 16 15 15 15 15 15 15 15 15 15 15 15 15 15 16 15 15 15 15 16 15 15 15 16 15 16 15 15 15 15 15 15 15 15 15 15 15 16 15 16 16 15 15 15 16 15 15 15 15 15 15 15 15 15 15 15 15 15 15 15 15 15 15 15 15 15 15
336,1x1x256x512,0.0986589 0.120084986 0.21656205 0.1398804 0.12047784 0.1459423 0.12190524 0.1487544 0.12115233 0.15882766 0.100941986 0.083525755 0.14491512 0.0826377 0.12189361 0.16109587 0.11994449 0.1024097 0.17637338 0.14314003 0.108010665 0.11858829 0.13930659 0.08820066 0.1636127 0.13211109 0.07798328 0.13255529 0.14000037 0.17104106 0.18434694 0.11103967 0.10180435 0.13205415 0.11484148 0.15145783 0.10991314 0.1263023 0.17152691 0.09726951 0.11297774 0.16728088 0.18104994 0.12745841 0.08386207 0.11734303 0.11291868 0.11668636 0.13521558 0.110521495 0.16345924 0.08902052 0.11530508 0.17839524 0.07368059 0.124150045 0.15571414 0.088168524 0.1403777 0.10427554 0.1830383 0.0971942 0.13174689 0.16071934 0.1237344 0.13602799 0.19632216 0.16779962 0.09045129 0.16811594 0.14902182 0.13681218 0.076305725 0.11124097 0.14774321 0.14178978 0.1185585 0.108102545 0.15286033 0.1422218 0.20649208 0.14933206 0.2139634 0.16809344 0.065226935 0.09789657 0.15354922 0.12804219 0.085411504 0.15470974 0.15353352 0.14404897 0.09116646 0.093879186 0.096897654 0.11482422 0.1634133 0.09376768 0.106788985 0.18810758 0.15392312 0.10293948 0.095459424 0.12879351 0.10539882 0.14482325 0.16059747 0.10804102 0.11356234 0.09650825 0.07774851 0.16017963 0.102697745 0.09668857 0.105526514 0.17017971 0.13168095 0.16325268 0.067398 0.10196732 0.10076031 0.15305606 0.12401451 0.14382914 0.11015896 0.10455546 0.09901592 0.09905465 0.088291466 0.118163824 0.07613745 0.07380316 0.10339349 0.10489363 0.17176887 0.13499457 0.1483618 0.14568879 0.12006962 0.08777297 0.12643124 0.058581416 0.08540445 0.17922577 0.1908948 0.12138106 0.14868964 0.15595844 0.08583394 0.14966092 0.08716136 0.13127144 0.13639075 0.15927292 0.17704265 0.10583311 0.13831957 0.25839218 0.117409155 0.086357445 0.09069985 0.14414008 0.10463644 0.15796377 0.10945181 0.111832514 0.13510568 0.20914422 0.1676781 0.13354453 0.15498756 0.11932356 0.09687243 0.09581568 0.15221392 0.12070302 0.15454374 0.15565966 0.16210729 0.08947705 0.12795945 0.16607535 0.11666713 0.11473119 0.105498254 0.07049074 0.09194589 0.06845452 0.14223614 0.08480227 0.13350284 0.14285992 0.116698764 0.12555784 0.16144627 0.1665976 0.14977123 0.14911684 0.118562214 0.09010092 0.1462339 0.13500425 0.09387385 0.16962418 0.11437232 0.16088396 0.11176985 0.09646656 0.106427364 0.12857032 0.13878897 0.13858706 0.08719538 0.08767267 0.14757359 0.15683313 0.13976689 0.09613543 0.08932297 0.09978075 0.08796758 0.16830823 0.12450047 0.11670012 0.16894083 0.0899892 0.11256696 0.13516454 0.13232782 0.13994627 0.13807708 0.18488248 0.14288512 0.101747036 0.121646196 0.18105876 0.13124146 0.1561057 0.14776058 0.08489753 0.12087459 0.108984545 0.065307215 0.09167938 0.15996444 0.12061983 0.09025376 0.12879162 0.1171146 0.11376185 0.07628262 0.15165192 0.15303022 0.1639426 0.12812674 0.145474 0.07803045 0.14912403 0.19703496 0.14086272 0.080027185 0.0938654 0.16373631 0.1942731 0.15559074 0.099177375 0.11381478 0.09674845 0.13376741 0.11726494 0.10232484 0.18378086 0.15895027 0.0988621 0.07904735 0.12305909 0.118302606 0.14888561 0.08083574 0.092476316 0.14411128 0.17016894 0.091190904 0.16953702 0.16554108 0.11081177 0.110682435 0.15654032 0.2034201 0.10497234 0.1417084 0.14229733 0.12974292 0.13025743 0.12869029 0.096446335 0.13828824 0.12572935 0.17967261 0.14485991 0.108167216 0.09194917 0.13328305 0.115502596 0.1264507 0.21513149 0.15817165 0.12434222 0.15206201 0.07408975 0.11362194 0.17115746 0.08278375 0.12339633 0.09730205 0.08674316 0.15854932 0.161542 0.07296558 0.11103554 0.09581161 0.09330059 0.15075588 0.103168875 0.08924639 0.13949518 0.1496477 0.07936011 0.14861296 0.09342006 0.13105455 0.11794899 0.108590804 0.14703298 0.07894523 0.12603965 0.085906304 0.0906108 0.13909455 0.12010907 0.10202809 0.15086935 0.14036387 0.12116172 0.16943869 0.12794654 0.12215311 0.14842293 0.135798 0.122789025 0.17518714 0.123158805 0.11081816 0.09394887 0.0767328 0.18058075 0.10377509 0.07316087 0.11933574 0.09483369 0.17125273 0.1712822 0.13943979 0.16623284 0.15978661 0.103517756 0.1696165 0.16471657 0.123018615 0.08650037 0.17981037 0.110440314 0.15651737 0.1944352 0.11612269 0.11892161 0.16829345 0.16284393 0.10954579 0.20512791 0.12621902 0.073221415 0.14395358 0.07910658 0.16703388 0.120355636 0.117760725 0.06745004 0.16373552 0.18137096 0.09582365 0.11539644 0.14986199 0.107934475 0.09135619 0.10849196 0.12312121 0.13277525 0.108271606 0.17631713 0.08708451 0.15366063 0.0794646 0.16946675 0.102153644 0.10890165 0.095179796 0.07566038 0.13814399 0.12546518 0.10074736 0.13636084 0.13550517 0.14092778 0.16775428 0.13981505 0.10072413 0.12583876 0.11233909 0.0840664 0.10568702 0.10299488 0.17147008 0.0873792 0.15022853 0.13050431 0.18255399 0.16288804 0.12570938 0.10827209 0.22459947 0.13160096 0.1221823 0.089125656 0.07653131 0.122367375 0.07117121 0.16430867 0.1382857 0.15302865 0.10999083 0.076810695 0.18733138 0.10394143 0.10283766 0.13192928 0.09528844 0.12809668 0.18999091 0.101653256 0.17741615 0.1124874 0.13960414 0.1289573 0.15166512 0.13514611 0.13671942 0.085947976 0.14014553 0.109330855 0.15681322 0.19524603 0.11699107 0.10154882 0.15490244 0.14848307 0.121194996 0.1210755 0.1320374 0.14445928 0.12191863 0.13302828 0.15139371 0.07959659 0.1462753 0.1418367 0.10289937 0.13490134 0.13278286 0.1739934 0.15198167 0.106515676 0.09701802 0.13249272 0.12974975 0.17013635 0.10803663 0.12931785 0.08860088 0.0906166 0.09155284 0.15731384 0.06590922 0.12850921 0.17462644 0.16407132 0.14781816 0.13136055 0.14794359 0.16901681 0.18922532 0.124758594 0.18279184 0.16848165 0.17641903 0.14280505 0.16565451 0.11765353 0.15128662 0.11689972 0.07198593 0.15490644,0.09864686 0.12007033 0.21653563 0.13986334 0.12046313 0.14592448 0.12189036 0.14873624 0.12113754 0.15880828 0.10092966 0.08351556 0.14489743 0.08262762 0.121878736 0.1610762 0.11992986 0.102397196 0.17635185 0.14312255 0.107997485 0.118573815 0.13928959 0.0881899 0.16359273 0.13209496 0.07797376 0.13253912 0.1399833 0.17102018 0.18432444 0.111026116 0.10179193 0.13203804 0.11482747 0.15143934 0.10989972 0.12628688 0.17150597 0.09725764 0.11296396 0.16726047 0.18102784 0.12744285 0.083851844 0.11732871 0.112904906 0.11667211 0.13519907 0.110508 0.1634393 0.08900966 0.115291014 0.17837347 0.073671594 0.1241349 0.15569513 0.088157766 0.14036058 0.104262814 0.18301596 0.09718234 0.13173081 0.16069971 0.1237193 0.13601139 0.1962982 0.16777913 0.09044026 0.16809542 0.14900362 0.13679548 0.07629641 0.11122739 0.14772518 0.14177246 0.118544035 0.10808936 0.15284167 0.14220443 0.20646688 0.14931384 0.21393728 0.16807294 0.06521897 0.097884625 0.1535305 0.12802657 0.08540108 0.15469086 0.15351477 0.14403139 0.09115533 0.093867734 0.09688583 0.114810206 0.16339335 0.093756236 0.106775954 0.18808463 0.15390435 0.10292692 0.09544778 0.12877779 0.10538595 0.14480558 0.16057786 0.10802784 0.11354848 0.09649647 0.07773902 0.16016008 0.10268521 0.09667677 0.10551364 0.17015894 0.13166487 0.16323276 0.06738977 0.10195488 0.10074801 0.15303738 0.12399937 0.14381158 0.11014551 0.1045427 0.09900384 0.099042565 0.08828069 0.11814941 0.07612816 0.07379415 0.103380874 0.10488083 0.17174791 0.1349781 0.1483437 0.14567101 0.120054975 0.08776227 0.1264158 0.058574267 0.085394025 0.1792039 0.19087149 0.12136625 0.1486715 0.1559394 0.08582346 0.14964266 0.08715073 0.13125542 0.1363741 0.15925348 0.17702104 0.1058202 0.13830268 0.25836065 0.11739483 0.08634691 0.09068879 0.1441225 0.10462367 0.1579445 0.10943845 0.111818865 0.1350892 0.2091187 0.16765763 0.13352825 0.15496863 0.119309 0.0968606 0.09580398 0.15219535 0.12068829 0.1545249 0.15564066 0.16208751 0.08946613 0.12794383 0.16605508 0.11665289 0.114717185 0.10548538 0.07048214 0.091934666 0.06844616 0.14221878 0.08479192 0.13348654 0.14284249 0.116684526 0.1255425 0.16142657 0.16657726 0.14975296 0.14909863 0.118547745 0.090089925 0.14621606 0.13498779 0.0938624 0.16960348 0.11435836 0.16086434 0.111756206 0.09645479 0.10641437 0.12855463 0.13877204 0.13857014 0.087184735 0.087661974 0.14755559 0.15681398 0.13974984 0.0961237 0.08931207 0.09976857 0.087956846 0.16828768 0.12448527 0.11668588 0.16892022 0.08997822 0.112553224 0.13514805 0.13231167 0.13992919 0.13806023 0.18485992 0.14286768 0.10173462 0.121631354 0.18103667 0.13122544 0.15608665 0.14774255 0.08488718 0.12085984 0.108971246 0.06529925 0.091668196 0.15994492 0.12060511 0.09024274 0.1287759 0.117100306 0.11374796 0.076273315 0.15163341 0.15301153 0.16392261 0.1281111 0.14545624 0.07802093 0.14910582 0.19701092 0.14084554 0.08001742 0.09385395 0.16371633 0.19424939 0.15557174 0.099165276 0.11380088 0.09673665 0.1337511 0.11725063 0.102312356 0.18375844 0.15893087 0.09885003 0.0790377 0.12304407 0.11828817 0.14886743 0.08082587 0.09246503 0.14409368 0.17014818 0.09117978 0.16951634 0.16552088 0.11079825 0.11066893 0.15652122 0.20339528 0.104959525 0.14169112 0.14227995 0.1297271 0.13024153 0.12867458 0.09643456 0.13827138 0.12571402 0.1796507 0.14484222 0.108154014 0.09193795 0.13326679 0.1154885 0.12643528 0.21510524 0.15815234 0.12432705 0.15204345 0.07408071 0.11360808 0.17113657 0.08277365 0.12338127 0.09729017 0.086732574 0.15852998 0.16152228 0.072956674 0.11102199 0.095799915 0.0932892 0.1507375 0.10315628 0.0892355 0.13947815 0.14962944 0.07935043 0.14859483 0.09340866 0.13103855 0.11793459 0.10857756 0.14701504 0.07893559 0.12602426 0.08589582 0.090599746 0.13907757 0.1200944 0.10201564 0.15085095 0.14034675 0.12114694 0.16941802 0.12793092 0.1221382 0.14840482 0.13578144 0.122774035 0.17516576 0.12314377 0.11080464 0.093937404 0.076723434 0.18055871 0.103762425 0.07315194 0.11932118 0.09482211 0.17123184 0.1712613 0.13942277 0.16621254 0.15976712 0.10350513 0.16959581 0.16469647 0.1230036 0.08648981 0.17978844 0.110426836 0.15649827 0.19441146 0.11610852 0.118907094 0.1682729 0.16282406 0.109532416 0.20510288 0.12620363 0.073212475 0.14393601 0.07909692 0.1670135 0.12034094 0.11774635 0.067441806 0.16371554 0.18134882 0.09581196 0.11538236 0.1498437 0.1079213 0.091345035 0.10847872 0.12310619 0.13275903 0.10825839 0.17629561 0.08707388 0.15364186 0.07945491 0.16944607 0.10214117 0.10888836 0.09516818 0.07565114 0.13812712 0.12544988 0.10073507 0.1363442 0.13548863 0.14091058 0.1677338 0.13979799 0.10071184 0.12582341 0.11232538 0.08405614 0.105674125 0.10298231 0.17144914 0.08736853 0.15021019 0.13048838 0.18253171 0.16286816 0.12569405 0.10825887 0.22457205 0.1315849 0.122167386 0.08911478 0.07652198 0.122352436 0.07116252 0.16428863 0.13826883 0.15300997 0.10997741 0.07680132 0.18730852 0.10392875 0.102825105 0.13191319 0.09527681 0.12808105 0.18996772 0.10164085 0.1773945 0.112473674 0.13958709 0.12894157 0.15164661 0.13512962 0.13670275 0.085937485 0.14012842 0.10931751 0.15679407 0.1952222 0.11697679 0.10153642 0.15488355 0.14846495 0.12118021 0.12106073 0.13202128 0.14444165 0.121903755 0.13301206 0.15137523 0.07958687 0.14625745 0.1418194 0.10288681 0.13488488 0.13276665 0.17397216 0.15196313 0.10650268 0.09700618 0.13247655 0.12973392 0.17011558 0.10802345 0.12930207 0.08859006 0.090605535 0.09154167 0.15729463 0.06590118 0.12849352 0.17460513 0.16405131 0.14780013 0.13134451 0.14792554 0.16899619 0.18920222 0.12474337 0.18276954 0.16846108 0.1763975 0.14278764 0.1656343 0.11763917 0.15126815 0.11688545 0.071977146 0.15488754,0.0007767469 0.00094543566 0.001705005 0.0011012862 0.0009485286 0.0011490117 0.0009597666 0.0011711515 0.00095383887 0.0012504589 0.00079472177 0.00065760285 0.0011409246 0.0006506112 0.00095967506 0.0012683165 0.0009443296 0.00080627715 0.0013885972 0.0011269492 0.0008503739 0.0009336521 0.0010967684 0.00069440866 0.0012881317 0.0010401178 0.0006139666 0.0010436152 0.0011022306 0.0013466156 0.0014513736 0.0008742214 0.0008015113 0.0010396696 0.0009041533 0.0011924357 0.00086535217 0.0009943849 0.0013504408 0.00076580816 0.00088948 0.0013170115 0.0014254161 0.001003487 0.0006602507 0.0009238481 0.00088901503 0.00091867807 0.0010645596 0.0008701417 0.0012869237 0.0007008634 0.00090780325 0.0014045155 0.0005800913 0.0009774402 0.0012259459 0.00069415563 0.0011052014 0.000820967 0.0014410706 0.00076521526 0.0010372505 0.001265352 0.0009741677 0.0010709559 0.0015456551 0.0013210955 0.000712128 0.001323586 0.0011732569 0.0010771297 0.0006007592 0.00087580626 0.0011631903 0.0011163186 0.0009334176 0.0008510973 0.0012034777 0.0011197199 0.0016257234 0.0011756995 0.0016845455 0.0013234089 0.0005135352 0.0007707451 0.0012089015 0.0010080832 0.0006724495 0.0012180383 0.0012087778 0.0011341055 0.0007177585 0.000739116 0.00076288055 0.00090401736 0.0012865618 0.0007382381 0.0008407555 0.0014809814 0.0012118453 0.0008104482 0.0007515573 0.0010139983 0.0008298106 0.0011402015 0.0012643926 0.0008506129 0.00089408254 0.00075981475 0.0006121183 0.001261103 0.000808545 0.0007612344 0.00083081605 0.0013398342 0.0010367313 0.0012852973 0.00053062814 0.0008027943 0.00079329143 0.0012050187 0.00097637303 0.0011323746 0.00086728745 0.0008231709 0.00077955774 0.0007798627 0.00069512357 0.0009303103 0.00059943437 0.0005810563 0.0008140226 0.0008258333 0.0013523457 0.0010628197 0.0011680606 0.0011470158 0.00094531476 0.00069104147 0.0009954 0.0004612147 0.0006723939 0.0014110543 0.0015029252 0.00095563976 0.0011706416 0.0012278693 0.0006757753 0.0011782887 0.00068622624 0.0010335072 0.0010738118 0.0012539644 0.0013938665 0.0008332299 0.0010889975 0.0020343359 0.00092436874 0.0006798969 0.00071408495 0.0011348228 0.0008238084 0.0012436574 0.00086172007 0.0008804635 0.0010636945 0.0016466039 0.0013201388 0.0010514035 0.0012202255 0.000939441 0.0007626819 0.0007543621 0.0011983885 0.0009503015 0.0012167314 0.001225517 0.0012762797 0.00070445775 0.0010074318 0.0013075203 0.0009185267 0.00090328493 0.0008305935 0.0005549775 0.00072389503 0.00053894613 0.001119833 0.00066765293 0.001051075 0.001124744 0.0009187758 0.0009885237 0.0012710753 0.001311632 0.0011791572 0.001174005 0.0009334468 0.0007093695 0.0011513076 0.001062896 0.000739074 0.0013354605 0.00090045953 0.0012666483 0.00087997015 0.0007594866 0.0008379084 0.0010122411 0.0010926932 0.0010911035 0.000686494 0.00069025176 0.0011618551 0.0012347557 0.0011003924 0.00075687957 0.00070324464 0.0007855793 0.0006925736 0.0013250998 0.000980199 0.00091878645 0.0013300804 0.0007084899 0.00088624586 0.0010641578 0.0010418242 0.0011018047 0.0010870884 0.0014555899 0.0011249424 0.00080106 0.0009577272 0.0014254856 0.0010332712 0.0012290288 0.0011633273 0.000668403 0.0009516523 0.0008580413 0.0005141673 0.0007217968 0.0012594088 0.0009496465 0.00071057276 0.0010139834 0.0009220496 0.00089565327 0.0006005773 0.0011939639 0.0012048152 0.0012907292 0.0010087488 0.0011453247 0.00061433803 0.0011740616 0.0015512671 0.00110902 0.0006300584 0.0007390075 0.0012891049 0.0015295228 0.0012249744 0.00078082894 0.0008960699 0.00076170586 0.0010531582 0.0009232333 0.0008056091 0.0014469168 0.0012514242 0.0007783467 0.00062234415 0.000968851 0.0009314029 0.0011721845 0.00063642417 0.0007280711 0.0011345958 0.0013397494 0.00071795104 0.0013347743 0.001303314 0.00087242713 0.0008714089 0.0012324505 0.0016015376 0.000826453 0.0011156781 0.0011203146 0.0010214732 0.0010255239 0.0010131857 0.00075932726 0.001088751 0.0009898741 0.0014145724 0.0011404899 0.0008516064 0.0007239209 0.0010493448 0.00090935826 0.0009955533 0.001693742 0.001245294 0.0009789531 0.0011971925 0.0005833127 0.0008945518 0.001347532 0.000651761 0.00097150606 0.00076606433 0.00068293366 0.0012482676 0.001271829 0.000574462 0.0008741889 0.00075433 0.0007345606 0.0011869094 0.0008122542 0.00070264173 0.0010982532 0.0011781846 0.0006248065 0.001170038 0.00073550123 0.0010317996 0.0009286188 0.0008549414 0.0011575987 0.0006215401 0.000992317 0.000676345 0.00071338384 0.001095099 0.00094562524 0.0008032727 0.0011878028 0.0011050926 0.0009539129 0.0013340001 0.0010073301 0.00096171815 0.001168542 0.0010691452 0.0009667247 0.0013792579 0.00096963596 0.0008724775 0.0007396646 0.00060412154 0.0014217221 0.000817027 0.0005759995 0.0009395369 0.0007466308 0.0013482822 0.0013485141 0.0010978171 0.0013087601 0.0012580089 0.000815001 0.0013354 0.0012968226 0.0009685323 0.0006810221 0.001415657 0.00086950266 0.0012322698 0.0015307989 0.0009142403 0.00093627634 0.0013249834 0.0012820793 0.00086245994 0.0016149833 0.0009937293 0.00057647616 0.0011333544 0.0006228104 0.0013150669 0.00094756647 0.0009271366 0.00053103786 0.0012890988 0.0014279435 0.0007544249 0.0009085225 0.0011798716 0.00084977405 0.0007192522 0.00085416314 0.0009693401 0.0010453467 0.00085242826 0.0013881543 0.0006856211 0.0012097785 0.0006256292 0.001334221 0.0008042612 0.00085738866 0.00074935576 0.0005956783 0.0010876152 0.0009877944 0.0007931895 0.0010735763 0.0010668396 0.0011095321 0.0013207386 0.0011007716 0.0007930066 0.0009907355 0.0008844518 0.00066185935 0.00083207974 0.00081088435 0.0013499933 0.0006879412 0.0011827574 0.0010274675 0.0014372576 0.0012824264 0.000989717 0.00085243204 0.0017682839 0.0010361016 0.0009619479 0.00070169114 0.00060253526 0.000963405 0.0005603348 0.0012936112 0.0010887309 0.0012048029 0.00086596387 0.0006047348 0.0014748703 0.0008183366 0.0008096465 0.0010386865 0.0007502111 0.0010085122 0.0014958088 0.00080032164 0.001396807 0.0008856195 0.0010991109 0.0010152879 0.0011940679 0.0010640128 0.0010763996 0.00067667314 0.0011033734 0.0008607678 0.001234599 0.0015371827 0.0009210771 0.0007994994 0.0012195555 0.0011690153 0.00095417484 0.0009532341 0.0010395376 0.0011373358 0.0009598721 0.001047339 0.001191931 0.0006266683 0.0011516334 0.0011166882 0.00081013236 0.0010620856 0.0010454067 0.0013698596 0.0011965601 0.00083860377 0.00076382817 0.0010431225 0.001021527 0.0013394927 0.00085057836 0.0010181265 0.00069755956 0.0007134294 0.00072080054 0.0012385404 0.000518907 0.00101176 0.0013748435 0.0012917425 0.0011637806 0.0010342088 0.001164768 0.0013306786 0.0014897813 0.0009822312 0.0014391302 0.0013264653 0.0013889567 0.001124312 0.0013042071 0.0009262927 0.0011910879 0.0009203579 0.0005667492 0.0012195869,
337,512,,,0.0049615246 0.0049615246 0.0049615246 0.0049615246 0.0049615246 0.0049615246 0.0049615246 0.0049615246 0.0049615246 0.0049615246 0.0049615246 0.0049615246 0.0049615246 0.0049615246 0.0049615246 0.0049615246 0.0049615246 0.0049615246 0.0049615246 0.0049615246 0.0049615246 0.0049615246 0.0049615246 0.0049615246 0.0049615246 0.0049615246 0.0049615246 0.0049615246 0.0049615246 0.0049615246 0.0049615246 0.0049615246 0.0049615246 0.0049615246 0.0049615246 0.0049615246 0.0049615246 0.0049615246 0.0049615246 0.0049615246 0.0049615246 0.0049615246 0.0049615246 0.0049615246 0.0049615246 0.0049615246 0.0049615246 0.0049615246 0.0049615246 0.0049615246 0.0049615246 0.0049615246 0.0049615246 0.0049615246 0.0049615246 0.0049615246 0.0049615246 0.0049615246 0.0049615246 0.0049615246 0.0049615246 0.0049615246 0.0049615246 0.0049615246 0.0049615246 0.0049615246 0.0049615246 0.0049615246 0.0049615246 0.0049615246 0.0049615246 0.0049615246 0.0049615246 0.0049615246 0.0049615246 0.0049615246 0.0049615246 0.0049615246 0.0049615246 0.0049615246 0.0049615246 0.0049615246 0.0049615246 0.0049615246 0.0049615246 0.0049615246 0.0049615246 0.0049615246 0.0049615246 0.0049615246 0.0049615246 0.0049615246 0.0049615246 0.0049615246 0.0049615246 0.0049615246 0.0049615246 0.0049615246 0.0049615246 0.0049615246 0.0049615246 0.0049615246 0.0049615246 0.0049615246 0.0049615246 0.0049615246 0.0049615246 0.0049615246 0.0049615246 0.0049615246 0.0049615246 0.0049615246 0.0049615246 0.0049615246 0.0049615246 0.0049615246 0.0049615246 0.0049615246 0.0049615246 0.0049615246 0.0049615246 0.0049615246 0.0049615246 0.0049615246 0.0049615246 0.0049615246 0.0049615246 0.0049615246 0.0049615246 0.0049615246 0.0049615246 0.0049615246 0.0049615246 0.0049615246 0.0049615246 0.0049615246 0.0049615246 0.0049615246 0.0049615246 0.0049615246 0.0049615246 0.0049615246 0.0049615246 0.0049615246 0.0049615246 0.0049615246 0.0049615246 0.0049615246 0.0049615246 0.0049615246 0.0049615246 0.0049615246 0.0049615246 0.0049615246 0.0049615246 0.0049615246 0.0049615246 0.0049615246 0.0049615246 0.0049615246 0.0049615246 0.0049615246 0.0049615246 0.0049615246 0.0049615246 0.0049615246 0.0049615246 0.0049615246 0.0049615246 0.0049615246 0.0049615246 0.0049615246 0.0049615246 0.0049615246 0.0049615246 0.0049615246 0.0049615246 0.0049615246 0.0049615246 0.0049615246 0.0049615246 0.0049615246 0.0049615246 0.0049615246 0.0049615246 0.0049615246 0.0049615246 0.0049615246 0.0049615246 0.0049615246 0.0049615246 0.0049615246 0.0049615246 0.0049615246 0.0049615246 0.0049615246 0.0049615246 0.0049615246 0.0049615246 0.0049615246 0.0049615246 0.0049615246 0.0049615246 0.0049615246 0.0049615246 0.0049615246 0.0049615246 0.0049615246 0.0049615246 0.0049615246 0.0049615246 0.0049615246 0.0049615246 0.0049615246 0.0049615246 0.0049615246 0.0049615246 0.0049615246 0.0049615246 0.0049615246 0.0049615246 0.0049615246 0.0049615246 0.0049615246 0.0049615246 0.0049615246 0.0049615246 0.0049615246 0.0049615246 0.0049615246 0.0049615246 0.0049615246 0.0049615246 0.0049615246 0.0049615246 0.0049615246 0.0049615246 0.0049615246 0.0049615246 0.0049615246 0.0049615246 0.0049615246 0.0049615246 0.0049615246 0.0049615246 0.0049615246 0.0049615246 0.0049615246 0.0049615246 0.0049615246 0.0049615246 0.0049615246 0.0049615246 0.0049615246 0.0049615246 0.0049615246 0.0049615246 0.0049615246 0.0049615246 0.0049615246 0.0049615246 0.0049615246 0.0049615246 0.0049615246 0.0049615246 0.0049615246 0.0049615246 0.0049615246 0.0049615246 0.0049615246 0.0049615246 0.0049615246 0.0049615246 0.0049615246 0.0049615246 0.0049615246 0.0049615246 0.0049615246 0.0049615246 0.0049615246 0.0049615246 0.0049615246 0.0049615246 0.0049615246 0.0049615246 0.0049615246 0.0049615246 0.0049615246 0.0049615246 0.0049615246 0.0049615246 0.0049615246 0.0049615246 0.0049615246 0.0049615246 0.0049615246 0.0049615246 0.0049615246 0.0049615246 0.0049615246 0.0049615246 0.0049615246 0.0049615246 0.0049615246 0.0049615246 0.0049615246 0.0049615246 0.0049615246 0.0049615246 0.0049615246 0.0049615246 0.0049615246 0.0049615246 0.0049615246 0.0049615246 0.0049615246 0.0049615246 0.0049615246 0.0049615246 0.0049615246 0.0049615246 0.0049615246 0.0049615246 0.0049615246 0.0049615246 0.0049615246 0.0049615246 0.0049615246 0.0049615246 0.0049615246 0.0049615246 0.0049615246 0.0049615246 0.0049615246 0.0049615246 0.0049615246 0.0049615246 0.0049615246 0.0049615246 0.0049615246 0.0049615246 0.0049615246 0.0049615246 0.0049615246 0.0049615246 0.0049615246 0.0049615246 0.0049615246 0.0049615246 0.0049615246 0.0049615246 0.0049615246 0.0049615246 0.0049615246 0.0049615246 0.0049615246 0.0049615246 0.0049615246 0.0049615246 0.0049615246 0.0049615246 0.0049615246 0.0049615246 0.0049615246 0.0049615246 0.0049615246 0.0049615246 0.0049615246 0.0049615246 0.0049615246 0.0049615246 0.0049615246 0.0049615246 0.0049615246 0.0049615246 0.0049615246 0.0049615246 0.0049615246 0.0049615246 0.0049615246 0.0049615246 0.0049615246 0.0049615246 0.0049615246 0.0049615246 0.0049615246 0.0049615246 0.0049615246 0.0049615246 0.0049615246 0.0049615246 0.0049615246 0.0049615246 0.0049615246 0.0049615246 0.0049615246 0.0049615246 0.0049615246 0.0049615246 0.0049615246 0.0049615246 0.0049615246 0.0049615246 0.0049615246 0.0049615246 0.0049615246 0.0049615246 0.0049615246 0.0049615246 0.0049615246 0.0049615246 0.0049615246 0.0049615246 0.0049615246 0.0049615246 0.0049615246 0.0049615246 0.0049615246 0.0049615246 0.0049615246 0.0049615246 0.0049615246 0.0049615246 0.0049615246 0.0049615246 0.0049615246 0.0049615246 0.0049615246 0.0049615246 0.0049615246 0.0049615246 0.0049615246 0.0049615246 0.0049615246 0.0049615246 0.0049615246 0.0049615246 0.0049615246 0.0049615246 0.0049615246 0.0049615246 0.0049615246 0.0049615246 0.0049615246 0.0049615246 0.0049615246 0.0049615246 0.0049615246 0.0049615246 0.0049615246 0.0049615246 0.0049615246 0.0049615246 0.0049615246 0.0049615246 0.0049615246 0.0049615246 0.0049615246 0.0049615246 0.0049615246 0.0049615246 0.0049615246 0.0049615246 0.0049615246 0.0049615246 0.0049615246 0.0049615246 0.0049615246 0.0049615246 0.0049615246 0.0049615246 0.0049615246 0.0049615246 0.0049615246 0.0049615246 0.0049615246 0.0049615246 0.0049615246 0.0049615246 0.0049615246 0.0049615246 0.0049615246 0.0049615246 0.0049615246 0.0049615246 0.0049615246 0.0049615246 0.0049615246 0.0049615246 0.0049615246 0.0049615246 0.0049615246 0.0049615246 0.0049615246 0.0049615246 0.0049615246 0.0049615246 0.0049615246 0.0049615246 0.0049615246 0.0049615246 0.0049615246 0.0049615246 0.0049615246 0.0049615246 0.0049615246 0.0049615246 0.0049615246 0.0049615246 0.0049615246 0.0049615246 0.0049615246,15 15 14 14 15 14 15 14 15 14 15 15 14 15 15 14 15 15 14 14 15 15 14 15 14 14 15 14 14 14 14 15 15 14 15 14 15 14 14 15 15 14 14 14 15 15 15 15 14 15 14 15 15 14 15 14 14 15 14 15 14 15 14 14 15 14 14 14 15 14 14 14 15 15 14 14 15 15 14 14 14 14 14 14 15 15 14 14 15 14 14 14 15 15 15 15 14 15 15 14 14 15 15 14 15 14 14 15 15 15 15 14 15 15 15 14 14 14 15 15 15 14 14 14 15 15 15 15 15 15 15 15 15 15 14 14 14 14 15 15 14 16 15 14 14 15 14 14 15 14 15 14 14 14 14 15 14 13 15 15 15 14 15 14 15 15 14 14 14 14 14 15 15 15 14 15 14 14 14 15 14 14 15 15 15 15 15 15 14 15 14 14 15 14 14 14 14 14 15 15 14 14 15 14 15 14 15 15 15 14 14 14 15 15 14 14 14 15 15 15 15 14 14 15 14 15 15 14 14 14 14 14 14 15 15 14 14 14 14 15 15 15 15 15 14 15 15 14 15 15 15 14 14 14 14 14 15 14 14 14 15 15 14 14 14 15 15 15 14 15 15 14 14 15 15 15 15 14 15 15 14 14 15 14 14 15 15 14 14 15 14 14 14 14 14 15 14 14 14 14 15 15 14 15 14 14 14 14 14 15 15 14 15 15 15 15 14 14 15 15 15 15 14 15 15 14 14 15 14 15 14 15 15 14 15 14 15 15 14 15 15 14 14 15 14 14 15 14 14 15 14 15 15 15 15 14 15 15 15 15 14 14 14 14 14 15 14 14 15 15 14 15 14 14 15 15 14 14 15 14 14 15 14 15 14 15 15 15 14 14 15 15 14 15 15 15 15 14 15 14 15 14 15 14 15 15 15 15 14 14 15 14 14 14 14 14 15 14 15 15 15 15 14 15 14 14 14 14 14 15 14 14 15 15 15 15 15 14 14 14 15 15 14 15 15 14 15 14 14 15 14 15 14 14 14 14 14 15 14 15 14 14 15 15 14 14 15 15 14 14 15 14 14 15 14 14 15 14 14 14 14 15 15 14 14 14 15 14 15 15 15 14 15 14 14 14 14 14 14 14 14 14 14 14 14 14 14 15 14 15 15 14
342,1x1x512x256,0.08801336 0.093678325 0.1140452 0.11204201 0.09815596 0.15125813 0.11181259 0.140994 0.1668171 0.11329314 0.092351235 0.16695148 0.11264463 0.107275896 0.10392746 0.11948316 0.072531745 0.10127124 0.11311151 0.1072991 0.1077887 0.118692584 0.10755748 0.15508327 0.10095788 0.09451618 0.08912176 0.09882195 0.11012487 0.099281676 0.114287876 0.10351503 0.12573771 0.12523408 0.1566149 0.09778794 0.10342303 0.08810369 0.10202147 0.09045792 0.098530225 0.12904003 0.10729331 0.12551883 0.09769582 0.16538392 0.099473335 0.07835385 0.114968196 0.087713405 0.09619206 0.09666424 0.10083962 0.11066801 0.107197784 0.09220681 0.10162752 0.12753014 0.09162053 0.082944214 0.10726936 0.1133505 0.1277808 0.10660099 0.08297623 0.122463115 0.16128127 0.11470857 0.099775605 0.12869115 0.093965665 0.10871461 0.10228234 0.08026169 0.089748226 0.11721089 0.11792984 0.08781315 0.13559318 0.12168924 0.092169404 0.14040783 0.1226554 0.0827999 0.105704665 0.10716474 0.083155766 0.08868729 0.088342264 0.11491484 0.09595971 0.122663416 0.12268635 0.12357887 0.1317029 0.147453 0.1571087 0.12633581 0.13044633 0.14266993 0.09691419 0.08339642 0.08576778 0.121422336 0.09044574 0.07595557 0.09635827 0.12767082 0.15492848 0.13924295 0.12485552 0.079755224 0.11175407 0.14953317 0.10594628 0.09495876 0.1019832 0.09718969 0.17956401 0.0928845 0.1948322 0.12956098 0.15880217 0.14169028 0.10795733 0.15126172 0.11525325 0.09754865 0.12810422 0.09117535 0.09960456 0.09449538 0.08346617 0.12784974 0.09196672 0.086326614 0.11095586 0.083098106 0.117853545 0.09403106 0.07912086 0.112147085 0.12295988 0.14231262 0.10759121 0.09988739 0.21110138 0.08940792 0.09249766 0.10713468 0.12331962 0.12019353 0.14631842 0.086664036 0.09408439 0.12154156 0.19016272 0.12798075 0.10186014 0.09329889 0.1346177 0.13893972 0.10779856 0.10731727 0.13125132 0.0892495 0.13115613 0.10002174 0.12969822 0.085035026 0.1112287 0.091314875 0.09673457 0.1075687 0.090730056 0.08629989 0.1315063 0.12477572 0.115304165 0.15465896 0.15365013 0.10571228 0.08060758 0.15839477 0.115178086 0.136565 0.12037784 0.082226515 0.102551095 0.08575361 0.09357209 0.10336486 0.11005952 0.13061471 0.09994831 0.09439797 0.106262594 0.10804664 0.17273109 0.10743649 0.10099104 0.088646255 0.12652345 0.11781872 0.105100684 0.124893166 0.088905334 0.1104444 0.1021264 0.14080118 0.08285467 0.14499539 0.1183144 0.1515978 0.081067875 0.101979844 0.12650841 0.09594288 0.10137854 0.11204726 0.10043524 0.15261419 0.09653366 0.10361462 0.10846524 0.1706406 0.13742489 0.11591051 0.113610506 0.10643686 0.12772356 0.08074439 0.14445753 0.08559652 0.11290833 0.13817923 0.14044106 0.10139624 0.100586936 0.094699666 0.155668 0.13295008 0.14371489 0.17586654 0.12619664 0.10034859 0.12921478 0.11548654 0.10847306 0.115740776 0.10190293 0.10935351 0.12454374 0.11096116 0.08648959 0.123770155,0.08800262 0.09366689 0.114031285 0.11202834 0.09814398 0.15123966 0.11179894 0.1409768 0.16679674 0.11327932 0.09233997 0.1669311 0.11263088 0.107262805 0.103914775 0.11946858 0.07252289 0.10125888 0.113097705 0.107286006 0.10777555 0.1186781 0.107544355 0.15506434 0.10094556 0.09450465 0.08911088 0.0988099 0.11011143 0.09926956 0.11427393 0.1035024 0.12572236 0.12521881 0.1565958 0.097776 0.10341041 0.08809294 0.10200902 0.09044689 0.0985182 0.12902428 0.10728021 0.12550351 0.09768389 0.16536373 0.09946119 0.078344285 0.114954166 0.08770271 0.09618033 0.09665244 0.100827314 0.11065451 0.1071847 0.092195556 0.10161512 0.12751457 0.09160935 0.0829341 0.10725627 0.113336675 0.12776521 0.10658798 0.082966104 0.12244817 0.16126159 0.11469457 0.09976342 0.12867545 0.0939542 0.10870135 0.10226985 0.0802519 0.089737274 0.11719658 0.11791545 0.087802425 0.13557664 0.12167438 0.09215816 0.1403907 0.12264043 0.082789786 0.10569176 0.10715166 0.08314562 0.088676475 0.08833148 0.11490081 0.095947996 0.12264845 0.12267138 0.12356379 0.13168684 0.14743501 0.15708953 0.1263204 0.1304304 0.14265251 0.096902356 0.08338624 0.085757315 0.12140752 0.09043471 0.0759463 0.096346505 0.12765525 0.15490957 0.13922594 0.12484028 0.07974549 0.11174043 0.14951493 0.105933346 0.09494717 0.10197075 0.097177826 0.17954211 0.09287316 0.19480844 0.12954517 0.1587828 0.14167298 0.10794415 0.15124325 0.11523918 0.09753674 0.1280886 0.09116422 0.09959241 0.094483845 0.08345599 0.12783414 0.09195549 0.08631608 0.11094231 0.083087966 0.11783916 0.094019584 0.0791112 0.1121334 0.12294488 0.14229526 0.10757808 0.099875204 0.21107562 0.08939701 0.092486374 0.1071216 0.12330457 0.12017886 0.14630055 0.08665346 0.09407291 0.121526726 0.1901395 0.12796514 0.10184771 0.093287505 0.13460128 0.13892277 0.10778541 0.10730417 0.1312353 0.08923861 0.13114013 0.10000953 0.12968239 0.08502465 0.11121512 0.091303736 0.09672277 0.107555576 0.090718985 0.08628936 0.13149025 0.12476049 0.1152901 0.1546401 0.15363137 0.10569938 0.080597736 0.15837543 0.115164034 0.13654833 0.120363146 0.08221648 0.10253858 0.08574315 0.09356067 0.10335225 0.11004609 0.13059878 0.09993611 0.09438645 0.10624963 0.108033456 0.17271002 0.10742338 0.10097872 0.08863544 0.12650801 0.11780434 0.10508786 0.12487792 0.08889448 0.11043092 0.10211393 0.140784 0.08284456 0.1449777 0.11829996 0.1515793 0.08105798 0.101967394 0.12649298 0.09593117 0.10136617 0.11203358 0.100422986 0.15259556 0.096521884 0.10360198 0.10845201 0.17061979 0.13740812 0.11589637 0.11359664 0.10642387 0.12770797 0.08073454 0.1444399 0.08558607 0.11289455 0.13816237 0.14042392 0.101383865 0.100574665 0.09468811 0.155649 0.13293386 0.14369735 0.17584507 0.12618124 0.10033635 0.129199 0.11547245 0.10845982 0.11572665 0.1018905 0.10934017 0.12452854 0.110947624 0.08647904 0.123755045,0.00069293403 0.00073753454 0.00089788414 0.0008821129 0.00077278726 0.0011908634 0.00088030664 0.0011100535 0.0013133602 0.00089196314 0.0007270864 0.001314418 0.00088685733 0.000844589 0.0008182266 0.00094069744 0.00057104643 0.00079731405 0.0008905331 0.0008447717 0.00084862637 0.00093447324 0.0008468059 0.0012209791 0.000794847 0.0007441311 0.00070166046 0.0007780307 0.0008670191 0.0007816501 0.0008997947 0.00081497955 0.0009899399 0.0009859749 0.0012330378 0.0007698898 0.00081425515 0.00069364515 0.0008032206 0.0007121802 0.00077573385 0.0010159393 0.00084472605 0.0009882166 0.00076916453 0.0013020766 0.000783159 0.00061688415 0.0009051509 0.0006905725 0.0007573254 0.0007610428 0.0007939159 0.00087129534 0.000843974 0.00072594924 0.0008001191 0.0010040518 0.0007213335 0.00065302436 0.0008445376 0.00089241477 0.0010060252 0.0008392755 0.0006532764 0.0009641588 0.0012697763 0.0009031069 0.00078553875 0.0010131925 0.00073979684 0.0008559161 0.0008052744 0.00063190475 0.0007065927 0.0009228077 0.00092846813 0.00069135765 0.0010675326 0.00095806597 0.0007256548 0.0011054386 0.00096567266 0.0006518881 0.00083221856 0.0008437138 0.0006546899 0.00069823995 0.0006955235 0.0009047308 0.00075549603 0.0009657358 0.0009659164 0.0009729432 0.0010369042 0.0011609056 0.0012369255 0.0009946489 0.0010270111 0.0011232481 0.0007630107 0.00065658457 0.00067525444 0.0009559647 0.0007120843 0.0005980024 0.0007586339 0.0010051595 0.0012197604 0.0010962673 0.0009829943 0.00062791724 0.00087984593 0.0011772829 0.00083412084 0.0007476155 0.00080291927 0.00076517975 0.0014137174 0.00073128473 0.0015339247 0.0010200407 0.0012502582 0.0011155353 0.00084995397 0.0011908917 0.00090739515 0.00076800585 0.0010085716 0.00071782846 0.0007841922 0.0007439673 0.00065713376 0.0010065681 0.000724059 0.0006796542 0.0008735615 0.00065423595 0.00092786737 0.0007403117 0.00062292285 0.00088294013 0.0009680699 0.0011204351 0.00084707147 0.0007864189 0.0016620128 0.0007039135 0.0007282392 0.0008434772 0.0009709021 0.00094629027 0.0011519729 0.0006823107 0.00074073154 0.0009569033 0.0014971615 0.0010075995 0.00080195046 0.00073454727 0.0010598527 0.00109388 0.000848704 0.00084491476 0.0010333488 0.0007026662 0.0010325995 0.0007874766 0.0010211212 0.0006694854 0.00087570964 0.00071892707 0.0007615966 0.0008468943 0.0007143227 0.00067944376 0.0010353563 0.000982366 0.000907796 0.0012176385 0.0012096958 0.00083227863 0.0006346278 0.0012470506 0.0009068034 0.0010751836 0.0009477413 0.00064737385 0.0008073904 0.0006751429 0.0007366982 0.00081379723 0.0008665046 0.0010283369 0.00078689854 0.0007432004 0.00083661126 0.0008506571 0.0013599214 0.0008458534 0.00079510803 0.00069791684 0.0009961261 0.0009275932 0.00082746346 0.0009832907 0.00069995655 0.0008695348 0.0008040467 0.0011085354 0.0006523194 0.0011415568 0.00093149574 0.0011935378 0.00063825183 0.00080289284 0.0009960077 0.00075536355 0.0007981588 0.0008821542 0.00079073216 0.0012015399 0.0007600148 0.0008157636 0.00085395284 0.0013434628 0.0010819538 0.0009125698 0.00089446176 0.0008379832 0.0010055746 0.0006357051 0.001137322 0.00067390606 0.0008889335 0.0010878927 0.0011057002 0.00079829816 0.0007919265 0.00074557564 0.0012255827 0.0010467232 0.0011314752 0.0013846068 0.0009935531 0.00079005 0.001017315 0.0009092319 0.00085401436 0.0009112335 0.00080228737 0.0008609462 0.0009805397 0.00087360333 0.0006809373 0.00097444915,
343,256,,,0.005392888 0.005392888 0.005392888 0.005392888 0.005392888 0.005392888 0.005392888 0.005392888 0.005392888 0.005392888 0.005392888 0.005392888 0.005392888 0.005392888 0.005392888 0.005392888 0.005392888 0.005392888 0.005392888 0.005392888 0.005392888 0.005392888 0.005392888 0.005392888 0.005392888 0.005392888 0.005392888 0.005392888 0.005392888 0.005392888 0.005392888 0.005392888 0.005392888 0.005392888 0.005392888 0.005392888 0.005392888 0.005392888 0.005392888 0.005392888 0.005392888 0.005392888 0.005392888 0.005392888 0.005392888 0.005392888 0.005392888 0.005392888 0.005392888 0.005392888 0.005392888 0.005392888 0.005392888 0.005392888 0.005392888 0.005392888 0.005392888 0.005392888 0.005392888 0.005392888 0.005392888 0.005392888 0.005392888 0.005392888 0.005392888 0.005392888 0.005392888 0.005392888 0.005392888 0.005392888 0.005392888 0.005392888 0.005392888 0.005392888 0.005392888 0.005392888 0.005392888 0.005392888 0.005392888 0.005392888 0.005392888 0.005392888 0.005392888 0.005392888 0.005392888 0.005392888 0.005392888 0.005392888 0.005392888 0.005392888 0.005392888 0.005392888 0.005392888 0.005392888 0.005392888 0.005392888 0.005392888 0.005392888 0.005392888 0.005392888 0.005392888 0.005392888 0.005392888 0.005392888 0.005392888 0.005392888 0.005392888 0.005392888 0.005392888 0.005392888 0.005392888 0.005392888 0.005392888 0.005392888 0.005392888 0.005392888 0.005392888 0.005392888 0.005392888 0.005392888 0.005392888 0.005392888 0.005392888 0.005392888 0.005392888 0.005392888 0.005392888 0.005392888 0.005392888 0.005392888 0.005392888 0.005392888 0.005392888 0.005392888 0.005392888 0.005392888 0.005392888 0.005392888 0.005392888 0.005392888 0.005392888 0.005392888 0.005392888 0.005392888 0.005392888 0.005392888 0.005392888 0.005392888 0.005392888 0.005392888 0.005392888 0.005392888 0.005392888 0.005392888 0.005392888 0.005392888 0.005392888 0.005392888 0.005392888 0.005392888 0.005392888 0.005392888 0.005392888 0.005392888 0.005392888 0.005392888 0.005392888 0.005392888 0.005392888 0.005392888 0.005392888 0.005392888 0.005392888 0.005392888 0.005392888 0.005392888 0.005392888 0.005392888 0.005392888 0.005392888 0.005392888 0.005392888 0.005392888 0.005392888 0.005392888 0.005392888 0.005392888 0.005392888 0.005392888 0.005392888 0.005392888 0.005392888 0.005392888 0.005392888 0.005392888 0.005392888 0.005392888 0.005392888 0.005392888 0.005392888 0.005392888 0.005392888 0.005392888 0.005392888 0.005392888 0.005392888 0.005392888 0.005392888 0.005392888 0.005392888 0.005392888 0.005392888 0.005392888 0.005392888 0.005392888 0.005392888 0.005392888 0.005392888 0.005392888 0.005392888 0.005392888 0.005392888 0.005392888 0.005392888 0.005392888 0.005392888 0.005392888 0.005392888 0.005392888 0.005392888 0.005392888 0.005392888 0.005392888 0.005392888 0.005392888 0.005392888 0.005392888 0.005392888 0.005392888 0.005392888 0.005392888 0.005392888 0.005392888 0.005392888 0.005392888 0.005392888 0.005392888 0.005392888 0.005392888 0.005392888 0.005392888 0.005392888 0.005392888 0.005392888 0.005392888 0.005392888,15 15 15 15 15 14 15 14 14 15 15 14 15 15 15 15 15 15 15 15 15 15 15 14 15 15 15 15 15 15 15 15 14 14 14 15 15 15 15 15 15 14 15 14 15 14 15 15 15 15 15 15 15 15 15 15 15 14 15 15 15 15 14 15 15 15 14 15 15 14 15 15 15 15 15 15 15 15 14 15 15 14 15 15 15 15 15 15 15 15 15 15 15 15 14 14 14 14 14 14 15 15 15 15 15 15 15 14 14 14 14 15 15 14 15 15 15 15 14 15 14 14 14 14 15 14 15 15 14 15 15 15 15 14 15 15 15 15 15 15 15 15 15 14 15 15 14 15 15 15 15 15 14 15 15 15 14 14 15 15 14 14 15 15 14 15 14 15 14 15 15 15 15 15 15 15 14 14 15 14 14 15 15 14 15 14 15 15 15 15 15 15 15 14 15 15 15 15 14 15 15 15 14 15 15 14 15 15 15 14 15 14 15 14 15 15 14 15 15 15 15 14 15 15 15 14 14 15 15 15 14 15 14 15 15 14 14 15 15 15 14 14 14 14 14 15 14 15 15 15 15 15 14 15 15 15
352,1x1x512x512,0.10065245 0.08568552 0.09027937 0.11428494 0.107632995 0.10872733 0.1076234 0.10881324 0.11214055 0.09560519 0.12250575 0.103105 0.10535144 0.1388333 0.120315574 0.08406453 0.08832205 0.10102247 0.11806882 0.09194673 0.09077309 0.08916705 0.09218185 0.10987707 0.09486099 0.10051339 0.0968644 0.110070094 0.10995241 0.1067455 0.11972357 0.09956054 0.108506635 0.10709035 0.10249226 0.088478185 0.113857515 0.079079166 0.101488754 0.116326764 0.094214715 0.10407284 0.086515 0.12666026 0.10302764 0.0968428 0.113938645 0.110592075 0.09089779 0.098782755 0.0871538 0.10096589 0.09948874 0.12456183 0.098089635 0.08581352 0.08632563 0.11754131 0.096221104 0.095148124 0.09546916 0.08804792 0.123530805 0.108826645 0.09903096 0.081749305 0.10774322 0.09408449 0.10937376 0.10831796 0.114354245 0.12085333 0.1209642 0.10464508 0.103611335 0.09866864 0.10122533 0.10578793 0.105782144 0.09903078 0.111491285 0.0942846 0.1131374 0.10402756 0.102277085 0.100834265 0.10214584 0.10422898 0.11645827 0.14362802 0.09735763 0.092716716 0.09412451 0.107089125 0.116438165 0.119295016 0.100135446 0.1081314 0.09107577 0.13149369 0.08243258 0.12152748 0.10878987 0.09281853 0.07721497 0.13308556 0.0998856 0.13517952 0.10080828 0.09619502 0.09386144 0.102748886 0.12084841 0.08451195 0.1274685 0.1122758 0.1283832 0.10114906 0.09240591 0.126687 0.1323005 0.07714155 0.11335119 0.1073914 0.10971667 0.13424979 0.10988889 0.10421535 0.10288388 0.09990294 0.09828087 0.09541619 0.09276435 0.11223946 0.10953132 0.088000685 0.10455725 0.097056665 0.094906874 0.111694634 0.12643835 0.10987719 0.087619305 0.08739111 0.10324013 0.10296662 0.10891375 0.115170166 0.10090014 0.14334704 0.08813831 0.123383865 0.098091885 0.161718 0.09869482 0.10919291 0.113793336 0.08964097 0.10768114 0.12899962 0.096277624 0.09686552 0.12017859 0.116008654 0.10227444 0.08543587 0.12366022 0.1362688 0.114089645 0.13456257 0.101131104 0.08510763 0.10269416 0.1086872 0.11723282 0.13814212 0.10004708 0.111604705 0.11983064 0.099877335 0.13385296 0.1218144 0.09715721 0.11037768 0.09885564 0.10564911 0.08931006 0.12284273 0.09551192 0.10510874 0.096464045 0.11422413 0.15400119 0.10744088 0.10481754 0.10233335 0.09341144 0.09748799 0.108879246 0.08602608 0.10548836 0.089444384 0.10949844 0.086466715 0.11341766 0.08889352 0.106990054 0.10950327 0.15755458 0.087670736 0.104496665 0.09550237 0.10674371 0.10274907 0.107219055 0.09660064 0.12028923 0.095439345 0.10213259 0.1005171 0.10554547 0.13638252 0.11077449 0.10913446 0.11299275 0.09988265 0.09821239 0.14093713 0.087415226 0.14281939 0.08366246 0.12795307 0.10093908 0.11914787 0.12345537 0.115878135 0.10861217 0.12372301 0.09360922 0.11114673 0.11125119 0.093796074 0.08086426 0.09764156 0.116304845 0.13206263 0.11650538 0.11573949 0.089157164 0.101072975 0.10797004 0.108887516 0.09612793 0.096677974 0.1234293 0.091780804 0.090784386 0.10128959 0.08540068 0.081450395 0.14090972 0.11301465 0.08056141 0.12138884 0.12979919 0.12371328 0.12208222 0.09630116 0.12781608 0.114496864 0.12339054 0.11305424 0.09163331 0.12436511 0.09347007 0.13114145 0.097748026 0.1336755 0.098291166 0.0966346 0.10443706 0.12193657 0.13562815 0.10817151 0.106357954 0.09470907 0.083408974 0.11553003 0.10265241 0.11959583 0.11833123 0.11843583 0.12105653 0.099093735 0.096444115 0.09726069 0.09597959 0.10782765 0.101211525 0.08532173 0.107744984 0.10953717 0.10916962 0.098165914 0.10589051 0.08785785 0.10456345 0.101219654 0.09032409 0.11204602 0.10758857 0.10186021 0.10921263 0.09380787 0.11713246 0.11116073 0.098467425 0.10385328 0.1078288 0.11408826 0.14248672 0.109912165 0.109918885 0.09920172 0.10287843 0.11497857 0.08053965 0.11901802 0.09903838 0.10361617 0.09813529 0.09467394 0.11129355 0.11396067 0.10675954 0.13918252 0.09791345 0.09772437 0.10156161 0.10242083 0.12436183 0.09648119 0.13626483 0.119015515 0.11061663 0.11548861 0.08288288 0.09284019 0.10244878 0.08538216 0.094460994 0.11019698 0.12149702 0.117654555 0.15140612 0.096685655 0.097952105 0.100451544 0.10392504 0.08452088 0.08261714 0.11444509 0.081340075 0.11744631 0.11319311 0.115950875 0.08282998 0.117322505 0.11121581 0.10710821 0.14259502 0.08926878 0.11901471 0.102544524 0.11241575 0.09552597 0.090115435 0.07994324 0.104400426 0.1045358 0.11616495 0.122478575 0.09579373 0.09544539 0.09311511 0.117709346 0.107211515 0.10088459 0.111308046 0.124895684 0.11267915 0.11359988 0.096199326 0.14103206 0.08997211 0.10760675 0.103994995 0.13280451 0.099204816 0.111263685 0.11933051 0.123162925 0.11428463 0.12589702 0.09731044 0.087877154 0.084498 0.118024014 0.09777781 0.08672741 0.10042295 0.11080885 0.08846417 0.10350234 0.08924893 0.090489216 0.09066419 0.101381935 0.1064904 0.11752194 0.11704374 0.117664486 0.09996587 0.10663227 0.11088165 0.11802373 0.108682625 0.116210826 0.0885607 0.12020743 0.09221204 0.10556717 0.10969208 0.08243863 0.110623054 0.11940484 0.11354796 0.105998985 0.111984015 0.10017466 0.097902544 0.13175787 0.102829926 0.109963976 0.09791514 0.116532244 0.091214776 0.10606998 0.1242308 0.08735056 0.08753474 0.11306626 0.091085754 0.124469385 0.112778336 0.09587757 0.104975715 0.10499634 0.098328836 0.111532666 0.101293296 0.13396382 0.12225854 0.104658306 0.10916811 0.14162906 0.10923837 0.08230341 0.11191885 0.120442614 0.10734002 0.1003516 0.12850705 0.09741537 0.081097566 0.08965486 0.111239545 0.09291719 0.11892473 0.09314746 0.0890752 0.09520531 0.09718745 0.09400775 0.10465707 0.08590779 0.10759558 0.08485253 0.122687876 0.113109015 0.09711036 0.11226893 0.10159972 0.12465676 0.09091363 0.12579693 0.09490352 0.083450235 0.08036824 0.079961754 0.09021494 0.101555124 0.12497494 0.10139714 0.10888873 0.09538657 0.099805586 0.09323054 0.114627935 0.12515245 0.09943422 0.09660872,0.10064017 0.08567507 0.09026835 0.11427099 0.10761986 0.10871406 0.10761026 0.10879996 0.112126864 0.09559352 0.1224908 0.10309242 0.10533859 0.13881636 0.12030089 0.08405427 0.08831128 0.101010144 0.11805441 0.09193551 0.09076201 0.08915617 0.092170596 0.10986366 0.094849415 0.10050112 0.096852586 0.11005666 0.109938994 0.106732465 0.11970896 0.099548385 0.10849339 0.10707728 0.10247975 0.08846738 0.11384362 0.07906951 0.101476364 0.11631256 0.09420322 0.10406014 0.086504444 0.12664479 0.10301507 0.09683098 0.113924734 0.110578574 0.0908867 0.0987707 0.08714317 0.100953564 0.099476606 0.124546625 0.09807767 0.085803054 0.086315095 0.11752696 0.09620936 0.095136516 0.09545751 0.08803718 0.123515725 0.10881337 0.09901887 0.08173933 0.10773007 0.094073005 0.10936042 0.10830474 0.11434029 0.12083858 0.12094943 0.10463231 0.10359869 0.0986566 0.10121298 0.10577502 0.10576924 0.09901869 0.11147768 0.09427309 0.113123596 0.104014866 0.1022646 0.100821964 0.10213338 0.104216255 0.11644406 0.14361048 0.097345755 0.092705406 0.09411302 0.10707606 0.11642395 0.11928046 0.10012323 0.108118206 0.091064654 0.13147764 0.082422525 0.12151265 0.10877659 0.092807196 0.077205546 0.13306932 0.09987341 0.13516302 0.10079598 0.096183285 0.09384998 0.10273635 0.12083366 0.08450163 0.12745294 0.1122621 0.12836753 0.101136714 0.092394635 0.12667155 0.13228436 0.07713214 0.11333736 0.1073783 0.10970328 0.13423342 0.10987548 0.10420263 0.10287133 0.099890746 0.098268874 0.09540454 0.09275302 0.112225756 0.109517954 0.08798994 0.1045445 0.09704482 0.094895296 0.11168101 0.12642293 0.10986378 0.08760861 0.08738044 0.10322753 0.10295406 0.10890046 0.11515611 0.100887835 0.14332955 0.08812756 0.12336881 0.09807992 0.16169825 0.09868278 0.109179586 0.11377945 0.08963002 0.107668 0.12898389 0.096265875 0.0968537 0.120163925 0.1159945 0.10226195 0.08542544 0.123645134 0.13625216 0.11407572 0.13454615 0.101118766 0.085097246 0.10268163 0.10867393 0.11721851 0.13812526 0.10003487 0.111591086 0.11981601 0.099865146 0.13383661 0.12179953 0.09714535 0.110364206 0.09884357 0.105636224 0.08929916 0.12282774 0.09550026 0.105095915 0.09645227 0.11421019 0.15398239 0.10742777 0.10480475 0.102320865 0.09340004 0.097476095 0.108865954 0.08601558 0.105475485 0.08943347 0.10948508 0.08645616 0.11340382 0.08888267 0.10697699 0.10948991 0.15753534 0.08766004 0.10448392 0.09549071 0.10673068 0.10273653 0.10720597 0.09658884 0.120274544 0.09542769 0.102120124 0.10050483 0.10553259 0.13636588 0.110760964 0.109121144 0.11297896 0.09987046 0.09820041 0.14091992 0.08740456 0.14280197 0.08365224 0.12793745 0.10092676 0.11913333 0.1234403 0.115863994 0.10859892 0.12370791 0.09359779 0.11113317 0.11123761 0.09378462 0.08085439 0.09762964 0.11629065 0.13204652 0.116491154 0.11572536 0.08914628 0.101060644 0.107956864 0.10887423 0.0961162 0.09666618 0.12341423 0.0917696 0.09077331 0.10127723 0.085390255 0.081440456 0.14089252 0.11300086 0.08055158 0.12137402 0.12978335 0.123698175 0.122067325 0.096289404 0.12780048 0.11448289 0.12337548 0.11304044 0.09162213 0.12434994 0.09345866 0.13112545 0.0977361 0.13365918 0.09827917 0.0966228 0.10442432 0.12192168 0.1356116 0.108158305 0.106344976 0.094697505 0.0833988 0.115515925 0.10263988 0.11958124 0.118316785 0.118421376 0.12104175 0.09908164 0.09643234 0.09724882 0.09596788 0.10781449 0.10119917 0.08531132 0.107731834 0.1095238 0.109156296 0.098153934 0.105877586 0.08784713 0.1045507 0.1012073 0.09031307 0.11203234 0.10757543 0.101847775 0.1091993 0.093796425 0.11711817 0.111147165 0.09845541 0.103840604 0.107815646 0.114074335 0.14246933 0.109898746 0.10990547 0.09918961 0.102865875 0.11496453 0.080529824 0.1190035 0.09902629 0.10360353 0.09812331 0.09466238 0.111279964 0.113946766 0.10674652 0.13916554 0.0979015 0.09771245 0.10154922 0.102408335 0.12434665 0.09646941 0.1362482 0.119000986 0.11060313 0.11547452 0.08287277 0.09282886 0.102436274 0.08537175 0.09444946 0.11018353 0.12148219 0.1176402 0.15138765 0.09667386 0.09794015 0.10043928 0.10391235 0.08451056 0.08260705 0.11443113 0.08133014 0.117431976 0.113179296 0.11593672 0.08281987 0.11730819 0.11120224 0.10709514 0.14257762 0.08925789 0.11900018 0.102532014 0.11240203 0.09551432 0.09010444 0.07993348 0.104387686 0.10452304 0.116150774 0.12246363 0.09578204 0.095433734 0.09310375 0.11769498 0.10719843 0.10087227 0.11129446 0.12488044 0.11266541 0.113586016 0.09618759 0.14101484 0.089961134 0.107593626 0.1039823 0.13278832 0.09919271 0.1112501 0.11931595 0.12314789 0.11427068 0.12588166 0.09729856 0.087866426 0.08448769 0.11800961 0.097765885 0.08671683 0.10041069 0.11079533 0.088453375 0.103489704 0.08923804 0.090478174 0.09065313 0.10136957 0.1064774 0.1175076 0.11702946 0.11765012 0.09995367 0.10661926 0.11086812 0.11800933 0.10866936 0.11619665 0.0885499 0.12019276 0.092200786 0.10555429 0.10967869 0.08242857 0.110609554 0.119390264 0.1135341 0.105986044 0.11197034 0.10016243 0.0978906 0.13174179 0.10281737 0.10995056 0.09790319 0.11651802 0.091203645 0.10605703 0.12421564 0.0873399 0.08752406 0.113052465 0.09107464 0.12445419 0.11276457 0.09586587 0.10496291 0.10498352 0.09831684 0.11151905 0.101280935 0.13394748 0.12224362 0.10464553 0.10915479 0.14161177 0.109225035 0.08229337 0.111905195 0.120427914 0.107326925 0.10033935 0.12849136 0.09740349 0.081087664 0.089643925 0.11122597 0.09290585 0.118910216 0.09313609 0.08906433 0.095193684 0.09717559 0.09399628 0.10464429 0.085897304 0.10758244 0.084842175 0.12267291 0.11309522 0.097098514 0.11225523 0.101587325 0.124641545 0.09090254 0.12578157 0.09489194 0.08344005 0.08035843 0.079951994 0.09020393 0.101542726 0.12495969 0.10138477 0.108875446 0.09537493 0.099793404 0.09321916 0.11461395 0.12513718 0.09942209 0.09659693,0.0007924423 0.0006746068 0.00071077445 0.0008997716 0.00084740046 0.00085601624 0.0008473249 0.00085669255 0.0008828887 0.00075270486 0.0009644945 0.0008117513 0.0008294377 0.0010930422 0.0009472511 0.0006618446 0.0006953644 0.0007953555 0.0009295623 0.0007239016 0.0007146615 0.0007020171 0.00072575273 0.00086506817 0.0007468458 0.0007913474 0.0007626188 0.00086658786 0.00086566136 0.0008404131 0.00094259024 0.00078384555 0.0008542786 0.0008431282 0.00080692716 0.00069659355 0.0008964065 0.00062259455 0.0007990265 0.00091584696 0.0007417576 0.0008193712 0.0006811374 0.000997203 0.0008111423 0.00076244865 0.00089704513 0.00087069743 0.0007156433 0.00077772205 0.0006861667 0.00079490995 0.00078328035 0.0009806821 0.00077226514 0.0006756146 0.00067964644 0.00092540914 0.000757554 0.0007491064 0.00075163395 0.00069320615 0.00097256474 0.0008567982 0.00077967613 0.0006436168 0.0008482683 0.0007407323 0.0008611057 0.0008527932 0.0009003173 0.0009514849 0.0009523577 0.0008238765 0.0008157377 0.00077682367 0.0007969526 0.00083287415 0.00083282863 0.00077967474 0.000877777 0.0007423078 0.000890737 0.0008190147 0.0008052331 0.00079387374 0.00080419984 0.0008206004 0.00091688236 0.0011307911 0.000766502 0.0007299638 0.00074104744 0.0008431185 0.00091672404 0.0009392162 0.00078837184 0.00085132447 0.0007170445 0.001035257 0.00064899627 0.00095679256 0.0008565086 0.00073076534 0.00060791767 0.0010477899 0.00078640477 0.0010642757 0.0007936691 0.0007573487 0.00073897623 0.0008089476 0.0009514461 0.0006653672 0.0010035664 0.00088395353 0.0010107679 0.0007963521 0.00072751683 0.0009974138 0.0010416091 0.0006073397 0.0008924202 0.0008454984 0.00086380536 0.001056956 0.00086516124 0.00082049315 0.0008100105 0.0007865413 0.0007737707 0.0007512169 0.00073033874 0.0008836674 0.0008623461 0.0006928342 0.000823185 0.0007641324 0.000747207 0.000879378 0.0009954561 0.00086506916 0.0006898316 0.0006880349 0.0008128152 0.0008106619 0.00085748394 0.000906741 0.0007943924 0.0011285791 0.0006939178 0.0009714079 0.00077228283 0.0012732146 0.0007770298 0.0008596818 0.0008959012 0.0007057482 0.0008477795 0.0010156211 0.000757999 0.0007626276 0.00094617263 0.0009133425 0.00080521224 0.0006726412 0.0009735837 0.0010728517 0.000898234 0.0010594184 0.0007962108 0.0006700571 0.00080851675 0.00085570023 0.00092298037 0.0010876005 0.00078767614 0.00087866996 0.00094343314 0.00078633975 0.0010538315 0.0009590514 0.000764924 0.00086900947 0.0007782958 0.0008317813 0.00070314296 0.0009671475 0.00075197057 0.0008275269 0.0007594667 0.0008992928 0.0012124598 0.00084588793 0.0008252342 0.0008056761 0.00073543336 0.0007675283 0.00085721223 0.00067728804 0.00083051564 0.00070420053 0.00086208724 0.00068075716 0.00089294347 0.00069986354 0.00084233854 0.00086212525 0.0012404358 0.0006902365 0.000822708 0.00075189536 0.000840399 0.00080894906 0.0008441415 0.00076054205 0.00094704365 0.00075139914 0.00080409547 0.00079137663 0.00083096523 0.0010737471 0.0008721336 0.0008592216 0.0008895981 0.00078638154 0.00077323156 0.0011096057 0.00068822486 0.001124425 0.00065867906 0.0010073815 0.0007946989 0.0009380577 0.0009719709 0.0009123149 0.0008551096 0.0009740781 0.0007369905 0.00087506435 0.0008758867 0.0007384616 0.0006366488 0.0007687373 0.00091567443 0.0010397364 0.0009172532 0.0009112233 0.0007019392 0.0007957531 0.000850054 0.0008572774 0.0007568205 0.000761151 0.0009717656 0.00072259526 0.00071475044 0.0007974585 0.0006723642 0.00064126344 0.0011093899 0.00088977057 0.00063426443 0.00095570093 0.0010219162 0.00097400136 0.00096116005 0.0007581843 0.001006303 0.00090144004 0.0009714605 0.0008900822 0.0007214341 0.0009791334 0.00073589495 0.0010324839 0.0007695756 0.0010524346 0.00077385176 0.00076080946 0.00082223874 0.00096001325 0.0010678078 0.0008516402 0.000837362 0.0007456496 0.00065668346 0.0009095742 0.000808188 0.0009415845 0.0009316282 0.0009324518 0.0009530847 0.00078017043 0.0007593098 0.0007657388 0.0007556526 0.000848933 0.0007968439 0.0006717427 0.0008482822 0.00086239213 0.0008594984 0.0007728656 0.0008336818 0.0006917097 0.00082323386 0.0007969079 0.00071112654 0.0008821444 0.0008470506 0.000801951 0.000859837 0.0007385545 0.0009221903 0.00087517453 0.00077523943 0.00081764255 0.0008489421 0.0008982231 0.0011218057 0.0008653445 0.0008653974 0.00078102056 0.0008099675 0.0009052325 0.0006340931 0.0009370354 0.0007797346 0.0008157758 0.0007726245 0.0007453731 0.0008762202 0.00089721865 0.00084052375 0.0010957916 0.00077087793 0.0007693894 0.0007996002 0.0008063648 0.0009791075 0.00075960165 0.0010728205 0.00093701563 0.0008708908 0.0009092482 0.0006525415 0.00073093595 0.00080658484 0.0006722185 0.0007436965 0.0008675869 0.0009565527 0.00092630077 0.0011920288 0.0007612115 0.00077118224 0.00079086045 0.0008182075 0.0006654375 0.00065044925 0.00090103253 0.0006403948 0.00092466123 0.0008911756 0.00091288757 0.000652125 0.00092368654 0.0008756082 0.0008432688 0.0011226584 0.00070281804 0.0009370093 0.0008073387 0.00088505534 0.0007520813 0.00070948375 0.00062939746 0.00082195026 0.00082301605 0.00091457303 0.00096428057 0.0007541893 0.0007514467 0.0007331004 0.00092673214 0.00084408215 0.00079426984 0.0008763344 0.0009833105 0.00088712916 0.00089437806 0.0007573826 0.0011103532 0.0007083554 0.0008471939 0.0008187583 0.0010455773 0.00078104495 0.0008759851 0.0009394957 0.00096966844 0.00089976913 0.0009911942 0.0007661304 0.0006918616 0.0006652574 0.0009292095 0.0007698101 0.0006828097 0.00079063536 0.00087240414 0.00069648324 0.00081487955 0.00070266175 0.00071242655 0.00071380415 0.0007981856 0.00083840475 0.0009252567 0.0009214918 0.0009263789 0.0007870367 0.00083952176 0.0008729773 0.0009292073 0.00085566426 0.0009149342 0.00069724326 0.0009463997 0.00072599045 0.00083113613 0.00086361176 0.0006490438 0.0008709414 0.00094008085 0.0008939693 0.00083453575 0.00088165625 0.00078868057 0.00077079213 0.001037337 0.0008095856 0.0008657524 0.00077089126 0.0009174647 0.00071813894 0.0008350948 0.0009780759 0.0006877158 0.0006891658 0.0008901769 0.00071712316 0.0009799543 0.00088790996 0.00075484934 0.0008264796 0.0008266419 0.0007741483 0.0008781028 0.0007974877 0.0010547045 0.0009625482 0.00082398055 0.0008594865 0.0011150533 0.00086003967 0.00064797926 0.00088114326 0.0009482513 0.0008450939 0.00079007365 0.001011743 0.0007669566 0.00063848554 0.0007058577 0.000875795 0.0007315421 0.0009363009 0.000733355 0.00070129393 0.0007495566 0.0007651621 0.00074012816 0.00082397077 0.0006763567 0.00084710587 0.0006680486 0.0009659284 0.00089051353 0.00076455524 0.00088389945 0.0007999002 0.0009814295 0.000715768 0.000990406 0.00074718066 0.00065700826 0.0006327435 0.00062954327 0.00071026717 0.00079954905 0.0009839346 0.00079830526 0.00085728697 0.00075098366 0.00078577484 0.00073400914 0.00090247206 0.0009853322 0.0007828511 0.00076060573,
353,512,,,0.004594058 0.004594058 0.004594058 0.004594058 0.004594058 0.004594058 0.004594058 0.004594058 0.004594058 0.004594058 0.004594058 0.004594058 0.004594058 0.004594058 0.004594058 0.004594058 0.004594058 0.004594058 0.004594058 0.004594058 0.004594058 0.004594058 0.004594058 0.004594058 0.004594058 0.004594058 0.004594058 0.004594058 0.004594058 0.004594058 0.004594058 0.004594058 0.004594058 0.004594058 0.004594058 0.004594058 0.004594058 0.004594058 0.004594058 0.004594058 0.004594058 0.004594058 0.004594058 0.004594058 0.004594058 0.004594058 0.004594058 0.004594058 0.004594058 0.004594058 0.004594058 0.004594058 0.004594058 0.004594058 0.004594058 0.004594058 0.004594058 0.004594058 0.004594058 0.004594058 0.004594058 0.004594058 0.004594058 0.004594058 0.004594058 0.004594058 0.004594058 0.004594058 0.004594058 0.004594058 0.004594058 0.004594058 0.004594058 0.004594058 0.004594058 0.004594058 0.004594058 0.004594058 0.004594058 0.004594058 0.004594058 0.004594058 0.004594058 0.004594058 0.004594058 0.004594058 0.004594058 0.004594058 0.004594058 0.004594058 0.004594058 0.004594058 0.004594058 0.004594058 0.004594058 0.004594058 0.004594058 0.004594058 0.004594058 0.004594058 0.004594058 0.004594058 0.004594058 0.004594058 0.004594058 0.004594058 0.004594058 0.004594058 0.004594058 0.004594058 0.004594058 0.004594058 0.004594058 0.004594058 0.004594058 0.004594058 0.004594058 0.004594058 0.004594058 0.004594058 0.004594058 0.004594058 0.004594058 0.004594058 0.004594058 0.004594058 0.004594058 0.004594058 0.004594058 0.004594058 0.004594058 0.004594058 0.004594058 0.004594058 0.004594058 0.004594058 0.004594058 0.004594058 0.004594058 0.004594058 0.004594058 0.004594058 0.004594058 0.004594058 0.004594058 0.004594058 0.004594058 0.004594058 0.004594058 0.004594058 0.004594058 0.004594058 0.004594058 0.004594058 0.004594058 0.004594058 0.004594058 0.004594058 0.004594058 0.004594058 0.004594058 0.004594058 0.004594058 0.004594058 0.004594058 0.004594058 0.004594058 0.004594058 0.004594058 0.004594058 0.004594058 0.004594058 0.004594058 0.004594058 0.004594058 0.004594058 0.004594058 0.004594058 0.004594058 0.004594058 0.004594058 0.004594058 0.004594058 0.004594058 0.004594058 0.004594058 0.004594058 0.004594058 0.004594058 0.004594058 0.004594058 0.004594058 0.004594058 0.004594058 0.004594058 0.004594058 0.004594058 0.004594058 0.004594058 0.004594058 0.004594058 0.004594058 0.004594058 0.004594058 0.004594058 0.004594058 0.004594058 0.004594058 0.004594058 0.004594058 0.004594058 0.004594058 0.004594058 0.004594058 0.004594058 0.004594058 0.004594058 0.004594058 0.004594058 0.004594058 0.004594058 0.004594058 0.004594058 0.004594058 0.004594058 0.004594058 0.004594058 0.004594058 0.004594058 0.004594058 0.004594058 0.004594058 0.004594058 0.004594058 0.004594058 0.004594058 0.004594058 0.004594058 0.004594058 0.004594058 0.004594058 0.004594058 0.004594058 0.004594058 0.004594058 0.004594058 0.004594058 0.004594058 0.004594058 0.004594058 0.004594058 0.004594058 0.004594058 0.004594058 0.004594058 0.004594058 0.004594058 0.004594058 0.004594058 0.004594058 0.004594058 0.004594058 0.004594058 0.004594058 0.004594058 0.004594058 0.004594058 0.004594058 0.004594058 0.004594058 0.004594058 0.004594058 0.004594058 0.004594058 0.004594058 0.004594058 0.004594058 0.004594058 0.004594058 0.004594058 0.004594058 0.004594058 0.004594058 0.004594058 0.004594058 0.004594058 0.004594058 0.004594058 0.004594058 0.004594058 0.004594058 0.004594058 0.004594058 0.004594058 0.004594058 0.004594058 0.004594058 0.004594058 0.004594058 0.004594058 0.004594058 0.004594058 0.004594058 0.004594058 0.004594058 0.004594058 0.004594058 0.004594058 0.004594058 0.004594058 0.004594058 0.004594058 0.004594058 0.004594058 0.004594058 0.004594058 0.004594058 0.004594058 0.004594058 0.004594058 0.004594058 0.004594058 0.004594058 0.004594058 0.004594058 0.004594058 0.004594058 0.004594058 0.004594058 0.004594058 0.004594058 0.004594058 0.004594058 0.004594058 0.004594058 0.004594058 0.004594058 0.004594058 0.004594058 0.004594058 0.004594058 0.004594058 0.004594058 0.004594058 0.004594058 0.004594058 0.004594058 0.004594058 0.004594058 0.004594058 0.004594058 0.004594058 0.004594058 0.004594058 0.004594058 0.004594058 0.004594058 0.004594058 0.004594058 0.004594058 0.004594058 0.004594058 0.004594058 0.004594058 0.004594058 0.004594058 0.004594058 0.004594058 0.004594058 0.004594058 0.004594058 0.004594058 0.004594058 0.004594058 0.004594058 0.004594058 0.004594058 0.004594058 0.004594058 0.004594058 0.004594058 0.004594058 0.004594058 0.004594058 0.004594058 0.004594058 0.004594058 0.004594058 0.004594058 0.004594058 0.004594058 0.004594058 0.004594058 0.004594058 0.004594058 0.004594058 0.004594058 0.004594058 0.004594058 0.004594058 0.004594058 0.004594058 0.004594058 0.004594058 0.004594058 0.004594058 0.004594058 0.004594058 0.004594058 0.004594058 0.004594058 0.004594058 0.004594058 0.004594058 0.004594058 0.004594058 0.004594058 0.004594058 0.004594058 0.004594058 0.004594058 0.004594058 0.004594058 0.004594058 0.004594058 0.004594058 0.004594058 0.004594058 0.004594058 0.004594058 0.004594058 0.004594058 0.004594058 0.004594058 0.004594058 0.004594058 0.004594058 0.004594058 0.004594058 0.004594058 0.004594058 0.004594058 0.004594058 0.004594058 0.004594058 0.004594058 0.004594058 0.004594058 0.004594058 0.004594058 0.004594058 0.004594058 0.004594058 0.004594058 0.004594058 0.004594058 0.004594058 0.004594058 0.004594058 0.004594058 0.004594058 0.004594058 0.004594058 0.004594058 0.004594058 0.004594058 0.004594058 0.004594058 0.004594058 0.004594058 0.004594058 0.004594058 0.004594058 0.004594058 0.004594058 0.004594058 0.004594058 0.004594058 0.004594058 0.004594058 0.004594058 0.004594058 0.004594058 0.004594058 0.004594058 0.004594058 0.004594058 0.004594058 0.004594058 0.004594058 0.004594058 0.004594058 0.004594058 0.004594058 0.004594058 0.004594058 0.004594058 0.004594058 0.004594058 0.004594058 0.004594058 0.004594058 0.004594058 0.004594058 0.004594058 0.004594058 0.004594058 0.004594058 0.004594058 0.004594058 0.004594058 0.004594058,15 15 15 15 15 15 15 15 15 15 15 15 15 14 15 15 15 15 15 15 15 15 15 15 15 15 15 15 15 15 15 15 15 15 15 15 15 15 15 15 15 15 15 14 15 15 15 15 15 15 15 15 15 14 15 15 15 15 15 15 15 15 15 15 15 15 15 15 15 15 15 15 15 15 15 15 15 15 15 15 15 15 15 15 15 15 15 15 15 14 15 15 15 15 15 15 15 15 15 14 15 15 15 15 15 14 15 14 15 15 15 15 15 15 14 15 14 15 15 14 14 15 15 15 15 14 15 15 15 15 15 15 15 15 15 15 15 15 15 15 14 15 15 15 15 15 15 15 15 14 15 15 15 14 15 15 15 15 15 14 15 15 15 15 15 15 15 14 15 14 15 15 15 15 15 14 15 15 15 15 14 15 15 15 15 15 15 15 15 15 15 15 14 15 15 15 15 15 15 15 15 15 15 15 15 15 15 15 14 15 15 15 15 15 15 15 15 15 15 15 15 14 15 15 15 15 15 14 15 14 15 14 15 15 15 15 15 15 15 15 15 15 15 15 15 14 15 15 15 15 15 15 15 15 15 15 15 15 15 15 14 15 15 15 14 15 15 15 14 15 15 15 15 14 15 14 15 14 15 15 15 15 14 15 15 15 15 15 15 15 15 15 15 15 15 15 15 15 15 15 15 15 15 15 15 15 15 15 15 15 15 15 15 15 15 15 15 15 15 15 14 15 15 15 15 15 15 15 15 15 15 15 15 15 15 14 15 15 15 15 14 15 14 15 15 15 15 15 15 15 15 15 15 15 14 15 15 15 15 15 15 15 15 15 15 15 15 15 15 15 14 15 15 15 15 15 15 15 15 15 15 15 15 15 15 15 15 15 15 14 15 15 15 14 15 15 15 14 15 15 15 15 15 14 15 15 15 15 15 15 15 15 15 15 15 15 15 15 15 15 15 15 15 15 15 15 15 15 15 15 15 15 15 15 15 15 15 15 15 15 15 14 15 15 15 15 15 15 14 15 15 15 15 14 15 15 15 15 15 15 15 14 15 15 15 14 15 15 15 15 15 15 14 15 15 15 15 15 15 15 15 15 15 15 15 15 15 15 15 15 15 15 15 14 15 14 15 15 15 15 15 15 14 15 15 15 15 15 15 14 15 15
363,1x1x768x256,0.14138627 0.20581564 0.22364531 0.21233985 0.14473505 0.17276995 0.12170245 0.16282772 0.17520879 0.20790064 0.20132884 0.13273539 0.16406114 0.15461269 0.19857891 0.15742521 0.14359978 0.13107133 0.16341336 0.17967972 0.16216205 0.16618036 0.19663267 0.19821288 0.22040752 0.18379517 0.19974223 0.14538822 0.15954445 0.17639703 0.18538839 0.16327065 0.13663228 0.20044401 0.14009576 0.17557763 0.15688616 0.15043218 0.15386036 0.18607293 0.15615077 0.17227168 0.17096755 0.14461324 0.15468156 0.1493181 0.11836307 0.12497466 0.20778826 0.16244867 0.19380282 0.17758259 0.22317734 0.20544039 0.1430592 0.15298904 0.11783481 0.1743453 0.2515404 0.16217941 0.14469266 0.18000355 0.12752102 0.21594584 0.18977776 0.18662898 0.17563395 0.15048409 0.16242304 0.24837777 0.1622477 0.17635158 0.20891255 0.15939683 0.14805855 0.19110362 0.19515255 0.1789525 0.12218331 0.15951438 0.16730545 0.16589984 0.15446945 0.1472193 0.14501095 0.21921611 0.19830327 0.16595049 0.12664306 0.1718117 0.19227083 0.16855383 0.19105041 0.18133226 0.18994854 0.19474033 0.19547479 0.16341893 0.17486082 0.16218546 0.1620502 0.17207527 0.13608733 0.15568092 0.16292308 0.1890301 0.22659075 0.18543564 0.1411454 0.16142178 0.13781434 0.16001394 0.11684319 0.1519748 0.17006773 0.2545526 0.15047623 0.11930994 0.15264864 0.15866674 0.15851527 0.1853835 0.12893502 0.13593164 0.1656885 0.1703209 0.15714389 0.15184216 0.15296918 0.16493367 0.17030711 0.17139685 0.15823297 0.1293163 0.19101796 0.13408643 0.14497466 0.12769921 0.15878637 0.18424828 0.13124718 0.16788295 0.15765995 0.16809332 0.14350262 0.13981843 0.1596205 0.19435105 0.19277565 0.17296535 0.17531332 0.13807072 0.18473947 0.14402072 0.1579733 0.15731503 0.13150069 0.21304274 0.17733048 0.2180583 0.14969876 0.1852843 0.15397412 0.16871437 0.15953688 0.17098036 0.18823801 0.15869796 0.17790346 0.19834265 0.12974606 0.15148672 0.12908368 0.13230924 0.1746571 0.15073739 0.19437158 0.17551483 0.16954386 0.14784351 0.14548539 0.17026253 0.13836549 0.20135938 0.18816644 0.11802059 0.14831 0.22173598 0.1407003 0.13684079 0.13993387 0.19415392 0.14894488 0.17670757 0.17681724 0.14999804 0.15885685 0.13433199 0.15295623 0.14889699 0.16362585 0.18561397 0.14402302 0.1349235 0.113726884 0.16342159 0.17806377 0.16944036 0.12701984 0.17713985 0.13503657 0.2433012 0.14501174 0.18610962 0.1561916 0.15596014 0.13567601 0.13620149 0.14266533 0.12753227 0.14799236 0.18086928 0.12333855 0.14964156 0.13338701 0.19022538 0.16777475 0.19620469 0.1356003 0.15423873 0.1545076 0.12824903 0.13874127 0.17380339 0.13795686 0.13789757 0.11071596 0.16682391 0.1499203 0.13051724 0.14485574 0.17361471 0.19753818 0.15310326 0.14755498 0.11840877 0.13418633 0.17034641 0.15781091 0.12603517 0.1438051 0.12948869 0.14353466 0.16494994 0.15991972 0.15217622,0.14136901 0.20579053 0.22361803 0.21231394 0.14471738 0.17274886 0.12168759 0.16280785 0.17518741 0.20787528 0.20130427 0.13271919 0.16404113 0.15459381 0.19855466 0.15740599 0.14358225 0.13105533 0.16339341 0.1796578 0.16214226 0.16616008 0.19660866 0.19818868 0.22038062 0.18377273 0.19971785 0.14537048 0.15952499 0.17637551 0.18536575 0.16325073 0.1366156 0.20041956 0.14007865 0.1755562 0.15686701 0.15041383 0.15384158 0.18605022 0.15613171 0.17225066 0.17094669 0.14459558 0.15466268 0.14929987 0.11834862 0.12495941 0.2077629 0.16242884 0.19377917 0.17756091 0.2231501 0.20541532 0.14304174 0.15297037 0.11782043 0.17432402 0.2515097 0.16215962 0.144675 0.17998159 0.12750545 0.2159195 0.18975459 0.1866062 0.17561251 0.15046571 0.16240323 0.24834746 0.1622279 0.17633004 0.20888706 0.15937737 0.14804049 0.1910803 0.19512872 0.17893067 0.12216839 0.1594949 0.16728504 0.1658796 0.1544506 0.14720134 0.14499326 0.21918935 0.19827907 0.16593024 0.12662761 0.17179073 0.19224738 0.16853325 0.1910271 0.18131013 0.18992537 0.19471656 0.19545093 0.16339898 0.17483948 0.16216566 0.16203043 0.17205426 0.13607073 0.15566193 0.16290319 0.18900703 0.2265631 0.18541302 0.14112817 0.16140208 0.13779753 0.15999442 0.116828926 0.15195626 0.17004697 0.25452152 0.15045786 0.11929537 0.15263002 0.15864737 0.15849593 0.18536086 0.12891929 0.13591504 0.16566828 0.17030011 0.15712471 0.15182364 0.15295051 0.16491354 0.17028633 0.17137595 0.15821366 0.12930052 0.19099464 0.13407007 0.14495696 0.12768362 0.15876698 0.1842258 0.13123116 0.16786246 0.15764071 0.16807282 0.1434851 0.13980137 0.159601 0.19432734 0.19275212 0.17294425 0.17529193 0.13805386 0.18471693 0.14400315 0.15795402 0.15729582 0.13148464 0.21301673 0.17730883 0.21803169 0.1496805 0.18526168 0.15395533 0.16869378 0.15951742 0.17095949 0.18821505 0.1586786 0.17788175 0.19831844 0.12973024 0.15146825 0.12906793 0.1322931 0.17463578 0.150719 0.19434786 0.1754934 0.16952318 0.14782546 0.14546764 0.17024174 0.13834861 0.2013348 0.18814348 0.118006185 0.14829192 0.22170892 0.14068311 0.1368241 0.13991679 0.19413023 0.1489267 0.176686 0.17679566 0.14997973 0.15883747 0.1343156 0.15293758 0.14887881 0.16360588 0.18559133 0.14400545 0.13490704 0.113713 0.16340163 0.17804202 0.16941969 0.12700433 0.17711823 0.13502009 0.24327151 0.14499405 0.18608691 0.15617254 0.1559411 0.13565946 0.13618486 0.1426479 0.1275167 0.1479743 0.1808472 0.12332349 0.1496233 0.13337073 0.19020216 0.16775428 0.19618075 0.13558376 0.15421991 0.15448874 0.12823337 0.13872433 0.17378217 0.13794002 0.13788073 0.110702455 0.16680354 0.149902 0.13050131 0.14483805 0.17359352 0.19751407 0.15308458 0.14753696 0.11839432 0.13416995 0.17032562 0.15779164 0.12601979 0.14378755 0.1294729 0.14351715 0.1649298 0.15990022 0.15215763,0.0011131419 0.0016203979 0.0017607718 0.0016717633 0.0011395069 0.0013602272 0.00095817 0.0012819516 0.0013794284 0.0016368133 0.001585073 0.001045033 0.0012916625 0.0012172741 0.0015634226 0.0012394172 0.0011305689 0.0010319317 0.0012865623 0.0014146284 0.0012767108 0.0013083471 0.0015480997 0.0015605408 0.0017352805 0.0014470293 0.0015725815 0.0011446495 0.0012561023 0.0013887836 0.0014595728 0.0012854388 0.0010757134 0.0015781068 0.0011029815 0.0013823323 0.0012351733 0.0011843608 0.001211351 0.0014649624 0.0012293836 0.0013563044 0.0013460369 0.0011385479 0.0012178164 0.0011755895 0.0009318789 0.0009839324 0.0016359283 0.0012789672 0.0015258202 0.0013981174 0.0017570874 0.0016174435 0.001126313 0.0012044911 0.00092771987 0.0013726301 0.0019803913 0.0012768474 0.0011391733 0.0014171778 0.0010039799 0.0017001535 0.0014941306 0.0014693402 0.0013827757 0.0011847694 0.0012787656 0.0019554917 0.001277385 0.0013884256 0.0016447799 0.0012549399 0.0011656731 0.0015045693 0.0015364466 0.0014089029 0.00096195587 0.0012558654 0.001317205 0.0013061386 0.0012161464 0.0011590658 0.0011416792 0.0017259003 0.0015612525 0.0013065373 0.0009970678 0.001352683 0.0015137589 0.0013270335 0.0015041505 0.0014276388 0.0014954754 0.0015332012 0.0015389837 0.0012866062 0.0013766888 0.0012768949 0.0012758302 0.0013547579 0.0010714231 0.0012256844 0.0012827023 0.0014882443 0.0017839614 0.001459945 0.0011112454 0.0012708824 0.0010850199 0.0012597986 0.0009199128 0.001196506 0.0013389526 0.0020041065 0.0011847075 0.00093933364 0.0012018111 0.0012491919 0.0012479995 0.0014595344 0.0010151125 0.0010701972 0.0013044747 0.0013409457 0.0012372024 0.0011954617 0.0012043348 0.0012985318 0.0013408372 0.0013494169 0.0012457769 0.0010181143 0.0015038948 0.0010556699 0.0011413934 0.0010053829 0.0012501337 0.0014505968 0.0010333162 0.0013217516 0.0012412654 0.001323408 0.001129804 0.0011007981 0.0012567008 0.0015301366 0.0015177332 0.0013617658 0.0013802514 0.0010870383 0.0014544639 0.0011338831 0.0012437324 0.0012385498 0.0010353122 0.0016772972 0.0013961325 0.0017167849 0.0011785866 0.0014587534 0.0012122466 0.0013282975 0.0012560427 0.0013461377 0.0014820083 0.0012494378 0.0014006437 0.0015615625 0.001021498 0.0011926633 0.001016283 0.001041678 0.0013750849 0.0011867638 0.0015302981 0.0013818379 0.0013348282 0.00116398 0.0011454144 0.0013404862 0.0010893592 0.0015853135 0.0014814447 0.00092918257 0.0011676529 0.0017457396 0.001107741 0.0010773551 0.001101707 0.0015285845 0.0011726512 0.0013912284 0.0013920919 0.0011809428 0.0012506887 0.0010576032 0.0012042329 0.0011722741 0.0012882353 0.001461349 0.0011339012 0.0010622601 0.000895378 0.001286627 0.0014019057 0.0013340133 0.001000034 0.0013946317 0.0010631504 0.0019155238 0.0011416854 0.0014652512 0.001229705 0.0012278827 0.0010681847 0.0010723217 0.0011232118 0.0010040685 0.001165152 0.0014239937 0.0009710511 0.0011781362 0.0010501632 0.0014976548 0.0013208998 0.0015447303 0.0010675887 0.00121433 0.0012164467 0.0010097116 0.0010923175 0.0013683635 0.0010861419 0.001085675 0.0008716729 0.0013134137 0.0011803308 0.0010275694 0.0011404571 0.0013668782 0.001555229 0.0012053903 0.0011617084 0.00093223876 0.0010564564 0.0013411466 0.0012424539 0.0009922818 0.0011321855 0.0010194717 0.0011300563 0.00129866 0.0012590569 0.0011980917,
364,256,,,0.0049615246 0.0049615246 0.0049615246 0.0049615246 0.0049615246 0.0049615246 0.0049615246 0.0049615246 0.0049615246 0.0049615246 0.0049615246 0.0049615246 0.0049615246 0.0049615246 0.0049615246 0.0049615246 0.0049615246 0.0049615246 0.0049615246 0.0049615246 0.0049615246 0.0049615246 0.0049615246 0.0049615246 0.0049615246 0.0049615246 0.0049615246 0.0049615246 0.0049615246 0.0049615246 0.0049615246 0.0049615246 0.0049615246 0.0049615246 0.0049615246 0.0049615246 0.0049615246 0.0049615246 0.0049615246 0.0049615246 0.0049615246 0.0049615246 0.0049615246 0.0049615246 0.0049615246 0.0049615246 0.0049615246 0.0049615246 0.0049615246 0.0049615246 0.0049615246 0.0049615246 0.0049615246 0.0049615246 0.0049615246 0.0049615246 0.0049615246 0.0049615246 0.0049615246 0.0049615246 0.0049615246 0.0049615246 0.0049615246 0.0049615246 0.0049615246 0.0049615246 0.0049615246 0.0049615246 0.0049615246 0.0049615246 0.0049615246 0.0049615246 0.0049615246 0.0049615246 0.0049615246 0.0049615246 0.0049615246 0.0049615246 0.0049615246 0.0049615246 0.0049615246 0.0049615246 0.0049615246 0.0049615246 0.0049615246 0.0049615246 0.0049615246 0.0049615246 0.0049615246 0.0049615246 0.0049615246 0.0049615246 0.0049615246 0.0049615246 0.0049615246 0.0049615246 0.0049615246 0.0049615246 0.0049615246 0.0049615246 0.0049615246 0.0049615246 0.0049615246 0.0049615246 0.0049615246 0.0049615246 0.0049615246 0.0049615246 0.0049615246 0.0049615246 0.0049615246 0.0049615246 0.0049615246 0.0049615246 0.0049615246 0.0049615246 0.0049615246 0.0049615246 0.0049615246 0.0049615246 0.0049615246 0.0049615246 0.0049615246 0.0049615246 0.0049615246 0.0049615246 0.0049615246 0.0049615246 0.0049615246 0.0049615246 0.0049615246 0.0049615246 0.0049615246 0.0049615246 0.0049615246 0.0049615246 0.0049615246 0.0049615246 0.0049615246 0.0049615246 0.0049615246 0.0049615246 0.0049615246 0.0049615246 0.0049615246 0.0049615246 0.0049615246 0.0049615246 0.0049615246 0.0049615246 0.0049615246 0.0049615246 0.0049615246 0.0049615246 0.0049615246 0.0049615246 0.0049615246 0.0049615246 0.0049615246 0.0049615246 0.0049615246 0.0049615246 0.0049615246 0.0049615246 0.0049615246 0.0049615246 0.0049615246 0.0049615246 0.0049615246 0.0049615246 0.0049615246 0.0049615246 0.0049615246 0.0049615246 0.0049615246 0.0049615246 0.0049615246 0.0049615246 0.0049615246 0.0049615246 0.0049615246 0.0049615246 0.0049615246 0.0049615246 0.0049615246 0.0049615246 0.0049615246 0.0049615246 0.0049615246 0.0049615246 0.0049615246 0.0049615246 0.0049615246 0.0049615246 0.0049615246 0.0049615246 0.0049615246 0.0049615246 0.0049615246 0.0049615246 0.0049615246 0.0049615246 0.0049615246 0.0049615246 0.0049615246 0.0049615246 0.0049615246 0.0049615246 0.0049615246 0.0049615246 0.0049615246 0.0049615246 0.0049615246 0.0049615246 0.0049615246 0.0049615246 0.0049615246 0.0049615246 0.0049615246 0.0049615246 0.0049615246 0.0049615246 0.0049615246 0.0049615246 0.0049615246 0.0049615246 0.0049615246 0.0049615246 0.0049615246 0.0049615246 0.0049615246 0.0049615246 0.0049615246 0.0049615246 0.0049615246 0.0049615246 0.0049615246 0.0049615246 0.0049615246 0.0049615246 0.0049615246 0.0049615246 0.0049615246 0.0049615246 0.0049615246 0.0049615246 0.0049615246 0.0049615246 0.0049615246 0.0049615246 0.0049615246 0.0049615246 0.0049615246 0.0049615246 0.0049615246 0.0049615246,15 15 15 15 15 15 16 15 15 15 15 15 15 15 15 15 15 15 15 15 15 15 15 15 15 15 15 15 15 15 15 15 15 15 15 15 15 15 15 15 15 15 15 15 15 15 16 15 15 15 15 15 15 15 15 15 16 15 14 15 15 15 15 15 15 15 15 15 15 14 15 15 15 15 15 15 15 15 16 15 15 15 15 15 15 15 15 15 15 15 15 15 15 15 15 15 15 15 15 15 15 15 15 15 15 15 15 15 15 15 15 15 16 15 15 14 15 16 15 15 15 15 15 15 15 15 15 15 15 15 15 15 15 15 15 15 15 15 15 15 15 15 15 15 15 15 15 15 15 15 15 15 15 15 15 15 15 15 15 15 15 15 15 15 15 15 15 15 15 15 15 15 15 15 15 15 15 15 15 15 15 15 15 15 15 16 15 15 15 15 15 15 15 15 15 15 15 15 15 15 15 15 15 15 16 15 15 15 15 15 15 15 15 15 15 15 15 15 15 15 15 15 16 15 15 15 15 15 15 15 15 15 15 15 15 15 16 15 15 15 15 15 15 15 15 16 15 15 15 15 15 15 15 15 15 15
373,1x1x128x64,0.27200204 0.2118099 0.22220555 0.2151345 0.26234844 0.21964373 0.22251926 0.28028944 0.2173187 0.23716198 0.25361285 0.25570497 0.24753006 0.20940375 0.14413635 0.2119112 0.2201315 0.2472958 0.18623298 0.22278814 0.23011893 0.27306515 0.19728881 0.2505762 0.17293046 0.21111107 0.21630172 0.23101914 0.25081274 0.26899412 0.2240124 0.32565916 0.18047835 0.2006811 0.18290608 0.28352454 0.31283778 0.27657184 0.21134017 0.20644669 0.24057876 0.22211955 0.25014982 0.2050906 0.26332238 0.26627907 0.18536575 0.2525148 0.21109873 0.2562944 0.21956019 0.29717705 0.24647522 0.23621057 0.23538265 0.3065926 0.21303546 0.20119551 0.24754936 0.21357425 0.24239257 0.18396161 0.23558624 0.23430839,0.27196884 0.21178406 0.22217843 0.21510825 0.2623164 0.21961692 0.2224921 0.28025523 0.21729217 0.23713303 0.2535819 0.25567377 0.24749984 0.2093782 0.14411876 0.21188535 0.22010463 0.2472656 0.18621026 0.22276096 0.23009086 0.27303183 0.19726473 0.25054562 0.17290935 0.2110853 0.21627533 0.23099095 0.25078213 0.2689613 0.22398508 0.32561943 0.18045633 0.20065662 0.18288375 0.28348994 0.3127996 0.2765381 0.21131438 0.2064215 0.24054939 0.22209245 0.25011927 0.20506558 0.26329023 0.26624656 0.18534313 0.252484 0.21107297 0.25626314 0.2195334 0.29714078 0.24644515 0.23618175 0.23535392 0.30655518 0.21300946 0.20117095 0.24751914 0.21354818 0.24236299 0.18393917 0.23555748 0.2342798,0.0021414869 0.001667591 0.0017494365 0.0016937657 0.0020654835 0.0017292671 0.0017519062 0.0022067341 0.001710962 0.0018671892 0.0019967079 0.0020131792 0.0019488176 0.0016486472 0.0011347934 0.0016683886 0.0017331074 0.0019469733 0.0014662226 0.0017540234 0.001811739 0.0021498569 0.0015532656 0.0019728001 0.0013614909 0.001662089 0.0017029553 0.0018188263 0.0019746625 0.0021178056 0.001763662 0.0025639324 0.0014209159 0.0015799734 0.0014400296 0.0022322042 0.002462989 0.0021774655 0.0016638928 0.001625366 0.0018940896 0.0017487594 0.0019694432 0.0016146896 0.0020731513 0.0020964297 0.0014593947 0.0019880629 0.0016619918 0.00201782 0.0017286094 0.0023396912 0.001940513 0.0018596988 0.0018531805 0.0024138202 0.0016772399 0.0015840232 0.0019489696 0.0016814817 0.0019083701 0.0014483399 0.0018547833 0.0018447228,
374,64,,,0.0045940573 0.0045940573 0.0045940573 0.0045940573 0.0045940573 0.0045940573 0.0045940573 0.0045940573 0.0045940573 0.0045940573 0.0045940573 0.0045940573 0.0045940573 0.0045940573 0.0045940573 0.0045940573 0.0045940573 0.0045940573 0.0045940573 0.0045940573 0.0045940573 0.0045940573 0.0045940573 0.0045940573 0.0045940573 0.0045940573 0.0045940573 0.0045940573 0.0045940573 0.0045940573 0.0045940573 0.0045940573 0.0045940573 0.0045940573 0.0045940573 0.0045940573 0.0045940573 0.0045940573 0.0045940573 0.0045940573 0.0045940573 0.0045940573 0.0045940573 0.0045940573 0.0045940573 0.0045940573 0.0045940573 0.0045940573 0.0045940573 0.0045940573 0.0045940573 0.0045940573 0.0045940573 0.0045940573 0.0045940573 0.0045940573 0.0045940573 0.0045940573 0.0045940573 0.0045940573 0.0045940573 0.0045940573 0.0045940573 0.0045940573,14 15 15 15 14 15 15 14 15 15 14 14 15 15 15 15 15 15 15 15 15 14 15 14 15 15 15 15 14 14 15 14 15 15 15 14 14 14 15 15 15 15 14 15 14 14 15 14 15 14 15 14 15 15 15 14 15 15 15 15 15 15 15 15
379,3x3x64x64,0.1577313 0.14848341 0.123690434 0.16919902 0.102066234 0.12924692 0.13642213 0.11943627 0.12967885 0.14596827 0.115480326 0.12666062 0.12313832 0.24185243 0.10256996 0.13640687 0.13903673 0.14635685 0.119639196 0.16373487 0.13478579 0.12514116 0.12468316 0.12947574 0.13685006 0.14777273 0.1784077 0.08784292 0.14486001 0.13239521 0.11327346 0.13280922 0.13545777 0.08905891 0.11081253 0.112854294 0.12246159 0.1617989 0.15300441 0.1805818 0.17604052 0.15550512 0.13178079 0.12307301 0.114806846 0.2637608 0.1392136 0.13613176 0.13744338 0.17087351 0.14698076 0.155611 0.096320346 0.11705194 0.13295944 0.1372901 0.14491068 0.15338369 0.15974091 0.12827468 0.11754727 0.10295403 0.084382944 0.16227986,0.15771204 0.14846529 0.12367534 0.16917838 0.10205378 0.12923115 0.13640547 0.11942169 0.12966302 0.14595045 0.11546624 0.12664515 0.123123296 0.24182291 0.10255744 0.13639022 0.13901977 0.146339 0.1196246 0.16371489 0.13476934 0.12512589 0.124667935 0.12945993 0.13683335 0.14775468 0.17838593 0.0878322 0.14484233 0.13237904 0.11325963 0.13279302 0.13544123 0.08904804 0.11079901 0.112840526 0.12244664 0.16177915 0.15298574 0.18055975 0.17601903 0.15548615 0.1317647 0.12305799 0.11479284 0.26372862 0.13919662 0.13611515 0.13742661 0.17085265 0.14696282 0.155592 0.0963086 0.11703765 0.13294321 0.13727334 0.14489299 0.15336497 0.1597214 0.12825903 0.117532924 0.10294146 0.08437265 0.16226006,0.0012418272 0.001169018 0.00097382156 0.0013321133 0.00080357306 0.0010175682 0.0010740588 0.0009403283 0.0010209687 0.0011492162 0.00090918294 0.0009972058 0.0009694748 0.0019041174 0.0008075389 0.0010739388 0.0010946438 0.0011522756 0.000941926 0.0012890936 0.0010611758 0.0009852432 0.0009816373 0.0010193696 0.001077428 0.0011634227 0.0014046136 0.0006915921 0.0011404908 0.0010423546 0.0008918081 0.0010456144 0.0010664663 0.0007011657 0.0008724331 0.0008885081 0.0009641468 0.0012738516 0.0012046121 0.0014217304 0.0013859766 0.0012243004 0.0010375173 0.0009689606 0.00090388063 0.0020766032 0.0010960364 0.0010717728 0.0010820993 0.0013452964 0.0011571876 0.0012251338 0.0007583354 0.00092155626 0.0010467969 0.0010808924 0.0011408897 0.0012075983 0.0012576488 0.0010099136 0.0009254561 0.0008105627 0.00066435157 0.0012776383,
380,64,,,0.005168222 0.005168222 0.005168222 0.005168222 0.005168222 0.005168222 0.005168222 0.005168222 0.005168222 0.005168222 0.005168222 0.005168222 0.005168222 0.005168222 0.005168222 0.005168222 0.005168222 0.005168222 0.005168222 0.005168222 0.005168222 0.005168222 0.005168222 0.005168222 0.005168222 0.005168222 0.005168222 0.005168222 0.005168222 0.005168222 0.005168222 0.005168222 0.005168222 0.005168222 0.005168222 0.005168222 0.005168222 0.005168222 0.005168222 0.005168222 0.005168222 0.005168222 0.005168222 0.005168222 0.005168222 0.005168222 0.005168222 0.005168222 0.005168222 0.005168222 0.005168222 0.005168222 0.005168222 0.005168222 0.005168222 0.005168222 0.005168222 0.005168222 0.005168222 0.005168222 0.005168222 0.005168222 0.005168222 0.005168222,14 14 15 14 15 14 14 15 14 14 15 14 15 14 15 14 14 14 15 14 14 14 14 14 14 14 14 15 14 14 15 14 14 15 15 15 15 14 14 14 14 14 14 15 15 13 14 14 14 14 14 14 15 15 14 14 14 14 14 14 15 15 15 14
385,3x3x64x64,0.13172428 0.09700792 0.14034931 0.12647709 0.09569566 0.15533194 0.07477747 0.08180175 0.16028082 0.110915385 0.120497875 0.096492805 0.09182483 0.14539368 0.17916 0.11859388 0.09799653 0.13154037 0.119110666 0.0866224 0.11903838 0.13310549 0.096328914 0.10027843 0.114788674 0.12513609 0.1475573 0.13212614 0.098286636 0.14693615 0.09408058 0.12427309 0.11565033 0.10046128 0.12028154 0.11444878 0.111837916 0.10150745 0.13113889 0.116531536 0.16109563 0.11452039 0.13867363 0.115733266 0.10317967 0.124713466 0.09784774 0.17964764 0.119693056 0.09038454 0.10539314 0.120662846 0.11810112 0.13080604 0.12588614 0.086985864 0.13484931 0.101165086 0.103567936 0.11917799 0.113008276 0.12989372 0.111173555 0.15530312,0.1317082 0.096996084 0.14033218 0.12646165 0.09568398 0.15531299 0.07476834 0.081791766 0.16026127 0.11090185 0.12048317 0.09648103 0.091813624 0.14537594 0.17913812 0.11857941 0.097984575 0.13152431 0.11909613 0.08661183 0.11902385 0.13308924 0.09631716 0.100266196 0.11477467 0.12512082 0.14753929 0.13211001 0.09827464 0.1469182 0.0940691 0.12425793 0.115636215 0.100449026 0.12026686 0.114434816 0.11182427 0.101495065 0.13112289 0.11651731 0.16107596 0.114506416 0.13865672 0.11571915 0.10316708 0.124698244 0.0978358 0.1796257 0.11967845 0.09037351 0.105380274 0.120648116 0.1180867 0.13079007 0.12587078 0.08697525 0.13483284 0.10115274 0.10355529 0.119163446 0.112994485 0.12987787 0.11115999 0.15528417,0.0010370725 0.0007637487 0.0011049778 0.000995761 0.00075341715 0.0012229369 0.0005887271 0.00064402964 0.0012618998 0.0008732429 0.0009486864 0.00075969315 0.00072294194 0.0011446924 0.0014105364 0.00093369617 0.00077153207 0.0010356245 0.0009377648 0.0006819829 0.00093719567 0.0010479469 0.0007584028 0.00078949763 0.00090373756 0.0009852033 0.0011617267 0.0010402363 0.0007738161 0.0011568363 0.00074070157 0.0009784088 0.00091052137 0.0007909372 0.0009469832 0.0009010615 0.00088050606 0.0007991737 0.0010324636 0.00091745914 0.0012683147 0.0009016253 0.0010917851 0.0009111744 0.0008123392 0.0009818759 0.00077036064 0.0014143756 0.00094235 0.00071160245 0.0008297659 0.0009499852 0.00092981657 0.0010298431 0.0009911085 0.00068484445 0.001061676 0.0007964783 0.000815396 0.00093829486 0.00088972034 0.0010226604 0.00087527547 0.00122271,
386,64,,,0.0051682214 0.0051682214 0.0051682214 0.0051682214 0.0051682214 0.0051682214 0.0051682214 0.0051682214 0.0051682214 0.0051682214 0.0051682214 0.0051682214 0.0051682214 0.0051682214 0.0051682214 0.0051682214 0.0051682214 0.0051682214 0.0051682214 0.0051682214 0.0051682214 0.0051682214 0.0051682214 0.0051682214 0.0051682214 0.0051682214 0.0051682214 0.0051682214 0.0051682214 0.0051682214 0.0051682214 0.0051682214 0.0051682214 0.0051682214 0.0051682214 0.0051682214 0.0051682214 0.0051682214 0.0051682214 0.0051682214 0.0051682214 0.0051682214 0.0051682214 0.0051682214 0.0051682214 0.0051682214 0.0051682214 0.0051682214 0.0051682214 0.0051682214 0.0051682214 0.0051682214 0.0051682214 0.0051682214 0.0051682214 0.0051682214 0.0051682214 0.0051682214 0.0051682214 0.0051682214 0.0051682214 0.0051682214 0.0051682214 0.0051682214,14 15 14 14 15 14 15 15 14 15 15 15 15 14 14 15 15 14 15 15 15 14 15 15 15 14 14 14 15 14 15 14 15 15 15 15 15 15 14 15 14 15 14 15 15 14 15 14 15 15 15 15 15 14 14 15 14 15 15 15 15 14 15 14
394,3x3x64x64,0.108004734 0.11069574 0.15674022 0.12047374 0.11870607 0.089905836 0.14290321 0.08644737 0.15401915 0.106298886 0.15277955 0.086577125 0.10134877 0.10216277 0.1205603 0.10483596 0.14124481 0.10206722 0.11039838 0.0924909 0.10195406 0.106253244 0.11191709 0.12727794 0.11345711 0.13268782 0.14301613 0.17566876 0.120899886 0.12568413 0.1174578 0.10654775 0.10994 0.09417193 0.12999626 0.08675791 0.13234138 0.09963126 0.12820466 0.14651988 0.12578794 0.12690271 0.20664734 0.10149138 0.111218296 0.09058208 0.09819748 0.113844335 0.12447313 0.08093337 0.113981165 0.10577183 0.12242851 0.12847653 0.079382874 0.1320401 0.114226796 0.1423051 0.10731233 0.1283436 0.1069543 0.13874608 0.14438647 0.1377729,0.107991554 0.110682234 0.1567211 0.120459035 0.11869158 0.08989487 0.14288576 0.08643682 0.15400034 0.106285915 0.1527609 0.08656656 0.101336405 0.1021503 0.12054559 0.104823165 0.14122757 0.10205476 0.110384904 0.09247961 0.101941615 0.10624027 0.11190344 0.1272624 0.11344326 0.13267164 0.14299867 0.17564733 0.12088513 0.12566878 0.117443465 0.10653474 0.10992658 0.09416044 0.1299804 0.086747326 0.13232523 0.0996191 0.12818901 0.146502 0.1257726 0.12688722 0.20662211 0.10147899 0.11120472 0.09057103 0.098185495 0.11383044 0.12445794 0.0809235 0.113967255 0.10575893 0.12241356 0.12846085 0.07937318 0.13202398 0.114212856 0.14228773 0.10729923 0.12832794 0.106941245 0.13872914 0.14436886 0.13775608,0.0008503272 0.0008715137 0.0012340244 0.00094849634 0.00093457935 0.0007078336 0.0011250847 0.0006806049 0.0012126011 0.00083689694 0.0012028416 0.00068162644 0.00079792447 0.0008043331 0.00094917783 0.0008253793 0.0011120281 0.0008035808 0.00086917245 0.00072818587 0.0008026899 0.00083653757 0.0008811294 0.0010020662 0.00089325407 0.0010446586 0.0011259738 0.0013830499 0.00095185137 0.0009895179 0.0009247517 0.0008388562 0.00086556363 0.0007414208 0.0010234677 0.0006830498 0.001041931 0.00078440236 0.0010093623 0.0011535591 0.0009903354 0.0009991119 0.0016269457 0.0007990471 0.00087562774 0.0007131577 0.00077311415 0.0008963027 0.0009799838 0.0006371929 0.00089737994 0.00083274744 0.0009638863 0.0010115028 0.00062498567 0.0010395589 0.00089931383 0.0011203758 0.0008448758 0.0010104562 0.00084205705 0.0010923555 0.0011367627 0.0010846936,
395,64,,,0.0053928886 0.0053928886 0.0053928886 0.0053928886 0.0053928886 0.0053928886 0.0053928886 0.0053928886 0.0053928886 0.0053928886 0.0053928886 0.0053928886 0.0053928886 0.0053928886 0.0053928886 0.0053928886 0.0053928886 0.0053928886 0.0053928886 0.0053928886 0.0053928886 0.0053928886 0.0053928886 0.0053928886 0.0053928886 0.0053928886 0.0053928886 0.0053928886 0.0053928886 0.0053928886 0.0053928886 0.0053928886 0.0053928886 0.0053928886 0.0053928886 0.0053928886 0.0053928886 0.0053928886 0.0053928886 0.0053928886 0.0053928886 0.0053928886 0.0053928886 0.0053928886 0.0053928886 0.0053928886 0.0053928886 0.0053928886 0.0053928886 0.0053928886 0.0053928886 0.0053928886 0.0053928886 0.0053928886 0.0053928886 0.0053928886 0.0053928886 0.0053928886 0.0053928886 0.0053928886 0.0053928886 0.0053928886 0.0053928886 0.0053928886,15 15 14 15 15 15 14 15 14 15 14 15 15 15 15 15 14 15 15 15 15 15 15 14 15 14 14 14 15 14 15 15 15 15 14 15 14 15 14 14 14 14 14 15 15 15 15 15 14 15 15 15 15 14 15 14 15 14 15 14 15 14 14 14
400,3x3x64x64,0.13833182 0.120527364 0.20763524 0.11795284 0.15077965 0.15182549 0.1496143 0.15446022 0.23713861 0.1127369 0.11573659 0.19254316 0.13961153 0.12890081 0.20396915 0.11616175 0.14572251 0.1403018 0.13420558 0.16686365 0.17515902 0.12751456 0.14186743 0.1629399 0.14725943 0.13278905 0.16152722 0.14246432 0.16250688 0.1297031 0.10790851 0.18435384 0.19674428 0.15537794 0.124354094 0.18207373 0.15087411 0.13740084 0.17745522 0.13651367 0.15151401 0.12383891 0.14751853 0.17126074 0.1492198 0.12270424 0.12953693 0.16309138 0.18140016 0.11791516 0.16362146 0.1503603 0.12424682 0.124977805 0.1752119 0.14128403 0.15591174 0.1498428 0.16143592 0.14360523 0.16058552 0.13238905 0.121437125 0.1771801,0.13831493 0.12051266 0.2076099 0.117938444 0.15076125 0.15180695 0.14959604 0.15444137 0.23710968 0.11272315 0.11572246 0.19251966 0.13959448 0.12888509 0.20394427 0.11614758 0.14570472 0.14028467 0.1341892 0.1668433 0.17513765 0.12749898 0.14185011 0.16292001 0.14724146 0.13277285 0.1615075 0.14244694 0.16248704 0.12968726 0.107895344 0.18433134 0.19672026 0.15535899 0.12433892 0.18205151 0.1508557 0.13738406 0.17743355 0.136497 0.15149552 0.12382379 0.14750053 0.17123985 0.14920159 0.12268926 0.12952112 0.16307148 0.18137804 0.11790077 0.16360149 0.15034194 0.12423166 0.12496255 0.17519052 0.1412668 0.15589271 0.14982451 0.16141622 0.14358771 0.16056593 0.13237289 0.121422306 0.17715847,0.001089094 0.0009489186 0.0016347236 0.00092864915 0.0011870965 0.0011953303 0.0011779215 0.0012160738 0.0018670054 0.0008875838 0.0009112005 0.0015159029 0.0010991691 0.0010148432 0.0016058603 0.0009145479 0.0011472813 0.0011046038 0.0010566079 0.0013137268 0.0013790367 0.0010039291 0.00111693 0.0012828348 0.0011593816 0.0010454555 0.0012717126 0.0011216294 0.0012794256 0.0010211596 0.0008495696 0.0014514279 0.0015489784 0.0012232991 0.0009790466 0.0014334765 0.0011878402 0.0010817642 0.0013971146 0.0010747795 0.0011928781 0.0009749905 0.0011614215 0.0013483453 0.0011748157 0.0009660572 0.0010198513 0.0012840275 0.0014281735 0.00092835247 0.0012882007 0.0011837948 0.0009782021 0.0009839571 0.001379453 0.001112337 0.0012275017 0.0011797206 0.0012709938 0.0011306119 0.0012642987 0.0010423062 0.00095608114 0.0013949486,
401,64,,,0.004961525 0.004961525 0.004961525 0.004961525 0.004961525 0.004961525 0.004961525 0.004961525 0.004961525 0.004961525 0.004961525 0.004961525 0.004961525 0.004961525 0.004961525 0.004961525 0.004961525 0.004961525 0.004961525 0.004961525 0.004961525 0.004961525 0.004961525 0.004961525 0.004961525 0.004961525 0.004961525 0.004961525 0.004961525 0.004961525 0.004961525 0.004961525 0.004961525 0.004961525 0.004961525 0.004961525 0.004961525 0.004961525 0.004961525 0.004961525 0.004961525 0.004961525 0.004961525 0.004961525 0.004961525 0.004961525 0.004961525 0.004961525 0.004961525 0.004961525 0.004961525 0.004961525 0.004961525 0.004961525 0.004961525 0.004961525 0.004961525 0.004961525 0.004961525 0.004961525 0.004961525 0.004961525 0.004961525 0.004961525,15 16 15 16 15 15 15 15 15 16 16 15 15 15 15 16 15 15 15 15 15 15 15 15 15 15 15 15 15 15 16 15 15 15 15 15 15 15 15 15 15 15 15 15 15 16 15 15 15 16 15 15 15 15 15 15 15 15 15 15 15 15 16 15
409,1x1x128x64,0.33509812 0.31499213 0.29636282 0.35276243 0.28499213 0.3641123 0.29427284 0.24654394 0.27951014 0.35249308 0.26636237 0.300794 0.2817046 0.36306545 0.3024057 0.2998975 0.30334285 0.37194744 0.30756465 0.30470955 0.2893879 0.25555336 0.3442374 0.31258628 0.2838225 0.2991126 0.29666895 0.37309578 0.299264 0.35276946 0.3237879 0.27005756 0.30152935 0.23291533 0.27370808 0.286959 0.39075553 0.31916556 0.28236604 0.31702152 0.2971273 0.29520592 0.2825577 0.3560991 0.31268278 0.35815883 0.24755302 0.27596623 0.29940107 0.28663507 0.37996635 0.25763366 0.37099472 0.33713683 0.27093554 0.3338988 0.34301403 0.3528023 0.42564008 0.28553942 0.3105939 0.26256147 0.2496824 0.30797493,0.33505723 0.31495368 0.29632667 0.3527194 0.28495735 0.36406785 0.29423693 0.24651386 0.27947605 0.35245004 0.26632985 0.3007573 0.28167024 0.36302114 0.30236876 0.2998609 0.30330583 0.37190205 0.3075271 0.30467236 0.2893526 0.25552216 0.3441954 0.31254813 0.28378785 0.29907608 0.29663274 0.37305024 0.29922748 0.35272643 0.32374838 0.2700246 0.30149254 0.23288691 0.27367467 0.28692397 0.39070785 0.3191266 0.28233156 0.31698284 0.29709107 0.2951699 0.2825232 0.35605565 0.3126446 0.35811514 0.2475228 0.27593255 0.29936454 0.28660008 0.37991998 0.2576022 0.37094945 0.3370957 0.27090245 0.33385804 0.3429722 0.35275927 0.42558813 0.28550455 0.310556 0.26252943 0.24965192 0.30793735,0.002638246 0.0024799502 0.0023332809 0.002777318 0.0022437586 0.002866676 0.0023168263 0.001941054 0.0022005988 0.0027751972 0.0020970856 0.0023681677 0.002217876 0.002858434 0.0023808563 0.0023611095 0.002388235 0.0029283627 0.0024214732 0.002398995 0.0022783668 0.0020119855 0.0027102 0.002461009 0.00223455 0.0023549297 0.002335691 0.0029374035 0.0023561218 0.0027773734 0.0025491999 0.002126178 0.002373957 0.0018337552 0.0021549186 0.002259244 0.0030764397 0.002512808 0.002223083 0.0024959277 0.0023392998 0.0023241723 0.0022245923 0.0028035878 0.0024617685 0.0028198042 0.0019489984 0.0021726973 0.0023572012 0.0022566936 0.002991496 0.002028364 0.0029208618 0.0026542968 0.0021330903 0.0026288035 0.0027005684 0.002777632 0.0033510877 0.0022480674 0.0024453227 0.0020671608 0.0019657633 0.0024247037,
410,64,,,0.004770726 0.004770726 0.004770726 0.004770726 0.004770726 0.004770726 0.004770726 0.004770726 0.004770726 0.004770726 0.004770726 0.004770726 0.004770726 0.004770726 0.004770726 0.004770726 0.004770726 0.004770726 0.004770726 0.004770726 0.004770726 0.004770726 0.004770726 0.004770726 0.004770726 0.004770726 0.004770726 0.004770726 0.004770726 0.004770726 0.004770726 0.004770726 0.004770726 0.004770726 0.004770726 0.004770726 0.004770726 0.004770726 0.004770726 0.004770726 0.004770726 0.004770726 0.004770726 0.004770726 0.004770726 0.004770726 0.004770726 0.004770726 0.004770726 0.004770726 0.004770726 0.004770726 0.004770726 0.004770726 0.004770726 0.004770726 0.004770726 0.004770726 0.004770726 0.004770726 0.004770726 0.004770726 0.004770726 0.004770726,15 15 15 15 15 15 15 16 15 15 15 15 15 15 15 15 15 15 15 15 15 15 15 15 15 15 15 15 15 15 15 15 15 16 15 15 15 15 15 15 15 15 15 15 15 15 16 15 15 15 15 15 15 15 15 15 15 15 15 15 15 15 15 15
418,1x1x128x128,0.33912337 0.31380326 0.41820294 0.30420193 0.28969404 0.36544704 0.32986298 0.26998508 0.3051931 0.44233853 0.3400585 0.34608847 0.30046248 0.34996507 0.47131702 0.3314643 0.32138118 0.42341316 0.4035599 0.41157353 0.38757464 0.3708853 0.3470262 0.37798488 0.3016224 0.29139772 0.37477428 0.326693 0.41074988 0.43904525 0.36300159 0.3595812 0.41572154 0.37589386 0.47695577 0.4542128 0.31484637 0.34798536 0.34102204 0.32777742 0.3206789 0.3244948 0.33583108 0.3117127 0.32100946 0.3180552 0.40286443 0.37879255 0.37903285 0.43073586 0.299354 0.3398572 0.36382607 0.35432 0.366132 0.37712303 0.37130925 0.268795 0.3964299 0.27647242 0.3502116 0.41695452 0.3671631 0.2985114 0.298948 0.36616993 0.41462758 0.3421794 0.39490676 0.29790488 0.4935141 0.4545275 0.37589407 0.3016092 0.41549745 0.37616125 0.37193343 0.29861695 0.3315776 0.48917758 0.36320597 0.30662376 0.47505438 0.37557238 0.2921735 0.3798241 0.35137895 0.37396207 0.4089663 0.26755613 0.2546664 0.34534016 0.341731 0.3539573 0.36034027 0.26951334 0.30336988 0.30983415 0.3351227 0.29942852 0.32277924 0.44161355 0.32999778 0.30515587 0.27885398 0.32477343 0.4746671 0.45170745 0.33266014 0.29118857 0.31558496 0.47072774 0.4969253 0.37212726 0.3033458 0.3682376 0.3126608 0.30775565 0.322925 0.43999767 0.41395992 0.4050348 0.4065456 0.36166614 0.31534111 0.48988822 0.38762403 0.31467393,0.339082 0.31376496 0.41815192 0.30416483 0.28965867 0.36540246 0.32982272 0.26995215 0.30515584 0.44228452 0.34001702 0.34604624 0.3004258 0.34992236 0.4712595 0.33142382 0.32134196 0.42336148 0.40351066 0.41152328 0.38752735 0.37084004 0.34698385 0.37793875 0.30158558 0.29136214 0.37472856 0.32665312 0.41069975 0.43899167 0.36295727 0.3595373 0.41567078 0.37584797 0.47689757 0.45415738 0.31480792 0.3479429 0.3409804 0.32773742 0.32063976 0.3244552 0.3357901 0.31167465 0.3209703 0.31801638 0.40281528 0.37874633 0.3789866 0.43068328 0.29931745 0.33981574 0.36378166 0.35427675 0.3660873 0.37707698 0.37126395 0.26876223 0.3963815 0.27643868 0.35016885 0.41690361 0.3671183 0.29847494 0.2989115 0.36612523 0.41457698 0.34213763 0.39485857 0.29786852 0.49345386 0.454472 0.37584817 0.30157238 0.41544673 0.37611532 0.37188804 0.2985805 0.33153713 0.4891179 0.36316162 0.30658635 0.4749964 0.37552655 0.29213783 0.37977773 0.35133606 0.37391642 0.4089164 0.2675235 0.2546353 0.34529802 0.3416893 0.35391408 0.3602963 0.26948047 0.30333284 0.30979633 0.3350818 0.29939198 0.32273984 0.44155964 0.3299575 0.30511865 0.27881995 0.3247338 0.47460917 0.45165235 0.33261955 0.291153 0.31554642 0.4706703 0.49686465 0.37208185 0.30330878 0.36819267 0.31262264 0.30771807 0.32288557 0.43994397 0.4139094 0.4049854 0.406496 0.361622 0.3153026 0.48982844 0.3875767 0.31463555,0.002669937 0.0024705902 0.0032925347 0.0023949987 0.0022807769 0.0028771847 0.0025970293 0.0021256076 0.002402802 0.0034825553 0.0026772993 0.0027247735 0.0023655575 0.002755294 0.0037107049 0.0026096364 0.0025302516 0.003333555 0.0031772493 0.0032403409 0.0030513965 0.0029200003 0.0027321563 0.0029758955 0.0023746896 0.00229419 0.0029506185 0.0025720717 0.0032338563 0.0034566273 0.0028579312 0.0028310025 0.0032729984 0.0029594328 0.003755099 0.0035760424 0.0024788026 0.0027397077 0.0026848852 0.0025806096 0.0025247226 0.0025547654 0.0026440164 0.0024541311 0.0025273252 0.002504066 0.0031717739 0.0029822546 0.0029841464 0.003391207 0.0023568303 0.0026757144 0.0028644225 0.0027895807 0.002882577 0.0029691102 0.0029233382 0.002116238 0.003121114 0.0021766825 0.002757235 0.0032827056 0.0028906954 0.0023501965 0.002353634 0.0028828757 0.0032643857 0.0026939972 0.0031091226 0.0023454214 0.0038854636 0.0035785197 0.0029594344 0.0023745857 0.003271234 0.002961538 0.0029282523 0.0023510274 0.0026105286 0.003851322 0.0028595403 0.0024140659 0.003740129 0.002956902 0.0023002978 0.0029903757 0.0027664257 0.0029442238 0.0032198143 0.0021064843 0.0020050025 0.0027188822 0.0026904668 0.002786725 0.0028369788 0.0021218935 0.0023884475 0.0024393413 0.0026384392 0.0023574173 0.0025412585 0.0034768477 0.0025980903 0.002402509 0.0021954325 0.002556959 0.0037370801 0.0035563176 0.0026190516 0.0022925434 0.0024846175 0.0037060655 0.00391232 0.0029297783 0.0023882582 0.0028991548 0.0024615955 0.002422977 0.002542406 0.0034641258 0.0032591291 0.0031888613 0.003200756 0.0028474173 0.0024826978 0.003856917 0.003051785 0.0024774452,
419,128,,,0.0051682214 0.0051682214 0.0051682214 0.0051682214 0.0051682214 0.0051682214 0.0051682214 0.0051682214 0.0051682214 0.0051682214 0.0051682214 0.0051682214 0.0051682214 0.0051682214 0.0051682214 0.0051682214 0.0051682214 0.0051682214 0.0051682214 0.0051682214 0.0051682214 0.0051682214 0.0051682214 0.0051682214 0.0051682214 0.0051682214 0.0051682214 0.0051682214 0.0051682214 0.0051682214 0.0051682214 0.0051682214 0.0051682214 0.0051682214 0.0051682214 0.0051682214 0.0051682214 0.0051682214 0.0051682214 0.0051682214 0.0051682214 0.0051682214 0.0051682214 0.0051682214 0.0051682214 0.0051682214 0.0051682214 0.0051682214 0.0051682214 0.0051682214 0.0051682214 0.0051682214 0.0051682214 0.0051682214 0.0051682214 0.0051682214 0.0051682214 0.0051682214 0.0051682214 0.0051682214 0.0051682214 0.0051682214 0.0051682214 0.0051682214 0.0051682214 0.0051682214 0.0051682214 0.0051682214 0.0051682214 0.0051682214 0.0051682214 0.0051682214 0.0051682214 0.0051682214 0.0051682214 0.0051682214 0.0051682214 0.0051682214 0.0051682214 0.0051682214 0.0051682214 0.0051682214 0.0051682214 0.0051682214 0.0051682214 0.0051682214 0.0051682214 0.0051682214 0.0051682214 0.0051682214 0.0051682214 0.0051682214 0.0051682214 0.0051682214 0.0051682214 0.0051682214 0.0051682214 0.0051682214 0.0051682214 0.0051682214 0.0051682214 0.0051682214 0.0051682214 0.0051682214 0.0051682214 0.0051682214 0.0051682214 0.0051682214 0.0051682214 0.0051682214 0.0051682214 0.0051682214 0.0051682214 0.0051682214 0.0051682214 0.0051682214 0.0051682214 0.0051682214 0.0051682214 0.0051682214 0.0051682214 0.0051682214 0.0051682214 0.0051682214 0.0051682214 0.0051682214 0.0051682214 0.0051682214,15 15 15 15 15 15 15 15 15 15 15 15 15 15 15 15 15 15 15 15 15 15 15 15 15 15 15 15 15 15 15 15 15 15 15 15 15 15 15 15 15 15 15 15 15 15 15 15 15 15 15 15 15 15 15 15 15 15 15 15 15 15 15 15 15 15 15 15 15 15 15 15 15 15 15 15 15 15 15 15 15 15 15 15 15 15 15 15 15 15 15 15 15 15 15 15 15 15 15 15 15 15 15 15 15 15 15 15 15 15 15 15 14 15 15 15 15 15 15 15 15 15 15 15 15 15 15 15
428,1x1x384x256,0.18292326 0.13570575 0.15228687 0.15421544 0.14490786 0.19155031 0.13061386 0.17365995 0.2013131 0.14931312 0.1757683 0.1731856 0.1727303 0.19822647 0.27196357 0.16476925 0.22355527 0.17585602 0.16876426 0.17000286 0.17657639 0.20929025 0.1994077 0.16670337 0.18599112 0.1518556 0.19350797 0.15397803 0.14372462 0.16286367 0.16350912 0.19269063 0.18659769 0.14689302 0.21335655 0.15321738 0.13187288 0.119126976 0.15708888 0.18648997 0.14928006 0.15764454 0.21066985 0.16265595 0.16708681 0.21262628 0.2052783 0.16467579 0.14211237 0.22885634 0.17843133 0.18177874 0.15235838 0.15327446 0.16896732 0.21384118 0.14295414 0.15409602 0.1814365 0.17763118 0.15992755 0.19846736 0.13473639 0.17842354 0.17318192 0.16195767 0.11724305 0.17706718 0.17013615 0.15956916 0.16715573 0.17267123 0.1967211 0.15332167 0.11996405 0.19776042 0.14155811 0.1854683 0.17713514 0.16926648 0.16878901 0.10894374 0.17834054 0.12895776 0.16532263 0.17881775 0.17717542 0.17030752 0.1740927 0.18226853 0.1466303 0.19416942 0.16246931 0.16050836 0.15897441 0.14024453 0.17963609 0.23491801 0.19626729 0.15504979 0.18819939 0.14460315 0.12563464 0.16001166 0.1652672 0.14512247 0.17838632 0.12565292 0.14882497 0.17026122 0.16162753 0.1427228 0.1961066 0.15842605 0.15865666 0.1955681 0.1664451 0.15553801 0.16239849 0.18127427 0.1661854 0.11270947 0.1535591 0.16638358 0.16080894 0.16840513 0.15321216 0.15169482 0.2247829 0.16706589 0.16556193 0.15084054 0.17763273 0.18660681 0.18965591 0.13158686 0.21313158 0.17783229 0.19437276 0.18123189 0.18761379 0.16476452 0.1663708 0.13049528 0.1444703 0.15117049 0.16694103 0.19045673 0.16062681 0.164055 0.21014132 0.15840825 0.16707848 0.16537519 0.1561791 0.1842043 0.1752802 0.1486397 0.14892189 0.14724816 0.17000808 0.1878846 0.16946252 0.18086815 0.16737685 0.16711536 0.15113734 0.18186592 0.1720645 0.1575114 0.17685986 0.13497746 0.106166594 0.1889342 0.18080173 0.15411884 0.18370181 0.16521269 0.17926843 0.17506379 0.20584969 0.18387862 0.1683987 0.1601227 0.1599531 0.18222885 0.21266747 0.16026631 0.15559208 0.18119167 0.18152405 0.19347304 0.13883461 0.21408933 0.16627951 0.14793858 0.1594542 0.15096295 0.16550885 0.17552401 0.15653831 0.15828751 0.13846397 0.13920222 0.16108096 0.16829038 0.18407351 0.17958888 0.1928848 0.16490573 0.15050468 0.18496105 0.20906292 0.17225303 0.1937534 0.15536518 0.21666451 0.17440176 0.21028247 0.19492318 0.16823392 0.16524604 0.13215607 0.14443786 0.19173437 0.14477184 0.14476119 0.19377272 0.17010015 0.121147506 0.1628302 0.16249935 0.16324842 0.13760033 0.19075231 0.15572023 0.14499457 0.18052956 0.20047162 0.19187723 0.15002483 0.1914009 0.21485893 0.16047563 0.15083869 0.16614713 0.14712204 0.18594153 0.14871119 0.21024102 0.16570422 0.20723616 0.14275278 0.18490642 0.15809536 0.15353416,0.18290094 0.13568918 0.15226829 0.15419662 0.14489017 0.19152693 0.13059793 0.17363875 0.20128852 0.1492949 0.17574686 0.17316446 0.17270923 0.19820227 0.2719304 0.16474913 0.22352798 0.17583455 0.16874367 0.1699821 0.17655484 0.20926471 0.19938336 0.16668302 0.18596841 0.15183708 0.19348435 0.15395924 0.14370708 0.1628438 0.16348916 0.19266711 0.18657492 0.1468751 0.2133305 0.15319867 0.13185678 0.11911243 0.15706971 0.1864672 0.14926185 0.1576253 0.21064413 0.1626361 0.16706641 0.21260032 0.20525326 0.1646557 0.14209503 0.2288284 0.17840955 0.18175656 0.15233979 0.15325575 0.1689467 0.21381508 0.14293669 0.15407722 0.18141435 0.1776095 0.15990803 0.19844313 0.13471994 0.17840175 0.17316078 0.16193789 0.11722874 0.17704557 0.17011538 0.15954968 0.16713533 0.17265016 0.1966971 0.15330297 0.11994941 0.1977363 0.14154083 0.18544567 0.17711353 0.16924581 0.1687684 0.10893044 0.17831878 0.12894203 0.16530246 0.17879593 0.1771538 0.17028673 0.17407145 0.18224628 0.1466124 0.19414572 0.1624495 0.16048878 0.15895501 0.14022742 0.17961417 0.23488934 0.19624333 0.15503086 0.18817641 0.14458549 0.1256193 0.15999213 0.16524704 0.14510477 0.17836455 0.12563759 0.14880681 0.17024043 0.16160782 0.14270538 0.19608267 0.15840672 0.15863729 0.19554424 0.1664248 0.15551902 0.16237867 0.18125215 0.16616511 0.11269572 0.15354037 0.16636328 0.16078931 0.16838458 0.15319346 0.1516763 0.22475547 0.16704549 0.16554172 0.15082212 0.17761105 0.18658403 0.18963276 0.13157082 0.21310557 0.17781058 0.19434904 0.18120976 0.1875909 0.1647444 0.1663505 0.13047935 0.14445268 0.15115204 0.16692066 0.19043349 0.16060722 0.16403499 0.21011567 0.15838891 0.16705808 0.165355 0.15616004 0.18418182 0.17525882 0.14862154 0.14890373 0.1472302 0.16998732 0.18786167 0.16944183 0.18084607 0.16735642 0.16709498 0.15111889 0.18184371 0.1720435 0.15749218 0.17683826 0.13496098 0.10615364 0.18891114 0.18077967 0.15410003 0.1836794 0.16519253 0.17924656 0.17504242 0.20582457 0.18385617 0.16837814 0.16010314 0.15993358 0.1822066 0.21264152 0.16024676 0.15557308 0.18116955 0.18150191 0.19344944 0.13881767 0.2140632 0.16625921 0.14792053 0.15943474 0.15094452 0.16548866 0.1755026 0.1565192 0.15826818 0.13844708 0.13918523 0.16106129 0.16826983 0.18405105 0.17956696 0.19286127 0.16488561 0.15048632 0.18493848 0.20903741 0.172232 0.19372976 0.15534621 0.21663806 0.17438047 0.21025681 0.19489938 0.16821338 0.16522586 0.13213994 0.14442024 0.19171096 0.14475419 0.14474353 0.19374907 0.1700794 0.12113272 0.16281034 0.16247952 0.1632285 0.13758354 0.19072902 0.15570122 0.14497688 0.18050754 0.20044716 0.1918538 0.15000653 0.19137755 0.21483272 0.16045603 0.15082027 0.16612686 0.14710408 0.18591884 0.14869304 0.21021536 0.165684 0.20721085 0.14273536 0.18488385 0.15807606 0.15351541,0.0014401649 0.0010684187 0.0011989629 0.0012141466 0.0011408675 0.0015080861 0.0010283302 0.0013672343 0.001584949 0.0011755504 0.0013838335 0.0013634997 0.0013599151 0.0015606477 0.0021411842 0.0012972372 0.0017600629 0.001384524 0.0013286903 0.0013384417 0.0013901956 0.0016477536 0.0015699477 0.0013124647 0.0014643183 0.0011955675 0.0015234988 0.0012122776 0.0011315518 0.0012822346 0.0012873162 0.0015170638 0.0014690938 0.0011564968 0.0016797677 0.0012062888 0.0010382424 0.0009378932 0.0012367694 0.0014682456 0.0011752901 0.0012411441 0.0016586152 0.0012805993 0.0013154836 0.0016740182 0.0016161674 0.0012965016 0.0011188585 0.0018017985 0.0014047996 0.001431154 0.0011995259 0.0012067382 0.001330289 0.0016835833 0.0011254858 0.0012132064 0.0014284594 0.0013985 0.0012591183 0.0015625444 0.0010607869 0.0014047382 0.0013634707 0.0012751016 0.0009230609 0.0013940596 0.0013394912 0.0012562968 0.0013160262 0.00135945 0.0015487961 0.00120711 0.0009444835 0.0015569787 0.0011144946 0.0014602022 0.0013945948 0.0013326441 0.0013288851 0.00085772 0.001404085 0.0010152915 0.0013015942 0.001407842 0.0013949118 0.0013408404 0.0013706413 0.0014350101 0.0011544283 0.0015287065 0.0012791299 0.0012636912 0.0012516142 0.0011041529 0.0014142848 0.0018495223 0.001545223 0.0012207155 0.001481704 0.0011384684 0.0009891284 0.0012597805 0.0013011578 0.0011425572 0.0014044453 0.0009892724 0.0011717072 0.0013404759 0.0012725025 0.0011236644 0.001543958 0.001247297 0.0012491125 0.0015397185 0.0013104315 0.0012245593 0.0012785723 0.0014271823 0.0013083867 0.0008873678 0.0012089793 0.0013099471 0.0012660576 0.0013258628 0.0012062477 0.0011943015 0.001769728 0.0013153189 0.0013034781 0.0011875757 0.0013985123 0.0014691656 0.0014931713 0.0010359907 0.0016779966 0.0014000833 0.0015303073 0.0014268485 0.0014770937 0.0012972001 0.0013098464 0.0010273964 0.0011374226 0.0011901736 0.001314336 0.0014994763 0.0012646237 0.0012916141 0.0016544542 0.0012471568 0.0013154179 0.0013020078 0.0012296067 0.0014502506 0.0013799907 0.0011702484 0.0011724703 0.0011592929 0.0013384828 0.0014792257 0.0013341877 0.0014239848 0.0013177671 0.0013157085 0.0011899126 0.0014318402 0.0013546733 0.0012400958 0.0013924272 0.0010626849 0.00083585543 0.0014874893 0.001423462 0.0012133861 0.0014462945 0.0013007285 0.0014113903 0.0013782867 0.0016206659 0.0014476865 0.0013258122 0.0012606547 0.0012593196 0.0014346977 0.0016743427 0.0012617855 0.0012249849 0.0014265319 0.001429149 0.0015232239 0.0010930526 0.0016855369 0.0013091277 0.0011647287 0.0012553916 0.0011885396 0.0013030603 0.0013819102 0.0012324346 0.0012462061 0.0010901345 0.0010959468 0.0012681991 0.0013249593 0.0014492209 0.0014139131 0.0015185927 0.0012983119 0.0011849316 0.0014562084 0.0016459639 0.0013561575 0.0015254312 0.0012231985 0.0017058115 0.0013730745 0.0016555655 0.0015346408 0.0013245149 0.001300991 0.001040472 0.0011371672 0.0015095351 0.0011397967 0.0011397129 0.0015255832 0.0013392079 0.0009538009 0.0012819712 0.0012793663 0.0012852638 0.0010833349 0.0015018033 0.0012259939 0.0011415503 0.0014213192 0.0015783241 0.0015106599 0.0011811538 0.0015069098 0.0016915962 0.0012634334 0.0011875612 0.0013080855 0.0011582999 0.0014639279 0.0011708114 0.001655239 0.0013045984 0.0016315816 0.0011239005 0.0014557784 0.0012446934 0.0012087828,
429,256,,,0.0051682214 0.0051682214 0.0051682214 0.0051682214 0.0051682214 0.0051682214 0.0051682214 0.0051682214 0.0051682214 0.0051682214 0.0051682214 0.0051682214 0.0051682214 0.0051682214 0.0051682214 0.0051682214 0.0051682214 0.0051682214 0.0051682214 0.0051682214 0.0051682214 0.0051682214 0.0051682214 0.0051682214 0.0051682214 0.0051682214 0.0051682214 0.0051682214 0.0051682214 0.0051682214 0.0051682214 0.0051682214 0.0051682214 0.0051682214 0.0051682214 0.0051682214 0.0051682214 0.0051682214 0.0051682214 0.0051682214 0.0051682214 0.0051682214 0.0051682214 0.0051682214 0.0051682214 0.0051682214 0.0051682214 0.0051682214 0.0051682214 0.0051682214 0.0051682214 0.0051682214 0.0051682214 0.0051682214 0.0051682214 0.0051682214 0.0051682214 0.0051682214 0.0051682214 0.0051682214 0.0051682214 0.0051682214 0.0051682214 0.0051682214 0.0051682214 0.0051682214 0.0051682214 0.0051682214 0.0051682214 0.0051682214 0.0051682214 0.0051682214 0.0051682214 0.0051682214 0.0051682214 0.0051682214 0.0051682214 0.0051682214 0.0051682214 0.0051682214 0.0051682214 0.0051682214 0.0051682214 0.0051682214 0.0051682214 0.0051682214 0.0051682214 0.0051682214 0.0051682214 0.0051682214 0.0051682214 0.0051682214 0.0051682214 0.0051682214 0.0051682214 0.0051682214 0.0051682214 0.0051682214 0.0051682214 0.0051682214 0.0051682214 0.0051682214 0.0051682214 0.0051682214 0.0051682214 0.0051682214 0.0051682214 0.0051682214 0.0051682214 0.0051682214 0.0051682214 0.0051682214 0.0051682214 0.0051682214 0.0051682214 0.0051682214 0.0051682214 0.0051682214 0.0051682214 0.0051682214 0.0051682214 0.0051682214 0.0051682214 0.0051682214 0.0051682214 0.0051682214 0.0051682214 0.0051682214 0.0051682214 0.0051682214 0.0051682214 0.0051682214 0.0051682214 0.0051682214 0.0051682214 0.0051682214 0.0051682214 0.0051682214 0.0051682214 0.0051682214 0.0051682214 0.0051682214 0.0051682214 0.0051682214 0.0051682214 0.0051682214 0.0051682214 0.0051682214 0.0051682214 0.0051682214 0.0051682214 0.0051682214 0.0051682214 0.0051682214 0.0051682214 0.0051682214 0.0051682214 0.0051682214 0.0051682214 0.0051682214 0.0051682214 0.0051682214 0.0051682214 0.0051682214 0.0051682214 0.0051682214 0.0051682214 0.0051682214 0.0051682214 0.0051682214 0.0051682214 0.0051682214 0.0051682214 0.0051682214 0.0051682214 0.0051682214 0.0051682214 0.0051682214 0.0051682214 0.0051682214 0.0051682214 0.0051682214 0.0051682214 0.0051682214 0.0051682214 0.0051682214 0.0051682214 0.0051682214 0.0051682214 0.0051682214 0.0051682214 0.0051682214 0.0051682214 0.0051682214 0.0051682214 0.0051682214 0.0051682214 0.0051682214 0.0051682214 0.0051682214 0.0051682214 0.0051682214 0.0051682214 0.0051682214 0.0051682214 0.0051682214 0.0051682214 0.0051682214 0.0051682214 0.0051682214 0.0051682214 0.0051682214 0.0051682214 0.0051682214 0.0051682214 0.0051682214 0.0051682214 0.0051682214 0.0051682214 0.0051682214 0.0051682214 0.0051682214 0.0051682214 0.0051682214 0.0051682214 0.0051682214 0.0051682214 0.0051682214 0.0051682214 0.0051682214 0.0051682214 0.0051682214 0.0051682214 0.0051682214 0.0051682214 0.0051682214 0.0051682214 0.0051682214 0.0051682214 0.0051682214 0.0051682214 0.0051682214 0.0051682214 0.0051682214 0.0051682214 0.0051682214 0.0051682214 0.0051682214 0.0051682214 0.0051682214 0.0051682214 0.0051682214 0.0051682214 0.0051682214 0.0051682214 0.0051682214,14 14 14 14 14 14 14 14 14 14 14 14 14 14 13 14 14 14 14 14 14 14 14 14 14 14 14 14 14 14 14 14 14 14 14 14 14 15 14 14 14 14 14 14 14 14 14 14 14 14 14 14 14 14 14 14 14 14 14 14 14 14 14 14 14 14 15 14 14 14 14 14 14 14 15 14 14 14 14 14 14 15 14 14 14 14 14 14 14 14 14 14 14 14 14 14 14 14 14 14 14 14 14 14 14 14 14 14 14 14 14 14 14 14 14 14 14 14 14 14 14 15 14 14 14 14 14 14 14 14 14 14 14 14 14 14 14 14 14 14 14 14 14 14 14 14 14 14 14 14 14 14 14 14 14 14 14 14 14 14 14 14 14 14 14 14 14 14 14 14 14 14 15 14 14 14 14 14 14 14 14 14 14 14 14 14 14 14 14 14 14 14 14 14 14 14 14 14 14 14 14 14 14 14 14 14 14 14 14 14 14 14 14 14 14 14 14 14 14 14 14 14 14 14 14 14 14 14 14 15 14 14 14 14 14 14 14 14 14 14 14 14 14 14 14 14 14 14 14 14 14 14 14 14 14 14
439,1x1x512x128,0.17205706 0.15101896 0.13156529 0.16465485 0.124872945 0.14081278 0.12493397 0.1212305 0.15068616 0.16480274 0.18595591 0.17494184 0.116378024 0.1659751 0.10762198 0.16271059 0.2279112 0.17199919 0.13904685 0.14381458 0.13468635 0.13728552 0.14800869 0.11933761 0.11815487 0.15616488 0.15705468 0.16756868 0.16086903 0.20210958 0.17461215 0.14348704 0.135539 0.13696909 0.12552318 0.18302082 0.1440629 0.13708316 0.16124332 0.18412381 0.15872525 0.13785261 0.14788228 0.11606952 0.16816173 0.11574888 0.14327651 0.18436036 0.14993401 0.13467574 0.13530143 0.15499496 0.12247485 0.16493654 0.17814825 0.19339107 0.12579998 0.13877694 0.13683264 0.14365295 0.15671611 0.1763552 0.11186206 0.14207344 0.104236476 0.14967258 0.15906094 0.12156025 0.13449028 0.12494046 0.14132108 0.11905005 0.12442505 0.11689532 0.10829141 0.13376592 0.11041621 0.12665029 0.10566728 0.10484012 0.16651453 0.12354015 0.11443759 0.12324989 0.14040032 0.12916532 0.12041843 0.14102626 0.11296277 0.13873513 0.12198109 0.15795325 0.12530202 0.13841559 0.104822464 0.11923693 0.13032326 0.11309365 0.17767979 0.10628031 0.19623217 0.16663498 0.11874131 0.10895535 0.11688125 0.15259585 0.11164186 0.14793971 0.12042459 0.12447862 0.10131609 0.16739164 0.1304637 0.13093764 0.12537034 0.10297972 0.10702485 0.11077255 0.15722123 0.106535025 0.09819906 0.11645393 0.121262826 0.114242435 0.10873634 0.15150425 0.10123637 0.15824623,0.17203607 0.15100053 0.13154924 0.16463476 0.1248577 0.14079559 0.12491872 0.1212157 0.15066777 0.16478264 0.18593322 0.17492048 0.116363816 0.16595483 0.10760885 0.16269074 0.2278834 0.1719782 0.13902988 0.14379703 0.13466991 0.13726875 0.14799063 0.119323045 0.118140444 0.15614583 0.1570355 0.16754822 0.1608494 0.2020849 0.17459084 0.14346953 0.13552245 0.13695237 0.12550786 0.18299848 0.14404532 0.13706644 0.16122365 0.18410134 0.15870588 0.13783579 0.14786424 0.116055354 0.16814122 0.115734756 0.14325902 0.18433785 0.14991571 0.1346593 0.13528492 0.15497604 0.1224599 0.16491641 0.17812651 0.19336747 0.12578462 0.13876002 0.13681595 0.14363542 0.15669699 0.17633367 0.11184841 0.14205611 0.10422375 0.14965431 0.15904154 0.12154542 0.13447386 0.12492522 0.14130382 0.11903552 0.12440987 0.11688106 0.10827819 0.1337496 0.11040274 0.12663482 0.10565438 0.10482732 0.1664942 0.123525076 0.11442362 0.123234846 0.14038318 0.12914956 0.12040373 0.14100905 0.11294898 0.1387182 0.121966206 0.15793398 0.12528673 0.1383987 0.10480967 0.11922238 0.13030735 0.113079846 0.17765811 0.10626734 0.19620822 0.16661465 0.11872682 0.10894206 0.11686699 0.15257722 0.11162824 0.14792167 0.1204099 0.12446343 0.10130373 0.16737121 0.13044778 0.13092165 0.12535504 0.10296715 0.10701179 0.11075903 0.15720205 0.10652202 0.09818708 0.11643972 0.12124802 0.11422849 0.108723074 0.15148576 0.10122401 0.15822692,0.0013546147 0.0011889805 0.0010358208 0.0012963368 0.0009831315 0.0011086267 0.000983612 0.00095445436 0.0011863604 0.0012975011 0.0014640411 0.0013773267 0.0009162505 0.0013067309 0.0008473138 0.0012810294 0.0017943574 0.0013541591 0.0010947235 0.0011322601 0.001060393 0.0010808563 0.0011652806 0.0009395515 0.00093023974 0.0012294947 0.0012365 0.0013192773 0.0012665307 0.0015912197 0.0013747311 0.0011296814 0.0010671059 0.0010783651 0.0009882508 0.0014409329 0.0011342152 0.0010792633 0.0012694775 0.0014496169 0.0012496526 0.0010853212 0.0011642853 0.0009138217 0.0013239466 0.0009112973 0.0011280237 0.0014514792 0.0011804387 0.0010603095 0.0010652356 0.0012202838 0.00096425123 0.0012985545 0.001402571 0.0015225785 0.0009904301 0.0010925985 0.001077291 0.0011309875 0.0012338345 0.0013884541 0.0008806961 0.001118552 0.00082065945 0.0011783805 0.0012522956 0.00095705054 0.0010588493 0.0009836631 0.0011126285 0.0009372876 0.0009796052 0.0009203233 0.0008525842 0.0010531464 0.0008693129 0.0009971246 0.00083192426 0.000825412 0.001310978 0.0009726384 0.0009009734 0.00097035314 0.0011053794 0.0010169257 0.0009480609 0.0011103074 0.000889362 0.0010922693 0.00096036383 0.0012435747 0.0009865097 0.0010897536 0.000825273 0.0009387589 0.0010260422 0.00089039246 0.0013988827 0.0008367507 0.0015449467 0.0013119264 0.0009348568 0.00085781154 0.00092021254 0.0012013954 0.0008789625 0.0011647375 0.00094810943 0.000980027 0.00079766713 0.0013178836 0.0010271479 0.0010308791 0.0009870476 0.00081076496 0.0008426125 0.00087211834 0.0012378114 0.0008387561 0.0007731266 0.0009168482 0.00095470884 0.0008994369 0.0008560872 0.0011928013 0.0007970395 0.0012458813,
440,128,,,0.0056379763 0.0056379763 0.0056379763 0.0056379763 0.0056379763 0.0056379763 0.0056379763 0.0056379763 0.0056379763 0.0056379763 0.0056379763 0.0056379763 0.0056379763 0.0056379763 0.0056379763 0.0056379763 0.0056379763 0.0056379763 0.0056379763 0.0056379763 0.0056379763 0.0056379763 0.0056379763 0.0056379763 0.0056379763 0.0056379763 0.0056379763 0.0056379763 0.0056379763 0.0056379763 0.0056379763 0.0056379763 0.0056379763 0.0056379763 0.0056379763 0.0056379763 0.0056379763 0.0056379763 0.0056379763 0.0056379763 0.0056379763 0.0056379763 0.0056379763 0.0056379763 0.0056379763 0.0056379763 0.0056379763 0.0056379763 0.0056379763 0.0056379763 0.0056379763 0.0056379763 0.0056379763 0.0056379763 0.0056379763 0.0056379763 0.0056379763 0.0056379763 0.0056379763 0.0056379763 0.0056379763 0.0056379763 0.0056379763 0.0056379763 0.0056379763 0.0056379763 0.0056379763 0.0056379763 0.0056379763 0.0056379763 0.0056379763 0.0056379763 0.0056379763 0.0056379763 0.0056379763 0.0056379763 0.0056379763 0.0056379763 0.0056379763 0.0056379763 0.0056379763 0.0056379763 0.0056379763 0.0056379763 0.0056379763 0.0056379763 0.0056379763 0.0056379763 0.0056379763 0.0056379763 0.0056379763 0.0056379763 0.0056379763 0.0056379763 0.0056379763 0.0056379763 0.0056379763 0.0056379763 0.0056379763 0.0056379763 0.0056379763 0.0056379763 0.0056379763 0.0056379763 0.0056379763 0.0056379763 0.0056379763 0.0056379763 0.0056379763 0.0056379763 0.0056379763 0.0056379763 0.0056379763 0.0056379763 0.0056379763 0.0056379763 0.0056379763 0.0056379763 0.0056379763 0.0056379763 0.0056379763 0.0056379763 0.0056379763 0.0056379763 0.0056379763 0.0056379763 0.0056379763 0.0056379763,14 14 14 14 14 14 14 15 14 14 14 14 15 14 15 14 14 14 14 14 14 14 14 15 15 14 14 14 14 14 14 14 14 14 14 14 14 14 14 14 14 14 14 15 14 15 14 14 14 14 14 14 15 14 14 14 14 14 14 14 14 14 15 14 15 14 14 15 14 14 14 15 14 15 15 14 15 14 15 15 14 15 15 15 14 14 15 14 15 14 15 14 14 14 15 15 14 15 14 15 14 14 15 15 15 14 15 14 15 14 15 14 14 14 14 15 15 15 14 15 15 15 15 15 15 14 15 14
449,1x1x64x32,0.38633683 0.26695952 0.3098992 0.35005012 0.35543105 0.3690802 0.4163898 0.3552173 0.3564134 0.2676263 0.31309363 0.35389757 0.32222894 0.44568726 0.34526265 0.3320568 0.2797977 0.33575672 0.30255863 0.33626485 0.28696847 0.27459508 0.4679653 0.3221332 0.3031456 0.32271376 0.2659779 0.3340252 0.58075386 0.29358247 0.36309978 0.3324115,0.3862897 0.26692694 0.3098614 0.35000739 0.35538766 0.36903512 0.41633898 0.35517398 0.3563699 0.26759362 0.31305543 0.3538544 0.32218963 0.44563287 0.3452205 0.33201626 0.27976355 0.33571574 0.3025217 0.3362238 0.28693345 0.27456155 0.46790817 0.3220939 0.30310857 0.3226744 0.26594543 0.33398443 0.580683 0.29354665 0.36305547 0.33237094,0.003041651 0.002101787 0.0024398535 0.0027559637 0.002798328 0.0029057884 0.0032782597 0.0027966455 0.0028060623 0.0021070363 0.0024650034 0.002786255 0.0025369262 0.0035089203 0.0027182717 0.0026143012 0.0022028626 0.002643431 0.0023820607 0.0026474316 0.0022593185 0.002161902 0.0036843163 0.0025361725 0.0023866817 0.0025407432 0.0020940586 0.0026297986 0.004572307 0.0023113908 0.0028587044 0.002617094,
450,32,,,0.005168222 0.005168222 0.005168222 0.005168222 0.005168222 0.005168222 0.005168222 0.005168222 0.005168222 0.005168222 0.005168222 0.005168222 0.005168222 0.005168222 0.005168222 0.005168222 0.005168222 0.005168222 0.005168222 0.005168222 0.005168222 0.005168222 0.005168222 0.005168222 0.005168222 0.005168222 0.005168222 0.005168222 0.005168222 0.005168222 0.005168222 0.005168222,15 15 15 15 15 15 15 15 15 15 15 15 15 15 15 15 15 15 15 15 15 15 15 15 15 15 15 15 14 15 15 15
455,3x3x32x32,0.1705495 0.17306937 0.18884793 0.20754987 0.14158504 0.21202649 0.27794075 0.24407758 0.20955305 0.35793048 0.18896766 0.28359282 0.3397501 0.25915736 0.23518178 0.25985143 0.22530477 0.25454772 0.17024274 0.14657733 0.19397974 0.22827294 0.21119213 0.19439621 0.17632353 0.2743935 0.18159784 0.1999172 0.29215902 0.16691606 0.20013472 0.25996083,0.17052868 0.17304824 0.18882489 0.20752454 0.14156777 0.21200061 0.27790684 0.24404779 0.20952748 0.35788682 0.18894461 0.2835582 0.33970863 0.25912574 0.23515308 0.25981972 0.22527727 0.25451663 0.17022195 0.14655943 0.19395608 0.2282451 0.21116637 0.19437249 0.17630202 0.27436003 0.18157567 0.19989279 0.29212335 0.16689569 0.2001103 0.25992912,0.0013427455 0.0013625846 0.0014868102 0.0016340514 0.0011147069 0.0016692962 0.0021882427 0.0019216362 0.0016498227 0.0028180066 0.0014877528 0.0022327416 0.0026748711 0.0020403601 0.0018515991 0.0020458244 0.0017738368 0.0020040679 0.0013403303 0.0011540112 0.0015272133 0.0017972054 0.0016627273 0.0015304921 0.0013882049 0.0021603152 0.0014297297 0.001573959 0.0023001838 0.0013141392 0.0015756717 0.002046686,
456,32,,,0.005168222 0.005168222 0.005168222 0.005168222 0.005168222 0.005168222 0.005168222 0.005168222 0.005168222 0.005168222 0.005168222 0.005168222 0.005168222 0.005168222 0.005168222 0.005168222 0.005168222 0.005168222 0.005168222 0.005168222 0.005168222 0.005168222 0.005168222 0.005168222 0.005168222 0.005168222 0.005168222 0.005168222 0.005168222 0.005168222 0.005168222 0.005168222,15 15 15 15 15 15 14 15 15 14 15 14 14 14 15 14 15 14 15 15 15 15 15 15 15 14 15 15 14 15 15 14
461,3x3x32x32,0.23047204 0.21714462 0.14388575 0.14762677 0.14887229 0.16790032 0.20408762 0.13873805 0.1941661 0.17941318 0.1838014 0.130147 0.23441452 0.17260076 0.22237149 0.15427646 0.13675787 0.13885242 0.2642222 0.2101324 0.16221163 0.16805878 0.18598644 0.12578872 0.17410935 0.1797384 0.19694689 0.20303133 0.19072491 0.15924713 0.20488732 0.17525701,0.23044392 0.21711811 0.14386818 0.14760876 0.1488541 0.16787983 0.2040627 0.13872111 0.1941424 0.17939128 0.18377896 0.13013111 0.23438591 0.1725797 0.22234435 0.15425764 0.13674118 0.13883547 0.26418996 0.21010676 0.16219184 0.16803826 0.18596375 0.12577337 0.1740881 0.17971647 0.19692285 0.20300655 0.19070163 0.1592277 0.20486231 0.17523561,0.001814519 0.0017095915 0.0011328203 0.0011622737 0.0011720796 0.0013218884 0.0016067929 0.0010922921 0.0015286803 0.0014125297 0.0014470784 0.0010246544 0.0018455583 0.0013588953 0.0017507429 0.0012146271 0.0010767021 0.0010931927 0.0020802359 0.001654384 0.0012771011 0.0013231359 0.0014642815 0.0009903415 0.0013707725 0.0014150903 0.0015505736 0.0015984768 0.0015015877 0.0012537615 0.0016130891 0.001379808,
462,32,,,0.004961525 0.004961525 0.004961525 0.004961525 0.004961525 0.004961525 0.004961525 0.004961525 0.004961525 0.004961525 0.004961525 0.004961525 0.004961525 0.004961525 0.004961525 0.004961525 0.004961525 0.004961525 0.004961525 0.004961525 0.004961525 0.004961525 0.004961525 0.004961525 0.004961525 0.004961525 0.004961525 0.004961525 0.004961525 0.004961525 0.004961525 0.004961525,15 15 15 15 15 15 15 15 15 15 15 15 15 15 15 15 15 15 14 15 15 15 15 15 15 15 15 15 15 15 15 15
470,3x3x32x32,0.1709273 0.24381067 0.20197248 0.18232776 0.18123579 0.20279007 0.19319217 0.34941822 0.25719446 0.1949077 0.21527489 0.1857949 0.19988273 0.16693641 0.18645933 0.25145143 0.18904363 0.1782162 0.18655999 0.14355847 0.17828391 0.20054384 0.22270292 0.22607371 0.16423526 0.22214982 0.2067643 0.24556987 0.1873709 0.17327616 0.16631244 0.17645133,0.17090644 0.24378091 0.20194784 0.1823055 0.18121366 0.20276532 0.1931686 0.34937558 0.25716308 0.1948839 0.21524861 0.18577224 0.19985834 0.16691604 0.18643658 0.25142077 0.18902054 0.17819446 0.18653722 0.14354096 0.17826216 0.20051935 0.22267574 0.22604613 0.16421522 0.2221227 0.20673905 0.2455399 0.18734804 0.17325501 0.16629215 0.1764298,0.00134572 0.0019195348 0.0015901405 0.0014354764 0.0014268792 0.0015965772 0.0015210125 0.0027509888 0.0020249062 0.0015345189 0.001694871 0.0014627735 0.0015736877 0.0013142995 0.0014680045 0.001979691 0.0014883508 0.001403106 0.001468797 0.0011302438 0.0014036391 0.0015788926 0.0017533522 0.0017798907 0.0012930332 0.0017489976 0.0016278665 0.001933385 0.0014751814 0.0013642127 0.0013093869 0.0013892109,
471,32,,,0.0051682214 0.0051682214 0.0051682214 0.0051682214 0.0051682214 0.0051682214 0.0051682214 0.0051682214 0.0051682214 0.0051682214 0.0051682214 0.0051682214 0.0051682214 0.0051682214 0.0051682214 0.0051682214 0.0051682214 0.0051682214 0.0051682214 0.0051682214 0.0051682214 0.0051682214 0.0051682214 0.0051682214 0.0051682214 0.0051682214 0.0051682214 0.0051682214 0.0051682214 0.0051682214 0.0051682214 0.0051682214,15 15 15 15 15 15 15 14 14 15 15 15 15 15 15 14 15 15 15 15 15 15 15 15 15 15 15 15 15 15 15 15
476,3x3x32x32,0.14548686 0.14187394 0.16664273 0.1414276 0.1522516 0.16385241 0.13875219 0.25318155 0.1738424 0.15127403 0.1604891 0.18419205 0.15177283 0.15796955 0.18404642 0.17230505 0.14754032 0.19054385 0.19234474 0.31914943 0.14285493 0.19406141 0.24645111 0.13186333 0.14440832 0.23405948 0.14757496 0.22478506 0.15732901 0.12768275 0.17701623 0.17397887,0.14546911 0.14185663 0.16662239 0.14141034 0.15223302 0.16383241 0.13873525 0.25315064 0.17382118 0.15125556 0.1604695 0.18416958 0.1517543 0.15795027 0.18402395 0.17228402 0.1475223 0.1905206 0.19232126 0.31911048 0.1428375 0.19403772 0.24642102 0.13184723 0.1443907 0.23403092 0.14755696 0.22475763 0.15730982 0.12766717 0.17699462 0.17395763,0.0011454261 0.0011169813 0.0013119873 0.0011134673 0.0011986851 0.001290019 0.0010924035 0.001993312 0.0013686707 0.0011909887 0.0012635394 0.0014501541 0.0011949157 0.0012437028 0.0014490074 0.0013565671 0.0011615929 0.0015001622 0.0015143406 0.002512681 0.0011247047 0.0015278561 0.001940323 0.0010381672 0.0011369346 0.0018427632 0.0011618658 0.0017697451 0.00123866 0.0010052533 0.0013936585 0.0013697451,
477,32,,,0.006201664 0.006201664 0.006201664 0.006201664 0.006201664 0.006201664 0.006201664 0.006201664 0.006201664 0.006201664 0.006201664 0.006201664 0.006201664 0.006201664 0.006201664 0.006201664 0.006201664 0.006201664 0.006201664 0.006201664 0.006201664 0.006201664 0.006201664 0.006201664 0.006201664 0.006201664 0.006201664 0.006201664 0.006201664 0.006201664 0.006201664 0.006201664,14 14 14 14 14 14 14 13 14 14 14 14 14 14 14 14 14 14 14 13 14 14 14 14 14 14 14 14 14 14 14 14
485,1x1x64x32,0.4793968 0.37997234 0.42136943 0.43013734 0.49502376 0.52303135 0.51346606 0.45334536 0.45559183 0.45111847 0.37527004 0.42894474 0.3852603 0.28478423 0.35390484 0.4034938 0.41914535 0.33548704 0.3405937 0.39230505 0.4760051 0.41431853 0.40984952 0.37130895 0.3924438 0.42790034 0.3680531 0.40232185 0.39131853 0.47769767 0.35084894 0.4975277,0.4793383 0.37992597 0.42131802 0.43008482 0.49496335 0.5229675 0.51340336 0.45329002 0.45553625 0.4510634 0.37522426 0.4288924 0.38521332 0.28474948 0.35386166 0.40344453 0.41909418 0.3354461 0.34055215 0.39225715 0.47594702 0.414268 0.4097995 0.37126365 0.3923959 0.4278481 0.3680082 0.40227276 0.39127076 0.47763938 0.35080615 0.49746695,0.0037743172 0.0029915432 0.0033174648 0.0033864947 0.0038973491 0.0041178544 0.0040425463 0.0035692127 0.0035868995 0.0035516804 0.0029545217 0.0033771056 0.0030331756 0.0022421218 0.0027863123 0.0031767285 0.003299954 0.002641308 0.002681513 0.0030886391 0.0037476143 0.0032619527 0.0032267675 0.0029233359 0.0030897316 0.0033688827 0.0028977024 0.003167502 0.0030808721 0.00376094 0.0027622532 0.0039170627,
486,32,,,0.0053928886 0.0053928886 0.0053928886 0.0053928886 0.0053928886 0.0053928886 0.0053928886 0.0053928886 0.0053928886 0.0053928886 0.0053928886 0.0053928886 0.0053928886 0.0053928886 0.0053928886 0.0053928886 0.0053928886 0.0053928886 0.0053928886 0.0053928886 0.0053928886 0.0053928886 0.0053928886 0.0053928886 0.0053928886 0.0053928886 0.0053928886 0.0053928886 0.0053928886 0.0053928886 0.0053928886 0.0053928886,15 15 15 15 15 14 14 15 15 15 15 15 15 15 15 15 15 15 15 15 15 15 15 15 15 15 15 15 15 15 15 14
494,1x1x64x64,0.46742558 0.45709395 0.5365247 0.54575795 0.6714725 0.5169511 0.40749133 0.5301643 0.69928586 0.64919406 0.45502257 0.65451026 0.59778833 0.5797733 0.45813382 0.5049117 0.56721 0.56946295 0.44699618 0.44291186 0.633604 0.55362815 0.40229213 0.4952496 0.609725 0.5827711 0.6483531 0.5536187 0.7442094 0.5531936 0.47725824 0.45395607 0.35903317 0.51723397 0.58578247 0.46738312 0.48455948 0.63588774 0.5117881 0.5377721 0.45702037 0.53155714 0.493806 0.40013692 0.60352665 0.5249235 0.4919431 0.4914398 0.55021304 0.50588524 0.50664103 0.5182404 0.4717501 0.52166986 0.696607 0.6623279 0.44237447 0.43857175 0.70591295 0.49471486 0.60047686 0.63774157 0.4722674 0.43143347,0.46736854 0.45703816 0.53645927 0.5456913 0.67139053 0.51688796 0.40744162 0.53009963 0.6992005 0.64911485 0.45496702 0.6544304 0.5977154 0.57970256 0.4580779 0.5048501 0.56714076 0.56939346 0.4469416 0.44285783 0.6335266 0.5535606 0.40224302 0.49518916 0.60965055 0.5827 0.648274 0.5535512 0.7441186 0.55312616 0.47719997 0.45390067 0.35898936 0.51717085 0.58571094 0.46732607 0.48450032 0.63581014 0.5117256 0.5377065 0.45696458 0.53149223 0.49374574 0.4000881 0.60345304 0.5248594 0.49188307 0.4913798 0.5501459 0.5058235 0.50657916 0.51817715 0.47169253 0.5216062 0.69652194 0.66224706 0.4423205 0.43851823 0.70582676 0.49465448 0.60040355 0.6376637 0.47220975 0.43138084,0.0036800674 0.0035987257 0.0042240885 0.004296782 0.0052865394 0.004069984 0.0032082016 0.0041740127 0.0055055157 0.0051111407 0.0035824175 0.005152995 0.0047064205 0.004564587 0.0036069127 0.0039751977 0.0044656754 0.004483413 0.0035192254 0.0034870696 0.0049883984 0.004358745 0.003167268 0.0038991272 0.004800398 0.004588189 0.00510452 0.0043586707 0.0058592013 0.004355324 0.00375748 0.003574021 0.0028266879 0.004072211 0.0046118973 0.0036797328 0.0038149632 0.005006379 0.0040293355 0.0042339093 0.0035981464 0.004184978 0.0038877618 0.0031503001 0.004751599 0.0041327514 0.0038730951 0.0038691324 0.004331858 0.003982862 0.003988812 0.004080135 0.0037141144 0.0041071353 0.0054844245 0.005214544 0.0034828386 0.0034528994 0.005557691 0.0038949172 0.004727587 0.005020974 0.003718187 0.0033966994,
495,64,,,0.005637976 0.005637976 0.005637976 0.005637976 0.005637976 0.005637976 0.005637976 0.005637976 0.005637976 0.005637976 0.005637976 0.005637976 0.005637976 0.005637976 0.005637976 0.005637976 0.005637976 0.005637976 0.005637976 0.005637976 0.005637976 0.005637976 0.005637976 0.005637976 0.005637976 0.005637976 0.005637976 0.005637976 0.005637976 0.005637976 0.005637976 0.005637976 0.005637976 0.005637976 0.005637976 0.005637976 0.005637976 0.005637976 0.005637976 0.005637976 0.005637976 0.005637976 0.005637976 0.005637976 0.005637976 0.005637976 0.005637976 0.005637976 0.005637976 0.005637976 0.005637976 0.005637976 0.005637976 0.005637976 0.005637976 0.005637976 0.005637976 0.005637976 0.005637976 0.005637976 0.005637976 0.005637976 0.005637976 0.005637976,15 15 14 14 14 14 15 14 14 14 15 14 14 14 15 14 14 14 15 15 14 14 15 14 14 14 14 14 14 14 15 15 15 14 14 15 15 14 14 14 15 14 15 15 14 14 15 15 14 14 14 14 15 14 14 14 15 15 14 15 14 14 15 15
504,1x1x192x128,0.18834431 0.24430856 0.21794952 0.3253754 0.28161508 0.28161538 0.32054073 0.26515976 0.19125736 0.20835625 0.18926457 0.19275028 0.24588129 0.3297955 0.24537691 0.33959436 0.25224555 0.22778642 0.26426023 0.23288137 0.2246219 0.20405667 0.33987352 0.28158203 0.20518632 0.26243964 0.25292856 0.23439223 0.25802544 0.2059873 0.22086978 0.27440283 0.26785547 0.29075602 0.24309574 0.24219963 0.23381343 0.26856285 0.272057 0.33395228 0.25844282 0.25245702 0.21604629 0.22415106 0.20547004 0.24923393 0.2166087 0.252771 0.22339368 0.25822 0.29577774 0.23823899 0.21296768 0.21933013 0.21112826 0.2511432 0.24899094 0.17519996 0.23476478 0.2589691 0.2489261 0.16638616 0.29135194 0.24075708 0.24550268 0.21463522 0.2555058 0.25363728 0.2086241 0.21078394 0.20068605 0.21688579 0.28204226 0.2759483 0.24916825 0.33146432 0.27826664 0.252819 0.1846009 0.30487058 0.2196648 0.26389992 0.21870446 0.2376376 0.23424426 0.22594513 0.25226796 0.21734546 0.20597085 0.2409988 0.23015419 0.20771919 0.26547804 0.25178474 0.22899823 0.30455914 0.2658199 0.25643882 0.21964285 0.20796391 0.22638002 0.2536906 0.30816883 0.19125257 0.25203946 0.2914065 0.18641606 0.2557398 0.27398628 0.26246366 0.20753144 0.24343792 0.289952 0.21809821 0.22194755 0.22165638 0.23458946 0.21289113 0.22016682 0.2942058 0.263342 0.2393793 0.2673402 0.21943296 0.22588716 0.23013216 0.3486428 0.29361612,0.18832134 0.24427874 0.21792293 0.32533568 0.28158072 0.281581 0.32050163 0.2651274 0.19123401 0.20833081 0.18924147 0.19272676 0.24585128 0.32975528 0.24534698 0.33955294 0.25221476 0.22775863 0.264228 0.23285294 0.2245945 0.20403177 0.33983204 0.28154767 0.20516127 0.26240763 0.2528977 0.23436363 0.25799397 0.20596217 0.22084282 0.27436936 0.26782277 0.29072055 0.24306607 0.24217008 0.2337849 0.26853007 0.2720238 0.33391154 0.25841126 0.2524262 0.21601991 0.2241237 0.20544496 0.24920352 0.21658227 0.25274014 0.22336642 0.25818846 0.29574165 0.23820992 0.21294169 0.21930335 0.2111025 0.25111252 0.24896055 0.17517857 0.23473614 0.25893748 0.24889573 0.16636586 0.2913164 0.2407277 0.24547273 0.21460903 0.2554746 0.25360635 0.20859864 0.21075821 0.20066157 0.21685931 0.28200784 0.2759146 0.24913785 0.33142385 0.2782327 0.25278813 0.18457837 0.30483335 0.21963799 0.26386774 0.21867777 0.23760858 0.23421566 0.22591755 0.25223717 0.21731894 0.20594572 0.24096939 0.2301261 0.20769385 0.26544565 0.25175402 0.22897027 0.30452198 0.26578748 0.25640753 0.21961604 0.20793854 0.2263524 0.25365964 0.30813122 0.19122922 0.2520087 0.29137093 0.18639332 0.25570858 0.27395284 0.26243162 0.20750612 0.2434082 0.2899166 0.2180716 0.22192046 0.22162932 0.23456082 0.21286516 0.22013995 0.2941699 0.26330984 0.2393501 0.26730758 0.21940619 0.2258596 0.23010407 0.34860027 0.29358026,0.0014828452 0.0019234547 0.0017159285 0.0025616982 0.002217171 0.0022171733 0.0025236348 0.0020876173 0.0015057796 0.0016404 0.0014900903 0.0015175336 0.0019358369 0.0025964982 0.0019318659 0.0026736453 0.001985943 0.001793375 0.0020805353 0.0018334877 0.0017684606 0.0016065494 0.0026758427 0.0022169107 0.0016154432 0.0020662018 0.0019913206 0.001845383 0.0020314485 0.0016217494 0.0017389199 0.0021603887 0.0021088407 0.0022891383 0.0019139061 0.0019068511 0.001840826 0.00211441 0.0021419197 0.0026292247 0.0020347342 0.001987608 0.0017009442 0.0017647536 0.0016176768 0.0019622324 0.0017053722 0.0019900799 0.0017587907 0.0020329799 0.0023286743 0.0018756686 0.0016767062 0.001726798 0.0016622244 0.001977264 0.0019603192 0.0013793588 0.001848316 0.0020388777 0.0019598089 0.0013099674 0.0022938298 0.0018954936 0.0019328562 0.0016898349 0.002011611 0.0019969004 0.001642509 0.0016595135 0.0015800124 0.0017075536 0.0022205343 0.002172556 0.0019617153 0.0026096366 0.0021908085 0.0019904578 0.001453373 0.0024002625 0.001729433 0.0020776987 0.0017218722 0.0018709337 0.0018442178 0.0017788784 0.0019861194 0.0017111728 0.0016216198 0.0018973968 0.0018120165 0.0016353846 0.0020901232 0.001982315 0.0018029156 0.0023978108 0.0020928148 0.002018957 0.0017292602 0.0016373113 0.0017823023 0.00199732 0.00242623 0.001505742 0.0019843206 0.0022942594 0.0014676639 0.0020134533 0.002157109 0.0020663908 0.0016339065 0.0019166 0.0022828078 0.0017170992 0.0017474052 0.0017451128 0.0018469356 0.0016761036 0.0017333855 0.0023162984 0.002073306 0.0018846464 0.0021047841 0.0017276078 0.001778422 0.0018118431 0.002744884 0.0023116556,
505,128,,,0.0065280003 0.0065280003 0.0065280003 0.0065280003 0.0065280003 0.0065280003 0.0065280003 0.0065280003 0.0065280003 0.0065280003 0.0065280003 0.0065280003 0.0065280003 0.0065280003 0.0065280003 0.0065280003 0.0065280003 0.0065280003 0.0065280003 0.0065280003 0.0065280003 0.0065280003 0.0065280003 0.0065280003 0.0065280003 0.0065280003 0.0065280003 0.0065280003 0.0065280003 0.0065280003 0.0065280003 0.0065280003 0.0065280003 0.0065280003 0.0065280003 0.0065280003 0.0065280003 0.0065280003 0.0065280003 0.0065280003 0.0065280003 0.0065280003 0.0065280003 0.0065280003 0.0065280003 0.0065280003 0.0065280003 0.0065280003 0.0065280003 0.0065280003 0.0065280003 0.0065280003 0.0065280003 0.0065280003 0.0065280003 0.0065280003 0.0065280003 0.0065280003 0.0065280003 0.0065280003 0.0065280003 0.0065280003 0.0065280003 0.0065280003 0.0065280003 0.0065280003 0.0065280003 0.0065280003 0.0065280003 0.0065280003 0.0065280003 0.0065280003 0.0065280003 0.0065280003 0.0065280003 0.0065280003 0.0065280003 0.0065280003 0.0065280003 0.0065280003 0.0065280003 0.0065280003 0.0065280003 0.0065280003 0.0065280003 0.0065280003 0.0065280003 0.0065280003 0.0065280003 0.0065280003 0.0065280003 0.0065280003 0.0065280003 0.0065280003 0.0065280003 0.0065280003 0.0065280003 0.0065280003 0.0065280003 0.0065280003 0.0065280003 0.0065280003 0.0065280003 0.0065280003 0.0065280003 0.0065280003 0.0065280003 0.0065280003 0.0065280003 0.0065280003 0.0065280003 0.0065280003 0.0065280003 0.0065280003 0.0065280003 0.0065280003 0.0065280003 0.0065280003 0.0065280003 0.0065280003 0.0065280003 0.0065280003 0.0065280003 0.0065280003 0.0065280003 0.0065280003 0.0065280003 0.0065280003,15 15 15 14 14 14 14 14 15 15 15 15 15 14 15 14 14 15 14 15 15 15 14 14 15 14 14 15 14 15 15 14 14 14 15 15 15 14 14 14 14 14 15 15 15 14 15 14 15 14 14 15 15 15 15 14 14 15 15 14 14 15 14 15 15 15 14 14 15 15 15 15 14 14 14 14 14 14 15 14 15 14 15 15 15 15 14 15 15 15 15 15 14 14 15 14 14 14 15 15 15 14 14 15 14 14 15 14 14 14 15 15 14 15 15 15 15 15 15 14 14 15 14 15 15 15 14 14
510,3x3x128x128,0.055985663 0.061359867 0.091321126 0.059700564 0.08528643 0.07380365 0.09371941 0.06991923 0.06231564 0.059351053 0.062754266 0.051926773 0.06836704 0.06351168 0.054469764 0.06660729 0.07888313 0.06861472 0.043304663 0.051500328 0.07337559 0.07892495 0.077496834 0.077115424 0.057836335 0.07759608 0.07173751 0.07722091 0.0650255 0.06350041 0.06296444 0.07319538 0.06769955 0.0684371 0.06737404 0.06734498 0.07817378 0.06943773 0.054745033 0.06718432 0.056576557 0.09656734 0.08424982 0.07031638 0.054870773 0.06284314 0.064353816 0.084603325 0.07555504 0.061866656 0.08214619 0.0888898 0.061642755 0.060030267 0.066848814 0.060034674 0.07141005 0.06718032 0.05501105 0.060892742 0.05940203 0.083163254 0.08183599 0.05813282 0.072720446 0.07653153 0.052312844 0.054854143 0.053819895 0.05466088 0.072316155 0.06936316 0.07673172 0.059002176 0.057813413 0.07444757 0.04835064 0.06774921 0.05494312 0.058995042 0.0782161 0.06767713 0.055214237 0.06870138 0.07368484 0.06605793 0.071175754 0.06175308 0.07308094 0.06694223 0.057835836 0.0660997 0.0454617 0.067689046 0.067845486 0.05846889 0.070652395 0.07259469 0.056275267 0.06981808 0.04997075 0.048818335 0.07005497 0.0602399 0.052638017 0.05947407 0.079572715 0.07002157 0.05991853 0.061455697 0.06376862 0.068082094 0.04502471 0.058126718 0.063848 0.072232366 0.06883265 0.07564909 0.06504186 0.055831444 0.059245676 0.05959142 0.061724264 0.06907662 0.07883858 0.080359586 0.081508234 0.06851524,0.05597883 0.06135238 0.09130998 0.059693277 0.08527602 0.07379464 0.09370797 0.06991069 0.062308032 0.059343807 0.06274661 0.051920436 0.0683587 0.06350392 0.054463115 0.06659916 0.0788735 0.06860635 0.04329938 0.051494043 0.073366635 0.07891531 0.07748737 0.077106014 0.05782928 0.07758661 0.07172876 0.077211484 0.065017566 0.06349266 0.06295675 0.07318645 0.06769129 0.06842875 0.067365825 0.06733676 0.078164235 0.06942925 0.05473835 0.06717612 0.05656965 0.09655555 0.084239535 0.0703078 0.05486408 0.06283546 0.06434596 0.084593 0.075545825 0.061859105 0.08213617 0.08887895 0.06163523 0.060022943 0.066840656 0.06002735 0.07140134 0.06717212 0.055004336 0.06088531 0.05939478 0.083153106 0.081826 0.058125723 0.07271157 0.076522194 0.05230646 0.05484745 0.053813327 0.05465421 0.07230733 0.0693547 0.07672235 0.058994975 0.057806358 0.07443848 0.04834474 0.06774095 0.054936413 0.058987845 0.078206554 0.06766888 0.0552075 0.06869299 0.07367585 0.06604987 0.07116707 0.061745543 0.07307202 0.066934064 0.05782878 0.06609164 0.04545615 0.06768079 0.0678372 0.05846175 0.07064377 0.07258583 0.0562684 0.06980956 0.04996465 0.048812374 0.070046425 0.060232546 0.05263159 0.05946681 0.079563 0.070013024 0.059911218 0.061448194 0.06376084 0.06807379 0.045019217 0.058119625 0.0638402 0.07222355 0.06882425 0.07563986 0.06503392 0.05582463 0.059238445 0.05958415 0.06171673 0.069068186 0.07882895 0.08034977 0.08149829 0.068506874,0.00044077818 0.0004830896 0.0007189762 0.0004700258 0.0006714647 0.0005810602 0.00073785806 0.0005504779 0.00049061445 0.00046727408 0.0004940678 0.00040882232 0.0005382575 0.0005000309 0.00042884343 0.0005244028 0.0006210512 0.00054020743 0.00034094 0.0004054649 0.00057769 0.0006213804 0.0006101368 0.00060713396 0.00045534867 0.0006109182 0.00056479336 0.00060796447 0.00051194936 0.0004999422 0.00049572246 0.00057627127 0.00053300225 0.00053880905 0.00053043955 0.00053021073 0.00061546644 0.000546687 0.00043101065 0.0005289458 0.0004454303 0.00076027995 0.0006633034 0.00055360474 0.0004320006 0.00049476745 0.00050666113 0.0006660866 0.000594849 0.00048707955 0.0006467415 0.00069983426 0.00048531676 0.00047262158 0.00052630436 0.0004726563 0.0005622153 0.00052891433 0.00043310501 0.0004794119 0.00046767545 0.0006547489 0.0006442992 0.00045768285 0.00057253207 0.00060253695 0.00041186187 0.00043186967 0.00042372697 0.00043034813 0.0005693491 0.00054609997 0.00060411304 0.00046452737 0.00045516816 0.0005861298 0.00038066725 0.0005333933 0.00043257017 0.00046447123 0.0006157996 0.0005328258 0.0004347047 0.0005408897 0.0005801248 0.0005200777 0.0005603706 0.00048618537 0.0005753703 0.00052703987 0.00045534474 0.00052040664 0.00035792243 0.0005329196 0.0005341512 0.00046032877 0.00055625016 0.00057154195 0.0004430583 0.0005496816 0.00039342247 0.0003843494 0.00055154663 0.000474272 0.000414422 0.0004682426 0.0006264803 0.00055128365 0.00047174186 0.00048384405 0.0005020539 0.0005360141 0.00035448204 0.00045763483 0.00050267874 0.0005686894 0.0005419232 0.00059558946 0.0005120781 0.00043956403 0.00046644444 0.00046916652 0.0004859585 0.000543844 0.0006207004 0.00063267536 0.0006417188 0.0005394242,
511,128,,,0.0062016635 0.0062016635 0.0062016635 0.0062016635 0.0062016635 0.0062016635 0.0062016635 0.0062016635 0.0062016635 0.0062016635 0.0062016635 0.0062016635 0.0062016635 0.0062016635 0.0062016635 0.0062016635 0.0062016635 0.0062016635 0.0062016635 0.0062016635 0.0062016635 0.0062016635 0.0062016635 0.0062016635 0.0062016635 0.0062016635 0.0062016635 0.0062016635 0.0062016635 0.0062016635 0.0062016635 0.0062016635 0.0062016635 0.0062016635 0.0062016635 0.0062016635 0.0062016635 0.0062016635 0.0062016635 0.0062016635 0.0062016635 0.0062016635 0.0062016635 0.0062016635 0.0062016635 0.0062016635 0.0062016635 0.0062016635 0.0062016635 0.0062016635 0.0062016635 0.0062016635 0.0062016635 0.0062016635 0.0062016635 0.0062016635 0.0062016635 0.0062016635 0.0062016635 0.0062016635 0.0062016635 0.0062016635 0.0062016635 0.0062016635 0.0062016635 0.0062016635 0.0062016635 0.0062016635 0.0062016635 0.0062016635 0.0062016635 0.0062016635 0.0062016635 0.0062016635 0.0062016635 0.0062016635 0.0062016635 0.0062016635 0.0062016635 0.0062016635 0.0062016635 0.0062016635 0.0062016635 0.0062016635 0.0062016635 0.0062016635 0.0062016635 0.0062016635 0.0062016635 0.0062016635 0.0062016635 0.0062016635 0.0062016635 0.0062016635 0.0062016635 0.0062016635 0.0062016635 0.0062016635 0.0062016635 0.0062016635 0.0062016635 0.0062016635 0.0062016635 0.0062016635 0.0062016635 0.0062016635 0.0062016635 0.0062016635 0.0062016635 0.0062016635 0.0062016635 0.0062016635 0.0062016635 0.0062016635 0.0062016635 0.0062016635 0.0062016635 0.0062016635 0.0062016635 0.0062016635 0.0062016635 0.0062016635 0.0062016635 0.0062016635 0.0062016635 0.0062016635 0.0062016635 0.0062016635,15 15 14 15 14 14 14 14 14 15 14 15 14 14 15 14 14 14 15 15 14 14 14 14 15 14 14 14 14 14 14 14 14 14 14 14 14 14 15 14 15 14 14 14 15 14 14 14 14 15 14 14 15 15 14 15 14 14 15 15 15 14 14 15 14 14 15 15 15 15 14 14 14 15 15 14 15 14 15 15 14 14 15 14 14 14 14 15 14 14 15 14 15 14 14 15 14 14 15 14 15 15 14 15 15 15 14 14 15 15 14 14 15 15 14 14 14 14 14 15 15 15 15 14 14 14 14 14
519,1x1x384x256,0.2155182 0.17993212 0.16832292 0.19146052 0.24116157 0.24506976 0.1981689 0.17094663 0.16790247 0.17851624 0.20021047 0.20992477 0.2698335 0.21851026 0.20686671 0.17631955 0.23173876 0.23778567 0.20691788 0.22654705 0.2553656 0.17693013 0.24103025 0.19970284 0.23796307 0.23720852 0.246644 0.19287422 0.23660575 0.19513588 0.18095973 0.23695433 0.17683268 0.21869569 0.20500214 0.21761312 0.2048896 0.22831623 0.25486618 0.17394067 0.17445447 0.16810213 0.21990423 0.22917862 0.23499663 0.22042827 0.14490032 0.22202253 0.18219106 0.24540298 0.29521385 0.30025342 0.20893157 0.24069795 0.15992002 0.16225965 0.21245663 0.20414098 0.19115257 0.17239718 0.19173315 0.21777816 0.1958514 0.22721778 0.21903935 0.16017626 0.23429848 0.18180281 0.20356937 0.2383891 0.15941785 0.25449395 0.18367313 0.2550773 0.1719758 0.17858562 0.21066046 0.19651544 0.18705922 0.24766888 0.2027364 0.17843673 0.19390519 0.25972614 0.23712564 0.24396196 0.17443715 0.24387763 0.18820694 0.19161381 0.23105988 0.26375178 0.18425341 0.21661556 0.18845023 0.19689889 0.21491629 0.18922912 0.22913066 0.23634543 0.2427087 0.20833899 0.24431749 0.17836538 0.17564484 0.1780611 0.23701368 0.1902949 0.23959704 0.18117157 0.19143328 0.20733482 0.17278664 0.18728146 0.23967667 0.14736341 0.21507397 0.18291146 0.1825558 0.21003732 0.18840511 0.18970594 0.2059333 0.2051056 0.2075022 0.21537048 0.18868288 0.1880598 0.15838245 0.16315657 0.19537406 0.17445116 0.13716269 0.1769444 0.13532834 0.18577379 0.1663862 0.14244518 0.27539307 0.15096214 0.14105879 0.15224966 0.17102668 0.15092425 0.20074274 0.1993342 0.12612277 0.15439296 0.14363424 0.18882696 0.13754547 0.1721705 0.13406059 0.17063245 0.22365128 0.21912302 0.17481294 0.17265454 0.19231556 0.15198258 0.17836578 0.16222905 0.15200849 0.18888885 0.19056708 0.14475304 0.17762575 0.14896908 0.17016561 0.16522853 0.12579806 0.21496658 0.17457183 0.23431201 0.26140866 0.12721153 0.14982562 0.13903557 0.14634247 0.12891667 0.20886143 0.15143119 0.22263616 0.1752105 0.15660805 0.13100724 0.16648114 0.19358294 0.13732153 0.1490712 0.22369875 0.19450007 0.17935188 0.19089514 0.13168351 0.14196512 0.18314208 0.17405832 0.25172323 0.14465752 0.24844666 0.1425065 0.16069035 0.16524002 0.11430802 0.15850544 0.17364222 0.16423047 0.1244056 0.11712221 0.15284616 0.19987622 0.19278596 0.18308745 0.1662357 0.13076028 0.17206313 0.18948962 0.17032434 0.12831084 0.1389182 0.14445926 0.13025263 0.16947472 0.123517625 0.10368271 0.1433464 0.14852788 0.14176047 0.2058892 0.21349514 0.14203319 0.19782262 0.1554116 0.13532788 0.13872935 0.16481824 0.14109558 0.13542499 0.1412153 0.1774129 0.18170102 0.1708938 0.17682166 0.17198828 0.17469142 0.12050627 0.15880847 0.1519332 0.18690738 0.1298248 0.18879853 0.121305145 0.23766801 0.13449176 0.17584537,0.2154919 0.17991017 0.16830239 0.19143716 0.24113214 0.24503985 0.19814472 0.17092577 0.16788198 0.17849445 0.20018604 0.20989914 0.26980057 0.2184836 0.20684147 0.17629804 0.23171048 0.23775664 0.20689264 0.22651939 0.25533447 0.17690854 0.24100083 0.19967848 0.23793402 0.23717958 0.2466139 0.1928507 0.23657687 0.19511206 0.18093765 0.23692542 0.17681108 0.218669 0.20497712 0.21758655 0.20486459 0.22828837 0.2548351 0.17391945 0.17443317 0.16808161 0.21987739 0.22915065 0.23496796 0.22040136 0.14488265 0.22199543 0.18216883 0.24537303 0.29517782 0.3002168 0.20890607 0.24066857 0.15990052 0.16223985 0.2124307 0.20411606 0.19112925 0.17237614 0.19170974 0.21775159 0.1958275 0.22719005 0.21901262 0.16015671 0.23426989 0.18178062 0.20354453 0.23836 0.1593984 0.2544629 0.1836507 0.2550462 0.17195481 0.17856383 0.21063474 0.19649145 0.1870364 0.24763864 0.20271164 0.17841494 0.19388153 0.25969446 0.2370967 0.24393219 0.17441587 0.24384786 0.18818396 0.19159041 0.23103167 0.2637196 0.18423092 0.21658912 0.18842722 0.19687487 0.21489006 0.18920602 0.2291027 0.23631659 0.24267907 0.20831355 0.24428767 0.17834361 0.17562342 0.17803936 0.23698476 0.19027169 0.23956779 0.18114945 0.19140992 0.20730951 0.17276555 0.1872586 0.23964742 0.14734542 0.21504772 0.18288913 0.18253352 0.21001169 0.18838212 0.1896828 0.20590818 0.20508057 0.20747687 0.21534419 0.18865985 0.18803686 0.15836312 0.16313665 0.19535021 0.17442986 0.13714594 0.17692281 0.13531181 0.18575111 0.1663659 0.1424278 0.27535948 0.15094371 0.14104156 0.15223108 0.17100582 0.15090583 0.20071824 0.19930989 0.12610738 0.15437411 0.1436167 0.18880391 0.13752867 0.1721495 0.13404423 0.17061162 0.22362399 0.21909629 0.17479162 0.17263347 0.1922921 0.15196404 0.17834401 0.16220926 0.15198994 0.1888658 0.19054383 0.14473538 0.17760406 0.1489509 0.17014486 0.16520837 0.1257827 0.21494035 0.17455053 0.23428342 0.26137674 0.127196 0.14980733 0.13901861 0.14632462 0.12890093 0.20883594 0.15141271 0.22260898 0.17518912 0.15658894 0.13099125 0.16646081 0.1935593 0.13730478 0.149053 0.22367145 0.19447634 0.17932999 0.19087183 0.13166744 0.1419478 0.18311973 0.17403708 0.2516925 0.14463988 0.24841633 0.1424891 0.16067074 0.16521984 0.11429407 0.1584861 0.17362103 0.16421042 0.124390416 0.11710791 0.1528275 0.19985183 0.19276243 0.1830651 0.1662154 0.13074432 0.17204213 0.18946649 0.17030355 0.12829518 0.13890126 0.14444163 0.13023673 0.16945404 0.12350255 0.10367005 0.1433289 0.14850974 0.14174317 0.20586407 0.21346909 0.14201584 0.19779848 0.15539263 0.13531135 0.13871242 0.16479813 0.14107837 0.13540846 0.14119807 0.17739125 0.18167885 0.17087296 0.17680009 0.1719673 0.17467012 0.120491564 0.1587891 0.15191464 0.18688457 0.12980895 0.18877548 0.12129034 0.23763901 0.13447534 0.17582391,0.0016967866 0.0014166154 0.0013252157 0.0015073792 0.0018986783 0.0019294476 0.0015601947 0.0013458722 0.0013219054 0.0014054681 0.0015762681 0.0016527491 0.002124414 0.0017203433 0.0016286729 0.0013881736 0.001824492 0.0018720995 0.0016290759 0.0017836173 0.0020105075 0.0013929806 0.0018976444 0.0015722715 0.0018734962 0.0018675558 0.0019418418 0.0015185094 0.00186281 0.0015363154 0.0014247058 0.0018655545 0.0013922133 0.0017218031 0.0016139931 0.0017132799 0.001613107 0.0017975462 0.0020065757 0.0013694445 0.0013734895 0.0013234772 0.0017313181 0.0018043359 0.0018501414 0.0017354438 0.0011408082 0.0017479955 0.0014344002 0.001932071 0.0023242347 0.0023639118 0.0016449296 0.001895028 0.0012590592 0.0012774791 0.0016726827 0.001607213 0.0015049548 0.0013572924 0.0015095256 0.0017145794 0.0015419488 0.001788898 0.0017245088 0.0012610764 0.0018446448 0.0014313435 0.0016027128 0.0018768504 0.0012551056 0.0020036448 0.0014460685 0.0020082376 0.0013539749 0.0014060144 0.0016585413 0.0015471767 0.0014727275 0.0019499105 0.0015961546 0.001404842 0.0015266262 0.0020448382 0.0018669032 0.0019207259 0.0013733533 0.0019200619 0.0014817634 0.0015085859 0.001819147 0.0020765322 0.0014506372 0.0017054261 0.0014836789 0.0015501959 0.0016920477 0.0014898112 0.0018039583 0.0018607606 0.0019108589 0.0016402642 0.001923525 0.0014042804 0.0013828615 0.0014018847 0.0018660218 0.0014982023 0.0018863606 0.0014263736 0.0015071647 0.0016323584 0.0013603587 0.0014744771 0.0018869876 0.0011602002 0.0016932891 0.001440072 0.0014372718 0.0016536354 0.0014833238 0.0014935653 0.0016213242 0.0016148076 0.0016336761 0.0016956235 0.0014855106 0.0014806052 0.0012469537 0.0012845405 0.0015381906 0.0013734635 0.0010798892 0.001393093 0.0010654473 0.0014626072 0.0013099677 0.0011214787 0.0021681848 0.0011885331 0.0011105635 0.0011986699 0.0013465025 0.0011882349 0.0015804586 0.0015693692 0.0009929715 0.0012155442 0.0011308402 0.001486645 0.0010829029 0.0013555079 0.0010554664 0.0013433986 0.0017608189 0.0017251676 0.001376312 0.0013593186 0.001514111 0.0011965672 0.0014042836 0.0012772382 0.0011967712 0.0014871323 0.0015003451 0.0011396487 0.0013984572 0.0011728418 0.0013397232 0.0013008533 0.000990415 0.0016924437 0.0013744136 0.0018447513 0.0020580846 0.0010015432 0.0011795853 0.0010946348 0.0011521623 0.0010149679 0.0016443775 0.0011922261 0.0017528266 0.0013794419 0.0012329838 0.0010314272 0.0013107151 0.001524089 0.00108114 0.0011736457 0.0017611926 0.0015313097 0.0014120472 0.0015029279 0.0010367514 0.0011176993 0.0014418876 0.0013703707 0.0019818307 0.0011388967 0.0019560342 0.0011219615 0.001265124 0.0013009437 0.0008999533 0.0012479221 0.0013670947 0.0012929954 0.000979452 0.0009221095 0.0012033662 0.0015736364 0.0015178145 0.0014414575 0.0013087827 0.0010294828 0.0013546625 0.0014918621 0.0013409728 0.0010101983 0.0010937108 0.0011373357 0.001025486 0.0013342837 0.0009724611 0.00081629964 0.001128574 0.001169368 0.0011160879 0.001620977 0.001680859 0.0011182349 0.0015574683 0.001223564 0.0010654437 0.0010922238 0.001297623 0.0011108533 0.0010662084 0.0011117958 0.0013967814 0.0014305421 0.0013454563 0.0013921267 0.0013540732 0.0013753553 0.00094875245 0.0012503079 0.0011961783 0.001471532 0.0010221177 0.0014864211 0.0009550421 0.0018711733 0.0010588609 0.0013844402,
520,256,,,0.005392889 0.005392889 0.005392889 0.005392889 0.005392889 0.005392889 0.005392889 0.005392889 0.005392889 0.005392889 0.005392889 0.005392889 0.005392889 0.005392889 0.005392889 0.005392889 0.005392889 0.005392889 0.005392889 0.005392889 0.005392889 0.005392889 0.005392889 0.005392889 0.005392889 0.005392889 0.005392889 0.005392889 0.005392889 0.005392889 0.005392889 0.005392889 0.005392889 0.005392889 0.005392889 0.005392889 0.005392889 0.005392889 0.005392889 0.005392889 0.005392889 0.005392889 0.005392889 0.005392889 0.005392889 0.005392889 0.005392889 0.005392889 0.005392889 0.005392889 0.005392889 0.005392889 0.005392889 0.005392889 0.005392889 0.005392889 0.005392889 0.005392889 0.005392889 0.005392889 0.005392889 0.005392889 0.005392889 0.005392889 0.005392889 0.005392889 0.005392889 0.005392889 0.005392889 0.005392889 0.005392889 0.005392889 0.005392889 0.005392889 0.005392889 0.005392889 0.005392889 0.005392889 0.005392889 0.005392889 0.005392889 0.005392889 0.005392889 0.005392889 0.005392889 0.005392889 0.005392889 0.005392889 0.005392889 0.005392889 0.005392889 0.005392889 0.005392889 0.005392889 0.005392889 0.005392889 0.005392889 0.005392889 0.005392889 0.005392889 0.005392889 0.005392889 0.005392889 0.005392889 0.005392889 0.005392889 0.005392889 0.005392889 0.005392889 0.005392889 0.005392889 0.005392889 0.005392889 0.005392889 0.005392889 0.005392889 0.005392889 0.005392889 0.005392889 0.005392889 0.005392889 0.005392889 0.005392889 0.005392889 0.005392889 0.005392889 0.005392889 0.005392889 0.005392889 0.005392889 0.005392889 0.005392889 0.005392889 0.005392889 0.005392889 0.005392889 0.005392889 0.005392889 0.005392889 0.005392889 0.005392889 0.005392889 0.005392889 0.005392889 0.005392889 0.005392889 0.005392889 0.005392889 0.005392889 0.005392889 0.005392889 0.005392889 0.005392889 0.005392889 0.005392889 0.005392889 0.005392889 0.005392889 0.005392889 0.005392889 0.005392889 0.005392889 0.005392889 0.005392889 0.005392889 0.005392889 0.005392889 0.005392889 0.005392889 0.005392889 0.005392889 0.005392889 0.005392889 0.005392889 0.005392889 0.005392889 0.005392889 0.005392889 0.005392889 0.005392889 0.005392889 0.005392889 0.005392889 0.005392889 0.005392889 0.005392889 0.005392889 0.005392889 0.005392889 0.005392889 0.005392889 0.005392889 0.005392889 0.005392889 0.005392889 0.005392889 0.005392889 0.005392889 0.005392889 0.005392889 0.005392889 0.005392889 0.005392889 0.005392889 0.005392889 0.005392889 0.005392889 0.005392889 0.005392889 0.005392889 0.005392889 0.005392889 0.005392889 0.005392889 0.005392889 0.005392889 0.005392889 0.005392889 0.005392889 0.005392889 0.005392889 0.005392889 0.005392889 0.005392889 0.005392889 0.005392889 0.005392889 0.005392889 0.005392889 0.005392889 0.005392889 0.005392889 0.005392889 0.005392889 0.005392889 0.005392889 0.005392889 0.005392889 0.005392889 0.005392889 0.005392889 0.005392889 0.005392889 0.005392889 0.005392889 0.005392889 0.005392889 0.005392889 0.005392889 0.005392889 0.005392889 0.005392889 0.005392889 0.005392889 0.005392889 0.005392889,14 14 14 14 14 14 14 14 14 14 14 14 13 14 14 14 14 14 14 14 13 14 14 14 14 14 14 14 14 14 14 14 14 14 14 14 14 14 13 14 14 14 14 14 14 14 14 14 14 14 13 13 14 14 14 14 14 14 14 14 14 14 14 14 14 14 14 14 14 14 14 13 14 13 14 14 14 14 14 13 14 14 14 13 14 14 14 14 14 14 14 13 14 14 14 14 14 14 14 14 14 14 14 14 14 14 14 14 14 14 14 14 14 14 14 14 14 14 14 14 14 14 14 14 14 14 14 14 14 14 14 14 14 14 14 14 14 14 13 14 14 14 14 14 14 14 14 14 14 14 14 14 14 14 14 14 14 14 14 14 14 14 14 14 14 14 14 14 14 14 14 14 14 14 13 14 14 14 14 14 14 14 14 14 14 14 14 14 14 14 14 14 14 14 14 14 14 14 13 14 13 14 14 14 15 14 14 14 14 15 14 14 14 14 14 14 14 14 14 14 14 14 14 14 15 15 14 14 14 14 14 14 14 14 14 14 14 14 14 14 14 14 14 14 14 14 15 14 14 14 14 14 15 14 14 14
529,1x1x128x64,0.20678005 0.17344746 0.24204051 0.20099488 0.1917855 0.20427719 0.20348166 0.16976991 0.21740894 0.246599 0.16790403 0.2511302 0.17079796 0.22795452 0.19869606 0.20851739 0.20936893 0.28412086 0.22715478 0.1706092 0.20115902 0.21758536 0.2680819 0.15926242 0.1681872 0.21464212 0.2188496 0.19947377 0.17968382 0.22976615 0.24824199 0.17377761 0.17919156 0.20014852 0.44057184 0.18878315 0.27646565 0.1721222 0.23793878 0.23677179 0.26418075 0.2194664 0.25509408 0.20036478 0.37780553 0.19049802 0.20582753 0.3204641 0.21164058 0.18359305 0.25735244 0.18829091 0.19693984 0.23987389 0.21420504 0.1962438 0.25722352 0.18412195 0.18259689 0.25969127 0.2306943 0.20399103 0.14746958 0.22622047,0.20675482 0.1734263 0.24201097 0.20097035 0.1917621 0.20425226 0.20345683 0.16974919 0.21738242 0.24656892 0.16788355 0.25109953 0.17077711 0.2279267 0.1986718 0.20849194 0.20934339 0.28408617 0.22712705 0.17058837 0.20113446 0.2175588 0.26804918 0.15924297 0.16816667 0.21461593 0.21882288 0.19944943 0.1796619 0.2297381 0.2482117 0.1737564 0.1791697 0.2001241 0.44051808 0.18876012 0.27643192 0.1721012 0.23790975 0.2367429 0.2641485 0.21943961 0.25506297 0.20034033 0.37775943 0.19047478 0.20580243 0.32042497 0.21161474 0.18357065 0.25732103 0.18826793 0.1969158 0.23984462 0.21417889 0.19621985 0.2571921 0.18409948 0.1825746 0.25965956 0.23066613 0.20396614 0.14745158 0.22619288,0.0016279907 0.0013655614 0.0019055982 0.0015824437 0.0015099378 0.0016082855 0.0016020223 0.0013366077 0.0017116725 0.0019414875 0.0013219176 0.0019771617 0.0013447016 0.0017946984 0.0015643449 0.0016416688 0.0016483731 0.002236899 0.001788402 0.0013432156 0.0015837359 0.0017130615 0.0021106235 0.0012538817 0.001324147 0.0016898892 0.0017230149 0.001570468 0.0014146606 0.0018089614 0.0019544228 0.0013681607 0.001410785 0.0015757803 0.0034686462 0.0014863001 0.0021766294 0.0013551275 0.0018733051 0.0018641173 0.0020799094 0.0017278709 0.00200837 0.0015774829 0.0029744837 0.0014998014 0.0016204915 0.0025230313 0.0016662579 0.0014454382 0.0020261498 0.0014824247 0.0015505182 0.0018885403 0.001686448 0.0015450382 0.0020251346 0.0014496022 0.0014375952 0.0020445634 0.0018162688 0.0016060326 0.0011610361 0.0017810463,
530,64,,,0.0051682214 0.0051682214 0.0051682214 0.0051682214 0.0051682214 0.0051682214 0.0051682214 0.0051682214 0.0051682214 0.0051682214 0.0051682214 0.0051682214 0.0051682214 0.0051682214 0.0051682214 0.0051682214 0.0051682214 0.0051682214 0.0051682214 0.0051682214 0.0051682214 0.0051682214 0.0051682214 0.0051682214 0.0051682214 0.0051682214 0.0051682214 0.0051682214 0.0051682214 0.0051682214 0.0051682214 0.0051682214 0.0051682214 0.0051682214 0.0051682214 0.0051682214 0.0051682214 0.0051682214 0.0051682214 0.0051682214 0.0051682214 0.0051682214 0.0051682214 0.0051682214 0.0051682214 0.0051682214 0.0051682214 0.0051682214 0.0051682214 0.0051682214 0.0051682214 0.0051682214 0.0051682214 0.0051682214 0.0051682214 0.0051682214 0.0051682214 0.0051682214 0.0051682214 0.0051682214 0.0051682214 0.0051682214 0.0051682214 0.0051682214,15 15 15 15 15 15 15 15 15 15 15 14 15 15 15 15 15 14 15 15 15 15 14 15 15 15 15 15 15 15 14 15 15 15 14 15 14 15 15 15 14 15 14 15 14 15 15 14 15 15 14 15 15 15 15 15 14 15 15 14 15 15 15 15
535,3x3x64x64,0.10486997 0.11517376 0.16609411 0.18389653 0.10883454 0.111578576 0.16680913 0.09873047 0.08004135 0.12148579 0.14786376 0.13036534 0.11658056 0.13269536 0.10662029 0.11551945 0.09620252 0.1287333 0.11086537 0.11154045 0.0919908 0.113972604 0.13795927 0.11673081 0.14182827 0.10081976 0.16873226 0.11523242 0.14535412 0.11260847 0.11019166 0.08542471 0.1256762 0.07945575 0.1278676 0.11271413 0.10173331 0.15896238 0.108437255 0.11836246 0.113705724 0.103498295 0.104509406 0.072491206 0.16819216 0.16662893 0.14511809 0.17112982 0.14751232 0.13982059 0.13415574 0.13071127 0.13660285 0.13919465 0.13678871 0.16891581 0.1155493 0.0999236 0.20144886 0.13243635 0.11279045 0.14020921 0.116323225 0.107287385,0.10485717 0.115159705 0.16607383 0.18387409 0.108821265 0.111564964 0.16678877 0.09871842 0.08003158 0.121470965 0.14784572 0.13034944 0.11656634 0.13267916 0.10660727 0.11550535 0.09619078 0.12871759 0.11085184 0.11152684 0.09197957 0.113958694 0.13794243 0.11671656 0.14181097 0.10080745 0.16871166 0.11521836 0.14533637 0.11259473 0.11017821 0.085414276 0.12566085 0.07944605 0.127852 0.112700365 0.10172089 0.15894298 0.10842402 0.11834801 0.113691844 0.10348566 0.10449665 0.072482355 0.16817163 0.1666086 0.14510038 0.17110895 0.14749432 0.13980353 0.13413937 0.13069533 0.13658617 0.13917767 0.136772 0.16889518 0.11553521 0.099911414 0.20142427 0.1324202 0.11277669 0.14019209 0.116309024 0.10727429,0.000825647 0.00090676936 0.0013076679 0.0014478274 0.00085686037 0.00087846426 0.0013132974 0.0007773104 0.00063016993 0.00095646427 0.0011641395 0.0010263736 0.0009178452 0.0010447179 0.00083942735 0.000909491 0.00075740775 0.0010135242 0.00087284914 0.0008781641 0.0007242486 0.00089731254 0.0010861609 0.00091902807 0.0011166218 0.0007937595 0.0013284383 0.00090723124 0.0011443809 0.0008865727 0.00086754496 0.0006725534 0.0009894555 0.0006255594 0.0010067086 0.0008874044 0.0008009519 0.0012515195 0.00085373246 0.0009318741 0.00089521136 0.0008148477 0.00082280824 0.0005707272 0.0013241861 0.0013118788 0.0011425227 0.0013473146 0.0011613725 0.0011008151 0.0010562155 0.0010290971 0.0010754816 0.0010958872 0.001076945 0.0013298834 0.000909726 0.00078670407 0.0015860179 0.0010426787 0.0008880054 0.0011038748 0.0009158191 0.0008446794,
536,64,,,0.0056379763 0.0056379763 0.0056379763 0.0056379763 0.0056379763 0.0056379763 0.0056379763 0.0056379763 0.0056379763 0.0056379763 0.0056379763 0.0056379763 0.0056379763 0.0056379763 0.0056379763 0.0056379763 0.0056379763 0.0056379763 0.0056379763 0.0056379763 0.0056379763 0.0056379763 0.0056379763 0.0056379763 0.0056379763 0.0056379763 0.0056379763 0.0056379763 0.0056379763 0.0056379763 0.0056379763 0.0056379763 0.0056379763 0.0056379763 0.0056379763 0.0056379763 0.0056379763 0.0056379763 0.0056379763 0.0056379763 0.0056379763 0.0056379763 0.0056379763 0.0056379763 0.0056379763 0.0056379763 0.0056379763 0.0056379763 0.0056379763 0.0056379763 0.0056379763 0.0056379763 0.0056379763 0.0056379763 0.0056379763 0.0056379763 0.0056379763 0.0056379763 0.0056379763 0.0056379763 0.0056379763 0.0056379763 0.0056379763 0.0056379763,15 15 14 14 15 15 14 15 15 15 14 14 15 14 15 15 15 14 15 15 15 15 14 15 14 15 14 15 14 15 15 15 14 15 14 15 15 14 15 15 15 15 15 15 14 14 14 14 14 14 14 14 14 14 14 14 15 15 14 14 15 14 15 15
541,3x3x64x64,0.11157274 0.122989945 0.14896934 0.10699175 0.099712454 0.13607587 0.12155513 0.11162012 0.14548554 0.11528375 0.11746427 0.09699223 0.120844856 0.09742811 0.11420233 0.15832135 0.15468585 0.08619339 0.09242351 0.12299246 0.09277586 0.12209965 0.11381124 0.117495455 0.1112264 0.1503226 0.09811317 0.086216316 0.12396008 0.17283441 0.11245995 0.12442053 0.13606021 0.0957437 0.107721895 0.0971357 0.10213339 0.12504514 0.118134856 0.08842561 0.096179135 0.113814235 0.12329121 0.12243708 0.11705795 0.09209962 0.12873296 0.14085096 0.10378822 0.09995434 0.11958874 0.095888935 0.09174706 0.11779625 0.109526314 0.13603216 0.14143807 0.10520175 0.12570505 0.12451995 0.16538258 0.121724814 0.09111476 0.10679258,0.11155913 0.12297494 0.14895116 0.1069787 0.09970028 0.13605925 0.12154029 0.11160649 0.14546779 0.115269676 0.11744993 0.0969804 0.120830104 0.09741622 0.114188395 0.15830204 0.15466698 0.08618287 0.09241223 0.12297746 0.09276454 0.12208475 0.11379735 0.11748112 0.11121283 0.15030426 0.0981012 0.086205795 0.123944946 0.17281333 0.112446226 0.12440535 0.1360436 0.09573201 0.107708745 0.09712385 0.10212093 0.12502988 0.11812044 0.08841481 0.09616739 0.11380034 0.12327617 0.122422144 0.11704366 0.09208839 0.12871724 0.14083378 0.10377555 0.09994213 0.119574144 0.09587724 0.09173586 0.11778188 0.10951295 0.13601556 0.1414208 0.10518891 0.12568972 0.12450476 0.16536239 0.12170996 0.091103636 0.10677954,0.00087841833 0.0009683066 0.0011728437 0.000842352 0.00078504154 0.0010713327 0.0009570102 0.00087879127 0.0011454157 0.00090763526 0.0009248026 0.0007636252 0.00095141813 0.0007670569 0.0008991212 0.0012464727 0.0012178503 0.0006786053 0.00072765537 0.00096832647 0.0007304295 0.00096129725 0.00089604215 0.0009250482 0.00087569153 0.0011834981 0.0007724504 0.0006787858 0.00097594445 0.0013607348 0.00088540337 0.0009795696 0.0010712094 0.0007537954 0.00084810035 0.0007647547 0.0008041018 0.0009844872 0.0009300822 0.00069617963 0.0007572236 0.00089606567 0.00097067846 0.0009639539 0.00092160364 0.0007251054 0.0010135216 0.0011089274 0.0008171303 0.0007869459 0.0009415287 0.00075493887 0.0007223296 0.0009274164 0.0008623067 0.0010709887 0.0011135496 0.00082825916 0.0009896827 0.0009803524 0.001302066 0.0009583461 0.00071735145 0.00084078376,
542,64,,,0.005637976 0.005637976 0.005637976 0.005637976 0.005637976 0.005637976 0.005637976 0.005637976 0.005637976 0.005637976 0.005637976 0.005637976 0.005637976 0.005637976 0.005637976 0.005637976 0.005637976 0.005637976 0.005637976 0.005637976 0.005637976 0.005637976 0.005637976 0.005637976 0.005637976 0.005637976 0.005637976 0.005637976 0.005637976 0.005637976 0.005637976 0.005637976 0.005637976 0.005637976 0.005637976 0.005637976 0.005637976 0.005637976 0.005637976 0.005637976 0.005637976 0.005637976 0.005637976 0.005637976 0.005637976 0.005637976 0.005637976 0.005637976 0.005637976 0.005637976 0.005637976 0.005637976 0.005637976 0.005637976 0.005637976 0.005637976 0.005637976 0.005637976 0.005637976 0.005637976 0.005637976 0.005637976 0.005637976 0.005637976,15 15 14 15 15 14 15 15 14 15 15 15 15 15 15 14 14 15 15 15 15 15 15 15 15 14 15 15 14 14 15 14 14 15 15 15 15 14 15 15 15 15 15 15 15 15 14 14 15 15 15 15 15 15 15 14 14 15 14 14 14 15 15 15
550,3x3x64x64,0.15664658 0.13700914 0.17878106 0.13924132 0.11443346 0.18995088 0.1046981 0.09876942 0.11589293 0.13767812 0.15368383 0.12492951 0.12645878 0.1356736 0.1317776 0.14330168 0.12095869 0.12882574 0.08487221 0.16599248 0.13690819 0.107419536 0.17229882 0.095399976 0.10482808 0.1792095 0.12225315 0.1409999 0.11124099 0.1808593 0.0913293 0.1256276 0.09448409 0.097997814 0.09229253 0.13944483 0.09987319 0.11392898 0.10840044 0.14398493 0.17326605 0.13552067 0.15793425 0.11793917 0.15152021 0.15811609 0.15512435 0.10523542 0.12975205 0.095959194 0.11195668 0.13359132 0.112983435 0.12790184 0.10682895 0.10840383 0.10988363 0.12834306 0.09977424 0.1303414 0.12599264 0.11622732 0.1495688 0.13805476,0.15662746 0.13699242 0.17875925 0.13922432 0.11441949 0.18992771 0.10468532 0.098757364 0.11587878 0.13766132 0.15366508 0.12491426 0.12644336 0.13565704 0.1317615 0.1432842 0.12094393 0.12881002 0.08486185 0.16597222 0.13689147 0.10740643 0.1722778 0.09538834 0.10481529 0.17918764 0.12223823 0.14098269 0.111227416 0.18083723 0.09131815 0.12561227 0.094472565 0.097985856 0.09228127 0.13942781 0.099861 0.11391508 0.10838722 0.14396736 0.17324491 0.13550413 0.15791497 0.11792477 0.15150172 0.15809679 0.15510541 0.105222575 0.12973623 0.09594748 0.111943014 0.13357502 0.11296965 0.12788624 0.10681591 0.10839061 0.10987022 0.1283274 0.09976206 0.13032548 0.12597726 0.116213135 0.14955054 0.13803792,0.001233287 0.0010786805 0.0014075531 0.0010962544 0.00090094085 0.0014954938 0.0008242939 0.00077761704 0.00091243134 0.0010839474 0.0012099613 0.0009835769 0.000995617 0.0010681656 0.0010374922 0.0011282221 0.00095231435 0.0010142521 0.0006682036 0.0013068678 0.0010778856 0.00084571994 0.001356518 0.00075108925 0.0008253172 0.0014109263 0.00096250576 0.0011101 0.00087580644 0.0014239151 0.0007190406 0.0009890731 0.0007438785 0.0007715422 0.00072662416 0.0010978568 0.0007863071 0.0008969691 0.00085344265 0.0011336013 0.0013641331 0.0010669617 0.001243425 0.0009285415 0.0011929269 0.0012448566 0.0012213024 0.00082852424 0.0010215451 0.00075549196 0.00088144105 0.0010517718 0.0008895248 0.0010069782 0.0008410702 0.00085346936 0.0008651198 0.0010104519 0.00078552804 0.0010261849 0.0009919469 0.00091506407 0.0011775633 0.0010869127,
551,64,,,0.005392888 0.005392888 0.005392888 0.005392888 0.005392888 0.005392888 0.005392888 0.005392888 0.005392888 0.005392888 0.005392888 0.005392888 0.005392888 0.005392888 0.005392888 0.005392888 0.005392888 0.005392888 0.005392888 0.005392888 0.005392888 0.005392888 0.005392888 0.005392888 0.005392888 0.005392888 0.005392888 0.005392888 0.005392888 0.005392888 0.005392888 0.005392888 0.005392888 0.005392888 0.005392888 0.005392888 0.005392888 0.005392888 0.005392888 0.005392888 0.005392888 0.005392888 0.005392888 0.005392888 0.005392888 0.005392888 0.005392888 0.005392888 0.005392888 0.005392888 0.005392888 0.005392888 0.005392888 0.005392888 0.005392888 0.005392888 0.005392888 0.005392888 0.005392888 0.005392888 0.005392888 0.005392888 0.005392888 0.005392888,14 14 14 14 15 14 15 15 15 14 14 14 14 14 14 14 15 14 15 14 14 15 14 15 15 14 15 14 15 14 15 14 15 15 15 14 15 15 15 14 14 14 14 15 14 14 14 15 14 15 15 14 15 14 15 15 15 14 15 14 14 15 14 14
556,3x3x64x64,0.08867468 0.1566859 0.12058927 0.159069 0.1528485 0.12049788 0.16006611 0.15899265 0.106235966 0.1736945 0.21793213 0.13990226 0.12741242 0.13000505 0.12309688 0.1385224 0.1352162 0.14647171 0.1316882 0.1223053 0.13842672 0.1128724 0.1224487 0.13210055 0.118483655 0.12774253 0.13607857 0.1101819 0.1433644 0.15328859 0.12930198 0.12859821 0.10940647 0.10587339 0.14926718 0.112960145 0.08792293 0.11799697 0.11800201 0.116556965 0.12856281 0.1033927 0.101939745 0.13124767 0.16767842 0.17108701 0.16341858 0.16358139 0.117777 0.11500988 0.12276029 0.10885634 0.13028148 0.16214953 0.14482503 0.15409103 0.091189414 0.15876903 0.12529512 0.11095682 0.13159719 0.14175998 0.1365835 0.13266756,0.08866385 0.15666677 0.12057455 0.15904959 0.15282984 0.120483175 0.16004658 0.15897325 0.106223 0.17367332 0.21790554 0.13988519 0.12739688 0.12998919 0.123081855 0.13850549 0.1351997 0.14645384 0.13167214 0.122290365 0.13840984 0.11285862 0.12243376 0.13208443 0.11846919 0.12772694 0.13606195 0.11016845 0.1433469 0.15326987 0.1292862 0.12858252 0.10939312 0.10586047 0.14924896 0.112946354 0.0879122 0.11798257 0.11798761 0.11654274 0.12854712 0.103380084 0.1019273 0.13123165 0.16765794 0.17106614 0.16339862 0.16356143 0.117762625 0.114995845 0.122745305 0.10884306 0.13026558 0.16212974 0.14480735 0.15407223 0.09117829 0.15874964 0.12527983 0.11094327 0.13158113 0.14174268 0.13656685 0.13265137,0.0006981406 0.0012335966 0.0009494059 0.0012523589 0.0012033846 0.00094868644 0.0012602092 0.0012517578 0.0008364016 0.0013675065 0.0017157916 0.0011014582 0.0010031251 0.0010235369 0.0009691485 0.0010905945 0.0010645646 0.0011531799 0.0010367886 0.00096291624 0.0010898412 0.0008886506 0.00096404535 0.0010400349 0.0009328283 0.001005724 0.0010713539 0.00086746813 0.0011287158 0.0012068494 0.0010180016 0.0010124608 0.00086136314 0.00083354703 0.0011751887 0.00088934135 0.00069222203 0.0009289966 0.0009290363 0.0009176594 0.001012182 0.0008140164 0.0008025772 0.0010333201 0.0013201413 0.0013469774 0.0012866033 0.0012878854 0.00092726474 0.0009054791 0.00096649845 0.00085703196 0.0010257132 0.0012766122 0.0011402154 0.0012131671 0.0007179393 0.0012499972 0.0009864554 0.00087356905 0.0010360719 0.001116084 0.0010753295 0.001044499,
557,64,,,0.004961525 0.004961525 0.004961525 0.004961525 0.004961525 0.004961525 0.004961525 0.004961525 0.004961525 0.004961525 0.004961525 0.004961525 0.004961525 0.004961525 0.004961525 0.004961525 0.004961525 0.004961525 0.004961525 0.004961525 0.004961525 0.004961525 0.004961525 0.004961525 0.004961525 0.004961525 0.004961525 0.004961525 0.004961525 0.004961525 0.004961525 0.004961525 0.004961525 0.004961525 0.004961525 0.004961525 0.004961525 0.004961525 0.004961525 0.004961525 0.004961525 0.004961525 0.004961525 0.004961525 0.004961525 0.004961525 0.004961525 0.004961525 0.004961525 0.004961525 0.004961525 0.004961525 0.004961525 0.004961525 0.004961525 0.004961525 0.004961525 0.004961525 0.004961525 0.004961525 0.004961525 0.004961525 0.004961525 0.004961525,15 14 15 14 14 15 14 14 15 14 14 14 14 14 15 14 14 14 14 15 14 15 15 14 15 14 14 15 14 14 14 14 15 15 14 15 15 15 15 15 14 15 15 14 14 14 14 14 15 15 15 15 14 14 14 14 15 14 14 15 14 14 14 14
565,1x1x128x64,0.2886105 0.24379088 0.26425675 0.34184912 0.39178973 0.43136626 0.34350386 0.27936405 0.22410235 0.23130335 0.29795218 0.42439938 0.28741723 0.38608816 0.3755972 0.43371156 0.40660548 0.2902535 0.3435689 0.28974348 0.2764666 0.2356102 0.29420504 0.33684117 0.28876546 0.21721174 0.26552555 0.2698066 0.3827859 0.41069674 0.33271334 0.35634115 0.3150935 0.36177534 0.23760818 0.24876656 0.36116588 0.4212534 0.34307078 0.3635899 0.27208644 0.3426779 0.3156897 0.31242272 0.26648006 0.4362458 0.2700409 0.3149358 0.36490473 0.4131359 0.31381112 0.2995814 0.31901264 0.39083952 0.27596676 0.3270651 0.3182637 0.2554273 0.35634065 0.41149172 0.36234975 0.34317157 0.2804088 0.33079174,0.28857526 0.24376114 0.2642245 0.3418074 0.3917419 0.4313136 0.34346196 0.27932996 0.22407499 0.23127511 0.29791582 0.42434758 0.28738216 0.38604105 0.37555137 0.43365863 0.40655586 0.29021809 0.34352696 0.2897081 0.27643287 0.23558146 0.29416913 0.33680004 0.2887302 0.21718523 0.26549312 0.26977366 0.3827392 0.41064662 0.33267272 0.35629767 0.315055 0.36173117 0.23757918 0.24873619 0.3611218 0.421202 0.3430289 0.36354554 0.27205324 0.34263605 0.3156512 0.31238458 0.26644754 0.43619254 0.27000794 0.3148974 0.36486018 0.41308546 0.31377283 0.29954484 0.3189737 0.3907918 0.2759331 0.32702518 0.31822485 0.25539613 0.35629717 0.4114415 0.36230552 0.34312966 0.28037456 0.3307514,0.0022722462 0.001919379 0.0020805078 0.0026913967 0.0030845818 0.0033961702 0.0027044248 0.0021994484 0.00176437 0.0018210639 0.0023457939 0.0033413195 0.0022628517 0.0030396932 0.0029570975 0.0034146348 0.0032012272 0.0022851818 0.0027049368 0.0022811661 0.0021766368 0.0018549721 0.0023162924 0.0026519687 0.0022734662 0.0017101199 0.002090497 0.002124202 0.0030136944 0.003233438 0.0026194702 0.0028054935 0.002480748 0.0028482769 0.0018707023 0.0019585527 0.0028434787 0.0033165512 0.002701015 0.0028625634 0.0021421516 0.0026979216 0.0024854427 0.0024597212 0.0020980122 0.003434587 0.0021260467 0.002479507 0.0028729148 0.0032526415 0.002470652 0.0023586208 0.0025116038 0.0030771007 0.0021727015 0.0025750014 0.0025057076 0.0020109932 0.0028054896 0.0032396968 0.0028527994 0.0027018085 0.0022076736 0.0026043416,
566,64,,,0.0053928886 0.0053928886 0.0053928886 0.0053928886 0.0053928886 0.0053928886 0.0053928886 0.0053928886 0.0053928886 0.0053928886 0.0053928886 0.0053928886 0.0053928886 0.0053928886 0.0053928886 0.0053928886 0.0053928886 0.0053928886 0.0053928886 0.0053928886 0.0053928886 0.0053928886 0.0053928886 0.0053928886 0.0053928886 0.0053928886 0.0053928886 0.0053928886 0.0053928886 0.0053928886 0.0053928886 0.0053928886 0.0053928886 0.0053928886 0.0053928886 0.0053928886 0.0053928886 0.0053928886 0.0053928886 0.0053928886 0.0053928886 0.0053928886 0.0053928886 0.0053928886 0.0053928886 0.0053928886 0.0053928886 0.0053928886 0.0053928886 0.0053928886 0.0053928886 0.0053928886 0.0053928886 0.0053928886 0.0053928886 0.0053928886 0.0053928886 0.0053928886 0.0053928886 0.0053928886 0.0053928886 0.0053928886 0.0053928886 0.0053928886,14 15 14 14 14 14 14 14 15 15 14 14 14 14 14 14 14 14 14 14 14 15 14 14 14 15 14 14 14 14 14 14 14 14 15 14 14 14 14 14 14 14 14 14 14 14 14 14 14 14 14 14 14 14 14 14 14 14 14 14 14 14 14 14
574,1x1x128x128,0.41258782 0.38039985 0.40324208 0.27065626 0.29942223 0.3657745 0.51553327 0.42644852 0.26995915 0.3179056 0.2777838 0.40610796 0.4123561 0.56344736 0.4241197 0.45474443 0.37907887 0.29437986 0.34304056 0.37849534 0.38843444 0.45323515 0.30630428 0.40497085 0.32537475 0.32628074 0.37634256 0.3668617 0.29442453 0.6164286 0.3347076 0.2658729 0.36946675 0.37715852 0.43673357 0.29452598 0.32160974 0.47235444 0.4046616 0.43233252 0.38766894 0.30857465 0.31202686 0.56340766 0.42761737 0.3685891 0.45324945 0.37333718 0.31179208 0.35726646 0.51823205 0.34268978 0.37866873 0.32539523 0.30390874 0.3411956 0.38810802 0.30842727 0.3467525 0.44601285 0.32035413 0.48018143 0.35333318 0.31464583 0.3663544 0.51221806 0.35175967 0.36510304 0.44850445 0.35366654 0.33451295 0.34779903 0.3602562 0.41512057 0.40923402 0.3316865 0.42748022 0.3802214 0.36208832 0.45204523 0.40979058 0.3366583 0.38588566 0.3306736 0.33965468 0.32311594 0.29947388 0.31628492 0.33886582 0.4103417 0.23876132 0.29402828 0.34221336 0.31743318 0.4554246 0.38634136 0.5560672 0.33894697 0.36725447 0.38285217 0.4441448 0.41159436 0.3925502 0.412087 0.39266536 0.3772763 0.37891382 0.2784258 0.48356667 0.48018008 0.27302885 0.37481105 0.3964235 0.3390603 0.2529022 0.37310013 0.25422043 0.43614283 0.35799524 0.4022592 0.44681135 0.38326207 0.34842473 0.39945808 0.3264237 0.3736457 0.27180257 0.42796677,0.4125375 0.38035345 0.40319285 0.2706232 0.2993857 0.36572987 0.5154704 0.42639646 0.2699262 0.3178668 0.27774993 0.4060584 0.4123058 0.56337863 0.42406794 0.45468894 0.37903258 0.29434392 0.34299868 0.37844914 0.38838705 0.45317984 0.30626687 0.4049214 0.32533503 0.32624093 0.37629664 0.3668169 0.29438862 0.6163534 0.33466676 0.26584047 0.36942166 0.37711248 0.43668026 0.29449004 0.3215705 0.47229677 0.4046122 0.43227974 0.38762164 0.308537 0.31198877 0.56333894 0.4275652 0.3685441 0.45319414 0.3732916 0.31175402 0.35722286 0.5181688 0.34264794 0.37862253 0.3253555 0.30387166 0.34115398 0.38806063 0.30838963 0.34671018 0.4459584 0.32031503 0.4801228 0.35329005 0.3146074 0.3663097 0.51215553 0.35171673 0.36505848 0.44844973 0.35362336 0.33447212 0.3477566 0.36021224 0.4150699 0.40918407 0.331646 0.42742807 0.380175 0.36204413 0.45199007 0.40974057 0.33661723 0.38583857 0.33063325 0.33961323 0.32307652 0.2994373 0.31624633 0.33882448 0.4102916 0.23873217 0.2939924 0.34217158 0.31739444 0.45536903 0.38629422 0.5559994 0.3389056 0.36720964 0.38280544 0.44409057 0.4115441 0.39250228 0.4120367 0.39261743 0.37723026 0.3788676 0.27839184 0.48350766 0.48012146 0.27299553 0.3747653 0.3963751 0.3390189 0.25287136 0.3730546 0.2541894 0.4360896 0.35795155 0.4022101 0.44675684 0.38321528 0.3483822 0.39940932 0.3263839 0.3736001 0.2717694 0.42791456,0.0032483267 0.002994909 0.0031747469 0.0021308914 0.0023573677 0.0028797628 0.004058822 0.0033574523 0.0021254031 0.0025028882 0.0021870073 0.0031973103 0.0032465025 0.0044360524 0.0033391176 0.003580228 0.0029845084 0.0023176686 0.002700777 0.0029799144 0.0030581658 0.0035683452 0.0024115501 0.0031883577 0.002561693 0.0025688263 0.0029629658 0.002888322 0.0023180207 0.0048531764 0.0026351714 0.002093232 0.002908832 0.0029693895 0.003438427 0.0023188193 0.0025320512 0.0037188723 0.003185923 0.0034037775 0.003052139 0.0024294253 0.0024566045 0.0044357395 0.003366655 0.002901922 0.003568458 0.002939304 0.002454756 0.0028127783 0.0040800693 0.0026980152 0.0029812797 0.0025618544 0.0023926902 0.002686252 0.0030555956 0.0024282648 0.0027300015 0.0035114835 0.0025221657 0.0037804944 0.0027818114 0.0024772238 0.0028843284 0.004032721 0.002769423 0.0028744761 0.0035311002 0.0027844359 0.0026336387 0.0027382409 0.0028363168 0.003268267 0.0032219219 0.002611386 0.0033655753 0.0029935038 0.0028507411 0.0035589768 0.0032263037 0.0026505294 0.003038099 0.0026034114 0.00267412 0.0025439095 0.0023577742 0.0024901286 0.0026679093 0.0032306425 0.0018797809 0.0023149007 0.0026942645 0.0024991687 0.0035855828 0.0030416867 0.004377948 0.0026685481 0.0028914146 0.003014216 0.003496776 0.0032405048 0.003090569 0.0032443833 0.003091476 0.002970317 0.0029832094 0.0021920616 0.003807147 0.003780484 0.0021495712 0.002950908 0.0031210638 0.0026694403 0.0019911132 0.0029374377 0.0020014914 0.0034337763 0.0028185162 0.0031670085 0.0035177704 0.0030174432 0.0027431669 0.0031449553 0.0025699518 0.002941733 0.0021399166 0.003369406,
575,128,,,0.004594058 0.004594058 0.004594058 0.004594058 0.004594058 0.004594058 0.004594058 0.004594058 0.004594058 0.004594058 0.004594058 0.004594058 0.004594058 0.004594058 0.004594058 0.004594058 0.004594058 0.004594058 0.004594058 0.004594058 0.004594058 0.004594058 0.004594058 0.004594058 0.004594058 0.004594058 0.004594058 0.004594058 0.004594058 0.004594058 0.004594058 0.004594058 0.004594058 0.004594058 0.004594058 0.004594058 0.004594058 0.004594058 0.004594058 0.004594058 0.004594058 0.004594058 0.004594058 0.004594058 0.004594058 0.004594058 0.004594058 0.004594058 0.004594058 0.004594058 0.004594058 0.004594058 0.004594058 0.004594058 0.004594058 0.004594058 0.004594058 0.004594058 0.004594058 0.004594058 0.004594058 0.004594058 0.004594058 0.004594058 0.004594058 0.004594058 0.004594058 0.004594058 0.004594058 0.004594058 0.004594058 0.004594058 0.004594058 0.004594058 0.004594058 0.004594058 0.004594058 0.004594058 0.004594058 0.004594058 0.004594058 0.004594058 0.004594058 0.004594058 0.004594058 0.004594058 0.004594058 0.004594058 0.004594058 0.004594058 0.004594058 0.004594058 0.004594058 0.004594058 0.004594058 0.004594058 0.004594058 0.004594058 0.004594058 0.004594058 0.004594058 0.004594058 0.004594058 0.004594058 0.004594058 0.004594058 0.004594058 0.004594058 0.004594058 0.004594058 0.004594058 0.004594058 0.004594058 0.004594058 0.004594058 0.004594058 0.004594058 0.004594058 0.004594058 0.004594058 0.004594058 0.004594058 0.004594058 0.004594058 0.004594058 0.004594058 0.004594058 0.004594058,15 15 15 15 15 15 14 15 15 15 15 15 15 14 15 15 15 15 15 15 15 15 15 15 15 15 15 15 15 14 15 15 15 15 15 15 15 15 15 15 15 15 15 14 15 15 15 15 15 15 14 15 15 15 15 15 15 15 15 15 15 15 15 15 15 14 15 15 15 15 15 15 15 15 15 15 15 15 15 15 15 15 15 15 15 15 15 15 15 15 16 15 15 15 15 15 14 15 15 15 15 15 15 15 15 15 15 15 15 15 15 15 15 15 15 15 15 15 15 15 15 15 15 15 15 15 15 15
584,1x1x384x256,0.20337772 0.15575998 0.19666517 0.17458825 0.11909713 0.12098963 0.1817801 0.1876045 0.14750424 0.16977671 0.15895984 0.16041063 0.15846188 0.18577558 0.19726844 0.19662447 0.16167054 0.1386167 0.18885025 0.16362949 0.14463286 0.21886943 0.21465881 0.14201973 0.15265225 0.20844686 0.22614317 0.14826153 0.19302638 0.18680157 0.18958364 0.14898157 0.18090425 0.21165757 0.17504212 0.14195824 0.19601955 0.18416624 0.15275544 0.14098488 0.22635825 0.18046045 0.18860433 0.21382476 0.14971 0.19430077 0.18562412 0.14164262 0.18796012 0.13184823 0.16040152 0.16442558 0.17718431 0.18911968 0.15317576 0.13314308 0.18761195 0.19758287 0.11508886 0.13621987 0.18924637 0.1755838 0.1714136 0.22739884 0.1623619 0.3027904 0.15474384 0.15144794 0.16937132 0.120025925 0.19653694 0.15160574 0.15203284 0.20501454 0.15295897 0.13928398 0.15728316 0.22953603 0.14319384 0.13361083 0.17227359 0.16465917 0.16457987 0.19588618 0.15417247 0.13203293 0.19546999 0.23554558 0.20939232 0.1431331 0.14105369 0.17608565 0.14706355 0.14527887 0.17868131 0.19170454 0.1454324 0.1517456 0.2060816 0.16478762 0.22115155 0.16811621 0.16264713 0.17121066 0.1284248 0.17539948 0.16536161 0.18190584 0.14817847 0.15775892 0.13099585 0.22352226 0.22659259 0.12828344 0.15052603 0.17866251 0.19535191 0.21694027 0.1454865 0.14947125 0.16257198 0.17266649 0.18378183 0.16010037 0.12707563 0.1688313 0.14375502 0.17060393 0.16616559 0.19908002 0.18739308 0.16867182 0.2520523 0.1560839 0.13866678 0.16990173 0.16120367 0.1378699 0.14555106 0.14936577 0.16270092 0.15058406 0.2693667 0.1452374 0.17471418 0.19163969 0.16504817 0.15373974 0.1512027 0.19011475 0.18246756 0.14553563 0.11599692 0.18120642 0.1452759 0.16492422 0.19118206 0.22045186 0.1341056 0.12768959 0.14206886 0.19668232 0.22809298 0.14625515 0.17499937 0.13207307 0.14154635 0.22229648 0.19255348 0.16906488 0.21498534 0.19062388 0.26259506 0.20523232 0.18262327 0.13896155 0.1479185 0.16533709 0.24116783 0.20179595 0.17750697 0.1476958 0.16728082 0.22509773 0.14779612 0.16656274 0.16757259 0.15767987 0.27259064 0.14916979 0.16442142 0.15967397 0.25009993 0.22980481 0.17339407 0.1556697 0.15432459 0.134552 0.17004985 0.16313958 0.20427531 0.1777538 0.17720723 0.2135694 0.16463782 0.18431239 0.16325365 0.13133673 0.14023316 0.24748397 0.18996198 0.16631424 0.18014866 0.12837312 0.16204502 0.19390444 0.15246633 0.15099768 0.2719411 0.17576373 0.15341507 0.29765522 0.14528485 0.17204414 0.18990701 0.20060888 0.16110817 0.14930294 0.16238451 0.16799362 0.146219 0.17362018 0.15455982 0.20647489 0.14718601 0.13416985 0.16754362 0.14730649 0.21077886 0.15460889 0.16029151 0.21418892 0.16831598 0.25513265 0.19210082 0.11140953 0.19633096 0.15352088 0.20265122 0.14496516 0.19114293 0.15642793 0.22325867 0.14022772 0.15717416 0.12233304,0.20335291 0.15574098 0.19664118 0.17456694 0.11908259 0.12097486 0.18175791 0.1875816 0.14748624 0.16975598 0.15894043 0.16039105 0.15844254 0.18575291 0.19724438 0.19660047 0.1616508 0.13859977 0.18882722 0.16360952 0.14461522 0.21884273 0.21463262 0.1420024 0.15263362 0.20842142 0.22611557 0.14824343 0.19300282 0.18677877 0.18956052 0.14896339 0.18088219 0.21163173 0.17502077 0.14194092 0.19599561 0.18414375 0.1527368 0.14096768 0.22633062 0.18043843 0.18858132 0.21379867 0.14969173 0.19427705 0.18560146 0.14162533 0.18793717 0.13183214 0.16038196 0.16440552 0.17716269 0.1890966 0.15315707 0.13312683 0.18758906 0.19755876 0.11507481 0.13620326 0.18922327 0.17556237 0.17139268 0.22737108 0.1623421 0.30275345 0.15472494 0.15142944 0.16935065 0.12001128 0.19651297 0.15158725 0.15201429 0.20498952 0.15294032 0.139267 0.15726396 0.22950801 0.14317636 0.13359451 0.17225257 0.16463909 0.16455978 0.19586226 0.15415366 0.13201681 0.19544613 0.23551683 0.20936677 0.14311562 0.14103648 0.17606416 0.1470456 0.14526114 0.1786595 0.19168115 0.14541465 0.15172708 0.20605645 0.16476752 0.22112456 0.1680957 0.16262728 0.17118977 0.12840912 0.17537808 0.16534142 0.18188363 0.1481604 0.15773967 0.13097987 0.22349499 0.22656493 0.1282678 0.15050766 0.17864071 0.19532807 0.2169138 0.14546876 0.14945301 0.16255213 0.17264542 0.1837594 0.16008084 0.12706013 0.16881071 0.14373747 0.17058311 0.16614531 0.19905572 0.18737023 0.16865122 0.25202155 0.15606484 0.13864987 0.16988099 0.16118398 0.13785307 0.1455333 0.14934753 0.16268107 0.15056567 0.26933384 0.14521967 0.17469285 0.19161631 0.16502804 0.15372097 0.15118423 0.19009155 0.18244529 0.14551787 0.11598276 0.1811843 0.14525817 0.1649041 0.19115873 0.22042497 0.13408922 0.127674 0.14205153 0.19665831 0.22806515 0.1462373 0.17497802 0.13205697 0.14152907 0.22226936 0.19252998 0.16904426 0.21495911 0.19060062 0.262563 0.20520727 0.18260099 0.1389446 0.14790043 0.16531691 0.2411384 0.20177133 0.1774853 0.14767778 0.16726041 0.22507027 0.14777808 0.16654241 0.16755213 0.15766062 0.27255735 0.1491516 0.16440137 0.1596545 0.2500694 0.22977677 0.17337291 0.1556507 0.15430576 0.13453558 0.1700291 0.16311967 0.20425038 0.17773211 0.1771856 0.21354334 0.16461772 0.1842899 0.16323373 0.13132071 0.14021605 0.24745376 0.1899388 0.16629395 0.18012667 0.12835744 0.16202524 0.19388078 0.15244773 0.15097927 0.27190793 0.17574228 0.15339634 0.2976189 0.14526711 0.17202315 0.18988383 0.2005844 0.1610885 0.14928472 0.16236469 0.16797312 0.14620116 0.17359899 0.15454096 0.20644969 0.14716804 0.13415347 0.16752318 0.1472885 0.21075313 0.15459003 0.16027194 0.21416278 0.16829544 0.2551015 0.19207737 0.11139593 0.196307 0.15350214 0.2026265 0.14494745 0.1911196 0.15640885 0.22323142 0.1402106 0.15715496 0.12231811,0.001601204 0.0012263069 0.0015483557 0.0013745428 0.0009376582 0.00095255795 0.0014311647 0.0014770204 0.001161309 0.0013366613 0.0012514995 0.0012629216 0.0012475791 0.0014626214 0.0015531053 0.0015480352 0.001272841 0.0010913367 0.0014868284 0.001288264 0.0011387025 0.0017231711 0.0016900206 0.0011181291 0.0012018395 0.0016411135 0.0017804375 0.001167271 0.0015197073 0.001470699 0.0014926025 0.0011729401 0.0014242692 0.0016663916 0.0013781163 0.0011176451 0.0015432725 0.0014499509 0.001202652 0.0011099818 0.0017821309 0.0014207751 0.0014848922 0.0016834541 0.0011786751 0.0015297405 0.0014614288 0.0011151601 0.0014798202 0.0010380483 0.00126285 0.0012945317 0.0013949819 0.0014889496 0.0012059612 0.0010482427 0.0014770792 0.0015555808 0.0009061009 0.0010724666 0.0014899471 0.0013823808 0.0013495487 0.0017903235 0.0012782842 0.0023838854 0.0012183066 0.0011923579 0.0013334698 0.0009449707 0.0015473462 0.0011936004 0.0011969629 0.0016140908 0.0012042545 0.0010965905 0.001238299 0.0018071497 0.001127373 0.0010519254 0.0013563194 0.0012963708 0.0012957463 0.0015422226 0.0012138083 0.0010395024 0.001538946 0.0018544632 0.0016485573 0.0011268947 0.0011105235 0.001386332 0.0011578393 0.0011437885 0.0014067678 0.0015093003 0.0011449972 0.0011947014 0.0016224917 0.001297382 0.0017411383 0.0013235881 0.0012805298 0.0013479509 0.0010110954 0.0013809298 0.001301901 0.0014321546 0.0011666173 0.0012420446 0.0010313375 0.001759803 0.0017839759 0.0010099827 0.0011850997 0.0014066198 0.0015380164 0.0017079827 0.0011454233 0.0011767953 0.001279938 0.0013594128 0.0014469244 0.001260479 0.0010004735 0.0013292182 0.001131791 0.0013431741 0.0013082308 0.0015673678 0.001475356 0.0013279624 0.0019844216 0.001228857 0.0010917312 0.0013376456 0.0012691652 0.0010854573 0.0011459314 0.0011759648 0.0012809533 0.0011855564 0.0021207388 0.0011434619 0.0013755343 0.0015087898 0.0012994333 0.0012104014 0.001190427 0.0014967838 0.0014365771 0.00114581 0.0009132501 0.0014266481 0.0011437652 0.0012984575 0.0015051868 0.0017356296 0.0010558206 0.0010053071 0.001118516 0.0015484906 0.0017957885 0.0011514748 0.0013777796 0.0010398186 0.0011144021 0.0017501524 0.0015159841 0.0013310572 0.0016925915 0.0015007922 0.002067425 0.0016158053 0.001437803 0.001094052 0.0011645703 0.0013017079 0.0018987275 0.0015887506 0.001397522 0.0011628171 0.0013170111 0.0017722069 0.0011636069 0.0013113576 0.0013193081 0.0012414221 0.0021461209 0.001174422 0.0012944989 0.001257122 0.0019690504 0.0018092659 0.001365141 0.0012255961 0.001215006 0.0010593353 0.0013388118 0.0012844069 0.0016082707 0.0013994655 0.0013951622 0.0016814437 0.0012962025 0.0014511016 0.0012853049 0.0010340214 0.0011040634 0.0019484549 0.0014955811 0.0013094011 0.0014183202 0.0010106885 0.0012757893 0.0015266204 0.0012003758 0.0011888131 0.0021410072 0.0013837975 0.0012078452 0.0023434558 0.0011438356 0.001354513 0.0014951483 0.0015794047 0.0012684134 0.0011754702 0.0012784621 0.001322623 0.0011511903 0.0013669212 0.0012168579 0.001625588 0.0011588035 0.0010563266 0.0013190801 0.001159752 0.0016594734 0.0012172443 0.0012619838 0.0016863211 0.001325161 0.0020086733 0.0015124202 0.00087713334 0.0015457245 0.0012086782 0.0015954842 0.0011413186 0.0015048787 0.0012315657 0.0017577277 0.0011040205 0.0012374406 0.00096313475,
585,256,,,0.0056379763 0.0056379763 0.0056379763 0.0056379763 0.0056379763 0.0056379763 0.0056379763 0.0056379763 0.0056379763 0.0056379763 0.0056379763 0.0056379763 0.0056379763 0.0056379763 0.0056379763 0.0056379763 0.0056379763 0.0056379763 0.0056379763 0.0056379763 0.0056379763 0.0056379763 0.0056379763 0.0056379763 0.0056379763 0.0056379763 0.0056379763 0.0056379763 0.0056379763 0.0056379763 0.0056379763 0.0056379763 0.0056379763 0.0056379763 0.0056379763 0.0056379763 0.0056379763 0.0056379763 0.0056379763 0.0056379763 0.0056379763 0.0056379763 0.0056379763 0.0056379763 0.0056379763 0.0056379763 0.0056379763 0.0056379763 0.0056379763 0.0056379763 0.0056379763 0.0056379763 0.0056379763 0.0056379763 0.0056379763 0.0056379763 0.0056379763 0.0056379763 0.0056379763 0.0056379763 0.0056379763 0.0056379763 0.0056379763 0.0056379763 0.0056379763 0.0056379763 0.0056379763 0.0056379763 0.0056379763 0.0056379763 0.0056379763 0.0056379763 0.0056379763 0.0056379763 0.0056379763 0.0056379763 0.0056379763 0.0056379763 0.0056379763 0.0056379763 0.0056379763 0.0056379763 0.0056379763 0.0056379763 0.0056379763 0.0056379763 0.0056379763 0.0056379763 0.0056379763 0.0056379763 0.0056379763 0.0056379763 0.0056379763 0.0056379763 0.0056379763 0.0056379763 0.0056379763 0.0056379763 0.0056379763 0.0056379763 0.0056379763 0.0056379763 0.0056379763 0.0056379763 0.0056379763 0.0056379763 0.0056379763 0.0056379763 0.0056379763 0.0056379763 0.0056379763 0.0056379763 0.0056379763 0.0056379763 0.0056379763 0.0056379763 0.0056379763 0.0056379763 0.0056379763 0.0056379763 0.0056379763 0.0056379763 0.0056379763 0.0056379763 0.0056379763 0.0056379763 0.0056379763 0.0056379763 0.0056379763 0.0056379763 0.0056379763 0.0056379763 0.0056379763 0.0056379763 0.0056379763 0.0056379763 0.0056379763 0.0056379763 0.0056379763 0.0056379763 0.0056379763 0.0056379763 0.0056379763 0.0056379763 0.0056379763 0.0056379763 0.0056379763 0.0056379763 0.0056379763 0.0056379763 0.0056379763 0.0056379763 0.0056379763 0.0056379763 0.0056379763 0.0056379763 0.0056379763 0.0056379763 0.0056379763 0.0056379763 0.0056379763 0.0056379763 0.0056379763 0.0056379763 0.0056379763 0.0056379763 0.0056379763 0.0056379763 0.0056379763 0.0056379763 0.0056379763 0.0056379763 0.0056379763 0.0056379763 0.0056379763 0.0056379763 0.0056379763 0.0056379763 0.0056379763 0.0056379763 0.0056379763 0.0056379763 0.0056379763 0.0056379763 0.0056379763 0.0056379763 0.0056379763 0.0056379763 0.0056379763 0.0056379763 0.0056379763 0.0056379763 0.0056379763 0.0056379763 0.0056379763 0.0056379763 0.0056379763 0.0056379763 0.0056379763 0.0056379763 0.0056379763 0.0056379763 0.0056379763 0.0056379763 0.0056379763 0.0056379763 0.0056379763 0.0056379763 0.0056379763 0.0056379763 0.0056379763 0.0056379763 0.0056379763 0.0056379763 0.0056379763 0.0056379763 0.0056379763 0.0056379763 0.0056379763 0.0056379763 0.0056379763 0.0056379763 0.0056379763 0.0056379763 0.0056379763 0.0056379763 0.0056379763 0.0056379763 0.0056379763 0.0056379763 0.0056379763 0.0056379763 0.0056379763 0.0056379763 0.0056379763 0.0056379763 0.0056379763 0.0056379763 0.0056379763 0.0056379763 0.0056379763 0.0056379763 0.0056379763 0.0056379763 0.0056379763 0.0056379763 0.0056379763 0.0056379763 0.0056379763 0.0056379763 0.0056379763 0.0056379763 0.0056379763 0.0056379763 0.0056379763 0.0056379763,14 14 14 14 15 15 14 14 14 14 14 14 14 14 14 14 14 14 14 14 14 14 14 14 14 14 14 14 14 14 14 14 14 14 14 14 14 14 14 14 14 14 14 14 14 14 14 14 14 14 14 14 14 14 14 14 14 14 15 14 14 14 14 14 14 13 14 14 14 15 14 14 14 14 14 14 14 14 14 14 14 14 14 14 14 14 14 14 14 14 14 14 14 14 14 14 14 14 14 14 14 14 14 14 14 14 14 14 14 14 14 14 14 14 14 14 14 14 14 14 14 14 14 14 14 14 14 14 14 14 14 14 13 14 14 14 14 14 14 14 14 14 13 14 14 14 14 14 14 14 14 14 15 14 14 14 14 14 14 14 14 14 14 14 14 14 14 14 14 14 14 14 13 14 14 14 14 14 14 14 14 14 14 14 14 14 14 14 13 14 14 14 13 14 14 14 14 14 14 14 14 14 14 14 14 14 14 14 14 14 14 14 14 14 14 14 14 14 13 14 14 13 14 14 14 14 14 14 14 14 14 14 14 14 14 14 14 14 14 14 14 14 14 13 14 15 14 14 14 14 14 14 14 14 14 15
590,3x3x256x256,0.03609089 0.036366485 0.04773869 0.05523158 0.044595428 0.05649824 0.04921849 0.0480051 0.0507847 0.05781777 0.049328014 0.031860057 0.046837762 0.062280677 0.04560222 0.04888489 0.04186571 0.0559433 0.046502836 0.05307646 0.059472915 0.03604297 0.05452033 0.03506493 0.052405737 0.038159758 0.054832585 0.06435449 0.046564568 0.039654754 0.045943905 0.07853902 0.044278268 0.04095254 0.04081845 0.052116107 0.047934175 0.050943296 0.054631997 0.045791693 0.04692509 0.061857205 0.046432495 0.047213443 0.056685396 0.05889478 0.054519914 0.03967734 0.04468946 0.057327602 0.05473641 0.04380986 0.04796151 0.047790598 0.04612457 0.03894647 0.050597806 0.04631309 0.041472763 0.034560382 0.038491398 0.053670157 0.054441344 0.053183015 0.041267864 0.047748428 0.0514611 0.056744978 0.0460131 0.06037574 0.039640732 0.044244815 0.06489463 0.037740342 0.04956223 0.047248088 0.035365075 0.043465126 0.044778485 0.036678467 0.03762907 0.029459124 0.040251404 0.04649939 0.056711607 0.03976332 0.05847125 0.05957473 0.053217415 0.042376637 0.055397607 0.027369421 0.06039495 0.04764118 0.031025494 0.044342633 0.04963886 0.04213809 0.04697773 0.041974723 0.047320016 0.04725915 0.05119398 0.040363636 0.05867263 0.038041424 0.060591716 0.046196077 0.043059118 0.0500401 0.047753647 0.048017267 0.056940675 0.040349383 0.03845998 0.04745509 0.052568715 0.04157184 0.041439388 0.045564983 0.05166804 0.05487955 0.045246936 0.052484665 0.041558255 0.046123337 0.039397765 0.052811213 0.05008736 0.08234031 0.06506335 0.05392951 0.058484595 0.09081178 0.036970463 0.036489297 0.05224931 0.03761018 0.068451606 0.043694373 0.033488017 0.060119156 0.046588734 0.060113184 0.05454206 0.063381396 0.039308794 0.05748209 0.042160284 0.049783923 0.043639444 0.044982206 0.042891324 0.0510013 0.053247105 0.042374652 0.048119176 0.0386835 0.043031335 0.07557901 0.053273637 0.049343646 0.04463603 0.03648716 0.042570222 0.04461137 0.0330767 0.04626038 0.036100592 0.042666618 0.051394843 0.061513122 0.044131115 0.050572418 0.056885995 0.05304941 0.04296547 0.04681049 0.04735752 0.04710011 0.044994194 0.03935014 0.04789483 0.05016729 0.043610424 0.047623336 0.043357134 0.053131934 0.049405165 0.07037354 0.05127398 0.07754395 0.051987175 0.050782345 0.048447672 0.0398779 0.04695561 0.05510975 0.031474072 0.042868007 0.043765787 0.03377745 0.0487743 0.041224368 0.04553662 0.058943816 0.05108221 0.04158846 0.041879907 0.045243435 0.045221675 0.045951784 0.055166565 0.04650623 0.04296753 0.04478929 0.03367939 0.04024698 0.066481434 0.060373634 0.038903866 0.059049416 0.046045423 0.05668059 0.03832593 0.055803116 0.043432474 0.03900851 0.06274273 0.03639793 0.040900018 0.043622747 0.049582485 0.0564756 0.043082185 0.039211776 0.03245913 0.07700247 0.051096443 0.04497263 0.032341532 0.061424486 0.05305978 0.048910957 0.047462646 0.0468516 0.056989066 0.068913855 0.05374105 0.06916665 0.044309136 0.03969544 0.04395538 0.050383814 0.044461396 0.047587387,0.036086485 0.036362045 0.047732864 0.055224836 0.044589985 0.056491345 0.04921248 0.047999244 0.050778504 0.057810713 0.049321994 0.03185617 0.046832044 0.062273074 0.045596655 0.048878923 0.041860603 0.055936474 0.04649716 0.053069983 0.059465654 0.03603857 0.054513678 0.03506065 0.05239934 0.0381551 0.05482589 0.064346634 0.046558883 0.039649915 0.045938298 0.07852943 0.044272866 0.040947545 0.04081347 0.052109744 0.047928322 0.05093708 0.054625332 0.045786105 0.04691936 0.061849654 0.04642683 0.047207683 0.056678478 0.05888759 0.05451326 0.039672498 0.044684008 0.057320606 0.05472973 0.043804515 0.04795566 0.047784768 0.04611894 0.038941715 0.050591633 0.046307437 0.041467704 0.034556165 0.0384867 0.053663608 0.054434698 0.053176522 0.041262828 0.0477426 0.05145482 0.056738053 0.04600748 0.06036837 0.039635897 0.044239413 0.06488671 0.037735734 0.049556185 0.04724232 0.03536076 0.04345982 0.04477302 0.036673993 0.037624482 0.02945553 0.040246494 0.046493713 0.056704685 0.03975847 0.058464117 0.059567463 0.053210918 0.042371463 0.055390846 0.027366081 0.06038758 0.04763537 0.031021707 0.044337224 0.049632803 0.042132944 0.046971995 0.0419696 0.04731424 0.04725338 0.05118773 0.040358707 0.05866547 0.038036782 0.06058432 0.046190437 0.043053865 0.05003399 0.047747817 0.048011407 0.056933723 0.040344458 0.038455285 0.047449302 0.0525623 0.041566767 0.041434333 0.045559425 0.051661737 0.05487285 0.04524141 0.052478258 0.04155318 0.046117708 0.03939296 0.052804768 0.050081246 0.082330264 0.065055415 0.053922933 0.058477458 0.090800695 0.03696595 0.03648484 0.052242935 0.03760559 0.06844325 0.04368904 0.03348393 0.06011182 0.04658305 0.060105845 0.054535404 0.06337366 0.039303996 0.057475075 0.04215514 0.049777847 0.04363412 0.04497672 0.04288609 0.050995074 0.053240605 0.04236948 0.0481133 0.038678776 0.043026086 0.075569786 0.053267136 0.04933762 0.04463058 0.036482703 0.04256503 0.044605922 0.033072665 0.04625473 0.03609619 0.04266141 0.051388573 0.061505616 0.044125732 0.050566245 0.056879055 0.053042937 0.04296023 0.04680478 0.047351737 0.047094364 0.044988703 0.03934534 0.047888987 0.050161164 0.043605104 0.047617525 0.04335184 0.053125452 0.049399137 0.07036496 0.051267724 0.07753449 0.05198083 0.05077615 0.04844176 0.03987303 0.04694988 0.055103023 0.03147023 0.042862773 0.043760445 0.03377333 0.048768345 0.04121934 0.04553106 0.058936622 0.051075973 0.04158338 0.041874796 0.045237914 0.045216154 0.045946173 0.05515983 0.046500556 0.04296229 0.04478382 0.033675276 0.040242065 0.06647332 0.060366265 0.038899116 0.059042208 0.0460398 0.056673672 0.038321253 0.055796307 0.043427173 0.03900375 0.06273508 0.036393486 0.040895026 0.043617424 0.04957643 0.056468707 0.043076925 0.039206993 0.032455165 0.07699307 0.051090207 0.044967137 0.032337587 0.061416987 0.053053305 0.048904985 0.047456853 0.046845883 0.05698211 0.06890544 0.053734493 0.06915821 0.04430373 0.039690595 0.043950014 0.050377667 0.04445597 0.04758158,0.00028414556 0.0002863153 0.0003758493 0.00043484123 0.00035110224 0.00044481375 0.00038749987 0.0003779468 0.00039983075 0.00045520245 0.00038836215 0.000250836 0.00036875624 0.0004903392 0.00035902878 0.00038487342 0.00032961104 0.00044044468 0.00036611935 0.00041787387 0.00046823348 0.00028376826 0.00042924157 0.0002760681 0.00041259325 0.00030043387 0.00043169994 0.00050666643 0.00036660538 0.00031220407 0.00036171888 0.00061834196 0.00034860524 0.0003224216 0.0003213659 0.00041031296 0.00037738835 0.00040107936 0.00043012074 0.0003605205 0.0003694438 0.00048700513 0.0003655656 0.00037171404 0.00044628722 0.00046368182 0.00042923828 0.00031238186 0.00035184258 0.00045134337 0.00043094275 0.00034491744 0.0003776036 0.00037625802 0.00036314127 0.00030662768 0.00039835932 0.00036462548 0.00032651736 0.0002720958 0.0003030449 0.0004225481 0.00042861968 0.00041871276 0.00032490416 0.000375926 0.00040515605 0.0004467563 0.0003622636 0.0004753415 0.00031209367 0.00034834183 0.00051091897 0.00029713177 0.00039020617 0.00037198677 0.0002784312 0.00034220333 0.00035254346 0.0002887716 0.00029625578 0.0002319333 0.00031690154 0.00036609222 0.0004464936 0.00031305882 0.0004603474 0.00046903515 0.0004189836 0.00033363356 0.0004361484 0.00021548095 0.00047549276 0.00037508164 0.0002442654 0.000349112 0.00039080947 0.00033175547 0.00036985823 0.0003304693 0.00037255307 0.00037207388 0.000403053 0.0003177851 0.00046193282 0.00029950222 0.0004770419 0.00036370422 0.0003390068 0.00039396842 0.00037596707 0.00037804258 0.00044829704 0.0003176729 0.00030279753 0.00037361655 0.00041387638 0.00032729737 0.00032625458 0.00035873562 0.00040678534 0.0004320697 0.00035623158 0.0004132146 0.0003271904 0.00036313155 0.0003101808 0.0004157856 0.00039434052 0.0006482698 0.0005122474 0.00042459002 0.00046045243 0.0007149661 0.0002910705 0.00028728222 0.0004113617 0.00029610703 0.00053892325 0.00034400818 0.000263653 0.00047332142 0.00036679566 0.00047327438 0.00042941264 0.0004990052 0.00030948027 0.00045255965 0.00033193023 0.00039195156 0.00034357575 0.0003541474 0.00033768575 0.00040153603 0.00041921737 0.00033361797 0.00037884488 0.0003045573 0.0003387881 0.0005950377 0.00041942627 0.0003884852 0.00035142188 0.00028726537 0.0003351577 0.00035122773 0.0002604147 0.0003642105 0.00028422195 0.00033591661 0.00040463443 0.00048429618 0.0003474467 0.0003981594 0.00044786657 0.00041766092 0.00033826954 0.00036854157 0.00037284833 0.00037082177 0.00035424175 0.00030980582 0.00037707863 0.0003949698 0.0003433473 0.00037494113 0.00034135306 0.00041831064 0.00038896958 0.0005540548 0.00040368288 0.0006105078 0.00040929788 0.0003998122 0.0003814312 0.00031396086 0.00036968407 0.00043388206 0.0002477971 0.00033750216 0.00034457044 0.00026593174 0.00038400272 0.00032456173 0.00035851228 0.00046406788 0.000402173 0.0003274282 0.0003297228 0.00035620405 0.00035603272 0.0003617809 0.00043432935 0.00036614612 0.00033828575 0.0003526285 0.00026515964 0.00031686664 0.00052341196 0.00047532492 0.00030629226 0.00046489926 0.00036251813 0.00044624938 0.00030174214 0.000439341 0.00034194623 0.00030711613 0.000493977 0.0002865629 0.00032200807 0.0003434443 0.0003903656 0.0004446355 0.00033918838 0.00030871647 0.00025555247 0.00060624466 0.0004022851 0.00035407193 0.00025462668 0.00048359833 0.00041774256 0.00038507863 0.000373676 0.00036886524 0.00044867804 0.0005425626 0.00042310625 0.00054455287 0.00034884826 0.00031252438 0.0003460631 0.00039667456 0.00035004702 0.00037465812,
591,256,,,0.004770726 0.004770726 0.004770726 0.004770726 0.004770726 0.004770726 0.004770726 0.004770726 0.004770726 0.004770726 0.004770726 0.004770726 0.004770726 0.004770726 0.004770726 0.004770726 0.004770726 0.004770726 0.004770726 0.004770726 0.004770726 0.004770726 0.004770726 0.004770726 0.004770726 0.004770726 0.004770726 0.004770726 0.004770726 0.004770726 0.004770726 0.004770726 0.004770726 0.004770726 0.004770726 0.004770726 0.004770726 0.004770726 0.004770726 0.004770726 0.004770726 0.004770726 0.004770726 0.004770726 0.004770726 0.004770726 0.004770726 0.004770726 0.004770726 0.004770726 0.004770726 0.004770726 0.004770726 0.004770726 0.004770726 0.004770726 0.004770726 0.004770726 0.004770726 0.004770726 0.004770726 0.004770726 0.004770726 0.004770726 0.004770726 0.004770726 0.004770726 0.004770726 0.004770726 0.004770726 0.004770726 0.004770726 0.004770726 0.004770726 0.004770726 0.004770726 0.004770726 0.004770726 0.004770726 0.004770726 0.004770726 0.004770726 0.004770726 0.004770726 0.004770726 0.004770726 0.004770726 0.004770726 0.004770726 0.004770726 0.004770726 0.004770726 0.004770726 0.004770726 0.004770726 0.004770726 0.004770726 0.004770726 0.004770726 0.004770726 0.004770726 0.004770726 0.004770726 0.004770726 0.004770726 0.004770726 0.004770726 0.004770726 0.004770726 0.004770726 0.004770726 0.004770726 0.004770726 0.004770726 0.004770726 0.004770726 0.004770726 0.004770726 0.004770726 0.004770726 0.004770726 0.004770726 0.004770726 0.004770726 0.004770726 0.004770726 0.004770726 0.004770726 0.004770726 0.004770726 0.004770726 0.004770726 0.004770726 0.004770726 0.004770726 0.004770726 0.004770726 0.004770726 0.004770726 0.004770726 0.004770726 0.004770726 0.004770726 0.004770726 0.004770726 0.004770726 0.004770726 0.004770726 0.004770726 0.004770726 0.004770726 0.004770726 0.004770726 0.004770726 0.004770726 0.004770726 0.004770726 0.004770726 0.004770726 0.004770726 0.004770726 0.004770726 0.004770726 0.004770726 0.004770726 0.004770726 0.004770726 0.004770726 0.004770726 0.004770726 0.004770726 0.004770726 0.004770726 0.004770726 0.004770726 0.004770726 0.004770726 0.004770726 0.004770726 0.004770726 0.004770726 0.004770726 0.004770726 0.004770726 0.004770726 0.004770726 0.004770726 0.004770726 0.004770726 0.004770726 0.004770726 0.004770726 0.004770726 0.004770726 0.004770726 0.004770726 0.004770726 0.004770726 0.004770726 0.004770726 0.004770726 0.004770726 0.004770726 0.004770726 0.004770726 0.004770726 0.004770726 0.004770726 0.004770726 0.004770726 0.004770726 0.004770726 0.004770726 0.004770726 0.004770726 0.004770726 0.004770726 0.004770726 0.004770726 0.004770726 0.004770726 0.004770726 0.004770726 0.004770726 0.004770726 0.004770726 0.004770726 0.004770726 0.004770726 0.004770726 0.004770726 0.004770726 0.004770726 0.004770726 0.004770726 0.004770726 0.004770726 0.004770726 0.004770726 0.004770726 0.004770726 0.004770726 0.004770726 0.004770726 0.004770726 0.004770726 0.004770726 0.004770726 0.004770726 0.004770726 0.004770726 0.004770726 0.004770726 0.004770726 0.004770726 0.004770726,15 15 15 15 15 15 15 15 15 15 15 15 15 14 15 15 15 15 15 15 15 15 15 15 15 15 15 14 15 15 15 14 15 15 15 15 15 15 15 15 15 15 15 15 15 15 15 15 15 15 15 15 15 15 15 15 15 15 15 15 15 15 15 15 15 15 15 15 15 15 15 15 14 15 15 15 15 15 15 15 15 16 15 15 15 15 15 15 15 15 15 16 15 15 15 15 15 15 15 15 15 15 15 15 15 15 15 15 15 15 15 15 15 15 15 15 15 15 15 15 15 15 15 15 15 15 15 15 15 14 14 15 15 14 15 15 15 15 14 15 15 15 15 15 15 14 15 15 15 15 15 15 15 15 15 15 15 15 15 14 15 15 15 15 15 15 15 15 15 15 15 15 15 15 15 15 15 15 15 15 15 15 15 15 15 15 15 15 15 14 15 14 15 15 15 15 15 15 15 15 15 15 15 15 15 15 15 15 15 15 15 15 15 15 15 15 15 15 14 15 15 15 15 15 15 15 15 15 14 15 15 15 15 15 15 15 15 14 15 15 15 15 15 15 15 15 15 14 15 14 15 15 15 15 15 15
599,1x1x768x512,0.12259218 0.13983876 0.16158678 0.13632666 0.12549749 0.15723394 0.14346804 0.13663672 0.16057764 0.1491985 0.1843063 0.15918599 0.14019418 0.122043535 0.16399154 0.17485434 0.15090345 0.13536207 0.13559721 0.16076021 0.13944095 0.17056903 0.17157622 0.12629169 0.13497466 0.18204346 0.12986484 0.158144 0.13463257 0.14129187 0.18503606 0.11305771 0.12951279 0.14227414 0.15153147 0.1936437 0.124809764 0.17275825 0.13329455 0.13302366 0.14766952 0.16041799 0.11331761 0.13083157 0.16832685 0.15052651 0.17274569 0.16728395 0.10435996 0.13538636 0.13943002 0.12565461 0.16036041 0.13892917 0.17288114 0.13061236 0.13858166 0.15348414 0.14356847 0.1209058 0.14941347 0.13738573 0.15855722 0.14561673 0.13557403 0.12777202 0.11529928 0.15475686 0.1300735 0.14575002 0.12961331 0.14707078 0.139527 0.14147565 0.1391112 0.15555562 0.15782788 0.16638473 0.17146525 0.16743037 0.15098204 0.14088775 0.17395052 0.1488788 0.14132339 0.16356683 0.14298321 0.14817469 0.13388401 0.1313714 0.13928097 0.16285409 0.16765703 0.16930684 0.16345738 0.123891756 0.15446603 0.13928187 0.17783934 0.10895753 0.14440084 0.13320233 0.13236168 0.14488642 0.15151522 0.14060752 0.16821048 0.115406655 0.16137402 0.14206061 0.10956345 0.13726637 0.12470535 0.20379874 0.1351989 0.17761447 0.15374033 0.16410688 0.13698477 0.13611738 0.13984409 0.134779 0.1190611 0.30640563 0.15765789 0.13072234 0.14731261 0.15456033 0.10753269 0.19470412 0.15529078 0.1424689 0.18662699 0.14836347 0.14737582 0.12955762 0.1290733 0.13539015 0.14207898 0.14014192 0.19110994 0.14780505 0.16925529 0.15137726 0.13793263 0.12148006 0.17655891 0.14642043 0.14154682 0.17315106 0.14296448 0.14865014 0.15372007 0.16780765 0.17587359 0.12992308 0.16428852 0.14883292 0.17624713 0.17244554 0.17184861 0.15000582 0.1371178 0.11391128 0.18288484 0.17038941 0.14538173 0.15005592 0.22800864 0.11920515 0.13554065 0.16810426 0.14339876 0.14048818 0.12219292 0.13721475 0.13657965 0.12753579 0.13158356 0.19105959 0.14107545 0.11358395 0.19359423 0.20132867 0.15978713 0.13717878 0.14819157 0.1567795 0.13857834 0.20211096 0.12711507 0.14694625 0.13865425 0.17156523 0.14984027 0.14290303 0.13321425 0.13598861 0.15043709 0.16227084 0.26747462 0.1477027 0.12953201 0.113672584 0.18983017 0.15518983 0.17417878 0.14049233 0.13358836 0.15167056 0.22008812 0.1563597 0.123483874 0.22642712 0.14986324 0.1547823 0.116037846 0.18604478 0.16528623 0.1621936 0.12725864 0.110843696 0.1584386 0.16638285 0.13254976 0.13013354 0.22209206 0.13280842 0.13794352 0.15154578 0.12084857 0.1473392 0.15250795 0.14154316 0.11381193 0.16848485 0.17041239 0.14425887 0.16071072 0.13931489 0.18501157 0.14490855 0.122892864 0.14511393 0.11386905 0.10150565 0.12057904 0.15563758 0.15414411 0.16500054 0.14692199 0.13279712 0.13640085 0.14870943 0.17789043 0.13294391 0.099190176 0.09956261 0.11774376 0.109264165 0.1313622 0.10031347 0.12001208 0.13790332 0.10496421 0.1039879 0.09220752 0.07966176 0.124535136 0.118086435 0.12502806 0.10529575 0.09182288 0.10464085 0.10531964 0.09831833 0.060637448 0.076735914 0.13146128 0.08992996 0.08587906 0.11359862 0.07961358 0.1119933 0.09732586 0.13165632 0.108108096 0.108599015 0.1166974 0.098406695 0.12026127 0.101831585 0.09998151 0.073761664 0.10882772 0.10491408 0.089748114 0.09504754 0.10100758 0.1183869 0.0835383 0.07818762 0.09621703 0.084312275 0.11126617 0.12471302 0.10493837 0.099652626 0.096883915 0.15163222 0.08857976 0.086408675 0.11854661 0.08786779 0.09785717 0.11104559 0.07561235 0.10044787 0.09643461 0.11947362 0.14660473 0.080114685 0.10629837 0.08022023 0.083726026 0.10691584 0.08108783 0.09667632 0.07392339 0.124293 0.17894989 0.07396209 0.097350486 0.15875715 0.086910404 0.11074922 0.10710076 0.09416214 0.10991795 0.09452664 0.12520821 0.1161895 0.07849244 0.13523337 0.096697435 0.094769046 0.09818379 0.10322696 0.09487627 0.103619024 0.15674682 0.07838555 0.09741547 0.111081444 0.09516127 0.06296939 0.0806415 0.118138514 0.09606035 0.088781744 0.09078577 0.09562906 0.11855616 0.08961256 0.08081822 0.11398762 0.11561167 0.11547967 0.098617144 0.12526892 0.123587035 0.08138361 0.062728085 0.07867819 0.11804094 0.08765355 0.14091891 0.10634108 0.11974028 0.09223143 0.086639896 0.08330311 0.108018875 0.093266495 0.09150918 0.08912833 0.074956566 0.11031305 0.12178914 0.10466807 0.082722105 0.17605652 0.08700802 0.07601404 0.104662724 0.09665874 0.0787699 0.105939195 0.083680764 0.17333895 0.10537897 0.089370735 0.10955993 0.10399788 0.116511635 0.14150344 0.09829925 0.0893125 0.09005325 0.11657988 0.122265995 0.08143135 0.11139191 0.0990112 0.12445544 0.0925062 0.110258296 0.10164807 0.1097394 0.09669577 0.1286879 0.09138851 0.08852294 0.09861308 0.10236345 0.067333505 0.09984703 0.16153795 0.15054005 0.13083278 0.08425185 0.09422866 0.10595135 0.07371098 0.16349332 0.08298745 0.11761333 0.087475784 0.09490802 0.07344837 0.08823508 0.1101366 0.120625384 0.11110294 0.09714848 0.18721569 0.08151515 0.08764704 0.11943633 0.10798905 0.08226706 0.07799633 0.11947797 0.0918467 0.08634787 0.07548795 0.1285306 0.09803286 0.14931048 0.10616874 0.0862212 0.114696085 0.11156321 0.08095616 0.08359881 0.09307731 0.09150446 0.089676134 0.1381362 0.12217295 0.12882423 0.094802275 0.09682431 0.09653632 0.10303251 0.083446965 0.095967986 0.17866361 0.09638391 0.104191236 0.0795909 0.10008346 0.074800424 0.098741174 0.119680345 0.07306399 0.09115566 0.10120446 0.08129805 0.09239993 0.11303503 0.12706418 0.103420444 0.12402981 0.11915199 0.09430397 0.14435472 0.10161878 0.10390072 0.08675313 0.11041624 0.08378123 0.123252556 0.09549397 0.08675746 0.12788135 0.11431924 0.09945174 0.10498843 0.0931227 0.13197605 0.09267651,0.12257722 0.13982168 0.16156705 0.13631003 0.12548217 0.15721476 0.14345053 0.13662004 0.16055804 0.1491803 0.1842838 0.15916657 0.14017707 0.12202864 0.16397153 0.174833 0.15088503 0.13534556 0.13558067 0.1607406 0.13942394 0.17054822 0.17155528 0.12627627 0.13495818 0.18202125 0.129849 0.1581247 0.13461615 0.14127463 0.18501347 0.11304391 0.12949699 0.14225678 0.15151298 0.19362007 0.12479453 0.17273717 0.1332783 0.13300742 0.1476515 0.16039841 0.11330378 0.13081561 0.16830632 0.15050814 0.1727246 0.16726354 0.10434722 0.13536984 0.139413 0.12563927 0.16034083 0.13891222 0.17286004 0.13059643 0.13856475 0.1534654 0.14355095 0.12089104 0.14939524 0.13736896 0.15853788 0.14559896 0.13555747 0.12775642 0.11528521 0.15473796 0.13005762 0.14573224 0.1295975 0.14705284 0.13950998 0.14145839 0.13909422 0.15553664 0.15780863 0.16636443 0.17144431 0.16740993 0.15096362 0.14087056 0.1739293 0.14886062 0.14130613 0.16354688 0.14296576 0.14815661 0.13386768 0.13135536 0.13926399 0.16283421 0.16763657 0.16928619 0.16343744 0.12387663 0.15444718 0.13926488 0.17781764 0.10894424 0.14438322 0.13318607 0.13234553 0.14486875 0.15149672 0.14059037 0.16818996 0.115392566 0.16135433 0.14204326 0.10955008 0.13724962 0.12469014 0.20377387 0.1351824 0.1775928 0.15372157 0.16408685 0.13696805 0.13610077 0.13982701 0.13476256 0.11904657 0.30636826 0.15763865 0.1307064 0.14729463 0.15454146 0.10751956 0.19468036 0.15527183 0.14245151 0.1866042 0.14834537 0.14735784 0.12954181 0.12905756 0.13537362 0.14206165 0.14012481 0.19108662 0.14778702 0.16923463 0.15135878 0.1379158 0.121465236 0.17653736 0.14640257 0.14152953 0.17312993 0.14294703 0.14863199 0.1537013 0.16778716 0.17585212 0.12990722 0.16426848 0.14881475 0.17622562 0.17242448 0.17182763 0.14998752 0.13710107 0.113897376 0.18286252 0.17036861 0.145364 0.1500376 0.2279808 0.1191906 0.13552411 0.16808374 0.14338125 0.14047104 0.12217801 0.137198 0.13656299 0.12752023 0.13156751 0.19103627 0.14105822 0.113570094 0.19357061 0.2013041 0.15976764 0.13716203 0.1481735 0.15676036 0.13856143 0.20208628 0.12709956 0.14692831 0.13863733 0.1715443 0.14982198 0.14288558 0.133198 0.13597202 0.15041873 0.16225104 0.26744196 0.14768468 0.1295162 0.11365871 0.18980701 0.15517089 0.17415753 0.1404752 0.13357206 0.15165205 0.22006127 0.15634063 0.12346881 0.22639948 0.14984494 0.15476342 0.11602369 0.18602209 0.16526607 0.1621738 0.12724312 0.11083017 0.15841927 0.16636255 0.1325336 0.13011765 0.22206496 0.13279222 0.13792668 0.15152729 0.120833814 0.14732122 0.15248933 0.1415259 0.113798045 0.16846429 0.1703916 0.14424126 0.16069111 0.13929789 0.18498899 0.14489086 0.122877866 0.14509621 0.11385515 0.10149327 0.12056433 0.1556186 0.15412529 0.1649804 0.14690405 0.13278092 0.1363842 0.14869128 0.17786872 0.13292769 0.099178076 0.099550456 0.117729396 0.109250836 0.13134617 0.10030123 0.119997434 0.13788648 0.1049514 0.10397521 0.09219626 0.079652034 0.12451994 0.11807202 0.1250128 0.1052829 0.09181167 0.10462808 0.10530679 0.09830633 0.060630046 0.07672655 0.13144524 0.089918986 0.08586858 0.113584764 0.079603866 0.111979626 0.097313985 0.13164024 0.1080949 0.10858576 0.11668316 0.098394684 0.12024659 0.10181916 0.09996931 0.073752664 0.10881444 0.10490127 0.08973716 0.09503594 0.10099526 0.118372455 0.0835281 0.078178085 0.09620529 0.084301986 0.1112526 0.1246978 0.104925565 0.09964046 0.09687209 0.15161371 0.08856895 0.086398125 0.11853214 0.08785706 0.09784523 0.11103204 0.07560313 0.10043561 0.09642284 0.11945904 0.14658685 0.0801049 0.1062854 0.08021044 0.083715804 0.106902786 0.08107793 0.096664526 0.073914364 0.12427783 0.17892806 0.07395306 0.09733861 0.15873778 0.0868998 0.11073571 0.10708769 0.09415064 0.109904535 0.0945151 0.12519293 0.11617532 0.07848287 0.13521688 0.09668563 0.094757475 0.0981718 0.10321436 0.09486469 0.10360637 0.15672769 0.07837598 0.097403586 0.11106789 0.09514966 0.0629617 0.08063166 0.1181241 0.09604862 0.08877091 0.09077469 0.09561738 0.11854169 0.08960162 0.08080836 0.11397371 0.11559757 0.11546558 0.098605104 0.12525363 0.12357195 0.08137368 0.062720425 0.078668594 0.11802654 0.08764285 0.14090171 0.1063281 0.11972566 0.09222017 0.08662932 0.083292946 0.10800569 0.09325512 0.09149801 0.08911745 0.07494742 0.11029959 0.12177428 0.104655296 0.08271201 0.17603503 0.086997405 0.076004766 0.104649946 0.096646935 0.07876028 0.10592626 0.08367056 0.1733178 0.10536611 0.08935983 0.109546565 0.10398518 0.11649741 0.14148617 0.098287255 0.0893016 0.09004226 0.11656566 0.12225108 0.08142141 0.11137832 0.09899911 0.12444025 0.092494905 0.11024484 0.101635665 0.10972601 0.09668397 0.1286722 0.091377355 0.08851214 0.09860104 0.102350965 0.06732529 0.099834844 0.16151823 0.15052168 0.13081682 0.08424157 0.09421716 0.10593841 0.07370198 0.16347337 0.08297732 0.11759898 0.08746511 0.09489644 0.073439404 0.08822431 0.11012316 0.12061066 0.11108938 0.09713662 0.18719283 0.0815052 0.08763635 0.11942175 0.10797587 0.082257025 0.077986814 0.11946339 0.091835484 0.08633733 0.07547873 0.12851493 0.0980209 0.14929226 0.10615578 0.086210676 0.11468209 0.11154959 0.08094628 0.0835886 0.093065955 0.09149329 0.08966519 0.13811933 0.12215804 0.12880851 0.094790705 0.096812494 0.09652454 0.10301994 0.08343678 0.09595627 0.1786418 0.09637214 0.104178526 0.07958119 0.100071244 0.0747913 0.09872912 0.119665734 0.07305507 0.09114454 0.10119212 0.08128814 0.09238866 0.11302124 0.12704869 0.10340782 0.124014676 0.11913745 0.09429247 0.14433709 0.101606384 0.10388804 0.08674254 0.11040277 0.083771 0.12323751 0.09548232 0.08674687 0.12786573 0.114305295 0.099439606 0.104975626 0.09311133 0.13195994 0.0926652,0.000965175 0.0011009581 0.0012721815 0.0010733072 0.0009880486 0.0012379115 0.0011295318 0.0010757484 0.0012642365 0.001174648 0.0014510535 0.0012532801 0.0011037565 0.00096085545 0.0012911144 0.0013766378 0.0011880711 0.0010657131 0.0010675644 0.001265674 0.0010978263 0.0013428993 0.001350829 0.0009943013 0.0010626628 0.0014332382 0.001022433 0.0012450764 0.0010599697 0.0011123987 0.001456799 0.0008901095 0.0010196613 0.0011201322 0.0011930156 0.0015245675 0.000982634 0.0013601352 0.0010494353 0.0010473025 0.0011626101 0.0012629796 0.00089215575 0.0010300442 0.0013252466 0.0011851034 0.0013600362 0.0013170358 0.0008216317 0.0010659043 0.0010977401 0.0009892856 0.0012625263 0.0010937969 0.0013611027 0.0010283183 0.001091061 0.0012083891 0.0011303225 0.000951898 0.0011763405 0.0010816454 0.0012483298 0.0011464485 0.0010673817 0.0010059561 0.00090775755 0.0012184092 0.0010240758 0.0011474979 0.0010204527 0.0011578964 0.0010985037 0.0011138456 0.0010952301 0.0012246979 0.0012425877 0.0013099562 0.0013499552 0.0013181884 0.00118869 0.001109217 0.0013695221 0.0011721308 0.0011126467 0.0012877707 0.0011257146 0.0011665875 0.0010540762 0.0010342941 0.0010965668 0.0012821591 0.001319973 0.0013329622 0.001286909 0.00097540655 0.0012161195 0.0010965739 0.001400139 0.00085782865 0.0011368757 0.0010487093 0.0010420908 0.0011406988 0.0011928875 0.0011070108 0.0013243303 0.0009086029 0.0012705065 0.0011184509 0.00086259906 0.0010807057 0.0009818121 0.0016045186 0.0010644284 0.0013983685 0.0012104061 0.0012920224 0.0010784885 0.0010716596 0.0011010001 0.0010611225 0.00093737454 0.0024123485 0.0012412493 0.0010291842 0.0011598002 0.0012168619 0.0008466107 0.0015329162 0.0012226128 0.0011216655 0.0014693245 0.0011680737 0.0011602979 0.0010200143 0.0010162012 0.0010659341 0.0011185957 0.001103345 0.001504619 0.0011636773 0.0013325561 0.0011918014 0.0010859512 0.00095641916 0.001390058 0.0011527761 0.0011144058 0.0013632278 0.0011255672 0.0011703307 0.0012102465 0.0013211587 0.0013846623 0.0010228915 0.0012934526 0.0011717697 0.0013876032 0.0013576731 0.0013529735 0.0011810041 0.0010795359 0.0008968297 0.0014398624 0.0013414852 0.0011445985 0.0011813984 0.0017951245 0.0009385087 0.001067119 0.001323494 0.0011289862 0.0011060712 0.0009620316 0.0010802993 0.0010752991 0.0010040964 0.0010359646 0.0015042226 0.0011106946 0.00089425273 0.0015241781 0.0015850716 0.001258013 0.001080016 0.0011667204 0.0012343336 0.0010910349 0.0015912306 0.0010007839 0.0011569158 0.0010916325 0.0013507425 0.0011797006 0.0011250833 0.0010488031 0.0010706459 0.0011843995 0.0012775672 0.002105842 0.0011628715 0.0010198125 0.00089495047 0.0014945434 0.001221818 0.0013713192 0.0011061039 0.0010517485 0.0011941106 0.0017327659 0.0012310286 0.00097219535 0.0017826731 0.0011798815 0.0012186096 0.0009135724 0.0014647408 0.0013013076 0.001276959 0.0010019143 0.00087267853 0.0012473958 0.0013099414 0.0010435716 0.0010245484 0.001748543 0.0010456081 0.0010860369 0.0011931282 0.00095144735 0.0011600096 0.0012007034 0.0011143772 0.00089604757 0.0013264904 0.0013416662 0.0011357579 0.0012652844 0.0010968337 0.0014566062 0.001140873 0.00096754223 0.0011424898 0.0008964973 0.0007991596 0.0009493254 0.0012253432 0.0012135849 0.0012990582 0.0011567248 0.0010455191 0.0010738914 0.0011707975 0.0014005412 0.0010466747 0.00078092975 0.00078386185 0.0009270031 0.0008602428 0.0010342217 0.0007897735 0.0009448617 0.0010857203 0.00082638895 0.0008187024 0.00072595483 0.0006271814 0.000980472 0.0009297009 0.0009843528 0.0008289992 0.0007229266 0.0008238431 0.00082918734 0.00077406556 0.00047740195 0.00060414604 0.001035002 0.0007080235 0.0006761306 0.0008943682 0.0006268021 0.00088172936 0.0007662519 0.0010365373 0.00085114094 0.000855006 0.0009187651 0.0007747613 0.00094682357 0.00080172566 0.00078715995 0.0005807296 0.00085680664 0.00082599424 0.0007065918 0.0007483145 0.00079523824 0.0009320666 0.0006577016 0.00061557547 0.00075752195 0.00066379516 0.0008760047 0.0009818724 0.00082618557 0.0007845705 0.0007627724 0.0011938087 0.0006973933 0.0006803002 0.000933324 0.00069178786 0.00077043485 0.000874268 0.0005953002 0.0007908316 0.000759235 0.00094062235 0.0011542272 0.00063074724 0.0008368929 0.00063157827 0.0006591796 0.0008417542 0.00063840894 0.000761138 0.00058200286 0.0009785655 0.0014088823 0.0005823076 0.00076644577 0.0012499038 0.00068425044 0.0008719347 0.00084321015 0.0007413436 0.00086539006 0.0007442134 0.0009857711 0.00091476634 0.0006179753 0.0010646998 0.0007613042 0.00074612186 0.0007730063 0.0008127115 0.00074696605 0.00081579824 0.0012340762 0.0006171337 0.00076695735 0.0008745503 0.0007492099 0.0004957614 0.00063489494 0.000930111 0.00075628835 0.00069898355 0.0007147614 0.0007528928 0.00093339913 0.0007055246 0.0006362863 0.00089743076 0.00091021706 0.0009091778 0.00077641814 0.0009862491 0.00097300747 0.0006407376 0.0004938616 0.0006194378 0.0009293428 0.0006901012 0.0011094623 0.00083722913 0.00094272173 0.0007261431 0.0006821207 0.00065585 0.0008504385 0.00073429226 0.00072045677 0.0007017122 0.00059013715 0.0008685007 0.0009588526 0.00082405744 0.0006512757 0.0013861026 0.00068501895 0.0005984627 0.0008240153 0.0007609995 0.00062015967 0.000834065 0.0006588233 0.0013647071 0.0008296544 0.00070362067 0.00086257135 0.000818781 0.00091730244 0.0011140644 0.0007739154 0.0007031622 0.0007089942 0.0009178398 0.0009626069 0.0006411135 0.0008769946 0.00077952055 0.0009798445 0.00072830636 0.0008680696 0.00080028083 0.00086398434 0.0007612911 0.0010131669 0.00071950676 0.000696946 0.0007763862 0.0008059131 0.0005301204 0.00078610115 0.0012717971 0.0011852101 0.0010300537 0.0006633194 0.0007418674 0.0008341607 0.00058033055 0.0012871919 0.0006533647 0.0009259762 0.00068870164 0.0007472161 0.000578263 0.00069467956 0.0008671115 0.00094969023 0.0008747195 0.00076485524 0.0014739593 0.0006417732 0.00069005 0.00094032875 0.0008502037 0.0006476931 0.0006140694 0.00094065664 0.00072311406 0.0006798215 0.0005943207 0.0010119285 0.0007718181 0.0011755296 0.0008358723 0.0006788242 0.0009030086 0.00087834324 0.0006373723 0.00065817795 0.0007328028 0.00072041963 0.0007060251 0.0010875537 0.0009618744 0.0010142403 0.0007463835 0.0007623031 0.0007600357 0.0008111806 0.00065698253 0.0007555612 0.0014066283 0.00075883575 0.00082030334 0.0006266236 0.0007879626 0.00058890786 0.0007773946 0.0009422499 0.0005752368 0.00071767357 0.0007967883 0.00064006407 0.00072746974 0.00088993105 0.0010003834 0.00081423484 0.0009764935 0.00093809015 0.00074246037 0.0011365125 0.0008000503 0.00081801607 0.0006830121 0.00086931314 0.00065961416 0.0009703741 0.0007518293 0.00068304624 0.0010068167 0.0009000417 0.000782989 0.00082657975 0.00073316006 0.0010390547 0.0007296473,
600,512,,,0.0045940573 0.0045940573 0.0045940573 0.0045940573 0.0045940573 0.0045940573 0.0045940573 0.0045940573 0.0045940573 0.0045940573 0.0045940573 0.0045940573 0.0045940573 0.0045940573 0.0045940573 0.0045940573 0.0045940573 0.0045940573 0.0045940573 0.0045940573 0.0045940573 0.0045940573 0.0045940573 0.0045940573 0.0045940573 0.0045940573 0.0045940573 0.0045940573 0.0045940573 0.0045940573 0.0045940573 0.0045940573 0.0045940573 0.0045940573 0.0045940573 0.0045940573 0.0045940573 0.0045940573 0.0045940573 0.0045940573 0.0045940573 0.0045940573 0.0045940573 0.0045940573 0.0045940573 0.0045940573 0.0045940573 0.0045940573 0.0045940573 0.0045940573 0.0045940573 0.0045940573 0.0045940573 0.0045940573 0.0045940573 0.0045940573 0.0045940573 0.0045940573 0.0045940573 0.0045940573 0.0045940573 0.0045940573 0.0045940573 0.0045940573 0.0045940573 0.0045940573 0.0045940573 0.0045940573 0.0045940573 0.0045940573 0.0045940573 0.0045940573 0.0045940573 0.0045940573 0.0045940573 0.0045940573 0.0045940573 0.0045940573 0.0045940573 0.0045940573 0.0045940573 0.0045940573 0.0045940573 0.0045940573 0.0045940573 0.0045940573 0.0045940573 0.0045940573 0.0045940573 0.0045940573 0.0045940573 0.0045940573 0.0045940573 0.0045940573 0.0045940573 0.0045940573 0.0045940573 0.0045940573 0.0045940573 0.0045940573 0.0045940573 0.0045940573 0.0045940573 0.0045940573 0.0045940573 0.0045940573 0.0045940573 0.0045940573 0.0045940573 0.0045940573 0.0045940573 0.0045940573 0.0045940573 0.0045940573 0.0045940573 0.0045940573 0.0045940573 0.0045940573 0.0045940573 0.0045940573 0.0045940573 0.0045940573 0.0045940573 0.0045940573 0.0045940573 0.0045940573 0.0045940573 0.0045940573 0.0045940573 0.0045940573 0.0045940573 0.0045940573 0.0045940573 0.0045940573 0.0045940573 0.0045940573 0.0045940573 0.0045940573 0.0045940573 0.0045940573 0.0045940573 0.0045940573 0.0045940573 0.0045940573 0.0045940573 0.0045940573 0.0045940573 0.0045940573 0.0045940573 0.0045940573 0.0045940573 0.0045940573 0.0045940573 0.0045940573 0.0045940573 0.0045940573 0.0045940573 0.0045940573 0.0045940573 0.0045940573 0.0045940573 0.0045940573 0.0045940573 0.0045940573 0.0045940573 0.0045940573 0.0045940573 0.0045940573 0.0045940573 0.0045940573 0.0045940573 0.0045940573 0.0045940573 0.0045940573 0.0045940573 0.0045940573 0.0045940573 0.0045940573 0.0045940573 0.0045940573 0.0045940573 0.0045940573 0.0045940573 0.0045940573 0.0045940573 0.0045940573 0.0045940573 0.0045940573 0.0045940573 0.0045940573 0.0045940573 0.0045940573 0.0045940573 0.0045940573 0.0045940573 0.0045940573 0.0045940573 0.0045940573 0.0045940573 0.0045940573 0.0045940573 0.0045940573 0.0045940573 0.0045940573 0.0045940573 0.0045940573 0.0045940573 0.0045940573 0.0045940573 0.0045940573 0.0045940573 0.0045940573 0.0045940573 0.0045940573 0.0045940573 0.0045940573 0.0045940573 0.0045940573 0.0045940573 0.0045940573 0.0045940573 0.0045940573 0.0045940573 0.0045940573 0.0045940573 0.0045940573 0.0045940573 0.0045940573 0.0045940573 0.0045940573 0.0045940573 0.0045940573 0.0045940573 0.0045940573 0.0045940573 0.0045940573 0.0045940573 0.0045940573 0.0045940573 0.0045940573 0.0045940573 0.0045940573 0.0045940573 0.0045940573 0.0045940573 0.0045940573 0.0045940573 0.0045940573 0.0045940573 0.0045940573 0.0045940573 0.0045940573 0.0045940573 0.0045940573 0.0045940573 0.0045940573 0.0045940573 0.0045940573 0.0045940573 0.0045940573 0.0045940573 0.0045940573 0.0045940573 0.0045940573 0.0045940573 0.0045940573 0.0045940573 0.0045940573 0.0045940573 0.0045940573 0.0045940573 0.0045940573 0.0045940573 0.0045940573 0.0045940573 0.0045940573 0.0045940573 0.0045940573 0.0045940573 0.0045940573 0.0045940573 0.0045940573 0.0045940573 0.0045940573 0.0045940573 0.0045940573 0.0045940573 0.0045940573 0.0045940573 0.0045940573 0.0045940573 0.0045940573 0.0045940573 0.0045940573 0.0045940573 0.0045940573 0.0045940573 0.0045940573 0.0045940573 0.0045940573 0.0045940573 0.0045940573 0.0045940573 0.0045940573 0.0045940573 0.0045940573 0.0045940573 0.0045940573 0.0045940573 0.0045940573 0.0045940573 0.0045940573 0.0045940573 0.0045940573 0.0045940573 0.0045940573 0.0045940573 0.0045940573 0.0045940573 0.0045940573 0.0045940573 0.0045940573 0.0045940573 0.0045940573 0.0045940573 0.0045940573 0.0045940573 0.0045940573 0.0045940573 0.0045940573 0.0045940573 0.0045940573 0.0045940573 0.0045940573 0.0045940573 0.0045940573 0.0045940573 0.0045940573 0.0045940573 0.0045940573 0.0045940573 0.0045940573 0.0045940573 0.0045940573 0.0045940573 0.0045940573 0.0045940573 0.0045940573 0.0045940573 0.0045940573 0.0045940573 0.0045940573 0.0045940573 0.0045940573 0.0045940573 0.0045940573 0.0045940573 0.0045940573 0.0045940573 0.0045940573 0.0045940573 0.0045940573 0.0045940573 0.0045940573 0.0045940573 0.0045940573 0.0045940573 0.0045940573 0.0045940573 0.0045940573 0.0045940573 0.0045940573 0.0045940573 0.0045940573 0.0045940573 0.0045940573 0.0045940573 0.0045940573 0.0045940573 0.0045940573 0.0045940573 0.0045940573 0.0045940573 0.0045940573 0.0045940573 0.0045940573 0.0045940573 0.0045940573 0.0045940573 0.0045940573 0.0045940573 0.0045940573 0.0045940573 0.0045940573 0.0045940573 0.0045940573 0.0045940573 0.0045940573 0.0045940573 0.0045940573 0.0045940573 0.0045940573 0.0045940573 0.0045940573 0.0045940573 0.0045940573 0.0045940573 0.0045940573 0.0045940573 0.0045940573 0.0045940573 0.0045940573 0.0045940573 0.0045940573 0.0045940573 0.0045940573 0.0045940573 0.0045940573 0.0045940573 0.0045940573 0.0045940573 0.0045940573 0.0045940573 0.0045940573 0.0045940573 0.0045940573 0.0045940573 0.0045940573 0.0045940573 0.0045940573 0.0045940573 0.0045940573 0.0045940573 0.0045940573 0.0045940573 0.0045940573 0.0045940573 0.0045940573 0.0045940573 0.0045940573 0.0045940573 0.0045940573 0.0045940573 0.0045940573 0.0045940573 0.0045940573 0.0045940573 0.0045940573 0.0045940573 0.0045940573 0.0045940573 0.0045940573 0.0045940573 0.0045940573 0.0045940573 0.0045940573 0.0045940573 0.0045940573 0.0045940573 0.0045940573 0.0045940573 0.0045940573 0.0045940573 0.0045940573 0.0045940573 0.0045940573 0.0045940573 0.0045940573 0.0045940573 0.0045940573 0.0045940573 0.0045940573 0.0045940573 0.0045940573 0.0045940573 0.0045940573 0.0045940573 0.0045940573 0.0045940573 0.0045940573 0.0045940573 0.0045940573 0.0045940573 0.0045940573 0.0045940573 0.0045940573 0.0045940573 0.0045940573 0.0045940573 0.0045940573 0.0045940573 0.0045940573 0.0045940573 0.0045940573 0.0045940573 0.0045940573 0.0045940573 0.0045940573 0.0045940573 0.0045940573 0.0045940573 0.0045940573 0.0045940573 0.0045940573 0.0045940573 0.0045940573 0.0045940573 0.0045940573 0.0045940573 0.0045940573 0.0045940573 0.0045940573,15 14 14 14 14 14 14 14 14 14 14 14 14 15 14 14 14 14 14 14 14 14 14 14 14 14 14 14 14 14 14 15 14 14 14 14 14 14 14 14 14 14 15 14 14 14 14 14 15 14 14 14 14 14 14 14 14 14 14 15 14 14 14 14 14 14 15 14 14 14 14 14 14 14 14 14 14 14 14 14 14 14 14 14 14 14 14 14 14 14 14 14 14 14 14 14 14 14 14 15 14 14 14 14 14 14 14 15 14 14 15 14 14 14 14 14 14 14 14 14 14 14 15 13 14 14 14 14 15 14 14 14 14 14 14 14 14 14 14 14 14 14 14 14 14 15 14 14 14 14 14 14 14 14 14 14 14 14 14 14 14 14 14 15 14 14 14 14 14 15 14 14 14 14 15 14 14 14 14 14 14 15 14 14 14 14 14 14 14 14 14 14 14 14 14 14 14 14 14 14 13 14 14 15 14 14 14 14 14 14 14 14 15 14 14 14 15 14 14 14 14 15 14 14 14 14 14 14 14 14 15 14 14 14 15 14 14 14 14 14 14 14 15 14 15 15 15 14 14 14 14 14 14 14 14 14 15 15 15 15 14 15 15 14 15 15 15 15 14 15 14 15 15 15 15 15 16 15 14 15 15 15 15 15 15 14 15 15 15 15 15 15 15 15 15 15 15 15 15 15 15 15 15 15 15 14 15 15 15 14 15 15 15 15 15 15 15 15 15 15 14 15 15 15 15 15 15 15 15 14 14 15 15 14 15 15 15 15 15 15 14 15 15 14 15 15 15 15 15 15 14 15 15 15 15 15 15 15 15 15 15 15 15 15 15 15 15 15 15 14 15 15 15 15 15 15 14 15 15 15 15 15 15 15 15 15 15 15 15 15 15 14 15 15 15 15 15 15 15 14 15 15 15 15 15 14 15 15 15 15 15 15 15 15 14 15 15 15 15 15 14 15 15 15 15 15 15 14 14 14 15 15 15 15 14 15 15 15 15 15 15 15 15 15 15 14 15 15 15 15 15 15 15 15 15 15 14 15 14 15 15 15 15 15 15 15 15 15 14 15 14 15 15 15 15 15 15 14 15 15 15 15 15 15 15 15 15 15 15 15 15 14 15 14 15 15 14 15 15 15 15 15 15 15 15 14 15 15 15 15 14 15
609,3x3x256x128,0.041683942 0.05847013 0.039946765 0.05103341 0.06986902 0.059674725 0.038909037 0.045238834 0.07965594 0.039505985 0.092928216 0.06983569 0.078028716 0.042664535 0.08674635 0.075648166 0.05210767 0.067813896 0.07564343 0.036755774 0.055077016 0.038476657 0.07555144 0.04002453 0.044077408 0.07307315 0.05561574 0.045710955 0.059291627 0.049817864 0.07507991 0.074087754 0.06728728 0.056003828 0.046051078 0.065862805 0.04205898 0.10027244 0.06755327 0.06344886 0.05846698 0.07774905 0.05542904 0.055772047 0.05853061 0.054609824 0.057324555 0.064910695 0.04581386 0.047204435 0.03606286 0.090610996 0.05181136 0.069527425 0.05191556 0.045969192 0.099853516 0.055254407 0.06326713 0.064859524 0.07430773 0.07758262 0.05553719 0.03239604 0.07406299 0.04328289 0.04048279 0.041448325 0.060334913 0.057819247 0.05076789 0.0345383 0.045291785 0.0569001 0.07248258 0.06543572 0.042191353 0.035560884 0.039575208 0.11376748 0.048629317 0.06743163 0.06690972 0.059936818 0.05636361 0.036132302 0.05985831 0.059389737 0.054199047 0.07143971 0.05759055 0.059781685 0.056446906 0.056873813 0.04673517 0.05384448 0.06717232 0.099305674 0.06264251 0.064961866 0.048274387 0.039447576 0.06669303 0.053949878 0.040749364 0.053463634 0.0712109 0.050403185 0.062034473 0.062521525 0.05429668 0.0735498 0.05303491 0.05521425 0.0488866 0.06751302 0.07091619 0.0509992 0.03982051 0.029517699 0.0691891 0.045520138 0.048200283 0.034062248 0.06625419 0.06956947 0.037897013 0.0535298,0.041678857 0.058462992 0.039941892 0.051027182 0.06986049 0.059667442 0.03890429 0.045233313 0.079646215 0.039501164 0.092916876 0.06982717 0.078019194 0.04265933 0.08673576 0.075638935 0.05210131 0.06780562 0.0756342 0.03675129 0.055070292 0.03847196 0.07554223 0.040019646 0.04407203 0.07306423 0.055608954 0.045705374 0.05928439 0.049811784 0.075070746 0.07407872 0.06727907 0.055996995 0.04604546 0.065854765 0.042053845 0.1002602 0.06754503 0.06344111 0.05845984 0.07773957 0.055422276 0.05576524 0.058523465 0.05460316 0.05731756 0.064902775 0.045808267 0.04719867 0.036058456 0.09059994 0.051805034 0.06951894 0.051909223 0.04596358 0.099841334 0.055247664 0.0632594 0.064851604 0.074298665 0.07757315 0.05553041 0.032392085 0.07405395 0.043277606 0.04047785 0.041443266 0.060327552 0.05781219 0.050761696 0.03453408 0.045286257 0.056893155 0.07247373 0.065427735 0.042186204 0.035556544 0.039570376 0.1137536 0.048623383 0.0674234 0.06690156 0.059929505 0.056356728 0.036127895 0.059851006 0.05938249 0.054192435 0.071430996 0.057583526 0.059774388 0.056440018 0.056866873 0.046729468 0.05383791 0.067164116 0.09929356 0.06263486 0.06495394 0.048268493 0.03944276 0.06668489 0.05394329 0.04074439 0.053457107 0.0712022 0.050397035 0.062026903 0.062513895 0.054290053 0.07354083 0.053028435 0.05520751 0.048880637 0.06750478 0.07090754 0.05099298 0.039815653 0.029514097 0.06918065 0.045514584 0.0481944 0.03405809 0.06624611 0.06956098 0.03789239 0.05352327,0.00032817997 0.00046033852 0.0003145031 0.00040178883 0.0005500826 0.00046982238 0.000306333 0.00035616782 0.00062713557 0.00031103278 0.00073162897 0.00054982025 0.00061432435 0.00033590026 0.00068295875 0.0005955822 0.00041024655 0.0005339025 0.0005955449 0.00028938023 0.00043362434 0.00030292882 0.00059482065 0.00031511532 0.00034702386 0.0005753089 0.0004378658 0.00035988484 0.0004668062 0.00039221876 0.0005911082 0.000583297 0.0005297565 0.00044092123 0.00036256269 0.00051854143 0.00033113264 0.00078945037 0.0005318506 0.00049953634 0.00046031372 0.0006121226 0.00043639587 0.0004390964 0.00046081468 0.00042994614 0.00045131936 0.00051104545 0.000360695 0.00037164308 0.00028392483 0.00071338535 0.00040791364 0.0005473932 0.00040873405 0.00036191798 0.00078615226 0.00043502098 0.00049810554 0.00051064254 0.00058502884 0.0006108122 0.00043724733 0.00025505578 0.000583102 0.00034076854 0.00031872324 0.00032632492 0.0004750201 0.00045521412 0.0003996984 0.0002719219 0.0003565847 0.0004479776 0.0005706593 0.000515179 0.00033217485 0.0002799728 0.00031157778 0.0008956977 0.0003828613 0.0005308929 0.00052678393 0.00047188587 0.00044375376 0.0002844716 0.00047126776 0.00046757868 0.0004267121 0.0005624488 0.00045341358 0.00047066447 0.00044440958 0.00044777067 0.00036794855 0.00042392054 0.0005288513 0.0007818391 0.0004931879 0.0005114483 0.00038006686 0.0003105729 0.00052507786 0.00042475032 0.00032082197 0.0004209221 0.0005606473 0.00039682703 0.0004884008 0.0004922354 0.00042748073 0.0005790616 0.00041754672 0.0004347048 0.0003848869 0.0005315337 0.00055832707 0.00040151953 0.00031350908 0.00023239446 0.0005447295 0.00035838256 0.00037948348 0.00026817393 0.0005216229 0.00054772425 0.00029836528 0.00042144305,
610,128,,,0.004594058 0.004594058 0.004594058 0.004594058 0.004594058 0.004594058 0.004594058 0.004594058 0.004594058 0.004594058 0.004594058 0.004594058 0.004594058 0.004594058 0.004594058 0.004594058 0.004594058 0.004594058 0.004594058 0.004594058 0.004594058 0.004594058 0.004594058 0.004594058 0.004594058 0.004594058 0.004594058 0.004594058 0.004594058 0.004594058 0.004594058 0.004594058 0.004594058 0.004594058 0.004594058 0.004594058 0.004594058 0.004594058 0.004594058 0.004594058 0.004594058 0.004594058 0.004594058 0.004594058 0.004594058 0.004594058 0.004594058 0.004594058 0.004594058 0.004594058 0.004594058 0.004594058 0.004594058 0.004594058 0.004594058 0.004594058 0.004594058 0.004594058 0.004594058 0.004594058 0.004594058 0.004594058 0.004594058 0.004594058 0.004594058 0.004594058 0.004594058 0.004594058 0.004594058 0.004594058 0.004594058 0.004594058 0.004594058 0.004594058 0.004594058 0.004594058 0.004594058 0.004594058 0.004594058 0.004594058 0.004594058 0.004594058 0.004594058 0.004594058 0.004594058 0.004594058 0.004594058 0.004594058 0.004594058 0.004594058 0.004594058 0.004594058 0.004594058 0.004594058 0.004594058 0.004594058 0.004594058 0.004594058 0.004594058 0.004594058 0.004594058 0.004594058 0.004594058 0.004594058 0.004594058 0.004594058 0.004594058 0.004594058 0.004594058 0.004594058 0.004594058 0.004594058 0.004594058 0.004594058 0.004594058 0.004594058 0.004594058 0.004594058 0.004594058 0.004594058 0.004594058 0.004594058 0.004594058 0.004594058 0.004594058 0.004594058 0.004594058 0.004594058,15 15 15 15 14 15 15 15 14 15 14 14 14 15 14 14 15 14 14 15 15 15 14 15 15 14 15 15 15 15 14 14 14 15 15 14 15 14 14 14 15 14 15 15 15 15 15 14 15 15 15 14 15 14 15 15 14 15 14 14 14 14 15 15 14 15 15 15 15 15 15 15 15 15 14 14 15 15 15 14 15 14 14 15 15 15 15 15 15 14 15 15 15 15 15 15 14 14 14 14 15 15 14 15 15 15 14 15 14 14 15 14 15 15 15 14 14 15 15 16 14 15 15 15 14 14 15 15
615,3x3x128x256,0.12784185 0.07470751 0.10116966 0.07571072 0.15379557 0.1545051 0.11193789 0.08362432 0.08235112 0.11889463 0.092112064 0.10264543 0.09826172 0.10435349 0.08941479 0.10505387 0.1578059 0.071283236 0.06826415 0.07944873 0.13959815 0.09201998 0.0973156 0.08681436 0.09038982 0.13380472 0.09974782 0.091425225 0.12192423 0.08545288 0.101732165 0.0890648 0.09084217 0.093323015 0.10323034 0.07494851 0.09612734 0.21922047 0.084242165 0.08793822 0.10499503 0.110720314 0.08995278 0.07644007 0.08762567 0.117451705 0.0774871 0.09445924 0.09910247 0.09981009 0.1287734 0.113551304 0.0951012 0.10274287 0.08709601 0.095504135 0.087162934 0.09456292 0.14724004 0.085837506 0.13846119 0.09956598 0.09461859 0.115507185 0.09231026 0.097333975 0.08317268 0.07362974 0.073904976 0.109334216 0.12474266 0.13996783 0.16460148 0.11574353 0.07857289 0.08027297 0.08629329 0.08547759 0.17067133 0.12751512 0.09329759 0.106896944 0.072290555 0.12918885 0.11209412 0.10163438 0.11304204 0.10338711 0.10799429 0.12856546 0.07848935 0.08247773 0.06206856 0.10814743 0.10595706 0.089842215 0.08500239 0.08967677 0.08739665 0.08818509 0.14909337 0.09906277 0.13382535 0.09176618 0.11414378 0.17123589 0.08625746 0.08794006 0.10593752 0.14857665 0.0823962 0.079738 0.1410517 0.07365342 0.114619784 0.0813637 0.15411179 0.1617478 0.124050654 0.09666604 0.11715745 0.12894475 0.0964682 0.08158139 0.10007825 0.081118345 0.093898244 0.13932046 0.10392938 0.12174466 0.10881058 0.11270062 0.07488167 0.071806915 0.083517395 0.10270876 0.09046133 0.09004799 0.11413766 0.07719009 0.10364161 0.06063724 0.14304124 0.10592459 0.08914451 0.08769039 0.14411207 0.13025129 0.12670943 0.10802182 0.12488714 0.10693356 0.093591005 0.09609979 0.0926564 0.07564745 0.096815854 0.12992358 0.09620015 0.13982114 0.10821275 0.10168742 0.09799326 0.10621748 0.08472551 0.11779349 0.102350034 0.096740246 0.11729405 0.12926647 0.10209871 0.06952959 0.100351796 0.13467018 0.08473488 0.121652596 0.08750922 0.07427823 0.0814269 0.09102162 0.08511062 0.116502106 0.07521071 0.06886098 0.1521045 0.093514636 0.11100185 0.10391343 0.09874183 0.15645774 0.08724633 0.09921975 0.086756855 0.10758288 0.11057827 0.09603576 0.10205719 0.14156593 0.1794423 0.093821116 0.087423414 0.076178364 0.09562429 0.11033935 0.13345368 0.08371533 0.07813978 0.08135631 0.09351528 0.09983153 0.104735084 0.10507385 0.12515703 0.12301097 0.09713377 0.13808334 0.09847731 0.06910162 0.092097275 0.14226761 0.07853412 0.12429615 0.107304096 0.15001278 0.112922505 0.094947025 0.1263036 0.08042574 0.099581756 0.07994587 0.11277399 0.09857596 0.0819838 0.09395586 0.086110055 0.08921908 0.07043779 0.079150096 0.0959613 0.10000987 0.051460333 0.10672833 0.11708929 0.12664063 0.124113 0.11002099 0.10453408 0.09898588 0.13326314 0.07859051 0.09593474 0.096119575 0.08439305 0.109839015 0.09692782 0.10640606,0.12782624 0.074698396 0.101157315 0.07570148 0.15377681 0.15448624 0.11192423 0.08361411 0.08234107 0.118880115 0.09210082 0.102632895 0.09824973 0.10434075 0.08940388 0.10504105 0.15778664 0.07127454 0.06825582 0.07943903 0.1395811 0.09200875 0.097303726 0.086803764 0.09037879 0.13378839 0.09973565 0.09141407 0.12190935 0.08544245 0.101719745 0.08905393 0.090831086 0.09331163 0.10321774 0.07493937 0.09611561 0.21919371 0.08423188 0.08792748 0.10498221 0.110706806 0.0899418 0.076430745 0.08761497 0.11743737 0.07747765 0.09444772 0.09909037 0.09979791 0.1287577 0.113537446 0.09508959 0.102730334 0.08708539 0.095492475 0.0871523 0.09455138 0.14722207 0.08582703 0.13844429 0.09955383 0.09460704 0.11549309 0.09229899 0.09732209 0.083162524 0.07362075 0.07389596 0.10932087 0.12472743 0.13995074 0.16458139 0.11572941 0.0785633 0.080263175 0.08628275 0.08546716 0.1706505 0.12749955 0.09328621 0.1068839 0.07228173 0.12917309 0.11208044 0.10162198 0.11302825 0.10337449 0.10798111 0.12854977 0.078479774 0.08246767 0.062060982 0.108134225 0.105944134 0.089831255 0.084992014 0.08966582 0.08738599 0.08817432 0.14907518 0.099050686 0.13380902 0.09175498 0.114129856 0.17121498 0.08624693 0.08792932 0.105924584 0.14855851 0.08238615 0.07972827 0.14103448 0.07364443 0.11460579 0.081353776 0.15409298 0.16172807 0.124035515 0.09665424 0.117143154 0.12892902 0.09645643 0.08157143 0.10006603 0.08110845 0.093886785 0.13930346 0.10391669 0.121729806 0.1087973 0.112686865 0.07487254 0.07179815 0.0835072 0.10269622 0.09045029 0.090037 0.11412373 0.07718067 0.10362896 0.060629837 0.14302379 0.105911665 0.089133635 0.087679684 0.14409447 0.13023539 0.12669396 0.10800863 0.1248719 0.10692051 0.09357958 0.09608806 0.092645094 0.07563822 0.09680404 0.12990773 0.09618841 0.13980408 0.108199544 0.10167501 0.097981304 0.10620452 0.084715165 0.11777911 0.10233754 0.096728444 0.11727973 0.1292507 0.102086246 0.06952111 0.10033955 0.13465375 0.08472454 0.121637754 0.08749854 0.07426917 0.081416965 0.09101051 0.08510023 0.11648788 0.075201534 0.06885257 0.15208595 0.09350322 0.110988304 0.103900746 0.098729774 0.15643863 0.08723568 0.09920764 0.08674627 0.107569754 0.11056477 0.096024044 0.10204474 0.14154865 0.17942041 0.093809664 0.087412745 0.076169066 0.095612615 0.11032588 0.1334374 0.083705105 0.078130245 0.081346385 0.09350386 0.09981935 0.104722306 0.105061024 0.12514175 0.12299596 0.09712192 0.13806649 0.09846529 0.06909318 0.09208604 0.14225025 0.07852453 0.12428098 0.107291006 0.14999448 0.11290873 0.09493544 0.12628818 0.08041592 0.099569604 0.07993612 0.11276023 0.09856393 0.08197379 0.09394439 0.08609954 0.089208186 0.07042919 0.07914043 0.09594959 0.09999767 0.051454052 0.10671531 0.117074996 0.12662518 0.124097854 0.11000756 0.10452132 0.098973796 0.13324687 0.078580916 0.09592303 0.09610784 0.08438274 0.10982561 0.096916 0.10639308,0.0010065058 0.00058817636 0.0007965143 0.0005960747 0.001210841 0.0012164271 0.00088129315 0.0006583788 0.0006483549 0.0009360639 0.0007252033 0.00080813305 0.00077362 0.0008215807 0.0007039676 0.0008270949 0.0012424145 0.00056121685 0.0005374474 0.0006255042 0.0010990638 0.00072447833 0.0007661711 0.0006834942 0.000711644 0.0010534519 0.00078532007 0.0007197958 0.00095991616 0.0006727752 0.0008009429 0.00070121203 0.0007152054 0.00073473726 0.00081273814 0.00059007376 0.00075681583 0.0017259348 0.0006632432 0.0006923424 0.0008266316 0.00087170716 0.0007082031 0.00060181686 0.0006898816 0.0009247037 0.00061006023 0.0007436828 0.0007802391 0.00078581035 0.0010138402 0.00089399563 0.00074873696 0.0008089003 0.00068571174 0.0007519093 0.0006862386 0.00074449903 0.001159229 0.0006758034 0.0010901125 0.00078388845 0.00074493734 0.0009093944 0.00072676374 0.0007663157 0.00065482303 0.00057969097 0.000581858 0.0008607943 0.0009821057 0.0011019743 0.0012959164 0.0009112552 0.00061860867 0.0006319935 0.0006793917 0.00067296973 0.0013437046 0.0010039335 0.0007345371 0.0008416055 0.0005691475 0.0010171109 0.00088252313 0.00080017303 0.00088998623 0.0008139724 0.00085024495 0.0010122029 0.000617951 0.00064935174 0.00048866915 0.0008514506 0.00083420577 0.00070733274 0.00066922844 0.0007060301 0.00068807864 0.00069428596 0.0011738203 0.00077992666 0.0010536143 0.0007224802 0.0008986603 0.0013481495 0.0006791097 0.0006923569 0.00083405187 0.0011697521 0.0006487098 0.0006277816 0.0011105078 0.0005798774 0.0009024078 0.0006405809 0.0012133305 0.0012734494 0.0009766576 0.00076105696 0.00092238706 0.0010151891 0.00075949944 0.0006422947 0.0007879215 0.0006386492 0.00073926605 0.0010968776 0.0008182417 0.0009585024 0.00085667166 0.00088729814 0.00058954756 0.0005653398 0.000657537 0.00080863165 0.000712207 0.0007089528 0.0008986121 0.0006077218 0.00081597606 0.0004774003 0.0011261716 0.0008339501 0.0007018396 0.0006903912 0.0011346021 0.0010254754 0.0009975903 0.00085046166 0.0009832433 0.0008418938 0.0007368471 0.0007565989 0.0007294889 0.00059557654 0.00076223654 0.0010228954 0.00075738906 0.0011008196 0.0008519649 0.0008005906 0.00077150634 0.000836256 0.00066704856 0.0009273946 0.0008058074 0.0007616413 0.00092346244 0.0010177221 0.0008038287 0.0005474103 0.00079007517 0.0010602657 0.00066712237 0.0009577776 0.00068896485 0.0005847966 0.00064107846 0.0007166182 0.0006700806 0.0009172274 0.00059213804 0.00054214627 0.0011975272 0.0007362458 0.00087392365 0.0008181161 0.0007773998 0.0012318003 0.00068689516 0.0007811625 0.00068304146 0.0008470059 0.0008705887 0.0007560948 0.00080350187 0.0011145563 0.0014127592 0.00073865877 0.00068828935 0.00059975643 0.00075285527 0.0008687077 0.0010506881 0.0006590953 0.0006151988 0.00064052275 0.0007362509 0.0007859791 0.0008245851 0.00082725217 0.0009853682 0.0009684721 0.0007647395 0.0010871377 0.00077531725 0.0005440408 0.00072508695 0.0011200807 0.00061830337 0.0009785905 0.0008448111 0.0011810589 0.0008890451 0.00074752315 0.0009943951 0.0006331962 0.0007840126 0.00062941824 0.00088787585 0.000776094 0.00064546295 0.0007397196 0.00067794917 0.00070242665 0.00055456057 0.000623153 0.0007555086 0.00078738324 0.00040515003 0.000840278 0.0009218504 0.0009970487 0.0009771484 0.0008662013 0.00082300254 0.00077932124 0.001049188 0.0006187474 0.00075529946 0.00075675466 0.000664431 0.0008647686 0.0007631181 0.0008377408,
616,256,,,0.004961525 0.004961525 0.004961525 0.004961525 0.004961525 0.004961525 0.004961525 0.004961525 0.004961525 0.004961525 0.004961525 0.004961525 0.004961525 0.004961525 0.004961525 0.004961525 0.004961525 0.004961525 0.004961525 0.004961525 0.004961525 0.004961525 0.004961525 0.004961525 0.004961525 0.004961525 0.004961525 0.004961525 0.004961525 0.004961525 0.004961525 0.004961525 0.004961525 0.004961525 0.004961525 0.004961525 0.004961525 0.004961525 0.004961525 0.004961525 0.004961525 0.004961525 0.004961525 0.004961525 0.004961525 0.004961525 0.004961525 0.004961525 0.004961525 0.004961525 0.004961525 0.004961525 0.004961525 0.004961525 0.004961525 0.004961525 0.004961525 0.004961525 0.004961525 0.004961525 0.004961525 0.004961525 0.004961525 0.004961525 0.004961525 0.004961525 0.004961525 0.004961525 0.004961525 0.004961525 0.004961525 0.004961525 0.004961525 0.004961525 0.004961525 0.004961525 0.004961525 0.004961525 0.004961525 0.004961525 0.004961525 0.004961525 0.004961525 0.004961525 0.004961525 0.004961525 0.004961525 0.004961525 0.004961525 0.004961525 0.004961525 0.004961525 0.004961525 0.004961525 0.004961525 0.004961525 0.004961525 0.004961525 0.004961525 0.004961525 0.004961525 0.004961525 0.004961525 0.004961525 0.004961525 0.004961525 0.004961525 0.004961525 0.004961525 0.004961525 0.004961525 0.004961525 0.004961525 0.004961525 0.004961525 0.004961525 0.004961525 0.004961525 0.004961525 0.004961525 0.004961525 0.004961525 0.004961525 0.004961525 0.004961525 0.004961525 0.004961525 0.004961525 0.004961525 0.004961525 0.004961525 0.004961525 0.004961525 0.004961525 0.004961525 0.004961525 0.004961525 0.004961525 0.004961525 0.004961525 0.004961525 0.004961525 0.004961525 0.004961525 0.004961525 0.004961525 0.004961525 0.004961525 0.004961525 0.004961525 0.004961525 0.004961525 0.004961525 0.004961525 0.004961525 0.004961525 0.004961525 0.004961525 0.004961525 0.004961525 0.004961525 0.004961525 0.004961525 0.004961525 0.004961525 0.004961525 0.004961525 0.004961525 0.004961525 0.004961525 0.004961525 0.004961525 0.004961525 0.004961525 0.004961525 0.004961525 0.004961525 0.004961525 0.004961525 0.004961525 0.004961525 0.004961525 0.004961525 0.004961525 0.004961525 0.004961525 0.004961525 0.004961525 0.004961525 0.004961525 0.004961525 0.004961525 0.004961525 0.004961525 0.004961525 0.004961525 0.004961525 0.004961525 0.004961525 0.004961525 0.004961525 0.004961525 0.004961525 0.004961525 0.004961525 0.004961525 0.004961525 0.004961525 0.004961525 0.004961525 0.004961525 0.004961525 0.004961525 0.004961525 0.004961525 0.004961525 0.004961525 0.004961525 0.004961525 0.004961525 0.004961525 0.004961525 0.004961525 0.004961525 0.004961525 0.004961525 0.004961525 0.004961525 0.004961525 0.004961525 0.004961525 0.004961525 0.004961525 0.004961525 0.004961525 0.004961525 0.004961525 0.004961525 0.004961525 0.004961525 0.004961525 0.004961525 0.004961525 0.004961525 0.004961525 0.004961525 0.004961525 0.004961525 0.004961525 0.004961525 0.004961525 0.004961525 0.004961525 0.004961525 0.004961525 0.004961525,13 14 14 14 13 13 14 14 14 14 14 14 14 14 14 14 13 14 14 14 13 14 14 14 14 13 14 14 14 14 14 14 14 14 14 14 14 13 14 14 14 14 14 14 14 14 14 14 14 14 13 14 14 14 14 14 14 14 13 14 13 14 14 14 14 14 14 14 14 14 13 13 13 14 14 14 14 14 13 13 14 14 14 13 14 14 14 14 14 13 14 14 14 14 14 14 14 14 14 14 13 14 13 14 14 13 14 14 14 13 14 14 13 14 14 14 13 13 13 14 14 13 14 14 14 14 14 13 14 14 14 14 14 14 14 14 14 14 14 14 14 15 13 14 14 14 13 13 13 14 13 14 14 14 14 14 14 13 14 13 14 14 14 14 14 14 14 14 14 13 14 14 14 13 14 14 14 14 14 14 14 14 14 14 13 14 14 14 14 13 14 14 14 14 14 14 14 13 13 14 14 14 14 14 13 14 14 14 14 14 14 14 13 14 14 13 14 14 14 13 14 13 14 13 14 14 13 14 14 14 14 14 14 14 14 14 14 14 14 14 15 14 14 13 13 14 14 14 13 14 14 14 14 14 14 14
624,1x1x256x512,0.20542186 0.2245542 0.23779492 0.24020241 0.22867337 0.1947058 0.20772535 0.18987788 0.23311651 0.15031318 0.1809271 0.17851445 0.24683143 0.12970479 0.1876997 0.15904135 0.13750622 0.17920071 0.20678915 0.1305361 0.13314675 0.14304331 0.22373779 0.1884399 0.25194663 0.19792415 0.1757193 0.18068743 0.21142836 0.15545675 0.21559462 0.1765877 0.16716485 0.19617037 0.16767117 0.2185743 0.15838508 0.18598802 0.19162913 0.17490244 0.20557903 0.21140029 0.1955951 0.13866329 0.18971054 0.14600365 0.14908502 0.22205624 0.17646658 0.18350168 0.22658503 0.20446478 0.17759487 0.18228173 0.16742279 0.17006496 0.16383217 0.14307046 0.18703793 0.15771058 0.18554027 0.1862817 0.19766502 0.15480453 0.14407066 0.16495611 0.17804235 0.18728842 0.2213624 0.15952814 0.2222744 0.21611752 0.14901075 0.20235787 0.17469352 0.19380447 0.21966396 0.18077457 0.23927277 0.23321825 0.19626868 0.15286084 0.169118 0.1069976 0.14349724 0.20401399 0.17665759 0.17485152 0.23851787 0.18658899 0.20649062 0.16963695 0.21872811 0.32739893 0.18464386 0.18655448 0.16610795 0.29862946 0.2584409 0.22230579 0.21671368 0.24240135 0.19413821 0.16016942 0.1555046 0.1871446 0.183756 0.16206507 0.20166346 0.24244328 0.185588 0.17607339 0.24331878 0.16862552 0.20301571 0.234689 0.21400185 0.24522746 0.16420296 0.2160538 0.27956596 0.22494936 0.19274023 0.17335524 0.18691154 0.19468139 0.18797025 0.14984308 0.16643582 0.21468349 0.15534538 0.22049543 0.1822346 0.2444148 0.20231643 0.18779555 0.19795257 0.24370368 0.23661411 0.1816587 0.19225612 0.17114152 0.17340778 0.15555978 0.1764293 0.31043786 0.20798834 0.22560371 0.15957749 0.19276346 0.22252932 0.21267076 0.17077178 0.17362686 0.18356115 0.19897987 0.17498188 0.20267539 0.15183757 0.24794991 0.17540292 0.15521467 0.21837512 0.21578398 0.15647477 0.17561105 0.20551296 0.22733632 0.20579815 0.22520202 0.21192995 0.19562772 0.19101447 0.17491378 0.22017273 0.1653465 0.21326554 0.19848795 0.15858254 0.24543469 0.26862594 0.21240173 0.18583874 0.23359017 0.22296196 0.16225839 0.20998545 0.16592531 0.17099068 0.26206332 0.20004661 0.18075186 0.22820449 0.18848431 0.2024973 0.33008173 0.14564085 0.26522815 0.22290894 0.19933368 0.12968601 0.17247048 0.11732608 0.17141666 0.26191384 0.16763484 0.17328717 0.17896643 0.25001538 0.21053047 0.18990271 0.23488681 0.15831569 0.21332307 0.21394998 0.19102098 0.13633604 0.21777774 0.253088 0.152982 0.17185779 0.22411446 0.23111562 0.1689571 0.28038377 0.13237691 0.22462672 0.24758194 0.23460288 0.25303176 0.26013577 0.19486104 0.2190865 0.17418405 0.22093077 0.15060876 0.15703253 0.2325608 0.20940381 0.18045937 0.1821951 0.16442752 0.18153095 0.1793197 0.17162293 0.19640596 0.15695034 0.19859104 0.21694894 0.21300627 0.16192666 0.2635073 0.16862993 0.24548465 0.15472743 0.16569021 0.17761609 0.15772554 0.22557598 0.18045506 0.14800219 0.16164276 0.182499 0.15150863 0.1743659 0.17097168 0.17637528 0.2470246 0.14853388 0.13714756 0.171307 0.14965715 0.19333518 0.17482756 0.14747262 0.164994 0.16557714 0.1426875 0.15418667 0.18054014 0.14585385 0.14474149 0.17513217 0.16548222 0.26946807 0.15968765 0.19887882 0.17205814 0.1663057 0.21262284 0.17744157 0.19899201 0.158747 0.17091782 0.1591423 0.18064755 0.166033 0.20764108 0.1914129 0.18306983 0.17325515 0.15261608 0.15277742 0.2099723 0.19247068 0.16678627 0.17509311 0.17759024 0.18943964 0.20514014 0.1967868 0.16134405 0.16119628 0.13687798 0.17179805 0.11832431 0.16345495 0.21171682 0.19338678 0.18125011 0.21643801 0.15045069 0.18315303 0.19490927 0.15462713 0.14673868 0.16951363 0.19459173 0.28439495 0.22254315 0.20779076 0.18850821 0.17813061 0.18625323 0.1984567 0.1868105 0.19050606 0.22556978 0.24544613 0.20288733 0.18222272 0.24671912 0.17703769 0.19488822 0.12108827 0.15815528 0.17157073 0.20989339 0.23799717 0.19197692 0.1418583 0.18937166 0.1552226 0.2012869 0.1473411 0.17019108 0.13574271 0.14856493 0.16965434 0.2354487 0.17822964 0.25772122 0.24308205 0.157581 0.16733147 0.15147388 0.19636834 0.18995595 0.17904633 0.14265925 0.2363245 0.17827266 0.20453942 0.15795714 0.14082949 0.16537972 0.1687391 0.31581792 0.23442426 0.13387294 0.20268258 0.21349142 0.20130311 0.19131315 0.14622857 0.18946846 0.18623507 0.15515897 0.16483657 0.13941352 0.20044644 0.14577791 0.1712821 0.20440105 0.2259919 0.16707091 0.1668424 0.20445542 0.22809511 0.16352665 0.14053531 0.16640903 0.15141484 0.16469388 0.21354479 0.20606998 0.15679905 0.1735127 0.22948952 0.21823898 0.23213434 0.18306503 0.25339833 0.1522016 0.19445845 0.1526012 0.13952471 0.16218294 0.21283855 0.19352114 0.17605633 0.2661984 0.21503063 0.11750186 0.19820157 0.13857545 0.20979534 0.14728831 0.16029851 0.19762222 0.18097387 0.17913844 0.12844566 0.1902322 0.20794412 0.1794021 0.17656447 0.20202138 0.1716701 0.20747268 0.17464575 0.16202243 0.1515997 0.15838344 0.2104354 0.18145767 0.23528962 0.1785368 0.19298401 0.23140505 0.18873031 0.19038859 0.22119558 0.17361587 0.17684701 0.2267081 0.16790429 0.21767004 0.21578263 0.26095572 0.2266751 0.20703833 0.1624093 0.1487914 0.22237739 0.2605819 0.22338745 0.2456563 0.21963327 0.1931975 0.20833355 0.1494936 0.1488621 0.22583778 0.21623243 0.3291331 0.2537705 0.17167155 0.15715402 0.19505373 0.24679407 0.24978709 0.23267725 0.24599372 0.176727 0.17607884 0.15249228 0.26281375 0.17535853 0.20695788 0.21378675 0.15204489 0.17924096 0.15414509 0.20224445 0.25338396 0.23990095 0.19677807 0.19283193 0.24323872 0.23095861 0.18570873 0.1696368 0.18850261 0.20976375 0.24273407 0.1911512 0.23716617 0.22824456 0.17212725 0.2320708 0.18510719,0.20539679 0.2245268 0.23776591 0.24017309 0.22864546 0.19468205 0.20769998 0.18985471 0.23308806 0.15029484 0.18090501 0.17849267 0.24680132 0.12968895 0.18767679 0.15902194 0.13748944 0.17917885 0.20676392 0.13052016 0.13313049 0.14302586 0.22371048 0.1884169 0.2519159 0.1979 0.17569786 0.18066537 0.21140257 0.15543778 0.21556832 0.17656614 0.16714445 0.19614644 0.16765071 0.21854763 0.15836576 0.18596533 0.19160573 0.17488109 0.20555395 0.21137448 0.19557123 0.13864638 0.1896874 0.14598583 0.14906682 0.22202915 0.17644504 0.18347928 0.22655739 0.20443983 0.1775732 0.18225949 0.16740236 0.1700442 0.16381218 0.14305301 0.1870151 0.15769134 0.18551764 0.18625897 0.1976409 0.15478563 0.14405307 0.16493598 0.17802063 0.18726556 0.22133538 0.15950868 0.22224726 0.21609114 0.14899255 0.20233317 0.17467222 0.19378081 0.21963716 0.18075252 0.23924358 0.23318979 0.19624472 0.15284218 0.16909736 0.10698455 0.14347973 0.20398909 0.17663603 0.17483018 0.23848875 0.18656622 0.20646542 0.16961624 0.2187014 0.327359 0.18462133 0.18653171 0.16608767 0.298593 0.25840935 0.22227867 0.21668723 0.24237175 0.19411452 0.16014987 0.15548563 0.18712178 0.18373357 0.16204529 0.20163886 0.2424137 0.18556535 0.1760519 0.24328908 0.16860494 0.20299095 0.23466036 0.21397574 0.24519752 0.16418292 0.21602742 0.27953184 0.2249219 0.19271672 0.17333408 0.18688872 0.19465762 0.1879473 0.1498248 0.16641551 0.21465728 0.15532641 0.22046852 0.18221237 0.24438497 0.20229174 0.18777263 0.19792841 0.24367394 0.23658523 0.18163653 0.19223267 0.17112064 0.17338662 0.1555408 0.17640777 0.31039998 0.20796295 0.22557619 0.15955801 0.19273995 0.22250217 0.2126448 0.17075095 0.17360567 0.18353873 0.1989556 0.17496052 0.20265065 0.15181905 0.24791966 0.17538153 0.15519573 0.21834846 0.21575764 0.15645568 0.1755896 0.20548788 0.22730857 0.20577303 0.22517453 0.2119041 0.19560385 0.19099115 0.17489244 0.22014587 0.16532633 0.21323952 0.19846374 0.15856318 0.24540474 0.26859316 0.21237582 0.18581606 0.23356166 0.22293475 0.16223858 0.20995982 0.16590506 0.1709698 0.26203135 0.20002219 0.18072979 0.22817664 0.18846132 0.20247258 0.33004147 0.14562307 0.2651958 0.22288175 0.19930936 0.12967019 0.17244944 0.11731176 0.17139573 0.2618819 0.16761439 0.17326602 0.1789446 0.24998488 0.21050479 0.18987952 0.23485816 0.15829638 0.21329704 0.21392386 0.19099766 0.13631941 0.21775118 0.2530571 0.15296333 0.17183682 0.2240871 0.23108742 0.16893648 0.28034955 0.13236076 0.22459932 0.24755174 0.23457424 0.2530009 0.260104 0.19483726 0.21905975 0.1741628 0.2209038 0.15059038 0.15701337 0.23253243 0.20937826 0.18043734 0.18217286 0.16440746 0.18150881 0.17929782 0.171602 0.196382 0.15693118 0.1985668 0.21692246 0.21298029 0.1619069 0.26347515 0.16860935 0.2454547 0.15470855 0.16567 0.17759442 0.15770629 0.22554845 0.18043303 0.14798413 0.16162303 0.18247674 0.15149014 0.17434461 0.1709508 0.17635377 0.24699445 0.14851575 0.13713083 0.17128609 0.14963889 0.19331157 0.17480622 0.14745462 0.16497386 0.16555694 0.1426701 0.15416785 0.18051812 0.14583606 0.14472382 0.17511079 0.16546202 0.26943517 0.15966816 0.19885455 0.17203714 0.16628541 0.21259688 0.17741992 0.19896774 0.15872763 0.17089696 0.15912287 0.18062551 0.16601273 0.20761575 0.19138955 0.18304747 0.173234 0.15259746 0.15275878 0.20994669 0.19244719 0.16676591 0.17507175 0.17756855 0.18941653 0.20511511 0.1967628 0.16132435 0.1611766 0.13686128 0.17177708 0.11830987 0.16343501 0.21169098 0.19336317 0.18122798 0.2164116 0.15043233 0.18313068 0.19488548 0.15460825 0.14672077 0.16949293 0.194568 0.28436026 0.222516 0.2077654 0.1884852 0.17810887 0.1862305 0.19843248 0.1867877 0.19048281 0.22554225 0.24541618 0.20286258 0.18220048 0.24668902 0.17701608 0.19486444 0.121073484 0.15813597 0.1715498 0.20986778 0.23796813 0.19195348 0.14184098 0.18934855 0.15520364 0.20126234 0.14732313 0.1701703 0.13572615 0.14854681 0.16963363 0.23541996 0.1782079 0.25768974 0.24305238 0.15756178 0.16731104 0.1514554 0.19634436 0.18993278 0.17902447 0.14264183 0.23629566 0.17825091 0.20451446 0.15793787 0.1408123 0.16535953 0.1687185 0.31577936 0.23439565 0.1338566 0.20265785 0.21346536 0.20127855 0.1912898 0.14621073 0.18944535 0.18621233 0.15514003 0.16481645 0.1393965 0.20042199 0.14576012 0.17126119 0.2043761 0.22596432 0.16705051 0.16682203 0.20443046 0.22806728 0.16350669 0.14051816 0.16638872 0.15139636 0.16467378 0.21351872 0.20604484 0.15677992 0.17349152 0.22946152 0.21821234 0.23210602 0.18304268 0.25336742 0.15218303 0.19443473 0.15258257 0.1395077 0.16216314 0.21281257 0.19349752 0.17603484 0.2661659 0.21500438 0.11748753 0.19817737 0.13855854 0.20976974 0.14727032 0.16027895 0.19759811 0.18095179 0.17911658 0.12842998 0.19020899 0.20791875 0.1793802 0.17654292 0.20199673 0.17164914 0.20744736 0.17462443 0.16200265 0.15158121 0.15836412 0.21040972 0.18143553 0.2352609 0.17851502 0.19296047 0.23137681 0.18870729 0.19036534 0.2211686 0.17359468 0.17682542 0.22668044 0.1678838 0.21764348 0.21575628 0.2609239 0.22664742 0.20701307 0.16238949 0.14877325 0.22235024 0.2605501 0.2233602 0.24562632 0.21960646 0.19317392 0.20830812 0.14947535 0.14884393 0.22581023 0.21620604 0.32909292 0.25373954 0.1716506 0.15713485 0.19502991 0.24676396 0.2497566 0.23264886 0.24596371 0.17670542 0.17605735 0.15247367 0.26278168 0.17533714 0.20693262 0.21376066 0.15202634 0.17921908 0.15412627 0.20221975 0.25335306 0.23987167 0.19675407 0.19280839 0.24320903 0.23093043 0.18568607 0.16961609 0.1884796 0.20973815 0.24270445 0.19112788 0.23713721 0.2282167 0.17210625 0.23204249 0.1850846,0.0016172975 0.0017679275 0.0018721725 0.0018911266 0.001800358 0.0015329295 0.001635433 0.001494919 0.0018353391 0.0011834239 0.0014244489 0.001405454 0.0019433175 0.0010211729 0.0014777699 0.0012521413 0.001082594 0.0014108571 0.0016280623 0.0010277178 0.0010482715 0.0011261879 0.0017614998 0.0014835977 0.0019835897 0.0015582677 0.0013834478 0.001422562 0.0016645872 0.0012239196 0.0016973884 0.0013902845 0.001316098 0.0015444602 0.0013200843 0.0017208474 0.0012469745 0.0014642939 0.0015087066 0.0013770164 0.001618535 0.001664366 0.0015399309 0.0010917038 0.0014936016 0.0011494947 0.0011737545 0.001748261 0.001389331 0.0014447187 0.0017839165 0.0016097624 0.0013982143 0.0014351141 0.0013181288 0.0013389307 0.0012898596 0.0011264017 0.0014725599 0.0012416642 0.0014607689 0.001466606 0.0015562276 0.0012187845 0.0011342762 0.0012987085 0.0014017372 0.001474532 0.0017427983 0.0012559738 0.0017499784 0.001701505 0.0011731697 0.0015931745 0.0013753718 0.0015258332 0.0017294264 0.0014232482 0.0018838077 0.00183614 0.001545234 0.0012034817 0.0013314753 0.00084239803 0.0011297617 0.0016062133 0.0013908348 0.0013766156 0.0018778641 0.0014690254 0.001625712 0.0013355609 0.0017220583 0.0025776299 0.0014537113 0.0014687536 0.0013077769 0.0023511262 0.0020347193 0.0017502258 0.0017061987 0.001908439 0.0015284608 0.0012610226 0.0012242963 0.0014733998 0.001446721 0.0012759471 0.0015877075 0.0019087692 0.0014611445 0.0013862355 0.0019156621 0.001327598 0.001598354 0.0018477193 0.0016848483 0.0019306891 0.0012927789 0.0017010033 0.0022010382 0.0017710385 0.0015174545 0.0013648353 0.0014715648 0.0015327372 0.0014799 0.0011797228 0.0013103584 0.0016902147 0.0012230426 0.0017359726 0.001434743 0.0019242911 0.0015928483 0.0014785246 0.0015584915 0.0019186924 0.0018628758 0.0014302089 0.0015136431 0.0013474067 0.0013652489 0.0012247306 0.0013890376 0.0024440943 0.0016375035 0.0017761905 0.0012563623 0.0015176374 0.0017519856 0.0016743685 0.0013444957 0.0013669737 0.0014451869 0.0015665794 0.0013776419 0.0015956744 0.0011954256 0.0019521234 0.0013809568 0.0012220136 0.0017192792 0.0016988791 0.0012319345 0.0013825953 0.0016180148 0.0017898313 0.0016202601 0.0017730278 0.0016685362 0.0015401877 0.0015038673 0.0013771058 0.0017334321 0.0013017821 0.0016790513 0.0015627065 0.001248529 0.0019323208 0.0021149067 0.0016722506 0.0014631186 0.0018390683 0.0017553917 0.0012774692 0.0016532269 0.001306339 0.0013462189 0.002063239 0.0015749779 0.0014230693 0.0017966664 0.0014839474 0.0015942723 0.0025987518 0.0011466384 0.0020881558 0.0017549744 0.001569365 0.0010210251 0.0013578696 0.00092371466 0.0013495727 0.002062062 0.0013197983 0.0013642994 0.0014090126 0.001968385 0.001657518 0.0014951143 0.0018492768 0.0012464281 0.0016795043 0.0016844398 0.0015039186 0.0010733812 0.0017145762 0.0019925756 0.0012044356 0.0013530458 0.0017644654 0.0018195859 0.0013302085 0.0022074769 0.0010422107 0.0017684986 0.0019492263 0.0018470413 0.001992133 0.002048063 0.0015341516 0.00172488 0.0013713606 0.0017394 0.0011857509 0.0012363257 0.001830964 0.0016486477 0.0014207665 0.001434432 0.001294547 0.0014292032 0.0014117939 0.0013511968 0.0015463149 0.0012356786 0.0015635181 0.0017080508 0.0016770101 0.0012748574 0.0020746074 0.0013276327 0.0019327141 0.0012181776 0.0013044882 0.0013983813 0.0012417819 0.001775972 0.0014207326 0.0011652294 0.0012726223 0.0014368248 0.0011928357 0.0013727923 0.0013460693 0.0013886123 0.0019448382 0.0011694153 0.0010797703 0.0013487093 0.001178259 0.0015221384 0.0013764269 0.00116106 0.0012990067 0.0013035979 0.0011233866 0.0012139201 0.0014214026 0.0011483154 0.0011395576 0.001378825 0.0013028505 0.0021215368 0.0012572296 0.0015657839 0.0013546231 0.001309334 0.0016739912 0.0013970073 0.0015666751 0.0012498238 0.0013456454 0.001252936 0.0014222481 0.0013071869 0.0016347697 0.0015070043 0.0014413187 0.0013640473 0.0012015548 0.001202825 0.0016531235 0.0015153321 0.0013131174 0.0013785177 0.0013981776 0.0014914687 0.0016150796 0.0015493134 0.0012702704 0.0012691071 0.0010776479 0.0013525755 0.0009315738 0.0012868899 0.0016668581 0.0015225447 0.001426992 0.0017040283 0.0011845066 0.0014419738 0.0015345314 0.0012173878 0.0011552817 0.00133459 0.0015320315 0.002239057 0.0017520945 0.0016359481 0.0014841355 0.0014024321 0.0014663818 0.0015624604 0.0014707693 0.0014998646 0.0017759232 0.0019324109 0.0015973431 0.0014346495 0.0019424332 0.0013938274 0.0015343657 0.0009533345 0.0012451651 0.0013507858 0.0016525022 0.0018737648 0.0015114447 0.0011168581 0.0014909335 0.0012220759 0.0015847428 0.0011600247 0.0013399237 0.0010687099 0.00116966 0.0013356978 0.0018537005 0.0014032118 0.0020290532 0.0019137983 0.0012406439 0.0013174098 0.0011925622 0.0015460186 0.0014955337 0.0014096415 0.001123164 0.0018605957 0.0014035505 0.0016103501 0.0012436053 0.0011087583 0.0013020436 0.0013284922 0.0024864515 0.001845635 0.0010539889 0.0015957311 0.0016808297 0.0015848705 0.0015062189 0.0011512656 0.0014916956 0.0014662389 0.0012215751 0.0012977674 0.0010976102 0.0015781259 0.0011477175 0.0013485133 0.0016092607 0.0017792466 0.0013153583 0.0013135592 0.0016096886 0.0017958053 0.0012874543 0.0011064422 0.0013101475 0.0011920973 0.0012966439 0.0016812498 0.0016224002 0.0012344875 0.001366075 0.0018067836 0.0017182074 0.0018276065 0.0014412809 0.0019950191 0.0011982915 0.0015309821 0.0012014376 0.0010984858 0.0012768751 0.0016756896 0.0015236025 0.0013861011 0.0020957945 0.0016929479 0.00092509866 0.0015604517 0.0010910121 0.0016517303 0.0011596088 0.001262039 0.0015558907 0.0014248173 0.0014103667 0.0010112596 0.0014977086 0.0016371555 0.0014124424 0.0013901017 0.0015905254 0.001351568 0.0016334439 0.0013749955 0.0012756115 0.0011935529 0.0012469615 0.0016567694 0.0014286261 0.0018524481 0.00140563 0.0015193737 0.0018218646 0.0014858842 0.0014989397 0.001741485 0.0013668872 0.0013923261 0.0017848854 0.0013219197 0.0017137282 0.0016988683 0.0020545188 0.0017846253 0.0016300242 0.0012786573 0.0011714429 0.0017507892 0.0020515756 0.0017587417 0.0019340655 0.0017291848 0.0015210544 0.0016402213 0.0011769712 0.0011719995 0.0017780333 0.0017024098 0.0025912828 0.001997949 0.0013515796 0.0012372823 0.0015356686 0.0019430233 0.0019665875 0.0018318808 0.0019367221 0.0013913813 0.0013862784 0.0012005802 0.002069147 0.0013806074 0.0016293908 0.0016831548 0.0011970578 0.0014111738 0.0012135927 0.0015922815 0.001994906 0.0018887533 0.0015492446 0.0015181763 0.0019150318 0.0018183498 0.0014620951 0.0013355598 0.0014840914 0.0016514815 0.0019110587 0.0015049439 0.0018672221 0.0017969818 0.0013551674 0.0018271062 0.0014573591,
625,512,,,0.004594058 0.004594058 0.004594058 0.004594058 0.004594058 0.004594058 0.004594058 0.004594058 0.004594058 0.004594058 0.004594058 0.004594058 0.004594058 0.004594058 0.004594058 0.004594058 0.004594058 0.004594058 0.004594058 0.004594058 0.004594058 0.004594058 0.004594058 0.004594058 0.004594058 0.004594058 0.004594058 0.004594058 0.004594058 0.004594058 0.004594058 0.004594058 0.004594058 0.004594058 0.004594058 0.004594058 0.004594058 0.004594058 0.004594058 0.004594058 0.004594058 0.004594058 0.004594058 0.004594058 0.004594058 0.004594058 0.004594058 0.004594058 0.004594058 0.004594058 0.004594058 0.004594058 0.004594058 0.004594058 0.004594058 0.004594058 0.004594058 0.004594058 0.004594058 0.004594058 0.004594058 0.004594058 0.004594058 0.004594058 0.004594058 0.004594058 0.004594058 0.004594058 0.004594058 0.004594058 0.004594058 0.004594058 0.004594058 0.004594058 0.004594058 0.004594058 0.004594058 0.004594058 0.004594058 0.004594058 0.004594058 0.004594058 0.004594058 0.004594058 0.004594058 0.004594058 0.004594058 0.004594058 0.004594058 0.004594058 0.004594058 0.004594058 0.004594058 0.004594058 0.004594058 0.004594058 0.004594058 0.004594058 0.004594058 0.004594058 0.004594058 0.004594058 0.004594058 0.004594058 0.004594058 0.004594058 0.004594058 0.004594058 0.004594058 0.004594058 0.004594058 0.004594058 0.004594058 0.004594058 0.004594058 0.004594058 0.004594058 0.004594058 0.004594058 0.004594058 0.004594058 0.004594058 0.004594058 0.004594058 0.004594058 0.004594058 0.004594058 0.004594058 0.004594058 0.004594058 0.004594058 0.004594058 0.004594058 0.004594058 0.004594058 0.004594058 0.004594058 0.004594058 0.004594058 0.004594058 0.004594058 0.004594058 0.004594058 0.004594058 0.004594058 0.004594058 0.004594058 0.004594058 0.004594058 0.004594058 0.004594058 0.004594058 0.004594058 0.004594058 0.004594058 0.004594058 0.004594058 0.004594058 0.004594058 0.004594058 0.004594058 0.004594058 0.004594058 0.004594058 0.004594058 0.004594058 0.004594058 0.004594058 0.004594058 0.004594058 0.004594058 0.004594058 0.004594058 0.004594058 0.004594058 0.004594058 0.004594058 0.004594058 0.004594058 0.004594058 0.004594058 0.004594058 0.004594058 0.004594058 0.004594058 0.004594058 0.004594058 0.004594058 0.004594058 0.004594058 0.004594058 0.004594058 0.004594058 0.004594058 0.004594058 0.004594058 0.004594058 0.004594058 0.004594058 0.004594058 0.004594058 0.004594058 0.004594058 0.004594058 0.004594058 0.004594058 0.004594058 0.004594058 0.004594058 0.004594058 0.004594058 0.004594058 0.004594058 0.004594058 0.004594058 0.004594058 0.004594058 0.004594058 0.004594058 0.004594058 0.004594058 0.004594058 0.004594058 0.004594058 0.004594058 0.004594058 0.004594058 0.004594058 0.004594058 0.004594058 0.004594058 0.004594058 0.004594058 0.004594058 0.004594058 0.004594058 0.004594058 0.004594058 0.004594058 0.004594058 0.004594058 0.004594058 0.004594058 0.004594058 0.004594058 0.004594058 0.004594058 0.004594058 0.004594058 0.004594058 0.004594058 0.004594058 0.004594058 0.004594058 0.004594058 0.004594058 0.004594058 0.004594058 0.004594058 0.004594058 0.004594058 0.004594058 0.004594058 0.004594058 0.004594058 0.004594058 0.004594058 0.004594058 0.004594058 0.004594058 0.004594058 0.004594058 0.004594058 0.004594058 0.004594058 0.004594058 0.004594058 0.004594058 0.004594058 0.004594058 0.004594058 0.004594058 0.004594058 0.004594058 0.004594058 0.004594058 0.004594058 0.004594058 0.004594058 0.004594058 0.004594058 0.004594058 0.004594058 0.004594058 0.004594058 0.004594058 0.004594058 0.004594058 0.004594058 0.004594058 0.004594058 0.004594058 0.004594058 0.004594058 0.004594058 0.004594058 0.004594058 0.004594058 0.004594058 0.004594058 0.004594058 0.004594058 0.004594058 0.004594058 0.004594058 0.004594058 0.004594058 0.004594058 0.004594058 0.004594058 0.004594058 0.004594058 0.004594058 0.004594058 0.004594058 0.004594058 0.004594058 0.004594058 0.004594058 0.004594058 0.004594058 0.004594058 0.004594058 0.004594058 0.004594058 0.004594058 0.004594058 0.004594058 0.004594058 0.004594058 0.004594058 0.004594058 0.004594058 0.004594058 0.004594058 0.004594058 0.004594058 0.004594058 0.004594058 0.004594058 0.004594058 0.004594058 0.004594058 0.004594058 0.004594058 0.004594058 0.004594058 0.004594058 0.004594058 0.004594058 0.004594058 0.004594058 0.004594058 0.004594058 0.004594058 0.004594058 0.004594058 0.004594058 0.004594058 0.004594058 0.004594058 0.004594058 0.004594058 0.004594058 0.004594058 0.004594058 0.004594058 0.004594058 0.004594058 0.004594058 0.004594058 0.004594058 0.004594058 0.004594058 0.004594058 0.004594058 0.004594058 0.004594058 0.004594058 0.004594058 0.004594058 0.004594058 0.004594058 0.004594058 0.004594058 0.004594058 0.004594058 0.004594058 0.004594058 0.004594058 0.004594058 0.004594058 0.004594058 0.004594058 0.004594058 0.004594058 0.004594058 0.004594058 0.004594058 0.004594058 0.004594058 0.004594058 0.004594058 0.004594058 0.004594058 0.004594058 0.004594058 0.004594058 0.004594058 0.004594058 0.004594058 0.004594058 0.004594058 0.004594058 0.004594058 0.004594058 0.004594058 0.004594058 0.004594058 0.004594058 0.004594058 0.004594058 0.004594058 0.004594058 0.004594058 0.004594058 0.004594058 0.004594058 0.004594058 0.004594058 0.004594058 0.004594058 0.004594058 0.004594058 0.004594058 0.004594058 0.004594058 0.004594058 0.004594058 0.004594058 0.004594058 0.004594058 0.004594058 0.004594058 0.004594058 0.004594058 0.004594058 0.004594058 0.004594058 0.004594058 0.004594058 0.004594058 0.004594058 0.004594058 0.004594058 0.004594058 0.004594058 0.004594058 0.004594058 0.004594058 0.004594058 0.004594058 0.004594058 0.004594058 0.004594058 0.004594058 0.004594058 0.004594058 0.004594058 0.004594058 0.004594058 0.004594058 0.004594058 0.004594058 0.004594058 0.004594058 0.004594058 0.004594058 0.004594058 0.004594058 0.004594058 0.004594058 0.004594058 0.004594058 0.004594058 0.004594058 0.004594058 0.004594058 0.004594058 0.004594058 0.004594058 0.004594058 0.004594058 0.004594058 0.004594058 0.004594058 0.004594058 0.004594058 0.004594058 0.004594058 0.004594058 0.004594058,15 15 15 15 15 15 15 15 15 15 15 15 15 15 15 15 15 15 15 15 15 15 15 15 14 15 15 15 15 15 15 15 15 15 15 15 15 15 15 15 15 15 15 15 15 15 15 15 15 15 15 15 15 15 15 15 15 15 15 15 15 15 15 15 15 15 15 15 15 15 15 15 15 15 15 15 15 15 15 15 15 15 15 16 15 15 15 15 15 15 15 15 15 14 15 15 15 14 14 15 15 15 15 15 15 15 15 15 15 15 15 15 15 15 15 15 15 15 15 15 14 15 15 15 15 15 15 15 15 15 15 15 15 15 15 15 15 15 15 15 15 15 15 15 15 14 15 15 15 15 15 15 15 15 15 15 15 15 15 14 15 15 15 15 15 15 15 15 15 15 15 15 15 15 15 15 15 15 15 15 14 15 15 15 15 15 15 15 15 14 15 15 15 15 15 14 15 14 15 15 15 15 16 15 14 15 15 15 14 15 15 15 15 15 15 15 15 15 14 15 15 15 15 15 14 15 15 15 15 14 14 15 15 15 15 15 15 15 15 15 15 15 15 15 15 15 15 15 15 15 15 14 15 15 15 15 15 15 15 15 15 15 15 15 15 15 15 15 15 15 15 15 15 15 15 15 15 15 15 15 15 15 15 15 14 15 15 15 15 15 15 15 15 15 15 15 15 15 15 15 15 15 15 15 15 15 15 15 15 15 15 15 15 15 15 16 15 15 15 15 15 15 15 15 15 15 15 15 14 15 15 15 15 15 15 15 15 15 15 15 15 15 15 15 16 15 15 15 15 15 15 15 15 15 15 15 15 15 15 15 15 14 15 15 15 15 15 15 15 15 15 15 15 15 15 15 15 14 15 15 15 15 15 15 15 15 15 15 15 15 15 15 15 15 15 15 15 15 15 15 15 15 15 15 15 15 15 15 15 15 15 15 14 15 15 15 15 15 15 15 15 14 15 16 15 15 15 15 15 15 15 15 15 15 15 15 15 15 15 15 15 15 15 15 15 15 15 15 15 15 15 15 15 15 15 15 15 15 15 14 15 15 15 15 15 14 15 15 15 15 15 15 15 15 15 14 14 15 15 15 15 14 15 15 15 15 15 14 15 15 15 15 15 15 15 14 15 15 15 15 15 15 15 15 15 15 15 15 15 15 15 15
636,1x1x1x400,1.0588561,1.0587269,,
657,3x3x1x256,0.76802015 0.34256226 0.4327056 0.6565025 1.2123479 1.1149427 0.89484024 1.201135 0.38837507 1.3860767 0.47709596 0.5945926 0.9712271 0.54493976 1.0604838 1.4902962 0.98521984 0.6358715 0.2290448 0.698456 0.7674085 1.3236657 0.5295048 0.95930487 1.3696139 0.77065164 0.65601784 0.59339535 0.55314285 1.4672781 0.6691229 1.6186711 0.92753404 1.1828489 0.46671304 0.6699259 0.94053453 0.88590133 0.3726044 0.8763938 0.5948582 1.0801408 0.71546525 0.66282016 0.94741124 1.1813455 1.1825073 0.9770101 0.7343353 0.42158133 0.9018269 0.94322854 0.6413382 0.57594836 0.5992954 0.894957 0.70159894 0.82976633 0.46847677 0.45168328 0.6242726 0.5699665 0.8775483 0.329504 0.8372805 0.5498613 0.5752398 0.58905643 0.91917676 0.93122226 0.24942684 1.4066973 1.027863 0.56789947 0.29050797 0.7607774 1.1828436 0.7557007 0.70171535 0.5811532 0.78867406 0.5363188 0.5015772 0.70041734 0.7444185 0.5500583 0.5419397 0.6671244 0.72792655 0.9985748 1.1029878 0.8008796 1.0172292 0.60400254 1.1051459 1.0361782 1.3526251 0.40408635 0.45495197 0.86922044 0.77068 0.87098736 0.84303474 0.68281126 0.7722662 0.3917665 1.3807625 0.34186432 1.0876491 1.8984334 0.49138814 0.58952826 0.46597543 0.51677495 1.5203207 0.3408387 0.7960617 0.7084473 0.5959036 1.2900895 0.578217 0.36145532 0.46066672 1.291406 0.9191872 1.1344422 0.5603255 0.50056285 0.721961 0.66757643 1.0131611 0.9589227 0.70102906 0.94930065 0.87080884 0.315613 0.71752787 0.76102906 0.67150307 0.72247267 0.46828777 0.81548494 0.7557137 0.3197628 0.9117459 0.7409113 1.4308091 1.143007 0.59605414 0.7333201 0.32399306 1.3074939 0.5435702 1.2737212 0.74727285 0.3707361 0.7843581 1.2608154 0.74441195 0.8217082 0.44254223 0.92439216 0.3818004 0.70193034 0.39089057 1.2856476 1.0601501 0.92732126 0.8411149 1.0016993 0.87921166 0.444032 0.700922 0.77082473 0.5686303 1.2880025 0.9684837 0.44224414 0.4724581 0.45062622 0.47133628 0.41533163 0.51666623 0.5707485 1.0215312 0.54393536 0.9602867 0.3450223 0.5625548 0.59724426 0.9239817 0.52555656 0.42517674 0.65766853 0.6612066 1.4109162 0.7814437 0.475661 0.7540313 0.44465107 0.82403535 1.2559998 0.6519797 0.60070515 0.5746813 0.9766431 0.8732428 0.72543037 0.93285507 1.0820254 0.8355228 0.9301412 0.52878046 1.1419598 0.4987357 0.72414225 0.5229398 0.54099745 0.7409101 1.2807317 0.8917828 0.28308097 0.4843815 0.5453634 0.7830151 0.634307 0.6533806 1.0339354 0.24623834 1.106074 0.6545789 0.71503 0.5260866 1.2873048 0.80473757 0.7353644 0.23430976 0.3820177 0.58927333 0.7303499 1.1660713 0.41123477 0.51785654 0.59635025 0.6457701 0.435338 0.5209945 1.0943286 0.7019892 0.83996063 0.6031466 1.0393112 1.3189754 0.48837718 1.4926752 1.158215,0.76792645 0.34252045 0.4326528 0.6564224 1.2121999 1.1148065 0.89473104 1.2009885 0.38832766 1.3859075 0.47703776 0.59452 0.9711086 0.54487324 1.0603545 1.4901145 0.9850996 0.6357939 0.22901684 0.69837075 0.7673148 1.3235042 0.52944016 0.9591878 1.3694468 0.7705576 0.6559378 0.59332293 0.5530754 1.4670991 0.6690412 1.6184735 0.92742085 1.1827046 0.4666561 0.6698442 0.9404198 0.8857932 0.37255892 0.8762868 0.59478563 1.080009 0.7153779 0.6627393 0.9472956 1.1812012 1.182363 0.9768908 0.7342457 0.42152986 0.9017168 0.9431134 0.64125997 0.575878 0.59922224 0.89484775 0.70151335 0.82966506 0.46841958 0.45162818 0.6241964 0.56989694 0.87744117 0.32946378 0.8371783 0.5497942 0.57516956 0.58898455 0.9190646 0.93110865 0.2493964 1.4065256 1.0277375 0.56783015 0.29047254 0.7606846 1.1826992 0.75560844 0.7016297 0.5810823 0.7885778 0.53625333 0.501516 0.70033187 0.74432766 0.5499912 0.5418736 0.667043 0.7278377 0.99845296 1.1028532 0.80078185 1.017105 0.60392886 1.105011 1.0360518 1.35246 0.40403706 0.45489645 0.8691144 0.77058595 0.870881 0.84293187 0.68272793 0.772172 0.39171866 1.380594 0.3418226 1.0875163 1.8982018 0.49132818 0.5894563 0.46591857 0.5167119 1.520135 0.34079713 0.79596454 0.70836085 0.59583086 1.2899321 0.57814646 0.3614112 0.46061048 1.2912484 0.919075 1.1343037 0.5602571 0.50050175 0.7218729 0.66749495 1.0130374 0.9588056 0.70094347 0.94918483 0.87070256 0.31557447 0.7174403 0.7609362 0.6714211 0.72238445 0.46823063 0.81538546 0.75562143 0.31972376 0.9116346 0.7408209 1.4306345 1.1428676 0.59598136 0.7332306 0.3239535 1.3073344 0.5435039 1.2735658 0.74718165 0.37069085 0.78426236 1.2606615 0.7443211 0.8216079 0.44248822 0.9242794 0.3817538 0.7018447 0.39084288 1.2854908 1.0600207 0.9272081 0.84101224 1.001577 0.8791044 0.4439778 0.7008365 0.7707306 0.56856084 1.2878454 0.9683655 0.44219017 0.47240046 0.4505712 0.47127876 0.41528094 0.5166032 0.5706789 1.0214065 0.543869 0.9601695 0.34498018 0.5624861 0.59717137 0.92386895 0.5254924 0.42512485 0.6575883 0.6611259 1.410744 0.78134835 0.47560295 0.7539393 0.4445968 0.8239348 1.2558465 0.6519001 0.60063183 0.5746112 0.97652394 0.8731362 0.7253418 0.9327412 1.0818934 0.83542085 0.93002766 0.52871597 1.1418204 0.4986748 0.7240539 0.522876 0.54093146 0.7408197 1.2805754 0.891674 0.28304642 0.4843224 0.5452969 0.7829195 0.63422966 0.6533008 1.0338092 0.2462083 1.1059389 0.654499 0.71494275 0.52602243 1.2871476 0.8046394 0.7352747 0.23428117 0.38197106 0.58920145 0.7302607 1.165929 0.41118458 0.5177933 0.5962775 0.6456913 0.43528488 0.52093095 1.094195 0.70190346 0.8398581 0.603073 1.0391843 1.3188144 0.48831758 1.492493 1.1580738,0.006046665 0.0026970115 0.0034067149 0.00516868 0.009544881 0.008778004 0.0070451265 0.009456603 0.003057698 0.010912658 0.0037562028 0.00468126 0.0076465243 0.0042903405 0.008349248 0.011733185 0.00775669 0.0050062514 0.0018032822 0.0054989825 0.0060418486 0.010421293 0.00416882 0.00755266 0.010783046 0.0060673826 0.0051648645 0.004671834 0.0043549244 0.011551961 0.005268041 0.012743886 0.0073025264 0.009312634 0.0036744573 0.005274364 0.00740488 0.0069747497 0.0029335348 0.006899896 0.0046833516 0.008504008 0.005632897 0.0052184197 0.0074590207 0.009300797 0.009309945 0.0076920534 0.0057814624 0.0033191328 0.0071001323 0.0074260896 0.005049291 0.0045344727 0.0047182855 0.0070460453 0.0055237273 0.0065327957 0.003688343 0.0035561274 0.0049149324 0.0044873776 0.006908986 0.002594203 0.006591955 0.004329088 0.004528894 0.0046376735 0.007236729 0.007331564 0.0019637512 0.011075005 0.008092421 0.0044711037 0.0022871853 0.005989643 0.009312592 0.005949673 0.005524643 0.004575451 0.006209274 0.004222467 0.0039489446 0.0055144243 0.005860848 0.0043306393 0.004266721 0.005252307 0.005731005 0.007861834 0.008683884 0.006305369 0.008008701 0.004755345 0.008700874 0.0081578875 0.010649292 0.0031813942 0.0035818617 0.0068434207 0.006067606 0.006857331 0.006637259 0.0053758104 0.0060800943 0.0030843988 0.010870819 0.0026915164 0.008563121 0.014946471 0.0038687258 0.0046413885 0.00366865 0.0040685977 0.011969567 0.0026834419 0.0062674372 0.0055776443 0.0046915817 0.010156946 0.004552334 0.0028457576 0.0036268542 0.010167311 0.0072368113 0.008931525 0.004411473 0.0039409585 0.0056840386 0.005255866 0.007976673 0.0075496505 0.0055192397 0.0074738963 0.0068559255 0.0024848382 0.0056491364 0.0059916237 0.00528678 0.0056880666 0.0036868553 0.006420358 0.005949775 0.00251751 0.0071782256 0.005833235 0.011264838 0.008998957 0.004692767 0.0057734693 0.002550815 0.010293972 0.004279558 0.010028077 0.0058833202 0.0029188257 0.006175294 0.009926468 0.005860796 0.0064693536 0.0034841592 0.0072777905 0.0030059353 0.0055263364 0.003077503 0.010121974 0.00834662 0.0073008514 0.0066221436 0.007886433 0.0069220816 0.0034958883 0.0055183973 0.006068745 0.004476857 0.010140515 0.007624925 0.0034818123 0.0037196886 0.003547805 0.0037108564 0.0032699287 0.0040677413 0.0044935346 0.008042571 0.004282433 0.0075603896 0.0027163795 0.0044290246 0.004702137 0.007274559 0.004137736 0.0033474397 0.0051778606 0.0052057155 0.011108221 0.006152349 0.003744905 0.0059365295 0.0035007622 0.0064876755 0.009888555 0.005133072 0.0047293846 0.0045244973 0.007689165 0.0068750884 0.005711353 0.007344419 0.008518846 0.0065781167 0.0073230523 0.004163118 0.008990712 0.0039265733 0.0057012117 0.004117134 0.0042593027 0.005833226 0.010083271 0.007021055 0.002228712 0.0038135622 0.0042936765 0.0061647207 0.004993934 0.005144101 0.00814023 0.0019386479 0.008708181 0.0051535354 0.0056294706 0.004141909 0.010135021 0.0063357432 0.0057895645 0.0018447336 0.0030076462 0.0046393815 0.0057500843 0.009180543 0.0032376738 0.004077113 0.0046950984 0.005084183 0.00342744 0.0041018184 0.008615709 0.005526799 0.006613056 0.004748606 0.008182554 0.010384365 0.0038450202 0.011751913 0.009118691,
658,256,,,0.005392888 0.005392888 0.005392888 0.005392888 0.005392888 0.005392888 0.005392888 0.005392888 0.005392888 0.005392888 0.005392888 0.005392888 0.005392888 0.005392888 0.005392888 0.005392888 0.005392888 0.005392888 0.005392888 0.005392888 0.005392888 0.005392888 0.005392888 0.005392888 0.005392888 0.005392888 0.005392888 0.005392888 0.005392888 0.005392888 0.005392888 0.005392888 0.005392888 0.005392888 0.005392888 0.005392888 0.005392888 0.005392888 0.005392888 0.005392888 0.005392888 0.005392888 0.005392888 0.005392888 0.005392888 0.005392888 0.005392888 0.005392888 0.005392888 0.005392888 0.005392888 0.005392888 0.005392888 0.005392888 0.005392888 0.005392888 0.005392888 0.005392888 0.005392888 0.005392888 0.005392888 0.005392888 0.005392888 0.005392888 0.005392888 0.005392888 0.005392888 0.005392888 0.005392888 0.005392888 0.005392888 0.005392888 0.005392888 0.005392888 0.005392888 0.005392888 0.005392888 0.005392888 0.005392888 0.005392888 0.005392888 0.005392888 0.005392888 0.005392888 0.005392888 0.005392888 0.005392888 0.005392888 0.005392888 0.005392888 0.005392888 0.005392888 0.005392888 0.005392888 0.005392888 0.005392888 0.005392888 0.005392888 0.005392888 0.005392888 0.005392888 0.005392888 0.005392888 0.005392888 0.005392888 0.005392888 0.005392888 0.005392888 0.005392888 0.005392888 0.005392888 0.005392888 0.005392888 0.005392888 0.005392888 0.005392888 0.005392888 0.005392888 0.005392888 0.005392888 0.005392888 0.005392888 0.005392888 0.005392888 0.005392888 0.005392888 0.005392888 0.005392888 0.005392888 0.005392888 0.005392888 0.005392888 0.005392888 0.005392888 0.005392888 0.005392888 0.005392888 0.005392888 0.005392888 0.005392888 0.005392888 0.005392888 0.005392888 0.005392888 0.005392888 0.005392888 0.005392888 0.005392888 0.005392888 0.005392888 0.005392888 0.005392888 0.005392888 0.005392888 0.005392888 0.005392888 0.005392888 0.005392888 0.005392888 0.005392888 0.005392888 0.005392888 0.005392888 0.005392888 0.005392888 0.005392888 0.005392888 0.005392888 0.005392888 0.005392888 0.005392888 0.005392888 0.005392888 0.005392888 0.005392888 0.005392888 0.005392888 0.005392888 0.005392888 0.005392888 0.005392888 0.005392888 0.005392888 0.005392888 0.005392888 0.005392888 0.005392888 0.005392888 0.005392888 0.005392888 0.005392888 0.005392888 0.005392888 0.005392888 0.005392888 0.005392888 0.005392888 0.005392888 0.005392888 0.005392888 0.005392888 0.005392888 0.005392888 0.005392888 0.005392888 0.005392888 0.005392888 0.005392888 0.005392888 0.005392888 0.005392888 0.005392888 0.005392888 0.005392888 0.005392888 0.005392888 0.005392888 0.005392888 0.005392888 0.005392888 0.005392888 0.005392888 0.005392888 0.005392888 0.005392888 0.005392888 0.005392888 0.005392888 0.005392888 0.005392888 0.005392888 0.005392888 0.005392888 0.005392888 0.005392888 0.005392888 0.005392888 0.005392888 0.005392888 0.005392888 0.005392888 0.005392888 0.005392888 0.005392888 0.005392888 0.005392888 0.005392888 0.005392888 0.005392888 0.005392888 0.005392888 0.005392888 0.005392888 0.005392888 0.005392888 0.005392888,15 16 16 15 14 14 15 14 16 14 16 15 15 15 14 14 15 15 16 15 15 14 15 15 14 15 15 15 15 14 15 14 15 14 16 15 15 15 16 15 15 14 15 15 15 14 14 15 15 16 15 15 15 15 15 15 15 15 16 16 15 15 15 16 15 15 15 15 15 15 16 14 14 15 16 15 14 15 15 15 15 15 15 15 15 15 15 15 15 14 14 15 14 15 14 14 14 16 16 15 15 15 15 15 15 16 14 16 14 14 16 15 16 15 14 16 15 15 15 14 15 16 16 14 15 14 15 15 15 15 14 15 15 15 15 16 15 15 15 15 16 15 15 16 15 15 14 14 15 15 16 14 15 14 15 16 15 14 15 15 16 15 16 15 16 14 14 15 15 14 15 16 15 15 15 14 15 16 16 16 16 16 15 15 14 15 15 16 15 15 15 15 16 15 15 14 15 16 15 16 15 14 15 15 15 15 15 15 15 14 15 15 15 14 15 15 15 15 15 14 15 16 16 15 15 15 15 14 16 14 15 15 15 14 15 15 16 16 15 15 14 16 15 15 15 16 15 14 15 15 15 14 14 16 14 14
666,1x1x256x256,0.14506371 0.1401006 0.10054551 0.12873532 0.11723365 0.11422155 0.11202043 0.12898771 0.106589094 0.11272816 0.11182643 0.1407687 0.1459223 0.10076789 0.10632762 0.14316349 0.1342211 0.13143404 0.1584028 0.12961406 0.13201818 0.13662376 0.12628175 0.11292797 0.10691179 0.11798685 0.12620485 0.09190547 0.12260272 0.152639 0.12822047 0.14015329 0.14604056 0.16525815 0.11245586 0.13215204 0.19186051 0.113170676 0.14010791 0.11008721 0.14066377 0.11815735 0.15541439 0.14661518 0.094824985 0.14239082 0.16762638 0.1514054 0.09846649 0.16617076 0.11818145 0.16973297 0.100589864 0.1469052 0.14651382 0.15437964 0.16541134 0.13762493 0.14666696 0.111342676 0.12915634 0.11250924 0.13212334 0.16880259 0.1256773 0.12588756 0.10551915 0.1485085 0.09001754 0.13649671 0.13977519 0.116992064 0.13314316 0.12730429 0.17516385 0.12609042 0.14524 0.13841274 0.13762006 0.14945875 0.12850344 0.12636954 0.1580386 0.13051455 0.13881557 0.11164648 0.112870574 0.15595745 0.10491537 0.09207978 0.12902135 0.10878721 0.13961047 0.14069723 0.12861694 0.1470621 0.13110203 0.12496419 0.1643041 0.14937013 0.08962562 0.12436354 0.10020049 0.13449275 0.13612178 0.10962917 0.15417601 0.13083245 0.16163309 0.13967213 0.14171913 0.18423828 0.12639023 0.14821003 0.12696753 0.10057332 0.09983448 0.15762125 0.12986766 0.12664889 0.19519241 0.09909105 0.17575222 0.13868687 0.13250342 0.10938308 0.11072614 0.15832807 0.17639802 0.13155514 0.12749241 0.12821634 0.14798094 0.14122808 0.14554842 0.16676448 0.14668874 0.14584772 0.1468001 0.14097713 0.11238977 0.16607097 0.11729266 0.12615843 0.16159868 0.14242136 0.14377576 0.14599249 0.13154292 0.115170665 0.1056653 0.11857856 0.12529601 0.14192545 0.12873867 0.14857715 0.12584628 0.12134087 0.20316043 0.1222195 0.12941341 0.14085336 0.13501096 0.13744718 0.13284115 0.12882721 0.11063671 0.13149066 0.11461357 0.16911632 0.11812453 0.11939344 0.15191986 0.13483845 0.12420021 0.117607825 0.14070137 0.13876572 0.1235576 0.16371171 0.12867135 0.16746211 0.14069963 0.099935755 0.10911983 0.1171971 0.12102138 0.11390326 0.14148308 0.11212995 0.12201733 0.14058232 0.14814702 0.13732716 0.14988382 0.1345383 0.13822839 0.13234083 0.12598448 0.11812888 0.14402731 0.14400351 0.12147166 0.15965575 0.12066221 0.12308898 0.13627326 0.14214066 0.14146237 0.119776435 0.1208025 0.16268666 0.165027 0.12828402 0.13234714 0.13340792 0.14207552 0.1705018 0.14303799 0.095786 0.12851587 0.12170867 0.1132555 0.11742586 0.13082221 0.12632328 0.09994757 0.13267861 0.17119922 0.15291682 0.20033112 0.1482372 0.12312117 0.12095633 0.12030912 0.13448954 0.14433068 0.13223143 0.1693233 0.17914021 0.10477058 0.15222217 0.13315432 0.11621017 0.17069755 0.13109139 0.14160801 0.14488056 0.12593952 0.14530313 0.114240885 0.1520733 0.11391189 0.1569466 0.1703301 0.08853942,0.14504601 0.14008349 0.10053324 0.1287196 0.11721934 0.11420761 0.11200676 0.12897196 0.106576085 0.1127144 0.111812785 0.14075153 0.1459045 0.100755595 0.10631465 0.14314602 0.13420472 0.13141799 0.15838346 0.12959825 0.13200207 0.13660708 0.12626635 0.11291419 0.10689875 0.117972456 0.12618946 0.09189425 0.12258776 0.15262038 0.12820482 0.14013618 0.14602274 0.16523798 0.112442136 0.1321359 0.19183709 0.11315687 0.14009081 0.110073775 0.1406466 0.118142925 0.15539542 0.14659728 0.094813414 0.14237344 0.16760592 0.15138692 0.098454475 0.16615048 0.11816703 0.16971226 0.10057759 0.14688727 0.14649594 0.15436079 0.16539116 0.13760814 0.14664906 0.111329086 0.12914057 0.11249551 0.13210721 0.16878198 0.12566195 0.1258722 0.10550627 0.14849037 0.09000655 0.13648005 0.13975812 0.11697778 0.1331269 0.12728876 0.17514248 0.12607504 0.14522228 0.13839586 0.13760327 0.14944051 0.12848775 0.12635411 0.1580193 0.13049862 0.13879862 0.111632854 0.1128568 0.1559384 0.10490257 0.09206854 0.12900561 0.10877393 0.13959342 0.14068004 0.12860124 0.14704414 0.13108604 0.12494894 0.16428407 0.1493519 0.08961468 0.124348365 0.100188255 0.13447633 0.13610516 0.109615795 0.1541572 0.13081649 0.16161336 0.13965508 0.14170185 0.1842158 0.12637481 0.14819194 0.12695204 0.100561045 0.09982229 0.15760201 0.12985182 0.12663342 0.1951686 0.09907896 0.17573076 0.13866994 0.13248725 0.10936973 0.11071263 0.15830876 0.1763765 0.13153908 0.12747686 0.1282007 0.14796288 0.14121085 0.14553066 0.16674413 0.14667083 0.14582992 0.14678217 0.14095993 0.11237606 0.1660507 0.11727834 0.12614304 0.16157895 0.14240398 0.14375822 0.14597468 0.13152686 0.115156606 0.1056524 0.118564084 0.12528072 0.14190812 0.12872295 0.14855902 0.12583093 0.12132607 0.20313564 0.12220459 0.12939762 0.14083618 0.13499449 0.13743041 0.13282494 0.1288115 0.11062321 0.13147461 0.11459958 0.16909568 0.11811011 0.11937887 0.15190132 0.13482198 0.12418505 0.11759347 0.14068419 0.13874878 0.12354252 0.16369173 0.12865564 0.16744168 0.14068244 0.09992356 0.10910651 0.1171828 0.12100661 0.11388937 0.14146583 0.11211627 0.122002445 0.14056516 0.14812893 0.13731042 0.14986554 0.13452187 0.13821152 0.13232468 0.1259691 0.118114464 0.14400974 0.14398593 0.12145684 0.15963627 0.12064748 0.12307396 0.13625664 0.14212331 0.14144512 0.11976182 0.12078776 0.1626668 0.16500686 0.12826838 0.13233098 0.13339165 0.1420582 0.17048098 0.14302053 0.09577431 0.1285002 0.12169382 0.11324168 0.117411524 0.13080624 0.12630787 0.099935375 0.13266243 0.17117833 0.15289815 0.20030668 0.14821911 0.12310615 0.120941564 0.120294444 0.13447312 0.14431307 0.13221529 0.16930263 0.17911835 0.10475779 0.1522036 0.13313808 0.11619599 0.17067672 0.1310754 0.14159073 0.14486289 0.12592414 0.1452854 0.11422694 0.15205473 0.11389799 0.15692744 0.17030932 0.08852861,0.0011420946 0.0011030196 0.0007916003 0.0010135402 0.0009229869 0.0008992725 0.000881943 0.0010155273 0.00083918177 0.00088751497 0.0008804156 0.0011082797 0.0011488543 0.00079335115 0.00083712325 0.0011271341 0.00105673 0.0010347873 0.0012471138 0.0010204586 0.0010393864 0.0010756463 0.0009942232 0.0008890881 0.0008417224 0.00092891697 0.0009936178 0.00072357676 0.000965258 0.0012017352 0.0010094868 0.0011034345 0.0011497854 0.0013010864 0.0008853712 0.0010404402 0.0015105283 0.000890999 0.0011030772 0.00086672266 0.0011074536 0.00093025924 0.0012235859 0.0011543093 0.0007465623 0.0011210507 0.0013197317 0.0011920229 0.0007752321 0.0013082715 0.00093044905 0.001336317 0.00079194957 0.0011565927 0.0011535113 0.0012154393 0.0013022926 0.0010835286 0.001154717 0.00087660697 0.0010168549 0.00088579144 0.0010402143 0.001328992 0.0009894642 0.0009911197 0.000830758 0.0011692155 0.000708713 0.001074646 0.0011004576 0.0009210849 0.0010482433 0.0010022736 0.0013790746 0.0009927169 0.0011434825 0.0010897312 0.0010834903 0.001176697 0.0010117146 0.0009949143 0.0012442465 0.0010275482 0.0010929025 0.00087899884 0.0008886362 0.0012278614 0.0008260045 0.0007249491 0.0010157923 0.00085648766 0.0010991608 0.0011077169 0.0010126082 0.0011578279 0.0010321735 0.00098385 0.0012935753 0.0011759992 0.00070562743 0.000979121 0.0007888839 0.0010588687 0.0010716942 0.0008631165 0.0012138363 0.0010300511 0.0012725461 0.0010996463 0.0011157626 0.0014505181 0.0009950773 0.0011668657 0.0009996224 0.00079181924 0.00078600226 0.0012409607 0.0010224553 0.0009971135 0.0015367606 0.0007801493 0.0013837068 0.0010918892 0.0010432067 0.00086117897 0.000871753 0.0012465257 0.0013887914 0.0010357407 0.0010037548 0.0010094543 0.0011650621 0.0011118965 0.0011459107 0.0013129459 0.0011548884 0.0011482671 0.0011557651 0.0011099208 0.00088485086 0.0013074859 0.0009234515 0.0009932523 0.0012722752 0.0011212912 0.0011319545 0.0011494069 0.0010356446 0.0009067449 0.00083190866 0.00093357544 0.0009864623 0.0011173869 0.0010135665 0.001169756 0.0009907947 0.00095532334 0.0015994932 0.00096224085 0.0010188789 0.0011089463 0.0010629487 0.0010821292 0.0010458657 0.0010142637 0.0008710489 0.0010352331 0.0009023589 0.0013314621 0.0009300009 0.0009399911 0.0011960734 0.0010615904 0.000977835 0.00092593284 0.0011077495 0.0010925101 0.00097277574 0.0012889112 0.0010130366 0.0013184384 0.0011077358 0.00078679965 0.00085910637 0.0009226992 0.00095280795 0.00089676667 0.0011139042 0.00088280527 0.00096064917 0.0011068123 0.0011663695 0.0010811844 0.0011800436 0.0010592274 0.0010882796 0.0010419267 0.0009918826 0.00093003514 0.001133935 0.0011337475 0.0009563531 0.0012569785 0.00094998017 0.0009690863 0.0010728869 0.0011190812 0.0011137411 0.0009430064 0.0009510847 0.001280841 0.0012992666 0.0010099872 0.0010419763 0.0010503279 0.0011185685 0.00134237 0.0011261458 0.0007541284 0.0010118126 0.00095821905 0.00089166674 0.0009245002 0.0010299704 0.0009945502 0.0007868927 0.0010445861 0.0013478608 0.0012039224 0.001577218 0.0011670796 0.0009693398 0.0009522958 0.00094720034 0.0010588435 0.0011363233 0.0010410653 0.0013330915 0.0014103807 0.0008248645 0.0011984536 0.0010483313 0.0009149291 0.0013439112 0.0010320897 0.0011148877 0.0011406527 0.0009915286 0.0011439795 0.0008994247 0.0011972813 0.00089683454 0.0012356491 0.0013410182 0.0006970757,
667,256,,,0.0042772684 0.0042772684 0.0042772684 0.0042772684 0.0042772684 0.0042772684 0.0042772684 0.0042772684 0.0042772684 0.0042772684 0.0042772684 0.0042772684 0.0042772684 0.0042772684 0.0042772684 0.0042772684 0.0042772684 0.0042772684 0.0042772684 0.0042772684 0.0042772684 0.0042772684 0.0042772684 0.0042772684 0.0042772684 0.0042772684 0.0042772684 0.0042772684 0.0042772684 0.0042772684 0.0042772684 0.0042772684 0.0042772684 0.0042772684 0.0042772684 0.0042772684 0.0042772684 0.0042772684 0.0042772684 0.0042772684 0.0042772684 0.0042772684 0.0042772684 0.0042772684 0.0042772684 0.0042772684 0.0042772684 0.0042772684 0.0042772684 0.0042772684 0.0042772684 0.0042772684 0.0042772684 0.0042772684 0.0042772684 0.0042772684 0.0042772684 0.0042772684 0.0042772684 0.0042772684 0.0042772684 0.0042772684 0.0042772684 0.0042772684 0.0042772684 0.0042772684 0.0042772684 0.0042772684 0.0042772684 0.0042772684 0.0042772684 0.0042772684 0.0042772684 0.0042772684 0.0042772684 0.0042772684 0.0042772684 0.0042772684 0.0042772684 0.0042772684 0.0042772684 0.0042772684 0.0042772684 0.0042772684 0.0042772684 0.0042772684 0.0042772684 0.0042772684 0.0042772684 0.0042772684 0.0042772684 0.0042772684 0.0042772684 0.0042772684 0.0042772684 0.0042772684 0.0042772684 0.0042772684 0.0042772684 0.0042772684 0.0042772684 0.0042772684 0.0042772684 0.0042772684 0.0042772684 0.0042772684 0.0042772684 0.0042772684 0.0042772684 0.0042772684 0.0042772684 0.0042772684 0.0042772684 0.0042772684 0.0042772684 0.0042772684 0.0042772684 0.0042772684 0.0042772684 0.0042772684 0.0042772684 0.0042772684 0.0042772684 0.0042772684 0.0042772684 0.0042772684 0.0042772684 0.0042772684 0.0042772684 0.0042772684 0.0042772684 0.0042772684 0.0042772684 0.0042772684 0.0042772684 0.0042772684 0.0042772684 0.0042772684 0.0042772684 0.0042772684 0.0042772684 0.0042772684 0.0042772684 0.0042772684 0.0042772684 0.0042772684 0.0042772684 0.0042772684 0.0042772684 0.0042772684 0.0042772684 0.0042772684 0.0042772684 0.0042772684 0.0042772684 0.0042772684 0.0042772684 0.0042772684 0.0042772684 0.0042772684 0.0042772684 0.0042772684 0.0042772684 0.0042772684 0.0042772684 0.0042772684 0.0042772684 0.0042772684 0.0042772684 0.0042772684 0.0042772684 0.0042772684 0.0042772684 0.0042772684 0.0042772684 0.0042772684 0.0042772684 0.0042772684 0.0042772684 0.0042772684 0.0042772684 0.0042772684 0.0042772684 0.0042772684 0.0042772684 0.0042772684 0.0042772684 0.0042772684 0.0042772684 0.0042772684 0.0042772684 0.0042772684 0.0042772684 0.0042772684 0.0042772684 0.0042772684 0.0042772684 0.0042772684 0.0042772684 0.0042772684 0.0042772684 0.0042772684 0.0042772684 0.0042772684 0.0042772684 0.0042772684 0.0042772684 0.0042772684 0.0042772684 0.0042772684 0.0042772684 0.0042772684 0.0042772684 0.0042772684 0.0042772684 0.0042772684 0.0042772684 0.0042772684 0.0042772684 0.0042772684 0.0042772684 0.0042772684 0.0042772684 0.0042772684 0.0042772684 0.0042772684 0.0042772684 0.0042772684 0.0042772684 0.0042772684 0.0042772684 0.0042772684 0.0042772684 0.0042772684 0.0042772684 0.0042772684 0.0042772684 0.0042772684 0.0042772684 0.0042772684 0.0042772684 0.0042772684 0.0042772684 0.0042772684 0.0042772684 0.0042772684 0.0042772684 0.0042772684 0.0042772684 0.0042772684 0.0042772684 0.0042772684 0.0042772684 0.0042772684 0.0042772684 0.0042772684,14 14 15 14 15 15 15 14 15 15 15 14 14 15 15 14 14 14 14 14 14 14 14 15 15 15 14 15 15 14 14 14 14 14 15 14 14 15 14 15 14 15 14 14 15 14 14 14 15 14 15 14 15 14 14 14 14 14 14 15 14 15 14 14 14 14 15 14 15 14 14 15 14 14 14 14 14 14 14 14 14 14 14 14 14 15 15 14 15 15 14 15 14 14 14 14 14 14 14 14 15 14 15 14 14 15 14 14 14 14 14 14 14 14 14 15 15 14 14 14 14 15 14 14 14 15 15 14 14 14 14 14 14 14 14 14 14 14 14 14 15 14 15 14 14 14 14 14 14 15 15 15 14 14 14 14 14 15 14 15 14 14 14 14 14 14 15 14 15 14 15 15 14 14 14 15 14 14 15 14 14 14 14 15 15 15 15 15 14 15 15 14 14 14 14 14 14 14 14 15 14 14 15 14 15 15 14 14 14 15 15 14 14 14 14 14 14 14 14 15 14 15 15 15 14 14 15 14 14 14 14 14 15 15 15 14 14 14 14 14 15 14 14 15 14 14 14 14 14 14 15 14 15 14 14 15
673,1x1x256x512,0.15106586 0.12913124 0.1831712 0.14137764 0.14876455 0.16001683 0.20624353 0.117550775 0.17838617 0.13712922 0.1619447 0.10657508 0.18750809 0.17016137 0.14690104 0.15901941 0.15805359 0.14654207 0.16292349 0.12740223 0.19901851 0.13767417 0.18630461 0.1440879 0.12452386 0.16071439 0.13163541 0.15547103 0.20125748 0.15527348 0.17574474 0.15866077 0.1412168 0.14100711 0.13833252 0.17238452 0.15773968 0.14197288 0.15040629 0.17129454 0.14307193 0.19587965 0.12140992 0.16300774 0.17372064 0.11378439 0.15048946 0.12664111 0.16385224 0.13855986 0.11210426 0.13357858 0.18452151 0.14167275 0.16868679 0.16000612 0.1556432 0.12849505 0.1699747 0.1227292 0.13396591 0.15298185 0.1237626 0.12361574 0.11340723 0.14686054 0.13256949 0.11779183 0.14599352 0.124800205 0.1472446 0.13337803 0.16111231 0.104134366 0.14749213 0.12593076 0.17462835 0.108731225 0.16326003 0.15875605 0.13503985 0.20405643 0.13181299 0.1037654 0.11455664 0.16090696 0.19577788 0.18634398 0.1525986 0.16769643 0.14072445 0.20649923 0.14720589 0.10807232 0.1462747 0.1301671 0.13706581 0.13966309 0.19920346 0.17038736 0.11673543 0.1351051 0.12572002 0.17736731 0.13262469 0.15680988 0.13923562 0.16530433 0.15709642 0.15076372 0.14982457 0.15669908 0.13477097 0.16934401 0.1396521 0.17402583 0.13025062 0.14637223 0.11196799 0.1675134 0.18641861 0.13764058 0.15310581 0.10298402 0.13920714 0.14571323 0.12889776 0.16004716 0.15865259 0.10700728 0.13148624 0.18966311 0.12405276 0.15059696 0.14877596 0.15962048 0.15745421 0.142544 0.1325164 0.1572183 0.14273755 0.13675119 0.16088231 0.14282951 0.16702911 0.14660953 0.18265417 0.15679659 0.14236219 0.10998788 0.16857447 0.14919947 0.12938926 0.10215047 0.12597941 0.13398607 0.12876317 0.17783868 0.13682164 0.1933419 0.16216911 0.15466988 0.18112709 0.133882 0.14936686 0.17811346 0.13294269 0.14271241 0.1369792 0.1553152 0.15133601 0.12757936 0.14173196 0.13125756 0.13485862 0.16062039 0.14293465 0.15770985 0.1503925 0.14172062 0.13993804 0.1416939 0.12694177 0.16151543 0.11545626 0.12822273 0.16993083 0.13989718 0.15126157 0.1547156 0.14395955 0.1602733 0.16382712 0.15208401 0.17820711 0.12648666 0.1296227 0.23569201 0.15979661 0.13478875 0.11472611 0.16806282 0.1680387 0.12153336 0.15322366 0.12660043 0.18589254 0.13113984 0.13532943 0.1502241 0.15473638 0.14203632 0.13413431 0.17341472 0.13895482 0.13822307 0.16305757 0.114107646 0.1350817 0.15231408 0.16144057 0.1793828 0.16865541 0.14419495 0.10876767 0.14146224 0.1416278 0.1412961 0.15736727 0.16082907 0.14910842 0.1544101 0.11186106 0.14861132 0.1406854 0.12337232 0.1655404 0.17046928 0.20274782 0.13403678 0.14000036 0.1779558 0.109111294 0.16962361 0.1439304 0.16776854 0.10813737 0.1712844 0.14094864 0.16622931 0.1527988 0.15513173 0.201297 0.17302217 0.1444378 0.17062302 0.16241236 0.13417192 0.15465578 0.12977 0.17721081 0.13381043 0.17974658 0.16436781 0.14424561 0.19972475 0.15780883 0.14971581 0.16308631 0.11921748 0.12455402 0.121321656 0.1168594 0.17124242 0.153605 0.14973089 0.14575553 0.11143793 0.15459833 0.17867804 0.15613683 0.14083828 0.14703149 0.13172321 0.17375945 0.19079494 0.19508363 0.13635316 0.15312396 0.1299197 0.12855922 0.15284571 0.1238936 0.12306514 0.13807853 0.14622658 0.12317977 0.16134104 0.16697769 0.1580623 0.17282367 0.14619642 0.18075787 0.16414467 0.16278389 0.1629662 0.1490508 0.16412432 0.18202415 0.18413171 0.10938066 0.13920043 0.16408704 0.14298959 0.134963 0.1420312 0.15062004 0.115311034 0.15272373 0.15414137 0.14710057 0.11821977 0.10697032 0.1588665 0.12613901 0.1858382 0.10768757 0.18773697 0.123480976 0.16814621 0.121136375 0.13267191 0.12838887 0.1753577 0.12895715 0.15501972 0.14364667 0.14205009 0.14877947 0.14070705 0.19785097 0.15476963 0.17259167 0.1437031 0.12919615 0.13869455 0.16449419 0.15187521 0.1321785 0.13571642 0.18199897 0.1427244 0.13171656 0.15473318 0.122369654 0.15406139 0.17281544 0.1571343 0.15418139 0.1497481 0.14016522 0.123743325 0.16003783 0.12947701 0.16108347 0.12546103 0.11488639 0.12816493 0.13094054 0.11308513 0.16980357 0.12299155 0.1800465 0.16046396 0.13247073 0.14108698 0.1361702 0.16834609 0.13211316 0.14209712 0.14657676 0.20943008 0.16412494 0.12327671 0.12346289 0.113968134 0.14016163 0.11499469 0.15630363 0.124912016 0.15737532 0.11023381 0.10325529 0.13057575 0.1301965 0.15200643 0.19927521 0.15012512 0.1227802 0.15041971 0.1536636 0.12899081 0.18286 0.13653943 0.1456187 0.17719002 0.18676548 0.17410746 0.14172064 0.13745855 0.14113705 0.12503563 0.14905278 0.1314439 0.15546726 0.12708685 0.15677384 0.14255361 0.124386586 0.15486285 0.15755345 0.1285999 0.1342543 0.08037921 0.17388873 0.13744618 0.14410077 0.13555378 0.10475911 0.16376579 0.15055393 0.14937803 0.1264916 0.14283518 0.17128678 0.15238726 0.20129834 0.16801502 0.13169453 0.14278527 0.18286295 0.15565392 0.15306622 0.17553848 0.17399257 0.14172678 0.12638372 0.16283068 0.17240863 0.13668601 0.15834528 0.12904336 0.15116087 0.15372324 0.13135707 0.14256953 0.15550609 0.12835327 0.20168768 0.14551705 0.19957134 0.14189212 0.14018928 0.17959008 0.12665081 0.15069014 0.12641749 0.104476124 0.1632659 0.17982368 0.14784303 0.13736552 0.15883975 0.15569268 0.16489021 0.14098947 0.13440084 0.103268296 0.17951103 0.15261775 0.1827593 0.12583907 0.09925266 0.1370729 0.13903022 0.21047367 0.14392419 0.13915509 0.15715115 0.108074225 0.16793135 0.13759354 0.13428302 0.17565529 0.12222483 0.250263 0.15849236 0.16533124 0.17778043 0.13878734 0.1486534 0.15650782 0.10894289 0.12661286 0.13857265 0.12132258 0.15800337 0.10911541 0.16149801 0.17179397 0.18015432 0.12715852,0.15104742 0.12911549 0.18314885 0.14136039 0.14874639 0.15999731 0.20621836 0.117536426 0.1783644 0.13711248 0.16192493 0.10656208 0.18748522 0.17014061 0.14688312 0.159 0.1580343 0.14652419 0.16290359 0.12738667 0.19899422 0.13765737 0.18628187 0.14407031 0.12450867 0.16069476 0.13161935 0.15545204 0.20123291 0.15525454 0.17572328 0.1586414 0.14119957 0.1409899 0.13831563 0.17236347 0.15772043 0.14195555 0.15038793 0.17127363 0.14305447 0.19585574 0.12139511 0.16298784 0.17369944 0.1137705 0.1504711 0.12662566 0.16383225 0.13854295 0.11209057 0.13356228 0.184499 0.14165545 0.16866621 0.15998659 0.15562421 0.12847936 0.16995396 0.122714214 0.13394956 0.15296318 0.1237475 0.123600654 0.113393396 0.14684261 0.13255332 0.11777745 0.14597571 0.124784976 0.14722663 0.13336174 0.16109265 0.10412166 0.14747413 0.12591538 0.17460704 0.108717956 0.1632401 0.15873668 0.13502337 0.20403153 0.13179691 0.10375274 0.114542656 0.16088732 0.19575398 0.18632124 0.15257998 0.16767596 0.14070728 0.20647404 0.14718793 0.10805913 0.14625685 0.13015121 0.1370491 0.13964604 0.19917914 0.17036656 0.11672118 0.13508862 0.12570469 0.17734568 0.1326085 0.15679073 0.13921861 0.16528416 0.15707725 0.15074532 0.14980629 0.15667994 0.13475452 0.16932334 0.13963506 0.17400458 0.13023472 0.14635436 0.111954324 0.16749296 0.18639585 0.13762377 0.15308712 0.10297145 0.13919015 0.14569543 0.12888204 0.16002762 0.15863322 0.10699422 0.13147019 0.18963996 0.12403762 0.15057857 0.1487578 0.15960099 0.157435 0.1425266 0.13250022 0.15719913 0.14272013 0.1367345 0.16086268 0.14281207 0.16700873 0.14659165 0.18263188 0.15677746 0.14234482 0.10997446 0.1685539 0.14918126 0.12937348 0.102138005 0.12596403 0.13396971 0.12874746 0.17781697 0.13680495 0.19331829 0.16214933 0.15465102 0.18110497 0.13386565 0.14934862 0.17809173 0.13292646 0.142695 0.13696249 0.15529625 0.15131754 0.12756379 0.14171466 0.13124155 0.13484216 0.16060078 0.14291722 0.15769061 0.15037416 0.14170334 0.13992096 0.1416766 0.12692629 0.16149572 0.11544217 0.12820709 0.1699101 0.1398801 0.1512431 0.15469672 0.14394198 0.16025375 0.16380714 0.15206546 0.17818537 0.12647122 0.12960689 0.23566324 0.15977712 0.1347723 0.11471211 0.1680423 0.16801819 0.12151853 0.15320496 0.12658498 0.18586984 0.13112384 0.1353129 0.15020576 0.15471749 0.14201897 0.13411795 0.17339355 0.13893786 0.1382062 0.16303766 0.11409372 0.1350652 0.15229549 0.16142087 0.17936091 0.16863482 0.14417735 0.108754404 0.14144498 0.14161052 0.14127886 0.15734807 0.16080944 0.14909023 0.15439126 0.1118474 0.14859319 0.14066823 0.12335726 0.16552019 0.17044848 0.20272309 0.13402042 0.13998328 0.17793408 0.10909798 0.16960292 0.14391284 0.16774806 0.10812417 0.1712635 0.14093143 0.16620901 0.15278015 0.1551128 0.20127244 0.17300105 0.14442018 0.17060219 0.16239254 0.13415554 0.15463692 0.12975416 0.17718917 0.1337941 0.17972465 0.16434775 0.144228 0.19970039 0.15778956 0.14969754 0.16306642 0.11920293 0.124538824 0.12130685 0.11684514 0.17122151 0.15358625 0.1497126 0.14573775 0.11142433 0.15457946 0.17865622 0.15611777 0.14082108 0.14701355 0.13170713 0.17373824 0.19077167 0.19505984 0.13633654 0.15310527 0.12990384 0.12854353 0.15282705 0.12387848 0.123050116 0.13806167 0.14620875 0.12316474 0.16132134 0.16695732 0.15804301 0.17280257 0.14617857 0.1807358 0.16412462 0.16276403 0.16294633 0.14903262 0.1641043 0.18200193 0.18410924 0.10936732 0.13918345 0.16406702 0.14297214 0.13494653 0.14201386 0.15060167 0.11529696 0.15270509 0.15412255 0.14708261 0.11820534 0.106957264 0.15884711 0.12612362 0.18581551 0.10767443 0.18771407 0.12346591 0.16812569 0.12112159 0.13265572 0.1283732 0.1753363 0.12894142 0.1550008 0.14362913 0.14203274 0.14876132 0.14068986 0.19782682 0.15475075 0.17257062 0.14368556 0.12918039 0.13867763 0.16447411 0.15185668 0.13216238 0.13569987 0.18197677 0.14270698 0.13170049 0.15471429 0.122354716 0.15404259 0.17279434 0.15711512 0.15416259 0.14972982 0.14014812 0.12372822 0.16001831 0.1294612 0.1610638 0.12544572 0.114872366 0.1281493 0.13092455 0.11307132 0.16978286 0.12297654 0.18002453 0.16044438 0.13245456 0.14106977 0.13615358 0.16832554 0.13209704 0.14207977 0.14655887 0.20940453 0.16410491 0.12326166 0.12344782 0.11395422 0.14014453 0.11498066 0.15628456 0.12489677 0.15735611 0.110220365 0.10324268 0.1305598 0.1301806 0.15198788 0.19925089 0.1501068 0.12276521 0.15040135 0.15364486 0.12897506 0.1828377 0.13652276 0.14560094 0.1771684 0.1867427 0.17408621 0.14170335 0.13744177 0.14111982 0.12502037 0.1490346 0.13142787 0.15544827 0.12707134 0.1567547 0.14253622 0.1243714 0.15484394 0.15753421 0.1285842 0.13423793 0.080369405 0.17386751 0.13742942 0.14408319 0.13553724 0.10474633 0.1637458 0.15053555 0.14935979 0.12647617 0.14281775 0.17126587 0.15236866 0.20127378 0.16799451 0.13167846 0.14276783 0.18284065 0.15563492 0.15304755 0.17551707 0.17397134 0.14170949 0.1263683 0.16281082 0.17238759 0.13666932 0.15832596 0.1290276 0.15114242 0.15370448 0.13134104 0.14255214 0.15548712 0.1283376 0.20166306 0.14549929 0.19954698 0.1418748 0.14017217 0.17956816 0.12663534 0.15067175 0.12640205 0.10446337 0.16324598 0.17980173 0.14782499 0.13734876 0.15882036 0.15567368 0.16487008 0.14097227 0.13438445 0.1032557 0.17948912 0.15259913 0.182737 0.12582372 0.09924055 0.13705619 0.13901326 0.21044798 0.14390664 0.13913812 0.15713197 0.10806103 0.16791084 0.13757674 0.13426663 0.17563386 0.122209914 0.25023246 0.15847301 0.16531107 0.17775874 0.13877042 0.14863525 0.15648872 0.10892959 0.1265974 0.13855574 0.12130777 0.1579841 0.109102085 0.16147831 0.171773 0.18013233 0.127143,0.0011893498 0.0010166575 0.0014421169 0.0011130739 0.0011712314 0.0012598214 0.0016237666 0.00092548365 0.0014044441 0.0010796258 0.0012749995 0.00083907146 0.0014762615 0.0013396898 0.0011565599 0.0012519684 0.0012443645 0.0011537338 0.0012827055 0.0010030447 0.0015668836 0.0010839163 0.0014667864 0.0011344119 0.0009803833 0.0012653131 0.0010363729 0.0012240318 0.0015845111 0.0012224767 0.0013836479 0.0012491449 0.0011118077 0.0011101566 0.0010890994 0.0013571928 0.0012418932 0.0011177603 0.0011841569 0.0013486113 0.0011264131 0.0015421711 0.000955867 0.0012833688 0.0013677122 0.0008958307 0.0011848118 0.0009970524 0.0012900177 0.0010908893 0.00088260294 0.0010516715 0.001452748 0.0011153972 0.0013280804 0.001259737 0.0012253874 0.0010116486 0.0013382201 0.00096625363 0.001054721 0.0012044344 0.0009743897 0.0009732335 0.0008928614 0.001156241 0.0010437269 0.0009273815 0.001149415 0.0009825588 0.0011592648 0.0010500925 0.0012684461 0.0008198556 0.0011612136 0.0009914597 0.0013748585 0.0008560469 0.0012853552 0.0012498951 0.0010631762 0.0016065475 0.001037771 0.0008169507 0.00090191065 0.0012668292 0.00154137 0.0014670964 0.0012014172 0.0013202832 0.0011079314 0.0016257798 0.00115896 0.0008508593 0.0011516287 0.0010248127 0.0010791267 0.0010995751 0.0015683396 0.0013414689 0.00091906445 0.0010636899 0.0009898007 0.0013964226 0.0010441614 0.0012345727 0.0010962095 0.0013014501 0.0012368287 0.001186971 0.0011795771 0.0012337003 0.0010610592 0.0013332546 0.0010994886 0.0013701149 0.0010254702 0.0011523966 0.0008815301 0.0013188422 0.0014676839 0.0010836518 0.0012054105 0.00081079884 0.0010959854 0.0011472082 0.0010148191 0.00126006 0.0012490804 0.00084247417 0.0010351983 0.001493228 0.0009766741 0.001185658 0.0011713213 0.0012567007 0.0012396456 0.0011222566 0.0010433088 0.0012377885 0.0011237806 0.0010766496 0.0012666353 0.0011245045 0.0013150293 0.0011542649 0.0014380463 0.0012344682 0.0011208253 0.00086594064 0.0013271961 0.0011746556 0.0010186888 0.0008042363 0.0009918427 0.0010548796 0.0010137595 0.0014001336 0.0010772044 0.0015221913 0.0012767663 0.0012177245 0.0014260234 0.0010540603 0.0011759733 0.0014022972 0.0010466651 0.0011235826 0.0010784448 0.0012228051 0.0011914767 0.0010044393 0.0011158634 0.001033398 0.0010617493 0.0012645731 0.0011253324 0.0012416583 0.0011840485 0.0011157743 0.0011017399 0.0011155638 0.0009994196 0.0012716198 0.0009089935 0.0010095047 0.0013378748 0.0011014182 0.0011908906 0.0012180844 0.0011334014 0.0012618406 0.00128982 0.0011973658 0.0014030344 0.0009958363 0.0010205266 0.001855616 0.0012580876 0.0010611992 0.00090324495 0.0013231677 0.001322978 0.00095683883 0.0012063383 0.0009967322 0.0014635421 0.0010324712 0.001065456 0.0011827225 0.0012182479 0.0011182596 0.0010560468 0.0013653035 0.0010939989 0.0010882377 0.0012837611 0.00089837576 0.0010635055 0.001199177 0.0012710304 0.0014122906 0.0013278332 0.0011352547 0.0008563339 0.00111374 0.0011150434 0.001112432 0.0012389611 0.001266216 0.0011739389 0.0012156792 0.0008806882 0.0011700251 0.0011076238 0.000971317 0.0013033086 0.0013421141 0.0015962448 0.0010552789 0.0011022305 0.0014010557 0.0008590392 0.001335456 0.001133172 0.0013208509 0.0008513714 0.0013485315 0.0011096962 0.0013087324 0.0012029933 0.0012213606 0.0015848224 0.001362213 0.0011371667 0.0013433243 0.0012786814 0.0010563429 0.0012176136 0.0010216862 0.0013951904 0.0010534968 0.0014151547 0.0012940768 0.0011356535 0.001572444 0.0012424375 0.0011787208 0.0012839875 0.00093860575 0.0009806206 0.00095517206 0.0009200405 0.0013482008 0.0012093405 0.0011788395 0.0011475413 0.0008773569 0.0012171611 0.0014067419 0.0012292737 0.0011088274 0.0011575869 0.001037064 0.0013680176 0.0015021391 0.0015359042 0.001073516 0.0012055533 0.0010228648 0.0010121537 0.0012033626 0.0009754211 0.00096889853 0.0010870998 0.00115125 0.00096980116 0.0012702468 0.0013146246 0.0012444331 0.0013606502 0.0011510124 0.0014231165 0.0012923199 0.0012816065 0.0012830419 0.0011734852 0.0012921598 0.0014330861 0.001449679 0.00086116 0.0010959327 0.0012918663 0.0011257649 0.0010625711 0.0011182193 0.0011858399 0.0009078501 0.0012024023 0.0012135634 0.0011581308 0.0009307507 0.0008421832 0.0012507646 0.0009930994 0.0014631143 0.00084783015 0.0014780635 0.00097217254 0.0013238243 0.0009537133 0.0010445332 0.0010108126 0.0013806009 0.0010152868 0.0012204788 0.0011309381 0.001118368 0.001171349 0.0011077942 0.0015576915 0.0012185099 0.0013588237 0.0011313824 0.0010171684 0.0010919499 0.0012950718 0.0011957219 0.0010406487 0.0010685029 0.0014328879 0.001123677 0.0010370117 0.0012182228 0.00096342294 0.0012129338 0.0013605853 0.0012371269 0.0012138786 0.001178975 0.0011035285 0.000974238 0.0012599867 0.0010193795 0.001268219 0.0009877617 0.0009045068 0.0010090496 0.001030902 0.00089032535 0.0013368729 0.00096831925 0.001417516 0.0012633415 0.0010429493 0.0011107856 0.0010720755 0.001325398 0.0010401341 0.0011187383 0.0011540068 0.0016488546 0.0012921647 0.00097056426 0.0009720301 0.0008972774 0.0011035003 0.0009053595 0.001230587 0.0009834392 0.0012390246 0.00086787686 0.0008129345 0.00102803 0.0010250441 0.001196755 0.0015689046 0.0011819433 0.0009666552 0.0011842627 0.001209802 0.0010155517 0.0014396668 0.0010749823 0.0011464641 0.0013950268 0.0014704149 0.0013707576 0.0011157744 0.0010822186 0.0011111797 0.0009844124 0.0011735008 0.0010348652 0.0012240021 0.0010005618 0.001234289 0.0011223324 0.0009793023 0.0012192436 0.0012404269 0.0010124741 0.0010569916 0.00063282996 0.0013690355 0.0010821214 0.0011345133 0.0010672223 0.0008247742 0.0012893371 0.0011853193 0.0011760613 0.0009958753 0.0011245492 0.0013485502 0.0011997533 0.0015848329 0.0013227914 0.0010368383 0.0011241562 0.0014396901 0.0012254718 0.0012050988 0.0013820241 0.001369853 0.0011158228 0.000995026 0.001281975 0.0013573825 0.0010761364 0.0012466611 0.0010159654 0.0011900978 0.0012102715 0.0010341814 0.0011224578 0.001224308 0.0010105324 0.0015878981 0.0011456637 0.0015712361 0.0011171245 0.0011037178 0.0014139225 0.0009971287 0.0011863917 0.0009952917 0.0008225462 0.0012854014 0.0014157617 0.0011639763 0.0010814862 0.001250554 0.0012257771 0.0012981896 0.0011100179 0.0010581453 0.000813037 0.0014133002 0.0012015679 0.0014388739 0.0009907379 0.00078142167 0.0010791826 0.0010945926 0.0016570707 0.0011331232 0.0010955757 0.0012372596 0.00085087423 0.0013221327 0.0010832815 0.0010572176 0.0013829438 0.00096228276 0.0019703342 0.001247819 0.001301662 0.0013996752 0.0010926805 0.0011703563 0.0012321946 0.0008577133 0.00099683 0.00109099 0.0009551793 0.0012439692 0.00085907156 0.0012714828 0.0013525434 0.0014183648 0.0010011259,
674,512,,,0.0044300067 0.0044300067 0.0044300067 0.0044300067 0.0044300067 0.0044300067 0.0044300067 0.0044300067 0.0044300067 0.0044300067 0.0044300067 0.0044300067 0.0044300067 0.0044300067 0.0044300067 0.0044300067 0.0044300067 0.0044300067 0.0044300067 0.0044300067 0.0044300067 0.0044300067 0.0044300067 0.0044300067 0.0044300067 0.0044300067 0.0044300067 0.0044300067 0.0044300067 0.0044300067 0.0044300067 0.0044300067 0.0044300067 0.0044300067 0.0044300067 0.0044300067 0.0044300067 0.0044300067 0.0044300067 0.0044300067 0.0044300067 0.0044300067 0.0044300067 0.0044300067 0.0044300067 0.0044300067 0.0044300067 0.0044300067 0.0044300067 0.0044300067 0.0044300067 0.0044300067 0.0044300067 0.0044300067 0.0044300067 0.0044300067 0.0044300067 0.0044300067 0.0044300067 0.0044300067 0.0044300067 0.0044300067 0.0044300067 0.0044300067 0.0044300067 0.0044300067 0.0044300067 0.0044300067 0.0044300067 0.0044300067 0.0044300067 0.0044300067 0.0044300067 0.0044300067 0.0044300067 0.0044300067 0.0044300067 0.0044300067 0.0044300067 0.0044300067 0.0044300067 0.0044300067 0.0044300067 0.0044300067 0.0044300067 0.0044300067 0.0044300067 0.0044300067 0.0044300067 0.0044300067 0.0044300067 0.0044300067 0.0044300067 0.0044300067 0.0044300067 0.0044300067 0.0044300067 0.0044300067 0.0044300067 0.0044300067 0.0044300067 0.0044300067 0.0044300067 0.0044300067 0.0044300067 0.0044300067 0.0044300067 0.0044300067 0.0044300067 0.0044300067 0.0044300067 0.0044300067 0.0044300067 0.0044300067 0.0044300067 0.0044300067 0.0044300067 0.0044300067 0.0044300067 0.0044300067 0.0044300067 0.0044300067 0.0044300067 0.0044300067 0.0044300067 0.0044300067 0.0044300067 0.0044300067 0.0044300067 0.0044300067 0.0044300067 0.0044300067 0.0044300067 0.0044300067 0.0044300067 0.0044300067 0.0044300067 0.0044300067 0.0044300067 0.0044300067 0.0044300067 0.0044300067 0.0044300067 0.0044300067 0.0044300067 0.0044300067 0.0044300067 0.0044300067 0.0044300067 0.0044300067 0.0044300067 0.0044300067 0.0044300067 0.0044300067 0.0044300067 0.0044300067 0.0044300067 0.0044300067 0.0044300067 0.0044300067 0.0044300067 0.0044300067 0.0044300067 0.0044300067 0.0044300067 0.0044300067 0.0044300067 0.0044300067 0.0044300067 0.0044300067 0.0044300067 0.0044300067 0.0044300067 0.0044300067 0.0044300067 0.0044300067 0.0044300067 0.0044300067 0.0044300067 0.0044300067 0.0044300067 0.0044300067 0.0044300067 0.0044300067 0.0044300067 0.0044300067 0.0044300067 0.0044300067 0.0044300067 0.0044300067 0.0044300067 0.0044300067 0.0044300067 0.0044300067 0.0044300067 0.0044300067 0.0044300067 0.0044300067 0.0044300067 0.0044300067 0.0044300067 0.0044300067 0.0044300067 0.0044300067 0.0044300067 0.0044300067 0.0044300067 0.0044300067 0.0044300067 0.0044300067 0.0044300067 0.0044300067 0.0044300067 0.0044300067 0.0044300067 0.0044300067 0.0044300067 0.0044300067 0.0044300067 0.0044300067 0.0044300067 0.0044300067 0.0044300067 0.0044300067 0.0044300067 0.0044300067 0.0044300067 0.0044300067 0.0044300067 0.0044300067 0.0044300067 0.0044300067 0.0044300067 0.0044300067 0.0044300067 0.0044300067 0.0044300067 0.0044300067 0.0044300067 0.0044300067 0.0044300067 0.0044300067 0.0044300067 0.0044300067 0.0044300067 0.0044300067 0.0044300067 0.0044300067 0.0044300067 0.0044300067 0.0044300067 0.0044300067 0.0044300067 0.0044300067 0.0044300067 0.0044300067 0.0044300067 0.0044300067 0.0044300067 0.0044300067 0.0044300067 0.0044300067 0.0044300067 0.0044300067 0.0044300067 0.0044300067 0.0044300067 0.0044300067 0.0044300067 0.0044300067 0.0044300067 0.0044300067 0.0044300067 0.0044300067 0.0044300067 0.0044300067 0.0044300067 0.0044300067 0.0044300067 0.0044300067 0.0044300067 0.0044300067 0.0044300067 0.0044300067 0.0044300067 0.0044300067 0.0044300067 0.0044300067 0.0044300067 0.0044300067 0.0044300067 0.0044300067 0.0044300067 0.0044300067 0.0044300067 0.0044300067 0.0044300067 0.0044300067 0.0044300067 0.0044300067 0.0044300067 0.0044300067 0.0044300067 0.0044300067 0.0044300067 0.0044300067 0.0044300067 0.0044300067 0.0044300067 0.0044300067 0.0044300067 0.0044300067 0.0044300067 0.0044300067 0.0044300067 0.0044300067 0.0044300067 0.0044300067 0.0044300067 0.0044300067 0.0044300067 0.0044300067 0.0044300067 0.0044300067 0.0044300067 0.0044300067 0.0044300067 0.0044300067 0.0044300067 0.0044300067 0.0044300067 0.0044300067 0.0044300067 0.0044300067 0.0044300067 0.0044300067 0.0044300067 0.0044300067 0.0044300067 0.0044300067 0.0044300067 0.0044300067 0.0044300067 0.0044300067 0.0044300067 0.0044300067 0.0044300067 0.0044300067 0.0044300067 0.0044300067 0.0044300067 0.0044300067 0.0044300067 0.0044300067 0.0044300067 0.0044300067 0.0044300067 0.0044300067 0.0044300067 0.0044300067 0.0044300067 0.0044300067 0.0044300067 0.0044300067 0.0044300067 0.0044300067 0.0044300067 0.0044300067 0.0044300067 0.0044300067 0.0044300067 0.0044300067 0.0044300067 0.0044300067 0.0044300067 0.0044300067 0.0044300067 0.0044300067 0.0044300067 0.0044300067 0.0044300067 0.0044300067 0.0044300067 0.0044300067 0.0044300067 0.0044300067 0.0044300067 0.0044300067 0.0044300067 0.0044300067 0.0044300067 0.0044300067 0.0044300067 0.0044300067 0.0044300067 0.0044300067 0.0044300067 0.0044300067 0.0044300067 0.0044300067 0.0044300067 0.0044300067 0.0044300067 0.0044300067 0.0044300067 0.0044300067 0.0044300067 0.0044300067 0.0044300067 0.0044300067 0.0044300067 0.0044300067 0.0044300067 0.0044300067 0.0044300067 0.0044300067 0.0044300067 0.0044300067 0.0044300067 0.0044300067 0.0044300067 0.0044300067 0.0044300067 0.0044300067 0.0044300067 0.0044300067 0.0044300067 0.0044300067 0.0044300067 0.0044300067 0.0044300067 0.0044300067 0.0044300067 0.0044300067 0.0044300067 0.0044300067 0.0044300067 0.0044300067 0.0044300067 0.0044300067 0.0044300067 0.0044300067 0.0044300067 0.0044300067 0.0044300067 0.0044300067 0.0044300067 0.0044300067 0.0044300067 0.0044300067 0.0044300067 0.0044300067 0.0044300067 0.0044300067 0.0044300067 0.0044300067 0.0044300067 0.0044300067 0.0044300067 0.0044300067 0.0044300067 0.0044300067 0.0044300067 0.0044300067 0.0044300067 0.0044300067 0.0044300067 0.0044300067 0.0044300067 0.0044300067 0.0044300067 0.0044300067 0.0044300067 0.0044300067 0.0044300067 0.0044300067 0.0044300067 0.0044300067 0.0044300067 0.0044300067 0.0044300067 0.0044300067 0.0044300067 0.0044300067 0.0044300067 0.0044300067 0.0044300067 0.0044300067 0.0044300067 0.0044300067 0.0044300067 0.0044300067 0.0044300067 0.0044300067 0.0044300067 0.0044300067 0.0044300067 0.0044300067 0.0044300067 0.0044300067 0.0044300067 0.0044300067 0.0044300067 0.0044300067 0.0044300067 0.0044300067 0.0044300067 0.0044300067 0.0044300067 0.0044300067 0.0044300067 0.0044300067,14 14 14 14 14 14 14 15 14 14 14 15 14 14 14 14 14 14 14 14 14 14 14 14 14 14 14 14 14 14 14 14 14 14 14 14 14 14 14 14 14 14 15 14 14 15 14 14 14 14 15 14 14 14 14 14 14 14 14 15 14 14 15 15 15 14 14 15 14 14 14 14 14 15 14 14 14 15 14 14 14 14 14 15 15 14 14 14 14 14 14 14 14 15 14 14 14 14 14 14 15 14 14 14 14 14 14 14 14 14 14 14 14 14 14 14 14 14 15 14 14 14 14 15 14 14 14 14 14 15 14 14 14 14 14 14 14 14 14 14 14 14 14 14 14 14 14 14 14 15 14 14 14 15 14 14 14 14 14 14 14 14 14 14 14 14 14 14 14 14 14 14 14 14 14 14 14 14 14 14 14 14 14 14 15 14 14 14 14 14 14 14 14 14 14 14 14 14 14 14 15 14 14 15 14 14 14 14 14 14 14 14 14 14 14 14 14 15 14 14 14 14 14 14 15 14 14 14 14 14 14 14 15 14 14 15 14 14 14 14 14 14 15 14 14 14 15 14 14 14 14 14 14 14 14 14 14 14 14 14 14 14 14 14 14 14 14 14 14 15 14 15 15 14 14 14 14 15 14 14 14 14 14 14 14 14 14 14 14 14 14 14 14 15 14 14 15 14 14 14 14 14 14 14 14 14 14 14 14 14 15 14 14 14 14 14 14 15 14 14 14 15 15 14 14 14 15 14 15 14 15 14 14 14 14 14 14 14 14 14 14 14 14 14 14 14 14 14 14 14 14 14 14 14 15 14 14 14 14 14 14 15 14 14 14 14 15 14 14 15 14 15 14 14 14 14 14 14 14 14 14 14 14 15 15 15 14 15 14 14 14 15 15 14 14 14 14 14 15 14 14 14 14 14 14 14 14 14 14 14 14 14 14 14 14 14 14 14 14 14 14 14 14 15 14 14 14 14 15 14 14 14 14 14 14 14 14 14 14 14 14 14 14 14 14 14 14 14 14 14 14 14 14 14 14 14 14 14 14 14 14 14 14 14 14 14 14 15 14 14 14 14 14 14 14 14 14 15 14 14 14 14 15 14 14 14 14 14 14 15 14 14 14 14 15 13 14 14 14 14 14 14 15 14 14 15 14 15 14 14 14 14
679,1x1x512x256,0.12744704 0.10107579 0.14574045 0.17160526 0.099364415 0.091061324 0.09782605 0.100984015 0.098777235 0.09962302 0.0938479 0.14760381 0.098637775 0.13072199 0.11156229 0.13664335 0.10167922 0.11652077 0.15445921 0.114607625 0.08690363 0.10873127 0.17667261 0.094198935 0.11421154 0.076948024 0.09642877 0.09757763 0.113648124 0.15439735 0.10889044 0.17508169 0.09725649 0.13199143 0.12307693 0.100233965 0.13648319 0.10709364 0.0920372 0.13610676 0.112704515 0.08188515 0.12516521 0.10560649 0.13105278 0.1847505 0.12674497 0.2001232 0.089134045 0.17767575 0.10172153 0.10464836 0.060214546 0.10002783 0.124307446 0.13537425 0.14956608 0.1277527 0.11851363 0.099333934 0.10641358 0.1213605 0.118354045 0.11639859 0.11864984 0.090592615 0.1141938 0.09430192 0.08919032 0.107034385 0.12063028 0.107151836 0.11613347 0.1282668 0.117666624 0.1248673 0.09514027 0.15994088 0.10085251 0.1566485 0.09873439 0.1335268 0.1081634 0.13937101 0.11886105 0.13705312 0.09678443 0.10367172 0.10301775 0.0769411 0.086385645 0.09970543 0.1497407 0.14756887 0.09445618 0.11475432 0.15292561 0.16678736 0.08962784 0.14818737 0.11152911 0.11673999 0.07304117 0.11050494 0.12446974 0.09627143 0.119016096 0.11182222 0.19395812 0.113290295 0.109642304 0.11502656 0.11376625 0.113054685 0.11576328 0.09057088 0.077760965 0.09728752 0.20941222 0.09272736 0.120943405 0.08454704 0.11890551 0.09433041 0.2003708 0.102233246 0.09020177 0.09211992 0.11068284 0.1338052 0.1089909 0.10265728 0.114835136 0.11120747 0.15812598 0.11881604 0.13519835 0.11048023 0.09649001 0.14535184 0.14987904 0.11715322 0.07846985 0.0960493 0.11733992 0.15129203 0.12223397 0.10168996 0.18043713 0.13854593 0.12355969 0.1364021 0.14003205 0.14648046 0.11595442 0.14107494 0.10855079 0.104451776 0.12715653 0.13433716 0.09163342 0.113805264 0.14582306 0.10922158 0.100100264 0.13051926 0.09431918 0.107359715 0.121264145 0.12491824 0.08764238 0.086988136 0.085318916 0.1642333 0.08576906 0.105859846 0.15404816 0.10240532 0.104017265 0.13188015 0.11858419 0.13300613 0.12776142 0.10625138 0.107622534 0.09158165 0.09891886 0.10744922 0.14652552 0.13799454 0.1714738 0.16042683 0.103997245 0.09478683 0.18364222 0.08601379 0.12057429 0.17026913 0.12588876 0.11548856 0.13608927 0.13743153 0.10139381 0.12996057 0.13156776 0.11228759 0.08499135 0.1324943 0.10280076 0.090664886 0.12927417 0.11347529 0.13031137 0.11351453 0.12458082 0.11813817 0.16917636 0.14333901 0.17642364 0.13264795 0.114740916 0.100907296 0.09019803 0.09616844 0.094441466 0.12475074 0.0871851 0.097421914 0.078622356 0.17838907 0.14167415 0.123097144 0.08750412 0.13837865 0.12416845 0.098442264 0.12586175 0.15333644 0.12442412 0.12720151 0.09465343 0.12812199 0.106188215 0.088613056 0.13553166 0.1424189 0.11845856 0.11138241 0.14406732 0.14335233 0.1655768 0.10599003 0.11877853 0.118297875 0.13127218 0.09517804,0.12743148 0.10106346 0.14572267 0.17158431 0.09935229 0.091050215 0.097814105 0.10097169 0.09876518 0.09961086 0.09383645 0.1475858 0.09862574 0.13070604 0.11154867 0.13662668 0.101666816 0.116506554 0.15444036 0.11459363 0.08689302 0.108718 0.17665105 0.09418744 0.1141976 0.07693863 0.096417 0.09756572 0.11363426 0.15437852 0.10887715 0.17506032 0.09724462 0.13197532 0.12306191 0.10022173 0.13646653 0.10708057 0.09202597 0.13609016 0.11269076 0.08187515 0.12514994 0.1055936 0.13103677 0.18472795 0.1267295 0.20009878 0.08912317 0.17765407 0.10170912 0.10463559 0.0602072 0.10001562 0.12429228 0.13535774 0.14954783 0.1277371 0.11849916 0.09932181 0.106400594 0.12134569 0.118339606 0.11638439 0.11863536 0.09058156 0.11417986 0.09429041 0.089179434 0.107021324 0.12061556 0.10713876 0.11611929 0.12825115 0.11765226 0.124852054 0.095128655 0.15992136 0.1008402 0.15662938 0.09872234 0.13351052 0.10815021 0.13935399 0.11884654 0.13703638 0.09677261 0.10365907 0.10300517 0.07693171 0.0863751 0.09969326 0.14972241 0.14755087 0.094444655 0.11474032 0.15290694 0.166767 0.0896169 0.1481693 0.1115155 0.11672574 0.07303225 0.110491455 0.12445455 0.09625968 0.11900157 0.111808576 0.19393446 0.113276474 0.10962892 0.11501253 0.113752365 0.11304089 0.11574915 0.09055983 0.07775148 0.09727565 0.20938666 0.092716046 0.120928645 0.084536724 0.118891 0.0943189 0.20034635 0.10222077 0.09019077 0.092108674 0.11066933 0.13378887 0.10897759 0.10264476 0.11482112 0.1111939 0.15810668 0.11880154 0.13518184 0.11046675 0.09647824 0.1453341 0.14986075 0.11713892 0.07846027 0.096037574 0.1173256 0.15127356 0.122219056 0.10167755 0.18041511 0.13852903 0.12354461 0.13638546 0.14001496 0.14646259 0.115940265 0.14105771 0.10853754 0.10443903 0.127141 0.13432077 0.09162223 0.11379138 0.14580525 0.10920825 0.10008805 0.13050333 0.09430767 0.10734662 0.12124934 0.12490299 0.08763169 0.08697752 0.08530851 0.16421326 0.08575859 0.10584693 0.15402937 0.102392815 0.10400457 0.13186406 0.11856972 0.13298988 0.12774582 0.10623841 0.1076094 0.091570474 0.098906785 0.107436106 0.14650764 0.1379777 0.17145287 0.16040725 0.10398455 0.09477527 0.18361981 0.08600329 0.12055957 0.17024836 0.1258734 0.11547447 0.13607267 0.13741477 0.101381436 0.1299447 0.13155171 0.11227388 0.08498098 0.13247813 0.10278821 0.09065382 0.1292584 0.11346145 0.13029546 0.11350067 0.12456562 0.118123755 0.16915572 0.14332151 0.1764021 0.13263175 0.11472691 0.10089498 0.09018702 0.09615671 0.09442994 0.12473551 0.08717446 0.09741002 0.07861276 0.1783673 0.14165685 0.123082116 0.087493435 0.13836175 0.12415329 0.098430246 0.12584639 0.15331772 0.12440894 0.12718599 0.09464187 0.12810634 0.10617525 0.08860224 0.13551512 0.14240152 0.1184441 0.11136881 0.14404973 0.14333484 0.1655566 0.105977096 0.118764035 0.11828344 0.13125616 0.09516642,0.0010033975 0.00079577527 0.0011474226 0.0013510576 0.00078230153 0.00071693084 0.0007701898 0.0007950527 0.00077767856 0.00078433746 0.00073886965 0.0011620929 0.00077658065 0.0010291814 0.00087833597 0.0010758006 0.0008005261 0.00091737445 0.0012160658 0.00090231205 0.000684197 0.00085604726 0.0013909531 0.00074163335 0.0008991937 0.00060581596 0.000759189 0.000768234 0.0008947579 0.0012155789 0.0008573004 0.0013784277 0.00076570566 0.0010391758 0.00096899143 0.0007891475 0.0010745396 0.0008431541 0.00072461396 0.001071576 0.0008873288 0.0006446862 0.0009854325 0.0008314457 0.0010317856 0.0014545508 0.0009978701 0.0015755809 0.0007017572 0.0013988509 0.00080085924 0.00082390226 0.00047407244 0.00078752456 0.0009786794 0.0010658089 0.001177542 0.0010058039 0.00093306426 0.00078206154 0.0008378 0.0009554779 0.0009318079 0.0009164125 0.0009341367 0.00071324065 0.000899054 0.0007424442 0.0007022003 0.0008426876 0.00094972877 0.0008436123 0.0009143251 0.0010098516 0.00092639576 0.000983087 0.0007490445 0.0012592233 0.00079401734 0.0012333023 0.00077734125 0.0010512639 0.00085157645 0.0010972755 0.00093579956 0.0010790266 0.00076198904 0.00081621314 0.0008110643 0.0006057615 0.0006801189 0.0007849863 0.0011789167 0.0011618178 0.0007436587 0.00090346707 0.0012039917 0.001313126 0.0007056449 0.0011666873 0.0008780748 0.00091910036 0.0005750571 0.00087001146 0.000979957 0.00075795024 0.00093702023 0.0008803825 0.001527043 0.0008919407 0.00086321984 0.00090561045 0.0008956879 0.0008900857 0.0009114106 0.0007130696 0.00061221636 0.00076595 0.0016487138 0.0007300476 0.00095219404 0.0006656435 0.0009361496 0.00074266846 0.0015775303 0.00080488797 0.00071016356 0.0007252651 0.00087141205 0.0010534556 0.0008580913 0.0008082264 0.00090410333 0.0008755425 0.0012449345 0.0009354452 0.0010644239 0.0008698169 0.00075967115 0.001144363 0.001180006 0.0009223537 0.00061779737 0.0007562014 0.0009238236 0.0011911304 0.00096235477 0.00080061064 0.0014205914 0.0010907798 0.0009727922 0.0010739012 0.00110248 0.0011532487 0.00091291545 0.0011106906 0.0008546263 0.0008223546 0.0010011102 0.0010576438 0.0007214349 0.00089599506 0.0011480729 0.0008599075 0.0007880949 0.0010275852 0.00074258004 0.0008452489 0.0009547192 0.0009834882 0.0006900133 0.0006848624 0.00067172054 0.0012930178 0.00067526445 0.00083344034 0.0012128297 0.00080624264 0.0008189336 0.0010382996 0.0009336198 0.0010471644 0.0010058726 0.0008365229 0.0008473181 0.0007210274 0.0007787936 0.0008459536 0.0011536034 0.0010864387 0.0013500225 0.0012630492 0.00081877597 0.00074626197 0.0014458253 0.00067719124 0.00094928796 0.0013405383 0.0009911292 0.0009092478 0.0010714383 0.001082006 0.000798279 0.0010231866 0.0010358403 0.0008840463 0.0006691416 0.001043135 0.000809356 0.0007138096 0.0010177826 0.00089339726 0.0010259484 0.00089370605 0.0009808317 0.0009301083 0.0013319348 0.0011285158 0.001388993 0.0010443445 0.0009033615 0.00079444866 0.00071013405 0.00075713947 0.00074354286 0.0009821694 0.0006864131 0.00076700805 0.00061899814 0.0014044669 0.0011154083 0.0009691505 0.0006889247 0.0010894627 0.000977585 0.0007750413 0.0009909164 0.0012072262 0.0009795979 0.0010014644 0.0007452116 0.0010087113 0.0008360256 0.0006976554 0.0010670482 0.0011212718 0.00093263073 0.0008769198 0.0011342498 0.0011286207 0.0013035953 0.0008344653 0.0009351499 0.0009313657 0.0010335131 0.0007493419,
680,256,,,0.004961525 0.004961525 0.004961525 0.004961525 0.004961525 0.004961525 0.004961525 0.004961525 0.004961525 0.004961525 0.004961525 0.004961525 0.004961525 0.004961525 0.004961525 0.004961525 0.004961525 0.004961525 0.004961525 0.004961525 0.004961525 0.004961525 0.004961525 0.004961525 0.004961525 0.004961525 0.004961525 0.004961525 0.004961525 0.004961525 0.004961525 0.004961525 0.004961525 0.004961525 0.004961525 0.004961525 0.004961525 0.004961525 0.004961525 0.004961525 0.004961525 0.004961525 0.004961525 0.004961525 0.004961525 0.004961525 0.004961525 0.004961525 0.004961525 0.004961525 0.004961525 0.004961525 0.004961525 0.004961525 0.004961525 0.004961525 0.004961525 0.004961525 0.004961525 0.004961525 0.004961525 0.004961525 0.004961525 0.004961525 0.004961525 0.004961525 0.004961525 0.004961525 0.004961525 0.004961525 0.004961525 0.004961525 0.004961525 0.004961525 0.004961525 0.004961525 0.004961525 0.004961525 0.004961525 0.004961525 0.004961525 0.004961525 0.004961525 0.004961525 0.004961525 0.004961525 0.004961525 0.004961525 0.004961525 0.004961525 0.004961525 0.004961525 0.004961525 0.004961525 0.004961525 0.004961525 0.004961525 0.004961525 0.004961525 0.004961525 0.004961525 0.004961525 0.004961525 0.004961525 0.004961525 0.004961525 0.004961525 0.004961525 0.004961525 0.004961525 0.004961525 0.004961525 0.004961525 0.004961525 0.004961525 0.004961525 0.004961525 0.004961525 0.004961525 0.004961525 0.004961525 0.004961525 0.004961525 0.004961525 0.004961525 0.004961525 0.004961525 0.004961525 0.004961525 0.004961525 0.004961525 0.004961525 0.004961525 0.004961525 0.004961525 0.004961525 0.004961525 0.004961525 0.004961525 0.004961525 0.004961525 0.004961525 0.004961525 0.004961525 0.004961525 0.004961525 0.004961525 0.004961525 0.004961525 0.004961525 0.004961525 0.004961525 0.004961525 0.004961525 0.004961525 0.004961525 0.004961525 0.004961525 0.004961525 0.004961525 0.004961525 0.004961525 0.004961525 0.004961525 0.004961525 0.004961525 0.004961525 0.004961525 0.004961525 0.004961525 0.004961525 0.004961525 0.004961525 0.004961525 0.004961525 0.004961525 0.004961525 0.004961525 0.004961525 0.004961525 0.004961525 0.004961525 0.004961525 0.004961525 0.004961525 0.004961525 0.004961525 0.004961525 0.004961525 0.004961525 0.004961525 0.004961525 0.004961525 0.004961525 0.004961525 0.004961525 0.004961525 0.004961525 0.004961525 0.004961525 0.004961525 0.004961525 0.004961525 0.004961525 0.004961525 0.004961525 0.004961525 0.004961525 0.004961525 0.004961525 0.004961525 0.004961525 0.004961525 0.004961525 0.004961525 0.004961525 0.004961525 0.004961525 0.004961525 0.004961525 0.004961525 0.004961525 0.004961525 0.004961525 0.004961525 0.004961525 0.004961525 0.004961525 0.004961525 0.004961525 0.004961525 0.004961525 0.004961525 0.004961525 0.004961525 0.004961525 0.004961525 0.004961525 0.004961525 0.004961525 0.004961525 0.004961525 0.004961525 0.004961525 0.004961525 0.004961525 0.004961525 0.004961525 0.004961525 0.004961525 0.004961525 0.004961525 0.004961525 0.004961525 0.004961525 0.004961525,14 15 14 14 15 15 15 15 15 15 15 14 15 14 15 14 15 15 14 15 15 15 14 15 15 15 15 15 15 14 15 14 15 14 15 15 14 15 15 14 15 15 14 15 14 14 14 14 15 14 15 15 16 15 14 14 14 14 15 15 15 15 15 15 15 15 15 15 15 15 15 15 15 14 15 14 15 14 15 14 15 14 15 14 15 14 15 15 15 15 15 15 14 14 15 15 14 14 15 14 15 15 15 15 14 15 15 15 14 15 15 15 15 15 15 15 15 15 14 15 15 15 15 15 14 15 15 15 15 14 15 15 15 15 14 15 14 15 15 14 14 15 15 15 15 14 15 15 14 14 15 14 14 14 15 14 15 15 14 14 15 15 14 15 15 14 15 15 15 14 15 15 15 14 15 15 14 15 15 14 15 14 14 15 15 15 15 15 14 14 14 14 15 15 14 15 15 14 14 15 14 14 15 14 14 15 15 14 15 15 14 15 14 15 14 15 14 14 14 14 15 15 15 15 15 14 15 15 15 14 14 15 15 14 14 15 14 14 14 14 15 14 15 15 14 14 15 15 14 14 14 15 15 15 14 15
690,1x1x768x512,0.13680416 0.13962466 0.10307959 0.16695495 0.14409983 0.08045948 0.09780987 0.081589006 0.081897624 0.12815236 0.10753023 0.09861675 0.115364075 0.09996774 0.10746002 0.06548408 0.04814724 0.1330887 0.0880871 0.05898763 0.08659779 0.09526506 0.08550215 0.09054 0.07596558 0.08846949 0.059863005 0.07999362 0.11495472 0.08274189 0.121656336 0.13098618 0.084608 0.051806152 0.088790305 0.1190306 0.060575772 0.09417604 0.071194865 0.100000046 0.09512277 0.13882473 0.07587113 0.09484876 0.09561387 0.12671955 0.09076672 0.11318612 0.080855764 0.14874046 0.061959814 0.09499159 0.07831866 0.10293251 0.06934347 0.109621376 0.082542256 0.11475124 0.10920322 0.062131867 0.068894856 0.10735995 0.11275075 0.091195375 0.06955607 0.08584663 0.084338754 0.10474679 0.10466977 0.07729754 0.08807063 0.094157666 0.07190698 0.10955475 0.0579763 0.11249295 0.08494348 0.10818369 0.0977572 0.09664951 0.10578352 0.08420326 0.12091474 0.08325759 0.04523731 0.10727592 0.07697333 0.15443195 0.05915934 0.08028567 0.10545497 0.09885524 0.10825536 0.09894152 0.11598149 0.054204997 0.054787245 0.11847103 0.109424226 0.11259655 0.12472154 0.11493764 0.0504338 0.08849614 0.12411492 0.07889441 0.05836077 0.0815295 0.14948122 0.10201211 0.11965104 0.08146673 0.1432314 0.0832431 0.081080616 0.09020834 0.11522155 0.096890934 0.0978854 0.087572776 0.12365366 0.11206845 0.07522919 0.09864236 0.06337113 0.10544423 0.10447778 0.13194743 0.07814518 0.097185016 0.07475525 0.08740051 0.122994564 0.110623166 0.081771605 0.08128128 0.113143414 0.087830946 0.1333359 0.08603232 0.104400545 0.10273768 0.103917345 0.07932976 0.09039541 0.08530136 0.089286335 0.108243115 0.09455731 0.07796589 0.121297546 0.080169566 0.11274108 0.0934912 0.12509362 0.08940933 0.083641104 0.1190224 0.072061285 0.09649523 0.055387657 0.09628952 0.1246999 0.11156953 0.08023422 0.06517279 0.07469217 0.09209263 0.06228348 0.08692999 0.10529036 0.07963727 0.086213574 0.12439329 0.093482904 0.102032 0.1126661 0.057229917 0.09576167 0.10871386 0.05717242 0.07352229 0.100261025 0.08225861 0.09648942 0.05417086 0.047159184 0.08931254 0.097722284 0.0921184 0.12640716 0.114886045 0.08746761 0.07589391 0.09419198 0.09315263 0.112476274 0.08263516 0.086102575 0.109118156 0.1400901 0.078749485 0.08769669 0.109697856 0.08473162 0.12108823 0.071430065 0.10394458 0.10756549 0.08678699 0.10971853 0.08885421 0.14252852 0.09201526 0.082464814 0.088237666 0.098049335 0.0823509 0.0801379 0.07013437 0.08170459 0.06792657 0.1370821 0.06499965 0.15501957 0.054077685 0.09954721 0.088927135 0.110118955 0.088461675 0.059902463 0.10162051 0.10266983 0.109370664 0.11301703 0.12024529 0.11080342 0.11196487 0.09720835 0.12080367 0.04595828 0.11567358 0.052152086 0.10108541 0.09909061 0.086824425 0.10042078 0.108119115 0.080180995 0.09630127 0.112081975 0.11934693 0.06330155 0.11208607 0.0813797 0.09070204 0.10562939 0.10841189 0.08632772 0.07750776 0.08555004 0.12942731 0.106616795 0.11421519 0.07909931 0.10944535 0.10415555 0.1067323 0.118325844 0.08939293 0.08679997 0.08968511 0.093325265 0.11324093 0.11798657 0.11168406 0.12781441 0.074291274 0.08132611 0.09306409 0.068808764 0.08400413 0.08590415 0.07061317 0.16011791 0.10850484 0.093590386 0.12728056 0.086973496 0.104524925 0.0732465 0.073623165 0.07300665 0.09104907 0.047743607 0.11846337 0.054350883 0.11738984 0.12615408 0.08632201 0.07438678 0.16299944 0.10718298 0.061346762 0.090126105 0.087666824 0.1818845 0.09391832 0.08854906 0.071964905 0.08213829 0.08742847 0.08063673 0.10201698 0.091933146 0.057749964 0.07468021 0.113402195 0.08922435 0.068103015 0.094842605 0.0907037 0.08230939 0.106049374 0.083970755 0.08472736 0.092454605 0.08152178 0.09497132 0.060458083 0.08638098 0.14505953 0.114909746 0.11300636 0.09095798 0.097581774 0.08224025 0.099331066 0.08511284 0.101618275 0.11051977 0.09893404 0.12873904 0.07563012 0.26687202 0.10100777 0.08249029 0.09536627 0.09136124 0.08997745 0.099088736 0.10143114 0.08457055 0.06920254 0.07374327 0.043356072 0.12854363 0.0777525 0.10423398 0.06598778 0.10452153 0.050426632 0.121062435 0.09050901 0.08167291 0.09626012 0.2175407 0.14315613 0.103032924 0.07201085 0.09756371 0.09647025 0.08016578 0.07820528 0.07737733 0.09378847 0.11461102 0.11869333 0.087149 0.044276405 0.070942275 0.107331336 0.04542313 0.16830692 0.09672254 0.13740246 0.103525504 0.114295326 0.11565117 0.10642342 0.07517564 0.069555245 0.07261639 0.074762195 0.0854714 0.08924017 0.08511696 0.0972983 0.08753585 0.08516965 0.10571086 0.10614682 0.08536275 0.08785189 0.09880053 0.08799664 0.06904234 0.059870895 0.10077042 0.07147756 0.1125358 0.118097536 0.08474744 0.085491076 0.080542736 0.0879827 0.06887158 0.081189364 0.13775353 0.09390253 0.10033413 0.13958041 0.08939998 0.07829295 0.08775641 0.081755556 0.10176972 0.079846464 0.10994975 0.09626542 0.07494945 0.10828272 0.1153634 0.11996755 0.07556729 0.06186401 0.09011346 0.10365604 0.09353428 0.08724975 0.102052465 0.07725378 0.09158648 0.11595464 0.06491013 0.09200581 0.10255985 0.10688558 0.08026386 0.08849427 0.10599209 0.09732841 0.1416143 0.10141729 0.08518427 0.068376146 0.09341067 0.08423713 0.0936914 0.13333909 0.09794609 0.11302427 0.110432446 0.056443673 0.08910721 0.07637808 0.112530366 0.09037048 0.081593774 0.09541567 0.08856016 0.063181914 0.10777449 0.113300115 0.105962224 0.119801216 0.084026925 0.05722193 0.10738982 0.0907137 0.08982568 0.105914675 0.08500111 0.057306547 0.086868994 0.06252957 0.1108559 0.087746285 0.09864212 0.13314511 0.0904491 0.070098065 0.11166802 0.06808327 0.09314489 0.13111511 0.109590665 0.10024875 0.07152332 0.13600022 0.09791633 0.12517141 0.07365575 0.100584716 0.07611444 0.07108995 0.080956444 0.10650441 0.08970725 0.08436608 0.11835752 0.11184201,0.13678746 0.13960762 0.103067 0.16693456 0.14408225 0.08044966 0.09779794 0.081579044 0.081887625 0.12813672 0.1075171 0.09860471 0.11535 0.09995554 0.10744691 0.06547609 0.04814136 0.13307245 0.088076346 0.058980428 0.08658722 0.09525343 0.08549172 0.09052895 0.07595631 0.088458695 0.0598557 0.07998385 0.11494069 0.08273178 0.121641494 0.1309702 0.08459768 0.05179983 0.088779464 0.11901608 0.060568377 0.09416455 0.07118618 0.09998784 0.09511116 0.13880779 0.07586187 0.09483719 0.0956022 0.12670408 0.09075564 0.11317231 0.08084589 0.1487223 0.061952252 0.094979994 0.078309104 0.10291995 0.069335006 0.109608 0.08253218 0.11473724 0.1091899 0.062124282 0.068886444 0.107346855 0.112736985 0.09118424 0.06954758 0.08583616 0.08432846 0.104734 0.104656994 0.077288106 0.08805989 0.09414617 0.0718982 0.10954139 0.057969224 0.112479225 0.08493311 0.10817049 0.09774526 0.09663772 0.10577062 0.084192984 0.12089999 0.08324743 0.04523179 0.10726283 0.07696393 0.1544131 0.05915212 0.08027587 0.10544209 0.09884318 0.10824215 0.09892945 0.11596733 0.05419838 0.054780558 0.11845657 0.10941087 0.1125828 0.12470632 0.11492362 0.050427645 0.088485345 0.124099776 0.07888477 0.058353648 0.081519544 0.14946297 0.10199966 0.11963644 0.08145678 0.14321393 0.08323295 0.08107072 0.09019733 0.115207486 0.09687911 0.09787345 0.087562084 0.12363856 0.11205478 0.07522 0.09863032 0.063363396 0.10543136 0.10446502 0.13193133 0.07813565 0.097173154 0.074746124 0.08738985 0.12297956 0.110609666 0.08176162 0.08127136 0.1131296 0.08782023 0.13331963 0.086021826 0.104387805 0.10272514 0.103904665 0.07932007 0.09038439 0.08529095 0.08927544 0.108229905 0.09454577 0.07795638 0.12128274 0.08015978 0.11272733 0.09347978 0.12507837 0.08939842 0.0836309 0.11900788 0.072052486 0.09648346 0.055380896 0.09627777 0.124684684 0.11155592 0.08022443 0.06516484 0.07468305 0.09208139 0.062275875 0.08691938 0.105277516 0.07962754 0.08620305 0.124378115 0.09347149 0.10201954 0.11265235 0.057222933 0.09574999 0.108700596 0.057165444 0.073513314 0.100248784 0.08224857 0.09647764 0.054164253 0.04715343 0.08930164 0.09771036 0.092107154 0.12639172 0.11487202 0.08745694 0.07588465 0.09418049 0.09314126 0.11246254 0.082625076 0.08609206 0.109104834 0.14007299 0.078739874 0.08768598 0.10968447 0.08472128 0.12107345 0.07142135 0.1039319 0.107552364 0.086776406 0.10970514 0.08884336 0.14251111 0.09200403 0.08245475 0.08822689 0.09803737 0.08234085 0.080128126 0.07012581 0.08169461 0.067918286 0.13706538 0.06499172 0.15500066 0.054071087 0.09953506 0.08891629 0.11010552 0.08845088 0.05989515 0.10160811 0.1026573 0.10935731 0.11300324 0.12023062 0.110789895 0.1119512 0.09719648 0.120788924 0.045952674 0.11565947 0.052145723 0.10107307 0.09907852 0.08681383 0.100408524 0.10810592 0.080171205 0.096289515 0.112068295 0.119332366 0.06329382 0.11207239 0.081369765 0.09069098 0.1056165 0.10839866 0.08631718 0.0774983 0.085539594 0.12941152 0.10660378 0.11420125 0.079089664 0.109432 0.10414284 0.10671927 0.118311405 0.089382015 0.08678938 0.08967417 0.09331388 0.11322711 0.11797217 0.11167043 0.12779881 0.07428221 0.08131619 0.09305273 0.06880037 0.083993874 0.08589367 0.070604555 0.16009836 0.10849159 0.093578964 0.12726502 0.086962886 0.10451217 0.07323756 0.07361418 0.07299774 0.09103795 0.04773778 0.118448906 0.05434425 0.117375515 0.12613869 0.086311474 0.0743777 0.16297954 0.107169904 0.061339278 0.0901151 0.087656125 0.18186231 0.09390686 0.08853825 0.07195612 0.082128264 0.0874178 0.08062689 0.10200453 0.091921926 0.057742916 0.07467109 0.11338836 0.08921346 0.06809471 0.094831035 0.09069264 0.082299344 0.10603643 0.0839605 0.08471702 0.09244332 0.081511825 0.094959736 0.060450707 0.08637044 0.14504182 0.114895724 0.11299257 0.090946876 0.09756986 0.08223022 0.099318944 0.085102454 0.10160588 0.110506274 0.09892197 0.12872332 0.07562089 0.26683944 0.100995444 0.08248022 0.09535463 0.091350086 0.08996647 0.09907664 0.101418756 0.08456022 0.0691941 0.07373427 0.04335078 0.12852794 0.077743016 0.104221255 0.06597973 0.10450877 0.050420478 0.12104766 0.09049797 0.08166294 0.09624838 0.21751416 0.14313865 0.103020355 0.07200207 0.0975518 0.09645848 0.080156 0.078195736 0.07736788 0.093777016 0.11459703 0.118678845 0.08713837 0.044271 0.07093362 0.10731824 0.04541759 0.16828637 0.096710734 0.13738568 0.103512876 0.11428138 0.11563705 0.10641044 0.075166464 0.06954675 0.072607525 0.074753076 0.08546097 0.08922928 0.085106574 0.09728643 0.08752517 0.08515926 0.10569796 0.10613387 0.08535233 0.08784117 0.09878847 0.087985896 0.06903391 0.059863586 0.10075813 0.07146884 0.11252206 0.11808312 0.0847371 0.08548064 0.0805329 0.08797196 0.068863176 0.081179455 0.13773672 0.09389107 0.10032188 0.13956338 0.08938906 0.07828339 0.0877457 0.08174558 0.1017573 0.07983672 0.109936334 0.09625367 0.07494031 0.10826951 0.11534932 0.11995291 0.07555807 0.061856464 0.090102464 0.10364339 0.09352287 0.0872391 0.102040015 0.07724435 0.0915753 0.11594048 0.06490221 0.09199458 0.10254733 0.106872536 0.08025407 0.088483475 0.10597916 0.09731653 0.14159702 0.10140491 0.08517387 0.0683678 0.09339927 0.08422685 0.09367997 0.13332282 0.097934134 0.11301047 0.11041897 0.056436785 0.08909634 0.07636876 0.112516634 0.09035945 0.08158382 0.09540402 0.08854935 0.0631742 0.10776133 0.11328629 0.1059493 0.11978659 0.084016666 0.05721495 0.10737672 0.09070263 0.089814715 0.10590175 0.08499073 0.05729955 0.08685839 0.06252194 0.11084237 0.08773557 0.09863008 0.13312885 0.09043807 0.07008951 0.11165439 0.068074964 0.09313353 0.1310991 0.10957729 0.10023651 0.0715146 0.13598362 0.09790438 0.12515613 0.073646754 0.100572444 0.07610515 0.07108127 0.080946565 0.10649142 0.089696296 0.08435579 0.11834308 0.11182836,0.0010770666 0.0010992726 0.00081155123 0.0013144454 0.0011345058 0.0006334619 0.0007700625 0.00064235466 0.0006447845 0.0010089506 0.00084659137 0.00077641505 0.00090826774 0.00078705145 0.00084603863 0.00051555975 0.00037906584 0.0010478146 0.00069351454 0.00046441282 0.0006817891 0.000750027 0.0006731631 0.0007128264 0.00059808115 0.00069652515 0.00047130472 0.00062979414 0.0009050448 0.0006514314 0.00095780706 0.0010312614 0.00066612347 0.00040787266 0.0006990509 0.0009371345 0.00047691635 0.00074145314 0.0005605211 0.0007873058 0.0007489068 0.0010929747 0.00059733755 0.0007467495 0.00075277325 0.0009976699 0.0007146114 0.0008911205 0.00063658186 0.0011710417 0.000487813 0.000747874 0.00061660714 0.0008103933 0.0005459449 0.0008630551 0.0006498597 0.00090344285 0.00085976295 0.0004891676 0.0005424129 0.00084525085 0.0008876928 0.00071798614 0.0005476187 0.0006758752 0.0006640036 0.0008246772 0.0008240708 0.0006085678 0.00069338497 0.00074130844 0.00056612754 0.0008625306 0.0004564506 0.0008856632 0.00066876464 0.0008517361 0.0007696477 0.0007609269 0.0008328395 0.0006629369 0.0009519684 0.0006554916 0.00035615583 0.0008445892 0.0006060152 0.0012158512 0.00046576472 0.00063209346 0.0008302527 0.0007782928 0.0008523004 0.00077897205 0.0009131286 0.0004267589 0.00043134298 0.00093272893 0.0008615029 0.00088647875 0.0009819395 0.0009049104 0.00039706807 0.000696735 0.0009771636 0.00062113994 0.00045947754 0.0006418862 0.0011768738 0.000803147 0.0009420192 0.00064139196 0.0011276688 0.0006553775 0.0006383521 0.0007102152 0.00090714556 0.00076282764 0.0007706571 0.0006894652 0.000973532 0.0008823211 0.0005922835 0.0007766167 0.00049892435 0.0008301682 0.00082255923 0.0010388294 0.0006152413 0.00076514296 0.00058855215 0.000688109 0.000968343 0.00087094225 0.0006437923 0.00063993194 0.00089078426 0.0006914979 0.0010497608 0.00067733723 0.0008219512 0.00080885936 0.000818147 0.0006245675 0.0007116881 0.0006715823 0.0007029562 0.000852204 0.00074445485 0.00061382976 0.00095498224 0.00063117937 0.00088761677 0.00073606125 0.000984869 0.00070392457 0.000658511 0.0009370699 0.0005673424 0.0007597123 0.00043607006 0.0007580927 0.0009817692 0.00087839307 0.00063168845 0.000513109 0.00058805547 0.00072505034 0.00049036124 0.0006844046 0.00082895684 0.00062698853 0.0006787642 0.0009793552 0.000735996 0.0008033035 0.00088702637 0.00045057427 0.00075393694 0.0008559102 0.00045012162 0.000578845 0.0007893605 0.0006476265 0.0007596665 0.00042649018 0.00037128685 0.0007031625 0.0007693729 0.0007252532 0.0009952104 0.0009045041 0.0006886373 0.0005975169 0.00074157864 0.00073339575 0.00088553183 0.00065059116 0.00067789026 0.0008590932 0.0011029369 0.000619999 0.00069044076 0.0008636572 0.0006670967 0.0009533342 0.0005623728 0.0008183614 0.000846869 0.0006832788 0.00086382 0.00069955405 0.0011221347 0.0007244412 0.00064925 0.00069469993 0.0007719478 0.00064835313 0.0006309301 0.0005521717 0.0006432647 0.00053478964 0.001079255 0.0005117458 0.0012204776 0.0004257566 0.00078374066 0.00070012826 0.0008669726 0.0006964636 0.00047161535 0.0008000639 0.00080832525 0.0008610812 0.00088978925 0.00094669784 0.00087236136 0.00088150555 0.0007653266 0.0009510939 0.0003618321 0.0009107045 0.00041059626 0.00079585094 0.0007801458 0.0006835735 0.0007906183 0.0008512277 0.00063126936 0.00075818517 0.0008824275 0.0009396249 0.00049837655 0.0008824598 0.0006407068 0.0007141022 0.000831626 0.00085353275 0.00067966286 0.00061022287 0.0006735401 0.0010189883 0.0008393998 0.00089922245 0.0006227533 0.00086166925 0.00082002237 0.0008403092 0.00093158585 0.0007037954 0.00068338093 0.00070609583 0.00073475495 0.000891552 0.00092891476 0.0008792947 0.0010062899 0.0005848993 0.00064028497 0.00073269865 0.00054173515 0.00066136906 0.0006763281 0.00055594137 0.001260617 0.0008542645 0.0007368422 0.0010020868 0.0006847471 0.0008229305 0.0005766737 0.0005796392 0.00057478534 0.00071683427 0.00037588805 0.00093266857 0.0004279075 0.00092421664 0.000993218 0.0006796179 0.0005856512 0.0012833035 0.00084385753 0.00048298645 0.00070956774 0.0006902057 0.0014319867 0.0007394241 0.0006971516 0.00056658365 0.00064667925 0.00068832916 0.0006348574 0.0008031853 0.0007237947 0.00045466863 0.00058796135 0.00089282176 0.0007024682 0.0005361788 0.0007467011 0.0007141153 0.00064802635 0.00083493255 0.0006611063 0.00066706317 0.00072790013 0.0006418254 0.0007477145 0.00047598983 0.0006800822 0.0011420615 0.00090469077 0.00088970526 0.00071611715 0.0007682666 0.00064748205 0.0007820389 0.00067009806 0.00080004625 0.00087012816 0.00077891315 0.0010135694 0.0005954401 0.002101098 0.0007952397 0.0006494506 0.0007508239 0.00071929203 0.00070839736 0.000780131 0.0007985729 0.0006658285 0.00054483546 0.0005805848 0.0003413447 0.001012031 0.0006121497 0.0008206398 0.00051952543 0.0008229037 0.00039701164 0.0009531312 0.00071258243 0.00064301526 0.00075786124 0.0017127099 0.001127076 0.0008111839 0.0005669454 0.0007681244 0.00075951556 0.00063114957 0.00061571447 0.0006091959 0.0007384017 0.0009023388 0.0009344791 0.0006861289 0.00034859055 0.0005585324 0.00084502547 0.00035761882 0.0013250895 0.00076150184 0.001081777 0.000815062 0.00089985336 0.00091052795 0.00083787745 0.0005918619 0.0005476122 0.0005717128 0.00058860687 0.000672921 0.0007025927 0.0006701305 0.0007660349 0.0006891745 0.0006705453 0.0008322674 0.0008356998 0.0006720656 0.0006916627 0.000777862 0.0006928023 0.0005435741 0.00047136683 0.00079337106 0.0005627468 0.00088600046 0.00092978834 0.00066722126 0.0006730759 0.00063411734 0.00069269264 0.00054222974 0.0006392083 0.0010845411 0.00073929975 0.00078993605 0.0010989243 0.0007038509 0.00061640464 0.000690911 0.00064366596 0.0008012386 0.0006286356 0.0008656404 0.0007579029 0.00059008115 0.00085251586 0.0009082624 0.0009445111 0.0005949454 0.00048705877 0.0007094682 0.0008160897 0.00073640054 0.00068692205 0.0008034647 0.0006082232 0.0007210654 0.0009129172 0.000511041 0.0007243668 0.0008074593 0.000841516 0.0006319218 0.00069672026 0.00083448156 0.0007662719 0.0011149371 0.0007984639 0.0006706604 0.0005383291 0.0007354273 0.00066320354 0.0007376376 0.001049786 0.0007711349 0.00088984624 0.0008694407 0.00044438412 0.00070154597 0.0006013288 0.00088595774 0.00071149174 0.00064239226 0.00075121276 0.000697239 0.0004974347 0.00084851444 0.000892018 0.00083424646 0.0009432015 0.0006615486 0.0004505114 0.00084548595 0.0007141939 0.0007072025 0.000833872 0.00066921837 0.00045117756 0.00068392436 0.00049229874 0.0008727746 0.0006908313 0.00077661476 0.0010482586 0.0007121108 0.0005518859 0.00087916845 0.00053602335 0.0007333349 0.0010322764 0.0008628133 0.00078926387 0.0005631071 0.0010707371 0.00077090063 0.0009854814 0.0005798957 0.000791909 0.0005992531 0.00055969507 0.0006373745 0.0008385151 0.00070627005 0.0006642188 0.00093183527 0.00088053825,
691,512,,,0.0044300067 0.0044300067 0.0044300067 0.0044300067 0.0044300067 0.0044300067 0.0044300067 0.0044300067 0.0044300067 0.0044300067 0.0044300067 0.0044300067 0.0044300067 0.0044300067 0.0044300067 0.0044300067 0.0044300067 0.0044300067 0.0044300067 0.0044300067 0.0044300067 0.0044300067 0.0044300067 0.0044300067 0.0044300067 0.0044300067 0.0044300067 0.0044300067 0.0044300067 0.0044300067 0.0044300067 0.0044300067 0.0044300067 0.0044300067 0.0044300067 0.0044300067 0.0044300067 0.0044300067 0.0044300067 0.0044300067 0.0044300067 0.0044300067 0.0044300067 0.0044300067 0.0044300067 0.0044300067 0.0044300067 0.0044300067 0.0044300067 0.0044300067 0.0044300067 0.0044300067 0.0044300067 0.0044300067 0.0044300067 0.0044300067 0.0044300067 0.0044300067 0.0044300067 0.0044300067 0.0044300067 0.0044300067 0.0044300067 0.0044300067 0.0044300067 0.0044300067 0.0044300067 0.0044300067 0.0044300067 0.0044300067 0.0044300067 0.0044300067 0.0044300067 0.0044300067 0.0044300067 0.0044300067 0.0044300067 0.0044300067 0.0044300067 0.0044300067 0.0044300067 0.0044300067 0.0044300067 0.0044300067 0.0044300067 0.0044300067 0.0044300067 0.0044300067 0.0044300067 0.0044300067 0.0044300067 0.0044300067 0.0044300067 0.0044300067 0.0044300067 0.0044300067 0.0044300067 0.0044300067 0.0044300067 0.0044300067 0.0044300067 0.0044300067 0.0044300067 0.0044300067 0.0044300067 0.0044300067 0.0044300067 0.0044300067 0.0044300067 0.0044300067 0.0044300067 0.0044300067 0.0044300067 0.0044300067 0.0044300067 0.0044300067 0.0044300067 0.0044300067 0.0044300067 0.0044300067 0.0044300067 0.0044300067 0.0044300067 0.0044300067 0.0044300067 0.0044300067 0.0044300067 0.0044300067 0.0044300067 0.0044300067 0.0044300067 0.0044300067 0.0044300067 0.0044300067 0.0044300067 0.0044300067 0.0044300067 0.0044300067 0.0044300067 0.0044300067 0.0044300067 0.0044300067 0.0044300067 0.0044300067 0.0044300067 0.0044300067 0.0044300067 0.0044300067 0.0044300067 0.0044300067 0.0044300067 0.0044300067 0.0044300067 0.0044300067 0.0044300067 0.0044300067 0.0044300067 0.0044300067 0.0044300067 0.0044300067 0.0044300067 0.0044300067 0.0044300067 0.0044300067 0.0044300067 0.0044300067 0.0044300067 0.0044300067 0.0044300067 0.0044300067 0.0044300067 0.0044300067 0.0044300067 0.0044300067 0.0044300067 0.0044300067 0.0044300067 0.0044300067 0.0044300067 0.0044300067 0.0044300067 0.0044300067 0.0044300067 0.0044300067 0.0044300067 0.0044300067 0.0044300067 0.0044300067 0.0044300067 0.0044300067 0.0044300067 0.0044300067 0.0044300067 0.0044300067 0.0044300067 0.0044300067 0.0044300067 0.0044300067 0.0044300067 0.0044300067 0.0044300067 0.0044300067 0.0044300067 0.0044300067 0.0044300067 0.0044300067 0.0044300067 0.0044300067 0.0044300067 0.0044300067 0.0044300067 0.0044300067 0.0044300067 0.0044300067 0.0044300067 0.0044300067 0.0044300067 0.0044300067 0.0044300067 0.0044300067 0.0044300067 0.0044300067 0.0044300067 0.0044300067 0.0044300067 0.0044300067 0.0044300067 0.0044300067 0.0044300067 0.0044300067 0.0044300067 0.0044300067 0.0044300067 0.0044300067 0.0044300067 0.0044300067 0.0044300067 0.0044300067 0.0044300067 0.0044300067 0.0044300067 0.0044300067 0.0044300067 0.0044300067 0.0044300067 0.0044300067 0.0044300067 0.0044300067 0.0044300067 0.0044300067 0.0044300067 0.0044300067 0.0044300067 0.0044300067 0.0044300067 0.0044300067 0.0044300067 0.0044300067 0.0044300067 0.0044300067 0.0044300067 0.0044300067 0.0044300067 0.0044300067 0.0044300067 0.0044300067 0.0044300067 0.0044300067 0.0044300067 0.0044300067 0.0044300067 0.0044300067 0.0044300067 0.0044300067 0.0044300067 0.0044300067 0.0044300067 0.0044300067 0.0044300067 0.0044300067 0.0044300067 0.0044300067 0.0044300067 0.0044300067 0.0044300067 0.0044300067 0.0044300067 0.0044300067 0.0044300067 0.0044300067 0.0044300067 0.0044300067 0.0044300067 0.0044300067 0.0044300067 0.0044300067 0.0044300067 0.0044300067 0.0044300067 0.0044300067 0.0044300067 0.0044300067 0.0044300067 0.0044300067 0.0044300067 0.0044300067 0.0044300067 0.0044300067 0.0044300067 0.0044300067 0.0044300067 0.0044300067 0.0044300067 0.0044300067 0.0044300067 0.0044300067 0.0044300067 0.0044300067 0.0044300067 0.0044300067 0.0044300067 0.0044300067 0.0044300067 0.0044300067 0.0044300067 0.0044300067 0.0044300067 0.0044300067 0.0044300067 0.0044300067 0.0044300067 0.0044300067 0.0044300067 0.0044300067 0.0044300067 0.0044300067 0.0044300067 0.0044300067 0.0044300067 0.0044300067 0.0044300067 0.0044300067 0.0044300067 0.0044300067 0.0044300067 0.0044300067 0.0044300067 0.0044300067 0.0044300067 0.0044300067 0.0044300067 0.0044300067 0.0044300067 0.0044300067 0.0044300067 0.0044300067 0.0044300067 0.0044300067 0.0044300067 0.0044300067 0.0044300067 0.0044300067 0.0044300067 0.0044300067 0.0044300067 0.0044300067 0.0044300067 0.0044300067 0.0044300067 0.0044300067 0.0044300067 0.0044300067 0.0044300067 0.0044300067 0.0044300067 0.0044300067 0.0044300067 0.0044300067 0.0044300067 0.0044300067 0.0044300067 0.0044300067 0.0044300067 0.0044300067 0.0044300067 0.0044300067 0.0044300067 0.0044300067 0.0044300067 0.0044300067 0.0044300067 0.0044300067 0.0044300067 0.0044300067 0.0044300067 0.0044300067 0.0044300067 0.0044300067 0.0044300067 0.0044300067 0.0044300067 0.0044300067 0.0044300067 0.0044300067 0.0044300067 0.0044300067 0.0044300067 0.0044300067 0.0044300067 0.0044300067 0.0044300067 0.0044300067 0.0044300067 0.0044300067 0.0044300067 0.0044300067 0.0044300067 0.0044300067 0.0044300067 0.0044300067 0.0044300067 0.0044300067 0.0044300067 0.0044300067 0.0044300067 0.0044300067 0.0044300067 0.0044300067 0.0044300067 0.0044300067 0.0044300067 0.0044300067 0.0044300067 0.0044300067 0.0044300067 0.0044300067 0.0044300067 0.0044300067 0.0044300067 0.0044300067 0.0044300067 0.0044300067 0.0044300067 0.0044300067 0.0044300067 0.0044300067 0.0044300067 0.0044300067 0.0044300067 0.0044300067 0.0044300067 0.0044300067 0.0044300067 0.0044300067 0.0044300067 0.0044300067 0.0044300067 0.0044300067 0.0044300067 0.0044300067 0.0044300067 0.0044300067 0.0044300067 0.0044300067 0.0044300067 0.0044300067 0.0044300067 0.0044300067 0.0044300067 0.0044300067 0.0044300067 0.0044300067 0.0044300067 0.0044300067 0.0044300067 0.0044300067 0.0044300067 0.0044300067 0.0044300067 0.0044300067 0.0044300067 0.0044300067 0.0044300067 0.0044300067 0.0044300067 0.0044300067 0.0044300067 0.0044300067 0.0044300067 0.0044300067 0.0044300067 0.0044300067 0.0044300067 0.0044300067 0.0044300067 0.0044300067 0.0044300067 0.0044300067 0.0044300067 0.0044300067 0.0044300067 0.0044300067 0.0044300067 0.0044300067 0.0044300067 0.0044300067 0.0044300067 0.0044300067 0.0044300067 0.0044300067 0.0044300067 0.0044300067,13 13 14 13 13 14 14 14 14 13 14 14 14 14 14 14 15 13 14 15 14 14 14 14 14 14 15 14 14 14 14 13 14 15 14 14 15 14 14 14 14 13 14 14 14 13 14 14 14 13 14 14 14 14 14 14 14 14 14 14 14 14 14 14 14 14 14 14 14 14 14 14 14 14 15 14 14 14 14 14 14 14 14 14 15 14 14 13 15 14 14 14 14 14 14 15 15 14 14 14 13 14 15 14 13 14 15 14 13 14 14 14 13 14 14 14 14 14 14 14 14 14 14 14 14 14 14 13 14 14 14 14 14 14 14 14 14 14 13 14 14 14 14 14 14 14 14 14 14 14 14 14 14 14 13 14 14 14 14 14 15 14 13 14 14 14 14 14 14 14 14 14 14 13 14 14 14 15 14 14 15 14 14 14 14 15 15 14 14 14 13 14 14 14 14 14 14 14 14 14 13 14 14 14 14 14 14 14 14 14 14 14 13 14 14 14 14 14 14 14 14 14 13 14 13 15 14 14 14 14 15 14 14 14 14 14 14 14 14 14 15 14 15 14 14 14 14 14 14 14 14 14 14 14 14 14 14 14 14 14 14 13 14 14 14 14 14 14 14 14 14 14 14 14 14 14 13 14 14 14 14 14 14 14 13 14 14 13 14 14 14 14 14 14 15 14 15 14 13 14 14 13 14 15 14 14 13 14 14 14 14 14 14 14 14 15 14 14 14 14 14 14 14 14 14 14 14 14 14 15 14 13 14 14 14 14 14 14 14 14 14 14 13 14 12 14 14 14 14 14 14 14 14 14 14 15 13 14 14 14 14 15 14 14 14 14 13 13 14 14 14 14 14 14 14 14 14 14 14 15 14 14 15 13 14 13 14 14 14 14 14 14 14 14 14 14 14 14 14 14 14 14 14 14 14 14 14 15 14 14 14 14 14 14 14 14 14 14 13 14 14 13 14 14 14 14 14 14 14 14 14 14 14 14 14 15 14 14 14 14 14 14 14 14 14 14 14 14 14 14 14 14 13 14 14 14 14 14 14 13 14 14 14 15 14 14 14 14 14 14 14 14 14 14 14 14 14 15 14 14 14 14 14 15 14 14 14 14 14 13 14 14 14 14 14 13 14 14 14 13 14 13 14 14 14 14 14 14 14 14 14 14
696,3x3x1x128,0.5058718 0.5514785 0.38994372 0.9888863 0.5599181 0.45049846 0.37256932 0.48281708 0.59748167 0.57118344 0.46719012 0.53132147 0.8940563 0.3623349 0.5786325 0.5267463 0.64283246 0.45182067 0.47619674 0.3944299 0.42248368 0.38463637 0.72489935 0.57948804 0.71849394 0.52876943 0.5519726 0.6290408 0.45947763 0.43581125 0.5638904 0.36106202 0.6169372 0.65746516 0.47838768 0.4655295 0.41029367 0.7801861 0.5500403 1.0884475 1.0022291 0.3881592 0.505312 0.6945553 0.45476186 0.29475647 0.42231408 0.5722899 0.5415754 0.7957986 0.4095723 0.3317935 0.35939816 0.74103045 0.29838026 0.48532647 0.54096687 0.34642634 0.52637595 0.46167427 0.50299376 0.40988424 0.45204368 0.39768893 0.6221004 0.30627662 0.37139294 0.539171 0.3406331 0.5582546 0.39102045 0.7959335 0.7422036 0.4178545 0.6370056 0.61326987 0.70922726 0.6755356 0.73496044 0.46755093 0.46096125 0.641706 0.4117366 0.5240859 0.97322154 1.0910443 0.52748984 0.49884638 0.4045586 0.5293175 0.52992547 0.6681235 1.0450494 0.601025 0.48352093 0.7061742 0.36968365 0.58086896 0.7382504 0.6996676 0.7531106 0.8771194 0.4033271 0.9068272 0.57108665 0.7042124 0.5290398 0.73295444 0.3989108 0.5975943 0.64501756 0.47545645 0.43432266 0.36278054 0.5522519 0.6790424 0.75782454 0.35042378 0.8600962 1.0002927 0.6213053 0.53214777 0.92311263 0.3526734 0.59732807 0.6160072 0.44843113 0.62397707,0.50581 0.5514112 0.38989612 0.98876566 0.55984974 0.45044348 0.37252387 0.48275816 0.5974087 0.5711137 0.4671331 0.5312566 0.89394724 0.36229068 0.57856184 0.526682 0.642754 0.45176554 0.47613862 0.39438176 0.42243212 0.38458943 0.7248109 0.57941735 0.71840626 0.52870494 0.5519053 0.628964 0.45942158 0.43575808 0.5638216 0.36101797 0.61686194 0.65738493 0.4783293 0.46547267 0.4102436 0.78009087 0.5499732 1.0883145 1.0021068 0.38811183 0.5052504 0.6944705 0.45470637 0.2947205 0.42226252 0.57222 0.5415093 0.79570144 0.40952232 0.33175302 0.35935432 0.74094 0.29834384 0.48526722 0.5409009 0.34638408 0.5263117 0.46161795 0.50293237 0.4098342 0.45198852 0.3976404 0.6220245 0.30623925 0.3713476 0.5391052 0.34059152 0.5581865 0.39097273 0.7958364 0.74211305 0.4178035 0.63692784 0.61319506 0.7091407 0.6754532 0.73487073 0.4674939 0.46090502 0.64162767 0.41168636 0.5240219 0.9731028 1.0909111 0.52742547 0.4987855 0.40450925 0.5292529 0.5298608 0.66804194 1.0449219 0.6009517 0.48346192 0.706088 0.36963853 0.58079803 0.7381603 0.6995822 0.7530187 0.8770124 0.4032779 0.9067166 0.5710169 0.7041265 0.52897525 0.73286504 0.39886212 0.5975214 0.6449389 0.47539842 0.43426967 0.36273628 0.5521845 0.6789595 0.7577321 0.35038102 0.85999125 1.0001706 0.62122947 0.53208286 0.923 0.35263038 0.5972552 0.615932 0.4483764 0.62390095,0.0039827563 0.0043418207 0.0030700483 0.0077855564 0.0044082655 0.003546799 0.002933259 0.0038012455 0.0047040056 0.004496958 0.0036782133 0.004183123 0.0070389546 0.0028526825 0.004555605 0.0041471026 0.005061055 0.003557209 0.003749123 0.0031053682 0.0033262372 0.0030282633 0.005707172 0.004562341 0.005656742 0.004163031 0.004345711 0.0049524726 0.0036174927 0.003431166 0.00443954 0.0028426612 0.0048571806 0.005176259 0.0037663723 0.0036651392 0.0032302646 0.0061424477 0.0043304977 0.008569405 0.007890604 0.0030559986 0.0039783497 0.0054682717 0.003580365 0.002320634 0.0033249017 0.0045056697 0.0042638527 0.0062653655 0.0032245852 0.0026122285 0.0028295615 0.005834173 0.002349164 0.0038210019 0.004259062 0.0027274336 0.0041441866 0.003634787 0.003960097 0.003227041 0.0035589647 0.0031310269 0.0048978305 0.0024113327 0.002923997 0.0042449227 0.002681823 0.004395169 0.0030785254 0.006266428 0.00584341 0.0032897913 0.00501518 0.004828308 0.005583785 0.005318529 0.0057863835 0.0036810543 0.0036291734 0.0050521865 0.003241625 0.0041261567 0.007662227 0.008589852 0.0041529564 0.003927445 0.0031851123 0.0041673454 0.0041721324 0.0052601728 0.008227731 0.004731903 0.0038067868 0.005559748 0.0029105397 0.004573213 0.005812286 0.0055085216 0.005929281 0.0069056093 0.0031754165 0.0071395007 0.0044961963 0.005544303 0.0041651595 0.0057705906 0.0031406467 0.004704893 0.005078259 0.0037432946 0.0034194463 0.0028561912 0.0043479097 0.0053461376 0.005966394 0.0027589058 0.0067715845 0.007875359 0.0048915707 0.0041896286 0.0072677163 0.0027766172 0.0047027967 0.004849858 0.0035305228 0.004912606,
697,128,,,0.0068905884 0.0068905884 0.0068905884 0.0068905884 0.0068905884 0.0068905884 0.0068905884 0.0068905884 0.0068905884 0.0068905884 0.0068905884 0.0068905884 0.0068905884 0.0068905884 0.0068905884 0.0068905884 0.0068905884 0.0068905884 0.0068905884 0.0068905884 0.0068905884 0.0068905884 0.0068905884 0.0068905884 0.0068905884 0.0068905884 0.0068905884 0.0068905884 0.0068905884 0.0068905884 0.0068905884 0.0068905884 0.0068905884 0.0068905884 0.0068905884 0.0068905884 0.0068905884 0.0068905884 0.0068905884 0.0068905884 0.0068905884 0.0068905884 0.0068905884 0.0068905884 0.0068905884 0.0068905884 0.0068905884 0.0068905884 0.0068905884 0.0068905884 0.0068905884 0.0068905884 0.0068905884 0.0068905884 0.0068905884 0.0068905884 0.0068905884 0.0068905884 0.0068905884 0.0068905884 0.0068905884 0.0068905884 0.0068905884 0.0068905884 0.0068905884 0.0068905884 0.0068905884 0.0068905884 0.0068905884 0.0068905884 0.0068905884 0.0068905884 0.0068905884 0.0068905884 0.0068905884 0.0068905884 0.0068905884 0.0068905884 0.0068905884 0.0068905884 0.0068905884 0.0068905884 0.0068905884 0.0068905884 0.0068905884 0.0068905884 0.0068905884 0.0068905884 0.0068905884 0.0068905884 0.0068905884 0.0068905884 0.0068905884 0.0068905884 0.0068905884 0.0068905884 0.0068905884 0.0068905884 0.0068905884 0.0068905884 0.0068905884 0.0068905884 0.0068905884 0.0068905884 0.0068905884 0.0068905884 0.0068905884 0.0068905884 0.0068905884 0.0068905884 0.0068905884 0.0068905884 0.0068905884 0.0068905884 0.0068905884 0.0068905884 0.0068905884 0.0068905884 0.0068905884 0.0068905884 0.0068905884 0.0068905884 0.0068905884 0.0068905884 0.0068905884 0.0068905884 0.0068905884 0.0068905884,15 15 16 15 15 16 16 16 15 15 16 15 15 16 15 15 15 16 16 16 16 16 15 15 15 15 15 15 16 16 15 16 15 15 16 16 16 15 15 14 14 16 15 15 16 16 16 15 15 15 16 16 16 15 16 16 15 16 15 16 15 16 16 16 15 16 16 15 16 15 16 15 15 16 15 15 15 15 15 16 16 15 16 15 15 14 15 15 16 15 15 15 14 15 16 15 16 15 15 15 15 15 16 15 15 15 15 15 16 15 15 16 16 16 15 15 15 16 15 14 15 15 15 16 15 15 16 15
702,1x1x128x128,0.36890548 0.7867605 0.6618752 0.5113307 0.5844521 0.47358587 0.3992571 0.38758108 0.5996931 0.40297875 0.40280396 0.39600953 0.41489607 0.84152186 0.6216416 0.46235105 0.41287836 0.46352673 0.3412451 0.60300946 0.53094995 0.6154059 0.47597617 0.5323832 0.4923605 0.632565 0.43503144 0.41150388 0.5058508 0.41351357 0.44253755 0.48662242 0.5459865 0.49467924 0.4191021 0.63922924 0.56564516 0.45463532 0.9634471 0.4205897 1.0556079 0.4664146 0.4082955 0.5340498 0.39281175 0.27963272 0.4200011 0.45466796 0.2901159 0.58602875 0.4628734 0.3557366 0.61790794 0.5754093 0.43407145 0.4719216 0.4010639 0.43345472 0.49899837 0.49288192 0.4770427 0.6202208 0.8373459 0.5646835 0.35608208 0.41559854 0.40234637 0.45041758 0.30841032 0.36958614 0.6453252 0.55375785 0.52911305 0.6722668 0.59186304 0.4645571 0.3481845 0.52962124 0.639061 0.4573468 0.47374415 0.48281515 0.3669085 0.4275467 0.6868974 0.41397598 1.1664534 0.44357958 0.36836627 0.5475748 0.49661028 0.41897738 0.38722095 0.32837942 0.49853897 0.4767861 0.35320908 0.40829855 0.5848137 0.47275978 0.59739524 0.41083795 0.41599038 0.49051923 0.50228614 0.39091873 0.5076349 0.56748915 0.5848567 0.4366504 0.2639857 0.5429006 0.49651983 0.50388175 0.39389995 0.41460592 0.53287846 0.8576207 0.5144383 0.46727374 0.5100183 0.3066385 0.49788365 0.63253057 0.31763065 0.4636205 0.43830353 0.81641924,0.36886048 0.7866645 0.6617944 0.5112683 0.5843808 0.47352806 0.39920837 0.38753378 0.5996199 0.40292957 0.40275478 0.39596123 0.41484544 0.84141916 0.6215657 0.4622946 0.412828 0.46347016 0.34120345 0.6029359 0.53088516 0.6153308 0.47591808 0.53231823 0.49230042 0.63248783 0.43497834 0.41145366 0.5057891 0.4134631 0.44248354 0.48656306 0.54591984 0.4946189 0.41905096 0.6391512 0.56557614 0.45457986 0.96332955 0.42053834 1.0554792 0.46635768 0.40824568 0.5339846 0.39276382 0.2795986 0.41994983 0.45461246 0.2900805 0.5859572 0.4628169 0.35569322 0.61783254 0.5753391 0.4340185 0.471864 0.40101492 0.43340182 0.49893746 0.49282175 0.47698447 0.6201451 0.8372437 0.5646146 0.35603863 0.41554782 0.4022973 0.4503626 0.30837268 0.36954102 0.6452464 0.55369025 0.52904844 0.6721847 0.5917908 0.4645004 0.348142 0.5295566 0.63898295 0.45729098 0.47368634 0.48275623 0.3668637 0.42749453 0.68681353 0.41392547 1.166311 0.44352543 0.3683213 0.547508 0.4965497 0.41892627 0.3871737 0.32833937 0.49847814 0.4767279 0.35316595 0.40824872 0.5847423 0.4727021 0.59732234 0.4107878 0.4159396 0.49045938 0.5022248 0.39087102 0.5075729 0.5674199 0.5847853 0.4365971 0.26395348 0.5428344 0.49645925 0.5038203 0.39385188 0.4145553 0.53281343 0.85751605 0.51437545 0.4672167 0.509956 0.3066011 0.49782288 0.6324534 0.3175919 0.46356395 0.43825004 0.81631964,0.0029044133 0.0061942087 0.00521098 0.004025735 0.0046014236 0.0037285674 0.003143373 0.0030514472 0.0047214166 0.0031726738 0.0031712975 0.0031178049 0.0032664996 0.006625348 0.004894218 0.003640115 0.0032506143 0.0036493714 0.0026866414 0.0047475267 0.004180198 0.0048451247 0.0037473864 0.004191482 0.0038763813 0.004980219 0.0034250263 0.0032397925 0.0039825914 0.0032556148 0.0034841225 0.0038312052 0.0042985813 0.0038946369 0.003299614 0.0050326865 0.0044533554 0.003579369 0.007585272 0.0033113256 0.00831086 0.0036721076 0.003214533 0.0042046034 0.0030926284 0.0022015637 0.0033066915 0.0035796256 0.0022840984 0.0046138363 0.0036442275 0.002800734 0.004864823 0.004530229 0.0034174684 0.0037154646 0.0031575977 0.0034126127 0.0039286413 0.0038804864 0.0037557832 0.0048830323 0.0065924698 0.0044457843 0.0028034537 0.00327203 0.0031676951 0.003546162 0.0024281314 0.0029097719 0.0050806804 0.004359766 0.0041657356 0.005292793 0.00465977 0.0036574835 0.0027412756 0.004169737 0.0050313617 0.0036007164 0.0037298137 0.00380123 0.0028886904 0.0033660987 0.0054079806 0.0032592556 0.009183551 0.0034923262 0.0029001676 0.0043110866 0.0039098402 0.003298632 0.0030486118 0.0025853494 0.0039250245 0.003753763 0.0027808342 0.003214557 0.00460427 0.0037220637 0.0047033257 0.0032345494 0.003275115 0.0038618848 0.003954526 0.0030777245 0.0039966367 0.004467873 0.0046046088 0.0034377726 0.002078374 0.004274287 0.003909128 0.003967089 0.003101196 0.003264215 0.0041953814 0.0067520947 0.0040502003 0.0036788716 0.0040154015 0.002414182 0.003919865 0.004979948 0.0025007236 0.0036501097 0.0034507876 0.0064277137,
703,128,,,0.0062016635 0.0062016635 0.0062016635 0.0062016635 0.0062016635 0.0062016635 0.0062016635 0.0062016635 0.0062016635 0.0062016635 0.0062016635 0.0062016635 0.0062016635 0.0062016635 0.0062016635 0.0062016635 0.0062016635 0.0062016635 0.0062016635 0.0062016635 0.0062016635 0.0062016635 0.0062016635 0.0062016635 0.0062016635 0.0062016635 0.0062016635 0.0062016635 0.0062016635 0.0062016635 0.0062016635 0.0062016635 0.0062016635 0.0062016635 0.0062016635 0.0062016635 0.0062016635 0.0062016635 0.0062016635 0.0062016635 0.0062016635 0.0062016635 0.0062016635 0.0062016635 0.0062016635 0.0062016635 0.0062016635 0.0062016635 0.0062016635 0.0062016635 0.0062016635 0.0062016635 0.0062016635 0.0062016635 0.0062016635 0.0062016635 0.0062016635 0.0062016635 0.0062016635 0.0062016635 0.0062016635 0.0062016635 0.0062016635 0.0062016635 0.0062016635 0.0062016635 0.0062016635 0.0062016635 0.0062016635 0.0062016635 0.0062016635 0.0062016635 0.0062016635 0.0062016635 0.0062016635 0.0062016635 0.0062016635 0.0062016635 0.0062016635 0.0062016635 0.0062016635 0.0062016635 0.0062016635 0.0062016635 0.0062016635 0.0062016635 0.0062016635 0.0062016635 0.0062016635 0.0062016635 0.0062016635 0.0062016635 0.0062016635 0.0062016635 0.0062016635 0.0062016635 0.0062016635 0.0062016635 0.0062016635 0.0062016635 0.0062016635 0.0062016635 0.0062016635 0.0062016635 0.0062016635 0.0062016635 0.0062016635 0.0062016635 0.0062016635 0.0062016635 0.0062016635 0.0062016635 0.0062016635 0.0062016635 0.0062016635 0.0062016635 0.0062016635 0.0062016635 0.0062016635 0.0062016635 0.0062016635 0.0062016635 0.0062016635 0.0062016635 0.0062016635 0.0062016635 0.0062016635 0.0062016635,15 14 14 14 14 15 15 15 14 15 15 15 15 14 14 15 15 15 15 14 14 14 15 14 15 14 15 15 14 15 15 15 14 15 15 14 14 15 14 15 13 15 15 14 15 15 15 15 15 14 15 15 14 14 15 15 15 15 14 15 15 14 14 14 15 15 15 15 15 15 14 14 14 14 14 15 15 14 14 15 15 15 15 15 14 15 13 15 15 14 14 15 15 15 14 15 15 15 14 15 14 15 15 15 14 15 14 14 14 15 15 14 14 14 15 15 14 14 14 15 14 15 14 14 15 15 15 14
708,3x3x1x128,0.4246652 0.7266499 0.32605904 0.31266215 0.39901173 0.46253583 0.5646718 1.1516559 0.4326894 0.6307977 0.78831345 0.5947399 0.737114 0.34439516 0.32003638 0.5470091 0.5729385 0.46856305 0.66154146 0.34409398 0.61629725 0.56855565 0.33876246 0.2637655 0.41824204 0.49850872 0.4912515 0.28908688 0.51913446 0.41676748 0.3741752 0.61155635 0.31382602 0.46408418 0.34041238 0.5263735 0.6200273 0.24252398 0.55758274 0.49628535 0.3878841 0.45185027 0.5182215 0.56631553 0.7573137 0.49537307 0.52717036 0.6146069 0.6059949 0.5336792 0.40689373 0.8680397 0.5494948 0.5536179 0.5858243 0.33171234 0.42017183 0.35962054 0.38936412 0.6947141 0.5970344 0.2675415 0.62397677 0.36950025 0.4719585 0.49372596 0.28475603 0.4030091 0.43772754 0.62540966 0.60284716 0.7306046 0.5200919 0.3389667 0.365594 0.53246987 0.41446394 0.46615666 0.42501357 0.37516698 0.6131578 0.71339345 0.7970136 0.55025154 0.3427789 0.23987411 0.8075198 0.4894491 0.60052127 0.6293224 0.26745757 0.5069769 0.6731741 0.71837366 0.74746215 0.4369941 0.46201038 0.44261432 0.3371539 0.6971863 0.3704005 0.34157002 0.76071537 0.36625984 0.81342256 0.55246407 0.7786993 0.3969594 0.4541683 0.5496676 0.42860448 0.33397582 0.30782348 0.44957846 0.6926392 0.4151163 0.36493498 0.4986201 0.50424445 0.7565857 0.67725575 0.56680757 0.477844 0.8951449 0.7476469 0.43437666 0.5016294 0.3427079,0.4246134 0.7265612 0.32601926 0.31262398 0.39896303 0.46247938 0.5646029 1.1515154 0.4326366 0.63072073 0.78821725 0.5946674 0.73702407 0.3443531 0.31999734 0.54694235 0.5728686 0.46850586 0.66146076 0.344052 0.616222 0.5684863 0.33872113 0.26373333 0.41819102 0.49844787 0.49119157 0.2890516 0.5190711 0.41671664 0.37412953 0.6114817 0.31378773 0.46402752 0.34037083 0.5263093 0.61995167 0.24249437 0.5575147 0.49622476 0.38783675 0.4517951 0.51815826 0.56624645 0.75722134 0.49531263 0.527106 0.6145319 0.6059209 0.5336141 0.40684408 0.86793375 0.54942775 0.55355036 0.5857528 0.33167183 0.42012057 0.35957667 0.3893166 0.6946293 0.5969615 0.26750886 0.62390065 0.36945516 0.4719009 0.4936657 0.2847213 0.40295988 0.4376741 0.62533337 0.60277355 0.7305154 0.5200284 0.33892533 0.3655494 0.5324049 0.41441336 0.46609977 0.4249617 0.37512118 0.61308295 0.7133064 0.7969163 0.5501844 0.34273708 0.23984484 0.8074212 0.48938936 0.600448 0.62924564 0.26742494 0.50691503 0.6730919 0.718286 0.7473709 0.43694076 0.461954 0.44256032 0.33711278 0.6971012 0.37035528 0.34152836 0.76062256 0.36621514 0.81332326 0.55239666 0.7786042 0.39691097 0.45411286 0.5496005 0.42855218 0.33393508 0.30778593 0.4495236 0.69255465 0.41506565 0.36489043 0.49855924 0.5041829 0.7564934 0.67717314 0.5667384 0.47778568 0.8950356 0.7475557 0.43432364 0.5015682 0.34266606,0.0033434124 0.0057209544 0.0025670808 0.0024616062 0.0031414411 0.00364157 0.004445692 0.00906705 0.0034065873 0.004966305 0.006206435 0.0046824203 0.005803339 0.0027114418 0.0025196641 0.0043066326 0.004510776 0.0036890225 0.0052083526 0.0027090707 0.0048521417 0.0044762697 0.0026670955 0.0020766403 0.0032928425 0.003924786 0.0038676502 0.0022759968 0.004087174 0.0032812334 0.0029459018 0.0048148166 0.0024707695 0.00365376 0.0026800854 0.004144168 0.004881509 0.0019094045 0.0043898798 0.0039072814 0.0030538328 0.0035574418 0.0040799864 0.0044586333 0.0059623728 0.0039000995 0.004150441 0.0048388336 0.004771031 0.004201686 0.0032034968 0.006834124 0.004326203 0.004358664 0.0046122265 0.0026115892 0.003308036 0.0028313124 0.003065485 0.005469522 0.004700484 0.002106369 0.0049126036 0.0029090957 0.0037157552 0.0038871313 0.0022419 0.0031729124 0.0034462528 0.0049238848 0.0047462485 0.00575209 0.004094712 0.0026687034 0.0028783416 0.0041921646 0.0032630973 0.0036700768 0.003346155 0.00295371 0.004827425 0.005616586 0.0062749316 0.004332161 0.0026987172 0.0018885421 0.0063576475 0.0038534596 0.0047279373 0.00495469 0.0021057082 0.003991457 0.005299936 0.005655795 0.0058848104 0.0034404784 0.003637433 0.0034847269 0.0026544314 0.0054889857 0.0029161833 0.0026891998 0.005989154 0.0028835838 0.00640412 0.00434958 0.006130742 0.0031252832 0.0035756917 0.0043275626 0.0033744266 0.00262941 0.0024235114 0.003539556 0.005453186 0.0032682335 0.002873153 0.0039256634 0.003969944 0.005956641 0.005332072 0.004462507 0.003762092 0.0070475247 0.005886265 0.0034198712 0.003949356 0.002698158,
709,128,,,0.006201664 0.006201664 0.006201664 0.006201664 0.006201664 0.006201664 0.006201664 0.006201664 0.006201664 0.006201664 0.006201664 0.006201664 0.006201664 0.006201664 0.006201664 0.006201664 0.006201664 0.006201664 0.006201664 0.006201664 0.006201664 0.006201664 0.006201664 0.006201664 0.006201664 0.006201664 0.006201664 0.006201664 0.006201664 0.006201664 0.006201664 0.006201664 0.006201664 0.006201664 0.006201664 0.006201664 0.006201664 0.006201664 0.006201664 0.006201664 0.006201664 0.006201664 0.006201664 0.006201664 0.006201664 0.006201664 0.006201664 0.006201664 0.006201664 0.006201664 0.006201664 0.006201664 0.006201664 0.006201664 0.006201664 0.006201664 0.006201664 0.006201664 0.006201664 0.006201664 0.006201664 0.006201664 0.006201664 0.006201664 0.006201664 0.006201664 0.006201664 0.006201664 0.006201664 0.006201664 0.006201664 0.006201664 0.006201664 0.006201664 0.006201664 0.006201664 0.006201664 0.006201664 0.006201664 0.006201664 0.006201664 0.006201664 0.006201664 0.006201664 0.006201664 0.006201664 0.006201664 0.006201664 0.006201664 0.006201664 0.006201664 0.006201664 0.006201664 0.006201664 0.006201664 0.006201664 0.006201664 0.006201664 0.006201664 0.006201664 0.006201664 0.006201664 0.006201664 0.006201664 0.006201664 0.006201664 0.006201664 0.006201664 0.006201664 0.006201664 0.006201664 0.006201664 0.006201664 0.006201664 0.006201664 0.006201664 0.006201664 0.006201664 0.006201664 0.006201664 0.006201664 0.006201664 0.006201664 0.006201664 0.006201664 0.006201664 0.006201664 0.006201664,16 15 16 16 16 16 15 14 16 15 15 15 15 16 16 15 15 16 15 16 15 15 16 16 16 15 16 16 15 16 16 15 16 16 16 15 15 16 15 15 16 16 15 15 15 15 15 15 15 15 16 15 15 15 15 16 16 16 16 15 15 16 15 16 16 16 16 16 16 15 15 15 15 16 16 15 16 16 16 16 15 15 15 15 16 16 15 16 15 15 16 15 15 15 15 16 16 16 16 15 16 16 15 16 15 15 15 16 16 15 16 16 16 16 15 16 16 15 15 15 15 15 16 15 15 16 15 16
714,1x1x128x128,0.7237229 0.42127433 0.37033504 0.6116715 0.48214814 0.4590661 0.50363135 0.5282187 0.44617558 0.6751262 0.47586983 0.55852515 0.7100894 0.77969784 0.5023763 0.5244788 0.5264467 0.47571108 0.93866616 0.48478344 0.4655577 0.44713876 0.4932227 0.45852476 0.4346233 0.47677994 0.4684793 0.5303486 0.45721203 0.5568252 0.5438764 0.35973665 0.50446135 0.5939006 0.5297421 0.46760306 0.5618358 0.37984005 0.51929206 0.36605275 0.6525654 0.5079457 0.6333761 0.48556376 0.8305412 0.43102708 0.5674598 0.6064829 0.5779207 0.44889113 0.45362327 0.4872861 0.4786343 0.5365312 0.5458892 0.432925 0.4524034 0.43048722 0.54753095 0.6840878 0.50781757 0.46835154 0.4290981 0.453703 0.59606117 0.5213033 0.44296247 0.578482 0.545097 0.4812164 0.5127636 0.42867082 0.3741437 0.5437486 0.46491224 0.75451344 0.4862012 0.5263428 0.500288 0.5247959 0.438946 0.54773235 0.44074148 0.44208214 0.45619336 0.48071668 0.514282 0.37702295 0.5864493 0.45494345 0.48469338 0.61683816 0.65727556 0.4508874 0.5047945 0.5649494 0.63366777 0.40268525 0.5250813 0.46163076 0.47309348 0.5643557 0.4967146 0.8351483 0.58689034 0.52596855 0.64840376 0.5047561 0.5722902 0.34520137 0.62340736 0.39216882 0.49577752 0.5996262 0.48342526 0.5388978 0.36779585 0.5688122 0.59821707 0.55989194 0.5382283 0.8273804 0.39881355 0.37429684 0.52828974 0.5467239 0.41786814 0.45703533,0.72363454 0.42122293 0.37028986 0.6115968 0.48208928 0.45901006 0.5035699 0.52815425 0.44612113 0.67504376 0.47581178 0.558457 0.7100027 0.77960265 0.50231504 0.5244148 0.52638245 0.47565302 0.9385516 0.48472428 0.46550086 0.4470842 0.49316254 0.45846882 0.43457025 0.47672173 0.4684221 0.53028387 0.4571562 0.5567573 0.54381007 0.35969275 0.5043998 0.59382814 0.5296775 0.467546 0.5617672 0.37979367 0.51922864 0.36600807 0.6524858 0.5078837 0.6332988 0.48550448 0.83043987 0.43097448 0.56739056 0.6064089 0.5778501 0.44883636 0.45356792 0.4872266 0.4785759 0.53646576 0.5458226 0.43287215 0.4523482 0.43043467 0.54746413 0.68400437 0.5077556 0.46829438 0.42904574 0.4536476 0.5959884 0.52123964 0.4429084 0.57841134 0.5450305 0.4811577 0.51270103 0.4286185 0.37409803 0.5436822 0.4648555 0.75442135 0.48614186 0.5262786 0.5002269 0.5247319 0.43889242 0.5476655 0.4406877 0.44202816 0.4561377 0.48065802 0.5142192 0.37697694 0.58637774 0.45488793 0.48463422 0.6167629 0.6571953 0.45083237 0.5047329 0.5648805 0.6335904 0.4026361 0.5250172 0.4615744 0.47303572 0.5642868 0.49665397 0.83504635 0.58681875 0.52590436 0.64832467 0.50469446 0.5722203 0.34515926 0.62333125 0.39212096 0.49571702 0.59955305 0.48336628 0.538832 0.36775097 0.5687428 0.59814405 0.5598236 0.5381626 0.82727945 0.39876488 0.3742512 0.5282253 0.54665715 0.41781715 0.45697957,0.0056979097 0.003316716 0.0029156683 0.004815723 0.0037959786 0.0036142524 0.0039651175 0.0041586948 0.0035127648 0.005315305 0.0037465494 0.004397299 0.0055905725 0.0061386037 0.0039552366 0.00412925 0.0041447436 0.0037452993 0.00739017 0.0038167266 0.003665361 0.0035203479 0.0038831697 0.0036099907 0.003421813 0.0037537145 0.0036883631 0.0041754637 0.003599655 0.0043839156 0.0042819693 0.0028322265 0.0039716517 0.004675812 0.0041706893 0.0036814644 0.004423364 0.0029905015 0.0040884144 0.0028819533 0.0051376834 0.0039990847 0.0049866047 0.0038228699 0.0065388964 0.0033934999 0.0044676424 0.004774873 0.0045500007 0.0035341445 0.003571401 0.00383643 0.0037683141 0.0042241397 0.0042978157 0.003408442 0.0035617969 0.0033892493 0.004310741 0.0053858613 0.0039980756 0.0036873573 0.0033783128 0.0035720284 0.0046928218 0.004104249 0.0034874678 0.00455442 0.0042915787 0.0037886433 0.004037016 0.0033749486 0.0029456539 0.0042809625 0.0036602796 0.0059403256 0.0038278888 0.0041439263 0.0039387946 0.004131747 0.0034558459 0.0043123267 0.0034699817 0.0034805366 0.0035916353 0.003784709 0.00404897 0.0029683223 0.0046171476 0.0035817947 0.0038160174 0.0048564007 0.0051747663 0.0035498613 0.0039742747 0.004447878 0.004988901 0.0031703631 0.0041339938 0.0036344442 0.0037246908 0.0044432036 0.003910661 0.006575168 0.00462062 0.004140979 0.0051049185 0.003973972 0.004505672 0.0027177895 0.0049081203 0.0030875667 0.0039032835 0.00472089 0.0038060336 0.004242772 0.002895677 0.0044782897 0.0047097956 0.0044080596 0.0042375005 0.0065140114 0.003139881 0.0029468597 0.0041592545 0.004304387 0.0032898989 0.0035982644,
715,128,,,0.0053928886 0.0053928886 0.0053928886 0.0053928886 0.0053928886 0.0053928886 0.0053928886 0.0053928886 0.0053928886 0.0053928886 0.0053928886 0.0053928886 0.0053928886 0.0053928886 0.0053928886 0.0053928886 0.0053928886 0.0053928886 0.0053928886 0.0053928886 0.0053928886 0.0053928886 0.0053928886 0.0053928886 0.0053928886 0.0053928886 0.0053928886 0.0053928886 0.0053928886 0.0053928886 0.0053928886 0.0053928886 0.0053928886 0.0053928886 0.0053928886 0.0053928886 0.0053928886 0.0053928886 0.0053928886 0.0053928886 0.0053928886 0.0053928886 0.0053928886 0.0053928886 0.0053928886 0.0053928886 0.0053928886 0.0053928886 0.0053928886 0.0053928886 0.0053928886 0.0053928886 0.0053928886 0.0053928886 0.0053928886 0.0053928886 0.0053928886 0.0053928886 0.0053928886 0.0053928886 0.0053928886 0.0053928886 0.0053928886 0.0053928886 0.0053928886 0.0053928886 0.0053928886 0.0053928886 0.0053928886 0.0053928886 0.0053928886 0.0053928886 0.0053928886 0.0053928886 0.0053928886 0.0053928886 0.0053928886 0.0053928886 0.0053928886 0.0053928886 0.0053928886 0.0053928886 0.0053928886 0.0053928886 0.0053928886 0.0053928886 0.0053928886 0.0053928886 0.0053928886 0.0053928886 0.0053928886 0.0053928886 0.0053928886 0.0053928886 0.0053928886 0.0053928886 0.0053928886 0.0053928886 0.0053928886 0.0053928886 0.0053928886 0.0053928886 0.0053928886 0.0053928886 0.0053928886 0.0053928886 0.0053928886 0.0053928886 0.0053928886 0.0053928886 0.0053928886 0.0053928886 0.0053928886 0.0053928886 0.0053928886 0.0053928886 0.0053928886 0.0053928886 0.0053928886 0.0053928886 0.0053928886 0.0053928886 0.0053928886 0.0053928886 0.0053928886 0.0053928886 0.0053928886 0.0053928886,14 15 15 14 15 15 14 14 15 14 15 14 14 14 14 14 14 15 14 15 15 15 15 15 15 15 15 14 15 14 14 15 14 14 14 15 14 15 14 15 14 14 14 15 14 15 14 14 14 15 15 15 15 14 14 15 15 15 14 14 14 15 15 15 14 14 15 14 14 15 14 15 15 14 15 14 15 14 14 14 15 14 15 15 15 15 14 15 14 15 15 14 14 15 14 14 14 15 14 15 15 14 14 14 14 14 14 14 14 15 14 15 14 14 15 14 15 14 14 14 14 14 15 15 14 14 15 15
720,1x1x128x13,0.14829314 0.11843678 0.097132 0.09767574 0.091348566 0.11487775 0.09332581 0.15135786 0.1071665 0.10617789 0.1582782 0.09421557 0.15738843,0.14827505 0.11842233 0.09712014 0.09766382 0.09133741 0.11486374 0.093314424 0.1513394 0.107153416 0.10616493 0.15825887 0.09420407 0.15736923,4.5251336e-06 3.614073e-06 2.963962e-06 2.9805542e-06 2.7874817e-06 3.50547e-06 2.847817e-06 4.618653e-06 3.2701626e-06 3.2399955e-06 4.829825e-06 2.8749678e-06 4.802674e-06,
721,13,,,1.8085737e-05 1.8085737e-05 1.8085737e-05 1.8085737e-05 1.8085737e-05 1.8085737e-05 1.8085737e-05 1.8085737e-05 1.8085737e-05 1.8085737e-05 1.8085737e-05 1.8085737e-05 1.8085737e-05,30 31 31 31 31 31 31 30 31 31 30 31 30
728,3x3x128x32,0.093348965 0.078871466 0.077283055 0.075995326 0.10847384 0.12255363 0.07934674 0.055503175 0.069901705 0.090366 0.094752274 0.0601858 0.081400014 0.05740927 0.06622695 0.06223162 0.060636554 0.06448624 0.07523065 0.07216834 0.10457564 0.07463628 0.07004912 0.06874904 0.06490545 0.06603861 0.051631406 0.09332684 0.05690458 0.1089677 0.089393236 0.060340576,0.09333757 0.07886184 0.07727362 0.07598605 0.1084606 0.12253867 0.07933706 0.0554964 0.069893174 0.09035497 0.09474071 0.06017846 0.081390075 0.057402268 0.06621887 0.062224027 0.06062915 0.06447837 0.075221464 0.072159536 0.10456288 0.074627176 0.07004057 0.06874065 0.06489753 0.066030554 0.051625103 0.09331545 0.056897637 0.1089544 0.08938232 0.06033321,0.0007349415 0.0006209594 0.0006084537 0.0005983154 0.0008540205 0.00096487143 0.00062470126 0.00043697952 0.00055033993 0.00071145647 0.00074598985 0.00047384613 0.00064086675 0.00045198636 0.0005214084 0.000489953 0.0004773949 0.0005077037 0.00059229496 0.00056818535 0.0008233297 0.00058761553 0.00055150053 0.00054126495 0.0005110042 0.0005199256 0.00040649687 0.00073476735 0.0004480129 0.0008579087 0.0007037978 0.00047506465,
729,32,,,0.0051682214 0.0051682214 0.0051682214 0.0051682214 0.0051682214 0.0051682214 0.0051682214 0.0051682214 0.0051682214 0.0051682214 0.0051682214 0.0051682214 0.0051682214 0.0051682214 0.0051682214 0.0051682214 0.0051682214 0.0051682214 0.0051682214 0.0051682214 0.0051682214 0.0051682214 0.0051682214 0.0051682214 0.0051682214 0.0051682214 0.0051682214 0.0051682214 0.0051682214 0.0051682214 0.0051682214 0.0051682214,14 14 14 14 14 14 14 15 14 14 14 15 14 15 14 14 15 14 14 14 14 14 14 14 14 14 15 14 15 14 14 15
734,3x3x32x32,0.123211175 0.15653844 0.1576996 0.15539187 0.107125156 0.10643752 0.113892525 0.22492547 0.10564488 0.104763106 0.06630847 0.14499968 0.16845565 0.14207889 0.12910128 0.09975071 0.11350056 0.13413863 0.107736684 0.16761816 0.13742499 0.09179134 0.18671696 0.151713 0.16894047 0.13521002 0.120916456 0.09344084 0.16705467 0.076645926 0.10723699 0.08924346,0.12319614 0.15651934 0.15768036 0.15537292 0.10711209 0.106424525 0.11387863 0.22489803 0.105631985 0.10475032 0.06630038 0.144982 0.1684351 0.14206156 0.12908551 0.09973854 0.11348671 0.13412227 0.10772354 0.1675977 0.13740823 0.09178014 0.18669418 0.15169449 0.16891986 0.13519351 0.120901704 0.09342944 0.16703428 0.07663657 0.107223906 0.089232564,0.00097004836 0.0012324357 0.0012415777 0.0012234088 0.0008434023 0.0008379884 0.00089668215 0.0017708506 0.0008317479 0.0008248057 0.0005220502 0.0011415905 0.0013262606 0.001118595 0.0010164214 0.0007853428 0.0008935961 0.0010560808 0.0008482169 0.0013196669 0.0010819546 0.00072267826 0.0014700328 0.0011944448 0.0013300776 0.0010645158 0.0009519819 0.00073566486 0.0013152306 0.00060343754 0.00084428274 0.0007026186,
735,32,,,0.004770726 0.004770726 0.004770726 0.004770726 0.004770726 0.004770726 0.004770726 0.004770726 0.004770726 0.004770726 0.004770726 0.004770726 0.004770726 0.004770726 0.004770726 0.004770726 0.004770726 0.004770726 0.004770726 0.004770726 0.004770726 0.004770726 0.004770726 0.004770726 0.004770726 0.004770726 0.004770726 0.004770726 0.004770726 0.004770726 0.004770726 0.004770726,15 14 14 14 15 15 15 14 15 15 15 14 14 14 14 15 15 14 15 14 14 15 14 14 14 14 15 15 14 15 15 15
740,1x1x32x4,0.3060135 0.25314918 0.29293367 0.20873228,0.30597615 0.2531183 0.29289794 0.20870681,9.337936e-06 7.724793e-06 8.938809e-06 6.3694206e-06,
741,4,,,1.6838614e-05 1.6838614e-05 1.6838614e-05 1.6838614e-05,31 31 31 32
748,3x3x1x256,0.53913945 0.97147083 0.66577137 0.8504907 0.46816108 0.7102345 0.46101353 0.49553436 0.27998647 0.37496713 0.52614653 0.67150354 0.6367252 0.52248883 0.7599197 0.5101945 0.40109518 0.42447254 0.48058394 0.80478406 0.5597152 0.49930823 0.529848 0.6102834 0.702616 0.8060001 0.50985956 0.6541063 0.30056712 0.3957514 0.60453707 0.7546858 0.983539 0.32656282 0.76128393 0.5064373 1.1362478 0.8663189 0.49414152 0.51898104 0.49517795 0.49539575 0.49445486 0.46744394 0.7514221 0.8742573 1.1435988 0.6160449 0.65769374 0.5109861 0.65784925 0.47252667 0.6192112 0.8297899 0.63552505 0.94803035 0.8659406 0.73168635 0.5957098 0.5938414 0.47295153 0.4135672 0.7782387 0.58914036 0.39069724 0.27780172 0.503222 0.473637 0.90001214 0.55060107 0.41151324 0.7359619 0.4040051 1.4104813 0.86666167 0.41020605 0.555877 0.39658868 0.71202105 0.35923395 0.61623055 0.69579816 0.81742746 0.43414634 0.667078 0.4129395 0.481264 0.74587834 0.42888275 0.64227843 0.95260394 0.38691252 0.39441663 0.5333703 0.4102896 0.6093845 0.63526845 0.54810107 0.40692946 0.74875504 0.6518195 0.30142948 0.83463466 0.35536906 0.7086004 0.4480351 0.76467633 0.6536437 0.60211504 0.8985119 0.44840643 0.4168274 0.8668993 0.64654565 0.721586 0.8544988 0.9046017 0.4759996 0.9997705 0.5926062 0.7008083 0.6551364 0.55023366 0.95824355 0.4496131 0.57850814 0.46424922 0.3664928 0.86118203 0.7409739 0.6689251 0.9448841 0.98784703 0.40915176 1.2185394 0.7655867 0.8304623 0.6206034 0.44228333 0.43081385 0.7282529 1.0586694 0.48559418 0.9504476 0.84940165 0.60908526 0.47408798 0.6131012 0.62362164 0.4431572 0.63395613 1.1439308 0.77015907 0.5011108 0.7944606 1.0598611 0.37296706 0.4487728 1.3380712 0.65472627 0.7440229 0.9269884 0.7785793 0.96280664 1.00295 0.63785106 0.7597902 0.48858202 0.43555322 1.1055896 0.8889817 0.86401045 0.58736527 0.481689 0.4142353 0.67323303 0.5855792 0.81970596 0.43356186 0.69502026 0.36313692 0.48973823 1.0377023 0.6555859 0.41966596 0.86280596 0.3723009 0.3967784 0.41449735 0.5188973 0.49186033 0.5689747 0.43735054 0.44584873 0.6104205 0.7167009 0.81030655 0.54388535 0.6494211 0.61934984 0.6843176 0.81021583 0.26687786 0.3440192 0.3846665 1.0591149 0.66073257 0.5538026 0.4111874 0.46312907 0.74097335 0.34388044 0.53399473 0.38819987 0.6993459 0.5096079 0.48628056 0.42680213 0.28318882 0.4862149 0.34819287 0.60443646 0.55750304 0.45995378 0.44095173 0.46818915 1.0350132 0.32974508 0.44581145 1.2502346 0.64164776 0.79339665 0.55781466 0.7263896 0.41550353 0.4358463 0.44802576 0.6501467 0.44831917 0.6267412 0.46824008 0.57885545 0.44077086 0.8662855 0.9245612 0.3609444 0.9250565 0.96838075 0.8875379 0.46685195 0.42753848 0.58754826 0.32705158 0.37502733 0.6113371 0.46818504,0.53907365 0.9713523 0.6656901 0.85038686 0.46810395 0.71014786 0.46095726 0.4954739 0.27995232 0.37492135 0.5260823 0.6714216 0.6366475 0.52242506 0.75982696 0.51013225 0.40104622 0.42442074 0.48052529 0.80468583 0.5596469 0.4992473 0.5297833 0.6102089 0.70253026 0.8059017 0.50979733 0.65402645 0.30053043 0.3957031 0.6044633 0.75459373 0.98341894 0.32652295 0.76119107 0.5063755 1.1361091 0.86621314 0.49408123 0.51891774 0.49511752 0.4953353 0.4943945 0.4673869 0.75133044 0.87415063 1.1434592 0.61596966 0.6576135 0.51092374 0.65776896 0.472469 0.6191356 0.8296886 0.6354475 0.94791466 0.8658349 0.73159707 0.59563714 0.5937689 0.47289383 0.41351673 0.7781437 0.5890684 0.39064956 0.27776784 0.50316054 0.47357923 0.8999023 0.55053383 0.41146302 0.7358721 0.4039558 1.4103092 0.86655587 0.41015598 0.55580914 0.39654028 0.71193415 0.3591901 0.6161554 0.6957133 0.81732774 0.43409336 0.6669966 0.4128891 0.48120525 0.7457873 0.4288304 0.64220005 0.95248765 0.3868653 0.3943685 0.5333052 0.41023952 0.60931015 0.63519096 0.5480342 0.40687978 0.74866366 0.65174 0.30139267 0.8345328 0.3553257 0.7085139 0.44798043 0.76458305 0.6535639 0.60204154 0.8984023 0.4483517 0.41677654 0.8667935 0.64646673 0.7214979 0.85439456 0.9044913 0.4759415 0.9996485 0.5925338 0.70072275 0.6550564 0.55016655 0.9581266 0.44955823 0.5784375 0.46419257 0.36644807 0.8610769 0.74088347 0.6688435 0.94476885 0.9877265 0.4091018 1.2183906 0.7654933 0.8303609 0.6205277 0.44222936 0.43076128 0.728164 1.0585402 0.48553494 0.9503316 0.849298 0.60901093 0.4740301 0.6130263 0.6235455 0.44310313 0.63387877 1.1437912 0.77006507 0.50104964 0.7943637 1.0597317 0.37292153 0.44871804 1.3379079 0.6546464 0.74393207 0.9268753 0.7784843 0.9626891 1.0028275 0.6377732 0.7596975 0.4885224 0.4355001 1.1054547 0.8888732 0.863905 0.5872936 0.48163024 0.41418472 0.67315084 0.58550775 0.8196059 0.43350893 0.69493544 0.3630926 0.48967844 1.0375756 0.65550584 0.41961476 0.8627007 0.37225547 0.39672998 0.41444674 0.51883394 0.4918003 0.56890523 0.43729717 0.4457943 0.610346 0.7166134 0.81020766 0.543819 0.6493419 0.61927426 0.6842341 0.81011695 0.2668453 0.3439772 0.38461956 1.0589856 0.6606519 0.553735 0.41113722 0.46307257 0.74088293 0.34383848 0.5339295 0.3881525 0.69926053 0.5095457 0.4862212 0.42675003 0.28315428 0.48615557 0.34815037 0.6043627 0.557435 0.45989767 0.44089794 0.46813202 1.034887 0.32970482 0.44575706 1.250082 0.64156944 0.7932998 0.5577466 0.7263009 0.4154528 0.4357931 0.4479711 0.6500674 0.44826445 0.62666464 0.46818292 0.5787848 0.44071707 0.8661798 0.9244484 0.36090034 0.9249436 0.96826255 0.8874296 0.46679497 0.4274863 0.58747655 0.32701164 0.37498158 0.61126256 0.4681279,0.0042446745 0.0076484433 0.0052416543 0.0066959597 0.0036858579 0.005591715 0.0036295848 0.0039013692 0.002204349 0.0029521366 0.0041423803 0.0052867844 0.0050129727 0.004113583 0.0059828893 0.0040167896 0.0031578443 0.0033418955 0.0037836637 0.006336109 0.0044066687 0.0039310814 0.0041715223 0.0048047947 0.0055317343 0.006345683 0.004014152 0.0051498148 0.0023663815 0.0031157725 0.0047595534 0.005941683 0.0077434564 0.0025710468 0.0059936303 0.0039872085 0.008945741 0.006820576 0.0038904033 0.0040859664 0.003898563 0.0039002781 0.0038928702 0.0036802117 0.005915988 0.006883076 0.009003616 0.0048501547 0.005178059 0.0040230216 0.005179283 0.0037202283 0.0048750835 0.006532981 0.0050035235 0.007463895 0.0068175974 0.005760607 0.004690056 0.0046753455 0.0037235734 0.0032560371 0.006127116 0.004638334 0.0030759808 0.0021871484 0.003961894 0.0037289702 0.007085845 0.004334912 0.0032398663 0.0057942686 0.0031807541 0.011104797 0.006823275 0.0032295748 0.00437645 0.0031223644 0.0056057805 0.0028282686 0.0048516174 0.0054780575 0.0064356513 0.003418058 0.0052519417 0.0032510953 0.0037890177 0.0058723413 0.003376617 0.005056693 0.0074999025 0.0030461834 0.0031052637 0.004199254 0.0032302325 0.0047977176 0.0050015035 0.00431523 0.0032037778 0.0058949897 0.0051318114 0.0023731706 0.0065711243 0.0027978402 0.00557885 0.003527405 0.006020339 0.0051461724 0.0047404845 0.007074034 0.0035303284 0.003281705 0.006825146 0.0050902893 0.005681086 0.006727516 0.007121979 0.003747571 0.007871248 0.0046656206 0.005517502 0.0051579247 0.00433202 0.007544304 0.0035398286 0.004554626 0.0036550595 0.002885418 0.006780133 0.0058337282 0.0052664843 0.007439125 0.0077773742 0.0032212741 0.0095936265 0.006027506 0.0065382747 0.0048860447 0.003482121 0.0033918212 0.0057335747 0.008334963 0.0038231097 0.0074829264 0.006687386 0.004795362 0.0037325206 0.004826979 0.0049098074 0.003489001 0.0049911714 0.00900623 0.0060635046 0.003945273 0.0062548323 0.008344344 0.00293639 0.003533213 0.010534708 0.005154696 0.0058577326 0.0072982307 0.0061297975 0.007580229 0.00789628 0.005021836 0.00598187 0.0038466332 0.0034291346 0.008704368 0.006999002 0.0068024015 0.0046243593 0.0037923642 0.003261297 0.0053004003 0.0046102973 0.0064535895 0.0034134563 0.0054719327 0.0028589969 0.0038557358 0.008169887 0.0051614633 0.0033040533 0.006792919 0.0029311455 0.003123858 0.0032633601 0.0040853065 0.0038724435 0.004479569 0.0034432847 0.0035101913 0.004805874 0.0056426255 0.006379588 0.0042820396 0.0051129283 0.0048761754 0.00538767 0.0063788737 0.002101144 0.002708482 0.0030285006 0.008338469 0.0052019837 0.0043601184 0.003237301 0.0036462408 0.005833724 0.0027073896 0.0042041694 0.003056319 0.0055059884 0.0040121707 0.0038285134 0.0033602365 0.0022295613 0.0038279966 0.0027413415 0.0047587617 0.0043892516 0.0036212415 0.0034716374 0.0036860788 0.008148716 0.002596101 0.0035098982 0.009843165 0.005051728 0.006246455 0.0043917056 0.0057189045 0.003271282 0.0034314417 0.0035273316 0.005118641 0.0035296413 0.0049343673 0.0036864798 0.004557361 0.0034702132 0.0068203136 0.007279121 0.002841735 0.0072830208 0.0076241144 0.0069876346 0.003675551 0.0033660338 0.0046257996 0.0025748948 0.0029526108 0.004813091 0.0036860465,
749,256,,,0.0059064017 0.0059064017 0.0059064017 0.0059064017 0.0059064017 0.0059064017 0.0059064017 0.0059064017 0.0059064017 0.0059064017 0.0059064017 0.0059064017 0.0059064017 0.0059064017 0.0059064017 0.0059064017 0.0059064017 0.0059064017 0.0059064017 0.0059064017 0.0059064017 0.0059064017 0.0059064017 0.0059064017 0.0059064017 0.0059064017 0.0059064017 0.0059064017 0.0059064017 0.0059064017 0.0059064017 0.0059064017 0.0059064017 0.0059064017 0.0059064017 0.0059064017 0.0059064017 0.0059064017 0.0059064017 0.0059064017 0.0059064017 0.0059064017 0.0059064017 0.0059064017 0.0059064017 0.0059064017 0.0059064017 0.0059064017 0.0059064017 0.0059064017 0.0059064017 0.0059064017 0.0059064017 0.0059064017 0.0059064017 0.0059064017 0.0059064017 0.0059064017 0.0059064017 0.0059064017 0.0059064017 0.0059064017 0.0059064017 0.0059064017 0.0059064017 0.0059064017 0.0059064017 0.0059064017 0.0059064017 0.0059064017 0.0059064017 0.0059064017 0.0059064017 0.0059064017 0.0059064017 0.0059064017 0.0059064017 0.0059064017 0.0059064017 0.0059064017 0.0059064017 0.0059064017 0.0059064017 0.0059064017 0.0059064017 0.0059064017 0.0059064017 0.0059064017 0.0059064017 0.0059064017 0.0059064017 0.0059064017 0.0059064017 0.0059064017 0.0059064017 0.0059064017 0.0059064017 0.0059064017 0.0059064017 0.0059064017 0.0059064017 0.0059064017 0.0059064017 0.0059064017 0.0059064017 0.0059064017 0.0059064017 0.0059064017 0.0059064017 0.0059064017 0.0059064017 0.0059064017 0.0059064017 0.0059064017 0.0059064017 0.0059064017 0.0059064017 0.0059064017 0.0059064017 0.0059064017 0.0059064017 0.0059064017 0.0059064017 0.0059064017 0.0059064017 0.0059064017 0.0059064017 0.0059064017 0.0059064017 0.0059064017 0.0059064017 0.0059064017 0.0059064017 0.0059064017 0.0059064017 0.0059064017 0.0059064017 0.0059064017 0.0059064017 0.0059064017 0.0059064017 0.0059064017 0.0059064017 0.0059064017 0.0059064017 0.0059064017 0.0059064017 0.0059064017 0.0059064017 0.0059064017 0.0059064017 0.0059064017 0.0059064017 0.0059064017 0.0059064017 0.0059064017 0.0059064017 0.0059064017 0.0059064017 0.0059064017 0.0059064017 0.0059064017 0.0059064017 0.0059064017 0.0059064017 0.0059064017 0.0059064017 0.0059064017 0.0059064017 0.0059064017 0.0059064017 0.0059064017 0.0059064017 0.0059064017 0.0059064017 0.0059064017 0.0059064017 0.0059064017 0.0059064017 0.0059064017 0.0059064017 0.0059064017 0.0059064017 0.0059064017 0.0059064017 0.0059064017 0.0059064017 0.0059064017 0.0059064017 0.0059064017 0.0059064017 0.0059064017 0.0059064017 0.0059064017 0.0059064017 0.0059064017 0.0059064017 0.0059064017 0.0059064017 0.0059064017 0.0059064017 0.0059064017 0.0059064017 0.0059064017 0.0059064017 0.0059064017 0.0059064017 0.0059064017 0.0059064017 0.0059064017 0.0059064017 0.0059064017 0.0059064017 0.0059064017 0.0059064017 0.0059064017 0.0059064017 0.0059064017 0.0059064017 0.0059064017 0.0059064017 0.0059064017 0.0059064017 0.0059064017 0.0059064017 0.0059064017 0.0059064017 0.0059064017 0.0059064017 0.0059064017 0.0059064017 0.0059064017 0.0059064017 0.0059064017 0.0059064017 0.0059064017 0.0059064017 0.0059064017 0.0059064017 0.0059064017 0.0059064017 0.0059064017 0.0059064017 0.0059064017 0.0059064017 0.0059064017 0.0059064017 0.0059064017 0.0059064017 0.0059064017 0.0059064017 0.0059064017 0.0059064017 0.0059064017 0.0059064017 0.0059064017,15 15 15 15 16 15 16 15 16 16 15 15 15 15 15 15 16 16 16 15 15 15 15 15 15 15 15 15 16 16 15 15 15 16 15 15 14 15 16 15 16 15 16 16 15 15 14 15 15 15 15 16 15 15 15 15 15 15 15 15 16 16 15 15 16 16 15 16 15 15 16 15 16 14 15 16 15 16 15 16 15 15 15 16 15 16 16 15 16 15 15 16 16 15 16 15 15 15 16 15 15 16 15 16 15 16 15 15 15 15 16 16 15 15 15 15 15 16 14 15 15 15 15 15 16 15 16 16 15 15 15 15 15 16 14 15 15 15 16 16 15 14 16 15 15 15 16 15 15 16 15 14 15 15 15 14 16 16 14 15 15 15 15 15 14 15 15 16 16 14 15 15 15 16 16 15 15 15 16 15 16 16 14 15 16 15 16 16 16 15 16 15 16 16 15 15 15 15 15 15 15 15 16 16 16 14 15 15 16 16 15 16 15 16 15 15 16 16 16 16 16 15 15 16 16 16 14 16 16 14 15 15 15 15 16 16 16 15 16 15 16 15 16 15 15 16 15 15 15 16 16 15 16 16 15 16
754,1x1x256x128,0.32802236 0.29287595 0.26954213 0.35771865 0.32858068 0.34359914 0.31212732 0.50199014 0.28927496 0.29733422 0.2755494 0.33620748 0.34141824 0.42467037 0.28076348 0.5139431 0.37419537 0.5083254 0.4530618 0.25492433 0.33836737 0.35373443 0.23432557 0.42105973 0.3689458 0.29574355 0.2324012 0.3018465 0.38839656 0.2918206 0.29386607 0.47907242 0.27429318 0.34443656 0.34420553 0.26436237 0.30605146 0.21344252 0.36770645 0.31029597 0.44108355 0.33864623 0.29234195 0.36866567 0.33537012 0.27531323 0.23243165 0.31936017 0.26880896 0.22496852 0.28262824 0.38755617 0.3776733 0.42364743 0.3255007 0.36385936 0.27889016 0.3981619 0.2977877 0.34330678 0.26239887 0.36153278 0.50264704 0.2992699 0.22476333 0.25177422 0.3301878 0.3693115 0.29357165 0.32788253 0.3874424 0.5795181 0.569537 0.3493944 0.29754034 0.287927 0.41861802 0.28894278 0.51623994 0.32943395 0.49145615 0.34215394 0.66858315 0.4597167 0.35271478 0.30437177 0.39764172 0.41354752 0.5287549 0.37471175 0.31649512 0.53298634 0.27075586 0.24129982 0.34471497 0.31155196 0.3403558 0.47765103 0.46804515 0.45484602 0.28583437 0.24138403 0.29511505 0.32125768 0.30153477 0.20203954 0.28034317 0.80044204 0.28271154 0.47871244 0.2908509 0.76971745 0.23792766 0.3298861 0.26431167 0.3291807 0.32458302 0.36286873 0.3466713 0.29215714 0.34911585 0.3116198 0.5037547 0.438699 0.38446343 0.23604746 0.2914011 0.26536834,0.3279823 0.29284018 0.26950923 0.357675 0.3285406 0.3435572 0.31208923 0.50192887 0.28923967 0.29729795 0.27551576 0.33616644 0.34137657 0.42461854 0.28072923 0.5138803 0.37414968 0.50826335 0.45300648 0.2548932 0.3383261 0.35369128 0.23429698 0.42100835 0.36890078 0.29570746 0.23237284 0.30180967 0.38834915 0.29178497 0.2938302 0.47901395 0.27425972 0.3443945 0.34416354 0.26433012 0.3060141 0.21341647 0.36766157 0.31025812 0.44102973 0.3386049 0.29230627 0.3686207 0.33532917 0.2752796 0.2324033 0.3193212 0.26877615 0.22494106 0.28259373 0.38750887 0.37762722 0.42359573 0.32546097 0.36381495 0.27885613 0.39811328 0.29775134 0.34326488 0.26236686 0.36148864 0.5025857 0.2992334 0.2247359 0.2517435 0.3301475 0.36926642 0.29353583 0.32784253 0.38739514 0.5794474 0.5694675 0.34935176 0.297504 0.28789186 0.41856694 0.28890753 0.51617694 0.32939374 0.4913962 0.34211218 0.66850156 0.45966062 0.3526717 0.3043346 0.39759317 0.41349703 0.5286904 0.374666 0.3164565 0.53292125 0.27072284 0.24127038 0.34467292 0.31151393 0.34031427 0.47759274 0.46798804 0.45479053 0.28579947 0.24135457 0.29507902 0.3212185 0.30149797 0.2020149 0.28030896 0.80034435 0.28267705 0.478654 0.2908154 0.7696235 0.23789863 0.32984585 0.2642794 0.3291405 0.32454342 0.36282444 0.34662902 0.29212147 0.34907326 0.31158176 0.50369316 0.43864545 0.3844165 0.23601866 0.2913655 0.26533598,0.002582538 0.0023058283 0.00212212 0.0028163386 0.0025869338 0.002705175 0.0024573957 0.003952196 0.0022774776 0.002340929 0.0021694156 0.0026469799 0.0026880044 0.0033434532 0.0022104664 0.004046302 0.0029460604 0.004002074 0.0035669801 0.0020070332 0.0026639851 0.0027849707 0.001844858 0.0033150264 0.0029047306 0.0023284052 0.0018297074 0.0023764542 0.0030578673 0.0022975195 0.0023136234 0.0037717633 0.0021595254 0.0027117678 0.0027099492 0.0020813395 0.0024095597 0.0016804447 0.002894973 0.0024429774 0.003472675 0.0026661803 0.0023016243 0.0029025252 0.0026403873 0.002167556 0.0018299472 0.00251434 0.0021163477 0.0017711895 0.0022251476 0.003051251 0.0029734427 0.0033353993 0.0025626847 0.0028646847 0.0021957175 0.0031347503 0.0023444986 0.002702873 0.0020658807 0.0028463672 0.003957368 0.0023561686 0.001769574 0.0019822323 0.0025995867 0.0029076096 0.0023113058 0.0025814374 0.0030503555 0.0045625777 0.004483996 0.0027508014 0.0023425512 0.002266865 0.0032958027 0.0022748625 0.0040643853 0.0025936516 0.0038692614 0.0026937968 0.005263792 0.003619375 0.0027769427 0.0023963356 0.0031306548 0.003255882 0.0041629164 0.002950126 0.0024917834 0.0041962303 0.0021316758 0.0018997667 0.00271396 0.0024528657 0.00267964 0.0037605728 0.0036849452 0.0035810277 0.0022503897 0.0019004297 0.0023234568 0.0025292796 0.0023739997 0.0015906685 0.0022071572 0.006301924 0.0022258037 0.003768929 0.0022898852 0.0060600275 0.0018732176 0.0025972114 0.0020809402 0.0025916577 0.00255546 0.0028568853 0.0027293623 0.002300169 0.0027486084 0.0024533996 0.003966088 0.0034539013 0.0030269015 0.0018584146 0.0022942165 0.0020892597,
755,128,,,0.0051682214 0.0051682214 0.0051682214 0.0051682214 0.0051682214 0.0051682214 0.0051682214 0.0051682214 0.0051682214 0.0051682214 0.0051682214 0.0051682214 0.0051682214 0.0051682214 0.0051682214 0.0051682214 0.0051682214 0.0051682214 0.0051682214 0.0051682214 0.0051682214 0.0051682214 0.0051682214 0.0051682214 0.0051682214 0.0051682214 0.0051682214 0.0051682214 0.0051682214 0.0051682214 0.0051682214 0.0051682214 0.0051682214 0.0051682214 0.0051682214 0.0051682214 0.0051682214 0.0051682214 0.0051682214 0.0051682214 0.0051682214 0.0051682214 0.0051682214 0.0051682214 0.0051682214 0.0051682214 0.0051682214 0.0051682214 0.0051682214 0.0051682214 0.0051682214 0.0051682214 0.0051682214 0.0051682214 0.0051682214 0.0051682214 0.0051682214 0.0051682214 0.0051682214 0.0051682214 0.0051682214 0.0051682214 0.0051682214 0.0051682214 0.0051682214 0.0051682214 0.0051682214 0.0051682214 0.0051682214 0.0051682214 0.0051682214 0.0051682214 0.0051682214 0.0051682214 0.0051682214 0.0051682214 0.0051682214 0.0051682214 0.0051682214 0.0051682214 0.0051682214 0.0051682214 0.0051682214 0.0051682214 0.0051682214 0.0051682214 0.0051682214 0.0051682214 0.0051682214 0.0051682214 0.0051682214 0.0051682214 0.0051682214 0.0051682214 0.0051682214 0.0051682214 0.0051682214 0.0051682214 0.0051682214 0.0051682214 0.0051682214 0.0051682214 0.0051682214 0.0051682214 0.0051682214 0.0051682214 0.0051682214 0.0051682214 0.0051682214 0.0051682214 0.0051682214 0.0051682214 0.0051682214 0.0051682214 0.0051682214 0.0051682214 0.0051682214 0.0051682214 0.0051682214 0.0051682214 0.0051682214 0.0051682214 0.0051682214 0.0051682214 0.0051682214 0.0051682214 0.0051682214 0.0051682214,14 14 14 14 14 14 14 13 14 14 14 14 14 14 14 13 14 13 14 14 14 14 15 14 14 14 15 14 14 14 14 14 14 14 14 14 14 15 14 14 14 14 14 14 14 14 15 14 14 15 14 14 14 14 14 14 14 14 14 14 14 14 13 14 15 14 14 14 14 14 14 13 13 14 14 14 14 14 13 14 14 14 13 14 14 14 14 14 13 14 14 13 14 15 14 14 14 14 14 14 14 15 14 14 14 15 14 13 14 14 14 13 15 14 14 14 14 14 14 14 14 14 13 14 14 15 14 14
760,3x3x1x128,0.23847023 0.77378136 0.7093678 0.54629844 0.52985144 0.48945254 0.6839125 0.64778656 0.7475239 0.55434185 0.3048516 0.54728216 0.63989437 0.61791396 0.9080941 0.33548364 0.7436601 0.6401568 0.5856736 0.41784993 0.2654679 0.63199055 1.2082169 1.0673256 0.663071 0.6488047 1.0270644 1.1060113 0.6558553 0.24157122 0.5269496 0.38996488 1.0274655 1.1671554 1.266005 0.49681523 0.6040112 0.37430078 0.31253305 0.515922 1.0735412 0.42871827 0.53668535 0.48094052 0.5115218 0.3561707 0.50734645 0.76207626 0.4686549 0.7168879 0.38571495 0.27835342 0.31940573 0.55711454 0.46668983 0.46158406 0.7428176 0.42238805 0.65730435 0.60751367 0.7004544 0.47842377 0.7362874 0.56198376 0.37376827 0.9196458 0.62385154 0.5887189 0.74238634 0.28170004 0.43265966 0.5384057 0.8611683 0.46957815 0.701772 0.5612424 0.40133035 0.5721687 0.3590894 0.36308086 0.6932735 0.58277404 0.5865606 0.26997736 0.753177 0.57918435 0.35272998 0.5703408 0.62764597 0.6457065 0.7533445 0.9907531 0.56598634 0.6920936 0.54668397 0.73080903 0.45689964 0.67976075 0.69054264 0.557732 0.53330076 0.47536916 0.5333724 0.57763994 0.38745904 0.7251636 0.4114917 0.53086364 0.73727983 0.3971011 0.5339646 0.50377095 1.1096959 0.60328525 0.5016084 0.4670608 0.8173467 0.28610605 0.30750927 0.33415776 0.9713516 0.616403 0.6982167 0.5673874 0.8174059 0.55811906 0.7568979 0.35184646,0.23844112 0.7736869 0.7092812 0.5462318 0.52978677 0.4893928 0.683829 0.64770746 0.7474327 0.5542742 0.30481437 0.5472154 0.6398163 0.61783856 0.90798324 0.3354427 0.7435694 0.6400787 0.5856021 0.41779894 0.26543552 0.6319134 1.2080694 1.0671954 0.6629901 0.6487255 1.026939 1.1058762 0.65577525 0.24154173 0.5268853 0.38991728 1.02734 1.1670129 1.2658505 0.4967546 0.6039375 0.3742551 0.3124949 0.515859 1.0734102 0.42866597 0.53661984 0.4808818 0.51145935 0.35612726 0.5072845 0.7619832 0.4685977 0.7168004 0.3856679 0.27831945 0.31936675 0.5570466 0.46663287 0.46152773 0.7427269 0.42233652 0.6572241 0.6074395 0.70036894 0.4783654 0.7361976 0.5619152 0.37372267 0.91953355 0.62377536 0.588647 0.74229574 0.28166568 0.43260688 0.53834 0.86106324 0.46952084 0.7016863 0.5611739 0.40128136 0.5720989 0.35904557 0.36303654 0.69318885 0.58270293 0.586489 0.26994443 0.7530851 0.57911366 0.3526869 0.5702712 0.6275694 0.6456277 0.7532525 0.99063224 0.56591725 0.69200915 0.5466172 0.7307198 0.45684388 0.6796778 0.69045836 0.5576639 0.53323567 0.47531116 0.5333073 0.5775695 0.38741177 0.72507507 0.41144148 0.53079885 0.7371899 0.39705265 0.53389937 0.50370944 1.1095605 0.60321164 0.50154716 0.46700382 0.817247 0.28607115 0.30747172 0.33411697 0.97123307 0.61632776 0.6981315 0.5673182 0.81730616 0.558051 0.7568056 0.3518035,0.0018774892 0.0060920226 0.0055848914 0.0043010376 0.0041715493 0.0038534866 0.0053844806 0.005100059 0.005885297 0.004364364 0.002400113 0.0043087825 0.0050379233 0.0048648706 0.007149474 0.002641281 0.005854877 0.00503999 0.00461104 0.0032897554 0.0020900434 0.004975696 0.009512357 0.008403113 0.0052203946 0.0051080748 0.008086134 0.008707686 0.005163585 0.0019019034 0.004148703 0.0030702148 0.008089292 0.009189079 0.009967327 0.0039114533 0.0047554136 0.0029468904 0.0024605899 0.004061882 0.0084520485 0.0033753226 0.0042253532 0.003786471 0.004027239 0.0028041517 0.003994366 0.005999868 0.0036897457 0.0056440975 0.0030367551 0.0021914917 0.0025146988 0.0043861936 0.0036742745 0.0036340766 0.0058482434 0.0033254845 0.005174993 0.004782988 0.0055147163 0.0037666566 0.0057968316 0.004424529 0.0029426983 0.0072404216 0.004911617 0.004635016 0.005844848 0.00221784 0.0034063533 0.0042388975 0.0067800255 0.0036970144 0.0055250893 0.004418692 0.0031596958 0.004504716 0.0028271305 0.0028585554 0.00545818 0.004588212 0.004618024 0.0021255468 0.005929804 0.00455995 0.0027770624 0.0044903243 0.004941491 0.0050836825 0.005931122 0.007800254 0.0044560414 0.005448891 0.0043040724 0.005753699 0.003597196 0.0053517935 0.00543668 0.0043910546 0.0041987062 0.0037426075 0.00419927 0.004547791 0.0030504863 0.0057092523 0.0032396966 0.0041795187 0.005804645 0.003126399 0.004203932 0.003966216 0.008736697 0.004749698 0.00394919 0.0036771954 0.0064350157 0.0022525287 0.0024210373 0.0026308422 0.0076475046 0.0048529743 0.0054970984 0.0044670724 0.0064354814 0.0043941024 0.005959099 0.0027701063,
761,128,,,0.0051682214 0.0051682214 0.0051682214 0.0051682214 0.0051682214 0.0051682214 0.0051682214 0.0051682214 0.0051682214 0.0051682214 0.0051682214 0.0051682214 0.0051682214 0.0051682214 0.0051682214 0.0051682214 0.0051682214 0.0051682214 0.0051682214 0.0051682214 0.0051682214 0.0051682214 0.0051682214 0.0051682214 0.0051682214 0.0051682214 0.0051682214 0.0051682214 0.0051682214 0.0051682214 0.0051682214 0.0051682214 0.0051682214 0.0051682214 0.0051682214 0.0051682214 0.0051682214 0.0051682214 0.0051682214 0.0051682214 0.0051682214 0.0051682214 0.0051682214 0.0051682214 0.0051682214 0.0051682214 0.0051682214 0.0051682214 0.0051682214 0.0051682214 0.0051682214 0.0051682214 0.0051682214 0.0051682214 0.0051682214 0.0051682214 0.0051682214 0.0051682214 0.0051682214 0.0051682214 0.0051682214 0.0051682214 0.0051682214 0.0051682214 0.0051682214 0.0051682214 0.0051682214 0.0051682214 0.0051682214 0.0051682214 0.0051682214 0.0051682214 0.0051682214 0.0051682214 0.0051682214 0.0051682214 0.0051682214 0.0051682214 0.0051682214 0.0051682214 0.0051682214 0.0051682214 0.0051682214 0.0051682214 0.0051682214 0.0051682214 0.0051682214 0.0051682214 0.0051682214 0.0051682214 0.0051682214 0.0051682214 0.0051682214 0.0051682214 0.0051682214 0.0051682214 0.0051682214 0.0051682214 0.0051682214 0.0051682214 0.0051682214 0.0051682214 0.0051682214 0.0051682214 0.0051682214 0.0051682214 0.0051682214 0.0051682214 0.0051682214 0.0051682214 0.0051682214 0.0051682214 0.0051682214 0.0051682214 0.0051682214 0.0051682214 0.0051682214 0.0051682214 0.0051682214 0.0051682214 0.0051682214 0.0051682214 0.0051682214 0.0051682214 0.0051682214 0.0051682214 0.0051682214 0.0051682214,16 15 15 15 15 16 15 15 15 15 16 15 15 15 15 16 15 15 15 16 16 15 14 14 15 15 14 14 15 16 15 16 14 14 14 15 15 16 16 15 14 16 15 16 15 16 15 15 16 15 16 16 16 15 16 16 15 16 15 15 15 16 15 15 16 15 15 15 15 16 16 15 15 16 15 15 16 15 16 16 15 15 15 16 15 15 16 15 15 15 15 14 15 15 15 15 16 15 15 15 15 16 15 15 16 15 16 15 15 16 15 15 14 15 15 16 15 16 16 16 15 15 15 15 15 15 15 16
766,1x1x128x128,0.43269998 0.61164254 0.68462086 0.65669197 0.24715716 0.5330779 0.4810334 0.63739264 0.46309933 0.34177914 0.5060043 0.3130872 0.4755008 0.5251623 0.3689544 0.47916925 0.42943004 0.45247453 0.34222615 0.71074617 0.3500752 0.53077084 0.49800733 0.40771943 0.56269634 0.35296667 0.5365855 0.40653607 0.50128895 0.44690233 0.43170583 0.4181921 0.46526352 0.39522055 0.49540415 0.34874302 0.41782126 0.47052038 0.4678066 0.5830626 0.4666483 0.3396393 0.38806397 0.4040276 0.39964843 0.6983637 0.52911836 0.42804265 0.6040559 0.50380886 0.6245068 0.64071786 0.36916736 0.479558 0.4230528 0.46597078 0.4878604 0.46131444 0.47968057 0.33485678 0.33090466 0.4762922 0.4830159 0.45821756 0.47950473 0.48069963 0.39357913 0.4181535 0.4565671 0.35461268 0.39701018 0.3796955 0.48898476 0.4108847 0.46269748 0.45261762 0.5282335 0.5215931 0.31071475 0.77222776 0.47050035 0.53393364 0.4570861 0.67659855 0.5573913 0.42567283 0.44844767 0.8224975 0.4658939 0.53856194 0.5117564 0.4114881 0.47417855 0.5739096 0.3296956 0.7293586 0.6571123 0.42816952 0.38295394 0.4891603 0.5620164 0.3724553 0.79411954 0.55888414 0.58003724 0.46125716 0.4340318 0.3658167 0.40985304 0.779588 0.60746163 0.52939045 0.5244581 0.3380563 0.36360684 0.40889633 0.5330165 0.49616668 0.45167172 0.5944696 0.57241005 0.3972956 0.56207395 0.57302463 0.42260015 0.3923595 0.57955104 0.48854375,0.43264717 0.61156785 0.6845373 0.65661186 0.247127 0.5330128 0.4809747 0.63731486 0.4630428 0.34173745 0.5059425 0.313049 0.47544277 0.52509815 0.36890936 0.47911078 0.42937765 0.4524193 0.34218436 0.7106594 0.35003248 0.53070605 0.49794653 0.4076697 0.5626277 0.35292357 0.53652006 0.40648645 0.50122774 0.4468478 0.43165314 0.41814104 0.4652067 0.3951723 0.49534371 0.34870046 0.41777027 0.47046295 0.46774954 0.5829914 0.46659136 0.33959785 0.3880166 0.4039783 0.39959967 0.6982785 0.52905375 0.4279904 0.60398215 0.5037474 0.6244306 0.64063966 0.36912233 0.47949946 0.42300114 0.46591392 0.48780087 0.46125814 0.479622 0.33481592 0.33086428 0.47623405 0.48295695 0.45816162 0.47944623 0.48064095 0.3935311 0.41810244 0.4565114 0.3545694 0.39696172 0.37964916 0.48892507 0.41083458 0.46264103 0.45256236 0.5281691 0.52152944 0.3106768 0.7721335 0.47044295 0.5338685 0.4570303 0.67651594 0.5573232 0.42562088 0.44839293 0.8223971 0.46583703 0.53849626 0.51169395 0.41143787 0.47412068 0.57383955 0.32965538 0.72926956 0.6570321 0.42811725 0.3829072 0.4891006 0.5619479 0.37240985 0.7940226 0.5588159 0.5799665 0.46120086 0.43397883 0.36577207 0.409803 0.77949286 0.6073875 0.52932584 0.5243941 0.33801502 0.36356246 0.4088464 0.5329514 0.49610612 0.45161662 0.59439707 0.5723402 0.3972471 0.56200534 0.57295465 0.4225486 0.39231163 0.57948035 0.48848414,0.0034066706 0.004815495 0.0053900573 0.005170172 0.0019458819 0.004196951 0.0037872023 0.0050182273 0.0036460063 0.002690846 0.0039837994 0.0024649526 0.0037436439 0.0041346313 0.0029047981 0.0037725258 0.0033809263 0.0035623568 0.002694365 0.005595743 0.0027561611 0.0041787876 0.0039208387 0.0032099977 0.004430139 0.0027789257 0.004224567 0.0032006807 0.003946675 0.0035184866 0.0033988436 0.003292449 0.003663045 0.003111593 0.0039003443 0.0027456728 0.0032895296 0.0037044326 0.0036830672 0.004590484 0.0036739476 0.002673999 0.0030552489 0.0031809313 0.003146454 0.0054982556 0.0041657775 0.0033700033 0.0047557647 0.003966515 0.0049167764 0.0050444067 0.002906475 0.0037755864 0.0033307176 0.0036686135 0.0038409517 0.0036319538 0.0037765512 0.0026363458 0.0026052305 0.0037498744 0.0038028106 0.0036075718 0.0037751673 0.0037845743 0.0030986702 0.0032921452 0.003594578 0.002791885 0.003125683 0.0029893634 0.0038498037 0.003234918 0.0036428429 0.0035634832 0.0041588116 0.004106531 0.002446274 0.0060797916 0.0037042752 0.004203689 0.0035986637 0.0053268974 0.004388372 0.0033513454 0.003530653 0.006475568 0.0036680081 0.004240128 0.0040290863 0.0032396682 0.0037332338 0.004518422 0.0025957117 0.00574228 0.005173481 0.003371002 0.0030150174 0.0038511858 0.0044247867 0.002932361 0.006252147 0.0044001252 0.0045666653 0.0036315029 0.0034171562 0.002880095 0.0032267952 0.006137739 0.0047825784 0.00416792 0.0041290876 0.0026615355 0.0028626965 0.0032192632 0.004196468 0.0039063473 0.0035560364 0.0046802917 0.0045066155 0.00312793 0.004425239 0.004511454 0.0033271543 0.003089068 0.0045628375 0.0038463317,
767,128,,,0.004594058 0.004594058 0.004594058 0.004594058 0.004594058 0.004594058 0.004594058 0.004594058 0.004594058 0.004594058 0.004594058 0.004594058 0.004594058 0.004594058 0.004594058 0.004594058 0.004594058 0.004594058 0.004594058 0.004594058 0.004594058 0.004594058 0.004594058 0.004594058 0.004594058 0.004594058 0.004594058 0.004594058 0.004594058 0.004594058 0.004594058 0.004594058 0.004594058 0.004594058 0.004594058 0.004594058 0.004594058 0.004594058 0.004594058 0.004594058 0.004594058 0.004594058 0.004594058 0.004594058 0.004594058 0.004594058 0.004594058 0.004594058 0.004594058 0.004594058 0.004594058 0.004594058 0.004594058 0.004594058 0.004594058 0.004594058 0.004594058 0.004594058 0.004594058 0.004594058 0.004594058 0.004594058 0.004594058 0.004594058 0.004594058 0.004594058 0.004594058 0.004594058 0.004594058 0.004594058 0.004594058 0.004594058 0.004594058 0.004594058 0.004594058 0.004594058 0.004594058 0.004594058 0.004594058 0.004594058 0.004594058 0.004594058 0.004594058 0.004594058 0.004594058 0.004594058 0.004594058 0.004594058 0.004594058 0.004594058 0.004594058 0.004594058 0.004594058 0.004594058 0.004594058 0.004594058 0.004594058 0.004594058 0.004594058 0.004594058 0.004594058 0.004594058 0.004594058 0.004594058 0.004594058 0.004594058 0.004594058 0.004594058 0.004594058 0.004594058 0.004594058 0.004594058 0.004594058 0.004594058 0.004594058 0.004594058 0.004594058 0.004594058 0.004594058 0.004594058 0.004594058 0.004594058 0.004594058 0.004594058 0.004594058 0.004594058 0.004594058 0.004594058,15 14 14 14 16 14 15 14 15 15 14 15 15 14 15 15 15 15 15 14 15 14 14 15 14 15 14 15 14 15 15 15 15 15 14 15 15 15 15 14 15 15 15 15 15 14 14 15 14 14 14 14 15 15 15 15 15 15 15 15 15 15 15 15 15 15 15 15 15 15 15 15 15 15 15 15 14 14 15 14 15 14 15 14 14 15 15 14 15 14 14 15 15 14 15 14 14 15 15 15 14 15 14 14 14 15 15 15 15 14 14 14 14 15 15 15 14 14 15 14 14 15 14 14 15 15 14 15
772,1x1x128x13,0.08022628 0.10805989 0.11982777 0.10018052 0.08380781 0.09460356 0.11020881 0.10560398 0.10273876 0.09516638 0.087798655 0.1016643 0.099464215,0.08021649 0.1080467 0.119813144 0.100168295 0.08379758 0.09459202 0.11019536 0.10559109 0.10272622 0.09515476 0.08778794 0.101651885 0.09945208,2.4480878e-06 3.2974244e-06 3.6565186e-06 3.056987e-06 2.5573772e-06 2.8868074e-06 3.362998e-06 3.2224827e-06 3.1350512e-06 2.9039816e-06 2.6791572e-06 3.102264e-06 3.035129e-06,
773,13,,,1.62774e-05 1.62774e-05 1.62774e-05 1.62774e-05 1.62774e-05 1.62774e-05 1.62774e-05 1.62774e-05 1.62774e-05 1.62774e-05 1.62774e-05 1.62774e-05 1.62774e-05,31 31 31 31 31 31 31 31 31 31 31 31 31
780,3x3x256x32,0.032391 0.033757865 0.030563891 0.039469495 0.040579617 0.030916685 0.0616016 0.03756083 0.03658442 0.03066286 0.040415406 0.044044048 0.04324958 0.021997884 0.04232585 0.041550845 0.05301277 0.03381311 0.115311615 0.037609894 0.05119134 0.0330616 0.043225646 0.03601803 0.030100865 0.050520446 0.035197634 0.020701379 0.029859759 0.032590695 0.03641222 0.036305036,0.032387048 0.033753745 0.030560162 0.03946468 0.040574662 0.030912913 0.061594084 0.037556246 0.036579955 0.030659119 0.040410474 0.044038672 0.043244302 0.021995198 0.042320687 0.041545775 0.053006303 0.033808988 0.11529754 0.037605304 0.051185094 0.033057567 0.04322037 0.036013633 0.030097192 0.05051428 0.03519334 0.020698851 0.029856114 0.03258672 0.036407776 0.036300603,0.00025501612 0.00026577752 0.0002406312 0.0003107455 0.00031948552 0.00024340877 0.00048499278 0.00029571846 0.00028803115 0.00024141038 0.0003181927 0.0003467612 0.00034050632 0.00017319054 0.00033323377 0.0003271321 0.00041737247 0.0002662125 0.00090785464 0.00029610476 0.00040303223 0.0002602958 0.00034031787 0.00028357192 0.00023698577 0.00039775023 0.0002771129 0.00016298308 0.00023508751 0.00025658833 0.0002866754 0.0002858315,
781,32,,,0.0041347113 0.0041347113 0.0041347113 0.0041347113 0.0041347113 0.0041347113 0.0041347113 0.0041347113 0.0041347113 0.0041347113 0.0041347113 0.0041347113 0.0041347113 0.0041347113 0.0041347113 0.0041347113 0.0041347113 0.0041347113 0.0041347113 0.0041347113 0.0041347113 0.0041347113 0.0041347113 0.0041347113 0.0041347113 0.0041347113 0.0041347113 0.0041347113 0.0041347113 0.0041347113 0.0041347113 0.0041347113,14 14 15 14 14 15 14 14 14 15 14 14 14 15 14 14 14 14 13 14 14 14 14 14 15 14 14 15 15 14 14 14
786,3x3x32x32,0.22584508 0.107667826 0.14738043 0.09909008 0.1036749 0.21370198 0.14277321 0.081129186 0.08817512 0.080221206 0.114648335 0.13421702 0.109274805 0.09289318 0.117721975 0.08778084 0.12575771 0.17271616 0.092490256 0.13152236 0.16948356 0.08685466 0.10605608 0.08158866 0.06880654 0.11578345 0.09216796 0.1285056 0.10507966 0.059036203 0.16333705 0.09590109,0.22581753 0.10765469 0.14736244 0.099077985 0.10366225 0.2136759 0.14275578 0.081119284 0.08816435 0.080211416 0.11463434 0.13420065 0.10926147 0.09288185 0.1177076 0.08777013 0.12574236 0.17269509 0.09247897 0.13150631 0.16946287 0.086844064 0.10604314 0.0815787 0.06879814 0.11576933 0.092156716 0.12848991 0.105066836 0.059028998 0.16331713 0.09588938,0.0017780908 0.00084767473 0.0011603342 0.0007801416 0.00081623823 0.0016824874 0.0011240612 0.0006387345 0.0006942075 0.00063158595 0.0009026326 0.001056698 0.0008603265 0.0007313532 0.0009268315 0.00069110334 0.0009900973 0.0013598038 0.00072818086 0.0010354827 0.0013343534 0.00068381155 0.00083498535 0.000642352 0.0005417176 0.0009115695 0.0007256434 0.0010117316 0.0008272979 0.00046479527 0.0012859616 0.0007550345,
787,32,,,0.0041347113 0.0041347113 0.0041347113 0.0041347113 0.0041347113 0.0041347113 0.0041347113 0.0041347113 0.0041347113 0.0041347113 0.0041347113 0.0041347113 0.0041347113 0.0041347113 0.0041347113 0.0041347113 0.0041347113 0.0041347113 0.0041347113 0.0041347113 0.0041347113 0.0041347113 0.0041347113 0.0041347113 0.0041347113 0.0041347113 0.0041347113 0.0041347113 0.0041347113 0.0041347113 0.0041347113 0.0041347113,14 15 14 15 15 14 14 15 15 15 15 14 15 15 15 15 14 14 15 14 14 15 15 15 15 15 15 14 15 16 14 15
792,1x1x32x4,0.16918218 0.11984594 0.17360188 0.12375172,0.16916154 0.119831316 0.17358069 0.12373662,5.162558e-06 3.6570732e-06 5.297424e-06 3.7762572e-06,
793,4,,,1.5260186e-05 1.5260186e-05 1.5260186e-05 1.5260186e-05,31 32 31 32
800,3x3x1x512,0.519768 0.5912782 0.9449592 0.24193792 0.49529502 0.31367508 0.38491213 0.33016142 0.23529202 0.5053001 0.33981785 0.54474676 0.31566048 0.30173907 0.66979885 0.29156423 1.050442 0.2177632 0.46711436 0.3838767 0.821082 0.3142354 0.49501815 0.34742957 0.2999686 0.2745634 0.5897001 0.4289679 0.68099046 0.36177915 0.6421432 0.5297689 0.48626703 0.35335398 0.5594216 0.48808137 0.4403332 0.32316995 0.4986632 0.60438764 0.4966334 0.44772297 0.40658787 0.40476158 0.5125007 0.39966455 0.40988526 0.38096213 0.59806085 0.38510478 0.5471848 0.28458047 1.3658468 0.41974327 0.39994135 0.5718009 0.4711821 1.0932754 0.22336023 0.5501495 0.90158826 0.5516365 0.39597073 0.29830292 0.6485685 0.31463507 0.25182846 0.2399081 0.40232038 0.46772075 0.54710203 0.48795968 0.37847012 0.2911492 0.4515479 0.4339146 0.25846314 0.34984615 1.0840731 0.36361215 0.41490623 0.3942319 0.39326894 0.8278825 0.62620366 0.7309408 0.49792972 0.34773552 0.6131322 0.44869062 0.5063773 0.32396418 0.5001564 0.3703864 0.36831236 0.38553202 0.7445715 0.34530947 0.23475271 0.53574663 0.29606417 0.4721665 0.45314232 0.38642204 0.48621416 0.25811565 0.47134152 0.339238 0.30641198 0.40261903 0.3159633 0.22414666 0.18421216 0.5012731 0.5128514 0.30104297 0.28523532 0.3663524 0.49852312 0.43302608 0.334747 0.558455 0.4825754 0.57404023 0.3765804 0.6814857 0.2655935 0.56016237 0.57180387 0.28254324 0.33374587 0.49027938 0.50119126 0.3611681 0.2638379 0.41188297 0.38943544 0.41353902 0.37708935 0.31763768 0.5005838 1.2623894 0.5790857 0.5774623 0.37724733 0.2742011 0.33010486 0.6570151 0.2627146 0.38593334 0.39738032 0.3092776 0.5149634 0.3447327 0.54451 0.70863384 0.4491405 0.50919 0.3861388 0.38911867 0.5471124 0.56090385 0.30656412 0.3835158 0.54850894 0.4260213 0.6176736 0.40486816 0.74441034 0.28928506 0.2931936 0.5425579 0.4066022 0.23166965 0.51248926 0.3312855 0.22371987 0.29311976 0.41864938 0.31078005 0.36377102 0.7083132 0.6148391 0.8133124 1.0462852 0.82602286 0.59197545 0.3620311 0.3406105 0.73446476 0.7118313 0.4250487 1.0121056 0.21150798 0.87151676 0.44304994 0.32044506 0.44930437 0.28135058 0.6534611 0.5116004 0.3864395 0.8382472 0.26240772 0.75052077 0.16419317 1.7621169 1.4742653 0.29313296 0.39335304 0.53018486 0.36334857 0.21127458 0.41100043 0.22812663 0.33971083 0.25624844 0.4368436 0.5014587 0.40348962 0.4181624 0.4122083 0.24004665 0.6194729 0.29434744 0.24924275 0.5346637 0.50942045 0.37485933 0.24168105 0.52286464 0.24619594 0.3377857 0.31777275 0.2193783 0.49905646 0.37952864 0.24726616 0.31023586 0.6508994 0.38357693 0.567877 0.36532816 0.7194063 0.44679487 0.2874229 0.3603415 0.52046186 0.37943777 0.37109804 0.40293768 0.47889566 0.5842699 0.59807944 0.39007643 0.36476326 0.4995056 0.30872694 0.65902555 0.36060485 0.37151048 0.23387483 0.44211668 0.289395 0.31469864 0.39519912 0.36941057 0.2986301 0.45168206 0.46319935 0.5772951 0.3936141 0.33943778 0.19854201 0.62044626 0.50309193 0.24404405 0.5003044 0.61669534 0.57697624 0.54927903 0.39339608 0.33245233 0.87997574 0.18777595 0.38578826 0.30050424 0.48716897 0.3299604 0.405683 0.37608904 0.35012203 0.73409265 0.5114386 0.34211516 0.5354656 0.41041693 0.32034305 0.42201233 0.37548605 0.44072816 0.276047 0.34417036 0.7861946 0.309758 0.3212321 0.442973 0.462887 0.55010563 0.45644695 0.4843987 0.29475263 0.7019268 0.5767787 0.40168992 0.91808397 0.30644718 0.48156798 0.3688784 0.5167397 0.30694944 0.34763768 0.9214703 0.52594477 0.52495307 0.35501063 0.4843462 0.3755241 0.25387576 0.7007501 0.30292213 0.21194327 0.42495307 0.82406825 0.51706636 0.3612319 0.31616515 0.445799 0.5111658 0.2476444 0.43189496 0.5580813 0.39787304 0.47289944 0.23171563 0.39865655 0.42575914 0.8827138 0.29657075 0.38991642 0.43185616 0.6370802 0.51435137 1.2523904 0.6350505 0.41215822 0.49905828 0.4396722 0.32974848 0.5815507 0.41050667 0.4061307 0.2365096 0.2730061 0.39837602 0.7496518 0.21631968 0.27029455 0.466437 0.7020653 0.4516592 0.734476 0.5783787 0.49335387 0.33336473 0.6149464 0.269672 0.48994723 0.4319498 0.30808866 0.37741122 0.66880083 0.5690479 0.20680967 0.40137443 0.2601103 0.29919773 0.28038216 0.5543945 0.41131732 0.96235555 0.27601245 0.5576655 0.30295345 0.42359444 0.43213695 0.29371163 0.3663658 0.3290408 0.7716352 0.4905679 0.5313314 0.30423868 0.4135365 0.6021117 0.28689992 0.6437207 0.50332373 0.28163892 0.6568907 0.37568206 0.3037228 0.29807407 0.72181934 0.37906393 0.47926968 0.71149355 0.27072573 0.31383392 0.41492668 0.4041803 0.2715917 0.60074586 0.3740577 0.21361761 0.48366225 0.4628994 0.5746792 0.27896 0.45364752 0.38987333 0.3050714 0.42506257 0.5591384 0.7169531 0.4915057 0.4266767 0.3567327 0.6789465 0.46947694 0.2806007 0.49512297 0.36995754 0.60650426 0.5703869 0.7209716 0.34842393 0.365774 0.44518882 0.4720387 0.50978714 0.254282 0.36821437 0.42759547 0.40407622 0.385734 0.33927473 0.3884573 0.41218218 0.32303473 0.46070433 0.29188642 0.68026996 0.6713312 0.2804433 0.3062276 1.1412861 1.4920781 0.69029623 0.34195685 0.8005085 0.43308216 0.39233294 0.58727187 0.45793566 0.2665804 0.3690298 0.6424628 0.37988612 0.56612396 0.7876942 0.38625574 0.32206377 0.8139016 0.375682 0.56690836 0.29810232 0.30935308 0.79640555 0.31702635 0.5810856 0.38706237 0.38503966 0.46151218 0.5984099 0.27401015 0.29805127 0.25633836 0.592591 0.3156001 0.4112708 0.35604012 0.4336108 0.40343466 0.39103895 0.418173 0.7640077 0.5601577 0.64886254 0.6005336 0.39161515 0.45897833,0.5197046 0.5912061 0.9448439 0.24190839 0.49523458 0.31363678 0.38486516 0.33012113 0.2352633 0.5052385 0.3397764 0.54468024 0.31562197 0.30170226 0.6697171 0.29152864 1.0503137 0.21773662 0.46705735 0.38382986 0.8209818 0.31419703 0.49495775 0.3473872 0.29993197 0.27452987 0.5896281 0.42891556 0.6809073 0.361735 0.6420648 0.5297043 0.48620766 0.35331085 0.5593533 0.48802182 0.44027945 0.3231305 0.49860233 0.60431385 0.49657282 0.4476683 0.40653825 0.40471217 0.5124381 0.3996158 0.40983522 0.38091564 0.5979879 0.38505778 0.547118 0.28454572 1.36568 0.41969204 0.39989254 0.5717311 0.4711246 1.093142 0.22333296 0.5500823 0.90147823 0.55156916 0.39592242 0.29826653 0.64848936 0.31459665 0.25179774 0.23987882 0.4022713 0.46766365 0.5470353 0.48790014 0.37842393 0.29111364 0.4514928 0.43386164 0.25843158 0.34980348 1.0839407 0.36356777 0.4148556 0.39418375 0.39322093 0.8277815 0.62612724 0.73085165 0.49786896 0.3476931 0.6130573 0.44863585 0.50631547 0.32392466 0.50009537 0.3703412 0.36826742 0.38548496 0.74448067 0.34526733 0.23472407 0.53568125 0.29602802 0.4721089 0.45308703 0.38637486 0.48615482 0.25808415 0.471284 0.3391966 0.30637458 0.40256992 0.31592473 0.2241193 0.18418969 0.5012119 0.51278883 0.30100623 0.2852005 0.3663077 0.49846226 0.43297324 0.33470613 0.5583868 0.4825165 0.57397014 0.37653443 0.6814025 0.2655611 0.560094 0.5717341 0.28250876 0.33370516 0.49021956 0.5011301 0.361124 0.2638057 0.41183272 0.38938794 0.41348854 0.37704334 0.31759894 0.50052273 1.2622353 0.5790151 0.5773918 0.3772013 0.27416763 0.33006456 0.6569349 0.26268253 0.38588622 0.3973318 0.30923983 0.5149005 0.34469065 0.54444355 0.70854735 0.44908568 0.5091279 0.38609168 0.38907117 0.54704565 0.56083536 0.3065267 0.383469 0.548442 0.42596933 0.61759824 0.40481874 0.7443195 0.28924978 0.29315785 0.5424917 0.40655258 0.23164137 0.5124267 0.3312451 0.22369255 0.29308397 0.41859826 0.31074214 0.36372665 0.70822674 0.61476403 0.8132131 1.0461575 0.825922 0.5919032 0.36198694 0.34056893 0.7343751 0.71174437 0.42499685 1.0119821 0.21148215 0.87141037 0.44299585 0.32040596 0.44924954 0.28131625 0.65338135 0.51153797 0.38639233 0.83814484 0.2623757 0.7504292 0.16417314 1.7619019 1.4740853 0.29309717 0.39330503 0.5301202 0.36330423 0.21124879 0.41095027 0.22809878 0.33966938 0.25621715 0.4367903 0.50139755 0.40344036 0.41811135 0.41215798 0.24001735 0.6193973 0.2943115 0.24921232 0.53459847 0.5093583 0.3748136 0.24165155 0.52280086 0.24616589 0.33774447 0.31773394 0.21935153 0.49899557 0.37948233 0.24723598 0.31019798 0.65082 0.38353014 0.56780773 0.36528358 0.7193185 0.44674036 0.28738782 0.36029753 0.5203984 0.37939146 0.37105277 0.4028885 0.47883722 0.58419853 0.5980065 0.3900288 0.36471877 0.49944463 0.30868927 0.6589451 0.36056086 0.37146512 0.23384628 0.4420627 0.2893597 0.31466025 0.39515087 0.3693655 0.29859364 0.45162696 0.4631428 0.5772247 0.39356607 0.33939636 0.19851778 0.6203705 0.50303054 0.24401428 0.5002433 0.6166201 0.5769058 0.54921204 0.39334807 0.33241174 0.8798683 0.18775304 0.38574117 0.30046758 0.4871095 0.32992014 0.40563348 0.37604314 0.35007933 0.73400307 0.5113762 0.3420734 0.5354002 0.41036686 0.32030395 0.42196083 0.37544024 0.44067436 0.27601328 0.34412834 0.7860987 0.3097202 0.3211929 0.44291893 0.4628305 0.55003846 0.45639125 0.4843396 0.29471666 0.7018412 0.5767083 0.4016409 0.9179719 0.30640978 0.4815092 0.3688334 0.51667666 0.30691198 0.34759527 0.92135787 0.5258806 0.524889 0.3549673 0.48428708 0.37547827 0.2538448 0.7006646 0.30288514 0.2119174 0.42490122 0.82396764 0.5170033 0.36118782 0.31612659 0.4457446 0.51110345 0.24761418 0.43184227 0.55801326 0.39782447 0.47284174 0.23168735 0.39860788 0.42570716 0.882606 0.29653454 0.38986886 0.43180344 0.6370024 0.5142886 1.2522376 0.63497293 0.4121079 0.4989974 0.43961853 0.32970822 0.5814798 0.41045657 0.40608114 0.23648074 0.2729728 0.39832738 0.7495603 0.21629329 0.27026156 0.4663801 0.7019796 0.4516041 0.7343863 0.5783081 0.49329364 0.33332404 0.6148714 0.26963907 0.48988742 0.43189707 0.30805108 0.37736514 0.6687192 0.5689785 0.20678443 0.40132546 0.26007855 0.29916123 0.28034794 0.55432683 0.4112671 0.9622381 0.27597874 0.55759746 0.3029165 0.42354277 0.43208423 0.2936758 0.36632106 0.32900062 0.771541 0.49050802 0.53126657 0.30420154 0.413486 0.6020382 0.2868649 0.6436421 0.50326234 0.28160453 0.6568105 0.3756362 0.30368575 0.2980377 0.72173125 0.37901765 0.4792112 0.7114067 0.2706927 0.31379563 0.41487604 0.40413097 0.27155855 0.60067254 0.37401205 0.21359155 0.48360324 0.4628429 0.5746091 0.27892593 0.45359218 0.38982576 0.30503416 0.4250107 0.55907017 0.7168656 0.49144575 0.42662463 0.35668916 0.67886364 0.46941966 0.28056645 0.49506256 0.3699124 0.60643023 0.57031727 0.7208836 0.3483814 0.36572936 0.4451345 0.47198108 0.5097249 0.25425094 0.36816943 0.42754328 0.40402693 0.38568693 0.3392333 0.3884099 0.41213188 0.3229953 0.46064812 0.29185078 0.6801869 0.67124933 0.28040907 0.30619022 1.1411468 1.491896 0.69021195 0.3419151 0.8004108 0.4330293 0.39228508 0.58720016 0.45787978 0.2665479 0.36898476 0.64238435 0.37983978 0.5660549 0.7875981 0.38620862 0.32202446 0.81380224 0.37563613 0.5668392 0.29806596 0.30931532 0.7963084 0.31698766 0.5810147 0.38701513 0.3849927 0.46145585 0.5983369 0.2739767 0.2980149 0.2563071 0.5925186 0.31556156 0.4112206 0.35599667 0.4335579 0.40338543 0.3909912 0.41812193 0.7639144 0.56008935 0.6487834 0.60046035 0.39156738 0.45892233,0.004092162 0.004655166 0.007439716 0.0019047904 0.0038994849 0.0024695809 0.0030304345 0.002599379 0.001852467 0.0039782557 0.0026754048 0.0042888205 0.0024852124 0.0023756083 0.0052733626 0.002295501 0.008270186 0.0017144616 0.0036776168 0.0030222824 0.0064644236 0.0024739923 0.003897305 0.0027353324 0.002361669 0.0021616525 0.004642741 0.0033772879 0.005361475 0.002848307 0.0050556283 0.0041708997 0.0038284068 0.0027819753 0.0044043567 0.0038426914 0.0034667673 0.0025443346 0.0039260024 0.0047583766 0.0039100223 0.0035249474 0.0032010886 0.00318671 0.0040349457 0.0031465811 0.003227049 0.0029993358 0.0047085662 0.003031951 0.004308016 0.0022405174 0.010753386 0.0033046617 0.0031487602 0.0045018196 0.0037096424 0.008607417 0.0017585272 0.004331357 0.007098254 0.0043430645 0.0031174994 0.0023485553 0.0051062154 0.002477139 0.0019826593 0.0018888096 0.0031674905 0.003682391 0.0043073646 0.0038417333 0.002979716 0.0022922335 0.0035550613 0.0034162335 0.0020348944 0.002754358 0.008534966 0.0028627384 0.0032665795 0.0031038092 0.0030962278 0.0065179644 0.004930136 0.005754737 0.003920228 0.0027377408 0.004827223 0.0035325657 0.003986736 0.002550588 0.003937759 0.0029160725 0.0028997434 0.0030353146 0.0058620526 0.0027186403 0.001848221 0.0042179627 0.0023309293 0.003717393 0.0035676144 0.0030423217 0.0038279907 0.0020321587 0.0037108976 0.0026708392 0.0024123983 0.0031698418 0.0024875964 0.0017647189 0.0014503126 0.00394655 0.004037707 0.0023701277 0.0022456732 0.0028843125 0.0039248997 0.003409238 0.0026354813 0.0043967464 0.0037993426 0.00451945 0.002964838 0.005365374 0.0020910322 0.004410189 0.004501843 0.0022244784 0.0026275998 0.0038599966 0.003945906 0.0028434962 0.0020772102 0.0032427774 0.0030660466 0.0032558152 0.0029688452 0.002500779 0.003941124 0.00993886 0.0045591737 0.0045463922 0.002970089 0.0021588001 0.0025989336 0.005172716 0.0020683664 0.0030384741 0.0031285968 0.0024349594 0.0040543345 0.0027140996 0.004286957 0.005579113 0.0035361077 0.0040088813 0.003040092 0.0030635525 0.004307446 0.0044160266 0.002413596 0.003019441 0.004318441 0.0033540893 0.004862978 0.003187549 0.0058607836 0.0022775573 0.0023083296 0.004271588 0.0032012013 0.0018239478 0.004034856 0.0026082292 0.0017613587 0.0023077477 0.0032960493 0.0024467886 0.0028639894 0.0055765887 0.004840662 0.006403253 0.008237461 0.006503323 0.0046606553 0.0028502909 0.002681645 0.0057824813 0.005604286 0.003346432 0.007968362 0.0016652138 0.006861499 0.0034881562 0.0025228816 0.0035373978 0.0022150886 0.005144735 0.004027858 0.0030424593 0.0065995655 0.0020659505 0.0059088916 0.0012927019 0.013873243 0.011606971 0.0023078518 0.00309689 0.0041741747 0.0028606632 0.0016633762 0.0032358288 0.0017960534 0.002674562 0.002017458 0.0034392937 0.0039480124 0.0031766957 0.0032922153 0.0032453383 0.0018899004 0.004877144 0.0023174132 0.0019623018 0.004209437 0.004010695 0.0029512881 0.0019027682 0.004116542 0.0019383141 0.0026594053 0.002501842 0.0017271774 0.003929099 0.0029880498 0.0019467401 0.0024425038 0.005124567 0.0030199224 0.004470927 0.0028762487 0.0056639253 0.0035176405 0.0022628962 0.0028369885 0.004097625 0.0029873343 0.0029216753 0.0031723503 0.003770372 0.0045999885 0.0047087125 0.003071093 0.0028718014 0.003932635 0.002430624 0.005188544 0.002839062 0.0029249222 0.0018413092 0.0034808088 0.0022784227 0.0024776398 0.0031114242 0.0029083898 0.002351131 0.0035561179 0.0036467938 0.0045450763 0.0030989454 0.0026724122 0.0015631322 0.004884807 0.00396087 0.0019213723 0.0039389236 0.0048552766 0.0045425654 0.004324504 0.003097229 0.0026174153 0.006928097 0.0014783704 0.003037332 0.0023658865 0.003835508 0.0025977965 0.0031939645 0.0029609697 0.0027565302 0.005779552 0.0040265843 0.0026934915 0.00421575 0.003231235 0.0025220783 0.003322526 0.0029562223 0.003469877 0.002173333 0.002709672 0.0061897538 0.0024387417 0.002529078 0.0034875507 0.0036443349 0.0043310113 0.0035936318 0.0038136975 0.0023206037 0.0055263084 0.0045410106 0.0031625268 0.0072281254 0.0024126754 0.0037914112 0.0029042 0.00406832 0.0024166298 0.0027369705 0.0072547863 0.004140792 0.004132984 0.002795018 0.0038132842 0.0029565217 0.001998778 0.005517044 0.0023849225 0.001668641 0.0033456788 0.006487934 0.004070892 0.0028439986 0.0024891857 0.0035098 0.0040244367 0.0019497179 0.0034003328 0.0043938053 0.003132476 0.0037231634 0.0018243098 0.0031386446 0.0033520248 0.006949654 0.0023349177 0.0030698336 0.003400027 0.005015767 0.0040495167 0.009860138 0.004999787 0.0032449441 0.0039291135 0.0034615633 0.0025961278 0.004578581 0.0032319415 0.0031974893 0.0018620531 0.0021493922 0.003136436 0.0059020496 0.0017030968 0.0021280437 0.003672284 0.005527398 0.0035559377 0.0057825693 0.004553607 0.0038842019 0.0026245988 0.004841507 0.0021231424 0.0038573812 0.0034007644 0.0024255991 0.002971379 0.0052655055 0.0044801454 0.0016282238 0.003160043 0.0020478626 0.0023556002 0.002207464 0.0043647783 0.0032383236 0.007576678 0.002173061 0.004390531 0.0023851693 0.0033349823 0.003402238 0.002312408 0.0028844178 0.0025905562 0.006075126 0.0038622678 0.004183201 0.0023952879 0.0032557952 0.0047404584 0.0022587788 0.0050680484 0.0039626956 0.0022173584 0.0051717362 0.0029577652 0.0023912264 0.0023467536 0.0056829234 0.002984391 0.0037733165 0.0056016278 0.0021314386 0.0024708316 0.0032667406 0.0031821337 0.0021382563 0.004729705 0.0029449768 0.0016818232 0.0038078995 0.0036444324 0.004524481 0.002196267 0.003571592 0.0030694942 0.002401844 0.003346541 0.004402127 0.005644611 0.0038696516 0.003359249 0.002808576 0.005345383 0.0036962177 0.0022091847 0.0038981305 0.002912696 0.0047750412 0.004490687 0.005676249 0.0027431606 0.0028797588 0.003504996 0.0037163864 0.004013582 0.002001976 0.0028989718 0.0033664824 0.0031813143 0.003036905 0.0026711284 0.0030583458 0.003245133 0.0025432701 0.0036271506 0.0022980375 0.0053558024 0.005285428 0.0022079453 0.0024109466 0.008985408 0.011747213 0.00543474 0.002692245 0.0063024475 0.0034096795 0.003088859 0.0046236236 0.0036053527 0.0020988022 0.0029053919 0.0050581447 0.0029908645 0.004457125 0.0062015597 0.0030410127 0.0025356256 0.006407892 0.0029577648 0.004463301 0.002346976 0.0024355538 0.006270145 0.002495966 0.0045749187 0.0030473634 0.0030314384 0.0036335106 0.004711314 0.002157297 0.002346574 0.002018166 0.004665501 0.0024847367 0.0032379576 0.0028031233 0.0034138418 0.0031762633 0.003078671 0.0032922986 0.006015074 0.0044101523 0.0051085306 0.004728034 0.0030832076 0.0036135616,
801,512,,,0.0065280003 0.0065280003 0.0065280003 0.0065280003 0.0065280003 0.0065280003 0.0065280003 0.0065280003 0.0065280003 0.0065280003 0.0065280003 0.0065280003 0.0065280003 0.0065280003 0.0065280003 0.0065280003 0.0065280003 0.0065280003 0.0065280003 0.0065280003 0.0065280003 0.0065280003 0.0065280003 0.0065280003 0.0065280003 0.0065280003 0.0065280003 0.0065280003 0.0065280003 0.0065280003 0.0065280003 0.0065280003 0.0065280003 0.0065280003 0.0065280003 0.0065280003 0.0065280003 0.0065280003 0.0065280003 0.0065280003 0.0065280003 0.0065280003 0.0065280003 0.0065280003 0.0065280003 0.0065280003 0.0065280003 0.0065280003 0.0065280003 0.0065280003 0.0065280003 0.0065280003 0.0065280003 0.0065280003 0.0065280003 0.0065280003 0.0065280003 0.0065280003 0.0065280003 0.0065280003 0.0065280003 0.0065280003 0.0065280003 0.0065280003 0.0065280003 0.0065280003 0.0065280003 0.0065280003 0.0065280003 0.0065280003 0.0065280003 0.0065280003 0.0065280003 0.0065280003 0.0065280003 0.0065280003 0.0065280003 0.0065280003 0.0065280003 0.0065280003 0.0065280003 0.0065280003 0.0065280003 0.0065280003 0.0065280003 0.0065280003 0.0065280003 0.0065280003 0.0065280003 0.0065280003 0.0065280003 0.0065280003 0.0065280003 0.0065280003 0.0065280003 0.0065280003 0.0065280003 0.0065280003 0.0065280003 0.0065280003 0.0065280003 0.0065280003 0.0065280003 0.0065280003 0.0065280003 0.0065280003 0.0065280003 0.0065280003 0.0065280003 0.0065280003 0.0065280003 0.0065280003 0.0065280003 0.0065280003 0.0065280003 0.0065280003 0.0065280003 0.0065280003 0.0065280003 0.0065280003 0.0065280003 0.0065280003 0.0065280003 0.0065280003 0.0065280003 0.0065280003 0.0065280003 0.0065280003 0.0065280003 0.0065280003 0.0065280003 0.0065280003 0.0065280003 0.0065280003 0.0065280003 0.0065280003 0.0065280003 0.0065280003 0.0065280003 0.0065280003 0.0065280003 0.0065280003 0.0065280003 0.0065280003 0.0065280003 0.0065280003 0.0065280003 0.0065280003 0.0065280003 0.0065280003 0.0065280003 0.0065280003 0.0065280003 0.0065280003 0.0065280003 0.0065280003 0.0065280003 0.0065280003 0.0065280003 0.0065280003 0.0065280003 0.0065280003 0.0065280003 0.0065280003 0.0065280003 0.0065280003 0.0065280003 0.0065280003 0.0065280003 0.0065280003 0.0065280003 0.0065280003 0.0065280003 0.0065280003 0.0065280003 0.0065280003 0.0065280003 0.0065280003 0.0065280003 0.0065280003 0.0065280003 0.0065280003 0.0065280003 0.0065280003 0.0065280003 0.0065280003 0.0065280003 0.0065280003 0.0065280003 0.0065280003 0.0065280003 0.0065280003 0.0065280003 0.0065280003 0.0065280003 0.0065280003 0.0065280003 0.0065280003 0.0065280003 0.0065280003 0.0065280003 0.0065280003 0.0065280003 0.0065280003 0.0065280003 0.0065280003 0.0065280003 0.0065280003 0.0065280003 0.0065280003 0.0065280003 0.0065280003 0.0065280003 0.0065280003 0.0065280003 0.0065280003 0.0065280003 0.0065280003 0.0065280003 0.0065280003 0.0065280003 0.0065280003 0.0065280003 0.0065280003 0.0065280003 0.0065280003 0.0065280003 0.0065280003 0.0065280003 0.0065280003 0.0065280003 0.0065280003 0.0065280003 0.0065280003 0.0065280003 0.0065280003 0.0065280003 0.0065280003 0.0065280003 0.0065280003 0.0065280003 0.0065280003 0.0065280003 0.0065280003 0.0065280003 0.0065280003 0.0065280003 0.0065280003 0.0065280003 0.0065280003 0.0065280003 0.0065280003 0.0065280003 0.0065280003 0.0065280003 0.0065280003 0.0065280003 0.0065280003 0.0065280003 0.0065280003 0.0065280003 0.0065280003 0.0065280003 0.0065280003 0.0065280003 0.0065280003 0.0065280003 0.0065280003 0.0065280003 0.0065280003 0.0065280003 0.0065280003 0.0065280003 0.0065280003 0.0065280003 0.0065280003 0.0065280003 0.0065280003 0.0065280003 0.0065280003 0.0065280003 0.0065280003 0.0065280003 0.0065280003 0.0065280003 0.0065280003 0.0065280003 0.0065280003 0.0065280003 0.0065280003 0.0065280003 0.0065280003 0.0065280003 0.0065280003 0.0065280003 0.0065280003 0.0065280003 0.0065280003 0.0065280003 0.0065280003 0.0065280003 0.0065280003 0.0065280003 0.0065280003 0.0065280003 0.0065280003 0.0065280003 0.0065280003 0.0065280003 0.0065280003 0.0065280003 0.0065280003 0.0065280003 0.0065280003 0.0065280003 0.0065280003 0.0065280003 0.0065280003 0.0065280003 0.0065280003 0.0065280003 0.0065280003 0.0065280003 0.0065280003 0.0065280003 0.0065280003 0.0065280003 0.0065280003 0.0065280003 0.0065280003 0.0065280003 0.0065280003 0.0065280003 0.0065280003 0.0065280003 0.0065280003 0.0065280003 0.0065280003 0.0065280003 0.0065280003 0.0065280003 0.0065280003 0.0065280003 0.0065280003 0.0065280003 0.0065280003 0.0065280003 0.0065280003 0.0065280003 0.0065280003 0.0065280003 0.0065280003 0.0065280003 0.0065280003 0.0065280003 0.0065280003 0.0065280003 0.0065280003 0.0065280003 0.0065280003 0.0065280003 0.0065280003 0.0065280003 0.0065280003 0.0065280003 0.0065280003 0.0065280003 0.0065280003 0.0065280003 0.0065280003 0.0065280003 0.0065280003 0.0065280003 0.0065280003 0.0065280003 0.0065280003 0.0065280003 0.0065280003 0.0065280003 0.0065280003 0.0065280003 0.0065280003 0.0065280003 0.0065280003 0.0065280003 0.0065280003 0.0065280003 0.0065280003 0.0065280003 0.0065280003 0.0065280003 0.0065280003 0.0065280003 0.0065280003 0.0065280003 0.0065280003 0.0065280003 0.0065280003 0.0065280003 0.0065280003 0.0065280003 0.0065280003 0.0065280003 0.0065280003 0.0065280003 0.0065280003 0.0065280003 0.0065280003 0.0065280003 0.0065280003 0.0065280003 0.0065280003 0.0065280003 0.0065280003 0.0065280003 0.0065280003 0.0065280003 0.0065280003 0.0065280003 0.0065280003 0.0065280003 0.0065280003 0.0065280003 0.0065280003 0.0065280003 0.0065280003 0.0065280003 0.0065280003 0.0065280003 0.0065280003 0.0065280003 0.0065280003 0.0065280003 0.0065280003 0.0065280003 0.0065280003 0.0065280003 0.0065280003 0.0065280003 0.0065280003 0.0065280003 0.0065280003 0.0065280003 0.0065280003 0.0065280003 0.0065280003 0.0065280003 0.0065280003 0.0065280003 0.0065280003 0.0065280003 0.0065280003 0.0065280003 0.0065280003 0.0065280003 0.0065280003 0.0065280003 0.0065280003 0.0065280003 0.0065280003 0.0065280003 0.0065280003 0.0065280003 0.0065280003 0.0065280003 0.0065280003 0.0065280003 0.0065280003 0.0065280003 0.0065280003 0.0065280003 0.0065280003 0.0065280003 0.0065280003 0.0065280003 0.0065280003 0.0065280003 0.0065280003 0.0065280003 0.0065280003 0.0065280003 0.0065280003 0.0065280003 0.0065280003 0.0065280003 0.0065280003 0.0065280003 0.0065280003 0.0065280003 0.0065280003 0.0065280003 0.0065280003 0.0065280003 0.0065280003 0.0065280003 0.0065280003 0.0065280003 0.0065280003 0.0065280003 0.0065280003 0.0065280003 0.0065280003 0.0065280003 0.0065280003 0.0065280003 0.0065280003 0.0065280003 0.0065280003 0.0065280003 0.0065280003 0.0065280003 0.0065280003,15 15 15 16 15 16 16 16 16 15 16 15 16 16 15 16 14 16 16 16 15 16 16 16 16 16 15 16 15 16 15 15 16 16 15 16 16 16 15 15 15 16 16 16 15 16 16 16 15 16 15 16 14 16 16 15 16 14 16 15 15 15 16 16 15 16 16 16 16 16 15 16 16 16 16 16 16 16 14 16 16 16 16 15 15 15 15 16 15 16 15 16 15 16 16 16 15 16 16 15 16 16 16 16 16 16 16 16 16 16 16 16 16 15 15 16 16 16 15 16 16 15 16 15 16 15 16 15 15 16 16 16 15 16 16 16 16 16 16 16 15 14 15 15 16 16 16 15 16 16 16 16 15 16 15 15 16 15 16 16 15 15 16 16 15 16 15 16 15 16 16 15 16 16 15 16 16 16 16 16 16 15 15 15 14 15 15 16 16 15 15 16 14 16 15 16 16 16 16 15 15 16 15 16 15 16 14 14 16 16 15 16 16 16 16 16 16 16 15 16 16 16 16 15 16 16 15 15 16 16 15 16 16 16 16 15 16 16 16 15 16 15 16 15 16 16 16 15 16 16 16 16 15 15 16 16 15 16 15 16 16 16 16 16 16 16 16 16 16 16 15 16 16 16 15 15 16 15 15 15 15 16 16 15 16 16 16 16 16 16 16 16 15 15 16 15 16 16 16 16 16 16 16 15 16 16 16 16 15 16 16 16 15 15 16 15 16 16 16 15 16 16 15 15 15 16 16 16 16 15 16 16 16 15 15 16 16 16 15 16 16 15 16 16 16 16 16 15 16 16 16 15 15 14 15 16 15 16 16 15 16 16 16 16 16 15 16 16 16 15 16 15 15 16 16 15 16 16 16 16 16 15 15 16 16 16 16 16 15 16 15 16 15 16 16 16 16 16 16 15 16 15 16 16 15 16 15 15 16 15 16 16 16 15 16 16 15 16 16 16 16 16 15 16 16 16 16 15 16 16 16 16 16 15 15 16 16 16 15 16 16 16 16 15 15 15 16 16 16 16 15 16 16 16 16 16 16 16 16 16 16 16 15 15 16 16 14 14 15 16 15 16 16 15 16 16 16 15 16 15 15 16 16 15 16 15 16 16 15 16 15 16 16 16 15 16 16 16 15 16 16 16 16 16 16 16 15 15 15 15 16 16
806,1x1x512x128,0.16456021 0.1540268 0.20051578 0.2453872 0.20470841 0.2116037 0.17022249 0.16976744 0.2474674 0.15824299 0.1729028 0.20398524 0.16789827 0.17089473 0.18247469 0.22874379 0.25267532 0.16893853 0.19656803 0.26438695 0.17716008 0.13424267 0.20478046 0.14737491 0.24214569 0.2113319 0.2132173 0.2223812 0.24157394 0.15723537 0.23471245 0.28343666 0.21568099 0.1825107 0.24245404 0.21547091 0.22208309 0.1758735 0.23403864 0.20711504 0.1912403 0.24412562 0.19425812 0.18957001 0.18509313 0.16380529 0.2787007 0.22777271 0.29419875 0.16860147 0.20098111 0.24030529 0.21529953 0.2110665 0.22707936 0.16385294 0.20225663 0.18300232 0.19753337 0.17615862 0.16853441 0.16284841 0.12861797 0.18763374 0.16765326 0.19316038 0.16741666 0.16640842 0.24993977 0.16585696 0.16500153 0.14880289 0.22954041 0.19535317 0.18242222 0.23164937 0.18547364 0.1891318 0.2808108 0.18716474 0.1688489 0.19416142 0.27869585 0.18001921 0.27217817 0.2397386 0.15349203 0.18139438 0.20305938 0.18783166 0.19841951 0.19338845 0.17644507 0.17971107 0.26462063 0.16955641 0.25542873 0.21923722 0.21361476 0.15486549 0.22055854 0.26453918 0.28334084 0.25800192 0.24725011 0.2315809 0.16725068 0.21012376 0.20483378 0.1227596 0.21537139 0.25238013 0.13852909 0.21328297 0.22796099 0.121755585 0.1925113 0.23506062 0.12467098 0.2159311 0.24373543 0.19963752 0.22386429 0.29708633 0.19660047 0.2151474 0.19134724 0.22231121,0.16454014 0.154008 0.20049131 0.24535726 0.20468344 0.21157788 0.17020172 0.16974671 0.2474372 0.15822367 0.1728817 0.20396036 0.16787778 0.17087388 0.18245241 0.22871587 0.2526445 0.16891792 0.19654404 0.2643547 0.17713846 0.13422628 0.20475547 0.14735693 0.24211614 0.21130611 0.21319129 0.22235405 0.24154446 0.15721618 0.2346838 0.2834021 0.21565466 0.18248843 0.24242446 0.21544462 0.22205599 0.17585203 0.23401007 0.20708975 0.19121695 0.24409582 0.19423442 0.18954688 0.18507054 0.16378531 0.27866668 0.2277449 0.29416287 0.16858089 0.20095658 0.24027596 0.21527325 0.21104075 0.22705165 0.16383295 0.20223194 0.18297999 0.19750926 0.17613713 0.16851383 0.16282855 0.12860227 0.18761085 0.1676328 0.19313681 0.16739623 0.16638811 0.24990927 0.1658367 0.16498138 0.14878474 0.2295124 0.19532932 0.18239996 0.2316211 0.185451 0.18910871 0.28077653 0.1871419 0.1688283 0.19413772 0.27866182 0.17999724 0.27214497 0.23970933 0.1534733 0.18137226 0.2030346 0.18780872 0.1983953 0.19336484 0.17642353 0.17968914 0.26458836 0.16953573 0.25539756 0.21921048 0.2135887 0.15484658 0.22053161 0.26450688 0.28330624 0.25797045 0.24721994 0.23155265 0.16723026 0.21009812 0.20480879 0.12274462 0.2153451 0.25234932 0.1385122 0.21325694 0.22793317 0.12174072 0.19248782 0.23503193 0.12465577 0.21590474 0.24370569 0.19961315 0.22383696 0.2970501 0.19657648 0.21512115 0.19132389 0.2222841,0.0012955917 0.0012126614 0.0015786717 0.001931947 0.0016116806 0.0016659675 0.001340171 0.0013365883 0.0019483244 0.0012458557 0.0013612731 0.0016059871 0.0013218722 0.0013454637 0.0014366332 0.0018009123 0.001989327 0.0013300624 0.0015475908 0.0020815332 0.0013947911 0.0010568998 0.0016122478 0.0011602908 0.0019064263 0.0016638277 0.0016786716 0.0017508193 0.0019019248 0.0012379227 0.001847904 0.0022315125 0.0016980681 0.0014369168 0.001908854 0.0016964143 0.0017484723 0.0013846616 0.001842599 0.001630628 0.0015056452 0.0019220143 0.0015294049 0.0014924952 0.0014572483 0.0012896481 0.0021942258 0.001793267 0.002316243 0.0013274086 0.0015823353 0.0018919368 0.001695065 0.0016617381 0.0017878083 0.0012900232 0.0015923775 0.0014407873 0.001555191 0.0013869066 0.0013268805 0.0012821145 0.0010126163 0.0014772508 0.0013199433 0.0015207623 0.0013180806 0.0013101426 0.0019677896 0.0013058009 0.001299066 0.0011715334 0.0018071842 0.0015380261 0.0014362201 0.0018237882 0.0014602441 0.001489045 0.0022108387 0.0014735583 0.0013293567 0.0015286435 0.0021941876 0.001417301 0.0021428738 0.001887475 0.0012084512 0.001428128 0.0015986976 0.0014788088 0.0015621677 0.0015225578 0.0013891617 0.0014148752 0.0020833728 0.0013349269 0.0020110044 0.0017260667 0.0016818008 0.0012192643 0.0017364693 0.0020827313 0.0022307578 0.0020312634 0.0019466137 0.0018232492 0.0013167737 0.0016543159 0.0016126676 0.0009664931 0.0016956307 0.0019870026 0.0010906472 0.0016791885 0.0017947494 0.0009585884 0.0015156522 0.0018506452 0.0009815415 0.0017000374 0.0019189424 0.0015717571 0.0017624957 0.002338977 0.0015478462 0.0016938674 0.0015064874 0.0017502685,
807,128,,,0.0049615246 0.0049615246 0.0049615246 0.0049615246 0.0049615246 0.0049615246 0.0049615246 0.0049615246 0.0049615246 0.0049615246 0.0049615246 0.0049615246 0.0049615246 0.0049615246 0.0049615246 0.0049615246 0.0049615246 0.0049615246 0.0049615246 0.0049615246 0.0049615246 0.0049615246 0.0049615246 0.0049615246 0.0049615246 0.0049615246 0.0049615246 0.0049615246 0.0049615246 0.0049615246 0.0049615246 0.0049615246 0.0049615246 0.0049615246 0.0049615246 0.0049615246 0.0049615246 0.0049615246 0.0049615246 0.0049615246 0.0049615246 0.0049615246 0.0049615246 0.0049615246 0.0049615246 0.0049615246 0.0049615246 0.0049615246 0.0049615246 0.0049615246 0.0049615246 0.0049615246 0.0049615246 0.0049615246 0.0049615246 0.0049615246 0.0049615246 0.0049615246 0.0049615246 0.0049615246 0.0049615246 0.0049615246 0.0049615246 0.0049615246 0.0049615246 0.0049615246 0.0049615246 0.0049615246 0.0049615246 0.0049615246 0.0049615246 0.0049615246 0.0049615246 0.0049615246 0.0049615246 0.0049615246 0.0049615246 0.0049615246 0.0049615246 0.0049615246 0.0049615246 0.0049615246 0.0049615246 0.0049615246 0.0049615246 0.0049615246 0.0049615246 0.0049615246 0.0049615246 0.0049615246 0.0049615246 0.0049615246 0.0049615246 0.0049615246 0.0049615246 0.0049615246 0.0049615246 0.0049615246 0.0049615246 0.0049615246 0.0049615246 0.0049615246 0.0049615246 0.0049615246 0.0049615246 0.0049615246 0.0049615246 0.0049615246 0.0049615246 0.0049615246 0.0049615246 0.0049615246 0.0049615246 0.0049615246 0.0049615246 0.0049615246 0.0049615246 0.0049615246 0.0049615246 0.0049615246 0.0049615246 0.0049615246 0.0049615246 0.0049615246 0.0049615246 0.0049615246 0.0049615246 0.0049615246,15 15 15 15 15 15 15 15 15 15 15 15 15 15 15 15 14 15 15 14 15 15 15 15 15 15 15 15 15 15 15 14 15 15 15 15 15 15 15 15 15 15 15 15 15 15 14 15 14 15 15 15 15 15 15 15 15 15 15 15 15 15 15 15 15 15 15 15 14 15 15 15 15 15 15 15 15 15 14 15 15 15 14 15 14 15 15 15 15 15 15 15 15 15 14 15 14 15 15 15 15 14 14 14 15 15 15 15 15 16 15 14 15 15 15 16 15 15 15 15 15 15 15 14 15 15 15 15
812,3x3x1x128,0.2280559 0.34828195 0.55572176 0.5056655 1.1232938 0.27242446 0.19844075 0.26942217 0.12884328 0.3208086 0.14981878 0.31607997 0.29879376 0.21487418 0.2950068 0.32955226 0.30681935 0.2439648 0.13087466 0.25042814 0.13238916 0.21516162 0.12959245 0.25633496 0.30018282 0.24254072 0.1215617 0.28461167 0.06880853 0.3949465 0.3197388 0.2696999 0.46980584 0.31798908 0.14152904 0.16553523 0.21758245 0.2044104 0.113717236 0.8309798 0.328247 0.27578905 0.17736201 0.08401056 0.4038477 0.19903792 0.78827107 0.2700478 0.19001149 0.24802779 0.2757261 0.33974132 0.16267557 0.11366275 0.18613583 0.4577439 0.20894547 0.29547837 0.092104785 0.20570697 0.2553625 0.20958357 0.27322567 0.35464585 0.46613738 0.13807327 0.27597064 0.34226283 0.13363568 0.32057256 0.15725042 0.24450026 0.35773614 0.21897075 0.33596537 0.37889668 0.17545782 0.22516352 0.18831952 0.6014419 0.29900348 0.626554 1.3728566 0.40464324 0.33220148 1.6034378 0.2759084 0.24482349 0.15181315 0.24071342 0.2685651 0.26332325 0.42815825 0.2568141 0.26924023 0.12126366 0.30879623 0.13627146 0.31318656 0.30591434 0.32520694 0.38249645 0.28368706 0.25013936 0.5408616 0.08280797 0.22506899 0.34362987 0.1449987 0.65728176 0.24199812 0.2283428 0.39314267 0.66297424 0.49181494 0.408274 0.36499605 0.4512445 0.24413604 0.39565003 0.19687472 0.14224324 0.5678752 0.16593575 0.22429442 0.18893027 0.13323689 0.30921003,0.22802806 0.34823945 0.5556539 0.50560373 1.1231567 0.27239123 0.19841653 0.26938927 0.12882756 0.32076946 0.1498005 0.31604138 0.2987573 0.21484795 0.2949708 0.32951206 0.3067819 0.24393503 0.13085869 0.2503976 0.13237299 0.21513537 0.12957662 0.2563037 0.3001462 0.24251111 0.121546865 0.28457692 0.06880014 0.39489827 0.31969976 0.26966697 0.4697485 0.31795028 0.14151177 0.16551504 0.2175559 0.20438546 0.11370336 0.8308784 0.32820696 0.27575538 0.17734037 0.084000304 0.4037984 0.19901364 0.78817487 0.27001485 0.1899883 0.24799751 0.27569246 0.33969986 0.16265571 0.11364888 0.1861131 0.45768803 0.20891996 0.2954423 0.09209355 0.20568188 0.25533137 0.20955798 0.27319232 0.35460255 0.4660805 0.13805641 0.27593696 0.34222108 0.13361937 0.32053345 0.15723123 0.24447042 0.35769248 0.21894401 0.33592436 0.37885046 0.1754364 0.22513604 0.18829653 0.6013685 0.29896697 0.62647754 1.372689 0.40459386 0.33216092 1.6032422 0.27587473 0.24479361 0.15179461 0.24068403 0.2685323 0.2632911 0.42810598 0.25678277 0.2692074 0.121248856 0.30875856 0.13625483 0.31314832 0.30587703 0.32516727 0.38244975 0.28365245 0.2501088 0.54079556 0.08279786 0.22504151 0.34358793 0.14498101 0.6572015 0.24196859 0.22831494 0.3930947 0.6628933 0.49175492 0.40822417 0.36495152 0.45118943 0.24410623 0.39560175 0.19685069 0.14222588 0.56780595 0.1659155 0.22426705 0.1889072 0.13322063 0.3091723,0.0017954966 0.002742043 0.0043752277 0.0039811316 0.0088437535 0.0021448128 0.001562335 0.0021211754 0.0010143903 0.0025257438 0.0011795314 0.0024885149 0.0023524198 0.0016917161 0.0023226049 0.0025945832 0.0024156054 0.0019207483 0.0010303834 0.0019716346 0.001042307 0.0016939793 0.0010202883 0.0020181395 0.0023633558 0.0019095363 0.00095706194 0.0022407633 0.00054173335 0.003109435 0.002517321 0.002123362 0.003698807 0.0025035455 0.0011142659 0.001303268 0.0017130385 0.0016093344 0.00089530204 0.0065423492 0.0025843068 0.0021713022 0.001396381 0.0006614197 0.003179515 0.0015670365 0.0062061013 0.0021261012 0.0014959709 0.0019527363 0.0021708068 0.002674802 0.0012807536 0.00089487305 0.0014654575 0.0036038428 0.0016450391 0.0023263174 0.00072514603 0.0016195424 0.0020104833 0.0016500629 0.0021511207 0.002792146 0.003669925 0.0010870583 0.002172732 0.0026946543 0.001052121 0.0025238856 0.0012380412 0.0019249639 0.0028164762 0.0017239687 0.0026450737 0.0029830744 0.001381389 0.0017727248 0.0014826498 0.004735185 0.0023540708 0.004932894 0.010808575 0.0031857784 0.0026154404 0.012623954 0.002172242 0.0019275087 0.0011952332 0.0018951498 0.0021144275 0.0020731583 0.0033709132 0.0020219116 0.0021197433 0.0009547154 0.0024311699 0.0010728727 0.0024657347 0.0024084805 0.0025603722 0.0030114152 0.0022334838 0.0019693607 0.0042582327 0.00065195165 0.0017719804 0.0027054169 0.0011415827 0.005174815 0.0019052644 0.0017977554 0.0030952338 0.0052196323 0.003872086 0.0032143635 0.002873634 0.0035526727 0.0019220964 0.0031149744 0.0015500054 0.0011198887 0.0044709127 0.0013064212 0.0017658822 0.0014874584 0.0010489813 0.0024344276,
813,128,,,0.0065280003 0.0065280003 0.0065280003 0.0065280003 0.0065280003 0.0065280003 0.0065280003 0.0065280003 0.0065280003 0.0065280003 0.0065280003 0.0065280003 0.0065280003 0.0065280003 0.0065280003 0.0065280003 0.0065280003 0.0065280003 0.0065280003 0.0065280003 0.0065280003 0.0065280003 0.0065280003 0.0065280003 0.0065280003 0.0065280003 0.0065280003 0.0065280003 0.0065280003 0.0065280003 0.0065280003 0.0065280003 0.0065280003 0.0065280003 0.0065280003 0.0065280003 0.0065280003 0.0065280003 0.0065280003 0.0065280003 0.0065280003 0.0065280003 0.0065280003 0.0065280003 0.0065280003 0.0065280003 0.0065280003 0.0065280003 0.0065280003 0.0065280003 0.0065280003 0.0065280003 0.0065280003 0.0065280003 0.0065280003 0.0065280003 0.0065280003 0.0065280003 0.0065280003 0.0065280003 0.0065280003 0.0065280003 0.0065280003 0.0065280003 0.0065280003 0.0065280003 0.0065280003 0.0065280003 0.0065280003 0.0065280003 0.0065280003 0.0065280003 0.0065280003 0.0065280003 0.0065280003 0.0065280003 0.0065280003 0.0065280003 0.0065280003 0.0065280003 0.0065280003 0.0065280003 0.0065280003 0.0065280003 0.0065280003 0.0065280003 0.0065280003 0.0065280003 0.0065280003 0.0065280003 0.0065280003 0.0065280003 0.0065280003 0.0065280003 0.0065280003 0.0065280003 0.0065280003 0.0065280003 0.0065280003 0.0065280003 0.0065280003 0.0065280003 0.0065280003 0.0065280003 0.0065280003 0.0065280003 0.0065280003 0.0065280003 0.0065280003 0.0065280003 0.0065280003 0.0065280003 0.0065280003 0.0065280003 0.0065280003 0.0065280003 0.0065280003 0.0065280003 0.0065280003 0.0065280003 0.0065280003 0.0065280003 0.0065280003 0.0065280003 0.0065280003 0.0065280003 0.0065280003 0.0065280003,16 16 15 15 14 16 16 16 16 16 16 16 16 16 16 16 16 16 16 16 16 16 16 16 16 16 16 16 16 16 16 16 16 16 16 16 16 16 16 15 16 16 16 16 16 16 15 16 16 16 16 16 16 16 16 16 16 16 16 16 16 16 16 16 16 16 16 16 16 16 16 16 16 16 16 16 16 16 16 15 16 15 14 16 16 14 16 16 16 16 16 16 16 16 16 16 16 16 16 16 16 16 16 16 15 16 16 16 16 15 16 16 16 15 16 16 16 16 16 16 16 16 15 16 16 16 16 16
818,1x1x128x128,0.15586075 0.1978919 0.11468568 0.16318657 0.22296304 0.14142779 0.15709688 0.27272168 0.2151844 0.1519938 0.14961284 0.13533871 0.19412787 0.14696422 0.20651692 0.44321916 0.15455133 0.29864714 0.2633267 0.20480785 0.39850527 0.2496782 0.14833847 0.30841932 0.14850323 0.23750944 0.1991894 0.63683426 0.16515596 0.22821116 0.37052086 0.18755858 0.2205013 0.28978887 0.19319583 0.19033991 0.3151305 0.16472319 0.19515137 0.28161147 0.2042755 0.6160146 0.6922253 0.34285673 0.13894953 0.113579705 0.21974283 0.28239956 0.18405181 0.2557328 0.1631681 0.15041076 0.16541773 0.14877242 0.21080823 0.17620613 0.20818171 0.18703713 0.14006221 0.14567858 0.38432562 0.1943551 0.3989604 0.21079224 0.30732724 0.173205 0.09971138 0.15481584 0.18407327 0.4844907 0.84506553 0.2047323 0.16886443 0.39643312 0.15120915 0.17729135 0.12188391 0.1490875 0.15024439 0.20202397 0.19154218 0.23216785 0.19385387 0.2631214 0.18409522 0.5210928 0.11972532 0.26609892 0.18584488 0.18253477 0.12908909 0.18941826 0.49659836 0.2100233 0.20256938 0.17056206 0.11192668 0.16141777 0.18618396 0.30033186 0.16745588 0.33739507 0.1736744 0.54004 0.4192723 0.1167138 0.19920552 0.14283712 0.19244838 0.29307005 0.20701414 0.1468482 0.19443797 0.22301236 0.15445597 0.11295508 0.29102093 0.20666802 0.14858514 0.19347651 0.22242919 0.2071683 0.2985121 0.3490407 0.19826229 0.18563354 0.17460504 0.22103736,0.15584172 0.19786777 0.114671685 0.16316664 0.22293583 0.14141051 0.15707771 0.2726884 0.21515813 0.15197524 0.14959458 0.13532218 0.19410418 0.1469463 0.20649171 0.44316506 0.15453246 0.2986107 0.26329455 0.20478284 0.39845663 0.24964772 0.14832036 0.30838168 0.14848511 0.23748046 0.19916508 0.63675654 0.16513582 0.22818331 0.37047562 0.18753569 0.22047439 0.28975353 0.19317225 0.19031668 0.31509203 0.16470309 0.19512755 0.2815771 0.20425057 0.6159394 0.69214076 0.3428149 0.13893257 0.11356584 0.21971603 0.28236508 0.18402934 0.2557016 0.16314818 0.1503924 0.16539754 0.14875425 0.21078251 0.17618462 0.2081563 0.1870143 0.14004512 0.1456608 0.3842787 0.19433138 0.39891174 0.21076651 0.30728975 0.17318387 0.09969921 0.15479694 0.18405081 0.48443156 0.84496236 0.20470731 0.16884382 0.39638472 0.15119068 0.17726971 0.12186903 0.14906931 0.15022606 0.20199932 0.19151881 0.23213951 0.19383022 0.26308927 0.18407276 0.5210292 0.119710706 0.26606646 0.1858222 0.18251249 0.12907334 0.18939513 0.49653777 0.20999767 0.20254466 0.17054124 0.11191302 0.16139807 0.18616123 0.3002952 0.16743544 0.33735391 0.1736532 0.53997415 0.41922113 0.116699554 0.1991812 0.14281969 0.1924249 0.2930343 0.20698887 0.14683029 0.19441423 0.22298513 0.15443712 0.112941295 0.29098544 0.2066428 0.148567 0.19345291 0.22240205 0.20714302 0.29847565 0.34899807 0.19823809 0.18561088 0.17458373 0.22101037,4.756057e-06 6.038629e-06 3.499609e-06 4.9796026e-06 6.8036693e-06 4.3156383e-06 4.793778e-06 8.322043e-06 6.5663057e-06 4.638058e-06 4.5654033e-06 4.1298313e-06 5.9237705e-06 4.484582e-06 6.301819e-06 1.3524737e-05 4.7161e-06 9.113153e-06 8.0353575e-06 6.249667e-06 1.21603025e-05 7.618876e-06 4.5265165e-06 9.411349e-06 4.531544e-06 7.2475495e-06 6.0782213e-06 1.943286e-05 5.039699e-06 6.9638145e-06 1.1306363e-05 5.7233096e-06 6.72855e-06 8.842846e-06 5.895329e-06 5.8081814e-06 9.616139e-06 5.0264925e-06 5.955002e-06 8.593313e-06 6.233423e-06 1.8797551e-05 2.1123104e-05 1.04621995e-05 4.240015e-06 3.4658601e-06 6.7054057e-06 8.617361e-06 5.616301e-06 7.803632e-06 4.979039e-06 4.589752e-06 5.0476865e-06 4.5397583e-06 6.4327683e-06 5.376892e-06 6.35262e-06 5.7073976e-06 4.2739684e-06 4.4453504e-06 1.1727614e-05 5.930704e-06 1.2174191e-05 6.43228e-06 9.378025e-06 5.285314e-06 3.042671e-06 4.724172e-06 5.6169565e-06 1.4784129e-05 2.5786992e-05 6.247362e-06 5.152862e-06 1.2097071e-05 4.6141145e-06 5.4100074e-06 3.719261e-06 4.549373e-06 4.5846755e-06 6.1647183e-06 5.8448686e-06 7.0845517e-06 5.9154095e-06 8.029092e-06 5.6176264e-06 1.5901034e-05 3.6533922e-06 8.119951e-06 5.671017e-06 5.5700093e-06 3.9391257e-06 5.780057e-06 1.5153592e-05 6.408816e-06 6.181361e-06 5.2046644e-06 3.4154184e-06 4.9256287e-06 5.6813633e-06 9.1645625e-06 5.10988e-06 1.0295538e-05 5.299637e-06 1.6479205e-05 1.2794004e-05 3.5614964e-06 6.0787133e-06 4.358644e-06 5.872521e-06 8.9429695e-06 6.316992e-06 4.4810417e-06 5.9332324e-06 6.805174e-06 4.7131907e-06 3.4468e-06 8.880442e-06 6.3064304e-06 4.5340435e-06 5.9038944e-06 6.787379e-06 6.321696e-06 9.109032e-06 1.0650901e-05 6.049931e-06 5.664567e-06 5.3280355e-06 6.7449073e-06,
819,128,,,2.7126644e-05 2.7126644e-05 2.7126644e-05 2.7126644e-05 2.7126644e-05 2.7126644e-05 2.7126644e-05 2.7126644e-05 2.7126644e-05 2.7126644e-05 2.7126644e-05 2.7126644e-05 2.7126644e-05 2.7126644e-05 2.7126644e-05 2.7126644e-05 2.7126644e-05 2.7126644e-05 2.7126644e-05 2.7126644e-05 2.7126644e-05 2.7126644e-05 2.7126644e-05 2.7126644e-05 2.7126644e-05 2.7126644e-05 2.7126644e-05 2.7126644e-05 2.7126644e-05 2.7126644e-05 2.7126644e-05 2.7126644e-05 2.7126644e-05 2.7126644e-05 2.7126644e-05 2.7126644e-05 2.7126644e-05 2.7126644e-05 2.7126644e-05 2.7126644e-05 2.7126644e-05 2.7126644e-05 2.7126644e-05 2.7126644e-05 2.7126644e-05 2.7126644e-05 2.7126644e-05 2.7126644e-05 2.7126644e-05 2.7126644e-05 2.7126644e-05 2.7126644e-05 2.7126644e-05 2.7126644e-05 2.7126644e-05 2.7126644e-05 2.7126644e-05 2.7126644e-05 2.7126644e-05 2.7126644e-05 2.7126644e-05 2.7126644e-05 2.7126644e-05 2.7126644e-05 2.7126644e-05 2.7126644e-05 2.7126644e-05 2.7126644e-05 2.7126644e-05 2.7126644e-05 2.7126644e-05 2.7126644e-05 2.7126644e-05 2.7126644e-05 2.7126644e-05 2.7126644e-05 2.7126644e-05 2.7126644e-05 2.7126644e-05 2.7126644e-05 2.7126644e-05 2.7126644e-05 2.7126644e-05 2.7126644e-05 2.7126644e-05 2.7126644e-05 2.7126644e-05 2.7126644e-05 2.7126644e-05 2.7126644e-05 2.7126644e-05 2.7126644e-05 2.7126644e-05 2.7126644e-05 2.7126644e-05 2.7126644e-05 2.7126644e-05 2.7126644e-05 2.7126644e-05 2.7126644e-05 2.7126644e-05 2.7126644e-05 2.7126644e-05 2.7126644e-05 2.7126644e-05 2.7126644e-05 2.7126644e-05 2.7126644e-05 2.7126644e-05 2.7126644e-05 2.7126644e-05 2.7126644e-05 2.7126644e-05 2.7126644e-05 2.7126644e-05 2.7126644e-05 2.7126644e-05 2.7126644e-05 2.7126644e-05 2.7126644e-05 2.7126644e-05 2.7126644e-05 2.7126644e-05 2.7126644e-05 2.7126644e-05 2.7126644e-05 2.7126644e-05 2.7126644e-05,30 30 31 30 30 30 30 29 30 30 30 30 30 30 30 29 30 29 29 30 29 29 30 29 30 30 30 28 30 30 29 30 30 29 30 30 29 30 30 29 30 28 28 29 30 31 30 29 30 29 30 30 30 30 30 30 30 30 30 30 29 30 29 30 29 30 31 30 30 29 28 30 30 29 30 30 31 30 30 30 30 30 30 29 30 28 31 29 30 30 30 30 29 30 30 30 31 30 30 29 30 29 30 28 29 31 30 30 30 29 30 30 30 30 30 31 29 30 30 30 30 30 29 29 30 30 30 30
824,1x1x128x13,0.14243184 0.13593362 0.10336698 0.13132441 0.12127485 0.10790061 0.14129841 0.13124885 0.10450038 0.10805173 0.1808922 0.14492533 0.09807773,0.14241447 0.13591702 0.103354365 0.13130839 0.12126005 0.10788744 0.14128117 0.13123283 0.104487635 0.108038545 0.18087013 0.14490764 0.09806576,4.3462774e-06 4.147985e-06 3.154221e-06 4.0073364e-06 3.700676e-06 3.2925639e-06 4.3116906e-06 4.0050304e-06 3.1888069e-06 3.2971755e-06 5.5198866e-06 4.4223652e-06 2.992821e-06,
825,13,,,1.8085737e-05 1.8085737e-05 1.8085737e-05 1.8085737e-05 1.8085737e-05 1.8085737e-05 1.8085737e-05 1.8085737e-05 1.8085737e-05 1.8085737e-05 1.8085737e-05 1.8085737e-05 1.8085737e-05,30 30 31 30 31 31 30 30 31 31 30 30 31
832,3x3x512x32,0.01731338 0.016989233 0.016927736 0.029802471 0.009796391 0.010171854 0.0139032295 0.02497394 0.02290623 0.016161494 0.0156312 0.017574359 0.021044822 0.037287887 0.008657366 0.020425616 0.022345712 0.015172194 0.010159532 0.018214336 0.01422937 0.010893993 0.015065103 0.023153795 0.019969393 0.012701403 0.021962933 0.02408876 0.02101105 0.024364626 0.014848547 0.022500059,0.017311266 0.01698716 0.01692567 0.029798836 0.009795196 0.0101706125 0.013901533 0.024970891 0.022903435 0.016159521 0.015629293 0.017572213 0.021042254 0.03728334 0.008656309 0.020423122 0.022342985 0.015170342 0.010158291 0.018212112 0.014227634 0.010892664 0.015063264 0.02315097 0.019966954 0.012699853 0.021960253 0.02408582 0.021008488 0.024361651 0.014846735 0.022497313,5.2831405e-07 5.184228e-07 5.165462e-07 9.0941603e-07 2.989348e-07 3.1039193e-07 4.2425407e-07 7.6207436e-07 6.989787e-07 4.931645e-07 4.7698273e-07 5.3627775e-07 6.4217824e-07 1.1378319e-06 2.6417766e-07 6.2328326e-07 6.818746e-07 4.6297623e-07 3.100159e-07 5.558065e-07 4.3420619e-07 3.3242787e-07 4.597084e-07 7.0653306e-07 6.093617e-07 3.8758057e-07 6.701942e-07 7.3506334e-07 6.411477e-07 7.434813e-07 4.5310023e-07 6.865845e-07,
833,32,,,1.6277398e-05 1.6277398e-05 1.6277398e-05 1.6277398e-05 1.6277398e-05 1.6277398e-05 1.6277398e-05 1.6277398e-05 1.6277398e-05 1.6277398e-05 1.6277398e-05 1.6277398e-05 1.6277398e-05 1.6277398e-05 1.6277398e-05 1.6277398e-05 1.6277398e-05 1.6277398e-05 1.6277398e-05 1.6277398e-05 1.6277398e-05 1.6277398e-05 1.6277398e-05 1.6277398e-05 1.6277398e-05 1.6277398e-05 1.6277398e-05 1.6277398e-05 1.6277398e-05 1.6277398e-05 1.6277398e-05 1.6277398e-05,31 31 31 31 32 32 32 31 31 31 31 31 31 30 32 31 31 32 32 31 32 32 32 31 31 32 31 31 31 31 32 31
838,3x3x32x32,0.15620643 0.053612597 0.04546671 0.07866219 0.059187047 0.17458732 0.12444504 0.05655063 0.10459884 0.22654386 0.06877015 0.12942831 0.07420582 0.09715506 0.3557228 0.08482819 0.06813365 0.10885469 0.17333321 0.058951966 0.090389475 0.17594449 0.2590741 0.32366964 0.096033834 0.065129146 0.3823968 0.11134836 0.09251658 0.074537575 0.118518695 0.066995434,0.15618736 0.053606052 0.04546116 0.07865258 0.059179824 0.17456602 0.12442985 0.05654373 0.10458607 0.2265162 0.06876175 0.12941252 0.07419676 0.097143196 0.35567942 0.084817834 0.06812534 0.108841404 0.17331207 0.05894477 0.09037845 0.17592302 0.25904247 0.32363012 0.096022114 0.065121196 0.38235012 0.11133477 0.09250528 0.07452848 0.118504226 0.066987254,0.0012298217 0.0004220949 0.0003579619 0.0006193117 0.00046598286 0.0013745356 0.0009797626 0.00044522624 0.0008235124 0.0017835922 0.00054143113 0.0010189962 0.0005842265 0.00076490705 0.0028006253 0.00066785695 0.00053642 0.0008570189 0.001364662 0.00046413203 0.00071164133 0.0013852207 0.0020397045 0.0025482688 0.0007560796 0.0005127653 0.0030106308 0.0008766517 0.0007283881 0.0005868384 0.00093310414 0.0005274587,
839,32,,,0.004430007 0.004430007 0.004430007 0.004430007 0.004430007 0.004430007 0.004430007 0.004430007 0.004430007 0.004430007 0.004430007 0.004430007 0.004430007 0.004430007 0.004430007 0.004430007 0.004430007 0.004430007 0.004430007 0.004430007 0.004430007 0.004430007 0.004430007 0.004430007 0.004430007 0.004430007 0.004430007 0.004430007 0.004430007 0.004430007 0.004430007 0.004430007,13 15 15 14 15 13 13 15 14 13 14 13 14 14 12 14 14 14 13 15 14 13 12 12 14 14 12 14 14 14 14 14
844,1x1x32x4,0.3825246 0.30164796 0.34372568 0.2967298,0.3824779 0.30161116 0.34368375 0.2966936,1.1672656e-05 9.204723e-06 1.0488716e-05 9.054646e-06,
845,4,,,1.5260186e-05 1.5260186e-05 1.5260186e-05 1.5260186e-05,31 31 31 31
