raw_id,size,max,sat,scale,exp
12,3x3x3x32,0.04733728 0.062274404 0.041660774 0.04515972 0.03980381 0.033355042 0.030612243 0.08646048 0.17847912 0.026450668 0.08042426 0.078061804 0.014177959 0.05446876 0.20444453 0.14398806 0.06945483 0.12439892 0.025952555 0.23339193 0.06501717 0.06695684 0.026580995 0.04523749 0.14900742 0.03260636 0.05050034 0.044231527 0.15510681 0.12573154 0.057133943 0.027477438,0.0473315 0.062266804 0.04165569 0.045154206 0.039798953 0.033350974 0.030608509 0.08644993 0.17845735 0.02644744 0.08041444 0.07805228 0.014176229 0.05446211 0.20441957 0.14397047 0.069446355 0.12438374 0.025949387 0.23336343 0.06500924 0.06694867 0.026577752 0.04523197 0.14898923 0.03260238 0.050494175 0.04422613 0.15508787 0.12571621 0.057126973 0.027474083,0.00037268898 0.0004902898 0.00032799755 0.00035554494 0.0003133776 0.0002626061 0.00024101188 0.0006807081 0.001405176 0.00020824755 0.00063318457 0.0006145849 0.00011162385 0.0004288355 0.001609603 0.0011336257 0.0005468217 0.0009793995 0.00020432589 0.0018375074 0.00051188376 0.0005271549 0.00020927364 0.00035615722 0.0011731435 0.00025671168 0.00039759194 0.00034823723 0.0012211644 0.0009898914 0.00044981868 0.00021633136,
13,32,,,0.0065280003 0.0065280003 0.0065280003 0.0065280003 0.0065280003 0.0065280003 0.0065280003 0.0065280003 0.0065280003 0.0065280003 0.0065280003 0.0065280003 0.0065280003 0.0065280003 0.0065280003 0.0065280003 0.0065280003 0.0065280003 0.0065280003 0.0065280003 0.0065280003 0.0065280003 0.0065280003 0.0065280003 0.0065280003 0.0065280003 0.0065280003 0.0065280003 0.0065280003 0.0065280003 0.0065280003 0.0065280003,14 13 14 14 14 14 15 13 12 15 13 13 16 14 12 12 13 12 15 12 13 13 15 14 12 14 14 14 12 12 14 15
18,3x3x32x64,0.09730595 0.18581499 0.18266982 0.18244803 0.14988685 0.06633126 0.14141917 0.1363468 0.17939001 0.18148436 0.23762314 0.16212942 0.13813898 0.13204694 0.2000464 0.30753377 0.21094525 0.22371018 0.20317517 0.15183364 0.11034414 0.12402002 0.088717155 0.13354026 0.26356256 0.32729375 0.14962812 0.1394126 0.18359503 0.28227755 0.13592008 0.21163888 0.17561303 0.15616092 0.12241278 0.20637552 0.29685715 0.16172132 0.20121649 0.10942803 0.08002722 0.16761939 0.23785837 0.20445739 0.098891504 0.22959404 0.10677295 0.15482959 0.15234752 0.27194065 0.20042951 0.25041863 0.1855806 0.15270829 0.10032479 0.17920847 0.25404015 0.21177076 0.13488607 0.098800704 0.14667504 0.25519544 0.26523027 0.17896076,0.09729408 0.18579231 0.18264753 0.18242577 0.14986856 0.06632317 0.14140192 0.13633017 0.17936812 0.1814622 0.23759414 0.16210963 0.13812211 0.13203081 0.20002198 0.30749622 0.21091951 0.22368288 0.20315038 0.15181512 0.11033067 0.12400488 0.08870633 0.13352397 0.26353037 0.3272538 0.14960985 0.13939558 0.18357264 0.2822431 0.1359035 0.21161304 0.17559159 0.15614186 0.12239784 0.20635034 0.29682094 0.16170157 0.20119193 0.109414674 0.080017455 0.16759893 0.23782934 0.20443244 0.098879434 0.22956601 0.10675992 0.1548107 0.15232894 0.27190748 0.20040506 0.25038806 0.18555795 0.15268967 0.10031254 0.17918661 0.25400913 0.2117449 0.13486962 0.09878864 0.14665712 0.2551643 0.2651979 0.17893893,0.0007660951 0.0014629316 0.0014381695 0.0014364234 0.0011800674 0.00052222965 0.0011134009 0.0010734659 0.0014123474 0.0014288363 0.0018708201 0.0012764537 0.0010875757 0.0010396127 0.0015749763 0.00242123 0.0016607835 0.0017612826 0.0015996093 0.0011953947 0.00086874544 0.00097641634 0.00069847505 0.0010513698 0.0020750423 0.0025768015 0.0011780303 0.001097603 0.0014454538 0.0022223867 0.0010701063 0.0016662445 0.0013826109 0.0012294635 0.0009637625 0.0016248059 0.0023371729 0.0012732408 0.0015841884 0.00086153287 0.0006300587 0.0013196766 0.001872672 0.0016097042 0.0007785782 0.0018076063 0.0008406293 0.0012189818 0.0011994404 0.0021410037 0.0015779926 0.0019715596 0.0014610862 0.0012022809 0.00078986253 0.0014109182 0.0020000718 0.0016672827 0.0010619655 0.0007778633 0.0011547805 0.0020091676 0.0020881724 0.0014089679,
19,64,,,0.0062016635 0.0062016635 0.0062016635 0.0062016635 0.0062016635 0.0062016635 0.0062016635 0.0062016635 0.0062016635 0.0062016635 0.0062016635 0.0062016635 0.0062016635 0.0062016635 0.0062016635 0.0062016635 0.0062016635 0.0062016635 0.0062016635 0.0062016635 0.0062016635 0.0062016635 0.0062016635 0.0062016635 0.0062016635 0.0062016635 0.0062016635 0.0062016635 0.0062016635 0.0062016635 0.0062016635 0.0062016635 0.0062016635 0.0062016635 0.0062016635 0.0062016635 0.0062016635 0.0062016635 0.0062016635 0.0062016635 0.0062016635 0.0062016635 0.0062016635 0.0062016635 0.0062016635 0.0062016635 0.0062016635 0.0062016635 0.0062016635 0.0062016635 0.0062016635 0.0062016635 0.0062016635 0.0062016635 0.0062016635 0.0062016635 0.0062016635 0.0062016635 0.0062016635 0.0062016635 0.0062016635 0.0062016635 0.0062016635 0.0062016635,15 14 14 14 14 15 14 14 14 14 14 14 14 14 14 13 14 14 14 14 15 14 15 14 13 13 14 14 14 13 14 14 14 14 15 14 13 14 14 15 15 14 14 14 15 14 15 14 14 13 14 13 14 14 15 14 13 14 14 15 14 13 13 14
24,1x1x64x64,0.2733902 0.29675 0.6532271 0.3968413 0.39510626 0.45952395 0.6224696 0.29331374 0.44612998 0.3399881 0.39378357 0.56186646 0.5541762 0.44852674 0.43781525 0.31892335 0.36904562 0.40449572 0.34100565 0.48432893 0.4442317 0.5089938 0.4264877 0.49112555 0.35070845 0.49737033 0.43875727 0.66374147 0.35265723 0.55077106 0.36649948 0.4240241 0.25647384 0.47093543 0.27571627 0.2960636 0.40210885 0.4859716 0.38223588 0.36253232 0.6136495 0.32332343 0.35155705 0.32870513 0.5325383 0.34042966 0.36266318 0.5182711 0.258072 0.2425037 0.33848947 0.36966318 0.27066395 0.30938917 0.34621927 0.509272 0.3241331 0.2513385 0.31433767 0.35188448 0.41347107 0.5639289 0.59485 0.33494684,0.27335685 0.2967138 0.65314734 0.39679286 0.39505804 0.45946786 0.62239367 0.29327795 0.44607553 0.3399466 0.39373553 0.56179786 0.5541086 0.44847202 0.4377618 0.31888443 0.36900058 0.40444633 0.34096402 0.4842698 0.44417748 0.5089317 0.42643565 0.49106562 0.35066566 0.49730965 0.43870375 0.66366047 0.3526142 0.5507039 0.36645475 0.42397234 0.25644252 0.47087795 0.27568263 0.29602745 0.4020598 0.4859123 0.3821892 0.3624881 0.61357456 0.32328397 0.35151416 0.32866502 0.53247327 0.34038812 0.36261892 0.51820785 0.2580405 0.24247411 0.33844817 0.36961806 0.2706309 0.3093514 0.346177 0.5092099 0.32409352 0.25130785 0.31429932 0.35184154 0.41342062 0.5638601 0.5947774 0.33490598,0.0021524162 0.002336329 0.0051428922 0.0031243532 0.0031106933 0.0036178571 0.0049007377 0.002309275 0.0035124058 0.002676745 0.0031002797 0.0044236053 0.00436306 0.0035312758 0.0034469434 0.002510901 0.0029055164 0.0031846168 0.002684756 0.003813148 0.0034974604 0.004007336 0.003357761 0.0038666585 0.002761147 0.003915824 0.0034543602 0.005225673 0.0027764898 0.004336251 0.0028854704 0.003338365 0.0020192324 0.0037077004 0.0021707295 0.0023309248 0.003165825 0.003826081 0.0030093638 0.0028542369 0.004831296 0.002545543 0.002767828 0.0025879135 0.004192703 0.0026802213 0.0028552671 0.0040803766 0.0020318148 0.0019092449 0.0026649463 0.0029103784 0.002130952 0.0024358379 0.0027258033 0.0040095267 0.0025519175 0.001978802 0.0024747977 0.0027704057 0.0032552804 0.0044398434 0.004683287 0.002637055,
25,64,,,0.0077517014 0.0077517014 0.0077517014 0.0077517014 0.0077517014 0.0077517014 0.0077517014 0.0077517014 0.0077517014 0.0077517014 0.0077517014 0.0077517014 0.0077517014 0.0077517014 0.0077517014 0.0077517014 0.0077517014 0.0077517014 0.0077517014 0.0077517014 0.0077517014 0.0077517014 0.0077517014 0.0077517014 0.0077517014 0.0077517014 0.0077517014 0.0077517014 0.0077517014 0.0077517014 0.0077517014 0.0077517014 0.0077517014 0.0077517014 0.0077517014 0.0077517014 0.0077517014 0.0077517014 0.0077517014 0.0077517014 0.0077517014 0.0077517014 0.0077517014 0.0077517014 0.0077517014 0.0077517014 0.0077517014 0.0077517014 0.0077517014 0.0077517014 0.0077517014 0.0077517014 0.0077517014 0.0077517014 0.0077517014 0.0077517014 0.0077517014 0.0077517014 0.0077517014 0.0077517014 0.0077517014 0.0077517014 0.0077517014 0.0077517014,14 14 13 14 14 14 13 14 14 14 14 13 13 14 14 14 14 14 14 14 14 13 14 14 14 13 14 13 14 13 14 14 14 14 14 14 14 14 14 14 13 14 14 14 13 14 14 13 14 15 14 14 14 14 14 13 14 14 14 14 14 13 13 14
34,3x3x32x16,0.2699488 0.17646784 0.31166568 0.2017891 0.30670574 0.20902734 0.2683798 0.27465662 0.1822012 0.27962 0.114479385 0.24202654 0.326288 0.20518613 0.33627847 0.1971836,0.26991585 0.17644629 0.31162763 0.20176448 0.3066683 0.20900182 0.26834705 0.27462313 0.18217897 0.27958587 0.114465415 0.241997 0.3262482 0.20516108 0.33623743 0.19715953,0.0021253217 0.0013893408 0.002453761 0.0015886967 0.002414711 0.0016456837 0.0021129688 0.002162387 0.0014344801 0.0022014636 0.0009013025 0.0019054882 0.0025688834 0.0016154415 0.002647539 0.0015524372,
35,16,,,0.005637976 0.005637976 0.005637976 0.005637976 0.005637976 0.005637976 0.005637976 0.005637976 0.005637976 0.005637976 0.005637976 0.005637976 0.005637976 0.005637976 0.005637976 0.005637976,13 14 13 14 13 14 13 13 14 13 15 14 13 14 13 14
40,3x3x16x32,0.39227924 0.64813197 0.2118045 0.20934793 0.1740741 0.24989775 0.16576831 0.31041786 0.27848712 0.20280874 0.24712165 0.20388424 0.31539407 0.33214524 0.25424483 0.32902974 0.23883656 0.2047912 0.21622303 0.27198792 0.262069 0.26919046 0.23542927 0.25928023 0.2558527 0.22583888 0.23407727 0.21218704 0.21991473 0.28695938 0.3128621 0.19914795,0.39223135 0.6480529 0.21177866 0.2093224 0.17405286 0.24986726 0.16574809 0.31037998 0.2784531 0.20278399 0.24709149 0.20385936 0.3153556 0.3321047 0.2542138 0.32898957 0.23880741 0.20476621 0.21619664 0.27195472 0.262037 0.2691576 0.23540054 0.25924858 0.2558215 0.22581133 0.23404871 0.21216114 0.2198879 0.28692436 0.31282392 0.19912365,0.0030884359 0.0051027783 0.0016675484 0.0016482078 0.001370495 0.0019674588 0.0013051031 0.002443937 0.0021925443 0.0015967243 0.0019456022 0.0016051919 0.002483115 0.0026149978 0.0020016835 0.002590469 0.0018803733 0.0016123324 0.0017023358 0.0021413758 0.0020632835 0.0021193512 0.0018535475 0.0020413275 0.0020143425 0.001778042 0.0018429032 0.0016705601 0.0017314007 0.002259247 0.0024631806 0.0015679027,
41,32,,,0.0062016635 0.0062016635 0.0062016635 0.0062016635 0.0062016635 0.0062016635 0.0062016635 0.0062016635 0.0062016635 0.0062016635 0.0062016635 0.0062016635 0.0062016635 0.0062016635 0.0062016635 0.0062016635 0.0062016635 0.0062016635 0.0062016635 0.0062016635 0.0062016635 0.0062016635 0.0062016635 0.0062016635 0.0062016635 0.0062016635 0.0062016635 0.0062016635 0.0062016635 0.0062016635 0.0062016635 0.0062016635,14 13 15 15 15 14 15 14 14 15 15 15 14 14 14 14 15 15 15 14 14 14 15 14 14 15 15 15 15 14 14 15
53,1x1x96x128,0.30904794 0.6249723 0.3334754 0.33485672 0.3666393 0.2845944 0.29767907 0.36971092 0.48849076 0.3997357 0.23392208 0.3819952 0.3279138 0.48262313 0.34706378 0.23629662 0.3328189 0.3839631 0.33957988 0.33376274 0.44799337 0.60963744 0.24609259 0.2599475 0.32708234 0.2883294 0.3844348 0.47707286 0.2520838 0.75860536 0.4089265 0.38279393 0.24091141 0.40052933 0.59153086 0.40802127 0.45795193 0.37922555 0.39424825 0.46055064 0.42233858 0.39583406 0.3279018 0.43399385 0.35326782 0.2580016 0.35438633 0.36977693 0.5036606 0.78546524 0.2899901 0.3281029 0.32717043 0.3278449 0.37212536 0.37693104 0.35150695 0.4097322 0.32166985 0.4379181 0.43845594 0.53199476 0.3506389 0.36287913 0.33747756 0.35460857 0.45301652 0.2930074 0.32104638 0.31864858 0.45868975 0.33265996 0.30075958 0.3223977 0.41923708 0.45496663 0.33662173 0.4283294 0.40553 0.36831635 0.34586605 0.478017 0.34926024 0.4115936 0.4361078 0.35919827 0.31659546 0.35339317 0.28423306 0.3122739 0.3010681 0.28161028 0.41101745 0.34452587 0.29463097 0.3005987 0.52460736 0.29808676 0.31560573 0.32570204 0.3510905 0.3386393 0.35338002 0.35858008 0.32082012 0.31812054 0.3094025 0.51095873 0.29841766 0.31045604 0.37965038 0.385213 0.36284062 0.31796628 0.32519808 0.29922962 0.3928406 0.36961195 0.29618645 0.29273137 0.3145036 0.3675279 0.32815534 0.49407694 0.44572243 0.37278533 0.40472388 0.39775938,0.30901024 0.62489605 0.33343473 0.33481586 0.36659452 0.28455964 0.29764274 0.3696658 0.48843113 0.3996869 0.23389353 0.38194856 0.32787377 0.4825642 0.34702143 0.23626778 0.33277828 0.38391623 0.33953846 0.333722 0.4479387 0.60956305 0.24606255 0.25991577 0.3270424 0.28829423 0.38438785 0.47701466 0.25205302 0.7585128 0.4088766 0.38274723 0.24088201 0.40048045 0.5914587 0.40797147 0.45789602 0.37917927 0.39420012 0.46049443 0.42228702 0.39578575 0.3278618 0.4339409 0.35322472 0.25797012 0.3543431 0.3697318 0.50359917 0.7853694 0.28995472 0.32806286 0.3271305 0.3278049 0.37207994 0.37688506 0.35146403 0.40968218 0.3216306 0.43786463 0.4384024 0.5319298 0.3505961 0.36283484 0.33743638 0.3545653 0.45296124 0.29297164 0.32100722 0.31860968 0.45863375 0.33261937 0.3007229 0.32235837 0.4191859 0.4549111 0.33658063 0.42827713 0.40548053 0.36827138 0.34582382 0.47795865 0.34921762 0.41154334 0.4360546 0.35915443 0.3165568 0.35335004 0.28419837 0.31223577 0.30103135 0.28157592 0.4109673 0.34448382 0.29459503 0.30056202 0.52454334 0.2980504 0.3155672 0.3256623 0.35104766 0.33859798 0.3533369 0.3585363 0.32078096 0.31808174 0.30936474 0.5108964 0.29838124 0.31041813 0.37960407 0.38516596 0.36279634 0.31792748 0.32515842 0.29919308 0.39279267 0.36956686 0.2961503 0.29269567 0.31446522 0.36748305 0.32811528 0.49401665 0.44566804 0.37273985 0.40467447 0.39771083,0.0024331515 0.004920441 0.0026254703 0.0026363453 0.002886571 0.002240627 0.0023436437 0.0029107544 0.0038459143 0.003147141 0.0018416813 0.003007469 0.0025816832 0.003799718 0.0027324522 0.0018603762 0.0026203014 0.0030229625 0.0026735312 0.0026277322 0.0035270764 0.004799709 0.0019375003 0.002046581 0.002575137 0.0022700334 0.003026676 0.003756021 0.0019846694 0.005972542 0.0032195009 0.0030137578 0.0018967087 0.0031533893 0.004657155 0.0032123737 0.0036054805 0.0029856635 0.003103938 0.0036259403 0.0033250947 0.0031164233 0.002581589 0.0034168574 0.002781297 0.0020312609 0.002790103 0.002911274 0.0039653475 0.0061840108 0.002283108 0.0025831722 0.0025758308 0.002581141 0.0029297634 0.0029675988 0.0027674334 0.003225844 0.0025325243 0.003447753 0.0034519874 0.0041884235 0.0027605991 0.0028569673 0.0026569793 0.0027918527 0.003566624 0.0023068632 0.002527616 0.0025087376 0.0036112894 0.0026190502 0.0023678967 0.002538255 0.0033006764 0.0035819772 0.0026502411 0.0033722608 0.00319276 0.0028997746 0.0027230221 0.003763454 0.002749745 0.0032404987 0.0034335006 0.0028279878 0.0024925733 0.0027822838 0.0022377826 0.0024585493 0.0023703256 0.0022171333 0.003235963 0.002712471 0.0023196458 0.0023666301 0.0041302624 0.0023468535 0.002484781 0.0025642703 0.002764155 0.0026661258 0.0027821802 0.0028231204 0.0025258344 0.0025045807 0.0024359429 0.004022806 0.0023494586 0.0024442372 0.0029890083 0.0030328028 0.0028566641 0.002503366 0.0025603024 0.002355851 0.0030928557 0.0029099754 0.002331892 0.0023046904 0.002476104 0.0028935673 0.002583585 0.0038898948 0.0035091972 0.0029349595 0.003186413 0.0031315812,
54,128,,,0.0065280003 0.0065280003 0.0065280003 0.0065280003 0.0065280003 0.0065280003 0.0065280003 0.0065280003 0.0065280003 0.0065280003 0.0065280003 0.0065280003 0.0065280003 0.0065280003 0.0065280003 0.0065280003 0.0065280003 0.0065280003 0.0065280003 0.0065280003 0.0065280003 0.0065280003 0.0065280003 0.0065280003 0.0065280003 0.0065280003 0.0065280003 0.0065280003 0.0065280003 0.0065280003 0.0065280003 0.0065280003 0.0065280003 0.0065280003 0.0065280003 0.0065280003 0.0065280003 0.0065280003 0.0065280003 0.0065280003 0.0065280003 0.0065280003 0.0065280003 0.0065280003 0.0065280003 0.0065280003 0.0065280003 0.0065280003 0.0065280003 0.0065280003 0.0065280003 0.0065280003 0.0065280003 0.0065280003 0.0065280003 0.0065280003 0.0065280003 0.0065280003 0.0065280003 0.0065280003 0.0065280003 0.0065280003 0.0065280003 0.0065280003 0.0065280003 0.0065280003 0.0065280003 0.0065280003 0.0065280003 0.0065280003 0.0065280003 0.0065280003 0.0065280003 0.0065280003 0.0065280003 0.0065280003 0.0065280003 0.0065280003 0.0065280003 0.0065280003 0.0065280003 0.0065280003 0.0065280003 0.0065280003 0.0065280003 0.0065280003 0.0065280003 0.0065280003 0.0065280003 0.0065280003 0.0065280003 0.0065280003 0.0065280003 0.0065280003 0.0065280003 0.0065280003 0.0065280003 0.0065280003 0.0065280003 0.0065280003 0.0065280003 0.0065280003 0.0065280003 0.0065280003 0.0065280003 0.0065280003 0.0065280003 0.0065280003 0.0065280003 0.0065280003 0.0065280003 0.0065280003 0.0065280003 0.0065280003 0.0065280003 0.0065280003 0.0065280003 0.0065280003 0.0065280003 0.0065280003 0.0065280003 0.0065280003 0.0065280003 0.0065280003 0.0065280003 0.0065280003 0.0065280003 0.0065280003,14 13 14 14 14 14 14 14 14 14 15 14 14 14 14 15 14 14 14 14 14 13 15 14 14 14 14 14 14 13 14 14 15 14 13 14 14 14 14 14 14 14 14 14 14 14 14 14 13 13 14 14 14 14 14 14 14 14 14 14 14 13 14 14 14 14 14 14 14 14 14 14 14 14 14 14 14 14 14 14 14 14 14 14 14 14 14 14 14 14 14 14 14 14 14 14 13 14 14 14 14 14 14 14 14 14 14 13 14 14 14 14 14 14 14 14 14 14 14 14 14 14 14 14 14 14 14 14
59,3x3x128x128,0.066313766 0.07170354 0.048876837 0.0560908 0.06904483 0.078441985 0.05844648 0.060994938 0.07362261 0.047568765 0.08086737 0.07499487 0.06600769 0.0789948 0.06999639 0.096977495 0.09118225 0.06648046 0.046028093 0.079626225 0.07636267 0.05649478 0.11317938 0.051339798 0.053024378 0.0734196 0.080466986 0.06981769 0.05806683 0.08299731 0.0679376 0.04866271 0.068060584 0.072798274 0.094182365 0.07449147 0.083447255 0.06473575 0.054518636 0.08365073 0.066221386 0.07129532 0.05873491 0.059159677 0.042029303 0.051664513 0.076738164 0.08798355 0.06720368 0.06479867 0.058622923 0.07752277 0.04732414 0.073235236 0.05150725 0.07846256 0.11122274 0.060840283 0.04759634 0.06300799 0.072427034 0.07120175 0.05205847 0.062459994 0.05502973 0.07193033 0.0736067 0.060354922 0.047272455 0.062168207 0.06441363 0.0706081 0.08070268 0.07215922 0.07268205 0.06768404 0.08881767 0.08981497 0.08809515 0.071366884 0.06926013 0.04919716 0.06416667 0.05433509 0.05427285 0.05155403 0.057699088 0.07399369 0.0687109 0.06708362 0.055193458 0.07656053 0.07231376 0.062448338 0.061031654 0.054415982 0.06886036 0.07809511 0.06399104 0.10843812 0.068714365 0.082456976 0.11214022 0.068289146 0.07464584 0.05762044 0.08046613 0.06958119 0.07611164 0.06998599 0.048736446 0.06196021 0.062354162 0.060617708 0.06663357 0.067621484 0.07192531 0.08495886 0.077351205 0.08037802 0.062416684 0.06778743 0.07667872 0.046054486 0.07271036 0.05474821 0.075036444 0.07301775,0.066305675 0.07169479 0.048870873 0.056083955 0.0690364 0.07843241 0.05843935 0.060987495 0.07361362 0.047562957 0.08085751 0.07498571 0.065999635 0.07898516 0.06998785 0.096965656 0.09117112 0.066472344 0.046022475 0.0796165 0.07635335 0.056487884 0.113165565 0.05133353 0.053017907 0.073410645 0.080457166 0.069809176 0.05805974 0.082987174 0.067929305 0.048656773 0.06805228 0.072789386 0.094170876 0.07448238 0.08343707 0.06472784 0.054511983 0.08364052 0.06621331 0.07128662 0.05872774 0.059152458 0.042024173 0.05165821 0.0767288 0.08797281 0.067195475 0.064790756 0.058615766 0.07751331 0.04731836 0.0732263 0.05150096 0.07845299 0.11120916 0.060832858 0.047590528 0.0630003 0.07241819 0.071193054 0.052052114 0.062452372 0.055023015 0.07192155 0.07359772 0.060347557 0.04726669 0.062160622 0.06440577 0.07059949 0.08069283 0.07215042 0.07267319 0.067675784 0.08880683 0.08980401 0.0880844 0.071358174 0.06925167 0.04919116 0.06415884 0.05432846 0.054266226 0.05154774 0.057692047 0.07398466 0.06870251 0.06707543 0.055186722 0.076551184 0.072304934 0.062440716 0.061024204 0.054409344 0.068851955 0.07808558 0.06398323 0.10842489 0.06870598 0.08244692 0.11212654 0.068280816 0.074636735 0.05761341 0.08045631 0.0695727 0.07610235 0.06997745 0.0487305 0.061952647 0.062346555 0.06061031 0.06662543 0.06761324 0.071916535 0.084948495 0.077341765 0.08036821 0.062409066 0.06777915 0.076669365 0.04604887 0.072701484 0.05474153 0.07502729 0.07300884,0.0005220919 0.0005645259 0.00038481003 0.00044160595 0.0005435937 0.00061757804 0.00046015237 0.0004802165 0.0005796348 0.00037451147 0.0006366733 0.00059043866 0.0005196822 0.0006219304 0.0005510854 0.0007635091 0.0007178829 0.0005234043 0.0003623817 0.0006269016 0.0006012075 0.00044478648 0.00089106744 0.00040420104 0.00041746383 0.0005780366 0.000633521 0.0005496786 0.00045716332 0.00065344234 0.0005348764 0.0003831242 0.0005358447 0.00057314476 0.00074150297 0.0005864754 0.0006569848 0.000509668 0.0004292282 0.0006585868 0.0005213646 0.00056131196 0.00046242317 0.00046576737 0.000330899 0.00040675755 0.00060416374 0.00069269934 0.0005290982 0.00051016343 0.00046154147 0.000610341 0.00037258552 0.00057658507 0.0004055194 0.0006177401 0.00087566266 0.00047899887 0.00037472855 0.00049606536 0.000570222 0.0005605752 0.00040985917 0.00049175095 0.00043325208 0.0005663114 0.0005795096 0.00047517763 0.00037217865 0.0004894537 0.00050713203 0.0005559015 0.0006353766 0.0005681135 0.0005722298 0.0005328802 0.0006992664 0.0007071182 0.0006935779 0.0005618754 0.0005452887 0.00038733197 0.0005051877 0.00042778315 0.00042729313 0.00040588772 0.0004542681 0.00058255636 0.00054096465 0.000528153 0.0004345411 0.00060276524 0.0005693302 0.00049165916 0.00048050555 0.00042842003 0.0005421414 0.00061484706 0.000503805 0.0008537393 0.000540992 0.00064918835 0.0008828861 0.0005376442 0.00058769085 0.00045364889 0.00063351425 0.00054781657 0.0005992311 0.0005510035 0.00038370473 0.0004878161 0.00049091777 0.00047724653 0.0005246097 0.0005323877 0.00056627195 0.00066888577 0.00060899026 0.0006328206 0.00049140997 0.0005336941 0.0006036958 0.00036258952 0.0005724526 0.00043103567 0.000590766 0.00057487277,
60,128,,,0.0056379763 0.0056379763 0.0056379763 0.0056379763 0.0056379763 0.0056379763 0.0056379763 0.0056379763 0.0056379763 0.0056379763 0.0056379763 0.0056379763 0.0056379763 0.0056379763 0.0056379763 0.0056379763 0.0056379763 0.0056379763 0.0056379763 0.0056379763 0.0056379763 0.0056379763 0.0056379763 0.0056379763 0.0056379763 0.0056379763 0.0056379763 0.0056379763 0.0056379763 0.0056379763 0.0056379763 0.0056379763 0.0056379763 0.0056379763 0.0056379763 0.0056379763 0.0056379763 0.0056379763 0.0056379763 0.0056379763 0.0056379763 0.0056379763 0.0056379763 0.0056379763 0.0056379763 0.0056379763 0.0056379763 0.0056379763 0.0056379763 0.0056379763 0.0056379763 0.0056379763 0.0056379763 0.0056379763 0.0056379763 0.0056379763 0.0056379763 0.0056379763 0.0056379763 0.0056379763 0.0056379763 0.0056379763 0.0056379763 0.0056379763 0.0056379763 0.0056379763 0.0056379763 0.0056379763 0.0056379763 0.0056379763 0.0056379763 0.0056379763 0.0056379763 0.0056379763 0.0056379763 0.0056379763 0.0056379763 0.0056379763 0.0056379763 0.0056379763 0.0056379763 0.0056379763 0.0056379763 0.0056379763 0.0056379763 0.0056379763 0.0056379763 0.0056379763 0.0056379763 0.0056379763 0.0056379763 0.0056379763 0.0056379763 0.0056379763 0.0056379763 0.0056379763 0.0056379763 0.0056379763 0.0056379763 0.0056379763 0.0056379763 0.0056379763 0.0056379763 0.0056379763 0.0056379763 0.0056379763 0.0056379763 0.0056379763 0.0056379763 0.0056379763 0.0056379763 0.0056379763 0.0056379763 0.0056379763 0.0056379763 0.0056379763 0.0056379763 0.0056379763 0.0056379763 0.0056379763 0.0056379763 0.0056379763 0.0056379763 0.0056379763 0.0056379763 0.0056379763 0.0056379763 0.0056379763,14 14 15 15 14 14 15 15 14 15 14 14 14 14 14 14 14 14 15 14 14 15 14 15 15 14 14 14 15 14 14 15 14 14 14 14 14 14 15 14 14 14 15 15 15 15 14 14 14 14 15 14 15 14 15 14 14 15 15 14 14 14 15 14 15 14 14 15 15 14 14 14 14 14 14 14 14 14 14 14 14 15 14 15 15 15 15 14 14 14 15 14 14 14 15 15 14 14 14 14 14 14 14 14 14 15 14 14 14 14 15 14 14 15 14 14 14 14 14 14 14 14 14 15 14 15 14 14
65,1x1x128x128,0.28431526 0.38704115 0.24935293 0.2062912 0.26655576 0.40147045 0.23981859 0.33013138 0.26156253 0.25313616 0.269296 0.21155678 0.35168993 0.36561763 0.3284627 0.28255934 0.30986843 0.28241906 0.2701785 0.46910876 0.37255666 0.27540743 0.31592432 0.26591706 0.40296197 0.36843038 0.33842352 0.31444913 0.2489545 0.34368232 0.39129645 0.2545645 0.38078833 0.20616584 0.3019769 0.32806477 0.27781144 0.2211873 0.25914285 0.2586671 0.26047263 0.33824828 0.39110637 0.38183463 0.3150228 0.26111042 0.33314753 0.31013379 0.26056942 0.2805298 0.27499768 0.2797415 0.28411627 0.26547763 0.2641068 0.31484592 0.35055715 0.40206167 0.22849026 0.27868617 0.26714882 0.2630325 0.33330277 0.40967524 0.21316537 0.19154604 0.29282236 0.24706867 0.21095642 0.27221557 0.2613532 0.17717974 0.23668905 0.17718957 0.18929707 0.20004626 0.16911346 0.20189802 0.2867984 0.20456024 0.1448504 0.16395488 0.29217565 0.23878928 0.159345 0.24805409 0.2232041 0.18223225 0.16164519 0.24730243 0.18299502 0.39091328 0.21877868 0.20846352 0.2876399 0.14971624 0.16186632 0.20694812 0.23423797 0.21277483 0.13686484 0.2244532 0.20533356 0.1930171 0.17722349 0.20004126 0.16576695 0.17219181 0.15909812 0.21020645 0.18906601 0.19237626 0.22907156 0.13298938 0.17130142 0.18760075 0.3008897 0.2794985 0.21755698 0.22110413 0.2269069 0.18199842 0.16042188 0.22144687 0.28381112 0.19397193 0.2199346 0.18308498,0.28428054 0.3869939 0.2493225 0.20626603 0.26652324 0.40142146 0.23978932 0.3300911 0.2615306 0.25310528 0.26926312 0.21153097 0.35164702 0.36557302 0.3284226 0.28252485 0.3098306 0.2823846 0.2701455 0.4690515 0.3725112 0.27537382 0.31588578 0.2658846 0.4029128 0.36838543 0.3383822 0.31441078 0.24892412 0.34364036 0.39124867 0.2545334 0.38074183 0.20614067 0.30194005 0.32802472 0.27777755 0.22116031 0.25911123 0.25863555 0.26044086 0.338207 0.39105865 0.38178805 0.31498435 0.26107857 0.33310688 0.31009594 0.26053762 0.28049555 0.27496412 0.27970737 0.28408158 0.26544523 0.2640746 0.31480747 0.35051438 0.4020126 0.22846237 0.27865216 0.26711622 0.2630004 0.3332621 0.40962526 0.21313936 0.19152266 0.29278663 0.24703851 0.21093069 0.27218238 0.2613213 0.17715812 0.23666015 0.17716795 0.18927395 0.20002183 0.16909282 0.20187339 0.28676337 0.20453526 0.14483272 0.16393487 0.29213998 0.23876014 0.15932555 0.24802382 0.22317687 0.18221 0.16162546 0.24727224 0.1829727 0.39086556 0.21875198 0.20843807 0.28760478 0.14969797 0.16184658 0.20692286 0.23420937 0.21274887 0.13684814 0.2244258 0.20530851 0.19299354 0.17720185 0.20001684 0.16574673 0.17217079 0.1590787 0.2101808 0.18904293 0.19235279 0.2290436 0.13297315 0.17128052 0.18757784 0.30085298 0.2794644 0.21753043 0.22107714 0.2268792 0.18197621 0.1604023 0.22141986 0.2837765 0.19394827 0.21990775 0.18306263,0.0022384294 0.0030471962 0.0019631693 0.0016241419 0.0020986083 0.003160799 0.001888105 0.0025991425 0.0020592962 0.0019929549 0.0021201822 0.0016655981 0.0027688742 0.0028785276 0.0025860048 0.002224605 0.0024396111 0.0022235007 0.00212713 0.003693319 0.002933159 0.0021682978 0.0024872897 0.0020935796 0.0031725417 0.0029006726 0.0026644268 0.0024756754 0.0019600324 0.0027058297 0.0030806982 0.0020042001 0.0029979672 0.0016231549 0.0023774807 0.0025828718 0.0021872248 0.0017414198 0.0020402458 0.0020365005 0.0020507155 0.0026630473 0.003079202 0.0030062052 0.0024801916 0.0020557367 0.002622889 0.0024417003 0.0020514773 0.0022086264 0.002165072 0.0022024203 0.002236863 0.00209012 0.0020793276 0.002478799 0.0027599558 0.0031654534 0.0017989163 0.0021941115 0.0021032772 0.0020708693 0.002624111 0.0032253957 0.0016782626 0.0015080525 0.0023054066 0.0019451851 0.0016608716 0.0021431684 0.002057648 0.0013949458 0.0018634658 0.0013950232 0.001490346 0.0015749751 0.0013314395 0.0015895542 0.0022579792 0.0016105139 0.0011404151 0.0012908258 0.0023003148 0.0018800012 0.0012545319 0.0019529435 0.0017572981 0.0014347244 0.0012726415 0.0019470255 0.00144073 0.0030776816 0.0017224565 0.0016412446 0.0022646047 0.0011787242 0.0012743825 0.0016293138 0.0018441683 0.001675188 0.0010775444 0.0017671322 0.0016166024 0.0015196342 0.0013952901 0.0015749357 0.0013050924 0.0013556755 0.0012525882 0.001654967 0.0014885269 0.0015145888 0.0018034929 0.0010470327 0.0013486654 0.0014769909 0.0023689212 0.002200507 0.0017128381 0.001740765 0.0017864504 0.0014328836 0.0012630102 0.0017434635 0.0022344606 0.0015271517 0.0017315571 0.001441438,
66,128,,,0.006528 0.006528 0.006528 0.006528 0.006528 0.006528 0.006528 0.006528 0.006528 0.006528 0.006528 0.006528 0.006528 0.006528 0.006528 0.006528 0.006528 0.006528 0.006528 0.006528 0.006528 0.006528 0.006528 0.006528 0.006528 0.006528 0.006528 0.006528 0.006528 0.006528 0.006528 0.006528 0.006528 0.006528 0.006528 0.006528 0.006528 0.006528 0.006528 0.006528 0.006528 0.006528 0.006528 0.006528 0.006528 0.006528 0.006528 0.006528 0.006528 0.006528 0.006528 0.006528 0.006528 0.006528 0.006528 0.006528 0.006528 0.006528 0.006528 0.006528 0.006528 0.006528 0.006528 0.006528 0.006528 0.006528 0.006528 0.006528 0.006528 0.006528 0.006528 0.006528 0.006528 0.006528 0.006528 0.006528 0.006528 0.006528 0.006528 0.006528 0.006528 0.006528 0.006528 0.006528 0.006528 0.006528 0.006528 0.006528 0.006528 0.006528 0.006528 0.006528 0.006528 0.006528 0.006528 0.006528 0.006528 0.006528 0.006528 0.006528 0.006528 0.006528 0.006528 0.006528 0.006528 0.006528 0.006528 0.006528 0.006528 0.006528 0.006528 0.006528 0.006528 0.006528 0.006528 0.006528 0.006528 0.006528 0.006528 0.006528 0.006528 0.006528 0.006528 0.006528 0.006528 0.006528 0.006528 0.006528,13 13 13 14 13 13 14 13 13 13 13 14 13 13 13 13 13 13 13 13 13 13 13 13 13 13 13 13 13 13 13 13 13 14 13 13 13 14 13 13 13 13 13 13 13 13 13 13 13 13 13 13 13 13 13 13 13 13 14 13 13 13 13 13 14 14 13 14 14 13 13 14 14 14 14 14 14 14 13 14 14 14 13 14 14 13 14 14 14 14 14 13 14 14 13 14 14 14 14 14 14 14 14 14 14 14 14 14 14 14 14 14 14 14 14 14 13 13 14 14 14 14 14 14 13 14 14 14
75,3x3x64x32,0.09023253 0.1232403 0.15372404 0.12370212 0.12078351 0.16353744 0.13706036 0.1161675 0.09351711 0.15587412 0.1433078 0.17255887 0.13960661 0.14406413 0.18292074 0.1526177 0.124297895 0.11876997 0.13430536 0.12213533 0.154049 0.105581574 0.12561934 0.13472188 0.12577294 0.12437235 0.11088903 0.103734 0.13035734 0.14099473 0.09923979 0.0901226,0.09022152 0.123225264 0.15370528 0.12368702 0.12076876 0.16351748 0.13704364 0.11615332 0.093505695 0.1558551 0.14329033 0.1725378 0.13958956 0.14404655 0.18289842 0.15259907 0.124282725 0.118755475 0.13428897 0.12212043 0.1540302 0.105568685 0.125604 0.13470542 0.12575759 0.12435717 0.110875495 0.10372134 0.13034144 0.14097753 0.09922768 0.090111606,0.00071040564 0.00097027764 0.0012102778 0.0009739135 0.0009509351 0.0012875391 0.0010790838 0.0009145931 0.0007362653 0.0012272055 0.0011282703 0.0013585654 0.0010991304 0.0011342248 0.001440145 0.0012015675 0.0009786042 0.0009350825 0.0010573934 0.0009615782 0.0012128362 0.00083124946 0.0009890079 0.0010606727 0.0009902172 0.0009791903 0.0008730354 0.0008167035 0.0010263106 0.0011100593 0.0007813203 0.0007095402,
76,32,,,0.0051682214 0.0051682214 0.0051682214 0.0051682214 0.0051682214 0.0051682214 0.0051682214 0.0051682214 0.0051682214 0.0051682214 0.0051682214 0.0051682214 0.0051682214 0.0051682214 0.0051682214 0.0051682214 0.0051682214 0.0051682214 0.0051682214 0.0051682214 0.0051682214 0.0051682214 0.0051682214 0.0051682214 0.0051682214 0.0051682214 0.0051682214 0.0051682214 0.0051682214 0.0051682214 0.0051682214 0.0051682214,15 15 14 15 15 14 14 15 15 14 14 14 14 14 14 14 14 15 14 15 14 15 14 14 14 14 15 15 14 14 15 15
81,3x3x32x64,0.18133445 0.23209889 0.23251207 0.24224314 0.26923576 0.24002343 0.24609588 0.17499068 0.30259815 0.1931904 0.18741497 0.21624584 0.23917226 0.15809752 0.18545252 0.23372322 0.28178155 0.21968503 0.19322844 0.1764587 0.1648383 0.27123725 0.22132513 0.1949418 0.2331919 0.23365635 0.25594413 0.3221 0.25666928 0.22092804 0.21633637 0.22476776 0.19287091 0.21673675 0.17664298 0.21228275 0.23663335 0.18772538 0.2122793 0.17947553 0.21990259 0.16713001 0.24101308 0.26176563 0.30522892 0.21778363 0.20774023 0.18588161 0.15715602 0.18299818 0.22060019 0.21102196 0.30311036 0.18003936 0.25581568 0.18580237 0.2217287 0.17237556 0.14233394 0.18397513 0.2570326 0.15143578 0.20581771 0.20607798,0.18131232 0.23207057 0.23248369 0.24221358 0.26920292 0.23999414 0.24606586 0.17496933 0.30256122 0.19316682 0.1873921 0.21621946 0.23914307 0.15807822 0.18542989 0.2336947 0.28174716 0.21965823 0.19320486 0.17643717 0.16481818 0.27120417 0.22129813 0.19491802 0.23316345 0.23362784 0.2559129 0.3220607 0.25663796 0.22090107 0.21630996 0.22474033 0.19284739 0.2167103 0.17662144 0.21225685 0.23660447 0.18770246 0.2122534 0.17945363 0.21987575 0.16710961 0.24098366 0.26173368 0.30519167 0.21775706 0.20771487 0.18585892 0.15713684 0.18297584 0.22057328 0.2109962 0.30307338 0.1800174 0.25578448 0.1857797 0.22170164 0.17235452 0.14231658 0.18395267 0.25700125 0.15141729 0.2057926 0.20605282,0.001427656 0.0018273273 0.0018305802 0.0019071936 0.002119708 0.0018897176 0.0019375264 0.0013777113 0.0023823718 0.0015209985 0.0014755283 0.0017025154 0.0018830163 0.0012447104 0.0014600778 0.0018401158 0.0022184816 0.0017295923 0.0015212982 0.001389269 0.001297781 0.0021354659 0.001742505 0.0015347876 0.0018359326 0.0018395893 0.0020150621 0.002535911 0.0020207714 0.0017393786 0.0017032281 0.0017696088 0.0015184834 0.0017063803 0.00139072 0.0016713138 0.0018630273 0.0014779721 0.0016712866 0.0014130207 0.0017313052 0.0013158236 0.0018975092 0.002060895 0.002403084 0.0017146225 0.0016355502 0.0014634561 0.001237298 0.0014407546 0.0017367975 0.0016613874 0.0023864044 0.0014174598 0.002014051 0.0014628323 0.0017456822 0.0013571222 0.001120603 0.0014484463 0.002023632 0.001192262 0.0016204142 0.0016224632,
82,64,,,0.004770726 0.004770726 0.004770726 0.004770726 0.004770726 0.004770726 0.004770726 0.004770726 0.004770726 0.004770726 0.004770726 0.004770726 0.004770726 0.004770726 0.004770726 0.004770726 0.004770726 0.004770726 0.004770726 0.004770726 0.004770726 0.004770726 0.004770726 0.004770726 0.004770726 0.004770726 0.004770726 0.004770726 0.004770726 0.004770726 0.004770726 0.004770726 0.004770726 0.004770726 0.004770726 0.004770726 0.004770726 0.004770726 0.004770726 0.004770726 0.004770726 0.004770726 0.004770726 0.004770726 0.004770726 0.004770726 0.004770726 0.004770726 0.004770726 0.004770726 0.004770726 0.004770726 0.004770726 0.004770726 0.004770726 0.004770726 0.004770726 0.004770726 0.004770726 0.004770726 0.004770726 0.004770726 0.004770726 0.004770726,15 15 15 15 14 15 15 15 14 15 15 15 15 15 15 15 14 15 15 15 15 14 15 15 15 15 14 14 14 15 15 15 15 15 15 15 15 15 15 15 15 15 15 14 14 15 15 15 15 15 15 15 14 15 14 15 15 15 15 15 14 15 15 15
94,1x1x192x256,0.27251542 0.17132343 0.29969224 0.21895772 0.21664357 0.16309202 0.17800078 0.23143792 0.22942264 0.29150996 0.23255955 0.22359471 0.24310884 0.19828244 0.24845363 0.2056692 0.23387618 0.29629079 0.2410671 0.21511199 0.2989304 0.21059805 0.22828835 0.17676172 0.241146 0.25774458 0.21906263 0.28318232 0.26702422 0.24696448 0.20926943 0.19460875 0.2137729 0.2006793 0.27660796 0.21554737 0.16419527 0.2485615 0.19490193 0.22898947 0.19478065 0.17530537 0.28880703 0.16302268 0.22762255 0.30002722 0.24374768 0.24234043 0.26203927 0.25157297 0.1791622 0.23703097 0.22603391 0.36201385 0.25505096 0.19630001 0.2529347 0.23861519 0.22869508 0.30020836 0.16164345 0.21216704 0.26278412 0.22305404 0.24381492 0.24494305 0.1968888 0.32488605 0.2128385 0.19070154 0.1998101 0.20114678 0.35143575 0.19840427 0.21770403 0.21068141 0.2550599 0.2578577 0.16931699 0.18333349 0.23023583 0.2780499 0.25925562 0.21547599 0.15349998 0.20960522 0.2047663 0.18443318 0.19653822 0.36613908 0.28928804 0.2686502 0.21065322 0.35842285 0.19497572 0.2246157 0.24694858 0.20791985 0.24680716 0.23740262 0.18283214 0.26195517 0.350819 0.22357748 0.2863923 0.21613638 0.19797814 0.24301834 0.26083168 0.16886504 0.19761252 0.2064681 0.15632667 0.3188302 0.21110068 0.20189086 0.2319069 0.16874766 0.26626801 0.22607356 0.268907 0.20960094 0.24869867 0.24466765 0.24236867 0.25862488 0.19194369 0.1883199 0.23081441 0.22037296 0.19088255 0.22933371 0.23208469 0.22022237 0.22452879 0.2742731 0.25841138 0.2507927 0.24194892 0.18812427 0.28670862 0.20367396 0.18347397 0.19675837 0.22408453 0.25387007 0.19878788 0.18094026 0.23744999 0.2592464 0.21601605 0.28954503 0.21716902 0.2024068 0.2190752 0.15798698 0.24689609 0.19855201 0.24945371 0.23009 0.26629815 0.26255277 0.20876549 0.29593518 0.21223271 0.16655111 0.16428213 0.24069685 0.24331853 0.35031977 0.3168344 0.26862928 0.23364714 0.28230795 0.23021542 0.32446867 0.24373758 0.23102944 0.24278393 0.2627672 0.22794937 0.18212278 0.19877137 0.22568488 0.3161999 0.21980031 0.19744237 0.24059671 0.20214383 0.20885569 0.30121577 0.2578304 0.2549185 0.26677004 0.20855315 0.20678283 0.22714607 0.23880637 0.1979845 0.24331655 0.33498046 0.21054858 0.27919474 0.1830399 0.27387515 0.17154604 0.24714373 0.23461248 0.1613648 0.19369002 0.2167877 0.28842163 0.25425375 0.27088073 0.27777576 0.25405517 0.22067705 0.22408284 0.2183861 0.22671013 0.28664374 0.20968997 0.260611 0.22825214 0.23443152 0.23348244 0.19305035 0.2767863 0.29545438 0.2703006 0.27595338 0.3437131 0.37428892 0.21677311 0.22372878 0.18727104 0.20385374 0.27615213 0.2866547 0.26447865 0.23934329 0.25417194 0.22115403 0.23657566 0.22470881 0.19919404 0.17719392 0.25110072 0.20228831 0.17200543 0.2565802 0.18506974 0.20928842 0.25656694 0.26565894 0.2179087,0.27248216 0.17130253 0.29965568 0.21893099 0.21661712 0.16307212 0.17797905 0.23140967 0.22939464 0.2914744 0.23253118 0.22356743 0.24307917 0.19825824 0.24842331 0.20564409 0.23384763 0.2962546 0.24103767 0.21508573 0.29889393 0.21057235 0.2282605 0.17674015 0.24111657 0.2577131 0.2190359 0.28314778 0.26699162 0.24693435 0.2092439 0.194585 0.2137468 0.20065482 0.27657422 0.21552105 0.16417523 0.24853118 0.19487815 0.22896151 0.19475687 0.17528397 0.2887718 0.16300279 0.22759478 0.29999062 0.24371792 0.24231085 0.2620073 0.25154227 0.17914033 0.23700203 0.22600633 0.36196965 0.2550198 0.19627607 0.25290382 0.23858605 0.22866717 0.3001717 0.16162372 0.21214116 0.26275206 0.22302681 0.24378516 0.24491316 0.19686478 0.3248464 0.21281253 0.19067827 0.19978571 0.20112222 0.35139287 0.19838005 0.21767746 0.21065569 0.25502875 0.25782624 0.16929634 0.18331112 0.23020774 0.27801597 0.259224 0.2154497 0.15348125 0.20957965 0.20474131 0.18441068 0.19651425 0.36609438 0.28925276 0.26861742 0.21062751 0.35837913 0.19495192 0.22458829 0.24691845 0.20789447 0.24677703 0.23737364 0.18280981 0.26192322 0.3507762 0.2235502 0.28635734 0.21611 0.19795397 0.24298868 0.26079985 0.16884443 0.1975884 0.20644291 0.15630758 0.3187913 0.21107492 0.20186621 0.2318786 0.16872707 0.2662355 0.22604598 0.2688742 0.20957537 0.24866831 0.24463779 0.24233909 0.25859332 0.19192027 0.18829691 0.23078623 0.22034606 0.19085924 0.22930573 0.23205636 0.2201955 0.22450139 0.27423963 0.25837985 0.2507621 0.2419194 0.18810132 0.28667364 0.2036491 0.1834516 0.19673435 0.22405717 0.2538391 0.19876362 0.18091817 0.23742102 0.2592148 0.2159897 0.2895097 0.21714252 0.2023821 0.21904847 0.1579677 0.24686596 0.19852778 0.24942327 0.23006192 0.26626563 0.26252073 0.20874001 0.29589906 0.21220681 0.16653079 0.16426207 0.24066746 0.24328883 0.35027704 0.3167957 0.2685965 0.23361863 0.2822735 0.23018731 0.3244291 0.24370784 0.23100124 0.2427543 0.26273513 0.22792155 0.18210056 0.19874711 0.22565733 0.3161613 0.21977349 0.19741827 0.24056734 0.20211917 0.20883021 0.301179 0.25779894 0.25488737 0.26673746 0.2085277 0.2067576 0.22711834 0.23877722 0.19796033 0.24328685 0.3349396 0.21052288 0.27916065 0.18301757 0.27384174 0.1715251 0.24711357 0.23458384 0.16134511 0.19366637 0.21676123 0.28838643 0.25422272 0.27084765 0.27774185 0.25402415 0.2206501 0.2240555 0.21835946 0.22668245 0.28660876 0.20966437 0.2605792 0.22822428 0.23440291 0.23345394 0.1930268 0.2767525 0.29541832 0.2702676 0.2759197 0.34367117 0.37424326 0.21674664 0.22370146 0.1872482 0.20382887 0.27611843 0.28661972 0.26444638 0.23931408 0.2541409 0.22112703 0.2365468 0.22468138 0.19916973 0.1771723 0.25107005 0.20226364 0.17198445 0.2565489 0.18504716 0.20926288 0.25653565 0.26562652 0.21788211,0.0021455288 0.0013488388 0.0023594934 0.0017238661 0.0017056466 0.0012840325 0.0014014099 0.0018221234 0.0018062571 0.002295074 0.0018309541 0.0017603735 0.0019140092 0.0015610885 0.001956089 0.0016192448 0.00184132 0.0023327135 0.0018979344 0.0016935884 0.0023534955 0.00165805 0.0017973268 0.0013916547 0.0018985557 0.002029237 0.0017246921 0.00222951 0.002102296 0.001944365 0.0016475897 0.0015321653 0.0016830456 0.0015799592 0.0021777498 0.0016970162 0.0012927183 0.0019569383 0.0015344736 0.0018028466 0.0015335187 0.0013801887 0.0022737938 0.0012834865 0.0017920849 0.002362131 0.0019190388 0.0019079595 0.0020630495 0.001980648 0.0014105538 0.0018661577 0.0017795773 0.0028501546 0.00200803 0.0015454808 0.0019913686 0.0018786304 0.0018005288 0.0023635568 0.0012726277 0.0016704028 0.0020689138 0.0017561166 0.0019195682 0.0019284501 0.0015501165 0.0025578456 0.0016756892 0.0015014036 0.0015731158 0.0015836395 0.002766873 0.0015620476 0.0017139957 0.0016587062 0.0020081005 0.002030128 0.001333042 0.0014433947 0.0018126594 0.0021891021 0.0020411338 0.0016964544 0.0012085137 0.0016502334 0.0016121364 0.0014520526 0.0015473563 0.002882633 0.0022775808 0.0021150978 0.0016584843 0.002821883 0.0015350545 0.0017684117 0.0019442398 0.0016369644 0.0019431262 0.0018690837 0.0014394474 0.0020623875 0.0027620173 0.0017602379 0.0022547822 0.0017016536 0.0015586927 0.0019132966 0.002053542 0.0013294837 0.0015558142 0.0016255347 0.0012307683 0.0025101677 0.0016620072 0.0015894977 0.0018258156 0.0013285596 0.0020963426 0.0017798896 0.0021171197 0.0016501998 0.0019580182 0.0019262818 0.0019081818 0.0020361678 0.0015111832 0.0014826528 0.0018172144 0.0017350083 0.0015028287 0.0018055569 0.0018272154 0.0017338229 0.0017677274 0.002159367 0.002034487 0.0019745047 0.0019048771 0.0014811128 0.0022572728 0.0016035362 0.0014445008 0.0015490894 0.0017642296 0.001998733 0.0015650679 0.0014245525 0.0018694568 0.0020410614 0.0017007062 0.002279604 0.0017097837 0.0015935599 0.0017247911 0.0012438402 0.0019438264 0.0015632109 0.0019639628 0.0018115111 0.0020965799 0.0020670923 0.0016436222 0.002329914 0.0016709198 0.0013112661 0.0012934022 0.0018950194 0.0019156601 0.002758087 0.0024944544 0.002114933 0.0018395168 0.002222626 0.0018124986 0.0025545598 0.0019189593 0.0018189074 0.0019114511 0.0020687806 0.0017946578 0.0014338627 0.0015649379 0.0017768294 0.002489459 0.0017304999 0.0015544746 0.0018942311 0.0015914895 0.0016443323 0.0023714881 0.002029913 0.002006987 0.002100295 0.0016419503 0.0016280126 0.0017883334 0.0018801356 0.0015587427 0.0019156445 0.0026373197 0.0016576605 0.0021981155 0.0014410831 0.002156234 0.0013505914 0.0019457762 0.0018471169 0.0012704339 0.001524932 0.0017067813 0.0022707593 0.0020017538 0.0021326586 0.0021869438 0.00200019 0.0017374024 0.0017642166 0.0017193658 0.0017849013 0.0022567618 0.0016509006 0.0020518047 0.0017970415 0.0018456922 0.00183822 0.001519896 0.0021791535 0.0023261285 0.0021280914 0.002172596 0.0027060723 0.0029467973 0.0017066664 0.0017614288 0.0014743953 0.0016049517 0.002174161 0.0022568482 0.002082255 0.0018843628 0.0020011095 0.0017411577 0.0018625732 0.0017691447 0.0015682656 0.0013950575 0.0019769296 0.001592627 0.0013542082 0.00202007 0.0014570643 0.0016477392 0.0020199658 0.0020915475 0.0017156071,
95,256,,,0.0059064017 0.0059064017 0.0059064017 0.0059064017 0.0059064017 0.0059064017 0.0059064017 0.0059064017 0.0059064017 0.0059064017 0.0059064017 0.0059064017 0.0059064017 0.0059064017 0.0059064017 0.0059064017 0.0059064017 0.0059064017 0.0059064017 0.0059064017 0.0059064017 0.0059064017 0.0059064017 0.0059064017 0.0059064017 0.0059064017 0.0059064017 0.0059064017 0.0059064017 0.0059064017 0.0059064017 0.0059064017 0.0059064017 0.0059064017 0.0059064017 0.0059064017 0.0059064017 0.0059064017 0.0059064017 0.0059064017 0.0059064017 0.0059064017 0.0059064017 0.0059064017 0.0059064017 0.0059064017 0.0059064017 0.0059064017 0.0059064017 0.0059064017 0.0059064017 0.0059064017 0.0059064017 0.0059064017 0.0059064017 0.0059064017 0.0059064017 0.0059064017 0.0059064017 0.0059064017 0.0059064017 0.0059064017 0.0059064017 0.0059064017 0.0059064017 0.0059064017 0.0059064017 0.0059064017 0.0059064017 0.0059064017 0.0059064017 0.0059064017 0.0059064017 0.0059064017 0.0059064017 0.0059064017 0.0059064017 0.0059064017 0.0059064017 0.0059064017 0.0059064017 0.0059064017 0.0059064017 0.0059064017 0.0059064017 0.0059064017 0.0059064017 0.0059064017 0.0059064017 0.0059064017 0.0059064017 0.0059064017 0.0059064017 0.0059064017 0.0059064017 0.0059064017 0.0059064017 0.0059064017 0.0059064017 0.0059064017 0.0059064017 0.0059064017 0.0059064017 0.0059064017 0.0059064017 0.0059064017 0.0059064017 0.0059064017 0.0059064017 0.0059064017 0.0059064017 0.0059064017 0.0059064017 0.0059064017 0.0059064017 0.0059064017 0.0059064017 0.0059064017 0.0059064017 0.0059064017 0.0059064017 0.0059064017 0.0059064017 0.0059064017 0.0059064017 0.0059064017 0.0059064017 0.0059064017 0.0059064017 0.0059064017 0.0059064017 0.0059064017 0.0059064017 0.0059064017 0.0059064017 0.0059064017 0.0059064017 0.0059064017 0.0059064017 0.0059064017 0.0059064017 0.0059064017 0.0059064017 0.0059064017 0.0059064017 0.0059064017 0.0059064017 0.0059064017 0.0059064017 0.0059064017 0.0059064017 0.0059064017 0.0059064017 0.0059064017 0.0059064017 0.0059064017 0.0059064017 0.0059064017 0.0059064017 0.0059064017 0.0059064017 0.0059064017 0.0059064017 0.0059064017 0.0059064017 0.0059064017 0.0059064017 0.0059064017 0.0059064017 0.0059064017 0.0059064017 0.0059064017 0.0059064017 0.0059064017 0.0059064017 0.0059064017 0.0059064017 0.0059064017 0.0059064017 0.0059064017 0.0059064017 0.0059064017 0.0059064017 0.0059064017 0.0059064017 0.0059064017 0.0059064017 0.0059064017 0.0059064017 0.0059064017 0.0059064017 0.0059064017 0.0059064017 0.0059064017 0.0059064017 0.0059064017 0.0059064017 0.0059064017 0.0059064017 0.0059064017 0.0059064017 0.0059064017 0.0059064017 0.0059064017 0.0059064017 0.0059064017 0.0059064017 0.0059064017 0.0059064017 0.0059064017 0.0059064017 0.0059064017 0.0059064017 0.0059064017 0.0059064017 0.0059064017 0.0059064017 0.0059064017 0.0059064017 0.0059064017 0.0059064017 0.0059064017 0.0059064017 0.0059064017 0.0059064017 0.0059064017 0.0059064017 0.0059064017 0.0059064017 0.0059064017 0.0059064017 0.0059064017 0.0059064017 0.0059064017 0.0059064017 0.0059064017 0.0059064017 0.0059064017 0.0059064017 0.0059064017 0.0059064017 0.0059064017 0.0059064017 0.0059064017 0.0059064017 0.0059064017 0.0059064017 0.0059064017 0.0059064017 0.0059064017 0.0059064017 0.0059064017 0.0059064017 0.0059064017 0.0059064017 0.0059064017,14 15 14 15 15 15 15 15 15 14 15 15 15 15 14 15 15 14 15 15 14 15 15 15 15 14 15 14 14 15 15 15 15 15 14 15 15 14 15 15 15 15 14 15 15 14 15 15 14 14 15 15 15 14 14 15 14 15 15 14 15 15 14 15 15 15 15 14 15 15 15 15 14 15 15 15 14 14 15 15 15 14 14 15 15 15 15 15 15 14 14 14 15 14 15 15 15 15 15 15 15 14 14 15 14 15 15 15 14 15 15 15 15 14 15 15 15 15 14 15 14 15 14 15 15 14 15 15 15 15 15 15 15 15 15 14 14 14 15 15 14 15 15 15 15 14 15 15 15 14 15 14 15 15 15 15 15 15 14 15 14 14 15 14 15 15 15 15 15 14 14 14 15 14 15 14 15 15 15 14 15 15 15 15 14 15 15 15 15 15 14 14 14 14 15 15 15 15 15 15 14 15 14 15 14 15 15 15 15 15 15 14 14 14 14 14 15 15 15 15 14 15 14 15 15 15 15 14 14 14 14 14 14 15 15 15 15 14 14 14 15 14 15 15 15 15 15 14 15 15 14 15 15 14 14 15
100,3x3x256x256,0.039686006 0.056520328 0.061211593 0.054243315 0.0468083 0.048780974 0.052319188 0.062380563 0.03349718 0.04503569 0.038853157 0.053848658 0.0496244 0.042959847 0.055149965 0.071895614 0.053309925 0.046118975 0.05343628 0.03425593 0.045809623 0.037457354 0.04870571 0.04987816 0.050946288 0.045410022 0.05158299 0.05724447 0.04831085 0.07063137 0.05009393 0.038442355 0.046213314 0.074373335 0.06588848 0.051604826 0.050250653 0.05307998 0.04804222 0.05389797 0.047567863 0.052312423 0.060739797 0.042385414 0.0590904 0.06791916 0.047138646 0.05389332 0.037559383 0.056576885 0.04765183 0.053947363 0.035362158 0.04302352 0.046273794 0.034626182 0.03872812 0.042870197 0.048602812 0.051810738 0.05662936 0.0457003 0.053411957 0.051534012 0.05457714 0.04496827 0.047087483 0.052629147 0.0409251 0.06155032 0.07035737 0.058377333 0.046631843 0.051268402 0.06632534 0.059709094 0.061188154 0.03838239 0.053547285 0.05875431 0.04330046 0.04468047 0.048850387 0.055913635 0.06007472 0.043622978 0.05647563 0.06427152 0.049784597 0.03958464 0.044671193 0.045297183 0.054515496 0.036943186 0.047068026 0.041372363 0.058934502 0.053473383 0.044346455 0.043603387 0.037805397 0.054489054 0.05333393 0.04465308 0.031397033 0.057483237 0.04638419 0.04504735 0.04498165 0.04927089 0.057159774 0.042045787 0.0610855 0.04844264 0.053917117 0.03106066 0.045430105 0.041784775 0.049161274 0.04838526 0.047319397 0.06280245 0.05527817 0.039196134 0.068008475 0.051199492 0.052991796 0.040124025 0.0689702 0.05610896 0.057462923 0.048273552 0.054760262 0.053007532 0.06114558 0.050729893 0.042882923 0.050067764 0.056690536 0.05092048 0.043995537 0.04744917 0.052547533 0.04903478 0.053083744 0.03724959 0.04840722 0.05088323 0.052724287 0.044675667 0.052448794 0.07053363 0.057491742 0.04492213 0.043533124 0.058276676 0.053727336 0.05186375 0.06344186 0.051486228 0.053791992 0.044613138 0.048038285 0.055339664 0.043658815 0.054389384 0.03914421 0.040553745 0.046062544 0.0543972 0.045674972 0.047297366 0.04258484 0.056339994 0.049576197 0.04449025 0.07023032 0.059172712 0.05430066 0.055466946 0.034581754 0.05265214 0.054713305 0.04299617 0.04812348 0.043667145 0.048117913 0.044933166 0.042936865 0.04502824 0.05712901 0.06612082 0.06309949 0.05407707 0.05305586 0.042234514 0.045154195 0.0417885 0.045165446 0.047648005 0.038982294 0.044161383 0.05584486 0.06347365 0.060358003 0.07195525 0.045033425 0.07777833 0.04549387 0.04088498 0.043498464 0.066676505 0.03521338 0.05714787 0.058028445 0.046189725 0.048802916 0.053135905 0.058428165 0.072497986 0.047817126 0.044139735 0.04638132 0.050903115 0.04627053 0.045571003 0.055571355 0.045833707 0.040422834 0.048005573 0.04553955 0.066508636 0.040436726 0.057124406 0.060583528 0.06752825 0.05073122 0.040010795 0.05164126 0.04228274 0.035526257 0.062993154 0.05440443 0.046265136 0.057815906 0.051126294 0.047354 0.05089114 0.05614351 0.04196891 0.043223467 0.05971787 0.059748698 0.061473027 0.04783822 0.041061908,0.039681163 0.056513432 0.06120412 0.054236695 0.046802584 0.04877502 0.052312803 0.062372953 0.03349309 0.04503019 0.038848415 0.053842086 0.049618345 0.0429546 0.055143237 0.071886845 0.053303417 0.046113346 0.05342976 0.03425175 0.045804035 0.037452783 0.048699766 0.049872074 0.05094007 0.045404483 0.051576693 0.05723748 0.048304956 0.07062275 0.050087817 0.03843766 0.046207674 0.07436426 0.06588043 0.05159853 0.05024452 0.053073503 0.048036356 0.053891394 0.047562055 0.052306037 0.060732383 0.042380244 0.059083186 0.06791087 0.04713289 0.053886745 0.037554797 0.05656998 0.047646016 0.053940777 0.03535784 0.043018267 0.046268146 0.034621954 0.038723398 0.042864963 0.04859688 0.051804412 0.05662245 0.045694724 0.053405438 0.05152772 0.054570477 0.044962782 0.04708174 0.052622724 0.04092011 0.061542805 0.07034878 0.058370207 0.046626154 0.051262148 0.06631724 0.059701808 0.06118069 0.038377702 0.05354075 0.05874714 0.04329518 0.04467502 0.048844423 0.055906814 0.06006739 0.043617655 0.056468736 0.06426367 0.04977852 0.03957981 0.04466574 0.045291655 0.054508843 0.036938675 0.04706228 0.04136731 0.058927312 0.053466856 0.044341043 0.043598063 0.037800785 0.054482404 0.053327423 0.04464763 0.031393204 0.057476223 0.04637853 0.04504185 0.044976164 0.049264878 0.0571528 0.042040654 0.061078046 0.048436727 0.053910535 0.03105687 0.04542456 0.041779675 0.049155276 0.048379354 0.047313623 0.06279479 0.055271424 0.03919135 0.068000175 0.05119324 0.05298533 0.040119126 0.06896179 0.056102112 0.05745591 0.04826766 0.05475358 0.053001065 0.06113812 0.0507237 0.04287769 0.050061654 0.05668362 0.050914265 0.043990165 0.04744338 0.052541118 0.049028795 0.053077266 0.037245043 0.04840131 0.05087702 0.052717853 0.044670217 0.052442394 0.07052502 0.057484724 0.04491665 0.04352781 0.058269564 0.05372078 0.05185742 0.06343412 0.051479947 0.05378543 0.044607695 0.048032425 0.05533291 0.043653484 0.054382745 0.03913943 0.040548798 0.046056923 0.05439056 0.045669395 0.04729159 0.042579643 0.05633312 0.049570147 0.044484824 0.070221744 0.05916549 0.05429403 0.055460177 0.034577534 0.052645713 0.054706626 0.042990927 0.048117608 0.043661818 0.04811204 0.044927683 0.042931627 0.045022745 0.05712204 0.06611275 0.06309179 0.054070473 0.053049386 0.04222936 0.04514868 0.0417834 0.045159936 0.04764219 0.038977537 0.044155996 0.05583804 0.06346591 0.060350634 0.07194647 0.045027927 0.07776884 0.045488317 0.040879987 0.043493155 0.06666837 0.035209086 0.057140898 0.058021363 0.04618409 0.04879696 0.053129423 0.058421034 0.07248914 0.04781129 0.04413435 0.04637566 0.050896905 0.046264883 0.04556544 0.055564575 0.045828115 0.0404179 0.047999717 0.045533992 0.066500515 0.040431794 0.057117432 0.060576137 0.06752001 0.050725028 0.04000591 0.051634956 0.042277582 0.03552192 0.062985465 0.054397788 0.046259493 0.05780885 0.051120054 0.04734822 0.05088493 0.056136657 0.041963786 0.04321819 0.05971058 0.059741404 0.061465524 0.04783238 0.041056897,0.0003124501 0.00044498764 0.0004819222 0.0004270606 0.00036852428 0.00038405528 0.00041191184 0.0004911256 0.00026372512 0.00035456844 0.00030589305 0.00042395343 0.00039069564 0.00033822522 0.0004341987 0.0005660381 0.00041971196 0.0003630972 0.00042070678 0.00026969882 0.00036066168 0.00029490382 0.00038346273 0.0003926935 0.0004011029 0.00035751562 0.0004061157 0.00045068882 0.00038035397 0.0005560846 0.00039439226 0.00030265874 0.00036383996 0.0005855454 0.0005187436 0.00040628764 0.00039562615 0.0004179016 0.00037823903 0.00042434168 0.00037450437 0.00041185855 0.00047820774 0.00033370272 0.00046522194 0.00053473125 0.00037112512 0.0004243051 0.00029570705 0.0004454329 0.0003751655 0.00042473053 0.0002784082 0.0003387265 0.0003643161 0.0002726138 0.00030490864 0.0003375194 0.00038265262 0.00040790875 0.00044584606 0.00035980096 0.00042051525 0.00040573007 0.0004296888 0.00035403765 0.00037072235 0.00041435217 0.00032220557 0.00048458902 0.0005539274 0.00045960792 0.00036713507 0.00040363896 0.00052218296 0.000470093 0.0004817377 0.00030218664 0.0004215807 0.0004625759 0.00034090693 0.0003517718 0.00038460176 0.00044021112 0.00047297156 0.0003434461 0.00044463572 0.00050601317 0.00039195686 0.00031165202 0.00035169872 0.0003566272 0.00042920347 0.0002908557 0.00037056915 0.00032572687 0.0004639946 0.00042099887 0.00034914206 0.00034329185 0.00029764397 0.00042899532 0.00041990096 0.00035155614 0.0002471906 0.00045256867 0.0003651853 0.00035466024 0.00035414303 0.0003879124 0.00045002205 0.00033102877 0.0004809295 0.00038139155 0.0004244924 0.0002445423 0.00035767368 0.0003289738 0.00038704943 0.0003809398 0.0003725482 0.0004944472 0.00043520806 0.0003085933 0.00053543446 0.00040309638 0.0004172073 0.00031589862 0.00054300623 0.0004417489 0.00045240874 0.00038006032 0.00043113055 0.0004173312 0.00048140253 0.00039939923 0.0003376196 0.00039418627 0.0004463277 0.00040089973 0.00034637924 0.0003735699 0.00041370958 0.0003860535 0.00041793124 0.00029326807 0.00038111268 0.00040060646 0.0004151012 0.000351734 0.00041293225 0.0005553151 0.0004526356 0.0003536744 0.00034273867 0.00045881546 0.00042299827 0.00040832613 0.0004994812 0.0004053539 0.0004235073 0.0003512417 0.00037820806 0.0004356922 0.00034372823 0.0004282106 0.0003081845 0.00031928188 0.00036265294 0.00042827212 0.00035960154 0.00037237475 0.00033527278 0.00044356787 0.00039031613 0.0003502742 0.00055292714 0.00046587 0.00042751204 0.0004366943 0.00027226403 0.00041453316 0.00043076082 0.00033851122 0.00037887882 0.00034379383 0.00037883496 0.00035376128 0.0003380443 0.0003545098 0.00044977985 0.0005205728 0.00049678574 0.00042575176 0.0004177117 0.00033251467 0.00035550143 0.00032900315 0.00035559005 0.00037513537 0.00030690973 0.000347685 0.00043966962 0.00049973157 0.00047520184 0.00056650763 0.0003545506 0.0006123531 0.00035817572 0.00032188967 0.0003424658 0.00052494777 0.0002772369 0.00044992834 0.00045686113 0.00036365425 0.000384228 0.00041834192 0.00046000813 0.00057078066 0.00037646684 0.00034751455 0.00036516268 0.00040076303 0.0003642904 0.000358783 0.00043751634 0.0003608513 0.00031825117 0.00037795052 0.00035853538 0.0005236261 0.00031836057 0.00044974356 0.00047697747 0.0005316536 0.00039940968 0.00031500717 0.00040657446 0.00033289436 0.00027970015 0.00049594854 0.00042832905 0.00036424797 0.0004551878 0.00040252012 0.00037282062 0.00040066874 0.00044202092 0.0003304235 0.00034030073 0.00047016205 0.00047040475 0.00048398052 0.00037663293 0.00032328267,
101,256,,,0.0053928886 0.0053928886 0.0053928886 0.0053928886 0.0053928886 0.0053928886 0.0053928886 0.0053928886 0.0053928886 0.0053928886 0.0053928886 0.0053928886 0.0053928886 0.0053928886 0.0053928886 0.0053928886 0.0053928886 0.0053928886 0.0053928886 0.0053928886 0.0053928886 0.0053928886 0.0053928886 0.0053928886 0.0053928886 0.0053928886 0.0053928886 0.0053928886 0.0053928886 0.0053928886 0.0053928886 0.0053928886 0.0053928886 0.0053928886 0.0053928886 0.0053928886 0.0053928886 0.0053928886 0.0053928886 0.0053928886 0.0053928886 0.0053928886 0.0053928886 0.0053928886 0.0053928886 0.0053928886 0.0053928886 0.0053928886 0.0053928886 0.0053928886 0.0053928886 0.0053928886 0.0053928886 0.0053928886 0.0053928886 0.0053928886 0.0053928886 0.0053928886 0.0053928886 0.0053928886 0.0053928886 0.0053928886 0.0053928886 0.0053928886 0.0053928886 0.0053928886 0.0053928886 0.0053928886 0.0053928886 0.0053928886 0.0053928886 0.0053928886 0.0053928886 0.0053928886 0.0053928886 0.0053928886 0.0053928886 0.0053928886 0.0053928886 0.0053928886 0.0053928886 0.0053928886 0.0053928886 0.0053928886 0.0053928886 0.0053928886 0.0053928886 0.0053928886 0.0053928886 0.0053928886 0.0053928886 0.0053928886 0.0053928886 0.0053928886 0.0053928886 0.0053928886 0.0053928886 0.0053928886 0.0053928886 0.0053928886 0.0053928886 0.0053928886 0.0053928886 0.0053928886 0.0053928886 0.0053928886 0.0053928886 0.0053928886 0.0053928886 0.0053928886 0.0053928886 0.0053928886 0.0053928886 0.0053928886 0.0053928886 0.0053928886 0.0053928886 0.0053928886 0.0053928886 0.0053928886 0.0053928886 0.0053928886 0.0053928886 0.0053928886 0.0053928886 0.0053928886 0.0053928886 0.0053928886 0.0053928886 0.0053928886 0.0053928886 0.0053928886 0.0053928886 0.0053928886 0.0053928886 0.0053928886 0.0053928886 0.0053928886 0.0053928886 0.0053928886 0.0053928886 0.0053928886 0.0053928886 0.0053928886 0.0053928886 0.0053928886 0.0053928886 0.0053928886 0.0053928886 0.0053928886 0.0053928886 0.0053928886 0.0053928886 0.0053928886 0.0053928886 0.0053928886 0.0053928886 0.0053928886 0.0053928886 0.0053928886 0.0053928886 0.0053928886 0.0053928886 0.0053928886 0.0053928886 0.0053928886 0.0053928886 0.0053928886 0.0053928886 0.0053928886 0.0053928886 0.0053928886 0.0053928886 0.0053928886 0.0053928886 0.0053928886 0.0053928886 0.0053928886 0.0053928886 0.0053928886 0.0053928886 0.0053928886 0.0053928886 0.0053928886 0.0053928886 0.0053928886 0.0053928886 0.0053928886 0.0053928886 0.0053928886 0.0053928886 0.0053928886 0.0053928886 0.0053928886 0.0053928886 0.0053928886 0.0053928886 0.0053928886 0.0053928886 0.0053928886 0.0053928886 0.0053928886 0.0053928886 0.0053928886 0.0053928886 0.0053928886 0.0053928886 0.0053928886 0.0053928886 0.0053928886 0.0053928886 0.0053928886 0.0053928886 0.0053928886 0.0053928886 0.0053928886 0.0053928886 0.0053928886 0.0053928886 0.0053928886 0.0053928886 0.0053928886 0.0053928886 0.0053928886 0.0053928886 0.0053928886 0.0053928886 0.0053928886 0.0053928886 0.0053928886 0.0053928886 0.0053928886 0.0053928886 0.0053928886 0.0053928886 0.0053928886 0.0053928886 0.0053928886 0.0053928886 0.0053928886 0.0053928886 0.0053928886 0.0053928886 0.0053928886 0.0053928886 0.0053928886 0.0053928886 0.0053928886 0.0053928886 0.0053928886 0.0053928886 0.0053928886 0.0053928886 0.0053928886 0.0053928886 0.0053928886,15 15 15 15 15 15 15 14 15 15 15 15 15 15 15 14 15 15 15 15 15 15 15 15 15 15 15 15 15 14 15 15 15 14 14 15 15 15 15 15 15 15 15 15 15 14 15 15 15 15 15 15 15 15 15 15 15 15 15 15 15 15 15 15 15 15 15 15 15 15 14 15 15 15 14 15 15 15 15 15 15 15 15 15 15 15 15 14 15 15 15 15 15 15 15 15 15 15 15 15 15 15 15 15 15 15 15 15 15 15 15 15 15 15 15 15 15 15 15 15 15 14 15 15 14 15 15 15 14 15 15 15 15 15 15 15 15 15 15 15 15 15 15 15 15 15 15 15 15 15 15 14 15 15 15 15 15 15 14 15 15 15 15 15 15 15 15 15 15 15 15 15 15 15 15 15 14 15 15 15 15 15 15 15 15 15 15 15 15 15 15 14 14 15 15 15 15 15 15 15 15 15 15 14 15 14 15 14 15 15 15 14 15 15 15 15 15 15 15 14 15 15 15 15 15 15 15 15 15 15 15 14 15 15 15 14 15 15 15 15 15 14 15 15 15 15 15 15 15 15 15 15 15 15 15 15
106,1x1x256x256,0.15228882 0.15682848 0.18699864 0.2144738 0.16785112 0.21289843 0.23012576 0.21830216 0.20080659 0.14715809 0.14653634 0.1835503 0.17268571 0.12836263 0.19910708 0.18464471 0.19963537 0.14467287 0.15767962 0.16942878 0.13723798 0.22500657 0.20041203 0.1608718 0.2206082 0.22102794 0.17204915 0.15420032 0.16579822 0.19211185 0.1988431 0.2206815 0.15663339 0.1818578 0.20594795 0.18293501 0.15259397 0.19299968 0.15432276 0.18247792 0.17070462 0.1469808 0.15072136 0.20025592 0.19435358 0.17335518 0.16656773 0.19130917 0.15013365 0.1467478 0.14067689 0.15247759 0.2069918 0.15508655 0.20673311 0.14446384 0.19079278 0.1894093 0.17857674 0.15890233 0.16916847 0.14547335 0.21442759 0.15188308 0.21718055 0.15528111 0.18140316 0.20869541 0.2028026 0.18456636 0.13838045 0.18536447 0.18725538 0.11108664 0.13584578 0.13787812 0.16764109 0.20204125 0.17821695 0.14799882 0.12472173 0.15552579 0.21488458 0.19855466 0.18890448 0.18464407 0.17830181 0.19729845 0.22090018 0.14125077 0.1874316 0.18149108 0.16001496 0.23352025 0.15001173 0.2499565 0.18209694 0.13794999 0.26115248 0.15488946 0.17378548 0.23095793 0.1163956 0.15994766 0.15455255 0.19607097 0.22127531 0.21248469 0.1357983 0.21246994 0.1648708 0.15470682 0.15588619 0.17448384 0.17921826 0.20567995 0.16663322 0.15958703 0.1744853 0.17019181 0.17378965 0.17636439 0.15718544 0.16155507 0.24192081 0.15522093 0.21055958 0.2541473 0.16309893 0.15270074 0.16180177 0.1718628 0.13899948 0.14023106 0.12865342 0.12439246 0.17831351 0.15680237 0.115585305 0.13757488 0.13765284 0.14602426 0.14125876 0.13205971 0.19281822 0.15393482 0.14848082 0.13542888 0.11482504 0.13515958 0.15484594 0.16820124 0.16197051 0.12058562 0.13803087 0.18334348 0.11865371 0.13362609 0.13867961 0.1123844 0.21991469 0.16111831 0.1943812 0.1113906 0.21453105 0.20947789 0.14957635 0.13654378 0.11598022 0.16066663 0.15710248 0.13305128 0.17509061 0.13700828 0.1417173 0.1423563 0.1245198 0.1770114 0.14450903 0.13290845 0.13947299 0.14767137 0.12801144 0.13859688 0.13460125 0.14286074 0.13058953 0.18063031 0.14358856 0.16267757 0.11103414 0.12432535 0.1456361 0.11515328 0.13397388 0.15194218 0.09692077 0.16067183 0.12796317 0.11032673 0.1345365 0.18743269 0.14242743 0.15653525 0.15562186 0.123768434 0.12840788 0.14672092 0.14462265 0.15863726 0.18560639 0.12064069 0.12969998 0.17856178 0.17505395 0.17470586 0.16175662 0.13312517 0.174285 0.17424631 0.13614061 0.14231317 0.13047327 0.16005485 0.15551643 0.15644631 0.092921086 0.09331964 0.14381354 0.20411848 0.111472934 0.16165926 0.18289259 0.1677754 0.117059916 0.13048233 0.14557615 0.1537431 0.10514197 0.16944514 0.11628084 0.12673575 0.14331728 0.15384838 0.10350862 0.13589296 0.09696386 0.14416279 0.15625435 0.14117481 0.16899163 0.15359437 0.19361761 0.16464649 0.12957783 0.11733299,0.15227024 0.15680933 0.18697582 0.21444763 0.16783065 0.21287246 0.23009768 0.21827552 0.20078209 0.14714013 0.14651845 0.18352789 0.17266463 0.12834695 0.19908279 0.18462218 0.19961101 0.14465521 0.15766037 0.16940811 0.13722123 0.2249791 0.20038757 0.16085218 0.22058128 0.22100097 0.17202815 0.1541815 0.16577798 0.1920884 0.19881885 0.22065456 0.15661427 0.18183559 0.20592283 0.18291269 0.15257536 0.19297613 0.15430392 0.18245564 0.17068379 0.14696287 0.15070295 0.20023148 0.19432986 0.17333402 0.1665474 0.19128582 0.15011534 0.14672989 0.14065972 0.15245898 0.20696653 0.15506762 0.20670788 0.14444621 0.19076951 0.18938617 0.17855495 0.15888293 0.16914782 0.14545558 0.21440142 0.15186454 0.21715406 0.15526216 0.18138103 0.20866995 0.20277785 0.18454385 0.13836356 0.18534185 0.18723254 0.111073084 0.13582921 0.1378613 0.16762063 0.2020166 0.17819521 0.14798076 0.12470651 0.1555068 0.21485835 0.19853044 0.18888143 0.18462154 0.17828004 0.19727437 0.22087322 0.14123353 0.18740873 0.18146892 0.15999544 0.23349176 0.14999343 0.249926 0.18207471 0.13793315 0.2611206 0.15487057 0.17376426 0.23092975 0.1163814 0.15992814 0.15453368 0.19604704 0.22124831 0.21245876 0.13578174 0.212444 0.16485067 0.15468794 0.15586717 0.17446254 0.17919639 0.20565486 0.1666129 0.15956755 0.174464 0.17017104 0.17376843 0.17634286 0.15716624 0.16153535 0.24189128 0.15520197 0.21053387 0.2541163 0.16307902 0.15268211 0.16178203 0.17184183 0.1389825 0.14021394 0.12863773 0.12437728 0.17829174 0.15678324 0.11557119 0.1375581 0.13763604 0.14600644 0.14124152 0.1320436 0.1927947 0.15391605 0.1484627 0.13541235 0.114811026 0.13514309 0.15482704 0.16818072 0.16195075 0.120570906 0.13801402 0.18332112 0.11863923 0.13360977 0.13866268 0.112370685 0.21988785 0.16109866 0.19435748 0.11137701 0.21450487 0.20945233 0.1495581 0.1365271 0.11596607 0.16064702 0.15708332 0.13303505 0.17506924 0.13699156 0.14170001 0.14233893 0.12450461 0.17698981 0.1444914 0.13289224 0.13945596 0.14765334 0.1279958 0.13857996 0.13458481 0.1428433 0.1305736 0.18060826 0.14357103 0.16265771 0.111020595 0.12431017 0.14561832 0.11513923 0.13395754 0.15192363 0.09690895 0.16065222 0.12794755 0.11031327 0.13452008 0.18740982 0.14241004 0.15651615 0.15560287 0.123753324 0.12839222 0.14670302 0.144605 0.1586179 0.18558374 0.120625965 0.12968415 0.17853998 0.1750326 0.17468454 0.16173688 0.13310891 0.17426372 0.17422505 0.136124 0.14229581 0.13045736 0.16003531 0.15549746 0.1564272 0.092909746 0.093308255 0.14379598 0.20409358 0.11145933 0.16163953 0.18287027 0.16775493 0.117045626 0.13046642 0.14555837 0.15372434 0.10512914 0.16942446 0.11626665 0.12672028 0.14329979 0.1538296 0.103495985 0.13587637 0.09695202 0.1441452 0.1562353 0.14115758 0.168971 0.15357563 0.193594 0.16462639 0.12956202 0.11731867,0.0011989783 0.0012347192 0.0014722506 0.0016885641 0.0013215011 0.0016761611 0.0018117927 0.0017187048 0.0015809614 0.0011585837 0.0011536886 0.0014451015 0.001359564 0.001010606 0.0015675811 0.0014537179 0.0015717403 0.0011390174 0.0012414202 0.0013339221 0.0010804822 0.001771489 0.0015778549 0.0012665526 0.0017368605 0.0017401652 0.0013545523 0.0012140275 0.0013053385 0.0015125071 0.0015655027 0.0017374374 0.0012331833 0.0014317763 0.0016214396 0.0014402574 0.0012013807 0.0015194971 0.0012149916 0.0014366587 0.0013439668 0.001157188 0.0011866374 0.0015766259 0.0015301564 0.0013648348 0.0013113968 0.0015061876 0.0011820105 0.0011553534 0.0011075569 0.0012004644 0.0016296577 0.0012210049 0.0016276211 0.0011373718 0.0015021221 0.0014912297 0.0014059445 0.0012510467 0.0013318725 0.0011453195 0.0016882002 0.0011957838 0.0017098745 0.0012225367 0.0014281971 0.0016430705 0.001596676 0.0014531012 0.0010894769 0.0014593847 0.001474272 0.00087459123 0.0010695213 0.001085522 0.0013198474 0.001590682 0.0014031118 0.0011652028 0.000981941 0.001224463 0.0016917981 0.0015632318 0.0014872553 0.0014537129 0.0014037798 0.0015533415 0.0017391592 0.001112075 0.0014756593 0.0014288891 0.0012598066 0.0018385178 0.0011810507 0.0019679212 0.0014336591 0.0010860878 0.0020560676 0.0012194533 0.0013682225 0.0018183445 0.000916389 0.0012592768 0.0012168007 0.0015436774 0.0017421127 0.0016729037 0.0010691475 0.0016727875 0.0012980368 0.0012180153 0.0012273006 0.0013737208 0.0014109951 0.0016193296 0.0013119126 0.0012564374 0.0013737323 0.0013399294 0.0013682554 0.0013885264 0.0012375294 0.0012719319 0.0019046557 0.0012220627 0.0016577471 0.0020009158 0.0012840868 0.0012022214 0.0012738742 0.0013530853 0.0010943505 0.0011040467 0.0010128955 0.0009793487 0.0014038719 0.0012345137 0.0009100094 0.0010831347 0.0010837483 0.001149657 0.0011121379 0.0010397134 0.0015180685 0.0012119374 0.0011689976 0.001066239 0.0009040238 0.0010641188 0.0012191106 0.0013242576 0.0012752027 0.0009493772 0.0010867246 0.0014434734 0.0009341672 0.0010520455 0.0010918322 0.00088480854 0.0017314004 0.0012684934 0.0015303739 0.0008769843 0.0016890147 0.001649231 0.0011776228 0.0010750166 0.00091311865 0.0012649371 0.0012368765 0.0010475201 0.0013784979 0.0010786738 0.0011157482 0.001120779 0.0009803512 0.0013936205 0.0011377276 0.0010463955 0.0010980784 0.0011626247 0.001007841 0.0010911808 0.001059723 0.0011247505 0.0010281386 0.0014221122 0.0011304806 0.0012807694 0.0008741779 0.0009788203 0.0011466009 0.0009066081 0.0010547837 0.001196249 0.0007630626 0.0012649781 0.0010074611 0.0008686084 0.0010592133 0.0014756678 0.0011213389 0.0012324107 0.0012252195 0.00097443565 0.0010109624 0.0011551419 0.001138622 0.0012489598 0.0014612892 0.0009498107 0.001021135 0.0014058265 0.0013782094 0.0013754688 0.0012735187 0.0010481017 0.0013721553 0.0013718507 0.0010718425 0.0011204394 0.0010272233 0.0012601205 0.0012243894 0.0012317103 0.0007315728 0.00073471066 0.0011322518 0.001607036 0.0008776325 0.0012727522 0.0014399234 0.0013209049 0.0009216191 0.0010272947 0.0011461289 0.0012104278 0.0008277885 0.0013340509 0.00091548543 0.0009977975 0.0011283448 0.0012112567 0.000814929 0.0010698927 0.00076340174 0.0011350017 0.0012301991 0.001111477 0.0013304803 0.0012092569 0.0015243621 0.0012962708 0.0010201734 0.000923769,
107,256,,,0.005637976 0.005637976 0.005637976 0.005637976 0.005637976 0.005637976 0.005637976 0.005637976 0.005637976 0.005637976 0.005637976 0.005637976 0.005637976 0.005637976 0.005637976 0.005637976 0.005637976 0.005637976 0.005637976 0.005637976 0.005637976 0.005637976 0.005637976 0.005637976 0.005637976 0.005637976 0.005637976 0.005637976 0.005637976 0.005637976 0.005637976 0.005637976 0.005637976 0.005637976 0.005637976 0.005637976 0.005637976 0.005637976 0.005637976 0.005637976 0.005637976 0.005637976 0.005637976 0.005637976 0.005637976 0.005637976 0.005637976 0.005637976 0.005637976 0.005637976 0.005637976 0.005637976 0.005637976 0.005637976 0.005637976 0.005637976 0.005637976 0.005637976 0.005637976 0.005637976 0.005637976 0.005637976 0.005637976 0.005637976 0.005637976 0.005637976 0.005637976 0.005637976 0.005637976 0.005637976 0.005637976 0.005637976 0.005637976 0.005637976 0.005637976 0.005637976 0.005637976 0.005637976 0.005637976 0.005637976 0.005637976 0.005637976 0.005637976 0.005637976 0.005637976 0.005637976 0.005637976 0.005637976 0.005637976 0.005637976 0.005637976 0.005637976 0.005637976 0.005637976 0.005637976 0.005637976 0.005637976 0.005637976 0.005637976 0.005637976 0.005637976 0.005637976 0.005637976 0.005637976 0.005637976 0.005637976 0.005637976 0.005637976 0.005637976 0.005637976 0.005637976 0.005637976 0.005637976 0.005637976 0.005637976 0.005637976 0.005637976 0.005637976 0.005637976 0.005637976 0.005637976 0.005637976 0.005637976 0.005637976 0.005637976 0.005637976 0.005637976 0.005637976 0.005637976 0.005637976 0.005637976 0.005637976 0.005637976 0.005637976 0.005637976 0.005637976 0.005637976 0.005637976 0.005637976 0.005637976 0.005637976 0.005637976 0.005637976 0.005637976 0.005637976 0.005637976 0.005637976 0.005637976 0.005637976 0.005637976 0.005637976 0.005637976 0.005637976 0.005637976 0.005637976 0.005637976 0.005637976 0.005637976 0.005637976 0.005637976 0.005637976 0.005637976 0.005637976 0.005637976 0.005637976 0.005637976 0.005637976 0.005637976 0.005637976 0.005637976 0.005637976 0.005637976 0.005637976 0.005637976 0.005637976 0.005637976 0.005637976 0.005637976 0.005637976 0.005637976 0.005637976 0.005637976 0.005637976 0.005637976 0.005637976 0.005637976 0.005637976 0.005637976 0.005637976 0.005637976 0.005637976 0.005637976 0.005637976 0.005637976 0.005637976 0.005637976 0.005637976 0.005637976 0.005637976 0.005637976 0.005637976 0.005637976 0.005637976 0.005637976 0.005637976 0.005637976 0.005637976 0.005637976 0.005637976 0.005637976 0.005637976 0.005637976 0.005637976 0.005637976 0.005637976 0.005637976 0.005637976 0.005637976 0.005637976 0.005637976 0.005637976 0.005637976 0.005637976 0.005637976 0.005637976 0.005637976 0.005637976 0.005637976 0.005637976 0.005637976 0.005637976 0.005637976 0.005637976 0.005637976 0.005637976 0.005637976 0.005637976 0.005637976 0.005637976 0.005637976 0.005637976 0.005637976 0.005637976 0.005637976 0.005637976 0.005637976 0.005637976 0.005637976 0.005637976 0.005637976 0.005637976 0.005637976 0.005637976 0.005637976 0.005637976 0.005637976,14 14 14 14 14 14 14 14 14 14 14 14 14 14 14 14 14 14 14 14 14 14 14 14 14 14 14 14 14 14 14 14 14 14 14 14 14 14 14 14 14 14 14 14 14 14 14 14 14 14 14 14 14 14 14 14 14 14 14 14 14 14 14 14 14 14 14 14 14 14 14 14 14 15 14 14 14 14 14 14 14 14 14 14 14 14 14 14 14 14 14 14 14 14 14 13 14 14 13 14 14 14 15 14 14 14 14 14 14 14 14 14 14 14 14 14 14 14 14 14 14 14 14 14 14 14 14 13 14 14 14 14 14 14 14 14 14 14 15 14 14 14 14 14 14 14 14 14 15 14 14 14 14 15 14 14 15 14 14 15 14 14 14 15 14 14 14 14 15 14 14 14 14 14 14 14 14 14 14 14 14 14 14 14 14 14 14 14 14 14 15 14 14 15 14 14 15 14 14 15 14 14 14 14 14 15 14 14 14 14 14 15 14 14 14 14 14 14 14 14 14 14 14 14 14 14 15 15 14 14 15 14 14 14 15 14 14 14 15 14 15 14 14 14 15 14 15 14 14 14 14 14 14 14 14 15
116,1x1x128x64,0.23871455 0.2496546 0.22856049 0.34140572 0.24081288 0.2354224 0.24223496 0.22696508 0.21836683 0.20196995 0.3120028 0.24246092 0.2126219 0.2707872 0.27336717 0.23091675 0.23879412 0.252817 0.3371741 0.2579406 0.22822684 0.24708316 0.2926781 0.1934307 0.28792572 0.25753257 0.26688057 0.25209492 0.21424237 0.28109822 0.2996837 0.30362654 0.2584816 0.28091863 0.27064303 0.1902054 0.26410082 0.3483288 0.22013259 0.25366753 0.24735692 0.31038865 0.23470297 0.25967938 0.20753926 0.23630646 0.22810654 0.294523 0.3177639 0.3849954 0.26525566 0.2141233 0.17861128 0.2750351 0.28195515 0.40755567 0.20566498 0.25966778 0.27730384 0.23554374 0.26869217 0.18389536 0.23420677 0.24721728,0.23868541 0.24962415 0.2285326 0.34136406 0.24078348 0.23539367 0.2422054 0.22693738 0.21834017 0.2019453 0.31196475 0.24243133 0.21259594 0.27075416 0.2733338 0.23088858 0.23876499 0.25278613 0.33713296 0.2579091 0.22819899 0.24705301 0.29264238 0.1934071 0.28789058 0.25750116 0.266848 0.25206414 0.21421623 0.2810639 0.29964712 0.30358946 0.25845003 0.28088433 0.27060997 0.19018218 0.26406857 0.34828627 0.22010572 0.25363657 0.24732673 0.31035078 0.23467433 0.25964767 0.20751394 0.23627761 0.22807871 0.29448706 0.31772512 0.38494843 0.2652233 0.21409717 0.17858948 0.27500153 0.28192076 0.40750593 0.20563987 0.25963607 0.27727002 0.235515 0.26865935 0.18387292 0.23417819 0.24718712,0.0018794127 0.0019655444 0.0017994692 0.002687906 0.001895933 0.0018534935 0.0019071291 0.0017869085 0.0017192139 0.0015901205 0.0024564154 0.0019089081 0.0016739838 0.0021319224 0.0021522345 0.0018180202 0.0018800392 0.001990442 0.0026545902 0.0020307803 0.0017968424 0.0019452993 0.0023042706 0.0015228905 0.002266855 0.0020275682 0.0021011652 0.001984757 0.001686742 0.0022131016 0.002359426 0.0023904683 0.0020350397 0.0022116876 0.0021307871 0.0014974974 0.00207928 0.0027424116 0.0017331159 0.0019971384 0.0019474545 0.0024437068 0.0018478294 0.0020444698 0.0016339681 0.0018604536 0.0017958953 0.0023187958 0.0025017727 0.0030310901 0.0020883724 0.0016858045 0.0014062164 0.0021653664 0.0022198486 0.003208708 0.0016192115 0.0020443785 0.0021832285 0.0018544488 0.002115428 0.0014478182 0.0018439228 0.0019463553,
117,64,,,0.0045940573 0.0045940573 0.0045940573 0.0045940573 0.0045940573 0.0045940573 0.0045940573 0.0045940573 0.0045940573 0.0045940573 0.0045940573 0.0045940573 0.0045940573 0.0045940573 0.0045940573 0.0045940573 0.0045940573 0.0045940573 0.0045940573 0.0045940573 0.0045940573 0.0045940573 0.0045940573 0.0045940573 0.0045940573 0.0045940573 0.0045940573 0.0045940573 0.0045940573 0.0045940573 0.0045940573 0.0045940573 0.0045940573 0.0045940573 0.0045940573 0.0045940573 0.0045940573 0.0045940573 0.0045940573 0.0045940573 0.0045940573 0.0045940573 0.0045940573 0.0045940573 0.0045940573 0.0045940573 0.0045940573 0.0045940573 0.0045940573 0.0045940573 0.0045940573 0.0045940573 0.0045940573 0.0045940573 0.0045940573 0.0045940573 0.0045940573 0.0045940573 0.0045940573 0.0045940573 0.0045940573 0.0045940573 0.0045940573 0.0045940573,15 14 15 14 15 15 15 15 15 15 14 15 15 14 14 15 15 14 14 14 15 15 14 15 14 14 14 14 15 14 14 14 14 14 14 15 14 14 15 14 15 14 15 14 15 15 15 14 14 14 14 15 15 14 14 14 15 14 14 15 14 15 15 15
122,3x3x64x64,0.10011984 0.13307075 0.117091045 0.11035121 0.11267446 0.09352536 0.09432229 0.14731404 0.12475544 0.09060118 0.12741834 0.10473898 0.087309256 0.105757326 0.1125784 0.15096204 0.14757706 0.111859664 0.13117556 0.09469545 0.09437651 0.12789284 0.09474442 0.14900438 0.095080525 0.08080267 0.10104385 0.107812375 0.16902609 0.0804099 0.07946341 0.08465002 0.15478122 0.091249354 0.09638054 0.12461128 0.10554845 0.07316558 0.102075875 0.11381732 0.09566802 0.09422885 0.07047794 0.10902235 0.1195889 0.07444822 0.08275316 0.12503776 0.16035736 0.09220175 0.093673654 0.11823377 0.103198625 0.12343696 0.11821798 0.117013276 0.14507695 0.082545154 0.061497275 0.108067624 0.10964127 0.08456371 0.1145126 0.056635033,0.10010762 0.13305451 0.117076755 0.11033775 0.11266071 0.09351394 0.094310775 0.14729607 0.12474021 0.09059013 0.1274028 0.1047262 0.0872986 0.105744414 0.11256466 0.1509436 0.14755906 0.11184601 0.13115954 0.09468389 0.09436499 0.12787722 0.09473286 0.14898619 0.09506892 0.080792814 0.10103152 0.10779922 0.16900545 0.08040009 0.079453714 0.08463969 0.15476234 0.09123822 0.09636878 0.124596074 0.10553557 0.07315665 0.10206342 0.113803424 0.09565634 0.094217345 0.070469335 0.10900904 0.1195743 0.07443913 0.082743056 0.1250225 0.16033778 0.09219049 0.09366222 0.118219346 0.103186026 0.12342189 0.11820355 0.116999 0.14505924 0.08253508 0.061489772 0.10805444 0.10962789 0.08455339 0.11449863 0.05662812,0.00078824896 0.0010476733 0.00092186424 0.0008688012 0.00088709226 0.0007363303 0.00074260455 0.0011598116 0.0009822064 0.0007133081 0.0010031717 0.00082461577 0.00068739057 0.0008326332 0.0008863359 0.0011885323 0.0011618824 0.0008806772 0.0010327523 0.00074554246 0.00074303144 0.0010069072 0.00074592803 0.0011731196 0.00074857415 0.00063616387 0.00079552375 0.00084881275 0.0013307516 0.0006330715 0.0006256198 0.00066645426 0.0012186011 0.00071841123 0.0007588093 0.0009810715 0.0008309887 0.0005760366 0.00080364896 0.00089608994 0.00075319957 0.00074186886 0.00055487663 0.0008583389 0.0009415299 0.0005861349 0.00065152015 0.0009844291 0.0012625022 0.00072590937 0.00073749776 0.000930861 0.0008124884 0.0009718259 0.0009307366 0.00092125195 0.0011421988 0.00064988254 0.00048417144 0.0008508223 0.0008632117 0.00066577474 0.000901564 0.0004458907,
123,64,,,0.004770726 0.004770726 0.004770726 0.004770726 0.004770726 0.004770726 0.004770726 0.004770726 0.004770726 0.004770726 0.004770726 0.004770726 0.004770726 0.004770726 0.004770726 0.004770726 0.004770726 0.004770726 0.004770726 0.004770726 0.004770726 0.004770726 0.004770726 0.004770726 0.004770726 0.004770726 0.004770726 0.004770726 0.004770726 0.004770726 0.004770726 0.004770726 0.004770726 0.004770726 0.004770726 0.004770726 0.004770726 0.004770726 0.004770726 0.004770726 0.004770726 0.004770726 0.004770726 0.004770726 0.004770726 0.004770726 0.004770726 0.004770726 0.004770726 0.004770726 0.004770726 0.004770726 0.004770726 0.004770726 0.004770726 0.004770726 0.004770726 0.004770726 0.004770726 0.004770726 0.004770726 0.004770726 0.004770726 0.004770726,15 14 15 15 15 15 15 14 14 15 14 15 15 15 15 14 14 15 14 15 15 14 15 14 15 15 15 15 14 15 15 15 14 15 15 14 15 15 15 15 15 15 15 15 15 15 15 14 14 15 15 15 15 15 15 15 14 15 16 15 15 15 15 16
128,3x3x64x64,0.107787855 0.10453417 0.11381024 0.090788394 0.11674548 0.105738215 0.120470285 0.09831817 0.10454807 0.11940544 0.08917206 0.11267641 0.08027643 0.09940351 0.114064 0.121316545 0.11354354 0.10663608 0.095478736 0.124552794 0.11997367 0.12899974 0.16687596 0.109306574 0.1054077 0.07468987 0.1027877 0.13177322 0.099592954 0.09803872 0.10088663 0.16820998 0.10721091 0.09144902 0.112789266 0.1606332 0.11654559 0.10586744 0.120056815 0.11912518 0.09562142 0.09772428 0.12695342 0.17791888 0.12032957 0.11719953 0.12164926 0.098338954 0.09963082 0.084799685 0.13416149 0.09745129 0.1448328 0.09903211 0.114707395 0.1205004 0.09972202 0.10357784 0.09942462 0.15203479 0.09261167 0.105173446 0.19542617 0.12745151,0.107774705 0.10452141 0.11379635 0.090777315 0.11673123 0.10572531 0.12045558 0.098306164 0.104535304 0.11939087 0.08916118 0.112662666 0.08026663 0.09939138 0.114050075 0.12130174 0.11352968 0.10662307 0.09546708 0.124537595 0.11995903 0.128984 0.1668556 0.10929323 0.10539484 0.07468075 0.102775164 0.13175714 0.099580795 0.09802675 0.10087432 0.16818947 0.10719783 0.09143786 0.1127755 0.16061361 0.116531365 0.10585452 0.12004217 0.11911064 0.09560975 0.09771236 0.12693794 0.17789717 0.12031488 0.117185235 0.12163442 0.09832695 0.09961866 0.084789336 0.13414511 0.09743939 0.14481513 0.09902003 0.114693396 0.12048569 0.099709846 0.1035652 0.09941249 0.15201624 0.09260037 0.10516062 0.19540232 0.12743595,0.00084861973 0.00082300324 0.0008960343 0.000714782 0.0009191435 0.00083248276 0.0009484691 0.0007740643 0.0008231126 0.00094008556 0.0007020565 0.0008871076 0.0006320207 0.0007826093 0.0008980321 0.00095513184 0.0008939345 0.00083955174 0.00075170933 0.000980611 0.0009445593 0.001015622 0.0013138236 0.00086057663 0.00082988065 0.0005880374 0.00080925325 0.0010374578 0.00078410073 0.0007718642 0.00079428597 0.0013243265 0.0008440774 0.0007199832 0.00088799605 0.0012646741 0.0009175698 0.0008335001 0.0009452139 0.000937879 0.0007528326 0.0007693887 0.0009995113 0.0014007651 0.0009473613 0.0009227184 0.0009577513 0.00077422796 0.0007843989 0.00066763256 0.0010562607 0.0007672393 0.0011402767 0.0007796853 0.0009030976 0.00094870623 0.0007851169 0.000815474 0.0007827755 0.0011969783 0.00072913675 0.00082803634 0.001538601 0.0010034327,
129,64,,,0.004961525 0.004961525 0.004961525 0.004961525 0.004961525 0.004961525 0.004961525 0.004961525 0.004961525 0.004961525 0.004961525 0.004961525 0.004961525 0.004961525 0.004961525 0.004961525 0.004961525 0.004961525 0.004961525 0.004961525 0.004961525 0.004961525 0.004961525 0.004961525 0.004961525 0.004961525 0.004961525 0.004961525 0.004961525 0.004961525 0.004961525 0.004961525 0.004961525 0.004961525 0.004961525 0.004961525 0.004961525 0.004961525 0.004961525 0.004961525 0.004961525 0.004961525 0.004961525 0.004961525 0.004961525 0.004961525 0.004961525 0.004961525 0.004961525 0.004961525 0.004961525 0.004961525 0.004961525 0.004961525 0.004961525 0.004961525 0.004961525 0.004961525 0.004961525 0.004961525 0.004961525 0.004961525 0.004961525 0.004961525,15 15 15 15 15 15 15 15 15 15 15 15 15 15 15 15 15 15 15 14 15 14 14 15 15 15 15 14 15 15 15 14 15 15 15 14 15 15 15 15 15 15 14 14 15 15 15 15 15 15 14 15 14 15 15 15 15 15 15 14 15 15 14 14
137,3x3x64x64,0.13305779 0.11920164 0.11344088 0.08755629 0.116714664 0.13365854 0.08857696 0.09022426 0.08745559 0.13330582 0.13359 0.13965115 0.115533516 0.1138231 0.09770141 0.08088087 0.12554884 0.13280343 0.11651743 0.12665321 0.11516194 0.084002614 0.11791077 0.104001194 0.19470818 0.12282076 0.11889136 0.14099391 0.09789447 0.107043676 0.10713524 0.121401034 0.094805926 0.10387856 0.14067838 0.094491936 0.12571546 0.09464117 0.09844869 0.12840416 0.096588634 0.10149177 0.12696584 0.10934252 0.12959948 0.15986958 0.117276326 0.14201869 0.085526206 0.096592434 0.1296396 0.11616506 0.096337035 0.114194855 0.08575316 0.10335777 0.1353672 0.115798645 0.13050993 0.09984045 0.19255346 0.08854469 0.108319394 0.09156113,0.13304156 0.119187094 0.113427036 0.0875456 0.11670042 0.13364224 0.08856615 0.09021325 0.087444924 0.13328955 0.1335737 0.13963412 0.11551941 0.113809206 0.09768948 0.080871 0.12553352 0.13278723 0.11650322 0.12663774 0.11514788 0.08399236 0.11789638 0.103988506 0.19468443 0.12280577 0.118876845 0.14097671 0.097882524 0.10703061 0.10712217 0.12138622 0.094794355 0.103865884 0.14066121 0.0944804 0.12570013 0.09462962 0.098436676 0.1283885 0.09657685 0.10147938 0.12695034 0.10932918 0.12958366 0.15985006 0.11726201 0.14200136 0.08551577 0.09658065 0.12962379 0.11615088 0.09632528 0.11418092 0.0857427 0.103345156 0.13535069 0.11578451 0.130494 0.09982826 0.19252996 0.08853388 0.10830617 0.091549955,0.0010475713 0.00093848107 0.00089312624 0.00068933546 0.00091890094 0.0010523011 0.00069737126 0.0007103405 0.0006885427 0.0010495239 0.0010517614 0.0010994812 0.0009096017 0.00089613546 0.0007692085 0.0006367795 0.0009884529 0.0010455687 0.00091734814 0.0009971475 0.0009066762 0.0006613572 0.00092831795 0.0008188071 0.0015329482 0.00096697453 0.00093603815 0.0011100528 0.0007707285 0.00084276067 0.0008434816 0.00095579703 0.00074641226 0.0008178416 0.0011075686 0.0007439402 0.0009897648 0.00074511516 0.00077509193 0.0010109331 0.00076044764 0.00079905026 0.000999609 0.0008608597 0.0010203437 0.0012586619 0.0009233229 0.001118121 0.0006733525 0.00076047756 0.0010206597 0.00091457384 0.0007584668 0.0008990624 0.00067513937 0.0008137414 0.0010657535 0.0009116891 0.0010275118 0.0007860493 0.001515984 0.0006971171 0.00085280446 0.0007208658,
138,64,,,0.0049615246 0.0049615246 0.0049615246 0.0049615246 0.0049615246 0.0049615246 0.0049615246 0.0049615246 0.0049615246 0.0049615246 0.0049615246 0.0049615246 0.0049615246 0.0049615246 0.0049615246 0.0049615246 0.0049615246 0.0049615246 0.0049615246 0.0049615246 0.0049615246 0.0049615246 0.0049615246 0.0049615246 0.0049615246 0.0049615246 0.0049615246 0.0049615246 0.0049615246 0.0049615246 0.0049615246 0.0049615246 0.0049615246 0.0049615246 0.0049615246 0.0049615246 0.0049615246 0.0049615246 0.0049615246 0.0049615246 0.0049615246 0.0049615246 0.0049615246 0.0049615246 0.0049615246 0.0049615246 0.0049615246 0.0049615246 0.0049615246 0.0049615246 0.0049615246 0.0049615246 0.0049615246 0.0049615246 0.0049615246 0.0049615246 0.0049615246 0.0049615246 0.0049615246 0.0049615246 0.0049615246 0.0049615246 0.0049615246 0.0049615246,14 15 15 15 15 14 15 15 15 14 14 14 15 15 15 15 14 14 15 14 15 15 15 15 14 15 15 14 15 15 15 15 15 15 14 15 14 15 15 14 15 15 14 15 14 14 15 14 15 15 14 15 15 15 15 15 14 15 14 15 14 15 15 15
143,3x3x64x64,0.13062906 0.119753115 0.10109546 0.08597663 0.10555257 0.13131982 0.11491801 0.08428996 0.090791866 0.102305524 0.113313034 0.15816069 0.097054265 0.10619749 0.10653252 0.08325276 0.10089313 0.09924695 0.10751271 0.1249478 0.1008532 0.12198634 0.09247546 0.114857614 0.11785214 0.11606593 0.11630819 0.09596547 0.11211413 0.102124125 0.14867562 0.13808896 0.1122715 0.0993251 0.075640246 0.10489371 0.12243361 0.12596236 0.10595217 0.1401087 0.12061979 0.11521089 0.11046859 0.10277653 0.1384832 0.1047118 0.16020432 0.12884083 0.12711523 0.0963772 0.14059049 0.11120394 0.107651666 0.10276448 0.10630882 0.1027584 0.13434148 0.107930824 0.14966334 0.12916712 0.117954455 0.12918857 0.1370041 0.10563469,0.13061312 0.119738504 0.10108312 0.08596613 0.10553969 0.1313038 0.11490398 0.08427968 0.09078079 0.10229304 0.113299206 0.15814137 0.09704243 0.106184535 0.10651952 0.0832426 0.100880824 0.09923484 0.10749959 0.12493256 0.10084089 0.12197145 0.09246418 0.11484359 0.11783775 0.11605176 0.116294 0.095953755 0.112100445 0.10211166 0.14865749 0.1380721 0.1122578 0.099312976 0.075631015 0.10488091 0.122418664 0.125947 0.10593924 0.1400916 0.12060507 0.11519683 0.1104551 0.10276398 0.1384663 0.10469902 0.16018477 0.12882511 0.12709972 0.096365444 0.14057332 0.11119037 0.10763852 0.10275193 0.10629584 0.10274586 0.13432507 0.10791765 0.14964509 0.12915136 0.11794006 0.1291728 0.13698739 0.10562179,0.0010284497 0.0009428229 0.0007959301 0.0006768987 0.00083102117 0.0010338882 0.0009047557 0.00066361955 0.00071480934 0.000805457 0.0008921197 0.0012452076 0.0007641136 0.0008360987 0.00083873636 0.00065545354 0.0007943372 0.00078137673 0.0008464535 0.0009837209 0.00079402275 0.0009604051 0.0007280644 0.0009042802 0.0009278563 0.0009137934 0.00091570074 0.0007555414 0.00088268064 0.0008040288 0.0011705314 0.001087182 0.0008839197 0.0007819919 0.0005955198 0.00082583394 0.0009639265 0.0009917086 0.00083416724 0.0011030835 0.0009496462 0.0009070617 0.00086972525 0.0008091652 0.0010902858 0.00082440174 0.0012612974 0.0010143709 0.0010007853 0.000758783 0.0011068765 0.00087551476 0.00084754743 0.00080907036 0.0008369751 0.0008090225 0.0010576778 0.0008497453 0.0011783078 0.0010169399 0.0009286619 0.0010171087 0.0010786408 0.0008316677,
144,64,,,0.004594058 0.004594058 0.004594058 0.004594058 0.004594058 0.004594058 0.004594058 0.004594058 0.004594058 0.004594058 0.004594058 0.004594058 0.004594058 0.004594058 0.004594058 0.004594058 0.004594058 0.004594058 0.004594058 0.004594058 0.004594058 0.004594058 0.004594058 0.004594058 0.004594058 0.004594058 0.004594058 0.004594058 0.004594058 0.004594058 0.004594058 0.004594058 0.004594058 0.004594058 0.004594058 0.004594058 0.004594058 0.004594058 0.004594058 0.004594058 0.004594058 0.004594058 0.004594058 0.004594058 0.004594058 0.004594058 0.004594058 0.004594058 0.004594058 0.004594058 0.004594058 0.004594058 0.004594058 0.004594058 0.004594058 0.004594058 0.004594058 0.004594058 0.004594058 0.004594058 0.004594058 0.004594058 0.004594058 0.004594058,14 15 15 15 15 14 15 15 15 15 15 14 15 15 15 15 15 15 15 14 15 15 15 15 15 15 15 15 15 15 14 14 15 15 15 15 15 14 15 14 15 15 15 15 14 15 14 14 14 15 14 15 15 15 15 15 14 15 14 14 15 14 14 15
152,1x1x128x64,0.3100827 0.42121923 0.25966436 0.2824535 0.2811585 0.38805524 0.22390819 0.2773111 0.23194617 0.33320633 0.34199578 0.3381838 0.2941893 0.3169808 0.3612138 0.3221017 0.3553513 0.26483467 0.29565403 0.3804101 0.3657851 0.42273593 0.34646264 0.22534591 0.25142282 0.36795476 0.31037638 0.2671498 0.39448503 0.29286978 0.38424164 0.38442108 0.38290593 0.29908124 0.36885604 0.27296057 0.2934947 0.30151442 0.36840516 0.31966773 0.24956039 0.27323642 0.25324905 0.24767688 0.34261557 0.37509698 0.37025693 0.30614433 0.33081365 0.28505576 0.27433848 0.31765425 0.30040917 0.3510364 0.24506134 0.38621473 0.3335082 0.38517463 0.3376323 0.24652582 0.4098052 0.25361606 0.3026363 0.2914886,0.31004485 0.42116782 0.25963265 0.28241906 0.28112417 0.38800788 0.22388086 0.27727726 0.23191787 0.33316565 0.34195402 0.3381425 0.29415342 0.31694213 0.36116973 0.3220624 0.35530794 0.26480234 0.29561797 0.38036367 0.36574045 0.42268434 0.34642035 0.22531842 0.25139216 0.36790985 0.3103385 0.2671172 0.39443687 0.292834 0.38419473 0.38437417 0.3828592 0.29904476 0.368811 0.27292725 0.29345888 0.30147764 0.36836022 0.31962872 0.24952993 0.27320307 0.25321814 0.24764664 0.34257376 0.3750512 0.37021175 0.30610698 0.3307733 0.28502095 0.274305 0.31761548 0.3003725 0.35099354 0.24503143 0.38616762 0.3334675 0.3851276 0.3375911 0.24649574 0.4097552 0.25358513 0.30259934 0.29145303,0.002441298 0.003316282 0.0020443515 0.002223772 0.002213576 0.0030551802 0.0017628414 0.0021832855 0.001826125 0.0026233515 0.0026925514 0.0026625395 0.0023161687 0.0024956074 0.002843856 0.0025359245 0.0027977002 0.0020850578 0.0023277006 0.0029949895 0.0028798461 0.0033282232 0.0027277193 0.0017741608 0.0019794658 0.002896928 0.0024436102 0.0021032852 0.003105802 0.0023057796 0.0030251553 0.0030265683 0.0030146395 0.0023546831 0.0029040237 0.0021490336 0.0023106998 0.0023738397 0.0029004742 0.0025167617 0.0019648026 0.0021512052 0.0019938436 0.0019499736 0.0026974312 0.0029531592 0.0029150532 0.0024102912 0.0026045141 0.0022442595 0.0021598819 0.0025009094 0.002365138 0.0027637286 0.0019293814 0.00304069 0.0026257285 0.0030325009 0.0026581977 0.0019409113 0.003226419 0.0019967332 0.002382672 0.0022949057,
153,64,,,0.005168222 0.005168222 0.005168222 0.005168222 0.005168222 0.005168222 0.005168222 0.005168222 0.005168222 0.005168222 0.005168222 0.005168222 0.005168222 0.005168222 0.005168222 0.005168222 0.005168222 0.005168222 0.005168222 0.005168222 0.005168222 0.005168222 0.005168222 0.005168222 0.005168222 0.005168222 0.005168222 0.005168222 0.005168222 0.005168222 0.005168222 0.005168222 0.005168222 0.005168222 0.005168222 0.005168222 0.005168222 0.005168222 0.005168222 0.005168222 0.005168222 0.005168222 0.005168222 0.005168222 0.005168222 0.005168222 0.005168222 0.005168222 0.005168222 0.005168222 0.005168222 0.005168222 0.005168222 0.005168222 0.005168222 0.005168222 0.005168222 0.005168222 0.005168222 0.005168222 0.005168222 0.005168222 0.005168222 0.005168222,15 15 15 15 15 15 16 15 16 15 15 15 15 15 15 15 15 15 15 15 15 15 15 16 15 15 15 15 15 15 15 15 15 15 15 15 15 15 15 15 15 15 15 15 15 15 15 15 15 15 15 15 15 15 16 15 15 15 15 16 15 15 15 15
161,1x1x128x128,0.48746535 0.32294235 0.34478483 0.32632908 0.35767734 0.2911058 0.41818038 0.43307626 0.43696672 0.44348302 0.38951573 0.42258015 0.46786597 0.297782 0.3962124 0.3800606 0.30974582 0.30169806 0.3522593 0.29720926 0.2982572 0.3250323 0.4172073 0.38948214 0.3020543 0.4305239 0.2708844 0.3222221 0.35260403 0.3158781 0.37404832 0.3513469 0.32452676 0.27716547 0.3133317 0.56624186 0.33788583 0.38316086 0.36317134 0.32880995 0.30648464 0.35739258 0.37202328 0.39696103 0.412355 0.32982233 0.27353615 0.30384436 0.31807688 0.33098823 0.3157755 0.24170795 0.3975736 0.3498417 0.2895271 0.3474189 0.27414533 0.38928112 0.3323497 0.39337936 0.3385052 0.35537246 0.49546066 0.35490298 0.31973556 0.36630198 0.2941039 0.26794836 0.3069095 0.3351672 0.32601222 0.36860308 0.43709448 0.393449 0.33186117 0.36176264 0.34480682 0.30267957 0.2988066 0.3507905 0.33852893 0.3797284 0.3144994 0.31217507 0.37680915 0.37166795 0.3388719 0.3903728 0.28610033 0.33777475 0.30757678 0.34999034 0.33978614 0.32796973 0.28656566 0.36210662 0.26253608 0.33362442 0.31269515 0.40350977 0.376381 0.40846002 0.32368052 0.3378167 0.43144065 0.32271957 0.42756566 0.37137508 0.3361145 0.31803954 0.28798762 0.4186094 0.332021 0.4014885 0.38553256 0.20838417 0.28619096 0.28625295 0.24643363 0.41436845 0.35986397 0.28319496 0.27862337 0.30114388 0.33786514 0.35171014 0.29698572 0.35182932,0.48740587 0.32290292 0.34474275 0.32628924 0.3576337 0.29107028 0.41812932 0.4330234 0.43691337 0.4434289 0.3894682 0.42252856 0.46780887 0.29774565 0.39616403 0.3800142 0.309708 0.30166122 0.35221633 0.297173 0.29822078 0.32499263 0.41715637 0.3894346 0.30201742 0.43047136 0.2708513 0.32218277 0.352561 0.31583956 0.3740027 0.35130402 0.32448715 0.27713165 0.31329346 0.5661727 0.3378446 0.3831141 0.36312702 0.3287698 0.30644724 0.35734898 0.37197787 0.3969126 0.4123047 0.3297821 0.27350277 0.3038073 0.31803808 0.33094782 0.31573698 0.24167846 0.39752507 0.34979904 0.28949177 0.34737653 0.2741119 0.38923362 0.33230913 0.39333135 0.3384639 0.35532907 0.4954002 0.35485965 0.31969652 0.36625728 0.29406798 0.26791567 0.30687204 0.3351263 0.32597244 0.36855808 0.43704113 0.393401 0.33182067 0.36171848 0.34476474 0.3026426 0.29877016 0.35074767 0.3384876 0.37968206 0.31446102 0.31213695 0.37676316 0.3716226 0.33883056 0.3903252 0.28606543 0.33773354 0.30753925 0.34994763 0.33974466 0.3279297 0.28653067 0.36206242 0.26250404 0.3335837 0.31265697 0.4034605 0.37633505 0.4084102 0.323641 0.33777544 0.43138802 0.3226802 0.42751348 0.37132975 0.33607346 0.3180007 0.28795245 0.41855833 0.3319805 0.40143952 0.3854855 0.20835875 0.28615603 0.28621802 0.24640355 0.41431788 0.35982007 0.28316042 0.27858937 0.30110714 0.33782393 0.3516672 0.29694948 0.3517864,0.0038378416 0.0025425428 0.0027145098 0.0025692065 0.0028160135 0.002291892 0.0032923569 0.003409633 0.0034402627 0.0034915663 0.0030666788 0.0033269965 0.0036835345 0.002344454 0.0031194019 0.002992238 0.0024386456 0.0023752851 0.0027733569 0.002339945 0.002348195 0.0025589971 0.0032846958 0.0030664143 0.0023780898 0.0033895383 0.0021326875 0.0025368722 0.0027760707 0.0024869256 0.0029449032 0.0027661733 0.002555017 0.0021821389 0.0024668777 0.004458053 0.0026601937 0.0030166465 0.0028592679 0.0025887387 0.0024129704 0.0028137716 0.0029289597 0.0031252962 0.0032464936 0.0025967094 0.0021535652 0.0023921833 0.0025042368 0.0026058883 0.0024861179 0.00190298 0.0031301186 0.0027543232 0.0022794628 0.0027352483 0.0021583615 0.0030648317 0.0026166074 0.0030970972 0.0026650701 0.0027978667 0.003900789 0.0027941705 0.0025172953 0.0028839156 0.0023154959 0.002109572 0.0024163153 0.0026387898 0.0025667122 0.002902032 0.0034412688 0.0030976457 0.0026127612 0.002848177 0.002714683 0.0023830128 0.002352521 0.0027617926 0.0026652566 0.0029896225 0.002476071 0.0024577712 0.0029666391 0.0029261622 0.0026679572 0.0030734267 0.0022524837 0.0026593192 0.0024215688 0.0027554932 0.0026751547 0.0025821237 0.002256147 0.0028508853 0.002066961 0.0026266435 0.002461866 0.0031768545 0.0029632682 0.0032158282 0.0025483544 0.0026596491 0.003396756 0.002540789 0.003366248 0.0029238563 0.0026462476 0.0025039425 0.002267342 0.003295735 0.0026140197 0.0031609412 0.0030353188 0.0016406201 0.0022531971 0.0022536851 0.0019401854 0.0032623454 0.0028332288 0.0022296095 0.0021936172 0.0023709224 0.002660031 0.002769033 0.0023381847 0.0027699717,
162,128,,,0.0049615246 0.0049615246 0.0049615246 0.0049615246 0.0049615246 0.0049615246 0.0049615246 0.0049615246 0.0049615246 0.0049615246 0.0049615246 0.0049615246 0.0049615246 0.0049615246 0.0049615246 0.0049615246 0.0049615246 0.0049615246 0.0049615246 0.0049615246 0.0049615246 0.0049615246 0.0049615246 0.0049615246 0.0049615246 0.0049615246 0.0049615246 0.0049615246 0.0049615246 0.0049615246 0.0049615246 0.0049615246 0.0049615246 0.0049615246 0.0049615246 0.0049615246 0.0049615246 0.0049615246 0.0049615246 0.0049615246 0.0049615246 0.0049615246 0.0049615246 0.0049615246 0.0049615246 0.0049615246 0.0049615246 0.0049615246 0.0049615246 0.0049615246 0.0049615246 0.0049615246 0.0049615246 0.0049615246 0.0049615246 0.0049615246 0.0049615246 0.0049615246 0.0049615246 0.0049615246 0.0049615246 0.0049615246 0.0049615246 0.0049615246 0.0049615246 0.0049615246 0.0049615246 0.0049615246 0.0049615246 0.0049615246 0.0049615246 0.0049615246 0.0049615246 0.0049615246 0.0049615246 0.0049615246 0.0049615246 0.0049615246 0.0049615246 0.0049615246 0.0049615246 0.0049615246 0.0049615246 0.0049615246 0.0049615246 0.0049615246 0.0049615246 0.0049615246 0.0049615246 0.0049615246 0.0049615246 0.0049615246 0.0049615246 0.0049615246 0.0049615246 0.0049615246 0.0049615246 0.0049615246 0.0049615246 0.0049615246 0.0049615246 0.0049615246 0.0049615246 0.0049615246 0.0049615246 0.0049615246 0.0049615246 0.0049615246 0.0049615246 0.0049615246 0.0049615246 0.0049615246 0.0049615246 0.0049615246 0.0049615246 0.0049615246 0.0049615246 0.0049615246 0.0049615246 0.0049615246 0.0049615246 0.0049615246 0.0049615246 0.0049615246 0.0049615246 0.0049615246 0.0049615246 0.0049615246,14 14 14 14 14 14 14 14 14 14 14 14 14 14 14 14 14 14 14 14 14 14 14 14 14 14 14 14 14 14 14 14 14 14 14 13 14 14 14 14 14 14 14 14 14 14 14 14 14 14 14 15 14 14 14 14 14 14 14 14 14 14 13 14 14 14 14 14 14 14 14 14 14 14 14 14 14 14 14 14 14 14 14 14 14 14 14 14 14 14 14 14 14 14 14 14 14 14 14 14 14 14 14 14 14 14 14 14 14 14 14 14 14 14 14 15 14 14 15 14 14 14 14 14 14 14 14 14
171,1x1x384x256,0.15810487 0.15963079 0.22356965 0.18448989 0.13922076 0.13660114 0.14013357 0.1323347 0.14614992 0.20223133 0.14298417 0.100850396 0.09746473 0.15600465 0.14632073 0.15750954 0.15788683 0.13941965 0.15090112 0.109436944 0.15761894 0.14055562 0.13048565 0.15983756 0.13272294 0.15450221 0.115218595 0.10827068 0.14631714 0.1230967 0.15015474 0.1264254 0.12713164 0.14294131 0.14070815 0.12544 0.13189405 0.1168953 0.13283221 0.17427306 0.120504186 0.15049908 0.19362283 0.14153692 0.144992 0.1540458 0.12349271 0.09912639 0.15181196 0.14908254 0.16503012 0.15425938 0.13913342 0.11252139 0.15170424 0.11736641 0.13997355 0.13828208 0.11630866 0.13076125 0.13910466 0.13396394 0.13933876 0.16049619 0.15304631 0.13837503 0.14223969 0.11844913 0.12584953 0.14115691 0.15247856 0.16447449 0.13996464 0.15535018 0.14955106 0.14161116 0.20321284 0.12912609 0.1382052 0.17866136 0.18902273 0.13685265 0.15258038 0.13668154 0.18814851 0.14892209 0.14158833 0.14449696 0.18060058 0.1352015 0.1070724 0.15910898 0.16181067 0.16950206 0.14829583 0.1908156 0.12542507 0.12502222 0.10357964 0.14066562 0.1406176 0.124544546 0.13191406 0.1351677 0.1625654 0.13852108 0.118835114 0.1574644 0.12891501 0.14776221 0.13949727 0.14439465 0.16534758 0.15672903 0.15704592 0.17217022 0.15939413 0.17454691 0.1204982 0.10718658 0.14474468 0.14631478 0.1561012 0.16336675 0.13032031 0.19018516 0.12190541 0.14234306 0.21798463 0.16961421 0.12443484 0.12693787 0.12040649 0.116864145 0.14170198 0.120126404 0.20557545 0.15328273 0.16670996 0.15421171 0.09552304 0.12961307 0.117760606 0.14119251 0.13024308 0.18655267 0.13724989 0.15553139 0.19204694 0.13945639 0.16954607 0.1348344 0.13169171 0.22285408 0.1515698 0.19316906 0.19950698 0.12332326 0.13418777 0.15889363 0.15011305 0.1260506 0.15412831 0.12641028 0.1495161 0.095045134 0.19126612 0.15452448 0.16423623 0.13141021 0.15483205 0.14294276 0.12927775 0.14701708 0.15070048 0.1270905 0.15493041 0.14122245 0.12672901 0.11656654 0.11397722 0.14715967 0.12263253 0.121845506 0.1354365 0.16497135 0.13486345 0.18117574 0.11908693 0.16440901 0.15075713 0.16344674 0.15013064 0.15465604 0.14538296 0.11732587 0.12344197 0.15873192 0.11488677 0.14036869 0.16828096 0.18829967 0.1545679 0.1317632 0.12320082 0.14381373 0.15713851 0.116344534 0.11381638 0.16521756 0.14452772 0.15511431 0.13929616 0.1687005 0.12742399 0.15869239 0.1451915 0.13314079 0.27008906 0.12970945 0.13932376 0.19324432 0.20187694 0.13532299 0.11421482 0.13326433 0.1208333 0.14111578 0.14546987 0.22707072 0.10172246 0.14415133 0.15484294 0.11109703 0.116856225 0.11618588 0.17760438 0.14280383 0.12664281 0.16414836 0.14403962 0.1324086 0.17137387 0.13558917 0.1561152 0.16188149 0.124258585 0.13041122 0.16348498 0.14429568 0.16016796 0.17450525 0.16049086 0.119137175 0.16570015 0.14659056,0.15808557 0.1596113 0.22354236 0.18446738 0.13920377 0.13658446 0.14011648 0.13231854 0.14613208 0.20220664 0.14296672 0.10083809 0.097452834 0.15598562 0.14630286 0.15749031 0.15786757 0.13940263 0.1508827 0.10942359 0.1575997 0.14053847 0.13046974 0.15981805 0.13270675 0.15448335 0.11520453 0.108257465 0.14629927 0.12308167 0.15013641 0.12640996 0.12711613 0.14292388 0.14069097 0.12542468 0.13187796 0.11688104 0.132816 0.17425178 0.12048948 0.15048072 0.1935992 0.14151965 0.14497429 0.15402701 0.12347764 0.0991143 0.15179342 0.14906435 0.16500999 0.15424055 0.13911645 0.112507656 0.15168571 0.11735208 0.13995646 0.1382652 0.116294466 0.13074529 0.13908768 0.1339476 0.13932176 0.1604766 0.15302762 0.13835813 0.14222233 0.118434675 0.12583418 0.14113969 0.15245995 0.16445442 0.13994755 0.15533121 0.14953281 0.14159387 0.20318803 0.12911034 0.13818833 0.17863956 0.18899967 0.13683595 0.15256177 0.13666485 0.18812555 0.14890392 0.14157106 0.14447932 0.18057854 0.13518499 0.10705933 0.15908957 0.16179092 0.16948138 0.14827774 0.1907923 0.12540977 0.12500696 0.103567004 0.14064845 0.14060044 0.12452935 0.13189796 0.1351512 0.16254555 0.13850416 0.118820615 0.15744519 0.12889928 0.14774418 0.13948023 0.14437704 0.1653274 0.15670991 0.15702675 0.17214921 0.15937467 0.17452562 0.120483495 0.1071735 0.144727 0.14629692 0.15608214 0.16334681 0.1303044 0.19016196 0.12189053 0.14232568 0.21795802 0.16959351 0.12441966 0.12692238 0.12039179 0.116849884 0.1416847 0.12011175 0.20555037 0.15326402 0.1666896 0.1541929 0.095511384 0.12959726 0.117746234 0.14117527 0.1302272 0.1865299 0.13723314 0.1555124 0.1920235 0.13943937 0.16952538 0.13481793 0.13167565 0.22282688 0.15155129 0.19314548 0.19948263 0.12330821 0.1341714 0.15887423 0.15009472 0.12603521 0.1541095 0.12639484 0.14949787 0.095033534 0.19124277 0.15450563 0.16421619 0.13139418 0.15481316 0.14292532 0.12926197 0.14699914 0.15068209 0.12707499 0.1549115 0.14120522 0.12671354 0.11655231 0.11396331 0.14714171 0.12261757 0.121830635 0.13541998 0.16495122 0.134847 0.18115363 0.1190724 0.16438895 0.15073875 0.1634268 0.15011233 0.15463717 0.14536522 0.11731155 0.12342691 0.15871255 0.114872746 0.14035156 0.16826043 0.1882767 0.15454903 0.13174713 0.12318578 0.14379618 0.15711933 0.11633034 0.113802485 0.1651974 0.14451009 0.15509537 0.13927916 0.16867992 0.12740844 0.15867303 0.14517379 0.13312453 0.2700561 0.12969361 0.13930675 0.19322075 0.20185229 0.13530646 0.11420088 0.13324806 0.120818555 0.14109857 0.14545211 0.22704302 0.101710044 0.14413375 0.15482405 0.11108347 0.116841964 0.1161717 0.17758271 0.14278641 0.12662736 0.16412832 0.14402205 0.13239244 0.17135297 0.13557261 0.15609616 0.16186173 0.124243416 0.13039531 0.16346502 0.14427806 0.16014841 0.17448395 0.16047126 0.11912263 0.16567993 0.14657268,0.0012447683 0.0012567819 0.001760176 0.0014524991 0.0010960927 0.0010754681 0.0011032794 0.0010418782 0.0011506464 0.0015921782 0.0011257222 0.0007940007 0.00076734513 0.0012282332 0.0011519911 0.0012400812 0.0012430517 0.0010976585 0.0011880528 0.00086160307 0.0012409425 0.0011066021 0.0010273207 0.0012584098 0.001044935 0.0012164044 0.0009071223 0.000852421 0.0011519628 0.000969147 0.0011821765 0.000995354 0.0010009144 0.0011253848 0.0011078028 0.0009875959 0.0010384091 0.0009203232 0.0010457953 0.0013720612 0.00094873604 0.0011848875 0.0015244031 0.0011143279 0.0011415299 0.0012128111 0.00097226485 0.00078042754 0.0011952238 0.001173735 0.0012992913 0.0012144925 0.0010954051 0.0008858871 0.0011943757 0.0009240321 0.0011020193 0.0010887025 0.00091570447 0.0010294905 0.0010951785 0.0010547055 0.0010970217 0.0012635952 0.0012049419 0.0010894341 0.0011198609 0.0009325565 0.0009908204 0.0011113362 0.001200472 0.0012949166 0.0011019493 0.0012230804 0.0011774238 0.0011149124 0.0015999058 0.0010166168 0.0010880971 0.0014066107 0.0014881863 0.0010774484 0.0012012738 0.0010761012 0.0014813036 0.0011724718 0.0011147327 0.0011376324 0.0014218783 0.0010644487 0.00084298686 0.0012526738 0.0012739443 0.0013344991 0.0011675413 0.0015023017 0.0009874785 0.0009843068 0.0008154882 0.0011074682 0.0011070902 0.000980546 0.0010385666 0.0010641827 0.0012798862 0.001090584 0.00093559537 0.001239726 0.0010149549 0.0011633399 0.0010982696 0.001136827 0.0013017906 0.0012339363 0.0012364311 0.0013555055 0.0012549186 0.0013742174 0.00094868895 0.0008438858 0.0011395827 0.0011519443 0.0012289932 0.0012861954 0.0010260189 0.0014973383 0.00095976796 0.0011206747 0.0017162049 0.001335382 0.0009796823 0.0009993889 0.0009479669 0.00092007784 0.0011156275 0.0009457618 0.0016185069 0.0012068033 0.0013125165 0.0012141173 0.0007520582 0.0010204508 0.0009271357 0.0011116163 0.001025411 0.0014687394 0.0010805759 0.0012245071 0.001511996 0.0010979478 0.0013348456 0.0010615585 0.0010368162 0.0017545423 0.0011933172 0.0015208306 0.0015707294 0.0009709308 0.0010564676 0.0012509782 0.0011818481 0.0009924032 0.0012134606 0.0009952349 0.0011771485 0.00074829557 0.0015058486 0.0012165797 0.0012930409 0.0010345998 0.0012190012 0.0011253962 0.0010178108 0.0011574735 0.0011864732 0.0010005904 0.0012197756 0.0011118521 0.0009977444 0.0009177347 0.0008973489 0.0011585961 0.0009654927 0.00095929636 0.001066299 0.0012988285 0.0010617874 0.0014264066 0.000937578 0.0012944012 0.0011869193 0.0012868252 0.0011819869 0.0012176156 0.001144608 0.000923713 0.00097186543 0.0012497051 0.0009045098 0.0011051304 0.0013248853 0.0014824936 0.0012169215 0.0010373789 0.0009699668 0.0011322533 0.0012371601 0.00091598695 0.00089608255 0.001300767 0.0011378747 0.0012212234 0.0010966862 0.0013281883 0.0010032161 0.0012493939 0.0011431007 0.0010482246 0.002126426 0.0010212095 0.0010969036 0.0015214232 0.0015893881 0.0010654052 0.00089921954 0.0010491973 0.0009513272 0.0011110124 0.0011452922 0.0017877403 0.00080086646 0.0011349114 0.001219087 0.000874673 0.00092001545 0.0009147378 0.0013982891 0.0011243025 0.0009970658 0.001292349 0.0011340319 0.0010424601 0.001349236 0.0010675009 0.0012291037 0.0012745018 0.0009782946 0.0010267347 0.0012871262 0.0011360478 0.0012610111 0.0013738894 0.0012635533 0.0009379735 0.0013045664 0.0011541155,
172,256,,,0.0051682214 0.0051682214 0.0051682214 0.0051682214 0.0051682214 0.0051682214 0.0051682214 0.0051682214 0.0051682214 0.0051682214 0.0051682214 0.0051682214 0.0051682214 0.0051682214 0.0051682214 0.0051682214 0.0051682214 0.0051682214 0.0051682214 0.0051682214 0.0051682214 0.0051682214 0.0051682214 0.0051682214 0.0051682214 0.0051682214 0.0051682214 0.0051682214 0.0051682214 0.0051682214 0.0051682214 0.0051682214 0.0051682214 0.0051682214 0.0051682214 0.0051682214 0.0051682214 0.0051682214 0.0051682214 0.0051682214 0.0051682214 0.0051682214 0.0051682214 0.0051682214 0.0051682214 0.0051682214 0.0051682214 0.0051682214 0.0051682214 0.0051682214 0.0051682214 0.0051682214 0.0051682214 0.0051682214 0.0051682214 0.0051682214 0.0051682214 0.0051682214 0.0051682214 0.0051682214 0.0051682214 0.0051682214 0.0051682214 0.0051682214 0.0051682214 0.0051682214 0.0051682214 0.0051682214 0.0051682214 0.0051682214 0.0051682214 0.0051682214 0.0051682214 0.0051682214 0.0051682214 0.0051682214 0.0051682214 0.0051682214 0.0051682214 0.0051682214 0.0051682214 0.0051682214 0.0051682214 0.0051682214 0.0051682214 0.0051682214 0.0051682214 0.0051682214 0.0051682214 0.0051682214 0.0051682214 0.0051682214 0.0051682214 0.0051682214 0.0051682214 0.0051682214 0.0051682214 0.0051682214 0.0051682214 0.0051682214 0.0051682214 0.0051682214 0.0051682214 0.0051682214 0.0051682214 0.0051682214 0.0051682214 0.0051682214 0.0051682214 0.0051682214 0.0051682214 0.0051682214 0.0051682214 0.0051682214 0.0051682214 0.0051682214 0.0051682214 0.0051682214 0.0051682214 0.0051682214 0.0051682214 0.0051682214 0.0051682214 0.0051682214 0.0051682214 0.0051682214 0.0051682214 0.0051682214 0.0051682214 0.0051682214 0.0051682214 0.0051682214 0.0051682214 0.0051682214 0.0051682214 0.0051682214 0.0051682214 0.0051682214 0.0051682214 0.0051682214 0.0051682214 0.0051682214 0.0051682214 0.0051682214 0.0051682214 0.0051682214 0.0051682214 0.0051682214 0.0051682214 0.0051682214 0.0051682214 0.0051682214 0.0051682214 0.0051682214 0.0051682214 0.0051682214 0.0051682214 0.0051682214 0.0051682214 0.0051682214 0.0051682214 0.0051682214 0.0051682214 0.0051682214 0.0051682214 0.0051682214 0.0051682214 0.0051682214 0.0051682214 0.0051682214 0.0051682214 0.0051682214 0.0051682214 0.0051682214 0.0051682214 0.0051682214 0.0051682214 0.0051682214 0.0051682214 0.0051682214 0.0051682214 0.0051682214 0.0051682214 0.0051682214 0.0051682214 0.0051682214 0.0051682214 0.0051682214 0.0051682214 0.0051682214 0.0051682214 0.0051682214 0.0051682214 0.0051682214 0.0051682214 0.0051682214 0.0051682214 0.0051682214 0.0051682214 0.0051682214 0.0051682214 0.0051682214 0.0051682214 0.0051682214 0.0051682214 0.0051682214 0.0051682214 0.0051682214 0.0051682214 0.0051682214 0.0051682214 0.0051682214 0.0051682214 0.0051682214 0.0051682214 0.0051682214 0.0051682214 0.0051682214 0.0051682214 0.0051682214 0.0051682214 0.0051682214 0.0051682214 0.0051682214 0.0051682214 0.0051682214 0.0051682214 0.0051682214 0.0051682214 0.0051682214 0.0051682214 0.0051682214 0.0051682214 0.0051682214 0.0051682214 0.0051682214 0.0051682214 0.0051682214 0.0051682214 0.0051682214 0.0051682214 0.0051682214 0.0051682214 0.0051682214 0.0051682214 0.0051682214 0.0051682214 0.0051682214 0.0051682214 0.0051682214 0.0051682214 0.0051682214 0.0051682214 0.0051682214 0.0051682214 0.0051682214,14 14 14 14 14 14 14 14 14 14 14 15 15 14 14 14 14 14 14 15 14 14 14 14 14 14 15 15 14 15 14 14 14 14 14 14 14 15 14 14 15 14 14 14 14 14 15 15 14 14 14 14 14 15 14 15 14 14 15 14 14 14 14 14 14 14 14 15 14 14 14 14 14 14 14 14 14 14 14 14 14 14 14 14 14 14 14 14 14 14 15 14 14 14 14 14 14 14 15 14 14 14 14 14 14 14 15 14 14 14 14 14 14 14 14 14 14 14 15 15 14 14 14 14 14 14 15 14 14 14 14 14 15 15 14 15 14 14 14 14 15 14 15 14 14 14 14 14 14 14 14 14 14 14 14 14 14 15 14 14 14 14 14 14 14 15 14 14 14 14 14 14 14 14 14 14 14 14 14 15 15 14 15 15 14 14 14 14 15 14 14 14 14 14 14 15 15 14 15 14 14 14 14 14 15 14 14 15 15 14 14 14 14 14 14 14 14 14 13 14 14 14 14 14 15 14 15 14 14 14 15 14 14 15 15 15 14 14 14 14 14 14 14 14 14 14 14 14 14 14 14 14 14 15 14 14
177,3x3x256x512,0.049830895 0.059039466 0.051519312 0.03871188 0.044724695 0.053535275 0.05334687 0.045393016 0.055388402 0.044778835 0.037058976 0.043988045 0.04694935 0.04388614 0.043738917 0.048214704 0.043473605 0.06441371 0.06122393 0.041265152 0.043465514 0.048257828 0.0528722 0.050277844 0.05099626 0.05909865 0.055425927 0.045256376 0.057205997 0.04860704 0.04386851 0.04811137 0.045844913 0.042482793 0.04654144 0.04703572 0.057054438 0.04660023 0.045193642 0.056613564 0.04608933 0.048559546 0.039119657 0.054041244 0.050365355 0.048281003 0.05383458 0.04212205 0.047216438 0.045021027 0.05649571 0.036888525 0.055277094 0.038547773 0.05003676 0.03722756 0.058983244 0.052126877 0.047139045 0.04549394 0.04538917 0.06251831 0.03924512 0.044122748 0.043867223 0.041917987 0.046458583 0.037338447 0.048553146 0.05108919 0.05038772 0.04917518 0.052324306 0.050940033 0.053407956 0.043547746 0.053521037 0.045315605 0.050547246 0.04754008 0.05311826 0.062098462 0.04494574 0.055974774 0.05194574 0.04248106 0.047071293 0.04241988 0.04175798 0.04419121 0.038728595 0.049906313 0.048616026 0.04178144 0.044246394 0.048062406 0.051200572 0.045798097 0.048970103 0.040316366 0.041111384 0.052183088 0.043248016 0.057223316 0.039406743 0.046778344 0.046962425 0.03764324 0.048984468 0.052219436 0.04747954 0.05516985 0.051412687 0.043283243 0.04775354 0.050447177 0.04810873 0.052564368 0.045599062 0.045142513 0.036767934 0.043964744 0.05204762 0.06261952 0.05564439 0.05220284 0.052995548 0.05239116 0.044459365 0.055528603 0.048596133 0.048465494 0.047499545 0.05543183 0.058579214 0.046508454 0.04300502 0.045784354 0.04604879 0.04858621 0.049964167 0.04566505 0.049143545 0.045716763 0.037621316 0.045403328 0.05524995 0.053821176 0.039967187 0.06252813 0.048705187 0.055135623 0.049248125 0.042490844 0.038426433 0.05083991 0.06076115 0.05276637 0.047526456 0.041000724 0.046148937 0.0535707 0.04606398 0.060345754 0.037824824 0.04879268 0.054473896 0.07223528 0.042430833 0.042828053 0.04844733 0.05247296 0.046383508 0.050965276 0.043988038 0.038270485 0.053393777 0.0425009 0.04249301 0.050489116 0.053161565 0.05039898 0.050518967 0.05549131 0.046348147 0.04169424 0.045124203 0.037925825 0.06007539 0.05958858 0.04246354 0.049791746 0.043966122 0.06018541 0.044687826 0.048592895 0.052516256 0.057010714 0.048350245 0.05179689 0.044865187 0.048191685 0.04473539 0.038423494 0.049594086 0.044511035 0.056168392 0.043701865 0.057453725 0.044634666 0.053745035 0.05340433 0.045065604 0.05714372 0.04985971 0.045346048 0.06591616 0.06377373 0.043857764 0.050385963 0.045677457 0.04888131 0.047079537 0.043925066 0.04612915 0.0401359 0.060437106 0.053617645 0.079554506 0.036417194 0.05460664 0.036622908 0.042897295 0.044714306 0.05506937 0.054363612 0.040272903 0.06010858 0.05271997 0.0489482 0.042561878 0.039745428 0.0480378 0.045572653 0.06113745 0.04802391 0.047677808 0.06392922 0.056031603 0.052029155 0.05123418 0.052791014 0.04168915 0.04866007 0.04765981 0.046881564 0.039410193 0.042286254 0.043987967 0.052292947 0.052192517 0.05063657 0.0410583 0.048636563 0.049738966 0.04614217 0.050497103 0.051636115 0.04222592 0.049601007 0.04149931 0.058070917 0.061408285 0.03961779 0.04040894 0.04648609 0.048486274 0.09440597 0.041730028 0.049273875 0.060088146 0.051800903 0.07073713 0.061791208 0.04386058 0.04890129 0.04451554 0.038349587 0.051768597 0.05532802 0.04205748 0.037769012 0.041227136 0.049381707 0.04902414 0.04660508 0.03636923 0.053773366 0.051741093 0.053477615 0.048375417 0.048995744 0.06763454 0.04208119 0.04717614 0.051642783 0.0582199 0.05489426 0.053724483 0.05114453 0.043406837 0.060952272 0.03990345 0.04804904 0.04582549 0.05553966 0.053099748 0.06238439 0.04696958 0.05297225 0.050748155 0.039749328 0.056810994 0.045196805 0.05169933 0.04000033 0.048265416 0.04322558 0.04615508 0.04256012 0.04263502 0.04362342 0.053685896 0.05419784 0.051095232 0.06318014 0.046861935 0.051330253 0.05301895 0.038227785 0.05468105 0.041979868 0.041326664 0.0523278 0.039911274 0.051762864 0.031853117 0.04986759 0.050197043 0.039448816 0.041841567 0.047193736 0.052787118 0.049167152 0.043599017 0.056316353 0.044490807 0.041149747 0.049168374 0.03624652 0.04557259 0.047614574 0.050154325 0.058253728 0.040194187 0.047745094 0.041437384 0.048818875 0.041575003 0.04399597 0.049796455 0.049354155 0.042455915 0.044379212 0.044971794 0.0475206 0.059331916 0.04627158 0.05079136 0.037246276 0.05085174 0.04472331 0.0650553 0.04906658 0.06112966 0.062226277 0.06578799 0.054051194 0.05856806 0.059958458 0.05219813 0.044341482 0.04844799 0.0400061 0.036898814 0.044583965 0.04919849 0.045232568 0.047483742 0.0542034 0.039422154 0.051409833 0.047738586 0.06818653 0.044983298 0.046056043 0.046542834 0.050475482 0.04346086 0.051846992 0.050426263 0.04586759 0.04695272 0.037962 0.058248088 0.03851545 0.039397787 0.041935075 0.049102172 0.05699625 0.05197474 0.04341976 0.04174862 0.052256342 0.044164173 0.05717996 0.04732173 0.056318205 0.04127754 0.048450835 0.04412751 0.056545053 0.043740507 0.052511126 0.04727178 0.05342249 0.04958394 0.044162065 0.042360082 0.06005355 0.05388469 0.05065368 0.049924064 0.048876286 0.04574117 0.0394951 0.047244344 0.049059413 0.052382026 0.04988851 0.05138862 0.042610005 0.053393472 0.041180037 0.038799055 0.05028126 0.0453297 0.05325555 0.036842976 0.050417874 0.053841446 0.055343047 0.06400673 0.046622626 0.049868375 0.04957731 0.048518304 0.037231416 0.043795656 0.04649704 0.052618593 0.050016545 0.04848758 0.04350635 0.041468844 0.043073643 0.045293383 0.048772614 0.0396932 0.051474474 0.044529952 0.049588766 0.053759944 0.045840606 0.04479082 0.051954 0.05614235 0.055898566 0.048322856 0.046320107 0.052860655 0.046549875 0.05017624 0.04493104 0.050321363 0.037470352 0.0519223 0.04556878 0.042821445 0.05213735 0.046313774 0.042634696 0.03871754 0.044401806 0.049055927 0.04886185 0.06700228 0.051225126 0.0480715 0.041148454 0.043811873 0.040058516,0.04982481 0.05903226 0.051513024 0.038707156 0.044719238 0.05352874 0.05334036 0.045387477 0.055381645 0.04477337 0.037054453 0.043982677 0.04694362 0.043880787 0.04373358 0.04820882 0.0434683 0.06440585 0.061216462 0.041260116 0.04346021 0.048251938 0.052865747 0.05027171 0.050990038 0.059091438 0.055419162 0.045250855 0.057199016 0.048601106 0.043863155 0.0481055 0.045839317 0.04247761 0.046535764 0.04702998 0.057047475 0.046594545 0.04518813 0.056606658 0.046083704 0.04855362 0.039114885 0.054034647 0.050359208 0.048275113 0.053828012 0.04211691 0.047210675 0.045015533 0.056488816 0.03688402 0.055270348 0.038543068 0.050030652 0.03722302 0.058976043 0.052120518 0.04713329 0.045488387 0.045383632 0.062510684 0.039240334 0.04411736 0.04386187 0.041912872 0.046452913 0.03733389 0.048547223 0.051082958 0.050381575 0.04916918 0.05231792 0.050933816 0.05340144 0.043542434 0.053514503 0.045310076 0.050541077 0.047534276 0.053111777 0.06209088 0.04494025 0.055967946 0.0519394 0.04247588 0.04706555 0.042414706 0.041752882 0.04418582 0.03872387 0.049900223 0.048610095 0.04177634 0.044240996 0.048056543 0.05119432 0.045792505 0.048964124 0.040311445 0.041106366 0.05217672 0.043242738 0.057216335 0.039401934 0.046772633 0.046956692 0.037638646 0.048978493 0.052213065 0.047473744 0.055163115 0.05140641 0.04327796 0.04774771 0.050441023 0.04810286 0.052557953 0.045593496 0.045137003 0.03676345 0.043959375 0.05204127 0.062611885 0.055637598 0.05219647 0.05298908 0.052384764 0.044453938 0.055521827 0.048590202 0.048459582 0.04749375 0.055425067 0.058572065 0.04650278 0.04299977 0.045778766 0.046043172 0.04858028 0.04995807 0.04565948 0.049137548 0.045711186 0.037616722 0.045397785 0.05524321 0.05381461 0.039962307 0.062520504 0.048699245 0.055128895 0.049242113 0.042485658 0.038421743 0.050833706 0.060753737 0.052759934 0.047520656 0.04099572 0.046143305 0.05356416 0.046058357 0.06033839 0.03782021 0.048786722 0.05446725 0.072226465 0.042425655 0.042822827 0.048441418 0.052466556 0.04637785 0.050959058 0.04398267 0.038265817 0.053387262 0.04249571 0.042487826 0.050482955 0.05315508 0.05039283 0.0505128 0.055484537 0.04634249 0.04168915 0.045118693 0.037921194 0.06006806 0.05958131 0.04245836 0.04978567 0.043960754 0.060178068 0.044682372 0.048586965 0.052509844 0.05700376 0.048344344 0.05179057 0.04485971 0.048185803 0.044729933 0.038418803 0.049588036 0.044505604 0.056161538 0.043696534 0.057446714 0.04462922 0.05373848 0.053397816 0.045060102 0.057136748 0.049853623 0.045340516 0.06590812 0.06376595 0.04385241 0.050379816 0.04567188 0.048875343 0.04707379 0.043919705 0.04612352 0.040131003 0.06042973 0.053611103 0.0795448 0.03641275 0.054599974 0.036618438 0.042892057 0.044708848 0.055062648 0.054356977 0.040267985 0.060101245 0.052713536 0.048942227 0.04255668 0.039740577 0.04803194 0.04556709 0.061129987 0.048018046 0.04767199 0.06392142 0.056024767 0.052022804 0.051227923 0.05278457 0.041684065 0.04865413 0.04765399 0.046875842 0.039405383 0.04228109 0.0439826 0.052286565 0.052186146 0.05063039 0.041053288 0.048630625 0.049732894 0.04613654 0.050490938 0.051629815 0.042220764 0.049594954 0.041494247 0.058063827 0.061400793 0.039612956 0.040404007 0.046480417 0.048480354 0.094394445 0.041724935 0.049267862 0.06008081 0.05179458 0.0707285 0.061783664 0.043855228 0.04889532 0.044510104 0.038344905 0.05176228 0.05532127 0.042052347 0.0377644 0.041222107 0.049375683 0.049018156 0.04659939 0.03636479 0.053766806 0.05173478 0.05347109 0.048369512 0.048989765 0.06762628 0.042076055 0.047170382 0.05163648 0.05821279 0.05488756 0.053717926 0.051138286 0.04340154 0.060944833 0.03989858 0.048043177 0.045819897 0.05553288 0.05309327 0.06237678 0.046963852 0.052965783 0.050741963 0.039744478 0.05680406 0.04519129 0.051693022 0.039995447 0.048259526 0.043220304 0.046149448 0.042554922 0.04262982 0.043618098 0.053679343 0.054191228 0.051088996 0.06317243 0.046856217 0.05132399 0.05301248 0.038223118 0.054674376 0.041974742 0.04132162 0.05232141 0.0399064 0.051756546 0.03184923 0.049861506 0.050190914 0.039444 0.041836463 0.047187977 0.052780673 0.049161155 0.043593694 0.05630948 0.04448538 0.041144725 0.049162373 0.036242094 0.04556703 0.047608763 0.050148204 0.058246616 0.04018928 0.047739267 0.041432325 0.048812915 0.04156993 0.043990597 0.049790375 0.04934813 0.042450733 0.044373795 0.044966303 0.0475148 0.059324678 0.046265934 0.05078516 0.03724173 0.050845534 0.044717852 0.06504737 0.04906059 0.0611222 0.062218685 0.06577997 0.0540446 0.058560915 0.05995114 0.05219176 0.044336073 0.048442077 0.04000122 0.03689431 0.044578526 0.04919249 0.045227047 0.04747795 0.054196786 0.03941734 0.05140356 0.04773276 0.06817821 0.04497781 0.046050422 0.046537157 0.050469324 0.043455556 0.051840667 0.05042011 0.045861993 0.04694699 0.03795737 0.05824098 0.038510747 0.03939298 0.041929957 0.049096182 0.056989294 0.0519684 0.04341446 0.041743528 0.052249964 0.044158783 0.057172984 0.04731595 0.05631133 0.0412725 0.048444923 0.044122126 0.05653815 0.04373517 0.052504715 0.047266014 0.05341597 0.049577888 0.044156678 0.042354915 0.06004622 0.05387811 0.050647497 0.049917974 0.04887032 0.045735586 0.03949028 0.04723858 0.049053427 0.052375633 0.04988242 0.051382348 0.042604804 0.053386956 0.04117501 0.03879432 0.050275125 0.04532417 0.053249054 0.03683848 0.050411724 0.053834874 0.055336293 0.063998915 0.046616934 0.04986229 0.04957126 0.04851238 0.037226874 0.043790314 0.046491366 0.05261217 0.050010443 0.04848166 0.043501038 0.041463785 0.043068387 0.045287855 0.04876666 0.039688352 0.05146819 0.044524517 0.049582716 0.053753383 0.045835014 0.04478535 0.05194766 0.056135498 0.055891745 0.04831696 0.04631445 0.052854206 0.046544194 0.050170116 0.044925556 0.050315224 0.03746578 0.051915962 0.045563217 0.042816218 0.052130986 0.046308123 0.042629495 0.038712814 0.04439639 0.04904994 0.04885589 0.0669941 0.051218875 0.048065633 0.041143432 0.043806523 0.040053625,0.00039232135 0.00046482094 0.00040561435 0.00030478075 0.00035211997 0.00042148615 0.00042000285 0.0003573817 0.00043607593 0.00035254622 0.00029176736 0.0003463203 0.0003696348 0.000345518 0.00034435888 0.000379597 0.00034227007 0.0005071327 0.0004820194 0.0003248828 0.00034220636 0.0003799365 0.0004162657 0.00039584024 0.00040149636 0.00046528692 0.00043637137 0.00035630594 0.00045038597 0.00038268586 0.00034537917 0.00037878347 0.0003609395 0.00033446937 0.00036642334 0.0003703148 0.0004491927 0.00036688618 0.00035581205 0.00044572173 0.00036286382 0.00038231196 0.00030799123 0.00042546965 0.00039652918 0.000380119 0.0004238426 0.0003316292 0.0003717376 0.00035445302 0.0004447938 0.00029042535 0.0004351996 0.00030348872 0.00039394214 0.00029309464 0.0004643783 0.00041039777 0.00037112826 0.00035817627 0.00035735144 0.0004922101 0.000308979 0.0003473808 0.00034536904 0.00033002262 0.00036577097 0.00029396763 0.0003822616 0.000402228 0.00039670532 0.00038715889 0.00041195215 0.00040105366 0.0004204838 0.0003428538 0.00042137405 0.00035677225 0.00039796124 0.00037428565 0.00041820298 0.0004889046 0.00035386026 0.00044069247 0.00040897165 0.00033445575 0.00037059488 0.00033397405 0.00032876286 0.00034791985 0.00030491236 0.00039291513 0.00038275664 0.00032894756 0.0003483543 0.00037839796 0.0004031049 0.0003605709 0.0003855443 0.00031741295 0.00032367217 0.00041084032 0.000340494 0.00045052232 0.00031025143 0.00036828846 0.00036973774 0.00029636727 0.00038565742 0.0004111265 0.00037380902 0.00043435523 0.00040477488 0.00034077134 0.00037596622 0.0003971734 0.00037876266 0.00041384215 0.0003590039 0.0003554095 0.00028947598 0.0003461368 0.00040977378 0.00049300696 0.00043809132 0.00041099582 0.00041723685 0.00041247846 0.000350031 0.00043717975 0.0003826 0.0003815715 0.00037396653 0.00043641785 0.00046119737 0.00036616361 0.00033858087 0.00036046273 0.00036254467 0.0003825219 0.00039337063 0.00035952346 0.0003869098 0.0003599306 0.00029619466 0.00035746288 0.0004349859 0.00042373707 0.00031466383 0.00049228745 0.00038345862 0.00043408578 0.00038773316 0.00033453273 0.00030253342 0.0004002654 0.00047837588 0.00041543256 0.0003741784 0.00032280094 0.0003633331 0.00042176506 0.00036266423 0.00047510542 0.0002977969 0.00038414742 0.000428876 0.0005687123 0.00033406029 0.0003371876 0.0003814285 0.0004131225 0.0003651799 0.00040125242 0.00034632024 0.00030130564 0.00042037215 0.0003346119 0.0003345498 0.00039750358 0.00041854393 0.00039679394 0.0003977386 0.00043688613 0.00036490147 0.00032826103 0.0003552653 0.0002985921 0.00047297686 0.00046914417 0.0003343178 0.00039201314 0.00034614766 0.00047384304 0.00035182972 0.00038257454 0.00041346333 0.0004488485 0.00038066413 0.00040779976 0.00035322606 0.00037941578 0.0003522042 0.00030251025 0.00039045696 0.00035043783 0.00044221684 0.0003440672 0.00045233633 0.00035141117 0.00042313762 0.00042045524 0.00035480395 0.00044989566 0.00039254822 0.00035701194 0.0005189616 0.0005020941 0.00034529457 0.00039669147 0.0003596211 0.00038484522 0.00037065975 0.00034582446 0.00036317733 0.00031599213 0.00047582464 0.00042213468 0.000626337 0.00028671455 0.00042992106 0.00028833415 0.00033773272 0.0003520382 0.00043356416 0.00042800768 0.00031707075 0.00047323815 0.00041506722 0.00038537185 0.000335092 0.00031291792 0.00037820425 0.000358796 0.00048133847 0.00037809485 0.00037537 0.00050331827 0.0004411399 0.00040962838 0.0004033695 0.00041562653 0.00032822098 0.0003831034 0.0003752283 0.00036910112 0.0003102786 0.00033292198 0.00034631966 0.00041170523 0.00041091454 0.0003986645 0.00032325424 0.0003829183 0.0003915976 0.00036327983 0.00039756644 0.00040653397 0.00033244697 0.00039051144 0.00032672635 0.00045719548 0.00048347082 0.00031191306 0.0003181418 0.00036598754 0.00038173507 0.00074326334 0.0003285428 0.00038793593 0.00047307726 0.00040783134 0.00055691734 0.00048648554 0.00034531674 0.00038500252 0.00035047324 0.00030192838 0.000407577 0.00043560055 0.00033112086 0.00029735747 0.00032458353 0.00038878492 0.00038596973 0.00036692436 0.00028633693 0.00042336067 0.00040736047 0.0004210322 0.0003808623 0.00038574619 0.00053249043 0.00033130753 0.00037142032 0.00040658645 0.00045836842 0.0004321855 0.0004229758 0.00040266366 0.0003417444 0.00047988057 0.00031416205 0.00037829272 0.0003607866 0.00043726678 0.00041805723 0.0004911557 0.0003697941 0.0004170534 0.00039954303 0.00031294866 0.00044727608 0.00035583694 0.00040703168 0.00031492478 0.00037999626 0.00034031735 0.00036338146 0.00033507813 0.00033566786 0.0003434496 0.000422672 0.00042670258 0.00040227556 0.0004974207 0.00036894658 0.00040412592 0.0004174211 0.00030096943 0.0004305069 0.0003305098 0.0003253671 0.00041197962 0.00031422364 0.00040753186 0.00025078136 0.0003926103 0.00039520406 0.00031058266 0.00032942096 0.00037155888 0.00041559586 0.0003870957 0.00034325742 0.00044338172 0.00035027857 0.0003239742 0.0003871053 0.00028537083 0.00035879549 0.00037487215 0.00039486776 0.00045863478 0.00031645104 0.00037589975 0.00032623878 0.00038435365 0.00032732228 0.00034638264 0.0003920502 0.00038856795 0.00033425775 0.00034939995 0.00035406539 0.00037413227 0.00046712343 0.0003642987 0.00039988317 0.000293242 0.00040035852 0.00035210908 0.000512184 0.00038630387 0.00048127718 0.0004899109 0.0005179525 0.00042554803 0.00046110956 0.00047205624 0.00041095875 0.00034910295 0.00038143367 0.00031497024 0.00029050637 0.00035101202 0.0003873424 0.0003561185 0.0003738421 0.00042674635 0.00031037276 0.00040475244 0.0003758485 0.0005368363 0.00035415599 0.00036260174 0.0003664343 0.00039739624 0.00034216972 0.00040819423 0.00039700873 0.00036111806 0.00036966134 0.00029887693 0.0004585904 0.00030323424 0.00031018097 0.00033015714 0.0003865841 0.0004487346 0.0004092 0.00034184614 0.0003286892 0.00041141704 0.00034770695 0.000450181 0.00037256654 0.0004433963 0.0003249803 0.00038145608 0.0003474183 0.0004451823 0.0003443714 0.00041342294 0.00037217335 0.00042059817 0.00039037707 0.00034769037 0.00033350327 0.00047280488 0.00042423708 0.0003987992 0.0003930549 0.00038480567 0.00036012274 0.00031094707 0.00037195734 0.00038624747 0.00041240657 0.00039277496 0.00040458541 0.0003354709 0.00042036973 0.00032421268 0.00030546708 0.00039586713 0.00035688322 0.0004192839 0.00029006676 0.0003969427 0.00042389665 0.00043571883 0.00050392846 0.0003670625 0.00039261646 0.0003903249 0.00038198725 0.000293125 0.00034480562 0.00036607374 0.00041426907 0.000393783 0.00038174537 0.00034252787 0.0003264865 0.00033912115 0.00035659727 0.00038398945 0.00031250672 0.00040526135 0.00035058675 0.00039041508 0.000423255 0.00036090563 0.00035264055 0.0004090367 0.0004420118 0.00044009247 0.0003804485 0.00036468072 0.00041617485 0.00036648972 0.0003950403 0.00035374454 0.00039618288 0.00029500615 0.0004087871 0.00035876548 0.00033713557 0.0004104802 0.0003646309 0.0003356653 0.0003048253 0.00034957787 0.00038622 0.00038469204 0.00052751263 0.00040329824 0.00037846956 0.00032396402 0.00034493324 0.00031538287,
178,512,,,0.005637976 0.005637976 0.005637976 0.005637976 0.005637976 0.005637976 0.005637976 0.005637976 0.005637976 0.005637976 0.005637976 0.005637976 0.005637976 0.005637976 0.005637976 0.005637976 0.005637976 0.005637976 0.005637976 0.005637976 0.005637976 0.005637976 0.005637976 0.005637976 0.005637976 0.005637976 0.005637976 0.005637976 0.005637976 0.005637976 0.005637976 0.005637976 0.005637976 0.005637976 0.005637976 0.005637976 0.005637976 0.005637976 0.005637976 0.005637976 0.005637976 0.005637976 0.005637976 0.005637976 0.005637976 0.005637976 0.005637976 0.005637976 0.005637976 0.005637976 0.005637976 0.005637976 0.005637976 0.005637976 0.005637976 0.005637976 0.005637976 0.005637976 0.005637976 0.005637976 0.005637976 0.005637976 0.005637976 0.005637976 0.005637976 0.005637976 0.005637976 0.005637976 0.005637976 0.005637976 0.005637976 0.005637976 0.005637976 0.005637976 0.005637976 0.005637976 0.005637976 0.005637976 0.005637976 0.005637976 0.005637976 0.005637976 0.005637976 0.005637976 0.005637976 0.005637976 0.005637976 0.005637976 0.005637976 0.005637976 0.005637976 0.005637976 0.005637976 0.005637976 0.005637976 0.005637976 0.005637976 0.005637976 0.005637976 0.005637976 0.005637976 0.005637976 0.005637976 0.005637976 0.005637976 0.005637976 0.005637976 0.005637976 0.005637976 0.005637976 0.005637976 0.005637976 0.005637976 0.005637976 0.005637976 0.005637976 0.005637976 0.005637976 0.005637976 0.005637976 0.005637976 0.005637976 0.005637976 0.005637976 0.005637976 0.005637976 0.005637976 0.005637976 0.005637976 0.005637976 0.005637976 0.005637976 0.005637976 0.005637976 0.005637976 0.005637976 0.005637976 0.005637976 0.005637976 0.005637976 0.005637976 0.005637976 0.005637976 0.005637976 0.005637976 0.005637976 0.005637976 0.005637976 0.005637976 0.005637976 0.005637976 0.005637976 0.005637976 0.005637976 0.005637976 0.005637976 0.005637976 0.005637976 0.005637976 0.005637976 0.005637976 0.005637976 0.005637976 0.005637976 0.005637976 0.005637976 0.005637976 0.005637976 0.005637976 0.005637976 0.005637976 0.005637976 0.005637976 0.005637976 0.005637976 0.005637976 0.005637976 0.005637976 0.005637976 0.005637976 0.005637976 0.005637976 0.005637976 0.005637976 0.005637976 0.005637976 0.005637976 0.005637976 0.005637976 0.005637976 0.005637976 0.005637976 0.005637976 0.005637976 0.005637976 0.005637976 0.005637976 0.005637976 0.005637976 0.005637976 0.005637976 0.005637976 0.005637976 0.005637976 0.005637976 0.005637976 0.005637976 0.005637976 0.005637976 0.005637976 0.005637976 0.005637976 0.005637976 0.005637976 0.005637976 0.005637976 0.005637976 0.005637976 0.005637976 0.005637976 0.005637976 0.005637976 0.005637976 0.005637976 0.005637976 0.005637976 0.005637976 0.005637976 0.005637976 0.005637976 0.005637976 0.005637976 0.005637976 0.005637976 0.005637976 0.005637976 0.005637976 0.005637976 0.005637976 0.005637976 0.005637976 0.005637976 0.005637976 0.005637976 0.005637976 0.005637976 0.005637976 0.005637976 0.005637976 0.005637976 0.005637976 0.005637976 0.005637976 0.005637976 0.005637976 0.005637976 0.005637976 0.005637976 0.005637976 0.005637976 0.005637976 0.005637976 0.005637976 0.005637976 0.005637976 0.005637976 0.005637976 0.005637976 0.005637976 0.005637976 0.005637976 0.005637976 0.005637976 0.005637976 0.005637976 0.005637976 0.005637976 0.005637976 0.005637976 0.005637976 0.005637976 0.005637976 0.005637976 0.005637976 0.005637976 0.005637976 0.005637976 0.005637976 0.005637976 0.005637976 0.005637976 0.005637976 0.005637976 0.005637976 0.005637976 0.005637976 0.005637976 0.005637976 0.005637976 0.005637976 0.005637976 0.005637976 0.005637976 0.005637976 0.005637976 0.005637976 0.005637976 0.005637976 0.005637976 0.005637976 0.005637976 0.005637976 0.005637976 0.005637976 0.005637976 0.005637976 0.005637976 0.005637976 0.005637976 0.005637976 0.005637976 0.005637976 0.005637976 0.005637976 0.005637976 0.005637976 0.005637976 0.005637976 0.005637976 0.005637976 0.005637976 0.005637976 0.005637976 0.005637976 0.005637976 0.005637976 0.005637976 0.005637976 0.005637976 0.005637976 0.005637976 0.005637976 0.005637976 0.005637976 0.005637976 0.005637976 0.005637976 0.005637976 0.005637976 0.005637976 0.005637976 0.005637976 0.005637976 0.005637976 0.005637976 0.005637976 0.005637976 0.005637976 0.005637976 0.005637976 0.005637976 0.005637976 0.005637976 0.005637976 0.005637976 0.005637976 0.005637976 0.005637976 0.005637976 0.005637976 0.005637976 0.005637976 0.005637976 0.005637976 0.005637976 0.005637976 0.005637976 0.005637976 0.005637976 0.005637976 0.005637976 0.005637976 0.005637976 0.005637976 0.005637976 0.005637976 0.005637976 0.005637976 0.005637976 0.005637976 0.005637976 0.005637976 0.005637976 0.005637976 0.005637976 0.005637976 0.005637976 0.005637976 0.005637976 0.005637976 0.005637976 0.005637976 0.005637976 0.005637976 0.005637976 0.005637976 0.005637976 0.005637976 0.005637976 0.005637976 0.005637976 0.005637976 0.005637976 0.005637976 0.005637976 0.005637976 0.005637976 0.005637976 0.005637976 0.005637976 0.005637976 0.005637976 0.005637976 0.005637976 0.005637976 0.005637976 0.005637976 0.005637976 0.005637976 0.005637976 0.005637976 0.005637976 0.005637976 0.005637976 0.005637976 0.005637976 0.005637976 0.005637976 0.005637976 0.005637976 0.005637976 0.005637976 0.005637976 0.005637976 0.005637976 0.005637976 0.005637976 0.005637976 0.005637976 0.005637976 0.005637976 0.005637976 0.005637976 0.005637976 0.005637976 0.005637976 0.005637976 0.005637976 0.005637976 0.005637976 0.005637976 0.005637976 0.005637976 0.005637976 0.005637976 0.005637976 0.005637976 0.005637976 0.005637976 0.005637976 0.005637976 0.005637976 0.005637976 0.005637976 0.005637976 0.005637976 0.005637976 0.005637976 0.005637976 0.005637976 0.005637976 0.005637976 0.005637976 0.005637976 0.005637976 0.005637976 0.005637976 0.005637976 0.005637976 0.005637976 0.005637976 0.005637976 0.005637976 0.005637976 0.005637976 0.005637976 0.005637976 0.005637976 0.005637976 0.005637976 0.005637976 0.005637976 0.005637976 0.005637976 0.005637976 0.005637976 0.005637976 0.005637976 0.005637976 0.005637976 0.005637976 0.005637976,15 15 15 15 15 15 15 15 15 15 15 15 15 15 15 15 15 14 15 15 15 15 15 15 15 15 15 15 15 15 15 15 15 15 15 15 15 15 15 15 15 15 15 15 15 15 15 15 15 15 15 15 15 15 15 15 15 15 15 15 15 14 15 15 15 15 15 15 15 15 15 15 15 15 15 15 15 15 15 15 15 14 15 15 15 15 15 15 15 15 15 15 15 15 15 15 15 15 15 15 15 15 15 15 15 15 15 15 15 15 15 15 15 15 15 15 15 15 15 15 15 15 15 14 15 15 15 15 15 15 15 15 15 15 15 15 15 15 15 15 15 15 15 15 15 15 15 15 15 14 15 15 15 15 15 15 15 15 15 15 15 15 15 15 15 15 15 14 15 15 15 15 15 15 15 15 15 15 15 15 15 15 15 15 15 15 15 15 15 15 15 15 15 15 15 15 15 15 15 15 15 15 15 15 15 15 15 15 15 15 15 15 15 15 15 15 14 14 15 15 15 15 15 15 15 15 15 15 14 15 15 15 15 15 15 15 15 15 15 15 15 15 15 15 15 15 15 14 15 15 15 15 15 15 15 15 15 15 15 15 15 15 15 15 15 15 15 15 15 15 15 15 15 15 15 15 15 14 15 15 15 15 14 15 15 15 15 15 15 15 15 15 15 15 15 15 15 15 15 15 15 15 14 15 15 15 15 15 15 15 15 15 15 15 15 15 15 14 15 15 15 15 15 15 15 15 15 15 15 15 15 15 15 15 15 14 15 15 15 15 15 15 15 15 15 15 15 15 15 15 15 15 15 15 15 15 15 15 15 15 15 15 15 15 15 15 15 15 15 15 15 15 15 15 15 15 15 15 15 15 15 15 14 15 15 14 14 15 15 15 15 15 15 15 15 15 15 15 15 15 15 15 15 14 15 15 15 15 15 15 15 15 15 15 15 15 15 15 15 15 15 15 15 15 15 15 15 15 15 15 15 15 15 15 15 15 15 15 15 15 15 15 15 15 15 15 15 15 15 15 15 15 15 15 15 15 15 15 15 15 15 15 14 15 15 15 15 15 15 15 15 15 15 15 15 15 15 15 15 15 15 15 15 15 15 15 15 15 15 15 15 15 15 15 15 15 15 15 15 15 15 15 15 15 15 15 14 15 15 15 15 15
183,1x1x512x512,0.12889192 0.117152795 0.1284355 0.111005284 0.113535926 0.12093625 0.16141626 0.13085307 0.09873886 0.12302728 0.12680185 0.1013148 0.122286655 0.14227867 0.12984401 0.13075072 0.117914185 0.11993938 0.10845114 0.14262474 0.10532723 0.0911696 0.13220735 0.14873716 0.1625662 0.16920376 0.10576915 0.13797995 0.10760179 0.10705765 0.112015985 0.11620691 0.12359113 0.10654427 0.12231866 0.14286394 0.10251921 0.124902904 0.15834738 0.09882879 0.10471314 0.18795915 0.10967431 0.16665234 0.11411097 0.11319971 0.123244554 0.09403129 0.12589023 0.12797934 0.12676768 0.12804371 0.10550449 0.121738076 0.1558426 0.11731979 0.12806125 0.10776919 0.112967215 0.1179956 0.10660523 0.12799242 0.1402559 0.08751884 0.15190391 0.13425075 0.15002578 0.12211017 0.11339467 0.13843904 0.12424075 0.1156516 0.11311796 0.103028186 0.09941149 0.15463781 0.12400612 0.12140111 0.13496388 0.15201548 0.15055832 0.11397315 0.15615827 0.107984416 0.14733449 0.13839592 0.14377451 0.117073484 0.10933867 0.11401393 0.112482525 0.14207357 0.13422664 0.10711729 0.13194795 0.17053147 0.13366055 0.11287935 0.10638402 0.11069928 0.18248011 0.1205128 0.14626849 0.10953255 0.11982964 0.10644523 0.12221386 0.15456943 0.1194861 0.12135628 0.11993734 0.11406008 0.15388955 0.13371049 0.1509064 0.15280768 0.118915334 0.12955397 0.111151345 0.15951246 0.11338777 0.11416947 0.12525684 0.20379367 0.13751015 0.14170633 0.14171033 0.12781557 0.16071233 0.13006589 0.105514936 0.12827247 0.14592773 0.13639528 0.13735454 0.09658623 0.1091574 0.113713086 0.13647789 0.1619762 0.13699515 0.14327785 0.12763482 0.115991555 0.10883033 0.17402273 0.10580986 0.10467299 0.10494493 0.107558616 0.096450076 0.11671015 0.1352263 0.13320452 0.11274687 0.15181059 0.12983026 0.09529581 0.0984025 0.12178039 0.14798842 0.10120645 0.14436856 0.12911446 0.120448634 0.12402465 0.13115647 0.11902654 0.090172075 0.14784113 0.12482547 0.12740527 0.1275018 0.13121782 0.110246666 0.0993817 0.12081091 0.09318768 0.11583388 0.11102466 0.11848538 0.13002951 0.13413253 0.11207687 0.10557096 0.111245826 0.14720769 0.12516074 0.16118708 0.1006756 0.124855794 0.11314286 0.11338226 0.12913068 0.11147468 0.13112566 0.128907 0.11555733 0.113042705 0.115948476 0.12425804 0.084771134 0.14435244 0.1251373 0.14145647 0.11156678 0.13433772 0.11175647 0.10848994 0.11058761 0.103395596 0.081990294 0.09065215 0.16019343 0.10221425 0.10959314 0.14103054 0.11897732 0.1376022 0.111219116 0.13398501 0.10728872 0.11886257 0.090060964 0.16175748 0.12810454 0.10948037 0.12833418 0.13242657 0.14317118 0.13071522 0.13723938 0.11349546 0.16261986 0.12631468 0.13531081 0.13776873 0.10249265 0.11751065 0.13066126 0.13899633 0.10831506 0.12927073 0.106335774 0.16137598 0.11640356 0.11702263 0.12901881 0.11267576 0.15757182 0.18429592 0.09766123 0.1376365 0.11950084 0.104023315 0.13464804 0.110886715 0.09262389 0.109530486 0.09956682 0.10416173 0.08683021 0.10735282 0.15186061 0.09117525 0.08899015 0.102008656 0.12704067 0.10470265 0.10596836 0.12828042 0.13030212 0.10990645 0.0899938 0.103575364 0.10413975 0.096006915 0.0940713 0.10149479 0.097934626 0.11795854 0.094629526 0.11557188 0.11049292 0.109926365 0.11038111 0.10841506 0.10977032 0.09849366 0.10000884 0.111441895 0.10696704 0.08536733 0.10528147 0.10597763 0.10394806 0.09504936 0.106134094 0.14533755 0.12848338 0.1061077 0.08370759 0.09300808 0.12952246 0.12458188 0.13131721 0.099177785 0.13312231 0.10874684 0.09735895 0.120535076 0.1049943 0.1348321 0.09704924 0.087193236 0.10612041 0.08692125 0.11211278 0.10630253 0.09295785 0.109470986 0.10021087 0.11399181 0.112641215 0.09839626 0.13030623 0.11077191 0.10119324 0.09337083 0.09399553 0.13677219 0.08708178 0.10126275 0.14579244 0.077773236 0.10616732 0.08887248 0.09879503 0.07507978 0.102887616 0.1071244 0.09466942 0.11004652 0.08579034 0.09399281 0.10758819 0.09590211 0.116818465 0.118447505 0.10800366 0.09364071 0.10544959 0.12951648 0.10063513 0.10181322 0.07713871 0.09808658 0.0833731 0.07765201 0.11271498 0.09555112 0.11928402 0.12608927 0.09097531 0.087726355 0.09540133 0.11171909 0.11790413 0.106397085 0.112364806 0.10882146 0.08976156 0.08790394 0.10885025 0.082355075 0.11717738 0.091000065 0.09217192 0.10410388 0.13362865 0.10417176 0.13579339 0.099966615 0.10066514 0.109700404 0.101892054 0.1653141 0.13199988 0.12713955 0.12965785 0.120677665 0.09285103 0.15990645 0.13586974 0.106422655 0.09481646 0.09313609 0.10110322 0.10274301 0.1310463 0.08329812 0.102867015 0.08053161 0.1144412 0.08608666 0.087854296 0.075924814 0.10191979 0.09663249 0.123830386 0.12699719 0.09527952 0.121852204 0.09734473 0.13328317 0.08914346 0.088752866 0.09374871 0.088159986 0.106791325 0.11132099 0.11755218 0.1132535 0.13191909 0.13793828 0.10500938 0.09171106 0.11208233 0.10899691 0.105804324 0.08971644 0.07786592 0.08382541 0.09675077 0.09265597 0.09021533 0.106653325 0.12304753 0.096607774 0.08094193 0.118807 0.08811917 0.11774573 0.10041638 0.100534156 0.102712944 0.1334781 0.08966876 0.13373995 0.090500504 0.090961784 0.123227075 0.098981865 0.10836178 0.068449184 0.10885305 0.09176665 0.10122952 0.11383987 0.10874741 0.12538224 0.11281301 0.092794806 0.11183261 0.103774495 0.10378466 0.10718168 0.13193665 0.08955348 0.08960933 0.09683634 0.08537594 0.07647102 0.094518326 0.12374919 0.103588685 0.118431084 0.16249338 0.10390039 0.12145039 0.10413108 0.096408345 0.108826354 0.1006772 0.08021493 0.09947492 0.103198975 0.090433456 0.11840002 0.0942421 0.124574855 0.114641495 0.11611488 0.10261781 0.09310492 0.119487405 0.08989472 0.115312524 0.10156274 0.091526546 0.11006262 0.11486531 0.13746762 0.109041095 0.110235654 0.09140186 0.084373854 0.08025602 0.10751241 0.1075612 0.11086627 0.116434634,0.1288762 0.1171385 0.12841983 0.11099173 0.113522075 0.12092149 0.16139656 0.13083711 0.0987268 0.12301227 0.12678638 0.10130244 0.12227173 0.1422613 0.12982816 0.13073476 0.11789979 0.11992475 0.1084379 0.14260733 0.105314374 0.09115847 0.13219121 0.14871901 0.16254635 0.1691831 0.10575624 0.13796312 0.10758866 0.10704459 0.11200231 0.11619272 0.123576045 0.10653127 0.12230374 0.14284651 0.10250669 0.12488766 0.15832806 0.09881673 0.104700364 0.1879362 0.10966092 0.166632 0.114097044 0.1131859 0.12322952 0.094019815 0.12587486 0.12796372 0.12675221 0.1280281 0.105491616 0.12172322 0.15582357 0.11730548 0.12804562 0.10775603 0.112953424 0.117981195 0.10659222 0.12797679 0.14023879 0.087508164 0.15188538 0.13423437 0.15000749 0.12209527 0.11338083 0.13842215 0.12422559 0.11563748 0.11310416 0.10301562 0.09939935 0.15461893 0.12399099 0.1213863 0.1349474 0.15199693 0.15053995 0.11395924 0.15613921 0.107971236 0.14731652 0.13837902 0.14375697 0.1170592 0.10932533 0.11400002 0.112468794 0.14205624 0.13421024 0.10710422 0.13193186 0.17051066 0.13364425 0.112865575 0.10637104 0.110685766 0.18245785 0.12049809 0.14625064 0.10951918 0.119815014 0.106432244 0.12219895 0.15455057 0.11947152 0.12134147 0.119922705 0.11404616 0.15387076 0.13369417 0.15088798 0.15278903 0.11890082 0.12953816 0.111137785 0.15949298 0.11337393 0.11415554 0.12524155 0.2037688 0.13749337 0.14168905 0.14169304 0.12779997 0.16069272 0.13005002 0.105502054 0.12825683 0.14590992 0.13637863 0.13733777 0.09657444 0.10914408 0.11369921 0.13646123 0.16195644 0.13697843 0.14326036 0.12761924 0.1159774 0.108817056 0.1740015 0.10579695 0.10466022 0.10493212 0.10754549 0.0964383 0.11669591 0.1352098 0.13318826 0.11273311 0.15179205 0.1298144 0.09528418 0.09839049 0.121765524 0.14797036 0.1011941 0.14435093 0.1290987 0.120433934 0.12400952 0.13114047 0.11901202 0.09016107 0.14782308 0.12481024 0.12738971 0.12748624 0.13120182 0.11023321 0.09936957 0.12079617 0.093176305 0.11581974 0.11101112 0.11847092 0.13001364 0.13411617 0.11206319 0.10555807 0.11123225 0.14718974 0.12514547 0.16116741 0.10066331 0.12484056 0.11312905 0.11336842 0.12911493 0.11146107 0.13110965 0.12889127 0.115543224 0.113028914 0.11593433 0.12424287 0.08476079 0.14433482 0.12512203 0.14143921 0.11155316 0.13432133 0.11174283 0.1084767 0.11057411 0.10338298 0.08198029 0.09064109 0.16017388 0.10220177 0.109579764 0.14101332 0.1189628 0.1375854 0.11120554 0.13396865 0.10727562 0.11884806 0.090049975 0.16173774 0.1280889 0.10946701 0.12831852 0.13241042 0.14315371 0.13069928 0.13722263 0.11348161 0.16260001 0.12629928 0.1352943 0.1377519 0.10248014 0.117496304 0.13064532 0.13897936 0.10830184 0.12925497 0.106322795 0.1613563 0.11638936 0.11700835 0.12900308 0.11266202 0.1575526 0.18427342 0.09764931 0.1376197 0.11948625 0.10401062 0.1346316 0.11087318 0.09261259 0.10951712 0.099554665 0.10414902 0.08681961 0.10733972 0.15184209 0.09116412 0.0889793 0.101996206 0.12702516 0.104689874 0.10595543 0.12826477 0.13028622 0.10989303 0.089982815 0.10356273 0.10412704 0.0959952 0.09405982 0.1014824 0.097922675 0.11794414 0.09461798 0.115557775 0.11047944 0.109912954 0.11036764 0.10840183 0.109756924 0.09848163 0.099996634 0.11142829 0.106953986 0.085356906 0.10526863 0.1059647 0.103935376 0.09503776 0.10612114 0.1453198 0.1284677 0.10609475 0.08369738 0.092996724 0.12950665 0.12456668 0.13130118 0.099165685 0.13310605 0.108733565 0.09734707 0.12052036 0.10498148 0.13481563 0.0970374 0.0871826 0.10610745 0.08691064 0.112099096 0.10628956 0.09294651 0.10945763 0.100198634 0.1139779 0.11262747 0.09838425 0.13029033 0.11075839 0.101180896 0.09335943 0.09398406 0.1367555 0.08707115 0.101250395 0.14577465 0.07776374 0.10615436 0.08886164 0.098782964 0.07507061 0.102875054 0.107111335 0.09465787 0.110033095 0.085779876 0.09398134 0.10757505 0.0958904 0.116804205 0.11843305 0.10799048 0.09362928 0.10543671 0.12950069 0.10062285 0.1018008 0.0771293 0.098074615 0.08336293 0.07764253 0.11270122 0.09553946 0.11926946 0.1260739 0.090964206 0.08771565 0.095389694 0.11170545 0.11788973 0.1063841 0.1123511 0.108808175 0.0897506 0.08789321 0.108836964 0.082345024 0.11716308 0.090988964 0.09216067 0.104091175 0.13361233 0.10415904 0.13577682 0.09995441 0.10065285 0.109687015 0.10187962 0.16529392 0.13198377 0.12712403 0.12964202 0.12066294 0.092839696 0.15988694 0.13585316 0.10640967 0.09480489 0.093124725 0.10109088 0.10273047 0.13103029 0.08328795 0.10285446 0.080521785 0.11442724 0.086076155 0.087843575 0.07591555 0.10190735 0.096620694 0.12381527 0.12698169 0.0952679 0.12183733 0.09733285 0.13326691 0.089132585 0.08874203 0.093737274 0.08814923 0.106778294 0.1113074 0.11753784 0.113239676 0.13190298 0.13792145 0.10499656 0.09169987 0.11206865 0.108983606 0.10579141 0.0897055 0.077856414 0.08381518 0.096738964 0.09264467 0.09020433 0.10664031 0.12303252 0.09659598 0.08093205 0.118792504 0.08810841 0.11773136 0.10040412 0.10052189 0.102700405 0.13346182 0.08965781 0.13372362 0.090489455 0.09095068 0.12321203 0.09896978 0.108348556 0.06844083 0.108839765 0.09175545 0.101217166 0.113825984 0.10873413 0.12536694 0.11279924 0.09278348 0.11181896 0.10376183 0.10377199 0.10716861 0.13192056 0.08954255 0.089598395 0.09682453 0.08536552 0.076461695 0.09450679 0.12373409 0.10357604 0.11841663 0.16247354 0.10388771 0.12143556 0.10411838 0.09639658 0.10881308 0.10066491 0.08020514 0.09946278 0.10318638 0.090422414 0.11838557 0.09423061 0.124559656 0.1146275 0.116100706 0.10260528 0.09309356 0.119472824 0.089883745 0.11529845 0.10155035 0.09151538 0.11004919 0.11485129 0.13745084 0.10902779 0.110222206 0.09139071 0.08436356 0.08024623 0.10749929 0.10754807 0.11085274 0.116420425,0.0010147732 0.0009223504 0.0010111798 0.00087395066 0.0008938746 0.00095213775 0.0012708391 0.0010302134 0.0007773764 0.0009686005 0.000998318 0.000797657 0.00096276955 0.0011201677 0.0010222689 0.0010294075 0.0009283448 0.0009442893 0.0008538418 0.0011228924 0.00082924706 0.00071778323 0.0010408757 0.0011710159 0.0012798925 0.0013321504 0.0008327263 0.0010863238 0.0008471548 0.0008428708 0.000881908 0.0009149033 0.0009730397 0.0008388289 0.0009630216 0.0011247756 0.00080713927 0.0009833674 0.0012466776 0.0007780845 0.00082441233 0.0014798127 0.0008634718 0.001312063 0.0008984019 0.00089122757 0.0009703112 0.0007403135 0.0009911406 0.0010075883 0.0009980489 0.0010080952 0.00083064265 0.00095845055 0.0012269573 0.0009236652 0.0010082332 0.0008484727 0.00088939705 0.00092898577 0.00083930884 0.0010076913 0.0011042424 0.00068904064 0.0011959479 0.0010569636 0.0011811613 0.0009613801 0.00089276244 0.0010899382 0.0009781542 0.0009105313 0.0008905839 0.0008111466 0.000782672 0.0012174719 0.000976307 0.0009557976 0.0010625779 0.0011968262 0.001185354 0.00089731684 0.0012294425 0.00085016724 0.0011599725 0.0010895986 0.0011319447 0.000921726 0.0008608294 0.000897638 0.0008855811 0.0011185531 0.0010567736 0.0008433403 0.0010388335 0.0013426037 0.001052317 0.0008887053 0.0008375672 0.00087154144 0.001436676 0.00094880385 0.0011515798 0.00086235575 0.0009434253 0.00083804916 0.00096219644 0.0012169336 0.0009407206 0.00095544464 0.00094427326 0.00089800125 0.0012115808 0.00105271 0.0011880944 0.0012030632 0.0009362269 0.0010199855 0.00087510067 0.0012558503 0.0008927081 0.0008988625 0.000986154 0.0016044788 0.001082625 0.0011156618 0.0011156932 0.001006299 0.0012652971 0.001024016 0.00083072484 0.0010098963 0.001148897 0.0010738475 0.0010813999 0.00076042867 0.0008594022 0.0008952694 0.0010744978 0.0012752475 0.0010785704 0.0011280343 0.0010048759 0.0009132079 0.0008568272 0.0013700905 0.00083304686 0.0008240962 0.0008262372 0.0008468149 0.0007593567 0.00091886544 0.0010646441 0.0010487265 0.0008876623 0.001195213 0.0010221606 0.0007502691 0.00077472825 0.00095878367 0.001165121 0.0007968039 0.0011366215 0.0010165252 0.00094829866 0.0009764529 0.0010326022 0.00093710254 0.0007099297 0.0011639612 0.0009827578 0.0010030686 0.0010038287 0.0010330852 0.00086797803 0.00078243756 0.0009511509 0.0007336717 0.00091196643 0.0008741033 0.0009328419 0.0010237294 0.0010560328 0.00088238734 0.0008311659 0.0008758445 0.0011589742 0.0009853974 0.0012690347 0.0007926245 0.0009829965 0.0008907799 0.0008926647 0.0010166529 0.00087764626 0.0010323594 0.0010148919 0.0009097892 0.00088999147 0.0009128687 0.0009782903 0.0006674078 0.0011364947 0.0009852129 0.0011136946 0.00087837136 0.0010576483 0.0008798648 0.00085414725 0.0008706623 0.0008140392 0.00064551405 0.00071370933 0.0012612116 0.0008047383 0.00086283276 0.0011103412 0.000936715 0.0010833496 0.0008756342 0.0010548712 0.0008446899 0.0009358115 0.00070905493 0.0012735255 0.001008574 0.0008619449 0.0010103821 0.0010426018 0.0011271946 0.0010291282 0.0010804932 0.000893556 0.001280315 0.0009944825 0.0010653095 0.0010846606 0.00080693024 0.00092516775 0.0010287033 0.0010943257 0.0008527704 0.0010177556 0.00083718734 0.001270522 0.0009164516 0.0009213256 0.0010157722 0.0008871025 0.0012405716 0.0014509718 0.00076889223 0.0010836197 0.0009408366 0.00081898127 0.0010600914 0.0008730171 0.00072923297 0.0008623395 0.000783895 0.000820071 0.000683619 0.0008451946 0.001195607 0.0007178277 0.00070062437 0.00080311974 0.0010001981 0.00082432973 0.0008342947 0.0010099588 0.0010258757 0.0008652995 0.0007085261 0.0008154545 0.000819898 0.00075586775 0.00074062846 0.000799074 0.0007710447 0.00092869403 0.0007450234 0.0009099037 0.0008699168 0.00086545636 0.00086903654 0.0008535577 0.00086422777 0.00077544595 0.0007873751 0.0008773881 0.00084215734 0.0006721016 0.0008288868 0.0008343677 0.00081838877 0.0007483288 0.0008355995 0.0011442504 0.0010115566 0.0008353917 0.0006590345 0.0007322577 0.0010197373 0.0009808401 0.0010338676 0.0007808322 0.0010480791 0.0008561698 0.0007665124 0.0009489792 0.00082662585 0.0010615404 0.000764074 0.0006864771 0.00083549175 0.00068433577 0.00088267005 0.00083692564 0.00073186227 0.00086187106 0.0007889656 0.0008974638 0.00088683044 0.0007746792 0.0010259082 0.0008721133 0.00079669995 0.00073511363 0.00074003194 0.001076815 0.00068559963 0.0007972472 0.0011478319 0.0006123129 0.0008358611 0.00069969794 0.0007778186 0.0005911072 0.0008100398 0.00084339635 0.0007453376 0.00086640235 0.0006754321 0.0007400106 0.00084704766 0.00075504254 0.0009197181 0.0009325437 0.00085031876 0.0007372384 0.00083021034 0.0010196904 0.00079230586 0.0008015811 0.0006073173 0.00077224104 0.00065640104 0.0006113585 0.0008874112 0.0007522792 0.0009391296 0.0009927078 0.0007162536 0.0006906744 0.00075109996 0.0008795705 0.0009282656 0.00083767006 0.0008846543 0.0008567573 0.00070669764 0.0006920725 0.00085698394 0.000648386 0.0009225439 0.0007164485 0.00072567456 0.00081961555 0.0010520656 0.00082014996 0.0010691088 0.0007870426 0.0007925421 0.0008636773 0.00080220174 0.0013015269 0.0010392423 0.0010009765 0.0010208033 0.00095010194 0.0007310212 0.0012589523 0.0010697099 0.0008378714 0.0007464952 0.00073326554 0.00079599116 0.0008089013 0.0010317346 0.0006558106 0.00080987765 0.0006340298 0.00090100185 0.000677765 0.0006916817 0.00059776026 0.0008024201 0.0007607929 0.0009749234 0.0009998558 0.0007501409 0.0009593491 0.0007664004 0.0010493457 0.00070183136 0.00069875614 0.0007380888 0.0006940884 0.000840774 0.0008764362 0.0009254948 0.00089165097 0.0010386062 0.0010859957 0.0008267446 0.0007220462 0.00088243035 0.0008581386 0.00083300326 0.0007063425 0.0006130426 0.00065996207 0.00076172414 0.0007294856 0.0007102703 0.0008396875 0.00096876 0.0007605983 0.00063726027 0.00093537406 0.00069376704 0.0009270186 0.0007905836 0.000791511 0.0008086646 0.0010508804 0.000705967 0.0010529419 0.0007125154 0.00071614713 0.00097017345 0.0007792896 0.0008531382 0.00053890416 0.000857006 0.00072248385 0.0007969856 0.0008962676 0.0008561743 0.0009871413 0.000888183 0.0007305786 0.0008804643 0.0008170223 0.0008171023 0.0008438473 0.0010387446 0.00070505944 0.00070549914 0.00076239783 0.00067216944 0.0006020606 0.000744148 0.00097428414 0.0008155594 0.00093241443 0.0012793193 0.00081801345 0.0009561855 0.00081982976 0.0007590282 0.0008567959 0.0007926371 0.00063153653 0.00078317145 0.00081249117 0.0007119875 0.00093216985 0.0007419733 0.0009807847 0.00090257876 0.0009141788 0.00080791564 0.00073302013 0.0009407309 0.000707746 0.0009078618 0.00079960906 0.0007205935 0.00086652907 0.0009043409 0.0010822901 0.0008584865 0.00086789136 0.0007196119 0.00066427997 0.0006318601 0.0008464511 0.0008468352 0.00087285624 0.00091669627,
184,512,,,0.0062016635 0.0062016635 0.0062016635 0.0062016635 0.0062016635 0.0062016635 0.0062016635 0.0062016635 0.0062016635 0.0062016635 0.0062016635 0.0062016635 0.0062016635 0.0062016635 0.0062016635 0.0062016635 0.0062016635 0.0062016635 0.0062016635 0.0062016635 0.0062016635 0.0062016635 0.0062016635 0.0062016635 0.0062016635 0.0062016635 0.0062016635 0.0062016635 0.0062016635 0.0062016635 0.0062016635 0.0062016635 0.0062016635 0.0062016635 0.0062016635 0.0062016635 0.0062016635 0.0062016635 0.0062016635 0.0062016635 0.0062016635 0.0062016635 0.0062016635 0.0062016635 0.0062016635 0.0062016635 0.0062016635 0.0062016635 0.0062016635 0.0062016635 0.0062016635 0.0062016635 0.0062016635 0.0062016635 0.0062016635 0.0062016635 0.0062016635 0.0062016635 0.0062016635 0.0062016635 0.0062016635 0.0062016635 0.0062016635 0.0062016635 0.0062016635 0.0062016635 0.0062016635 0.0062016635 0.0062016635 0.0062016635 0.0062016635 0.0062016635 0.0062016635 0.0062016635 0.0062016635 0.0062016635 0.0062016635 0.0062016635 0.0062016635 0.0062016635 0.0062016635 0.0062016635 0.0062016635 0.0062016635 0.0062016635 0.0062016635 0.0062016635 0.0062016635 0.0062016635 0.0062016635 0.0062016635 0.0062016635 0.0062016635 0.0062016635 0.0062016635 0.0062016635 0.0062016635 0.0062016635 0.0062016635 0.0062016635 0.0062016635 0.0062016635 0.0062016635 0.0062016635 0.0062016635 0.0062016635 0.0062016635 0.0062016635 0.0062016635 0.0062016635 0.0062016635 0.0062016635 0.0062016635 0.0062016635 0.0062016635 0.0062016635 0.0062016635 0.0062016635 0.0062016635 0.0062016635 0.0062016635 0.0062016635 0.0062016635 0.0062016635 0.0062016635 0.0062016635 0.0062016635 0.0062016635 0.0062016635 0.0062016635 0.0062016635 0.0062016635 0.0062016635 0.0062016635 0.0062016635 0.0062016635 0.0062016635 0.0062016635 0.0062016635 0.0062016635 0.0062016635 0.0062016635 0.0062016635 0.0062016635 0.0062016635 0.0062016635 0.0062016635 0.0062016635 0.0062016635 0.0062016635 0.0062016635 0.0062016635 0.0062016635 0.0062016635 0.0062016635 0.0062016635 0.0062016635 0.0062016635 0.0062016635 0.0062016635 0.0062016635 0.0062016635 0.0062016635 0.0062016635 0.0062016635 0.0062016635 0.0062016635 0.0062016635 0.0062016635 0.0062016635 0.0062016635 0.0062016635 0.0062016635 0.0062016635 0.0062016635 0.0062016635 0.0062016635 0.0062016635 0.0062016635 0.0062016635 0.0062016635 0.0062016635 0.0062016635 0.0062016635 0.0062016635 0.0062016635 0.0062016635 0.0062016635 0.0062016635 0.0062016635 0.0062016635 0.0062016635 0.0062016635 0.0062016635 0.0062016635 0.0062016635 0.0062016635 0.0062016635 0.0062016635 0.0062016635 0.0062016635 0.0062016635 0.0062016635 0.0062016635 0.0062016635 0.0062016635 0.0062016635 0.0062016635 0.0062016635 0.0062016635 0.0062016635 0.0062016635 0.0062016635 0.0062016635 0.0062016635 0.0062016635 0.0062016635 0.0062016635 0.0062016635 0.0062016635 0.0062016635 0.0062016635 0.0062016635 0.0062016635 0.0062016635 0.0062016635 0.0062016635 0.0062016635 0.0062016635 0.0062016635 0.0062016635 0.0062016635 0.0062016635 0.0062016635 0.0062016635 0.0062016635 0.0062016635 0.0062016635 0.0062016635 0.0062016635 0.0062016635 0.0062016635 0.0062016635 0.0062016635 0.0062016635 0.0062016635 0.0062016635 0.0062016635 0.0062016635 0.0062016635 0.0062016635 0.0062016635 0.0062016635 0.0062016635 0.0062016635 0.0062016635 0.0062016635 0.0062016635 0.0062016635 0.0062016635 0.0062016635 0.0062016635 0.0062016635 0.0062016635 0.0062016635 0.0062016635 0.0062016635 0.0062016635 0.0062016635 0.0062016635 0.0062016635 0.0062016635 0.0062016635 0.0062016635 0.0062016635 0.0062016635 0.0062016635 0.0062016635 0.0062016635 0.0062016635 0.0062016635 0.0062016635 0.0062016635 0.0062016635 0.0062016635 0.0062016635 0.0062016635 0.0062016635 0.0062016635 0.0062016635 0.0062016635 0.0062016635 0.0062016635 0.0062016635 0.0062016635 0.0062016635 0.0062016635 0.0062016635 0.0062016635 0.0062016635 0.0062016635 0.0062016635 0.0062016635 0.0062016635 0.0062016635 0.0062016635 0.0062016635 0.0062016635 0.0062016635 0.0062016635 0.0062016635 0.0062016635 0.0062016635 0.0062016635 0.0062016635 0.0062016635 0.0062016635 0.0062016635 0.0062016635 0.0062016635 0.0062016635 0.0062016635 0.0062016635 0.0062016635 0.0062016635 0.0062016635 0.0062016635 0.0062016635 0.0062016635 0.0062016635 0.0062016635 0.0062016635 0.0062016635 0.0062016635 0.0062016635 0.0062016635 0.0062016635 0.0062016635 0.0062016635 0.0062016635 0.0062016635 0.0062016635 0.0062016635 0.0062016635 0.0062016635 0.0062016635 0.0062016635 0.0062016635 0.0062016635 0.0062016635 0.0062016635 0.0062016635 0.0062016635 0.0062016635 0.0062016635 0.0062016635 0.0062016635 0.0062016635 0.0062016635 0.0062016635 0.0062016635 0.0062016635 0.0062016635 0.0062016635 0.0062016635 0.0062016635 0.0062016635 0.0062016635 0.0062016635 0.0062016635 0.0062016635 0.0062016635 0.0062016635 0.0062016635 0.0062016635 0.0062016635 0.0062016635 0.0062016635 0.0062016635 0.0062016635 0.0062016635 0.0062016635 0.0062016635 0.0062016635 0.0062016635 0.0062016635 0.0062016635 0.0062016635 0.0062016635 0.0062016635 0.0062016635 0.0062016635 0.0062016635 0.0062016635 0.0062016635 0.0062016635 0.0062016635 0.0062016635 0.0062016635 0.0062016635 0.0062016635 0.0062016635 0.0062016635 0.0062016635 0.0062016635 0.0062016635 0.0062016635 0.0062016635 0.0062016635 0.0062016635 0.0062016635 0.0062016635 0.0062016635 0.0062016635 0.0062016635 0.0062016635 0.0062016635 0.0062016635 0.0062016635 0.0062016635 0.0062016635 0.0062016635 0.0062016635 0.0062016635 0.0062016635 0.0062016635 0.0062016635 0.0062016635 0.0062016635 0.0062016635 0.0062016635 0.0062016635 0.0062016635 0.0062016635 0.0062016635 0.0062016635 0.0062016635 0.0062016635 0.0062016635 0.0062016635 0.0062016635 0.0062016635 0.0062016635 0.0062016635 0.0062016635 0.0062016635 0.0062016635 0.0062016635 0.0062016635 0.0062016635 0.0062016635 0.0062016635 0.0062016635 0.0062016635 0.0062016635 0.0062016635 0.0062016635 0.0062016635 0.0062016635 0.0062016635 0.0062016635 0.0062016635 0.0062016635 0.0062016635 0.0062016635 0.0062016635 0.0062016635 0.0062016635 0.0062016635 0.0062016635 0.0062016635 0.0062016635 0.0062016635 0.0062016635 0.0062016635 0.0062016635 0.0062016635 0.0062016635 0.0062016635 0.0062016635 0.0062016635 0.0062016635 0.0062016635 0.0062016635 0.0062016635 0.0062016635 0.0062016635 0.0062016635 0.0062016635 0.0062016635 0.0062016635 0.0062016635 0.0062016635 0.0062016635 0.0062016635 0.0062016635 0.0062016635 0.0062016635 0.0062016635 0.0062016635 0.0062016635 0.0062016635 0.0062016635 0.0062016635 0.0062016635 0.0062016635 0.0062016635 0.0062016635 0.0062016635 0.0062016635 0.0062016635 0.0062016635,14 15 14 15 15 15 14 14 15 15 14 15 15 14 14 14 15 15 15 14 15 15 14 14 14 14 15 14 15 15 15 15 15 15 15 14 15 14 14 15 15 14 15 14 15 15 15 15 14 14 14 14 15 15 14 15 14 15 15 15 15 14 14 15 14 14 14 15 15 14 14 15 15 15 15 14 14 15 14 14 14 15 14 15 14 14 14 15 15 15 15 14 14 15 14 14 14 15 15 15 14 15 14 15 15 15 15 14 15 15 15 15 14 14 14 14 15 14 15 14 15 15 14 14 14 14 14 14 14 14 15 14 14 14 14 15 15 15 14 14 14 14 14 15 15 14 15 15 15 15 15 15 14 14 15 14 14 15 15 15 14 15 14 14 15 14 14 15 15 14 14 14 14 14 15 15 15 15 15 15 15 14 14 15 15 15 14 14 14 15 14 15 15 14 15 14 14 15 15 15 14 15 14 14 14 15 14 15 15 15 15 15 15 14 15 15 14 15 14 15 14 15 15 15 14 14 15 14 14 14 14 14 15 14 14 14 14 15 15 14 14 15 14 15 14 15 15 14 15 14 14 15 14 15 15 14 15 15 15 15 15 15 15 14 15 15 15 14 15 15 14 14 15 15 15 15 15 15 15 15 15 15 15 15 15 15 15 15 15 15 15 15 15 15 15 15 15 15 14 14 15 15 15 14 14 14 15 14 15 15 15 15 14 15 15 15 15 15 15 15 15 15 15 15 15 14 15 15 15 15 14 15 15 14 15 15 15 15 15 15 15 15 15 15 15 15 15 15 15 15 15 15 14 15 15 15 15 15 15 15 15 15 14 15 15 15 15 15 15 15 15 15 15 15 15 15 15 15 15 14 15 14 15 15 15 15 14 14 14 14 15 15 14 14 15 15 15 15 15 14 15 15 15 15 15 15 15 15 15 14 14 15 15 15 14 15 15 15 15 15 15 15 15 14 14 15 15 15 15 15 15 15 15 15 15 15 15 15 15 15 15 15 15 15 15 15 14 15 14 15 15 15 15 15 15 15 15 15 15 15 14 15 15 15 15 15 15 14 15 15 15 15 15 15 15 15 15 14 15 15 15 15 15 15 15 15 15 15 15 15 14 15 15 15 15 15 15 15 15 15 15 15 14 15 15 15 15 15 15 15 15 15
193,1x1x256x128,0.13016325 0.16079837 0.16259173 0.18710533 0.1487133 0.15338764 0.1868031 0.198401 0.16026506 0.201187 0.17518236 0.14979368 0.10197749 0.172641 0.14398782 0.12890518 0.2026988 0.1731555 0.253013 0.20925777 0.19438028 0.18571036 0.18384379 0.1578399 0.13886216 0.15274593 0.15028356 0.15779686 0.12710479 0.11230668 0.13031133 0.14245492 0.17813036 0.1452648 0.22023757 0.20736863 0.18111022 0.12538715 0.17756511 0.14415629 0.14248742 0.1726294 0.1676521 0.13209574 0.18506803 0.16579257 0.1275012 0.17502794 0.14366032 0.17899589 0.16168109 0.14547625 0.15366632 0.15270092 0.14598851 0.1797813 0.17243308 0.19202286 0.1811686 0.13374276 0.14897375 0.18287729 0.20084868 0.16481848 0.13709098 0.16729353 0.17685577 0.17546469 0.17932194 0.20965108 0.1940117 0.19260728 0.16056432 0.14223632 0.17800875 0.1377439 0.13854869 0.1614773 0.17215098 0.17827336 0.16129759 0.1380855 0.17238256 0.14106648 0.16902557 0.20296791 0.1550289 0.1577979 0.19612658 0.2128886 0.15469186 0.15893815 0.13430071 0.14720468 0.1250684 0.17142059 0.14187424 0.22533013 0.1572641 0.16730477 0.10563808 0.159796 0.13556977 0.21080542 0.12347567 0.12880318 0.1705734 0.18072002 0.14912124 0.1508114 0.18717507 0.21139191 0.124962404 0.1346625 0.20387128 0.16946945 0.15755938 0.16564095 0.16441163 0.15728885 0.20232147 0.1980884 0.13276203 0.14967562 0.14656949 0.15124954 0.16086192 0.18846276,0.13014737 0.16077875 0.16257189 0.18708248 0.14869516 0.15336892 0.1867803 0.19837679 0.16024551 0.20116246 0.17516099 0.1497754 0.10196504 0.17261992 0.14397024 0.12888946 0.20267406 0.17313437 0.25298214 0.20923223 0.19435656 0.18568769 0.18382137 0.15782064 0.1388452 0.15272729 0.15026522 0.15777759 0.12708928 0.112292975 0.13029543 0.14243755 0.17810862 0.14524709 0.2202107 0.20734331 0.1810881 0.12537184 0.17754343 0.14413871 0.14247003 0.17260833 0.16763164 0.13207962 0.18504545 0.16577233 0.12748565 0.17500657 0.1436428 0.17897405 0.16166136 0.14545849 0.15364757 0.15268229 0.1459707 0.17975935 0.17241204 0.19199944 0.18114649 0.13372643 0.14895557 0.18285497 0.20082417 0.16479836 0.13707425 0.16727312 0.17683418 0.17544328 0.17930007 0.2096255 0.19398803 0.19258377 0.16054472 0.14221896 0.17798702 0.1377271 0.13853179 0.16145758 0.17212997 0.17825161 0.1612779 0.13806865 0.17236152 0.14104925 0.16900493 0.20294313 0.15500998 0.15777864 0.19610263 0.21286263 0.15467298 0.15891877 0.13428432 0.14718673 0.12505312 0.17139967 0.14185692 0.22530262 0.1572449 0.16728435 0.10562518 0.15977651 0.13555321 0.21077968 0.123460606 0.12878746 0.17055258 0.18069796 0.14910303 0.150793 0.18715222 0.2113661 0.12494715 0.13464606 0.20384641 0.16944876 0.15754014 0.16562074 0.16439158 0.15726966 0.20229678 0.19806421 0.13274582 0.14965735 0.1465516 0.1512311 0.16084228 0.18843977,0.0010247824 0.0012659744 0.0012800937 0.0014730904 0.001170828 0.0012076293 0.0014707111 0.001562022 0.0012617756 0.0015839564 0.0013792204 0.0011793339 0.00080287433 0.001359212 0.0011336239 0.0010148776 0.0015958587 0.0013632628 0.0019919854 0.0016474979 0.0015303666 0.0014621078 0.0014474123 0.0012426822 0.0010932693 0.0012025771 0.0011831907 0.0012423432 0.001000703 0.00088419666 0.0010259482 0.0011215555 0.00140243 0.0011436779 0.0017339425 0.0016326245 0.0014258906 0.0009871799 0.0013979798 0.0011349504 0.0011218112 0.0013591207 0.0013199341 0.001039997 0.0014570508 0.001305294 0.0010038239 0.0013780044 0.0011310456 0.0014092445 0.001272924 0.0011453425 0.0012098234 0.0012022228 0.0011493756 0.001415428 0.0013575751 0.0015118066 0.0014263503 0.001052964 0.0011728785 0.0014398029 0.0015812927 0.0012976249 0.0010793247 0.0013171112 0.0013923951 0.0013814431 0.0014118116 0.0016505945 0.0015274647 0.0015164076 0.0012641316 0.0011198344 0.0014014726 0.0010844653 0.0010908014 0.0012713196 0.0013553541 0.001403556 0.0012699048 0.0010871547 0.0013571774 0.001110624 0.0013307475 0.0015979774 0.0012205511 0.0012423515 0.0015441152 0.0016760837 0.0012178975 0.0012513289 0.0010573568 0.0011589506 0.0009846702 0.0013496036 0.0011169837 0.0017740364 0.0012381489 0.0013171997 0.00083169434 0.0012580828 0.0010673482 0.0016596825 0.00097213074 0.0010140744 0.0013429337 0.0014228186 0.0011740396 0.0011873464 0.0014736395 0.0016643 0.0009838359 0.0010602052 0.0016050899 0.0013342422 0.0012404736 0.0013041004 0.0012944218 0.0012383438 0.001592888 0.0015595607 0.0010452427 0.0011784043 0.0011539495 0.001190796 0.0012664747 0.0014837778,
194,128,,,0.0045940573 0.0045940573 0.0045940573 0.0045940573 0.0045940573 0.0045940573 0.0045940573 0.0045940573 0.0045940573 0.0045940573 0.0045940573 0.0045940573 0.0045940573 0.0045940573 0.0045940573 0.0045940573 0.0045940573 0.0045940573 0.0045940573 0.0045940573 0.0045940573 0.0045940573 0.0045940573 0.0045940573 0.0045940573 0.0045940573 0.0045940573 0.0045940573 0.0045940573 0.0045940573 0.0045940573 0.0045940573 0.0045940573 0.0045940573 0.0045940573 0.0045940573 0.0045940573 0.0045940573 0.0045940573 0.0045940573 0.0045940573 0.0045940573 0.0045940573 0.0045940573 0.0045940573 0.0045940573 0.0045940573 0.0045940573 0.0045940573 0.0045940573 0.0045940573 0.0045940573 0.0045940573 0.0045940573 0.0045940573 0.0045940573 0.0045940573 0.0045940573 0.0045940573 0.0045940573 0.0045940573 0.0045940573 0.0045940573 0.0045940573 0.0045940573 0.0045940573 0.0045940573 0.0045940573 0.0045940573 0.0045940573 0.0045940573 0.0045940573 0.0045940573 0.0045940573 0.0045940573 0.0045940573 0.0045940573 0.0045940573 0.0045940573 0.0045940573 0.0045940573 0.0045940573 0.0045940573 0.0045940573 0.0045940573 0.0045940573 0.0045940573 0.0045940573 0.0045940573 0.0045940573 0.0045940573 0.0045940573 0.0045940573 0.0045940573 0.0045940573 0.0045940573 0.0045940573 0.0045940573 0.0045940573 0.0045940573 0.0045940573 0.0045940573 0.0045940573 0.0045940573 0.0045940573 0.0045940573 0.0045940573 0.0045940573 0.0045940573 0.0045940573 0.0045940573 0.0045940573 0.0045940573 0.0045940573 0.0045940573 0.0045940573 0.0045940573 0.0045940573 0.0045940573 0.0045940573 0.0045940573 0.0045940573 0.0045940573 0.0045940573 0.0045940573 0.0045940573 0.0045940573 0.0045940573,15 15 15 15 15 15 15 15 15 15 15 15 16 15 15 15 15 15 14 15 15 15 15 15 15 15 15 15 15 16 15 15 15 15 15 15 15 15 15 15 15 15 15 15 15 15 15 15 15 15 15 15 15 15 15 15 15 15 15 15 15 15 15 15 15 15 15 15 15 15 15 15 15 15 15 15 15 15 15 15 15 15 15 15 15 15 15 15 15 15 15 15 15 15 15 15 15 15 15 15 16 15 15 15 16 15 15 15 15 15 15 15 15 15 15 15 15 15 15 15 15 15 15 15 15 15 15 15
199,3x3x128x128,0.1492253 0.15999694 0.12590703 0.14175364 0.14090341 0.11689125 0.10337791 0.10599646 0.1309767 0.10330379 0.079860136 0.13924836 0.13529243 0.09963113 0.116579376 0.18360779 0.09857417 0.11572636 0.12774454 0.121643715 0.16013248 0.11540624 0.12604104 0.121181265 0.13610446 0.14334342 0.07830563 0.09448891 0.07418955 0.107821345 0.10906101 0.104113646 0.12554468 0.12753947 0.116952166 0.10839522 0.16488495 0.09404078 0.11118305 0.14324808 0.11965378 0.09911843 0.0739372 0.13252893 0.089378156 0.123204745 0.10124399 0.12964574 0.11173775 0.12367221 0.10827974 0.11353579 0.109637514 0.09331103 0.124221176 0.14081009 0.14418711 0.108235665 0.08535272 0.11523749 0.10857395 0.17446025 0.14076777 0.106795825 0.088787176 0.14825983 0.13005744 0.10554887 0.09617856 0.10904072 0.18675934 0.104546405 0.10866028 0.09978708 0.09766051 0.117389105 0.11630335 0.118583746 0.09617276 0.10637854 0.118104994 0.15240057 0.16335137 0.17871898 0.10253266 0.15291655 0.1069185 0.09742029 0.10571598 0.113855615 0.10550298 0.108786725 0.11677834 0.0952856 0.09964445 0.14326693 0.111950636 0.09708954 0.13912083 0.102057375 0.13858013 0.083327025 0.08836222 0.10196831 0.12841141 0.1447371 0.15693909 0.2060464 0.12164208 0.124807835 0.14173836 0.10399542 0.11133425 0.09733375 0.10017423 0.10697961 0.103103906 0.13009793 0.11834748 0.10912262 0.12675282 0.10831766 0.08789185 0.12780063 0.119999364 0.11128334 0.08707181 0.1022979,0.14920709 0.1599774 0.12589167 0.14173634 0.14088622 0.11687699 0.10336529 0.105983526 0.13096073 0.10329118 0.07985039 0.13923135 0.13527592 0.09961897 0.11656515 0.18358539 0.098562144 0.11571224 0.12772895 0.12162887 0.16011293 0.11539215 0.12602565 0.121166475 0.13608786 0.14332592 0.07829608 0.094477385 0.0741805 0.10780819 0.109047696 0.104100935 0.12552936 0.12752391 0.1169379 0.108381994 0.16486482 0.0940293 0.11116948 0.1432306 0.11963917 0.099106334 0.07392818 0.13251275 0.08936725 0.12318971 0.10123163 0.12962991 0.11172411 0.123657115 0.10826653 0.11352194 0.10962413 0.093299635 0.12420602 0.1407929 0.14416951 0.108222455 0.0853423 0.11522343 0.108560696 0.17443895 0.14075059 0.10678279 0.088776335 0.14824174 0.13004157 0.10553599 0.09616682 0.109027416 0.18673655 0.10453364 0.10864702 0.099774905 0.0976486 0.11737478 0.11628915 0.11856927 0.096161015 0.106365554 0.118090585 0.15238197 0.16333143 0.17869718 0.102520145 0.15289788 0.106905445 0.09740841 0.105703086 0.11384172 0.1054901 0.10877345 0.11676408 0.09527397 0.09963229 0.14324944 0.11193697 0.09707768 0.13910384 0.102044925 0.13856322 0.083316855 0.08835143 0.10195587 0.12839575 0.14471942 0.15691993 0.20602126 0.121627234 0.1247926 0.14172105 0.103982724 0.11132067 0.09732187 0.10016201 0.10696655 0.10309132 0.13008206 0.11833304 0.1091093 0.12673736 0.10830444 0.087881126 0.12778504 0.11998472 0.11126976 0.08706119 0.10228542,0.0011748589 0.0012596647 0.000991273 0.0011160342 0.0011093403 0.00092029123 0.0008138999 0.00083451596 0.0010311869 0.0008133164 0.0006287432 0.0010963099 0.0010651647 0.0007844014 0.00091783586 0.0014455543 0.0007760799 0.00091112 0.0010057398 0.00095770764 0.0012607317 0.0009085996 0.0009923279 0.00095406675 0.001071558 0.0011285506 0.0006165046 0.00074391643 0.0005840984 0.00084888336 0.00085864327 0.0008196924 0.0009884202 0.0010041253 0.00092077086 0.00085340155 0.0012981482 0.0007403882 0.00087535026 0.0011278 0.00094204076 0.00078036485 0.00058211165 0.0010434075 0.0007036791 0.0009699977 0.00079709943 0.001020708 0.0008797174 0.0009736781 0.0008524924 0.00089387357 0.0008631821 0.0007346428 0.0009780001 0.0011086055 0.001135193 0.0008521453 0.00067198667 0.0009072711 0.0008548086 0.001373535 0.0011082724 0.00084080937 0.0006990263 0.0011672578 0.0010239494 0.00083099207 0.00075721904 0.0008584836 0.0014703666 0.0008230996 0.00085548835 0.00078562915 0.0007688866 0.0009242108 0.0009156626 0.0009336163 0.00075717334 0.0008375241 0.0009298471 0.001199858 0.0012860743 0.0014070644 0.00080724526 0.0012039203 0.00084177515 0.0007669953 0.00083230773 0.0008963915 0.0008306307 0.0008564838 0.0009194022 0.0007501888 0.00078450626 0.0011279483 0.0008813935 0.0007643912 0.0010953059 0.0008035033 0.0010910489 0.00065603823 0.00069568056 0.0008028021 0.0010109901 0.001139523 0.00123559 0.0016222147 0.0009576948 0.0009826189 0.0011159139 0.0008187616 0.00087654067 0.0007663139 0.0007886772 0.0008422563 0.0008117427 0.0010242681 0.0009317562 0.0008591283 0.0009979319 0.0008527909 0.0006919774 0.0010061815 0.0009447616 0.0008761398 0.00068552117 0.00080539705,
200,128,,,0.0042772684 0.0042772684 0.0042772684 0.0042772684 0.0042772684 0.0042772684 0.0042772684 0.0042772684 0.0042772684 0.0042772684 0.0042772684 0.0042772684 0.0042772684 0.0042772684 0.0042772684 0.0042772684 0.0042772684 0.0042772684 0.0042772684 0.0042772684 0.0042772684 0.0042772684 0.0042772684 0.0042772684 0.0042772684 0.0042772684 0.0042772684 0.0042772684 0.0042772684 0.0042772684 0.0042772684 0.0042772684 0.0042772684 0.0042772684 0.0042772684 0.0042772684 0.0042772684 0.0042772684 0.0042772684 0.0042772684 0.0042772684 0.0042772684 0.0042772684 0.0042772684 0.0042772684 0.0042772684 0.0042772684 0.0042772684 0.0042772684 0.0042772684 0.0042772684 0.0042772684 0.0042772684 0.0042772684 0.0042772684 0.0042772684 0.0042772684 0.0042772684 0.0042772684 0.0042772684 0.0042772684 0.0042772684 0.0042772684 0.0042772684 0.0042772684 0.0042772684 0.0042772684 0.0042772684 0.0042772684 0.0042772684 0.0042772684 0.0042772684 0.0042772684 0.0042772684 0.0042772684 0.0042772684 0.0042772684 0.0042772684 0.0042772684 0.0042772684 0.0042772684 0.0042772684 0.0042772684 0.0042772684 0.0042772684 0.0042772684 0.0042772684 0.0042772684 0.0042772684 0.0042772684 0.0042772684 0.0042772684 0.0042772684 0.0042772684 0.0042772684 0.0042772684 0.0042772684 0.0042772684 0.0042772684 0.0042772684 0.0042772684 0.0042772684 0.0042772684 0.0042772684 0.0042772684 0.0042772684 0.0042772684 0.0042772684 0.0042772684 0.0042772684 0.0042772684 0.0042772684 0.0042772684 0.0042772684 0.0042772684 0.0042772684 0.0042772684 0.0042772684 0.0042772684 0.0042772684 0.0042772684 0.0042772684 0.0042772684 0.0042772684 0.0042772684 0.0042772684 0.0042772684 0.0042772684,14 14 14 14 14 15 15 15 14 15 15 14 14 15 15 14 15 15 14 15 14 15 14 15 14 14 15 15 15 15 15 15 14 14 15 15 14 15 15 14 15 15 15 14 15 15 15 14 15 15 15 15 15 15 14 14 14 15 15 15 15 14 14 15 15 14 14 15 15 15 14 15 15 15 15 15 15 15 15 15 15 14 14 14 15 14 15 15 15 15 15 15 15 15 15 14 15 15 14 15 14 15 15 15 14 14 14 14 15 14 14 15 15 15 15 15 15 14 15 15 14 15 15 14 15 15 15 15
205,3x3x128x128,0.0733842 0.075992525 0.0571496 0.06454448 0.078216806 0.064217605 0.07099762 0.10031836 0.06930235 0.09081175 0.09605126 0.07636523 0.07207475 0.06186878 0.06959114 0.08104144 0.07272787 0.06051961 0.08131904 0.0713241 0.060553797 0.13276958 0.062324844 0.09218989 0.07416122 0.067901134 0.08636239 0.077476874 0.07155986 0.07913018 0.089043535 0.079897456 0.067328535 0.06658949 0.069240384 0.07822051 0.06639216 0.083867796 0.08769988 0.07589358 0.06707972 0.06984641 0.05412731 0.08235358 0.07763413 0.069133565 0.06275021 0.094328925 0.06702505 0.061651856 0.079923294 0.08429518 0.122678235 0.08839687 0.06998489 0.06470526 0.07851005 0.07611456 0.072025254 0.07253503 0.057444423 0.06880051 0.06897727 0.08257223 0.09591119 0.0645721 0.06103149 0.059277818 0.06909162 0.06471299 0.07411712 0.0775967 0.110448584 0.07361203 0.07961508 0.07511169 0.055241145 0.07589637 0.06621838 0.091736905 0.10429662 0.058899865 0.07695479 0.0736531 0.06949373 0.08787284 0.07313224 0.07760016 0.07664578 0.09885983 0.07358819 0.06931707 0.08601987 0.08046967 0.05937775 0.08226998 0.06772069 0.09574733 0.0766982 0.06636805 0.063420385 0.06456171 0.06423252 0.061826464 0.07220534 0.12823716 0.058287803 0.11351812 0.06540989 0.071644954 0.060411464 0.07097567 0.07026371 0.09815592 0.08865654 0.074048534 0.08179944 0.075761884 0.07010275 0.06713522 0.07092762 0.0989992 0.081428476 0.06254954 0.07329924 0.09806308 0.067282215 0.07293152,0.07337525 0.07598325 0.057142626 0.0645366 0.07820726 0.06420977 0.07098895 0.100306116 0.069293894 0.090800665 0.09603953 0.07635591 0.07206596 0.06186123 0.06958265 0.081031546 0.072718985 0.060512226 0.08130912 0.07131539 0.06054641 0.13275337 0.062317237 0.09217864 0.074152164 0.06789285 0.08635186 0.07746742 0.07155113 0.079120524 0.08903267 0.07988771 0.06732032 0.06658137 0.069231935 0.07821096 0.06638406 0.08385756 0.08768918 0.07588432 0.067071535 0.06983788 0.054120705 0.082343526 0.07762466 0.06912512 0.06274255 0.094317414 0.06701687 0.061644334 0.07991354 0.084284894 0.12266326 0.08838608 0.069976345 0.06469736 0.07850047 0.07610527 0.07201646 0.07252618 0.057437412 0.06879211 0.06896885 0.082562156 0.095899485 0.06456423 0.06102404 0.059270583 0.06908319 0.06470509 0.07410807 0.07758723 0.110435106 0.07360304 0.07960536 0.075102516 0.055234406 0.07588711 0.06621031 0.091725715 0.104283884 0.05889268 0.0769454 0.07364411 0.06948525 0.08786211 0.07312331 0.07759069 0.07663642 0.09884776 0.07357921 0.06930861 0.086009376 0.08045985 0.059370503 0.082259946 0.06771242 0.09573564 0.07668883 0.06635995 0.063412644 0.064553834 0.06422468 0.061818916 0.072196536 0.1282215 0.05828069 0.11350426 0.065401904 0.071636215 0.060404092 0.07096701 0.07025514 0.09814394 0.08864572 0.0740395 0.08178946 0.07575264 0.07009419 0.067127034 0.07091896 0.098987125 0.08141854 0.06254191 0.073290296 0.09805111 0.067274004 0.072922625,0.00057775783 0.0005982933 0.00044994193 0.0005081622 0.0006158052 0.0005055887 0.0005589681 0.00078981195 0.0005456212 0.00071496586 0.0007562168 0.0006012276 0.0005674485 0.0004870963 0.00054789486 0.0006380437 0.00057259045 0.00047647423 0.00064022926 0.0005615385 0.0004767434 0.0010453021 0.0004906869 0.00072581606 0.0005838753 0.00053458934 0.00067993585 0.0006099797 0.00056339474 0.00062299625 0.0007010447 0.0006290371 0.0005300812 0.0005242627 0.0005451334 0.0006158343 0.00052270916 0.0006602957 0.000690466 0.0005975143 0.0005281223 0.0005499046 0.00042614728 0.0006483742 0.0006112178 0.0005442923 0.00049403583 0.0007426568 0.0005276919 0.00048538845 0.0006292405 0.0006636606 0.00096585247 0.0006959534 0.0005509948 0.00050942804 0.00061811396 0.0005992541 0.00056705874 0.0005710723 0.00045226308 0.0005416702 0.0005430618 0.0006500957 0.0007551141 0.0005083798 0.00048050424 0.0004666975 0.0005439621 0.00050948886 0.00058352813 0.0006109231 0.00086956774 0.0005795515 0.0006268139 0.0005913584 0.00043491658 0.0005975363 0.000521341 0.00072224974 0.00082113297 0.00046372187 0.0006058693 0.00057987485 0.0005471279 0.0006918277 0.0005757741 0.0006109503 0.0006034364 0.00077832886 0.00057936384 0.0005457371 0.0006772392 0.00063354213 0.00046748426 0.0006477161 0.00053316867 0.00075382396 0.00060384907 0.0005225193 0.0004993122 0.00050829793 0.0005057062 0.0004867631 0.0005684767 0.001009618 0.0004589031 0.00089373434 0.00051497563 0.00056406466 0.00047562277 0.00055879535 0.00055319007 0.00077278697 0.0006979978 0.00058298814 0.0006440115 0.0005964775 0.00055192277 0.0005285593 0.000558417 0.0007794262 0.00064109085 0.00049245596 0.00057708897 0.000772056 0.00052971655 0.0005741939,
206,128,,,0.004134712 0.004134712 0.004134712 0.004134712 0.004134712 0.004134712 0.004134712 0.004134712 0.004134712 0.004134712 0.004134712 0.004134712 0.004134712 0.004134712 0.004134712 0.004134712 0.004134712 0.004134712 0.004134712 0.004134712 0.004134712 0.004134712 0.004134712 0.004134712 0.004134712 0.004134712 0.004134712 0.004134712 0.004134712 0.004134712 0.004134712 0.004134712 0.004134712 0.004134712 0.004134712 0.004134712 0.004134712 0.004134712 0.004134712 0.004134712 0.004134712 0.004134712 0.004134712 0.004134712 0.004134712 0.004134712 0.004134712 0.004134712 0.004134712 0.004134712 0.004134712 0.004134712 0.004134712 0.004134712 0.004134712 0.004134712 0.004134712 0.004134712 0.004134712 0.004134712 0.004134712 0.004134712 0.004134712 0.004134712 0.004134712 0.004134712 0.004134712 0.004134712 0.004134712 0.004134712 0.004134712 0.004134712 0.004134712 0.004134712 0.004134712 0.004134712 0.004134712 0.004134712 0.004134712 0.004134712 0.004134712 0.004134712 0.004134712 0.004134712 0.004134712 0.004134712 0.004134712 0.004134712 0.004134712 0.004134712 0.004134712 0.004134712 0.004134712 0.004134712 0.004134712 0.004134712 0.004134712 0.004134712 0.004134712 0.004134712 0.004134712 0.004134712 0.004134712 0.004134712 0.004134712 0.004134712 0.004134712 0.004134712 0.004134712 0.004134712 0.004134712 0.004134712 0.004134712 0.004134712 0.004134712 0.004134712 0.004134712 0.004134712 0.004134712 0.004134712 0.004134712 0.004134712 0.004134712 0.004134712 0.004134712 0.004134712 0.004134712 0.004134712,15 15 16 15 15 15 15 15 15 15 15 15 15 16 15 15 15 16 15 15 16 14 15 15 15 15 15 15 15 15 15 15 15 15 15 15 15 15 15 15 15 15 16 15 15 15 15 15 15 16 15 15 15 15 15 15 15 15 15 15 16 15 15 15 15 15 16 16 15 15 15 15 15 15 15 15 16 15 15 15 15 16 15 15 15 15 15 15 15 15 15 15 15 15 16 15 15 15 15 15 15 15 15 16 15 14 16 15 15 15 16 15 15 15 15 15 15 15 15 15 15 15 15 15 15 15 15 15
214,3x3x128x128,0.092100404 0.08478494 0.10314922 0.06299968 0.07216361 0.07775552 0.088589706 0.08198122 0.06631054 0.085109495 0.10132736 0.09203114 0.08441401 0.08165285 0.07844106 0.09865451 0.093363956 0.07668349 0.07999272 0.09313275 0.073242985 0.07442777 0.08122308 0.077919915 0.07980185 0.06815942 0.08747235 0.08165759 0.0889662 0.06457835 0.080768004 0.07970137 0.08853299 0.0788409 0.12075905 0.09248103 0.084001906 0.103916906 0.08804483 0.092063636 0.08087146 0.07210171 0.07727006 0.130415 0.07187434 0.0757218 0.092615895 0.071890645 0.07242818 0.06254935 0.114931144 0.0983791 0.117751986 0.086200014 0.106866546 0.06530131 0.08625495 0.06329439 0.09130387 0.0632231 0.092531085 0.11091852 0.09626315 0.080614865 0.068231635 0.09865137 0.07389944 0.07749891 0.06700347 0.07467287 0.09661004 0.084763914 0.07650869 0.09685213 0.1094496 0.07584642 0.10545436 0.091307916 0.09753421 0.061881077 0.099673375 0.08197841 0.0955744 0.085371085 0.08533211 0.07730619 0.07486092 0.06255848 0.07656528 0.07575828 0.11401025 0.07017901 0.09080036 0.0754876 0.09636052 0.07656408 0.07785638 0.09642202 0.07305158 0.09204537 0.10632283 0.10960135 0.077726275 0.06623158 0.0689959 0.08724322 0.09721446 0.10057978 0.0757735 0.09942647 0.08134373 0.08460416 0.05863949 0.080586135 0.11158876 0.08318905 0.09077319 0.07423336 0.07728439 0.102474175 0.07435905 0.07298729 0.05750764 0.087697804 0.08646362 0.070513055 0.080294035 0.08909422,0.09208917 0.08477459 0.10313664 0.06299199 0.072154805 0.07774603 0.088578895 0.08197121 0.06630245 0.08509911 0.101315 0.09201991 0.084403716 0.08164288 0.07843149 0.09864247 0.093352556 0.07667413 0.07998295 0.09312139 0.07323405 0.07441869 0.08121316 0.0779104 0.07979211 0.068151094 0.08746167 0.08164763 0.088955335 0.064570464 0.08075815 0.07969165 0.08852219 0.07883127 0.12074431 0.092469744 0.083991654 0.103904225 0.088034086 0.0920524 0.0808616 0.07209291 0.077260636 0.13039908 0.071865566 0.075712554 0.09260459 0.071881875 0.07241934 0.06254172 0.11491712 0.09836709 0.11773761 0.08618949 0.1068535 0.06529334 0.08624442 0.06328666 0.09129273 0.06321539 0.0925198 0.110904984 0.0962514 0.08060502 0.06822331 0.09863933 0.07389042 0.07748945 0.0669953 0.07466376 0.096598245 0.084753565 0.07649936 0.09684031 0.109436244 0.07583716 0.10544149 0.09129678 0.09752231 0.061873525 0.099661216 0.081968404 0.09556274 0.08536066 0.0853217 0.07729675 0.07485179 0.06255085 0.07655594 0.07574903 0.113996334 0.07017045 0.09078927 0.07547838 0.096348755 0.07655474 0.07784687 0.096410245 0.07304267 0.09203414 0.10630986 0.10958797 0.07771679 0.066223495 0.06898748 0.087232575 0.09720259 0.100567505 0.075764254 0.09941434 0.0813338 0.08459383 0.058632333 0.0805763 0.11157514 0.0831789 0.09076211 0.0742243 0.077274956 0.10246167 0.07434998 0.072978385 0.057500623 0.0876871 0.086453065 0.07050445 0.08028424 0.089083344,0.0007251116 0.0006675165 0.0008120995 0.00049599994 0.0005681481 0.0006121735 0.0006974716 0.00064544263 0.00052206655 0.00067007175 0.0007977559 0.0007245662 0.0006645962 0.00064285734 0.00061757077 0.0007767124 0.0007350595 0.00060373335 0.00062978704 0.0007332393 0.00057664607 0.0005859739 0.0006394737 0.0006134677 0.00062828435 0.00053662277 0.00068867457 0.0006428947 0.0007004357 0.00050842884 0.00063589093 0.0006274933 0.0006970251 0.00062071864 0.00095074263 0.0007281082 0.0006613516 0.0008181435 0.00069318176 0.00072482205 0.0006367055 0.0005676607 0.0006083515 0.0010267644 0.0005658706 0.0005961618 0.00072917005 0.000565999 0.000570231 0.0004924545 0.0009048592 0.000774544 0.0009270678 0.00067865744 0.0008413661 0.0005141208 0.0006790899 0.00049832015 0.0007188404 0.00049775897 0.00072850235 0.0008732676 0.00075788505 0.0006346852 0.00053719146 0.00077668764 0.0005818143 0.00061015313 0.00052752206 0.0005879036 0.0007606161 0.0006673509 0.00060235715 0.0007625221 0.0008617027 0.00059714296 0.00083024794 0.00071887224 0.0007678922 0.00048719312 0.000784734 0.0006454205 0.00075246254 0.0006721312 0.00067182444 0.00060863583 0.0005893842 0.0004925264 0.00060280267 0.00059644907 0.00089760893 0.0005525232 0.00071487617 0.000594318 0.0007586516 0.00060279324 0.0006129675 0.00075913576 0.0005751391 0.0007246783 0.00083708554 0.0008628974 0.00061194325 0.00052144483 0.0005432085 0.00068687066 0.00076537475 0.0007918701 0.0005965689 0.00078279007 0.0006404236 0.0006660932 0.0004616719 0.0006344591 0.0008785444 0.00065495196 0.00071466225 0.00058444333 0.00060846424 0.00080678484 0.00058543286 0.00057463296 0.0004527608 0.0006904496 0.0006807328 0.0005551531 0.00063215935 0.00070144364,
215,128,,,0.0042772684 0.0042772684 0.0042772684 0.0042772684 0.0042772684 0.0042772684 0.0042772684 0.0042772684 0.0042772684 0.0042772684 0.0042772684 0.0042772684 0.0042772684 0.0042772684 0.0042772684 0.0042772684 0.0042772684 0.0042772684 0.0042772684 0.0042772684 0.0042772684 0.0042772684 0.0042772684 0.0042772684 0.0042772684 0.0042772684 0.0042772684 0.0042772684 0.0042772684 0.0042772684 0.0042772684 0.0042772684 0.0042772684 0.0042772684 0.0042772684 0.0042772684 0.0042772684 0.0042772684 0.0042772684 0.0042772684 0.0042772684 0.0042772684 0.0042772684 0.0042772684 0.0042772684 0.0042772684 0.0042772684 0.0042772684 0.0042772684 0.0042772684 0.0042772684 0.0042772684 0.0042772684 0.0042772684 0.0042772684 0.0042772684 0.0042772684 0.0042772684 0.0042772684 0.0042772684 0.0042772684 0.0042772684 0.0042772684 0.0042772684 0.0042772684 0.0042772684 0.0042772684 0.0042772684 0.0042772684 0.0042772684 0.0042772684 0.0042772684 0.0042772684 0.0042772684 0.0042772684 0.0042772684 0.0042772684 0.0042772684 0.0042772684 0.0042772684 0.0042772684 0.0042772684 0.0042772684 0.0042772684 0.0042772684 0.0042772684 0.0042772684 0.0042772684 0.0042772684 0.0042772684 0.0042772684 0.0042772684 0.0042772684 0.0042772684 0.0042772684 0.0042772684 0.0042772684 0.0042772684 0.0042772684 0.0042772684 0.0042772684 0.0042772684 0.0042772684 0.0042772684 0.0042772684 0.0042772684 0.0042772684 0.0042772684 0.0042772684 0.0042772684 0.0042772684 0.0042772684 0.0042772684 0.0042772684 0.0042772684 0.0042772684 0.0042772684 0.0042772684 0.0042772684 0.0042772684 0.0042772684 0.0042772684 0.0042772684 0.0042772684 0.0042772684 0.0042772684 0.0042772684 0.0042772684,15 15 15 15 15 15 15 15 15 15 15 15 15 15 15 15 15 15 15 15 15 15 15 15 15 15 15 15 15 15 15 15 15 15 15 15 15 15 15 15 15 15 15 14 15 15 15 15 15 15 15 15 15 15 15 15 15 15 15 15 15 15 15 15 15 15 15 15 15 15 15 15 15 15 15 15 15 15 15 16 15 15 15 15 15 15 15 15 15 15 15 15 15 15 15 15 15 15 15 15 15 15 15 15 15 15 15 15 15 15 15 15 16 15 15 15 15 15 15 15 15 15 16 15 15 15 15 15
220,3x3x128x128,0.052575864 0.07583921 0.05099647 0.07261256 0.056494184 0.06628939 0.07023925 0.061468482 0.06536834 0.05372282 0.074090526 0.07582366 0.06371681 0.07252226 0.060879514 0.07687231 0.06701534 0.057249546 0.06641406 0.07262549 0.05535351 0.06659198 0.09356503 0.06661506 0.06673738 0.07454189 0.05164946 0.066614985 0.06305255 0.053044535 0.06730512 0.07506828 0.0640173 0.0645363 0.053268697 0.06803988 0.06692749 0.050181497 0.06120205 0.072737165 0.055413198 0.07526344 0.055474132 0.067649715 0.075042166 0.0872498 0.07213682 0.060628895 0.055516325 0.06353139 0.088416435 0.0661987 0.08819142 0.07133628 0.052146684 0.048695598 0.049517456 0.057570174 0.06421218 0.08091901 0.063841514 0.06074803 0.051515218 0.060502853 0.07728753 0.073080994 0.066246554 0.0687656 0.06888929 0.0633613 0.075666286 0.05154769 0.059018645 0.05552154 0.062116183 0.06409738 0.07413809 0.060280453 0.057782274 0.056027625 0.07095369 0.05899705 0.063232794 0.06252394 0.051713683 0.06782028 0.071290135 0.084803194 0.06383408 0.06900462 0.069295324 0.06777287 0.10325686 0.062172078 0.065440685 0.059256308 0.07238513 0.082515806 0.07508974 0.05982128 0.059968024 0.06490137 0.05391245 0.056440104 0.062456965 0.07822043 0.06338275 0.066546306 0.053154226 0.06755926 0.0805189 0.07094297 0.08577991 0.06311166 0.08021116 0.05879894 0.06800726 0.079937115 0.06575834 0.07561322 0.06500438 0.07129837 0.05400643 0.06517601 0.06924551 0.06707115 0.05826695 0.06857342,0.052569445 0.07582995 0.05099025 0.072603695 0.056487292 0.0662813 0.070230685 0.061460983 0.06536037 0.053716265 0.07408149 0.0758144 0.063709036 0.07251341 0.06087208 0.07686293 0.06700717 0.057242557 0.06640595 0.07261663 0.055346753 0.06658385 0.09355362 0.06660693 0.06672924 0.07453279 0.051643156 0.06660686 0.06304485 0.053038064 0.0672969 0.07505912 0.064009495 0.06452843 0.053262196 0.06803157 0.06691932 0.050175373 0.06119458 0.07272828 0.055406433 0.075254254 0.05546736 0.06764146 0.07503301 0.08723915 0.07212802 0.060621496 0.055509552 0.06352364 0.08840564 0.066190615 0.08818066 0.07132757 0.052140318 0.048689652 0.049511414 0.05756315 0.06420434 0.08090913 0.06383373 0.060740616 0.051508933 0.06049547 0.0772781 0.073072076 0.06623847 0.068757206 0.06888088 0.06335357 0.07565705 0.051541403 0.05901144 0.055514764 0.062108602 0.06408956 0.07412904 0.060273096 0.05777522 0.056020785 0.07094503 0.058989853 0.063225076 0.06251631 0.051707372 0.067812 0.07128144 0.084792845 0.06382629 0.06899619 0.06928687 0.0677646 0.10324425 0.06216449 0.0654327 0.059249077 0.0723763 0.08250574 0.07508057 0.059813984 0.059960708 0.06489345 0.05390587 0.056433216 0.062449344 0.078210875 0.06337502 0.066538185 0.053147737 0.06755102 0.080509074 0.07093431 0.085769445 0.06310396 0.08020137 0.05879176 0.06799896 0.079927355 0.065750316 0.075604 0.06499644 0.071289666 0.053999837 0.06516806 0.06923706 0.06706297 0.058259837 0.068565056,0.00041393263 0.00059708627 0.00040149802 0.00057168264 0.00044478182 0.00052189996 0.0005529975 0.00048394475 0.00051464856 0.0004229627 0.0005833188 0.0005969638 0.00050164596 0.00057097175 0.00047930772 0.0006052199 0.0005276155 0.0004507288 0.0005228815 0.0005717845 0.0004358012 0.0005242823 0.0007366427 0.000524464 0.0005254271 0.0005868724 0.000406639 0.0005244634 0.0004964162 0.00041762256 0.0005298969 0.0005910167 0.00050401175 0.0005080979 0.00041938736 0.00053568167 0.0005269238 0.00039508168 0.0004818471 0.0005726637 0.00043627113 0.0005925532 0.00043675085 0.00053260993 0.0005908111 0.00068692246 0.00056793715 0.00047733463 0.0004370831 0.0005001862 0.0006961074 0.0005211859 0.0006943359 0.00056163437 0.00041055368 0.0003833831 0.00038985367 0.00045325313 0.000505546 0.00063707976 0.0005026278 0.00047827256 0.00040558216 0.00047634228 0.000608489 0.0005753707 0.00052156276 0.00054139533 0.00054236915 0.000498847 0.0005957248 0.0004058378 0.000464657 0.00043712414 0.0004890441 0.0005046422 0.0005836932 0.0004745913 0.000454923 0.00044110854 0.0005586223 0.00046448704 0.0004978352 0.0004922544 0.00040714466 0.0005339528 0.0005612712 0.0006676602 0.00050256925 0.00054327707 0.0005455659 0.00053357956 0.0008129469 0.00048948417 0.00051521807 0.00046652817 0.0005698922 0.0006496515 0.00059118564 0.00047097626 0.00047213156 0.00051097205 0.00042445568 0.00044435603 0.0004917271 0.0006158337 0.0004990159 0.00052392273 0.00041848613 0.00053189776 0.00063392974 0.0005585379 0.00067534996 0.00049688155 0.00063150685 0.00046292724 0.0005354249 0.00062934926 0.000517719 0.0005953071 0.000511783 0.00056133594 0.00042519558 0.00051313435 0.0005451737 0.00052805484 0.00045873888 0.00053988234,
221,128,,,0.0040013506 0.0040013506 0.0040013506 0.0040013506 0.0040013506 0.0040013506 0.0040013506 0.0040013506 0.0040013506 0.0040013506 0.0040013506 0.0040013506 0.0040013506 0.0040013506 0.0040013506 0.0040013506 0.0040013506 0.0040013506 0.0040013506 0.0040013506 0.0040013506 0.0040013506 0.0040013506 0.0040013506 0.0040013506 0.0040013506 0.0040013506 0.0040013506 0.0040013506 0.0040013506 0.0040013506 0.0040013506 0.0040013506 0.0040013506 0.0040013506 0.0040013506 0.0040013506 0.0040013506 0.0040013506 0.0040013506 0.0040013506 0.0040013506 0.0040013506 0.0040013506 0.0040013506 0.0040013506 0.0040013506 0.0040013506 0.0040013506 0.0040013506 0.0040013506 0.0040013506 0.0040013506 0.0040013506 0.0040013506 0.0040013506 0.0040013506 0.0040013506 0.0040013506 0.0040013506 0.0040013506 0.0040013506 0.0040013506 0.0040013506 0.0040013506 0.0040013506 0.0040013506 0.0040013506 0.0040013506 0.0040013506 0.0040013506 0.0040013506 0.0040013506 0.0040013506 0.0040013506 0.0040013506 0.0040013506 0.0040013506 0.0040013506 0.0040013506 0.0040013506 0.0040013506 0.0040013506 0.0040013506 0.0040013506 0.0040013506 0.0040013506 0.0040013506 0.0040013506 0.0040013506 0.0040013506 0.0040013506 0.0040013506 0.0040013506 0.0040013506 0.0040013506 0.0040013506 0.0040013506 0.0040013506 0.0040013506 0.0040013506 0.0040013506 0.0040013506 0.0040013506 0.0040013506 0.0040013506 0.0040013506 0.0040013506 0.0040013506 0.0040013506 0.0040013506 0.0040013506 0.0040013506 0.0040013506 0.0040013506 0.0040013506 0.0040013506 0.0040013506 0.0040013506 0.0040013506 0.0040013506 0.0040013506 0.0040013506 0.0040013506 0.0040013506 0.0040013506 0.0040013506 0.0040013506,16 15 16 15 16 15 15 16 15 16 15 15 15 15 16 15 15 16 15 15 16 15 15 15 15 15 16 15 15 16 15 15 15 15 16 15 15 16 16 15 16 15 16 15 15 15 15 16 16 15 15 15 15 15 16 16 16 16 15 15 15 16 16 16 15 15 15 15 15 15 15 16 16 16 15 15 15 16 16 16 15 16 15 15 16 15 15 15 15 15 15 15 15 15 15 16 15 15 15 16 16 15 16 16 15 15 15 15 16 15 15 15 15 15 15 16 15 15 15 15 15 15 16 15 15 15 16 15
229,1x1x256x128,0.24117431 0.16408947 0.2114317 0.18452325 0.20387195 0.21925735 0.15914346 0.18157403 0.19585186 0.18839248 0.21275811 0.20038909 0.20820726 0.23663245 0.20407873 0.18730253 0.14302509 0.12685728 0.2186997 0.17129692 0.16790159 0.2367938 0.16037488 0.22167823 0.19732687 0.21088263 0.17643043 0.18365599 0.17617449 0.19143334 0.20150052 0.26135558 0.24898642 0.17948312 0.1809623 0.17380244 0.22624846 0.24590889 0.18158616 0.19572976 0.19023488 0.19217688 0.31708035 0.23698322 0.2094882 0.17629257 0.20265494 0.23393272 0.15765966 0.16482978 0.21587431 0.1368169 0.16698115 0.21329367 0.20396055 0.2203574 0.20552653 0.22157036 0.19067557 0.18037872 0.23200834 0.17443818 0.23050593 0.2144812 0.16366096 0.16747674 0.20350806 0.17846681 0.20645277 0.17919374 0.1620417 0.19651708 0.18324709 0.18060717 0.18448135 0.18905242 0.22001143 0.21033497 0.20062833 0.20106561 0.19953485 0.18842234 0.18613248 0.19985835 0.19200796 0.2076516 0.20863946 0.21150343 0.20731342 0.1685319 0.2324797 0.23296839 0.205409 0.21253574 0.18242212 0.17169821 0.18186869 0.26339293 0.17613183 0.20203537 0.17576085 0.15986867 0.20260972 0.14761917 0.17963912 0.23894058 0.19323665 0.16810323 0.17495327 0.1850638 0.19303045 0.17192198 0.17760919 0.1504391 0.17755015 0.2396128 0.1986503 0.17887932 0.19232777 0.23907958 0.15329807 0.18758845 0.2317043 0.23821327 0.18188208 0.21595798 0.20434606 0.24014698,0.24114488 0.16406944 0.2114059 0.18450074 0.20384708 0.2192306 0.15912403 0.18155187 0.19582796 0.18836948 0.21273214 0.20036463 0.20818186 0.23660357 0.20405382 0.18727967 0.14300762 0.1268418 0.218673 0.17127602 0.1678811 0.2367649 0.1603553 0.22165118 0.19730279 0.2108569 0.1764089 0.18363358 0.17615299 0.19140998 0.20147592 0.26132366 0.24895604 0.17946121 0.18094021 0.17378122 0.22622085 0.24587888 0.181564 0.19570588 0.19021167 0.19215342 0.31704164 0.2369543 0.20946264 0.17627105 0.20263022 0.23390417 0.15764043 0.16480966 0.21584797 0.13680021 0.16696078 0.21326764 0.20393565 0.22033052 0.20550144 0.22154333 0.19065231 0.1803567 0.23198003 0.1744169 0.2304778 0.21445504 0.16364098 0.16745631 0.20348324 0.17844504 0.20642757 0.17917188 0.16202192 0.19649309 0.18322472 0.18058513 0.18445884 0.18902934 0.21998458 0.21030931 0.20060384 0.20104109 0.1995105 0.18839934 0.18610975 0.19983396 0.19198453 0.20762627 0.20861399 0.21147762 0.20728812 0.16851132 0.23245133 0.23293996 0.20538393 0.21250981 0.18239985 0.17167726 0.1818465 0.2633608 0.17611034 0.20201072 0.1757394 0.15984915 0.20258498 0.14760116 0.1796172 0.23891142 0.19321308 0.16808271 0.17493191 0.18504122 0.19300689 0.171901 0.17758752 0.15042074 0.17752849 0.23958355 0.19862606 0.17885749 0.1923043 0.2390504 0.15327936 0.18756555 0.23167603 0.2381842 0.1818599 0.21593164 0.20432113 0.24011767,0.0018987786 0.0012918854 0.0016646134 0.0014527617 0.0016050951 0.0017262253 0.0012529452 0.0014295423 0.0015419525 0.0014832242 0.0016750562 0.0015776743 0.0016392273 0.0018630202 0.001606723 0.0014746431 0.0011260443 0.0009987543 0.0017218346 0.0013486301 0.0013218984 0.0018642904 0.0012626401 0.0017452849 0.0015535653 0.0016602905 0.0013890464 0.0014459337 0.0013870314 0.0015071651 0.0015864245 0.0020576667 0.0019602838 0.0014130804 0.0014247261 0.001368356 0.0017812665 0.0019360541 0.0014296378 0.0015409911 0.0014977297 0.0015130191 0.0024963908 0.001865782 0.0016493121 0.001387961 0.0015955135 0.0018417651 0.0012412632 0.0012977138 0.0016995904 0.001077167 0.0013146518 0.0016792727 0.0016057926 0.001734886 0.0016181215 0.0017444356 0.0015011993 0.0014201314 0.0018266144 0.0013733614 0.0018147858 0.0016886224 0.0012885117 0.0013185537 0.0016022302 0.001405079 0.001625414 0.0014108021 0.0012757631 0.0015471897 0.0014427144 0.0014219302 0.0014524318 0.00148842 0.001732162 0.0016559788 0.0015795578 0.0015830006 0.0015709489 0.0014834594 0.0014654311 0.0015734958 0.0015116893 0.0016348525 0.0016426299 0.0016651781 0.0016321898 0.0013268607 0.0018303255 0.0018341729 0.0016171962 0.0016733056 0.0014362193 0.0013517895 0.0014318622 0.002073707 0.0013866957 0.0015906356 0.0013837748 0.0012586548 0.0015951573 0.0011622139 0.0014143087 0.0018811923 0.0015213628 0.001323486 0.0013774167 0.0014570175 0.0015197393 0.0013535512 0.001398327 0.0011844153 0.0013978621 0.0018864847 0.0015639847 0.0014083267 0.0015142071 0.0018822866 0.0012069241 0.0014768941 0.0018242206 0.0018754661 0.0014319677 0.0017002492 0.0016088278 0.0018906903,
230,128,,,0.005168222 0.005168222 0.005168222 0.005168222 0.005168222 0.005168222 0.005168222 0.005168222 0.005168222 0.005168222 0.005168222 0.005168222 0.005168222 0.005168222 0.005168222 0.005168222 0.005168222 0.005168222 0.005168222 0.005168222 0.005168222 0.005168222 0.005168222 0.005168222 0.005168222 0.005168222 0.005168222 0.005168222 0.005168222 0.005168222 0.005168222 0.005168222 0.005168222 0.005168222 0.005168222 0.005168222 0.005168222 0.005168222 0.005168222 0.005168222 0.005168222 0.005168222 0.005168222 0.005168222 0.005168222 0.005168222 0.005168222 0.005168222 0.005168222 0.005168222 0.005168222 0.005168222 0.005168222 0.005168222 0.005168222 0.005168222 0.005168222 0.005168222 0.005168222 0.005168222 0.005168222 0.005168222 0.005168222 0.005168222 0.005168222 0.005168222 0.005168222 0.005168222 0.005168222 0.005168222 0.005168222 0.005168222 0.005168222 0.005168222 0.005168222 0.005168222 0.005168222 0.005168222 0.005168222 0.005168222 0.005168222 0.005168222 0.005168222 0.005168222 0.005168222 0.005168222 0.005168222 0.005168222 0.005168222 0.005168222 0.005168222 0.005168222 0.005168222 0.005168222 0.005168222 0.005168222 0.005168222 0.005168222 0.005168222 0.005168222 0.005168222 0.005168222 0.005168222 0.005168222 0.005168222 0.005168222 0.005168222 0.005168222 0.005168222 0.005168222 0.005168222 0.005168222 0.005168222 0.005168222 0.005168222 0.005168222 0.005168222 0.005168222 0.005168222 0.005168222 0.005168222 0.005168222 0.005168222 0.005168222 0.005168222 0.005168222 0.005168222 0.005168222,15 15 15 15 15 15 15 15 15 15 15 15 15 15 15 15 15 15 15 15 15 15 15 15 15 15 15 15 15 15 15 14 14 15 15 15 15 15 15 15 15 15 14 15 15 15 15 15 15 15 15 15 15 15 15 15 15 15 15 15 15 15 15 15 15 15 15 15 15 15 15 15 15 15 15 15 15 15 15 15 15 15 15 15 15 15 15 15 15 15 15 15 15 15 15 15 15 14 15 15 15 15 15 15 15 15 15 15 15 15 15 15 15 15 15 15 15 15 15 15 15 15 15 15 15 15 15 15
238,1x1x256x256,0.17074974 0.2490763 0.1994818 0.19586937 0.1996775 0.2546862 0.19626747 0.23895681 0.2604158 0.25111035 0.16965346 0.19973907 0.2654814 0.19831829 0.25112143 0.25630003 0.19267513 0.20788844 0.2538523 0.22018339 0.22740681 0.17878775 0.2600276 0.2149235 0.20852572 0.3343771 0.23722318 0.20826091 0.29307282 0.43960768 0.30895177 0.19225003 0.17038412 0.30755273 0.24208015 0.22793475 0.19670019 0.22460316 0.25188592 0.25197005 0.22518088 0.25056884 0.24890994 0.28029516 0.25752562 0.2386099 0.23531081 0.22505449 0.1934785 0.21142595 0.1909125 0.22281498 0.25944924 0.27253443 0.24647258 0.18166235 0.21149725 0.2180685 0.23777682 0.1709053 0.29400432 0.24966213 0.36228186 0.20677999 0.26214576 0.18645361 0.21414563 0.23746412 0.26286688 0.29314464 0.2277841 0.20263366 0.2216981 0.2903923 0.27675822 0.20504826 0.23202734 0.21222796 0.20378293 0.24455483 0.2684394 0.2465045 0.24222958 0.2501216 0.16870336 0.25766906 0.29868695 0.20394683 0.24870035 0.2350562 0.1976376 0.21410218 0.21053284 0.21675296 0.19060737 0.2697138 0.20436555 0.256982 0.30353308 0.20385395 0.24491093 0.25275955 0.29273802 0.31393018 0.18502924 0.26735187 0.19175312 0.22150391 0.22299312 0.24219935 0.2581811 0.2039319 0.2191056 0.2534264 0.29222363 0.2132376 0.21452728 0.2002943 0.21462215 0.28419524 0.25608343 0.24983929 0.25311628 0.24750157 0.27585724 0.23539045 0.21824162 0.24630664 0.33480957 0.18627626 0.17794466 0.1828136 0.21104933 0.1894035 0.18039681 0.21963501 0.26318192 0.24837542 0.22883295 0.18669376 0.24396434 0.21799019 0.22231904 0.26171798 0.26463297 0.18351574 0.23341534 0.28829715 0.23222888 0.28031385 0.20395656 0.21138091 0.17298903 0.1578351 0.32039368 0.18993366 0.20767686 0.24507955 0.23373145 0.20032136 0.2793414 0.28469467 0.27630058 0.21916246 0.31648842 0.276734 0.21351868 0.22257778 0.21685798 0.21400279 0.19559692 0.24456763 0.26250893 0.26157856 0.24426286 0.25143844 0.1707513 0.20912859 0.18578298 0.23949412 0.19518054 0.20168358 0.26398367 0.25265485 0.32389885 0.2321325 0.2008441 0.22615078 0.3341758 0.24301887 0.22679445 0.3308039 0.29989305 0.19041607 0.16201816 0.34465718 0.2196851 0.16714107 0.17914672 0.26010084 0.23529775 0.2051913 0.2147528 0.3194309 0.27250767 0.18074852 0.2247137 0.24434102 0.23754166 0.20321618 0.26467964 0.290116 0.17901646 0.20246308 0.2177579 0.23826696 0.22101021 0.2434488 0.21559864 0.2895572 0.30833694 0.20789723 0.20022352 0.21972273 0.18578649 0.33476287 0.24783243 0.17584252 0.31503704 0.25781122 0.28106153 0.26901007 0.24250871 0.26722953 0.25192386 0.19787379 0.21499495 0.25326183 0.20107676 0.18454923 0.18694077 0.20378718 0.1954158 0.22885029 0.21589883 0.25398967 0.25124648 0.26766878 0.20706476 0.23549144 0.22880715 0.27802834 0.20828478 0.24516319 0.26948395 0.192631,0.17072889 0.24904591 0.19945745 0.19584547 0.19965312 0.25465512 0.19624351 0.23892765 0.260384 0.25107968 0.16963275 0.19971469 0.26544902 0.19829409 0.25109076 0.25626877 0.19265161 0.20786308 0.25382134 0.2201565 0.22737905 0.17876592 0.25999585 0.21489727 0.20850027 0.33433628 0.23719423 0.2082355 0.29303706 0.43955404 0.30891407 0.19222657 0.17036332 0.30751517 0.24205062 0.22790693 0.19667618 0.22457576 0.25185516 0.2519393 0.2251534 0.25053826 0.24887957 0.28026095 0.2574942 0.23858078 0.2352821 0.22502702 0.19345489 0.21140015 0.19088921 0.22278778 0.25941756 0.27250117 0.24644251 0.18164018 0.21147144 0.21804188 0.23774779 0.17088446 0.29396844 0.24963167 0.36223766 0.20675476 0.26211375 0.18643086 0.2141195 0.23743513 0.2628348 0.29310885 0.2277563 0.20260894 0.22167106 0.29035687 0.27672443 0.20502323 0.23199901 0.21220206 0.20375806 0.24452499 0.26840663 0.24647442 0.24220002 0.25009108 0.16868278 0.25763762 0.2986505 0.20392193 0.24867 0.23502752 0.1976135 0.21407604 0.21050714 0.21672651 0.19058411 0.26968086 0.2043406 0.25695062 0.30349603 0.20382908 0.24488103 0.2527287 0.2927023 0.3138919 0.18500665 0.26731923 0.19172971 0.22147688 0.2229659 0.2421698 0.25814956 0.20390701 0.21907885 0.25339547 0.292188 0.21321157 0.2145011 0.20026985 0.21459596 0.28416055 0.2560522 0.2498088 0.2530854 0.24747136 0.2758236 0.23536173 0.21821497 0.24627657 0.3347687 0.18625353 0.17792293 0.1827913 0.21102357 0.18938039 0.18037479 0.2196082 0.26314983 0.2483451 0.22880502 0.18667097 0.24393457 0.21796358 0.2222919 0.26168606 0.2646007 0.18349335 0.23338686 0.28826198 0.23220053 0.28027964 0.20393166 0.21135512 0.17296791 0.15781584 0.32035458 0.18991049 0.20765151 0.24504964 0.23370291 0.20029692 0.2793073 0.28465992 0.27626684 0.21913572 0.3164498 0.27670023 0.21349263 0.22255062 0.21683152 0.21397668 0.19557305 0.24453779 0.2624769 0.26154664 0.24423306 0.25140777 0.17073046 0.20910306 0.18576032 0.23946488 0.19515672 0.20165896 0.26395145 0.25262403 0.3238593 0.23210417 0.20081958 0.22612318 0.334135 0.2429892 0.22676677 0.33076355 0.29985645 0.19039284 0.16199839 0.3446151 0.21965829 0.16712067 0.17912486 0.2600691 0.23526904 0.20516627 0.21472658 0.3193919 0.2724744 0.18072645 0.22468626 0.2443112 0.23751266 0.20319137 0.26464733 0.2900806 0.17899461 0.20243837 0.21773131 0.23823787 0.22098324 0.24341908 0.21557233 0.28952187 0.30829933 0.20787187 0.20019908 0.21969593 0.18576382 0.334722 0.2478022 0.17582107 0.3149986 0.25777978 0.28102723 0.26897725 0.24247912 0.2671969 0.25189313 0.19784965 0.21496871 0.25323093 0.20105222 0.1845267 0.18691796 0.20376231 0.19539194 0.22882235 0.21587248 0.25395867 0.25121582 0.26763612 0.20703949 0.23546271 0.22877923 0.27799442 0.20825936 0.24513327 0.26945108 0.1926075,0.001344322 0.0019609914 0.0015705312 0.0015420903 0.0015720718 0.0020051585 0.0015452245 0.00188132 0.0020502678 0.0019770053 0.001335691 0.0015725566 0.0020901498 0.0015613708 0.0019770926 0.0020178643 0.0015169418 0.0016367171 0.0019985933 0.0017335158 0.0017903863 0.0014076057 0.0020472114 0.0016921045 0.0016417344 0.002632569 0.001867671 0.0016396496 0.0023073785 0.0034610555 0.0024323943 0.0015135951 0.0013414435 0.0024213793 0.0019059103 0.0017945428 0.0015486313 0.001768313 0.0019831115 0.001983774 0.0017728615 0.0019727421 0.0019596817 0.002206779 0.0020275135 0.0018785888 0.0018526149 0.0017718663 0.0015232669 0.0016645681 0.0015030646 0.0017542345 0.002042658 0.0021456785 0.0019404922 0.0014302377 0.0016651294 0.0017168652 0.0018720299 0.0013455469 0.0023147122 0.0019656038 0.002852265 0.0016279903 0.002063888 0.0014679595 0.0016859802 0.001869568 0.0020695652 0.0023079438 0.0017933567 0.001595346 0.0017454415 0.0022862747 0.0021789325 0.0016143562 0.0018267639 0.0016708823 0.0016043942 0.0019253936 0.002113438 0.0019407434 0.0019070867 0.001969221 0.0013282109 0.0020286427 0.0023515788 0.0016056845 0.0019580314 0.0018506104 0.0015560117 0.0016856381 0.0016575365 0.001706508 0.0015006623 0.0021234713 0.0016089812 0.002023233 0.0023897325 0.0016049534 0.0019281971 0.0019899898 0.0023047423 0.0024715897 0.0014567453 0.0021048759 0.0015096827 0.0017439125 0.001755637 0.0019068487 0.0020326737 0.001605567 0.0017250304 0.0019952399 0.0023006927 0.0016788312 0.001688985 0.001576928 0.001689732 0.0022374848 0.002016159 0.0019669984 0.0019927984 0.0019485934 0.0021718394 0.0018532419 0.0017182281 0.0019391857 0.0026359742 0.0014665632 0.001400968 0.0014393015 0.0016616029 0.0014911842 0.0014202739 0.0017291985 0.0020720458 0.0019554733 0.0018016143 0.0014698502 0.0019207447 0.0017162486 0.00175033 0.0020605202 0.00208347 0.0014448295 0.0018376918 0.0022697793 0.0018283507 0.0022069262 0.0016057611 0.0016642135 0.001361952 0.0012426444 0.002522477 0.0014953582 0.0016350512 0.0019295247 0.0018401804 0.0015771411 0.00219927 0.0022414166 0.0021753295 0.0017254781 0.0024917307 0.0021787419 0.0016810443 0.001752367 0.0017073348 0.0016848558 0.0015399453 0.0019254944 0.0020667473 0.0020594224 0.001923095 0.0019795888 0.0013443343 0.0016464808 0.0014626797 0.0018855502 0.0015366671 0.0015878659 0.0020783579 0.0019891656 0.0025500732 0.0018275919 0.0015812565 0.0017804975 0.0026309842 0.0019133007 0.001785565 0.0026044373 0.0023610746 0.0014991562 0.0012755779 0.0027135047 0.0017295928 0.0013159107 0.0014104319 0.0020477881 0.0018525121 0.0016154824 0.0016907605 0.002514897 0.0021454678 0.001423043 0.0017691832 0.0019237102 0.0018701785 0.0015999321 0.0020838373 0.0022840993 0.0014094064 0.0015940029 0.0017144198 0.0018758888 0.0017400255 0.0019166857 0.0016974199 0.0022796998 0.0024275538 0.0016367864 0.0015763707 0.0017298892 0.0014627073 0.0026356063 0.0019511984 0.0013844179 0.0024803039 0.0020297621 0.002212813 0.0021179311 0.0019092844 0.0021039126 0.0019834104 0.0015578712 0.001692667 0.0019939444 0.0015830883 0.0014529661 0.0014717949 0.0016044276 0.0015385192 0.0018017507 0.0016997834 0.0019996746 0.0019780772 0.002107371 0.0016302322 0.001854037 0.0018014113 0.0021889324 0.0016398375 0.0019301831 0.002121662 0.0015165946,
239,256,,,0.004961525 0.004961525 0.004961525 0.004961525 0.004961525 0.004961525 0.004961525 0.004961525 0.004961525 0.004961525 0.004961525 0.004961525 0.004961525 0.004961525 0.004961525 0.004961525 0.004961525 0.004961525 0.004961525 0.004961525 0.004961525 0.004961525 0.004961525 0.004961525 0.004961525 0.004961525 0.004961525 0.004961525 0.004961525 0.004961525 0.004961525 0.004961525 0.004961525 0.004961525 0.004961525 0.004961525 0.004961525 0.004961525 0.004961525 0.004961525 0.004961525 0.004961525 0.004961525 0.004961525 0.004961525 0.004961525 0.004961525 0.004961525 0.004961525 0.004961525 0.004961525 0.004961525 0.004961525 0.004961525 0.004961525 0.004961525 0.004961525 0.004961525 0.004961525 0.004961525 0.004961525 0.004961525 0.004961525 0.004961525 0.004961525 0.004961525 0.004961525 0.004961525 0.004961525 0.004961525 0.004961525 0.004961525 0.004961525 0.004961525 0.004961525 0.004961525 0.004961525 0.004961525 0.004961525 0.004961525 0.004961525 0.004961525 0.004961525 0.004961525 0.004961525 0.004961525 0.004961525 0.004961525 0.004961525 0.004961525 0.004961525 0.004961525 0.004961525 0.004961525 0.004961525 0.004961525 0.004961525 0.004961525 0.004961525 0.004961525 0.004961525 0.004961525 0.004961525 0.004961525 0.004961525 0.004961525 0.004961525 0.004961525 0.004961525 0.004961525 0.004961525 0.004961525 0.004961525 0.004961525 0.004961525 0.004961525 0.004961525 0.004961525 0.004961525 0.004961525 0.004961525 0.004961525 0.004961525 0.004961525 0.004961525 0.004961525 0.004961525 0.004961525 0.004961525 0.004961525 0.004961525 0.004961525 0.004961525 0.004961525 0.004961525 0.004961525 0.004961525 0.004961525 0.004961525 0.004961525 0.004961525 0.004961525 0.004961525 0.004961525 0.004961525 0.004961525 0.004961525 0.004961525 0.004961525 0.004961525 0.004961525 0.004961525 0.004961525 0.004961525 0.004961525 0.004961525 0.004961525 0.004961525 0.004961525 0.004961525 0.004961525 0.004961525 0.004961525 0.004961525 0.004961525 0.004961525 0.004961525 0.004961525 0.004961525 0.004961525 0.004961525 0.004961525 0.004961525 0.004961525 0.004961525 0.004961525 0.004961525 0.004961525 0.004961525 0.004961525 0.004961525 0.004961525 0.004961525 0.004961525 0.004961525 0.004961525 0.004961525 0.004961525 0.004961525 0.004961525 0.004961525 0.004961525 0.004961525 0.004961525 0.004961525 0.004961525 0.004961525 0.004961525 0.004961525 0.004961525 0.004961525 0.004961525 0.004961525 0.004961525 0.004961525 0.004961525 0.004961525 0.004961525 0.004961525 0.004961525 0.004961525 0.004961525 0.004961525 0.004961525 0.004961525 0.004961525 0.004961525 0.004961525 0.004961525 0.004961525 0.004961525 0.004961525 0.004961525 0.004961525 0.004961525 0.004961525 0.004961525 0.004961525 0.004961525 0.004961525 0.004961525 0.004961525 0.004961525 0.004961525 0.004961525 0.004961525 0.004961525 0.004961525 0.004961525 0.004961525 0.004961525 0.004961525 0.004961525 0.004961525 0.004961525 0.004961525 0.004961525 0.004961525 0.004961525 0.004961525 0.004961525 0.004961525 0.004961525 0.004961525 0.004961525 0.004961525,15 14 15 15 15 14 15 15 14 14 15 15 14 15 14 14 15 15 14 15 15 15 14 15 15 14 15 15 14 14 14 15 15 14 15 15 15 15 14 14 15 14 14 14 14 15 15 15 15 15 15 15 14 14 15 15 15 15 15 15 14 14 14 15 14 15 15 15 14 14 15 15 15 14 14 15 15 15 15 15 14 15 15 14 15 14 14 15 14 15 15 15 15 15 15 14 15 14 14 15 15 14 14 14 15 14 15 15 15 15 14 15 15 14 14 15 15 15 15 14 14 14 14 15 14 15 15 15 14 15 15 15 15 15 15 15 14 14 15 15 15 15 15 14 14 15 15 14 15 14 15 15 15 15 14 15 15 15 15 15 14 14 14 15 14 14 15 15 15 15 15 15 14 14 15 14 15 15 15 15 15 15 14 14 14 15 15 15 14 15 15 14 14 15 15 14 15 15 15 14 15 15 15 14 14 15 15 15 15 15 14 14 15 15 15 15 15 15 15 14 14 15 15 15 15 14 14 15 14 14 14 14 15 14 14 15 15 14 15 15 15 15 15 15 15 14 14 14 15 15 15 14 15 15 14 15
248,1x1x768x512,0.09182586 0.10697351 0.12126725 0.10797582 0.093063086 0.09619221 0.09602257 0.10175109 0.09077879 0.0957178 0.1071167 0.091167435 0.08195975 0.117039025 0.08267393 0.109533966 0.090236 0.13644473 0.1055493 0.075149275 0.091027096 0.09723771 0.103462726 0.108885214 0.08253319 0.07807112 0.08445084 0.121317014 0.077999935 0.095045015 0.08362809 0.09301514 0.09818618 0.08975855 0.07682899 0.102664076 0.11015663 0.08348221 0.097254865 0.08138264 0.086800285 0.08617474 0.098462574 0.11991349 0.109054424 0.093460605 0.12637474 0.10274993 0.079936065 0.0855858 0.073189035 0.07990264 0.09692324 0.09508678 0.090838015 0.08382398 0.10613189 0.09570104 0.08172991 0.084964104 0.08093419 0.09355276 0.1105034 0.10980814 0.112464 0.08046019 0.081993975 0.12715267 0.081051156 0.10418956 0.09635686 0.11808679 0.115592994 0.09546185 0.11614762 0.11415782 0.11759428 0.087246336 0.106969014 0.085118644 0.10302097 0.07317109 0.10351572 0.0923153 0.078476064 0.098004036 0.09655584 0.1179374 0.075216934 0.09594985 0.08907124 0.08452889 0.09741324 0.075033024 0.0894937 0.082173556 0.10614015 0.10810561 0.09521026 0.12967062 0.07994686 0.07841896 0.09875133 0.1177626 0.07369758 0.09920871 0.09363031 0.07575203 0.1389435 0.076437525 0.09273826 0.07977591 0.083157405 0.0827772 0.07713838 0.09298738 0.089851804 0.09007052 0.09339565 0.14470504 0.09841559 0.0828701 0.108882174 0.07768999 0.0953493 0.090152524 0.10754682 0.109951004 0.10173514 0.09018334 0.09448528 0.09474778 0.08563029 0.11516575 0.0818774 0.08487386 0.08273198 0.10146714 0.09348429 0.08515694 0.08407772 0.1325954 0.10454924 0.100245334 0.09227677 0.07370533 0.09257325 0.1572234 0.081634596 0.08026107 0.1044848 0.09923351 0.076065354 0.09507966 0.093066074 0.06773165 0.10665239 0.10418023 0.08580449 0.087987885 0.09600431 0.07638239 0.1073254 0.11470768 0.08615619 0.08013025 0.09265437 0.087047756 0.10494008 0.07737874 0.0892986 0.0742768 0.0928351 0.097872645 0.08945756 0.078718945 0.08961096 0.09860303 0.09489679 0.12131532 0.0890193 0.111141525 0.092565104 0.10072264 0.08414906 0.086969055 0.08943031 0.088831045 0.098855145 0.08029435 0.10869122 0.08252444 0.088069886 0.08620723 0.12104978 0.09473674 0.08271617 0.09051562 0.10223191 0.09254681 0.072029926 0.09350295 0.08517849 0.06960317 0.0829184 0.0711731 0.08563765 0.11796532 0.09967204 0.11213083 0.09149667 0.08545682 0.08673118 0.09342984 0.09672895 0.11836977 0.08795041 0.12829179 0.11050879 0.12320307 0.106307335 0.07924011 0.11547102 0.0828627 0.08302012 0.12079067 0.099053495 0.10013903 0.09906832 0.08909152 0.07307079 0.09482124 0.09275805 0.08912055 0.09423798 0.09889217 0.08293652 0.119768776 0.09980108 0.09729116 0.10322825 0.10918285 0.09136671 0.11255211 0.09736527 0.09695824 0.08190028 0.089142986 0.08713971 0.074414566 0.10584369 0.10109493 0.087026395 0.09190347 0.09275228 0.09331823 0.089380525 0.07415516 0.12406326 0.08285031 0.11710909 0.10419192 0.0820642 0.10270616 0.07618795 0.08410439 0.064795345 0.08444264 0.10174251 0.10775268 0.08741645 0.09780413 0.12647475 0.09797295 0.098606534 0.08776537 0.10334139 0.118961506 0.096335314 0.08598104 0.1012165 0.090223774 0.11920165 0.11185983 0.09927219 0.07192102 0.096883245 0.08642554 0.110911705 0.107358396 0.09925671 0.09398975 0.106971726 0.09558154 0.0970934 0.07657508 0.07307948 0.08666336 0.08790662 0.104931176 0.10102396 0.103916906 0.09333492 0.09543604 0.09474293 0.08604894 0.10272567 0.1047251 0.082478955 0.10778506 0.11177286 0.10016308 0.094368406 0.09726344 0.083353 0.08779916 0.08131646 0.09977232 0.08408387 0.10070361 0.101233855 0.10777057 0.07462519 0.0762588 0.0922955 0.087586485 0.097830385 0.08459554 0.07935657 0.10286432 0.07777796 0.10440491 0.09650518 0.09675336 0.10312187 0.084786884 0.09764677 0.08759799 0.13886072 0.07666481 0.10039263 0.10179752 0.08748815 0.0877112 0.09607632 0.09228372 0.11542166 0.10672819 0.109137386 0.08096039 0.08224939 0.09650459 0.100729145 0.09631773 0.07101431 0.0849818 0.07186764 0.10004399 0.087801084 0.08725733 0.12207094 0.09663046 0.10214901 0.0793928 0.089364015 0.084721364 0.12022127 0.0968105 0.08681976 0.09617237 0.074956104 0.09681817 0.06976082 0.0917794 0.10061995 0.10725307 0.08890195 0.09083232 0.10080184 0.11901862 0.097969815 0.08693742 0.070955716 0.116113916 0.097396724 0.10655836 0.10665747 0.082914755 0.11271273 0.11401968 0.0868167 0.09319388 0.10396055 0.09391727 0.087942794 0.09615217 0.07567398 0.09821461 0.08038357 0.06852863 0.102848716 0.10769901 0.07906656 0.09366629 0.086944565 0.087368324 0.07881561 0.107035436 0.08889246 0.10390169 0.06595274 0.09690359 0.09049226 0.096126765 0.090207815 0.09710365 0.089403495 0.1098082 0.07890983 0.08347258 0.09205861 0.099964894 0.10860474 0.08689886 0.0921979 0.11440324 0.07221557 0.09665923 0.09854741 0.100203976 0.08383623 0.09605773 0.09815419 0.11429838 0.08092592 0.07430146 0.07862951 0.086376004 0.096108764 0.08069383 0.08386997 0.12553869 0.08301167 0.081198655 0.09239041 0.09817854 0.11269594 0.10101573 0.12675197 0.07277346 0.097099416 0.09161339 0.08334721 0.113447756 0.09407985 0.08007867 0.10081549 0.114109606 0.10103305 0.094828546 0.09964077 0.07770108 0.10842841 0.09475923 0.1086501 0.08426758 0.09099059 0.0955421 0.110196054 0.0916022 0.087005205 0.109990954 0.08080217 0.09397388 0.08746991 0.08750555 0.10355791 0.07956635 0.10506789 0.08608097 0.10572294 0.068291575 0.102328144 0.08608191 0.08407045 0.07815103 0.084634475 0.12083213 0.10493229 0.08646791 0.10232553 0.10399406 0.07559148 0.08085793 0.09712758 0.085329466 0.087136015 0.090107135 0.08674377 0.11488607 0.076860495 0.10433804 0.09584545 0.11348274 0.089590535 0.08920238 0.07992319 0.102128774 0.09861423 0.09955065 0.08437848 0.090068825,0.09181465 0.10696045 0.12125245 0.107962646 0.093051724 0.096180476 0.09601085 0.10173868 0.09076771 0.09570612 0.10710363 0.091156304 0.08194975 0.11702474 0.08266384 0.1095206 0.09022499 0.13642807 0.105536416 0.0751401 0.09101599 0.097225845 0.103450105 0.10887193 0.082523115 0.07806159 0.08444053 0.12130221 0.07799042 0.095033415 0.08361788 0.093003795 0.09817419 0.0897476 0.076819606 0.10265155 0.110143185 0.08347202 0.097242996 0.08137271 0.08678969 0.08616423 0.09845056 0.119898856 0.10904111 0.0934492 0.12635931 0.10273739 0.079926305 0.08557536 0.0731801 0.07989289 0.096911415 0.09507518 0.09082693 0.08381375 0.10611893 0.095689364 0.08171994 0.08495374 0.08092432 0.09354134 0.11048991 0.10979474 0.11245028 0.08045037 0.08198397 0.12713714 0.08104127 0.10417685 0.0963451 0.118072376 0.11557888 0.09545021 0.116133444 0.114143886 0.11757993 0.08723569 0.10695596 0.08510826 0.1030084 0.07316216 0.10350309 0.092304036 0.07846648 0.09799207 0.09654406 0.11792301 0.075207755 0.095938146 0.089060366 0.08451858 0.09740136 0.07502387 0.08948278 0.08216353 0.1061272 0.10809241 0.095198646 0.1296548 0.07993711 0.078409396 0.09873928 0.11774823 0.07368859 0.099196605 0.093618885 0.07574278 0.13892654 0.0764282 0.092726946 0.07976618 0.08314726 0.0827671 0.07712897 0.09297603 0.08984084 0.090059526 0.09338425 0.14468738 0.09840358 0.082859986 0.10886888 0.07768051 0.09533766 0.09014153 0.1075337 0.109937586 0.10172272 0.090172336 0.09447376 0.09473622 0.085619844 0.11515169 0.08186741 0.084863506 0.08272188 0.10145476 0.093472876 0.08514655 0.084067464 0.13257922 0.10453648 0.1002331 0.0922655 0.07369633 0.092561945 0.15720423 0.081624635 0.08025128 0.10447204 0.09922139 0.07605607 0.09506805 0.09305471 0.06772338 0.10663937 0.10416751 0.08579402 0.08797715 0.095992595 0.07637307 0.1073123 0.11469368 0.08614568 0.080120474 0.09264307 0.08703713 0.10492727 0.077369295 0.089287706 0.07426774 0.09282377 0.0978607 0.089446634 0.078709334 0.08960002 0.098591 0.09488521 0.12130052 0.089008436 0.11112796 0.09255381 0.10071035 0.08413879 0.086958446 0.089419395 0.088820204 0.09884308 0.08028455 0.10867795 0.08251437 0.08805914 0.08619671 0.121035 0.09472518 0.08270607 0.09050458 0.10221944 0.09253552 0.072021134 0.09349155 0.08516809 0.069594674 0.08290828 0.071164414 0.085627206 0.11795092 0.09965988 0.11211715 0.09148551 0.08544639 0.0867206 0.093418434 0.09671714 0.11835533 0.08793968 0.12827614 0.11049531 0.12318803 0.10629436 0.07923044 0.115456924 0.08285258 0.08300999 0.12077593 0.0990414 0.1001268 0.09905624 0.08908064 0.07306187 0.09480967 0.09274673 0.089109674 0.09422649 0.0988801 0.0829264 0.11975416 0.099788904 0.09727929 0.10321565 0.10916952 0.09135556 0.112538375 0.097353384 0.09694641 0.08189029 0.08913211 0.08712907 0.074405484 0.10583078 0.10108259 0.08701577 0.09189225 0.09274095 0.09330685 0.08936962 0.074146114 0.12404812 0.0828402 0.1170948 0.10417921 0.08205418 0.10269362 0.076178655 0.08409413 0.06478743 0.08443233 0.1017301 0.10773953 0.08740578 0.09779219 0.12645932 0.09796099 0.0985945 0.08775467 0.10332879 0.11894699 0.09632356 0.08597054 0.10120415 0.09021276 0.11918711 0.11184617 0.09926008 0.071912244 0.09687142 0.086415 0.110898174 0.1073453 0.099244595 0.093978286 0.10695867 0.09556988 0.09708155 0.07656573 0.07307056 0.086652786 0.08789589 0.10491837 0.10101163 0.103904225 0.09332353 0.09542439 0.09473137 0.08603843 0.10271314 0.104712315 0.08246889 0.10777191 0.111759216 0.10015086 0.09435689 0.09725157 0.08334282 0.08778845 0.08130654 0.09976014 0.0840736 0.100691326 0.1012215 0.10775741 0.074616075 0.076249495 0.09228423 0.0875758 0.09781844 0.08458522 0.07934689 0.10285176 0.07776847 0.10439217 0.0964934 0.09674155 0.103109285 0.084776536 0.09763485 0.0875873 0.13884376 0.076655455 0.100380376 0.10178509 0.087477475 0.0877005 0.0960646 0.09227246 0.11540758 0.106715165 0.10912407 0.08095051 0.08223935 0.09649282 0.10071685 0.09630598 0.07100564 0.08497143 0.07185887 0.100031786 0.08779037 0.08724668 0.122056045 0.09661867 0.102136545 0.079383105 0.08935311 0.08471103 0.1202066 0.09679868 0.086809166 0.09616063 0.074946955 0.096806355 0.06975231 0.0917682 0.10060767 0.10723998 0.088891104 0.09082124 0.10078954 0.1190041 0.097957864 0.08692681 0.07094705 0.116099745 0.09738483 0.10654535 0.10664445 0.08290464 0.11269898 0.11400577 0.0868061 0.09318251 0.10394786 0.09390581 0.087932065 0.09614044 0.07566475 0.09820262 0.080373764 0.06852026 0.10283617 0.107685864 0.07905691 0.093654856 0.086933956 0.08735766 0.07880599 0.107022375 0.08888161 0.10388901 0.06594469 0.09689176 0.090481214 0.09611504 0.09019681 0.0970918 0.08939258 0.1097948 0.0789002 0.08346239 0.09204737 0.09995269 0.10859148 0.08688825 0.09218665 0.11438928 0.07220676 0.09664743 0.09853538 0.10019174 0.083826 0.096046 0.09814221 0.11428443 0.08091605 0.07429239 0.07861991 0.08636546 0.09609703 0.080683984 0.083859734 0.12552337 0.08300155 0.081188746 0.09237913 0.09816656 0.112682186 0.10100341 0.1267365 0.072764575 0.09708756 0.09160221 0.08333704 0.113433905 0.09406837 0.0800689 0.10080318 0.11409568 0.101020716 0.09481697 0.09962861 0.0776916 0.10841518 0.09474767 0.10863685 0.08425729 0.09097948 0.09553044 0.110182606 0.091591015 0.08699459 0.109977536 0.080792315 0.09396241 0.08745924 0.087494865 0.10354526 0.07955664 0.105055064 0.08607046 0.105710045 0.068283245 0.10231566 0.0860714 0.08406019 0.078141496 0.08462414 0.120817386 0.104919486 0.08645735 0.10231304 0.10398136 0.07558226 0.08084806 0.097115725 0.08531906 0.087125376 0.09009614 0.086733185 0.114872046 0.076851115 0.10432531 0.095833756 0.11346889 0.0895796 0.0891915 0.07991344 0.10211631 0.09860219 0.099538505 0.084368184 0.09005783,0.00072295003 0.0008422083 0.0009547437 0.00085009955 0.00073269074 0.0007573266 0.0007559909 0.00080109196 0.0007147064 0.0007535915 0.0008433357 0.0007177662 0.0006452736 0.0009214547 0.0006508964 0.0008623669 0.000710433 0.0010742368 0.0008309954 0.0005916544 0.00071666134 0.0007655578 0.0008145677 0.00085725926 0.0006497883 0.0006146582 0.000664886 0.0009551355 0.0006140978 0.0007482946 0.0006584085 0.0007323133 0.00077302515 0.000706674 0.00060487876 0.0008082799 0.0008672692 0.00065726 0.0007656929 0.00064072997 0.0006833834 0.0006784585 0.00077520125 0.0009440855 0.0008585914 0.00073582045 0.0009949552 0.0008089558 0.000629341 0.0006738217 0.00057622127 0.00062907784 0.000763082 0.0007486235 0.0007151727 0.0006599508 0.00083558215 0.0007534596 0.0006434641 0.0006689271 0.0006371993 0.000736546 0.0008699993 0.00086452556 0.00088543526 0.0006334675 0.00064554304 0.0010010798 0.0006381202 0.0008202901 0.00075862283 0.00092970376 0.00091006997 0.00075157644 0.0009144366 0.00089877076 0.0009258262 0.0006868952 0.00084217294 0.00067014375 0.00081108976 0.00057608 0.00081498496 0.00072680344 0.0006178463 0.0007715911 0.00076018943 0.0009285276 0.00059218705 0.0007554185 0.00070126273 0.00066550064 0.00076693983 0.00059073913 0.0007045888 0.0006469569 0.0008356473 0.0008511214 0.00074959564 0.0010209039 0.00062942604 0.00061739684 0.00077747466 0.0009271514 0.0005802251 0.0007810756 0.00073715654 0.0005963998 0.0010939097 0.00060179684 0.00073013344 0.0006280801 0.00065470283 0.00065170944 0.0006073147 0.00073209475 0.0007074082 0.00070913014 0.0007353091 0.0011392707 0.00077483134 0.0006524408 0.0008572353 0.00061165757 0.00075069023 0.0007097758 0.00084672205 0.0008656503 0.0008009663 0.0007100184 0.00074388785 0.00074595446 0.000674172 0.0009067062 0.0006446253 0.0006682166 0.0006513534 0.0007988564 0.0007360069 0.00067044527 0.0006619485 0.0010439309 0.0008231219 0.00078923703 0.0007265 0.0005802861 0.0007288342 0.0012378285 0.0006427137 0.0006318998 0.0008226145 0.0007812708 0.0005988667 0.00074856734 0.00073271425 0.00053325493 0.0008396801 0.00082021666 0.00067554344 0.00069273345 0.0007558472 0.0006013628 0.0008449787 0.00090309983 0.00067831244 0.0006308699 0.00072947296 0.00068533176 0.000826199 0.000609207 0.0007030528 0.00058478536 0.00073089584 0.0007705567 0.0007043042 0.00061975856 0.00070551195 0.0007763071 0.00074712763 0.0009551222 0.0007008538 0.0008750233 0.00072877016 0.00079299486 0.00066251017 0.0006847122 0.0007040897 0.0006993717 0.000778292 0.0006321618 0.0008557319 0.00064971944 0.0006933791 0.00067871425 0.00095303153 0.00074586755 0.0006512289 0.0007126345 0.0008048775 0.00072862615 0.0005670955 0.0007361539 0.0006706149 0.00054798956 0.0006528211 0.0005603497 0.00067423 0.00092874735 0.0007847235 0.0008828122 0.00072035834 0.0006728062 0.00068283937 0.00073557824 0.0007615523 0.0009319317 0.00069243845 0.0010100483 0.0008700418 0.0009699845 0.0008369634 0.00062386174 0.00090910966 0.0006523825 0.000653622 0.0009509916 0.00077985355 0.0007884 0.0007799704 0.00070142234 0.0005752903 0.0007465328 0.0007302892 0.000701651 0.00074194086 0.00077858346 0.00065296376 0.0009429461 0.0007857394 0.00076597865 0.0008127217 0.0008596025 0.00071933516 0.0008861289 0.00076656207 0.00076335756 0.00064480543 0.00070182764 0.0006860557 0.00058586994 0.0008333132 0.0007959259 0.00068516354 0.00072356104 0.00073024374 0.0007346996 0.0007036978 0.00058382767 0.0009767569 0.000652285 0.0009220063 0.00082030875 0.00064609596 0.00080861116 0.0005998319 0.0006621585 0.00051013724 0.00066482153 0.00080102443 0.0008483428 0.00068823446 0.0007700173 0.0009957426 0.0007713464 0.00077633467 0.00069098163 0.0008136125 0.0009365905 0.0007584532 0.0006769334 0.0007968831 0.0007103367 0.0009384812 0.00088067853 0.0007815754 0.00056623813 0.0007627671 0.00068043306 0.000873214 0.00084523857 0.0007814535 0.0007399865 0.00084219425 0.0007525187 0.00076442165 0.00060287974 0.00057535875 0.00068230537 0.0006920936 0.0008261289 0.0007953671 0.0008181435 0.0007348309 0.0007513732 0.0007459163 0.00067746796 0.0008087649 0.0008245064 0.00064936135 0.00084859773 0.00087999384 0.0007885895 0.0007429676 0.00076576043 0.00065624266 0.00069124764 0.00064020895 0.0007855129 0.0006619969 0.0007928451 0.0007970197 0.0008484836 0.00058752816 0.0006003897 0.0007266475 0.00068957324 0.00077022397 0.0006660253 0.0006247786 0.0008098564 0.0006123501 0.0008219856 0.00075979054 0.0007617445 0.0008118841 0.0006675318 0.0007687784 0.00068966375 0.0010932579 0.00060358626 0.00079039665 0.00080145744 0.000688799 0.00069055514 0.00075641414 0.00072655483 0.00090872106 0.0008402769 0.00085924467 0.0006374056 0.00064755394 0.000759786 0.0007930461 0.0007583148 0.00055909954 0.0006690664 0.00056581787 0.00078765186 0.0006912628 0.0006869817 0.00096107123 0.0007607769 0.00080422475 0.00062506384 0.00070356776 0.00066701596 0.00094650866 0.00076219434 0.00068353675 0.0007571703 0.0005901335 0.00076225476 0.00054923084 0.00072258426 0.00079218636 0.0008444093 0.00069992995 0.00071512786 0.00079361844 0.00093704014 0.00077132176 0.00068446307 0.0005586382 0.0009141712 0.0007668097 0.0008389398 0.0008397201 0.0006527924 0.00088739354 0.0008976832 0.00068351266 0.00073372055 0.0008184871 0.0007394158 0.00069237844 0.0007570113 0.00059578544 0.000773249 0.0006328643 0.0005395296 0.00080973364 0.0008479202 0.00062249537 0.0007374398 0.00068451936 0.0006878556 0.0006205196 0.0008426959 0.0006998552 0.0008180237 0.0005192495 0.00076292723 0.0007124505 0.0007568113 0.0007102111 0.0007645024 0.0007038786 0.000864526 0.0006212614 0.00065718417 0.00072478247 0.00078702904 0.00085505104 0.00068415946 0.00072587916 0.00090070296 0.0005685571 0.00076100335 0.0007758691 0.00078891136 0.0006600472 0.00075626775 0.0007727733 0.00089987746 0.00063713425 0.0005849795 0.0006190544 0.000680043 0.0007566695 0.00063530693 0.0006603129 0.0009883731 0.0006535555 0.00063928147 0.0007273947 0.0007729651 0.0008872613 0.00079530245 0.0009979253 0.0005729494 0.000764469 0.00072127726 0.00065619714 0.0008931804 0.00074069586 0.00063046376 0.00079372583 0.0008983912 0.0007954387 0.0007465903 0.0007844773 0.0006117449 0.00085366284 0.0007460446 0.00085540826 0.00066344324 0.00071637385 0.00075220823 0.0008675796 0.0007211891 0.0006849968 0.00086596486 0.00063615997 0.0007398615 0.0006886554 0.0006889359 0.00081531703 0.0006264302 0.00082720525 0.0006777202 0.00083236257 0.00053766335 0.0008056351 0.00067772757 0.0006618913 0.00061528734 0.00066633185 0.000951318 0.00082613766 0.00068076653 0.0008056145 0.0008187509 0.0005951359 0.0006365989 0.00076469075 0.0006718036 0.0006860266 0.00070941844 0.00068293844 0.0009045043 0.0006051269 0.0008214591 0.0007545965 0.0008934559 0.0007053512 0.0007022952 0.00062923966 0.00080406544 0.0007763952 0.0007837678 0.0006643164 0.00070911675,
249,512,,,0.004961525 0.004961525 0.004961525 0.004961525 0.004961525 0.004961525 0.004961525 0.004961525 0.004961525 0.004961525 0.004961525 0.004961525 0.004961525 0.004961525 0.004961525 0.004961525 0.004961525 0.004961525 0.004961525 0.004961525 0.004961525 0.004961525 0.004961525 0.004961525 0.004961525 0.004961525 0.004961525 0.004961525 0.004961525 0.004961525 0.004961525 0.004961525 0.004961525 0.004961525 0.004961525 0.004961525 0.004961525 0.004961525 0.004961525 0.004961525 0.004961525 0.004961525 0.004961525 0.004961525 0.004961525 0.004961525 0.004961525 0.004961525 0.004961525 0.004961525 0.004961525 0.004961525 0.004961525 0.004961525 0.004961525 0.004961525 0.004961525 0.004961525 0.004961525 0.004961525 0.004961525 0.004961525 0.004961525 0.004961525 0.004961525 0.004961525 0.004961525 0.004961525 0.004961525 0.004961525 0.004961525 0.004961525 0.004961525 0.004961525 0.004961525 0.004961525 0.004961525 0.004961525 0.004961525 0.004961525 0.004961525 0.004961525 0.004961525 0.004961525 0.004961525 0.004961525 0.004961525 0.004961525 0.004961525 0.004961525 0.004961525 0.004961525 0.004961525 0.004961525 0.004961525 0.004961525 0.004961525 0.004961525 0.004961525 0.004961525 0.004961525 0.004961525 0.004961525 0.004961525 0.004961525 0.004961525 0.004961525 0.004961525 0.004961525 0.004961525 0.004961525 0.004961525 0.004961525 0.004961525 0.004961525 0.004961525 0.004961525 0.004961525 0.004961525 0.004961525 0.004961525 0.004961525 0.004961525 0.004961525 0.004961525 0.004961525 0.004961525 0.004961525 0.004961525 0.004961525 0.004961525 0.004961525 0.004961525 0.004961525 0.004961525 0.004961525 0.004961525 0.004961525 0.004961525 0.004961525 0.004961525 0.004961525 0.004961525 0.004961525 0.004961525 0.004961525 0.004961525 0.004961525 0.004961525 0.004961525 0.004961525 0.004961525 0.004961525 0.004961525 0.004961525 0.004961525 0.004961525 0.004961525 0.004961525 0.004961525 0.004961525 0.004961525 0.004961525 0.004961525 0.004961525 0.004961525 0.004961525 0.004961525 0.004961525 0.004961525 0.004961525 0.004961525 0.004961525 0.004961525 0.004961525 0.004961525 0.004961525 0.004961525 0.004961525 0.004961525 0.004961525 0.004961525 0.004961525 0.004961525 0.004961525 0.004961525 0.004961525 0.004961525 0.004961525 0.004961525 0.004961525 0.004961525 0.004961525 0.004961525 0.004961525 0.004961525 0.004961525 0.004961525 0.004961525 0.004961525 0.004961525 0.004961525 0.004961525 0.004961525 0.004961525 0.004961525 0.004961525 0.004961525 0.004961525 0.004961525 0.004961525 0.004961525 0.004961525 0.004961525 0.004961525 0.004961525 0.004961525 0.004961525 0.004961525 0.004961525 0.004961525 0.004961525 0.004961525 0.004961525 0.004961525 0.004961525 0.004961525 0.004961525 0.004961525 0.004961525 0.004961525 0.004961525 0.004961525 0.004961525 0.004961525 0.004961525 0.004961525 0.004961525 0.004961525 0.004961525 0.004961525 0.004961525 0.004961525 0.004961525 0.004961525 0.004961525 0.004961525 0.004961525 0.004961525 0.004961525 0.004961525 0.004961525 0.004961525 0.004961525 0.004961525 0.004961525 0.004961525 0.004961525 0.004961525 0.004961525 0.004961525 0.004961525 0.004961525 0.004961525 0.004961525 0.004961525 0.004961525 0.004961525 0.004961525 0.004961525 0.004961525 0.004961525 0.004961525 0.004961525 0.004961525 0.004961525 0.004961525 0.004961525 0.004961525 0.004961525 0.004961525 0.004961525 0.004961525 0.004961525 0.004961525 0.004961525 0.004961525 0.004961525 0.004961525 0.004961525 0.004961525 0.004961525 0.004961525 0.004961525 0.004961525 0.004961525 0.004961525 0.004961525 0.004961525 0.004961525 0.004961525 0.004961525 0.004961525 0.004961525 0.004961525 0.004961525 0.004961525 0.004961525 0.004961525 0.004961525 0.004961525 0.004961525 0.004961525 0.004961525 0.004961525 0.004961525 0.004961525 0.004961525 0.004961525 0.004961525 0.004961525 0.004961525 0.004961525 0.004961525 0.004961525 0.004961525 0.004961525 0.004961525 0.004961525 0.004961525 0.004961525 0.004961525 0.004961525 0.004961525 0.004961525 0.004961525 0.004961525 0.004961525 0.004961525 0.004961525 0.004961525 0.004961525 0.004961525 0.004961525 0.004961525 0.004961525 0.004961525 0.004961525 0.004961525 0.004961525 0.004961525 0.004961525 0.004961525 0.004961525 0.004961525 0.004961525 0.004961525 0.004961525 0.004961525 0.004961525 0.004961525 0.004961525 0.004961525 0.004961525 0.004961525 0.004961525 0.004961525 0.004961525 0.004961525 0.004961525 0.004961525 0.004961525 0.004961525 0.004961525 0.004961525 0.004961525 0.004961525 0.004961525 0.004961525 0.004961525 0.004961525 0.004961525 0.004961525 0.004961525 0.004961525 0.004961525 0.004961525 0.004961525 0.004961525 0.004961525 0.004961525 0.004961525 0.004961525 0.004961525 0.004961525 0.004961525 0.004961525 0.004961525 0.004961525 0.004961525 0.004961525 0.004961525 0.004961525 0.004961525 0.004961525 0.004961525 0.004961525 0.004961525 0.004961525 0.004961525 0.004961525 0.004961525 0.004961525 0.004961525 0.004961525 0.004961525 0.004961525 0.004961525 0.004961525 0.004961525 0.004961525 0.004961525 0.004961525 0.004961525 0.004961525 0.004961525 0.004961525 0.004961525 0.004961525 0.004961525 0.004961525 0.004961525 0.004961525 0.004961525 0.004961525 0.004961525 0.004961525 0.004961525 0.004961525 0.004961525 0.004961525 0.004961525 0.004961525 0.004961525 0.004961525 0.004961525 0.004961525 0.004961525 0.004961525 0.004961525 0.004961525 0.004961525 0.004961525 0.004961525 0.004961525 0.004961525 0.004961525 0.004961525 0.004961525 0.004961525 0.004961525 0.004961525 0.004961525 0.004961525 0.004961525 0.004961525 0.004961525 0.004961525 0.004961525 0.004961525 0.004961525 0.004961525 0.004961525 0.004961525 0.004961525 0.004961525 0.004961525 0.004961525 0.004961525 0.004961525 0.004961525 0.004961525 0.004961525 0.004961525 0.004961525 0.004961525 0.004961525 0.004961525 0.004961525 0.004961525 0.004961525 0.004961525 0.004961525 0.004961525 0.004961525 0.004961525 0.004961525 0.004961525 0.004961525 0.004961525 0.004961525 0.004961525 0.004961525 0.004961525 0.004961525 0.004961525 0.004961525 0.004961525 0.004961525 0.004961525 0.004961525 0.004961525,15 15 15 15 15 15 15 15 15 15 15 15 15 15 15 15 15 14 15 15 15 15 15 15 15 15 15 15 15 15 15 15 15 15 15 15 15 15 15 15 15 15 15 15 15 15 14 15 15 15 15 15 15 15 15 15 15 15 15 15 15 15 15 15 15 15 15 14 15 15 15 15 15 15 15 15 15 15 15 15 15 15 15 15 15 15 15 15 15 15 15 15 15 15 15 15 15 15 15 14 15 15 15 15 15 15 15 15 14 15 15 15 15 15 15 15 15 15 15 14 15 15 15 15 15 15 15 15 15 15 15 15 15 15 15 15 15 15 15 15 15 14 15 15 15 15 15 14 15 15 15 15 15 15 15 15 15 15 15 15 15 15 15 15 15 15 15 15 15 15 15 15 15 15 15 15 15 15 15 15 15 15 15 15 15 15 15 15 15 15 15 15 15 15 15 15 15 15 15 15 15 15 15 15 15 15 15 15 15 15 15 15 15 15 15 15 15 14 15 15 15 15 15 15 15 15 15 15 15 15 15 15 15 15 15 15 15 15 15 15 15 15 15 15 15 15 15 15 15 15 15 15 15 15 15 15 15 15 14 15 15 15 15 15 15 15 15 15 15 15 15 15 14 15 15 15 15 15 15 15 15 15 15 15 15 15 15 15 15 15 15 15 15 15 15 15 15 15 15 15 15 15 15 15 15 15 15 15 15 15 15 15 15 15 15 15 15 15 15 15 15 15 15 15 15 15 15 15 15 15 15 15 15 15 15 15 15 15 14 15 15 15 15 15 15 15 15 15 15 15 15 15 15 15 15 15 15 15 15 15 15 15 15 15 15 15 15 15 15 15 15 15 15 15 15 15 15 15 15 15 15 15 15 15 15 15 15 15 15 15 15 15 15 15 15 15 15 15 15 15 15 15 15 15 15 15 15 15 15 15 15 15 15 15 15 15 15 15 15 15 15 15 15 15 15 15 15 15 15 15 15 15 15 15 15 15 15 15 15 15 15 14 15 15 15 15 15 15 14 15 15 15 15 15 15 15 15 15 15 15 15 15 15 15 15 15 15 15 15 15 15 15 15 15 15 15 15 15 15 15 15 15 15 15 15 15 15 15 15 15 15 15 15 15 15 15 15 15 15 15 15 15 15 15 15 15 15 15 15 15 15 15
254,1x1x512x256,0.13282761 0.1626321 0.12972304 0.13782357 0.13690935 0.09431692 0.07973365 0.10453219 0.108059555 0.09218591 0.11362559 0.16071923 0.11152593 0.11509356 0.108938724 0.15332 0.14633206 0.10228494 0.124060094 0.111903176 0.10931259 0.1282216 0.113955155 0.119130716 0.09075007 0.13471892 0.13043281 0.12909824 0.10725672 0.13106099 0.1370734 0.103112176 0.13585243 0.13137268 0.11048352 0.18551832 0.1303193 0.11799577 0.12449385 0.17510931 0.10163826 0.17019612 0.09759661 0.09540042 0.14533764 0.094968416 0.10840374 0.10222667 0.09455478 0.14809309 0.11293672 0.13773863 0.12332106 0.11627448 0.11040067 0.16944423 0.14122473 0.119766094 0.12428732 0.11470048 0.12511356 0.106966004 0.1504699 0.119263224 0.08732603 0.13649462 0.11173518 0.12191344 0.11379173 0.12414642 0.12151475 0.17302805 0.1246076 0.098985404 0.13550055 0.08789746 0.12857573 0.12771371 0.115233384 0.11608221 0.12796387 0.11527882 0.0914103 0.1825137 0.15605104 0.11136582 0.13690741 0.11515584 0.123948336 0.13199596 0.122594535 0.106510274 0.15486895 0.09923123 0.17781872 0.13590659 0.098036714 0.15953507 0.14464162 0.17297286 0.1378789 0.11957724 0.10255206 0.12862629 0.12899539 0.08523692 0.119415276 0.12125112 0.17645961 0.12132771 0.106961004 0.1646396 0.18956007 0.12593168 0.11427396 0.14448288 0.11422256 0.15526769 0.13112132 0.124040976 0.09972546 0.128502 0.12660207 0.11096589 0.13618807 0.17022513 0.11042055 0.17507416 0.11338766 0.11754455 0.20946068 0.17392029 0.121256866 0.1377371 0.11787025 0.1463943 0.104982026 0.10633866 0.17073494 0.13267043 0.13908046 0.14266056 0.1248733 0.12334188 0.15580484 0.091233775 0.13366133 0.098056786 0.104613446 0.13239963 0.11695526 0.11447211 0.10233424 0.1367777 0.10064777 0.119116634 0.11500617 0.114327185 0.1475124 0.092222355 0.13940609 0.15481079 0.11589451 0.13919537 0.083723076 0.078475565 0.11089777 0.10602902 0.1004387 0.11927529 0.15524082 0.122557685 0.11933632 0.13155766 0.1710718 0.12947714 0.13852124 0.116280675 0.13855484 0.14748748 0.1431774 0.12119356 0.13107926 0.13192315 0.0988123 0.111248575 0.13215111 0.11990383 0.16085929 0.077609755 0.15476 0.10491129 0.14188072 0.15764077 0.124047056 0.07104411 0.13715707 0.10122549 0.13265441 0.11206901 0.15048811 0.16018781 0.115685664 0.10315302 0.10947557 0.10440348 0.107089244 0.107463814 0.15938827 0.13395676 0.13124992 0.12695087 0.10262356 0.12439896 0.1246054 0.094961986 0.14566378 0.1109497 0.09866156 0.13757576 0.17767073 0.098202765 0.1526542 0.12393569 0.10865514 0.13261893 0.10279389 0.103000835 0.11237854 0.11387412 0.14801598 0.124138445 0.13183515 0.13067126 0.10743845 0.15760408 0.09430127 0.08397547 0.15389054 0.0951272 0.13845424 0.15144265 0.17855656 0.10190061 0.122834265 0.13658029 0.11238522 0.16786705 0.11230282 0.14058906 0.123375915 0.10157144 0.1247073 0.13104722 0.12334143 0.15604211,0.1328114 0.16261224 0.1297072 0.13780674 0.13689263 0.09430541 0.07972392 0.104519434 0.10804637 0.09217466 0.11361173 0.1606996 0.11151232 0.115079515 0.108925425 0.1533013 0.14631419 0.10227245 0.124044955 0.11188952 0.10929925 0.12820596 0.11394125 0.11911617 0.09073899 0.13470247 0.1304169 0.12908247 0.10724363 0.13104498 0.13705668 0.10309959 0.13583586 0.13135664 0.11047004 0.18549567 0.13030338 0.11798137 0.12447866 0.17508794 0.10162585 0.17017534 0.0975847 0.095388785 0.1453199 0.09495683 0.10839052 0.10221419 0.09454324 0.14807501 0.11292294 0.13772182 0.123306006 0.1162603 0.11038719 0.16942357 0.1412075 0.119751476 0.12427215 0.11468648 0.1250983 0.10695295 0.15045153 0.11924867 0.087315366 0.13647796 0.111721545 0.12189856 0.11377784 0.12413127 0.12149992 0.17300694 0.12459239 0.09897332 0.13548402 0.08788673 0.12856004 0.12769812 0.115219325 0.116068035 0.12794825 0.11526474 0.09139914 0.18249142 0.156032 0.11135223 0.1368907 0.11514178 0.1239332 0.13197985 0.122579575 0.10649728 0.15485004 0.09921911 0.177797 0.13589 0.09802475 0.1595156 0.14462398 0.17295176 0.13786207 0.11956265 0.10253954 0.12861058 0.12897964 0.08522652 0.1194007 0.121236324 0.17643808 0.1213129 0.10694795 0.1646195 0.18953693 0.1259163 0.11426001 0.14446524 0.11420862 0.15524875 0.13110532 0.12402584 0.099713296 0.1284863 0.12658662 0.110952355 0.13617145 0.17020436 0.11040708 0.17505279 0.113373816 0.1175302 0.2094351 0.17389905 0.12124207 0.13772029 0.11785587 0.14637643 0.10496922 0.10632568 0.1707141 0.13265425 0.13906349 0.14264314 0.12485806 0.12332682 0.15578583 0.09122264 0.13364503 0.09804482 0.10460068 0.13238347 0.11694099 0.11445814 0.10232175 0.13676101 0.10063549 0.1191021 0.114992134 0.11431324 0.1474944 0.092211105 0.13938908 0.15479189 0.11588036 0.13917838 0.08371285 0.07846598 0.11088424 0.10601608 0.10042644 0.119260736 0.15522186 0.122542724 0.11932176 0.1315416 0.17105092 0.12946133 0.13850433 0.11626649 0.13853793 0.14746948 0.14315994 0.12117877 0.13106327 0.13190705 0.09880024 0.11123499 0.13213497 0.1198892 0.16083965 0.077600285 0.15474111 0.10489848 0.1418634 0.15762153 0.124031916 0.071035445 0.13714032 0.101213135 0.13263822 0.11205534 0.15046974 0.16016826 0.115671545 0.103140436 0.10946221 0.10439074 0.107076176 0.107450694 0.15936881 0.13394041 0.1312339 0.1269354 0.102611035 0.124383785 0.124590196 0.09495039 0.145646 0.11093616 0.09864952 0.13755898 0.17764905 0.098190784 0.15263557 0.12392057 0.10864188 0.13260275 0.10278134 0.102988265 0.11236482 0.11386022 0.1479979 0.12412329 0.13181907 0.13065532 0.10742534 0.15758485 0.094289765 0.08396523 0.15387174 0.095115595 0.13843735 0.15142415 0.17853476 0.10188817 0.122819275 0.13656363 0.112371504 0.16784656 0.112289116 0.14057189 0.12336086 0.10155905 0.12469208 0.13103122 0.123326376 0.15602307,0.0010457591 0.0012804114 0.0010213165 0.0010850924 0.0010778947 0.0007425623 0.0006277474 0.0008229877 0.0008507588 0.0007257847 0.00089458056 0.0012653512 0.00087804976 0.0009061379 0.0008576805 0.0012070969 0.0011520803 0.0008052949 0.0009767319 0.0008810198 0.000860624 0.0010094957 0.0008971752 0.0009379226 0.00071448024 0.0010606494 0.0010269047 0.0010163974 0.00084443804 0.0010318502 0.0010791864 0.0008118078 0.0010695737 0.0010343043 0.0008698428 0.0014605959 0.0010260108 0.00092898717 0.0009801469 0.0013786452 0.0008002036 0.0013399633 0.0007683835 0.0007510928 0.0011442511 0.00074769155 0.00085346866 0.0008048361 0.00074443495 0.001165945 0.000889157 0.0010844237 0.00097091345 0.00091543543 0.0008691905 0.0013340438 0.00111187 0.000942925 0.0009785208 0.00090304314 0.000985026 0.0008421492 0.0011846577 0.00093896594 0.0006875226 0.0010746296 0.0008796972 0.0009598312 0.0008958885 0.0009774115 0.00095669227 0.0013622594 0.0009810425 0.00077931746 0.0010668034 0.0006920215 0.0010122837 0.0010054971 0.0009072388 0.0009139215 0.0010074666 0.00090759643 0.0007196783 0.0014369403 0.0012285984 0.0008767892 0.0010778795 0.0009066282 0.000975852 0.0010392114 0.0009651935 0.0008385613 0.0012192916 0.00078125286 0.0013999764 0.00107 0.0007718484 0.0012560284 0.0011387715 0.0013618249 0.0010855282 0.0009414382 0.00080739794 0.0010126818 0.0010155877 0.00067107496 0.00094016304 0.0009546167 0.0013892762 0.0009552197 0.00084210985 0.0012962166 0.0014924167 0.0009914669 0.00089968514 0.0011375216 0.0008992804 0.0012224311 0.0010323253 0.0009765814 0.00078514405 0.0010117032 0.000996745 0.0008736406 0.0010722161 0.0013401918 0.0008693471 0.0013783685 0.0008927072 0.00092543464 0.0016490953 0.0013692839 0.000954662 0.0010844117 0.000927999 0.0011525704 0.0008265293 0.00083721004 0.0013442055 0.0010445217 0.0010949881 0.0011231743 0.0009831344 0.00097107736 0.0012266601 0.0007182885 0.001052323 0.00077200646 0.0008236274 0.0010423895 0.0009207952 0.0009012452 0.0008056831 0.0010768584 0.00079240545 0.0009378118 0.00090544985 0.00090010423 0.0011613732 0.0007260717 0.0010975518 0.0012188338 0.0009124438 0.0010958927 0.0006591563 0.00061784236 0.00087310426 0.00083477225 0.0007907594 0.00093906093 0.0012222194 0.00096490333 0.00093954144 0.0010357606 0.0013468576 0.0010193805 0.0010905853 0.00091548415 0.0010908499 0.001161177 0.0011272436 0.00095416355 0.0010319942 0.0010386382 0.00077795464 0.0008758661 0.0010404328 0.00094400946 0.0012664539 0.0006110259 0.001218434 0.0008259723 0.0011170347 0.0012411145 0.0009766292 0.00055933424 0.001079845 0.0007969538 0.0010443954 0.0008823255 0.0011848011 0.0012611675 0.00091079954 0.0008121294 0.00086190715 0.00082197436 0.0008431195 0.00084606843 0.0012548725 0.0010546489 0.0010333378 0.0009994913 0.0008079609 0.0009793999 0.0009810252 0.0007476409 0.001146819 0.00087351305 0.00077676785 0.0010831415 0.0013988115 0.00077315577 0.0012018549 0.0009757525 0.00085544784 0.0010441161 0.0008093019 0.0008109312 0.0008847624 0.00089653715 0.0011653377 0.0009773488 0.0010379454 0.001028782 0.00084586884 0.0012408255 0.00074243906 0.0006611435 0.0012115885 0.0007489417 0.0010900579 0.0011923162 0.0014057856 0.0008022691 0.0009670809 0.0010753041 0.000884815 0.0013216265 0.0008841663 0.0011068652 0.00097134535 0.00079967757 0.0009818274 0.0010317418 0.0009710738 0.0012285281,
255,256,,,0.004961525 0.004961525 0.004961525 0.004961525 0.004961525 0.004961525 0.004961525 0.004961525 0.004961525 0.004961525 0.004961525 0.004961525 0.004961525 0.004961525 0.004961525 0.004961525 0.004961525 0.004961525 0.004961525 0.004961525 0.004961525 0.004961525 0.004961525 0.004961525 0.004961525 0.004961525 0.004961525 0.004961525 0.004961525 0.004961525 0.004961525 0.004961525 0.004961525 0.004961525 0.004961525 0.004961525 0.004961525 0.004961525 0.004961525 0.004961525 0.004961525 0.004961525 0.004961525 0.004961525 0.004961525 0.004961525 0.004961525 0.004961525 0.004961525 0.004961525 0.004961525 0.004961525 0.004961525 0.004961525 0.004961525 0.004961525 0.004961525 0.004961525 0.004961525 0.004961525 0.004961525 0.004961525 0.004961525 0.004961525 0.004961525 0.004961525 0.004961525 0.004961525 0.004961525 0.004961525 0.004961525 0.004961525 0.004961525 0.004961525 0.004961525 0.004961525 0.004961525 0.004961525 0.004961525 0.004961525 0.004961525 0.004961525 0.004961525 0.004961525 0.004961525 0.004961525 0.004961525 0.004961525 0.004961525 0.004961525 0.004961525 0.004961525 0.004961525 0.004961525 0.004961525 0.004961525 0.004961525 0.004961525 0.004961525 0.004961525 0.004961525 0.004961525 0.004961525 0.004961525 0.004961525 0.004961525 0.004961525 0.004961525 0.004961525 0.004961525 0.004961525 0.004961525 0.004961525 0.004961525 0.004961525 0.004961525 0.004961525 0.004961525 0.004961525 0.004961525 0.004961525 0.004961525 0.004961525 0.004961525 0.004961525 0.004961525 0.004961525 0.004961525 0.004961525 0.004961525 0.004961525 0.004961525 0.004961525 0.004961525 0.004961525 0.004961525 0.004961525 0.004961525 0.004961525 0.004961525 0.004961525 0.004961525 0.004961525 0.004961525 0.004961525 0.004961525 0.004961525 0.004961525 0.004961525 0.004961525 0.004961525 0.004961525 0.004961525 0.004961525 0.004961525 0.004961525 0.004961525 0.004961525 0.004961525 0.004961525 0.004961525 0.004961525 0.004961525 0.004961525 0.004961525 0.004961525 0.004961525 0.004961525 0.004961525 0.004961525 0.004961525 0.004961525 0.004961525 0.004961525 0.004961525 0.004961525 0.004961525 0.004961525 0.004961525 0.004961525 0.004961525 0.004961525 0.004961525 0.004961525 0.004961525 0.004961525 0.004961525 0.004961525 0.004961525 0.004961525 0.004961525 0.004961525 0.004961525 0.004961525 0.004961525 0.004961525 0.004961525 0.004961525 0.004961525 0.004961525 0.004961525 0.004961525 0.004961525 0.004961525 0.004961525 0.004961525 0.004961525 0.004961525 0.004961525 0.004961525 0.004961525 0.004961525 0.004961525 0.004961525 0.004961525 0.004961525 0.004961525 0.004961525 0.004961525 0.004961525 0.004961525 0.004961525 0.004961525 0.004961525 0.004961525 0.004961525 0.004961525 0.004961525 0.004961525 0.004961525 0.004961525 0.004961525 0.004961525 0.004961525 0.004961525 0.004961525 0.004961525 0.004961525 0.004961525 0.004961525 0.004961525 0.004961525 0.004961525 0.004961525 0.004961525 0.004961525 0.004961525 0.004961525 0.004961525 0.004961525 0.004961525 0.004961525 0.004961525 0.004961525 0.004961525 0.004961525,14 14 14 14 14 15 15 15 15 15 15 14 15 15 15 14 14 15 14 15 15 14 15 15 15 14 14 14 15 14 14 15 14 14 15 14 14 15 14 14 15 14 15 15 14 15 15 15 15 14 15 14 15 15 15 14 14 15 14 15 14 15 14 15 15 14 15 15 15 14 15 14 14 15 14 15 14 14 15 15 14 15 15 14 14 15 14 15 14 14 15 15 14 15 14 14 15 14 14 14 14 15 15 14 14 15 15 15 14 15 15 14 14 14 15 14 15 14 14 14 15 14 14 15 14 14 15 14 15 15 14 14 15 14 15 14 15 15 14 14 14 14 14 15 14 15 14 15 15 14 15 15 15 14 15 15 15 15 14 15 14 14 15 14 15 15 15 15 15 15 14 15 15 14 14 14 14 15 14 14 14 15 14 14 15 15 14 15 14 15 14 15 14 14 14 15 14 15 14 15 14 14 15 15 15 15 15 15 14 14 14 14 15 14 14 15 14 15 15 14 14 15 14 14 15 14 15 15 15 15 14 14 14 14 15 14 15 15 14 15 14 14 14 15 15 14 15 14 15 14 15 15 14 14 15 14
269,1x1x1024x512,0.099433936 0.057443243 0.070017196 0.07751428 0.072916865 0.06892303 0.075547256 0.06563266 0.09313756 0.07786542 0.094944134 0.10375262 0.07918054 0.09762742 0.094440885 0.077005826 0.096293345 0.07625717 0.06258036 0.06638129 0.09954421 0.067473546 0.08633201 0.08430671 0.06549476 0.0726814 0.085326806 0.085950054 0.072906844 0.08650528 0.08810124 0.07656638 0.06694503 0.115648784 0.10152851 0.09089204 0.07697333 0.09354131 0.08061952 0.076209754 0.15234768 0.0683715 0.086843766 0.06260454 0.06766512 0.085100204 0.0884385 0.07958217 0.09506265 0.080263786 0.086850554 0.087073 0.06189144 0.09505524 0.06483597 0.06752366 0.08335157 0.078397125 0.065882996 0.10855822 0.06998754 0.08016317 0.069867566 0.08046084 0.07159326 0.079007216 0.10136912 0.082770295 0.07043077 0.081492886 0.07449739 0.08641248 0.088814795 0.08469903 0.09326669 0.083064996 0.06371543 0.06550303 0.078683 0.089578636 0.06860478 0.09180441 0.091419615 0.09059571 0.08150103 0.08803511 0.07436657 0.08523126 0.08114618 0.0870741 0.082198836 0.097742125 0.09936983 0.091962285 0.09641974 0.0699702 0.086281255 0.09701873 0.07437745 0.083304904 0.08884295 0.08979541 0.078749344 0.078288116 0.11120453 0.10200957 0.075160146 0.061449967 0.08969469 0.082703345 0.09092469 0.07577538 0.10436724 0.061036956 0.061371405 0.09689689 0.079995334 0.08178682 0.08234174 0.09265036 0.082380444 0.08052251 0.07686587 0.07828933 0.08073868 0.08149695 0.08794268 0.083401546 0.083032966 0.07374666 0.07640294 0.08279367 0.07915226 0.11155407 0.110942855 0.09613519 0.09152951 0.08779654 0.061829664 0.07025265 0.08266909 0.083646014 0.08337574 0.07087008 0.08033012 0.08532017 0.09491057 0.07444722 0.08536228 0.09322553 0.07430126 0.09205418 0.07486191 0.1047856 0.08598248 0.08755974 0.08513009 0.08862115 0.09574482 0.10029109 0.09194365 0.09690323 0.104614325 0.08861159 0.08481396 0.091502 0.08469655 0.08781573 0.064530164 0.07918923 0.08879318 0.08055494 0.08308766 0.08958894 0.1023673 0.078046106 0.09101244 0.08445767 0.072100006 0.07404379 0.072986685 0.07912601 0.09407349 0.09236574 0.07785887 0.08764759 0.079389885 0.11287026 0.074495286 0.07924328 0.066808686 0.08386973 0.084045686 0.0839163 0.10211013 0.10950041 0.06535706 0.07767462 0.08582462 0.0717427 0.09176902 0.064936124 0.07007867 0.082492545 0.070082396 0.0925294 0.081289105 0.083261214 0.07523826 0.09653851 0.08314147 0.093287006 0.07996507 0.102271184 0.08866395 0.07592579 0.08531891 0.09665256 0.0891908 0.08634817 0.07972555 0.08516994 0.071738616 0.07271028 0.095600024 0.07593179 0.07007517 0.082826756 0.10460564 0.07546603 0.062320694 0.104543276 0.1142799 0.08287253 0.08619405 0.08504277 0.07730471 0.0779151 0.0709491 0.103155196 0.06903221 0.07700221 0.07486942 0.076717705 0.09019583 0.07673431 0.086079784 0.09320338 0.11166893 0.07425867 0.088959165 0.08978627 0.07138232 0.077662684 0.07393273 0.11271602 0.065794356 0.09596531 0.07965585 0.0831037 0.0875762 0.07581306 0.06622456 0.08934657 0.08708727 0.07827832 0.0870306 0.08966547 0.08220183 0.09101532 0.10083319 0.07053434 0.09678172 0.07610227 0.07546544 0.0868067 0.08558338 0.07319331 0.07793033 0.09374212 0.06413789 0.06876542 0.069596715 0.09439885 0.09082885 0.07856357 0.08422526 0.10972952 0.07983926 0.073348686 0.08470311 0.105239436 0.09651654 0.117066965 0.0937247 0.08145729 0.09881425 0.07896827 0.076220445 0.1006343 0.0806179 0.089480914 0.070832536 0.07374245 0.062606424 0.10606223 0.080224544 0.08441511 0.08845105 0.08817896 0.07290346 0.09365856 0.06270188 0.08809037 0.08621241 0.099790506 0.085205756 0.07506073 0.06339755 0.0568718 0.08368733 0.06867172 0.05906151 0.040116537 0.124942265 0.086872496 0.08802752 0.08003426 0.070092715 0.09893417 0.074147336 0.07936866 0.086248256 0.09227986 0.07561543 0.066035524 0.1181222 0.082438864 0.067168385 0.074564666 0.084999114 0.107117705 0.0760804 0.077727675 0.059958532 0.098258264 0.0644281 0.07428482 0.088199355 0.07640789 0.09306165 0.074967206 0.06963521 0.097010106 0.13027407 0.07359475 0.095040746 0.08190821 0.11888594 0.07820712 0.07805422 0.08325795 0.07613865 0.07647772 0.08686624 0.090531334 0.086293034 0.06965411 0.08280871 0.085207164 0.08926588 0.10573301 0.08558393 0.0857136 0.08495154 0.07764457 0.082274005 0.076825805 0.08242171 0.07314053 0.08107866 0.09398066 0.074629106 0.09355874 0.08176169 0.09477952 0.082615 0.0872214 0.08300414 0.06857345 0.07832533 0.08220387 0.07882015 0.094107755 0.10867194 0.072377354 0.0736408 0.078358844 0.05703291 0.08112117 0.094388135 0.08883577 0.07562827 0.08788589 0.09765156 0.06676587 0.09988549 0.07887385 0.081029765 0.08541759 0.06322983 0.08587722 0.079965554 0.10805353 0.0751175 0.07345057 0.08492725 0.08939353 0.07272764 0.07865821 0.10722766 0.08959909 0.100761764 0.078055866 0.09954891 0.077580795 0.08277868 0.07460381 0.08584983 0.10041888 0.07207231 0.07667822 0.086665496 0.094803326 0.09301215 0.11109138 0.07410816 0.083383724 0.059654925 0.07011518 0.06787202 0.07958825 0.08017719 0.068426766 0.065776244 0.07640286 0.07434339 0.08133924 0.08156916 0.07772986 0.08377175 0.07334116 0.14326885 0.08437069 0.08087594 0.08064819 0.12714407 0.063926056 0.07485751 0.09228526 0.07695777 0.097654276 0.06614132 0.0920923 0.08428881 0.090459704 0.0786933 0.10486239 0.08632794 0.090219446 0.09237994 0.07243359 0.11211421 0.08843202 0.07200972 0.07885302 0.09909418 0.07360004 0.0973393 0.094521016 0.093037285 0.06652971 0.08546472 0.07754921 0.08904409 0.10726119 0.06454025 0.06478945 0.07312378 0.105896 0.08769177 0.112120315 0.07720977 0.07862129 0.082835995 0.098219156 0.072422646 0.08496115 0.087239325 0.086942695 0.06836147 0.07702799 0.07341811 0.09030694 0.09426596 0.072569646 0.097393125 0.07743274 0.11103589 0.07694331 0.08653427 0.08361809,0.09942181 0.05743623 0.07000865 0.07750483 0.07290796 0.068914615 0.07553803 0.065624654 0.0931262 0.077855915 0.09493255 0.103739955 0.079170875 0.09761551 0.09442936 0.07699642 0.09628159 0.07624786 0.062572725 0.066373184 0.09953207 0.06746531 0.08632147 0.08429642 0.06548677 0.07267253 0.0853164 0.085939564 0.07289795 0.08649472 0.08809049 0.07655704 0.066936865 0.115634665 0.10151612 0.090880945 0.07696393 0.093529895 0.08060969 0.07620045 0.1523291 0.06836315 0.08683317 0.062596895 0.06765686 0.08508982 0.088427715 0.07957246 0.09505105 0.080253996 0.08683996 0.08706237 0.06188389 0.09504364 0.06482806 0.06751542 0.08334139 0.07838756 0.06587496 0.108544976 0.069979 0.08015339 0.069859035 0.08045102 0.07158453 0.078997575 0.101356745 0.08276019 0.07042218 0.08148294 0.07448829 0.08640193 0.088803954 0.084688686 0.09325531 0.08305486 0.06370766 0.06549504 0.07867339 0.0895677 0.068596415 0.0917932 0.091408454 0.09058465 0.08149108 0.08802436 0.074357495 0.08522086 0.08113628 0.08706347 0.0821888 0.0977302 0.09935771 0.09195106 0.096407965 0.06996166 0.08627072 0.097006895 0.074368365 0.08329474 0.08883211 0.08978445 0.07873973 0.07827856 0.11119096 0.10199712 0.075150974 0.06144247 0.08968375 0.08269326 0.09091359 0.07576613 0.10435451 0.06102951 0.061363917 0.09688506 0.07998557 0.08177684 0.08233169 0.09263906 0.082370386 0.08051268 0.07685649 0.07827977 0.08072882 0.081487 0.08793195 0.08339137 0.08302283 0.07373766 0.07639361 0.082783565 0.07914261 0.11154045 0.11092932 0.096123464 0.091518335 0.087785825 0.06182212 0.07024408 0.082659 0.08363581 0.08336557 0.07086143 0.08032031 0.08530976 0.09489899 0.07443813 0.08535186 0.093214154 0.07429219 0.092042945 0.07485277 0.104772806 0.08597198 0.08754905 0.085119694 0.088610336 0.09573313 0.10027885 0.09193243 0.096891396 0.10460156 0.08860077 0.0848036 0.091490835 0.08468621 0.08780501 0.06452229 0.07917957 0.08878234 0.080545105 0.08307752 0.089578 0.1023548 0.07803658 0.09100133 0.08444736 0.07209121 0.07403475 0.07297778 0.07911635 0.09406201 0.09235447 0.077849366 0.087636895 0.07938019 0.112856485 0.074486196 0.07923361 0.06680053 0.083859496 0.084035434 0.08390606 0.102097675 0.10948705 0.06534909 0.077665135 0.08581415 0.071733944 0.09175782 0.064928204 0.07007012 0.08248248 0.07007384 0.09251811 0.08127919 0.08325105 0.07522907 0.09652672 0.08313132 0.09327562 0.07995531 0.102258705 0.088653125 0.07591653 0.0853085 0.096640766 0.08917992 0.086337626 0.07971582 0.08515955 0.07172986 0.07270141 0.095588356 0.07592252 0.070066616 0.08281665 0.10459287 0.07545682 0.06231309 0.10453051 0.114265956 0.082862414 0.08618353 0.08503239 0.07729527 0.077905595 0.07094044 0.10314261 0.06902379 0.07699281 0.074860275 0.07670835 0.090184815 0.07672495 0.08606928 0.09319201 0.1116553 0.0742496 0.08894831 0.08977532 0.07137361 0.07765321 0.07392371 0.11270226 0.06578633 0.0959536 0.079646125 0.08309356 0.08756551 0.07580381 0.066216476 0.089335665 0.08707664 0.07826877 0.08701998 0.089654535 0.082191795 0.09100421 0.10082089 0.07052573 0.09676991 0.07609299 0.07545623 0.086796105 0.085572936 0.07318438 0.07792082 0.09373067 0.06413007 0.06875702 0.06958822 0.09438732 0.090817764 0.07855398 0.084214985 0.109716125 0.079829514 0.07333973 0.08469277 0.10522659 0.09650476 0.11705268 0.09371326 0.08144734 0.098802194 0.07895864 0.07621114 0.10062201 0.08060806 0.08947 0.07082389 0.07373345 0.06259878 0.106049284 0.080214754 0.08440481 0.088440254 0.0881682 0.072894566 0.09364713 0.06269423 0.08807962 0.08620189 0.09977833 0.08519536 0.07505157 0.06338981 0.05686486 0.08367711 0.06866334 0.0590543 0.040111642 0.12492702 0.08686189 0.08801678 0.080024496 0.07008416 0.0989221 0.07413829 0.07935897 0.086237736 0.0922686 0.075606205 0.06602747 0.11810778 0.0824288 0.06716019 0.07455556 0.084988736 0.10710464 0.07607111 0.07771819 0.059951216 0.09824627 0.06442023 0.074275754 0.088188596 0.07639857 0.093050286 0.074958056 0.06962672 0.09699827 0.13025817 0.07358576 0.095029145 0.08189822 0.11887143 0.078197576 0.0780447 0.08324779 0.07612936 0.07646839 0.086855635 0.090520285 0.0862825 0.069645606 0.0827986 0.08519677 0.08925499 0.1057201 0.08557349 0.08570314 0.08494118 0.077635095 0.08226397 0.076816425 0.082411654 0.073131606 0.08106877 0.09396919 0.07461999 0.09354732 0.081751704 0.09476795 0.08260492 0.08721076 0.082994014 0.068565086 0.07831577 0.08219384 0.07881053 0.094096266 0.10865868 0.072368525 0.073631816 0.078349285 0.057025947 0.08111127 0.094376616 0.08882493 0.07561904 0.087875165 0.09763965 0.06675772 0.099873304 0.078864224 0.08101987 0.08540717 0.06322212 0.08586674 0.079955794 0.10804034 0.07510833 0.07344161 0.08491689 0.08938261 0.07271876 0.078648604 0.10721457 0.08958816 0.10074946 0.078046344 0.09953677 0.077571325 0.082768574 0.07459471 0.08583935 0.100406624 0.07206352 0.07666886 0.086654924 0.094791755 0.0930008 0.11107783 0.074099116 0.08337355 0.059647642 0.07010662 0.06786374 0.07957854 0.0801674 0.06841841 0.06576821 0.07639353 0.07433432 0.08132931 0.0815592 0.077720374 0.08376153 0.073332205 0.14325136 0.08436039 0.080866076 0.08063835 0.12712854 0.063918255 0.074848376 0.092274 0.07694838 0.09764236 0.066133246 0.092081055 0.08427853 0.09044867 0.0786837 0.1048496 0.086317405 0.09020843 0.09236867 0.07242475 0.11210053 0.08842123 0.072000936 0.0788434 0.09908209 0.07359106 0.09732742 0.094509475 0.09302593 0.06652159 0.08545429 0.07753974 0.08903322 0.1072481 0.06453238 0.06478154 0.07311486 0.105883084 0.08768106 0.112106636 0.07720035 0.078611694 0.082825884 0.09820717 0.0724138 0.08495079 0.08722868 0.086932085 0.068353124 0.077018596 0.073409155 0.09029592 0.09425446 0.072560795 0.097381234 0.07742328 0.11102234 0.07693391 0.086523704 0.08360789,0.00078284886 0.0004522538 0.0005512492 0.00061027426 0.00057407847 0.00054263475 0.00059478765 0.00051672955 0.0007332772 0.0006130387 0.0007475004 0.00081685005 0.0006233927 0.00076862605 0.00074353826 0.00060627103 0.00075812277 0.00060037686 0.00049269863 0.0005226235 0.0007837171 0.00053122296 0.0006796966 0.0006637513 0.00051564386 0.0005722247 0.00067178265 0.0006766895 0.0005739996 0.0006810608 0.0006936259 0.00060281134 0.00052706193 0.00091050914 0.00079933956 0.000715598 0.0006060152 0.00073645584 0.00063472195 0.0006000035 0.0011994417 0.0005382925 0.00068372575 0.0004928889 0.0005327312 0.0006699986 0.0006962812 0.0006265548 0.00074843346 0.0006319212 0.0006837792 0.0006855304 0.00048727472 0.0007483751 0.00051045715 0.00053161744 0.0006562314 0.0006172249 0.00051870046 0.00085468485 0.0005510157 0.0006311291 0.0005500711 0.0006334726 0.0005636577 0.00062202814 0.0007980846 0.0006516551 0.0005545053 0.00064159796 0.000586522 0.00068033015 0.00069924374 0.00066684006 0.0007342938 0.0006539753 0.0005016351 0.00051570893 0.00061947556 0.00070525747 0.00054012926 0.0007227811 0.0007197516 0.000713265 0.00064166205 0.0006931052 0.00058549206 0.0006710304 0.0006388683 0.00068553915 0.0006471559 0.0007695291 0.00078234414 0.0007240241 0.00075911783 0.0005508792 0.000679297 0.0007638338 0.0005855777 0.00065586413 0.00069946545 0.0007069642 0.0006199979 0.00061636657 0.00087551936 0.00080312695 0.00059173995 0.00048379897 0.00070617127 0.000651128 0.000715855 0.0005965837 0.000821689 0.0004805473 0.00048318045 0.0007628745 0.0006298076 0.0006439121 0.000648281 0.0007294414 0.00064858573 0.0006339581 0.00060516916 0.0006163762 0.00063566 0.0006416299 0.00069237757 0.00065662496 0.0006537231 0.00058061146 0.0006015245 0.0006518391 0.0006231701 0.0008782713 0.0008734592 0.00075687765 0.00072061684 0.000691227 0.00048678834 0.000553103 0.0006508583 0.00065854966 0.00065642176 0.000557964 0.0006324434 0.0006717304 0.00074723613 0.00058612705 0.0006720619 0.00073396973 0.00058497785 0.0007247476 0.0005893919 0.0008249827 0.00067694474 0.00068936264 0.0006702338 0.00069771917 0.00075380417 0.0007895972 0.0007238774 0.0007629244 0.0008236343 0.00069764385 0.0006677449 0.00072040025 0.00066682056 0.000691378 0.0005080495 0.0006234612 0.00069907354 0.00063421344 0.0006541537 0.0007053386 0.00080594333 0.00061446126 0.0007165459 0.0006649399 0.0005676473 0.0005829508 0.0005746282 0.0006229634 0.00074064574 0.00072720053 0.00061298715 0.0006900543 0.0006250409 0.0008886337 0.00058650546 0.0006238867 0.0005259884 0.00066031097 0.0006616963 0.0006606777 0.0008039187 0.0008621027 0.00051455974 0.0006115365 0.00067570194 0.0005648342 0.00072250253 0.0005112457 0.0005517332 0.00064946833 0.0005517625 0.0007284891 0.0006399936 0.00065552007 0.0005923549 0.00076005294 0.00065457734 0.00073445373 0.00062956935 0.00080518663 0.00069805613 0.00059776794 0.0006717205 0.0007609509 0.00070220407 0.0006798238 0.0006276836 0.0006705476 0.00056480203 0.00057245203 0.00075266423 0.0005978151 0.00055170566 0.0006520996 0.0008235659 0.0005941482 0.00049065426 0.0008230749 0.00089973194 0.00065246 0.0006786105 0.00066954637 0.0006086242 0.0006134299 0.00055858615 0.0008121465 0.0005434944 0.0006062426 0.000589451 0.00060400274 0.00071011664 0.0006041334 0.00067771086 0.00073379534 0.0008791756 0.0005846425 0.00070038036 0.0007068922 0.00056199695 0.00061144255 0.00058207643 0.00088741933 0.0005180026 0.00075554015 0.00062713487 0.00065428 0.0006894922 0.0005968804 0.0005213896 0.00070343044 0.0006856428 0.0006162895 0.0006851967 0.00070594123 0.0006471795 0.00071656855 0.0007938653 0.0005553207 0.0007619678 0.0005991574 0.0005941436 0.0006834339 0.0006738026 0.00057625497 0.0006135497 0.0007380368 0.0005049612 0.0005413939 0.00054793875 0.0007432073 0.0007151005 0.00061853527 0.0006631101 0.0008639065 0.0006285788 0.0005774782 0.0006668722 0.00082855584 0.00075988 0.00092167465 0.0007378997 0.00064131763 0.00077797 0.00062172156 0.0006000877 0.00079229934 0.00063470914 0.0007044882 0.00055766845 0.00058057834 0.00049290375 0.0008350337 0.00063161226 0.0006646048 0.00069638 0.00069423777 0.00057397294 0.00073737896 0.00049365533 0.00069354026 0.00067875505 0.00078565616 0.0006708296 0.00059095724 0.0004991323 0.0004477548 0.0006588749 0.0005406562 0.0004649945 0.00031583972 0.0009836773 0.0006839519 0.0006930455 0.0006301141 0.0005518438 0.0007789142 0.0005837661 0.0006248738 0.0006790373 0.0007265244 0.00059532444 0.00051990134 0.0009299825 0.0006490456 0.0005288204 0.0005870517 0.00066920265 0.0008433436 0.0005989851 0.00061195425 0.00047205682 0.0007735927 0.0005072459 0.00058484846 0.0006943984 0.0006015635 0.00073267944 0.0005902209 0.0005482419 0.0007637659 0.001025655 0.0005794155 0.000748261 0.0006448679 0.0009359955 0.00061572896 0.00061452517 0.0006554944 0.0005994438 0.0006021133 0.00068390265 0.00071275816 0.00067938975 0.0005483906 0.00065195747 0.00067084073 0.0007027952 0.0008324417 0.000673807 0.0006748279 0.0006688282 0.00061129994 0.0006477478 0.00060485373 0.00064891065 0.0005758394 0.00063833676 0.0007399149 0.000587559 0.0007365931 0.0006437142 0.00074620434 0.0006504325 0.0006866989 0.0006534962 0.0005398826 0.00061665964 0.00064719556 0.00062055537 0.0007409155 0.00085558015 0.0005698309 0.00057977805 0.0006169235 0.0004490232 0.0006386714 0.00074312295 0.0006994089 0.00059542555 0.0006919304 0.00076881616 0.0005256514 0.00078640395 0.0006209781 0.0006379517 0.0006724974 0.00049781194 0.0006761161 0.0006295732 0.00085071137 0.00059140415 0.00057828036 0.00066863693 0.00070380006 0.0005725887 0.0006192803 0.0008442092 0.0007054186 0.00079330284 0.00061453815 0.0007837541 0.00061079784 0.0006517211 0.0005873599 0.00067590043 0.00079060334 0.0005674293 0.0006036918 0.00068232225 0.0007463918 0.00073228974 0.0008746286 0.0005834576 0.0006564846 0.00046966647 0.0005520206 0.0005343602 0.0006266027 0.0006312394 0.0005387277 0.00051785994 0.00060152385 0.00058530964 0.0006403882 0.0006421984 0.0006119714 0.0006595396 0.00057741895 0.0011279634 0.00066425506 0.00063674076 0.0006349476 0.0010010122 0.00050329335 0.0005893573 0.00072656694 0.0006058928 0.0007688375 0.00052073423 0.00072504766 0.00066361047 0.00071219425 0.00061955664 0.00082558737 0.0006796646 0.0007103026 0.00072731235 0.0005702736 0.0008826813 0.00069623016 0.0005669365 0.00062081416 0.0007801739 0.00057945715 0.00076635764 0.0007441691 0.00073248765 0.00052379206 0.00067286845 0.0006105492 0.000701049 0.0008444732 0.00050812896 0.00051009085 0.0005757075 0.0008337251 0.00069040206 0.0008827294 0.0006078768 0.0006189897 0.0006521723 0.0007732848 0.0005701874 0.0006689039 0.00068684 0.00068450463 0.0005382136 0.00060644565 0.00057802483 0.0007109915 0.00074216106 0.00057134486 0.0007667814 0.0006096321 0.00087419164 0.0006057788 0.000681289 0.00065832987,
270,512,,,0.0049615246 0.0049615246 0.0049615246 0.0049615246 0.0049615246 0.0049615246 0.0049615246 0.0049615246 0.0049615246 0.0049615246 0.0049615246 0.0049615246 0.0049615246 0.0049615246 0.0049615246 0.0049615246 0.0049615246 0.0049615246 0.0049615246 0.0049615246 0.0049615246 0.0049615246 0.0049615246 0.0049615246 0.0049615246 0.0049615246 0.0049615246 0.0049615246 0.0049615246 0.0049615246 0.0049615246 0.0049615246 0.0049615246 0.0049615246 0.0049615246 0.0049615246 0.0049615246 0.0049615246 0.0049615246 0.0049615246 0.0049615246 0.0049615246 0.0049615246 0.0049615246 0.0049615246 0.0049615246 0.0049615246 0.0049615246 0.0049615246 0.0049615246 0.0049615246 0.0049615246 0.0049615246 0.0049615246 0.0049615246 0.0049615246 0.0049615246 0.0049615246 0.0049615246 0.0049615246 0.0049615246 0.0049615246 0.0049615246 0.0049615246 0.0049615246 0.0049615246 0.0049615246 0.0049615246 0.0049615246 0.0049615246 0.0049615246 0.0049615246 0.0049615246 0.0049615246 0.0049615246 0.0049615246 0.0049615246 0.0049615246 0.0049615246 0.0049615246 0.0049615246 0.0049615246 0.0049615246 0.0049615246 0.0049615246 0.0049615246 0.0049615246 0.0049615246 0.0049615246 0.0049615246 0.0049615246 0.0049615246 0.0049615246 0.0049615246 0.0049615246 0.0049615246 0.0049615246 0.0049615246 0.0049615246 0.0049615246 0.0049615246 0.0049615246 0.0049615246 0.0049615246 0.0049615246 0.0049615246 0.0049615246 0.0049615246 0.0049615246 0.0049615246 0.0049615246 0.0049615246 0.0049615246 0.0049615246 0.0049615246 0.0049615246 0.0049615246 0.0049615246 0.0049615246 0.0049615246 0.0049615246 0.0049615246 0.0049615246 0.0049615246 0.0049615246 0.0049615246 0.0049615246 0.0049615246 0.0049615246 0.0049615246 0.0049615246 0.0049615246 0.0049615246 0.0049615246 0.0049615246 0.0049615246 0.0049615246 0.0049615246 0.0049615246 0.0049615246 0.0049615246 0.0049615246 0.0049615246 0.0049615246 0.0049615246 0.0049615246 0.0049615246 0.0049615246 0.0049615246 0.0049615246 0.0049615246 0.0049615246 0.0049615246 0.0049615246 0.0049615246 0.0049615246 0.0049615246 0.0049615246 0.0049615246 0.0049615246 0.0049615246 0.0049615246 0.0049615246 0.0049615246 0.0049615246 0.0049615246 0.0049615246 0.0049615246 0.0049615246 0.0049615246 0.0049615246 0.0049615246 0.0049615246 0.0049615246 0.0049615246 0.0049615246 0.0049615246 0.0049615246 0.0049615246 0.0049615246 0.0049615246 0.0049615246 0.0049615246 0.0049615246 0.0049615246 0.0049615246 0.0049615246 0.0049615246 0.0049615246 0.0049615246 0.0049615246 0.0049615246 0.0049615246 0.0049615246 0.0049615246 0.0049615246 0.0049615246 0.0049615246 0.0049615246 0.0049615246 0.0049615246 0.0049615246 0.0049615246 0.0049615246 0.0049615246 0.0049615246 0.0049615246 0.0049615246 0.0049615246 0.0049615246 0.0049615246 0.0049615246 0.0049615246 0.0049615246 0.0049615246 0.0049615246 0.0049615246 0.0049615246 0.0049615246 0.0049615246 0.0049615246 0.0049615246 0.0049615246 0.0049615246 0.0049615246 0.0049615246 0.0049615246 0.0049615246 0.0049615246 0.0049615246 0.0049615246 0.0049615246 0.0049615246 0.0049615246 0.0049615246 0.0049615246 0.0049615246 0.0049615246 0.0049615246 0.0049615246 0.0049615246 0.0049615246 0.0049615246 0.0049615246 0.0049615246 0.0049615246 0.0049615246 0.0049615246 0.0049615246 0.0049615246 0.0049615246 0.0049615246 0.0049615246 0.0049615246 0.0049615246 0.0049615246 0.0049615246 0.0049615246 0.0049615246 0.0049615246 0.0049615246 0.0049615246 0.0049615246 0.0049615246 0.0049615246 0.0049615246 0.0049615246 0.0049615246 0.0049615246 0.0049615246 0.0049615246 0.0049615246 0.0049615246 0.0049615246 0.0049615246 0.0049615246 0.0049615246 0.0049615246 0.0049615246 0.0049615246 0.0049615246 0.0049615246 0.0049615246 0.0049615246 0.0049615246 0.0049615246 0.0049615246 0.0049615246 0.0049615246 0.0049615246 0.0049615246 0.0049615246 0.0049615246 0.0049615246 0.0049615246 0.0049615246 0.0049615246 0.0049615246 0.0049615246 0.0049615246 0.0049615246 0.0049615246 0.0049615246 0.0049615246 0.0049615246 0.0049615246 0.0049615246 0.0049615246 0.0049615246 0.0049615246 0.0049615246 0.0049615246 0.0049615246 0.0049615246 0.0049615246 0.0049615246 0.0049615246 0.0049615246 0.0049615246 0.0049615246 0.0049615246 0.0049615246 0.0049615246 0.0049615246 0.0049615246 0.0049615246 0.0049615246 0.0049615246 0.0049615246 0.0049615246 0.0049615246 0.0049615246 0.0049615246 0.0049615246 0.0049615246 0.0049615246 0.0049615246 0.0049615246 0.0049615246 0.0049615246 0.0049615246 0.0049615246 0.0049615246 0.0049615246 0.0049615246 0.0049615246 0.0049615246 0.0049615246 0.0049615246 0.0049615246 0.0049615246 0.0049615246 0.0049615246 0.0049615246 0.0049615246 0.0049615246 0.0049615246 0.0049615246 0.0049615246 0.0049615246 0.0049615246 0.0049615246 0.0049615246 0.0049615246 0.0049615246 0.0049615246 0.0049615246 0.0049615246 0.0049615246 0.0049615246 0.0049615246 0.0049615246 0.0049615246 0.0049615246 0.0049615246 0.0049615246 0.0049615246 0.0049615246 0.0049615246 0.0049615246 0.0049615246 0.0049615246 0.0049615246 0.0049615246 0.0049615246 0.0049615246 0.0049615246 0.0049615246 0.0049615246 0.0049615246 0.0049615246 0.0049615246 0.0049615246 0.0049615246 0.0049615246 0.0049615246 0.0049615246 0.0049615246 0.0049615246 0.0049615246 0.0049615246 0.0049615246 0.0049615246 0.0049615246 0.0049615246 0.0049615246 0.0049615246 0.0049615246 0.0049615246 0.0049615246 0.0049615246 0.0049615246 0.0049615246 0.0049615246 0.0049615246 0.0049615246 0.0049615246 0.0049615246 0.0049615246 0.0049615246 0.0049615246 0.0049615246 0.0049615246 0.0049615246 0.0049615246 0.0049615246 0.0049615246 0.0049615246 0.0049615246 0.0049615246 0.0049615246 0.0049615246 0.0049615246 0.0049615246 0.0049615246 0.0049615246 0.0049615246 0.0049615246 0.0049615246 0.0049615246 0.0049615246 0.0049615246 0.0049615246 0.0049615246 0.0049615246 0.0049615246 0.0049615246 0.0049615246 0.0049615246 0.0049615246 0.0049615246 0.0049615246 0.0049615246 0.0049615246 0.0049615246 0.0049615246 0.0049615246 0.0049615246 0.0049615246 0.0049615246 0.0049615246 0.0049615246 0.0049615246 0.0049615246 0.0049615246 0.0049615246 0.0049615246 0.0049615246 0.0049615246 0.0049615246 0.0049615246 0.0049615246 0.0049615246 0.0049615246 0.0049615246 0.0049615246 0.0049615246 0.0049615246 0.0049615246 0.0049615246 0.0049615246 0.0049615246 0.0049615246 0.0049615246 0.0049615246 0.0049615246 0.0049615246 0.0049615246 0.0049615246 0.0049615246 0.0049615246 0.0049615246 0.0049615246 0.0049615246 0.0049615246 0.0049615246 0.0049615246 0.0049615246 0.0049615246 0.0049615246 0.0049615246 0.0049615246 0.0049615246 0.0049615246 0.0049615246 0.0049615246 0.0049615246 0.0049615246 0.0049615246 0.0049615246 0.0049615246 0.0049615246,14 15 14 14 14 14 14 14 14 14 14 14 14 14 14 14 14 14 14 14 14 14 14 14 14 14 14 14 14 14 14 14 14 14 14 14 14 14 14 14 13 14 14 14 14 14 14 14 14 14 14 14 15 14 14 14 14 14 14 14 14 14 14 14 14 14 14 14 14 14 14 14 14 14 14 14 14 14 14 14 14 14 14 14 14 14 14 14 14 14 14 14 14 14 14 14 14 14 14 14 14 14 14 14 14 14 14 15 14 14 14 14 14 15 15 14 14 14 14 14 14 14 14 14 14 14 14 14 14 14 14 14 14 14 14 14 14 14 15 14 14 14 14 14 14 14 14 14 14 14 14 14 14 14 14 14 14 14 14 14 14 14 14 14 14 14 14 14 14 14 14 14 14 14 14 14 14 14 14 14 14 14 14 14 14 14 14 14 14 14 14 14 14 14 14 14 14 14 14 14 14 14 14 14 14 14 14 14 14 14 14 14 14 14 14 14 14 14 14 14 14 14 14 14 14 14 14 14 14 14 14 14 14 14 14 14 14 14 14 14 14 14 14 14 14 14 14 14 14 14 14 14 14 14 14 14 14 14 14 14 14 14 14 14 14 14 14 14 14 14 14 14 14 14 14 14 14 14 14 14 14 14 14 14 14 14 14 14 14 14 14 14 14 14 14 14 14 14 14 14 14 14 14 14 14 14 14 14 14 14 14 14 14 14 14 14 14 14 14 15 14 14 15 15 13 14 14 14 14 14 14 14 14 14 14 14 14 14 14 14 14 14 14 14 15 14 14 14 14 14 14 14 14 14 13 14 14 14 14 14 14 14 14 14 14 14 14 14 14 14 14 14 14 14 14 14 14 14 14 14 14 14 14 14 14 14 14 14 14 14 14 14 14 14 14 14 14 14 15 14 14 14 14 14 14 14 14 14 14 14 14 14 14 14 14 14 14 14 14 14 14 14 14 14 14 14 14 14 14 14 14 14 14 14 14 14 14 14 15 14 14 14 14 14 14 14 14 14 14 14 14 14 13 14 14 14 13 14 14 14 14 14 14 14 14 14 14 14 14 14 14 14 14 14 14 14 14 14 14 14 14 14 14 14 14 14 14 14 14 14 14 14 14 14 14 14 14 14 14 14 14 14 14 14 14 14 14 14 14 14 14 14
278,1x1x512x512,0.19831954 0.15705891 0.1510701 0.16603696 0.16462037 0.14280874 0.16188109 0.15628113 0.15159082 0.14203157 0.14681767 0.13599521 0.13668385 0.1529917 0.16175698 0.13297215 0.20249015 0.12191436 0.14971903 0.14008862 0.14783776 0.15624511 0.16461186 0.1339552 0.16706581 0.157233 0.15486637 0.15451868 0.17438649 0.15990329 0.17069043 0.13509896 0.14224684 0.15452564 0.1685316 0.14316393 0.16082329 0.1476603 0.1390021 0.16292848 0.16867693 0.18105865 0.14079252 0.15254329 0.12888221 0.16028439 0.16373645 0.14158344 0.14824073 0.12722857 0.14175685 0.17231625 0.12358866 0.14540888 0.13228808 0.1776096 0.19634396 0.16346925 0.17273958 0.14055434 0.1709478 0.17932263 0.1798656 0.16167372 0.17010999 0.15766342 0.14367801 0.17088264 0.1659768 0.13111532 0.147479 0.16523014 0.14354917 0.13248768 0.15002649 0.1658227 0.14202783 0.18185309 0.209177 0.15260592 0.1663744 0.17306536 0.18035968 0.1671238 0.13807559 0.14445838 0.17633793 0.1840408 0.16625683 0.15424319 0.10256802 0.13077235 0.13672838 0.13899288 0.14810951 0.13825162 0.14280836 0.19237421 0.16662958 0.1717078 0.14455944 0.1419029 0.15821274 0.17162773 0.16080149 0.11758298 0.17993401 0.1435717 0.12076419 0.15178576 0.16526635 0.14041106 0.1939959 0.17190573 0.17189571 0.12945983 0.14640412 0.16772948 0.15382414 0.18025897 0.16892882 0.1900703 0.14017348 0.15161031 0.15852879 0.17784561 0.13053782 0.18002509 0.19462694 0.20211935 0.1304303 0.14813508 0.14947382 0.1557242 0.15617894 0.14646631 0.13701782 0.16268776 0.16440131 0.19004628 0.17600812 0.15380274 0.17361577 0.15100893 0.1674309 0.2170795 0.13072923 0.16143796 0.14409368 0.18059868 0.1684331 0.16309549 0.16723943 0.14489612 0.14703645 0.16479912 0.16281047 0.145312 0.13907745 0.16970511 0.15970801 0.14155214 0.21301612 0.14707409 0.20200035 0.14607397 0.17038076 0.18233791 0.14146614 0.17348705 0.19253561 0.1427159 0.14661929 0.1347855 0.1721988 0.1940036 0.14315511 0.19302082 0.15711848 0.13166343 0.1782438 0.18783188 0.19777583 0.14597483 0.20248526 0.15966266 0.1473104 0.13856383 0.20923087 0.16354224 0.15752986 0.12679873 0.24937147 0.18030879 0.17778951 0.18862616 0.15064608 0.15707698 0.17531356 0.15254559 0.18049617 0.14697973 0.15709604 0.14269744 0.18560024 0.16405433 0.12576905 0.15812741 0.16317973 0.20541437 0.18411723 0.16904163 0.18265037 0.17017724 0.24929172 0.15759324 0.18392205 0.1333034 0.18774547 0.1664217 0.15846223 0.15411742 0.14276229 0.14869949 0.17902572 0.14046697 0.15795961 0.1410601 0.1531318 0.1815342 0.20386627 0.15247312 0.1522406 0.15724479 0.1723791 0.15011366 0.17409441 0.19188896 0.15888612 0.15620929 0.21162567 0.1374029 0.13139409 0.13193 0.13519837 0.15662543 0.19766605 0.14728113 0.15643439 0.15362771 0.18993148 0.15066873 0.1674307 0.13734291 0.14997315 0.12391065 0.12814422 0.15918845 0.112154536 0.12253037 0.13949455 0.13476075 0.12815297 0.12584259 0.120292224 0.13345614 0.12750873 0.1227375 0.11556001 0.13097377 0.13339962 0.116415836 0.11077044 0.1272609 0.10632438 0.11350958 0.14093745 0.11318665 0.14612678 0.12762952 0.1454859 0.103443734 0.11279726 0.12577395 0.14696717 0.123857535 0.1253642 0.12516439 0.113703996 0.12349757 0.14223143 0.111271195 0.12174101 0.11952664 0.12454775 0.12457555 0.14161494 0.110083684 0.13737851 0.13705906 0.13249406 0.10833926 0.12634799 0.14569831 0.12354523 0.13423204 0.12271925 0.10894776 0.14909622 0.12980604 0.16263936 0.14345084 0.15263738 0.11349876 0.13725387 0.11836826 0.14755814 0.11962864 0.117758825 0.1176947 0.14677691 0.1378285 0.16083896 0.13390091 0.16547814 0.14830746 0.14508228 0.1404503 0.1333963 0.103714176 0.106942214 0.14473213 0.11580001 0.14403424 0.103483364 0.14244714 0.12976728 0.11938826 0.12500015 0.12344133 0.11382077 0.11955265 0.14020349 0.16007261 0.10141847 0.12900503 0.10919068 0.10353986 0.12778774 0.12198246 0.110939324 0.14091459 0.12796375 0.12906551 0.15427728 0.12653078 0.16155805 0.13630475 0.12667876 0.1279115 0.16092679 0.13138147 0.13703147 0.11419039 0.13167499 0.11216192 0.10727296 0.111115925 0.1440747 0.11565719 0.11670783 0.1166451 0.116741 0.12972836 0.13277309 0.12320736 0.11724265 0.10473973 0.12188474 0.11929877 0.12337258 0.1621706 0.12803683 0.13751781 0.1357206 0.12019793 0.10835835 0.18262605 0.1609674 0.14222386 0.14755459 0.15481186 0.11267687 0.15020712 0.15432923 0.10146726 0.12345746 0.10467265 0.113388814 0.11390536 0.12570655 0.13392524 0.20325357 0.108034134 0.115886584 0.17426856 0.114934154 0.11171753 0.122985356 0.16731666 0.117155135 0.107572176 0.118780375 0.13371845 0.12005532 0.14390898 0.111739315 0.13977514 0.14889719 0.11858777 0.11388088 0.12005534 0.123833016 0.124116026 0.16426939 0.12676011 0.11928107 0.12281888 0.13790551 0.10730214 0.13491887 0.1824765 0.14943613 0.16426694 0.12260175 0.12143622 0.14805342 0.14876254 0.14031076 0.14421695 0.09787468 0.15254122 0.14771296 0.12676692 0.12915723 0.13383804 0.16449727 0.12934159 0.12737498 0.1400841 0.113889895 0.14933948 0.15302506 0.13540024 0.15045673 0.13939948 0.1239112 0.13048816 0.15944356 0.124237366 0.15247408 0.13194782 0.13585316 0.117350936 0.13400763 0.14962113 0.12655127 0.10857219 0.16610143 0.1382373 0.13534397 0.13918035 0.11955121 0.14339277 0.1005727 0.14450102 0.12721868 0.14220737 0.108611554 0.11961714 0.13803661 0.122832194 0.11825295 0.13624266 0.12237793 0.11794859 0.1156057 0.117834434 0.12255244 0.1282942 0.15632609 0.09984078 0.12819684 0.13319021 0.12796544 0.12054798 0.11738045 0.12220239 0.12991796 0.11001853 0.111987025 0.14641912 0.10875732 0.12806438 0.110112436 0.11830853 0.13675144 0.13138345 0.14081518 0.13117062 0.1262879 0.121249035,0.19829534 0.15703973 0.15105166 0.1660167 0.16460028 0.14279132 0.16186133 0.15626206 0.15157233 0.14201424 0.14679974 0.13597861 0.13666716 0.15297303 0.16173723 0.13295592 0.20246543 0.12189948 0.14970076 0.14007151 0.14781971 0.15622605 0.16459177 0.13393885 0.16704541 0.15721382 0.15484746 0.15449983 0.17436521 0.15988378 0.1706696 0.13508247 0.14222948 0.15450679 0.16851102 0.14314647 0.16080366 0.14764227 0.13898513 0.16290858 0.16865633 0.18103655 0.14077534 0.15252466 0.1288665 0.16026483 0.16371647 0.14156617 0.14822264 0.12721305 0.14173955 0.17229521 0.12357357 0.14539114 0.13227193 0.17758793 0.19632 0.1634493 0.17271851 0.14053719 0.17092694 0.17930076 0.17984365 0.161654 0.17008923 0.15764417 0.14366049 0.1708618 0.16595653 0.13109931 0.147461 0.16520998 0.14353167 0.13247152 0.15000819 0.16580246 0.1420105 0.18183088 0.20915148 0.1525873 0.1663541 0.17304423 0.18033767 0.16710341 0.13805874 0.14444076 0.17631641 0.18401833 0.16623655 0.15422435 0.102555506 0.1307564 0.13671169 0.1389759 0.14809144 0.13823473 0.14279094 0.19235075 0.16660926 0.17168683 0.1445418 0.14188558 0.15819342 0.1716068 0.16078186 0.11756863 0.17991206 0.14355418 0.12074945 0.15176724 0.16524619 0.14039393 0.19397222 0.17188475 0.17187473 0.12944402 0.14638625 0.16770902 0.15380536 0.18023697 0.16890821 0.19004712 0.14015637 0.15159182 0.15850943 0.17782392 0.1305219 0.1800031 0.19460319 0.20209467 0.13041438 0.148117 0.14945558 0.15570518 0.15615988 0.14644845 0.1370011 0.1626679 0.16438124 0.19002308 0.17598665 0.15378398 0.17359458 0.1509905 0.16741045 0.21705301 0.13071328 0.16141826 0.1440761 0.18057664 0.16841254 0.16307558 0.16721903 0.14487845 0.1470185 0.16477902 0.1627906 0.14529426 0.13906048 0.1696844 0.15968852 0.14153485 0.21299013 0.14705615 0.20197569 0.14605613 0.17035995 0.18231565 0.14144889 0.17346588 0.19251211 0.14269848 0.1466014 0.13476905 0.17217778 0.19397992 0.14313763 0.19299726 0.1570993 0.13164735 0.17822205 0.18780895 0.19775169 0.14595702 0.20246054 0.15964319 0.14729242 0.13854691 0.20920534 0.16352227 0.15751064 0.12678325 0.24934103 0.1802868 0.17776781 0.18860313 0.15062769 0.1570578 0.17529216 0.15252696 0.18047413 0.1469618 0.15707688 0.14268003 0.18557759 0.16403432 0.1257537 0.15810812 0.1631598 0.20538929 0.18409476 0.169021 0.18262808 0.17015646 0.2492613 0.15757401 0.1838996 0.13328713 0.18772256 0.16640139 0.15844288 0.15409862 0.14274487 0.14868134 0.17900388 0.14044982 0.15794034 0.14104287 0.15311311 0.18151204 0.2038414 0.15245451 0.15222202 0.1572256 0.17235807 0.15009533 0.17407316 0.19186555 0.15886672 0.15619022 0.21159984 0.13738613 0.13137805 0.1319139 0.13518186 0.15660632 0.19764192 0.14726315 0.1564153 0.15360896 0.18990831 0.15065034 0.16741025 0.13732615 0.14995484 0.12389553 0.12812859 0.15916902 0.11214085 0.12251542 0.13947752 0.13474432 0.12813734 0.12582724 0.12027754 0.13343985 0.12749316 0.122722514 0.115545906 0.1309578 0.13338335 0.11640163 0.11075692 0.12724535 0.10631141 0.11349572 0.14092024 0.11317284 0.14610894 0.12761393 0.14546815 0.103431106 0.1127835 0.1257586 0.14694925 0.12384242 0.12534891 0.12514912 0.113690116 0.123482496 0.14221407 0.11125762 0.121726155 0.11951205 0.12453255 0.12456035 0.14159766 0.11007025 0.13736175 0.13704234 0.1324779 0.10832604 0.12633257 0.14568052 0.12353016 0.13421565 0.122704275 0.10893447 0.14907803 0.1297902 0.16261952 0.14343333 0.15261875 0.11348491 0.13723712 0.118353814 0.14754014 0.11961404 0.11774445 0.11768033 0.146759 0.13781168 0.16081932 0.13388458 0.16545793 0.14828937 0.14506458 0.14043315 0.13338003 0.10370152 0.10692917 0.14471446 0.115785874 0.14401667 0.103470735 0.14242977 0.12975144 0.119373694 0.1249849 0.123426266 0.11380687 0.119538054 0.14018637 0.16005307 0.1014061 0.1289893 0.10917736 0.103527226 0.12777215 0.12196758 0.110925786 0.1408974 0.12794814 0.12904976 0.15425846 0.12651533 0.16153833 0.1362881 0.1266633 0.12789589 0.16090715 0.13136543 0.13701473 0.11417645 0.13165891 0.11214823 0.10725987 0.111102365 0.14405711 0.11564307 0.11669359 0.11663087 0.116726756 0.12971252 0.13275687 0.123192325 0.11722834 0.104726955 0.12186986 0.11928421 0.12335752 0.16215082 0.12802121 0.13750102 0.13570404 0.12018326 0.10834513 0.18260378 0.16094774 0.1422065 0.14753658 0.15479296 0.11266312 0.15018879 0.15431039 0.10145488 0.1234424 0.10465988 0.11337497 0.11389146 0.12569122 0.1339089 0.20322877 0.108020954 0.11587244 0.17424728 0.11492013 0.111703895 0.12297035 0.16729623 0.11714084 0.10755905 0.11876588 0.13370213 0.12004067 0.14389142 0.11172567 0.13975808 0.148879 0.11857329 0.11386698 0.12004069 0.1238179 0.12410088 0.16424933 0.12674464 0.11926651 0.12280389 0.13788867 0.107289046 0.1349024 0.18245423 0.14941789 0.16424689 0.12258679 0.121421404 0.14803536 0.14874437 0.14029364 0.14419936 0.097862735 0.1525226 0.14769493 0.12675145 0.12914146 0.13382171 0.1644772 0.12932579 0.12735943 0.140067 0.113876 0.14932126 0.15300637 0.13538371 0.15043837 0.13938248 0.123896085 0.13047224 0.1594241 0.124222204 0.15245546 0.13193172 0.13583659 0.117336616 0.13399129 0.14960286 0.12653582 0.10855894 0.16608115 0.13822043 0.13532744 0.13916336 0.11953662 0.14337526 0.10056042 0.14448337 0.12720315 0.14219002 0.1085983 0.11960254 0.13801977 0.1228172 0.118238516 0.13622603 0.122363 0.1179342 0.11559159 0.117820054 0.12253748 0.12827855 0.156307 0.09982859 0.12818119 0.13317396 0.12794982 0.12053327 0.11736613 0.12218748 0.12990211 0.1100051 0.11197335 0.14640126 0.10874404 0.12804875 0.110099 0.11829409 0.13673475 0.13136742 0.14079799 0.1311546 0.12627248 0.12123424,0.0015613806 0.0012365333 0.0011893831 0.0013072181 0.0012960652 0.001124341 0.0012744986 0.0012304098 0.0011934829 0.0011182224 0.0011559034 0.0010706977 0.0010761194 0.001204512 0.0012735216 0.001046897 0.001594216 0.0009598384 0.0011787461 0.0011029253 0.0011639347 0.0012301264 0.0012959982 0.0010546366 0.0013153183 0.0012379041 0.0012192713 0.0012165341 0.0013729543 0.0012589274 0.0013438552 0.0010636415 0.0011199171 0.0012165889 0.0013268584 0.0011271376 0.0012661705 0.0011625376 0.0010943711 0.0012827448 0.0013280027 0.0014254847 0.0011084672 0.0012009817 0.0010146968 0.0012619279 0.001289106 0.0011146943 0.0011671074 0.0010016775 0.0011160594 0.0013566553 0.0009730203 0.0011448121 0.0010415113 0.0013983301 0.0015458268 0.0012870023 0.0013599882 0.001106592 0.0013458815 0.0014118169 0.0014160917 0.0012728662 0.0013392853 0.0012412927 0.001131185 0.0013453685 0.0013067443 0.001032278 0.0011611102 0.001300866 0.0011301705 0.0010430828 0.0011811669 0.0013055312 0.0011181929 0.0014317392 0.001646862 0.0012014748 0.0013098748 0.001362553 0.0014199816 0.0013157749 0.0010870766 0.0011373288 0.0013883181 0.0014489632 0.0013089492 0.001214365 0.00080752367 0.0010295779 0.00107647 0.0010942984 0.0011660743 0.0010884624 0.0011243381 0.0015145728 0.0013118839 0.0013518648 0.0011381244 0.0011172093 0.0012456175 0.0013512346 0.0012659989 0.0009257372 0.0014166303 0.0011303478 0.0009507831 0.0011950176 0.0013011511 0.001105464 0.0015273403 0.0013534232 0.0013533443 0.0010192442 0.0011526477 0.0013205435 0.0012110658 0.0014191887 0.0013299859 0.001496434 0.0011035935 0.0011936364 0.0012481058 0.0014001883 0.0010277315 0.0014173473 0.0015323085 0.0015912966 0.0010268849 0.0011662756 0.0011768156 0.001226025 0.0012296053 0.0011531374 0.0010787488 0.0012808496 0.0012943405 0.0014962447 0.0013857216 0.0012108975 0.0013668864 0.0011889016 0.0013181925 0.0017090788 0.0010292385 0.0012710099 0.0011344574 0.0014218633 0.001326083 0.0012840597 0.0013166852 0.0011407752 0.001157626 0.0012974726 0.0012818157 0.0011440493 0.0010949644 0.0013360976 0.0012573899 0.0011144476 0.0016770876 0.0011579224 0.0015903597 0.0011500482 0.001341417 0.0014355563 0.0011137708 0.001365873 0.0015158434 0.0011236101 0.0011543417 0.0010611736 0.0013557306 0.0015274009 0.001127068 0.0015196635 0.0012370024 0.0010365933 0.0014033231 0.0014788106 0.0015570999 0.0011492679 0.0015941774 0.001257033 0.0011597829 0.0010909205 0.0016472862 0.001287577 0.0012402412 0.0009982933 0.001963315 0.001419581 0.0013997465 0.001485064 0.0011860448 0.0012366757 0.0013802532 0.0012009997 0.0014210561 0.0011571795 0.0012368258 0.0011234648 0.0014612408 0.0012916088 0.0009901866 0.0012449458 0.0012847228 0.0016172385 0.001449565 0.0013308739 0.0014380164 0.0013398146 0.0019626874 0.0012407403 0.0014480284 0.001049505 0.0014781305 0.0013102471 0.0012475818 0.0012133749 0.0011239754 0.0011707193 0.0014094794 0.0011059041 0.0012436247 0.0011105738 0.001205615 0.0014292287 0.0016050504 0.0012004292 0.0011985986 0.0012379969 0.0013571501 0.001181853 0.0013706548 0.0015107524 0.0012509191 0.0012298442 0.0016661405 0.0010817805 0.0010344728 0.0010386921 0.001064424 0.0012331206 0.0015562356 0.0011595524 0.0012316165 0.0012095193 0.0014953411 0.0011862231 0.001318191 0.0010813082 0.0011807468 0.0009755554 0.0010088865 0.0012532993 0.0008829988 0.0009646883 0.0010982482 0.0010609789 0.0010089554 0.0009907656 0.0009470672 0.0010507075 0.0010038831 0.000966319 0.0009098103 0.0010311637 0.0010502626 0.00091654825 0.00087210175 0.001001932 0.0008370977 0.0008936671 0.0011096082 0.0008911247 0.001150464 0.0010048341 0.0011454185 0.00081441813 0.00088805903 0.0009902252 0.0011570806 0.00097513717 0.0009869993 0.0009854261 0.00089519774 0.0009723031 0.0011197958 0.0008760443 0.00095847365 0.00094103976 0.0009805713 0.0009807901 0.0011149422 0.0008666949 0.0010815886 0.0010790735 0.001043133 0.0008529609 0.0009947446 0.0011470907 0.0009726784 0.0010568162 0.0009661754 0.0008577517 0.0011738427 0.0010219701 0.0012804687 0.0011293964 0.0012017224 0.000893582 0.0010806072 0.0009319198 0.0011617334 0.00094184285 0.00092712167 0.0009266168 0.0011555827 0.0010851313 0.0012662939 0.0010542093 0.0013028184 0.0011676329 0.0011422407 0.0011057728 0.0010502364 0.00081654737 0.00084196194 0.0011394839 0.0009116998 0.0011339895 0.0008147302 0.0011214942 0.0010216649 0.00093995035 0.0009841331 0.00097186037 0.0008961171 0.00094124454 0.0011038297 0.0012602605 0.0007984732 0.0010156637 0.00085966423 0.000815175 0.00100608 0.0009603746 0.0008734314 0.0011094282 0.0010074656 0.0010161399 0.0012146336 0.0009961837 0.0012719553 0.0010731347 0.0009973488 0.0010070542 0.0012669854 0.0010343735 0.0010788562 0.00089902716 0.0010366844 0.00088305696 0.0008445659 0.0008748218 0.0011343079 0.0009105753 0.0009188472 0.00091835327 0.00091910834 0.0010213584 0.0010453297 0.0009700183 0.0009230578 0.0008246217 0.0009596052 0.00093924574 0.00097131904 0.001276778 0.001008041 0.0010826852 0.0010685357 0.0009463249 0.00085311127 0.001437825 0.001267305 0.0011197362 0.0011617054 0.0012188422 0.0008871112 0.0011825889 0.0012150424 0.0007988573 0.0009719874 0.0008240935 0.0008927163 0.00089678314 0.0009896946 0.0010544008 0.0016002265 0.0008505587 0.00091238145 0.0013720258 0.0009048829 0.0008795582 0.00096827047 0.0013172932 0.0009223688 0.00084692164 0.00093516445 0.0010527726 0.00094520213 0.0011330034 0.0008797297 0.0011004573 0.0011722756 0.00093364797 0.00089659035 0.0009452023 0.0009749441 0.0009771723 0.0012933018 0.0009979893 0.0009391064 0.00096695975 0.0010857376 0.00084479566 0.0010622237 0.0014366475 0.0011765189 0.0012932826 0.0009652503 0.00095607404 0.0011656327 0.0011712156 0.0011046743 0.001135428 0.00077057275 0.0012009653 0.0011629522 0.000998043 0.0010168619 0.0010537143 0.001295096 0.0010183133 0.0010028302 0.0011028898 0.0008966614 0.001175758 0.0012047746 0.0010660135 0.0011845541 0.0010974999 0.0009755597 0.0010273405 0.0012553078 0.0009781276 0.0012004367 0.0010388325 0.0010695794 0.00092391035 0.0010550495 0.0011779753 0.0009963451 0.0008547948 0.0013077256 0.0010883498 0.0010655704 0.0010957745 0.00094123324 0.0011289391 0.00079181435 0.0011376643 0.0010015996 0.0011196065 0.0008551047 0.0009417523 0.0010867699 0.0009670646 0.0009310119 0.0010726459 0.0009634882 0.00092861574 0.00091017 0.00092771696 0.00096486206 0.0010100673 0.0012307637 0.0007860519 0.0010093007 0.0010486138 0.0010074789 0.00094908086 0.0009241427 0.00096210616 0.0010228512 0.0008661819 0.00088167994 0.0011527658 0.00085625227 0.0010082579 0.00086692127 0.0009314495 0.0010766516 0.0010343891 0.0011086456 0.0010327133 0.0009942715 0.0009546003,
279,512,,,0.004277269 0.004277269 0.004277269 0.004277269 0.004277269 0.004277269 0.004277269 0.004277269 0.004277269 0.004277269 0.004277269 0.004277269 0.004277269 0.004277269 0.004277269 0.004277269 0.004277269 0.004277269 0.004277269 0.004277269 0.004277269 0.004277269 0.004277269 0.004277269 0.004277269 0.004277269 0.004277269 0.004277269 0.004277269 0.004277269 0.004277269 0.004277269 0.004277269 0.004277269 0.004277269 0.004277269 0.004277269 0.004277269 0.004277269 0.004277269 0.004277269 0.004277269 0.004277269 0.004277269 0.004277269 0.004277269 0.004277269 0.004277269 0.004277269 0.004277269 0.004277269 0.004277269 0.004277269 0.004277269 0.004277269 0.004277269 0.004277269 0.004277269 0.004277269 0.004277269 0.004277269 0.004277269 0.004277269 0.004277269 0.004277269 0.004277269 0.004277269 0.004277269 0.004277269 0.004277269 0.004277269 0.004277269 0.004277269 0.004277269 0.004277269 0.004277269 0.004277269 0.004277269 0.004277269 0.004277269 0.004277269 0.004277269 0.004277269 0.004277269 0.004277269 0.004277269 0.004277269 0.004277269 0.004277269 0.004277269 0.004277269 0.004277269 0.004277269 0.004277269 0.004277269 0.004277269 0.004277269 0.004277269 0.004277269 0.004277269 0.004277269 0.004277269 0.004277269 0.004277269 0.004277269 0.004277269 0.004277269 0.004277269 0.004277269 0.004277269 0.004277269 0.004277269 0.004277269 0.004277269 0.004277269 0.004277269 0.004277269 0.004277269 0.004277269 0.004277269 0.004277269 0.004277269 0.004277269 0.004277269 0.004277269 0.004277269 0.004277269 0.004277269 0.004277269 0.004277269 0.004277269 0.004277269 0.004277269 0.004277269 0.004277269 0.004277269 0.004277269 0.004277269 0.004277269 0.004277269 0.004277269 0.004277269 0.004277269 0.004277269 0.004277269 0.004277269 0.004277269 0.004277269 0.004277269 0.004277269 0.004277269 0.004277269 0.004277269 0.004277269 0.004277269 0.004277269 0.004277269 0.004277269 0.004277269 0.004277269 0.004277269 0.004277269 0.004277269 0.004277269 0.004277269 0.004277269 0.004277269 0.004277269 0.004277269 0.004277269 0.004277269 0.004277269 0.004277269 0.004277269 0.004277269 0.004277269 0.004277269 0.004277269 0.004277269 0.004277269 0.004277269 0.004277269 0.004277269 0.004277269 0.004277269 0.004277269 0.004277269 0.004277269 0.004277269 0.004277269 0.004277269 0.004277269 0.004277269 0.004277269 0.004277269 0.004277269 0.004277269 0.004277269 0.004277269 0.004277269 0.004277269 0.004277269 0.004277269 0.004277269 0.004277269 0.004277269 0.004277269 0.004277269 0.004277269 0.004277269 0.004277269 0.004277269 0.004277269 0.004277269 0.004277269 0.004277269 0.004277269 0.004277269 0.004277269 0.004277269 0.004277269 0.004277269 0.004277269 0.004277269 0.004277269 0.004277269 0.004277269 0.004277269 0.004277269 0.004277269 0.004277269 0.004277269 0.004277269 0.004277269 0.004277269 0.004277269 0.004277269 0.004277269 0.004277269 0.004277269 0.004277269 0.004277269 0.004277269 0.004277269 0.004277269 0.004277269 0.004277269 0.004277269 0.004277269 0.004277269 0.004277269 0.004277269 0.004277269 0.004277269 0.004277269 0.004277269 0.004277269 0.004277269 0.004277269 0.004277269 0.004277269 0.004277269 0.004277269 0.004277269 0.004277269 0.004277269 0.004277269 0.004277269 0.004277269 0.004277269 0.004277269 0.004277269 0.004277269 0.004277269 0.004277269 0.004277269 0.004277269 0.004277269 0.004277269 0.004277269 0.004277269 0.004277269 0.004277269 0.004277269 0.004277269 0.004277269 0.004277269 0.004277269 0.004277269 0.004277269 0.004277269 0.004277269 0.004277269 0.004277269 0.004277269 0.004277269 0.004277269 0.004277269 0.004277269 0.004277269 0.004277269 0.004277269 0.004277269 0.004277269 0.004277269 0.004277269 0.004277269 0.004277269 0.004277269 0.004277269 0.004277269 0.004277269 0.004277269 0.004277269 0.004277269 0.004277269 0.004277269 0.004277269 0.004277269 0.004277269 0.004277269 0.004277269 0.004277269 0.004277269 0.004277269 0.004277269 0.004277269 0.004277269 0.004277269 0.004277269 0.004277269 0.004277269 0.004277269 0.004277269 0.004277269 0.004277269 0.004277269 0.004277269 0.004277269 0.004277269 0.004277269 0.004277269 0.004277269 0.004277269 0.004277269 0.004277269 0.004277269 0.004277269 0.004277269 0.004277269 0.004277269 0.004277269 0.004277269 0.004277269 0.004277269 0.004277269 0.004277269 0.004277269 0.004277269 0.004277269 0.004277269 0.004277269 0.004277269 0.004277269 0.004277269 0.004277269 0.004277269 0.004277269 0.004277269 0.004277269 0.004277269 0.004277269 0.004277269 0.004277269 0.004277269 0.004277269 0.004277269 0.004277269 0.004277269 0.004277269 0.004277269 0.004277269 0.004277269 0.004277269 0.004277269 0.004277269 0.004277269 0.004277269 0.004277269 0.004277269 0.004277269 0.004277269 0.004277269 0.004277269 0.004277269 0.004277269 0.004277269 0.004277269 0.004277269 0.004277269 0.004277269 0.004277269 0.004277269 0.004277269 0.004277269 0.004277269 0.004277269 0.004277269 0.004277269 0.004277269 0.004277269 0.004277269 0.004277269 0.004277269 0.004277269 0.004277269 0.004277269 0.004277269 0.004277269 0.004277269 0.004277269 0.004277269 0.004277269 0.004277269 0.004277269 0.004277269 0.004277269 0.004277269 0.004277269 0.004277269 0.004277269 0.004277269 0.004277269 0.004277269 0.004277269 0.004277269 0.004277269 0.004277269 0.004277269 0.004277269 0.004277269 0.004277269 0.004277269 0.004277269 0.004277269 0.004277269 0.004277269 0.004277269 0.004277269 0.004277269 0.004277269 0.004277269 0.004277269 0.004277269 0.004277269 0.004277269 0.004277269 0.004277269 0.004277269 0.004277269 0.004277269 0.004277269 0.004277269 0.004277269 0.004277269 0.004277269 0.004277269 0.004277269 0.004277269 0.004277269 0.004277269 0.004277269 0.004277269 0.004277269 0.004277269 0.004277269 0.004277269 0.004277269 0.004277269 0.004277269 0.004277269 0.004277269 0.004277269 0.004277269 0.004277269 0.004277269 0.004277269 0.004277269 0.004277269 0.004277269 0.004277269 0.004277269 0.004277269 0.004277269 0.004277269 0.004277269 0.004277269 0.004277269 0.004277269 0.004277269 0.004277269 0.004277269 0.004277269 0.004277269 0.004277269 0.004277269 0.004277269 0.004277269 0.004277269 0.004277269 0.004277269 0.004277269,15 15 15 15 15 15 15 15 15 15 15 15 15 15 15 15 15 16 15 15 15 15 15 15 15 15 15 15 15 15 15 15 15 15 15 15 15 15 15 15 15 15 15 15 15 15 15 15 15 15 15 15 16 15 15 15 15 15 15 15 15 15 15 15 15 15 15 15 15 15 15 15 15 15 15 15 15 15 15 15 15 15 15 15 15 15 15 15 15 15 16 15 15 15 15 15 15 15 15 15 15 15 15 15 15 16 15 15 16 15 15 15 15 15 15 15 15 15 15 15 15 15 15 15 15 15 15 15 15 15 15 15 15 15 15 15 15 15 15 15 15 15 15 15 15 15 15 15 15 15 15 15 15 15 15 15 15 15 15 15 15 15 15 15 15 15 15 15 15 15 15 15 15 15 15 15 15 15 15 15 15 15 15 15 15 15 15 15 15 15 15 15 14 15 15 15 15 15 15 15 15 15 15 15 15 15 15 15 15 15 15 15 15 15 14 15 15 15 15 15 15 15 15 15 15 15 15 15 15 15 15 15 15 15 15 15 15 15 15 15 15 15 15 15 15 15 15 15 15 15 15 15 15 15 15 15 15 15 16 16 15 15 15 15 16 15 15 16 16 15 15 16 16 15 16 16 15 16 15 15 15 16 16 15 15 15 15 15 16 16 15 16 16 16 15 15 15 16 15 15 15 16 15 15 16 15 16 16 15 15 15 15 15 16 15 16 15 16 16 16 15 15 15 15 15 15 15 15 15 16 16 15 16 15 16 15 15 16 15 16 16 16 15 15 16 15 16 16 15 16 16 15 15 15 15 15 15 15 15 15 15 15 15 16 15 16 16 16 15 16 16 16 16 15 15 16 16 16 16 16 16 15 15 15 15 16 16 15 15 15 15 15 16 15 15 16 16 16 16 16 15 15 15 16 16 15 16 16 16 15 16 16 16 15 16 15 16 15 15 16 16 16 15 15 15 15 16 16 15 16 15 15 15 15 16 16 15 15 15 15 16 15 15 15 15 15 15 15 15 15 16 15 15 15 15 15 15 15 15 15 15 15 15 16 15 15 15 16 15 15 15 15 16 15 16 15 15 15 16 16 15 16 16 15 16 16 16 16 16 15 15 16 15 15 15 16 16 16 15 16 16 15 16 15 16 16 15 15 15 15 15 16
287,1x1x256x512,0.18255827 0.20648775 0.19224456 0.17664169 0.1508825 0.15324014 0.1298787 0.20373708 0.22598548 0.15248492 0.19339791 0.17774796 0.18976605 0.14551497 0.2588886 0.14951226 0.15506074 0.13973127 0.15566576 0.16910614 0.2241931 0.14109132 0.17329471 0.1806382 0.16924478 0.13034824 0.24790657 0.11798348 0.16233818 0.20578201 0.20660347 0.17945796 0.18178447 0.18788607 0.1986335 0.16504811 0.1706938 0.14915437 0.15345506 0.15088084 0.17815003 0.17183171 0.16204171 0.16999726 0.14411367 0.17334165 0.18683134 0.20522487 0.1512236 0.14562961 0.14369267 0.21195439 0.17797191 0.16375977 0.17736444 0.15386406 0.14573862 0.17788921 0.19590689 0.120139584 0.12323058 0.16038972 0.14790449 0.1802179 0.17670952 0.15182833 0.18996096 0.17507242 0.14900076 0.21627855 0.21556981 0.20608611 0.24171099 0.17873189 0.20765294 0.18372937 0.23807923 0.21052994 0.17112176 0.16995655 0.19699758 0.19310941 0.1850863 0.1467066 0.16887167 0.1672488 0.21215405 0.19757178 0.20518747 0.17436129 0.18392923 0.16971591 0.24551508 0.16636468 0.16958694 0.19652246 0.16987073 0.1770273 0.14569451 0.19597608 0.18161735 0.21593404 0.18692994 0.20284897 0.17626682 0.1839051 0.20045146 0.12561303 0.21147802 0.22739129 0.17619984 0.17645356 0.1702503 0.28570113 0.14838633 0.16729674 0.20656356 0.16951145 0.18526246 0.25780246 0.1942702 0.13247368 0.2542333 0.13950108 0.16911425 0.1639525 0.15392587 0.250279 0.17282729 0.23435156 0.19387197 0.14975773 0.16573244 0.18506478 0.120322056 0.15549536 0.17979136 0.20257436 0.11859528 0.16840692 0.17415819 0.1629548 0.13991639 0.1418771 0.14927284 0.14588585 0.15949053 0.13400277 0.134177 0.17298058 0.1669751 0.15658951 0.16842948 0.18656687 0.18311147 0.1801524 0.16930912 0.12997258 0.20392196 0.15275957 0.20209654 0.1576248 0.20931867 0.2076735 0.18430452 0.1667896 0.2030145 0.2041474 0.17145991 0.18868856 0.18156406 0.16125678 0.1899452 0.19209076 0.14540796 0.20985366 0.20303448 0.22199325 0.1842337 0.18214394 0.1729504 0.15022115 0.172569 0.16634649 0.20208186 0.18550786 0.1734823 0.2096658 0.20092495 0.170136 0.22581497 0.16788015 0.20842311 0.22779118 0.14485654 0.16124667 0.19449972 0.19870523 0.21351728 0.24502824 0.2522048 0.21083291 0.15894033 0.20784056 0.2123684 0.14737213 0.19063464 0.1916002 0.19020425 0.2713952 0.20160191 0.17769136 0.17605856 0.18403973 0.25417727 0.18410867 0.1370703 0.15993877 0.21546476 0.17084846 0.17052904 0.19865258 0.14325774 0.25122428 0.18654267 0.20924804 0.20580974 0.21912478 0.13702203 0.16277272 0.13630119 0.2009364 0.18262847 0.17875107 0.23774768 0.19412604 0.1517833 0.2138499 0.15887742 0.1949637 0.11662271 0.17999953 0.21070957 0.1758247 0.19578923 0.19043031 0.19369477 0.19688202 0.18094285 0.23320007 0.1853305 0.19991776 0.21351671 0.18187788 0.16476071 0.24017753 0.17417319 0.18267733 0.21722522 0.17149426 0.18934889 0.1423449 0.18389803 0.16980499 0.18670943 0.15910883 0.17130384 0.15109314 0.17818895 0.13359135 0.15781626 0.16078942 0.15302859 0.14257342 0.16503118 0.14353435 0.15272854 0.12514563 0.17247204 0.14657399 0.12146198 0.173856 0.16351086 0.20168047 0.16590191 0.16353458 0.16940553 0.1405029 0.1512614 0.2022798 0.1797391 0.14862265 0.18942533 0.2378364 0.20420228 0.17793484 0.2448204 0.17068067 0.21435066 0.18913339 0.17758222 0.1884388 0.174897 0.20268351 0.20114236 0.25909454 0.21044728 0.17852563 0.20849484 0.23487993 0.20386478 0.16628273 0.17706306 0.19544868 0.2189268 0.16743131 0.20652474 0.17548403 0.20025295 0.18844943 0.15909134 0.20800757 0.15006764 0.21023008 0.14261928 0.1613216 0.184804 0.20694378 0.18695444 0.18502857 0.1466312 0.19752786 0.19191092 0.20620932 0.21864888 0.19194095 0.23830685 0.17146127 0.158292 0.21689539 0.2270035 0.19037645 0.20790054 0.21100472 0.16823547 0.15543415 0.23682243 0.1813813 0.21389279 0.20414384 0.16464594 0.1838104 0.22620146 0.18488246 0.24200742 0.21716921 0.21194045 0.23785958 0.17784464 0.21327905 0.1907852 0.18444452 0.14552808 0.2511233 0.26444995 0.22631903 0.22193791 0.17832616 0.18508272 0.23319279 0.2251374 0.19491002 0.23645152 0.17832467 0.17448878 0.17001815 0.25141472 0.25894892 0.14333254 0.20343654 0.19688928 0.17483689 0.192447 0.19372988 0.18172005 0.18981199 0.21515623 0.17368229 0.17483117 0.23166154 0.18726511 0.11625192 0.23315896 0.17444016 0.24857023 0.21410704 0.1533767 0.2636976 0.24785501 0.1806871 0.15980154 0.16974542 0.13427477 0.18353958 0.18440318 0.19559035 0.19362158 0.2072327 0.15807173 0.15009248 0.22059952 0.14551489 0.21025905 0.15824617 0.15785319 0.12003697 0.216613 0.169085 0.16943607 0.1485732 0.21392949 0.14690822 0.20324528 0.14690258 0.24636447 0.16544347 0.15961602 0.17967382 0.19485661 0.18909258 0.2156619 0.1635228 0.21951774 0.18782471 0.136199 0.15340899 0.17888848 0.16989836 0.20546636 0.23193438 0.18420565 0.21775925 0.2160577 0.20749962 0.22045498 0.2217512 0.1712888 0.12479929 0.17678535 0.13037132 0.24034342 0.15109827 0.2543467 0.24825512 0.19740263 0.165477 0.19110624 0.14711104 0.18847157 0.25052238 0.20513886 0.20741846 0.13685665 0.1605392 0.15355249 0.21810973 0.1849647 0.1479005 0.16335317 0.14577454 0.22029412 0.18085629 0.21058239 0.21694325 0.19743025 0.2060452 0.16803406 0.20495613 0.13988207 0.17436934 0.26982003 0.1944314 0.1544479 0.18807416 0.22915784 0.21371043 0.18148611 0.23903848 0.12946379 0.14843093 0.23031183 0.19095248 0.20151882 0.16401619 0.15763888 0.20110399 0.20300835 0.17305869 0.19806395 0.19144799 0.1277812 0.24122018 0.15442367 0.19677156 0.22389248 0.19313827 0.18813296 0.219679 0.23351353 0.23711926 0.19899873 0.25764313,0.18253599 0.20646255 0.19222109 0.17662014 0.1508641 0.15322144 0.12986286 0.20371222 0.2259579 0.15246631 0.1933743 0.17772627 0.1897429 0.1454972 0.258857 0.14949402 0.15504181 0.13971421 0.15564676 0.1690855 0.22416574 0.1410741 0.17327355 0.18061614 0.16922413 0.13033234 0.2478763 0.11796909 0.16231838 0.20575689 0.20657825 0.17943606 0.18176228 0.18786314 0.19860926 0.16502798 0.17067297 0.14913617 0.15343633 0.15086244 0.17812829 0.17181073 0.16202193 0.1699765 0.14409608 0.1733205 0.18680854 0.20519982 0.15120515 0.14561185 0.14367513 0.21192852 0.1779502 0.16373979 0.1773428 0.15384528 0.14572084 0.1778675 0.19588298 0.12012492 0.12321554 0.16037016 0.14788643 0.18019591 0.17668794 0.1518098 0.18993777 0.17505105 0.14898257 0.21625215 0.21554351 0.20606096 0.2416815 0.17871007 0.20762761 0.18370695 0.23805018 0.21050425 0.17110087 0.16993581 0.19697353 0.19308585 0.1850637 0.1466887 0.16885106 0.16722839 0.21212816 0.19754767 0.20516242 0.17434001 0.18390678 0.1696952 0.24548511 0.16634439 0.16956624 0.19649848 0.16985 0.1770057 0.14567673 0.19595216 0.18159518 0.21590768 0.18690713 0.2028242 0.17624532 0.18388265 0.20042701 0.1255977 0.21145222 0.22736353 0.17617834 0.17643203 0.17022951 0.28566626 0.14836821 0.16727632 0.20653835 0.16949075 0.18523984 0.25777102 0.19424649 0.13245751 0.25420228 0.13948406 0.16909361 0.16393249 0.15390709 0.25024846 0.17280619 0.23432295 0.19384831 0.14973946 0.16571221 0.1850422 0.12030737 0.15547639 0.17976941 0.20254964 0.11858081 0.16838636 0.17413692 0.16293493 0.13989931 0.14185978 0.14925463 0.14586805 0.15947106 0.13398641 0.13416062 0.17295948 0.16695473 0.15657039 0.16840892 0.1865441 0.18308914 0.1801304 0.16928847 0.1299567 0.20389707 0.15274093 0.20207188 0.15760556 0.20929311 0.20764816 0.18428202 0.16676925 0.20298973 0.20412248 0.17143898 0.18866552 0.1815419 0.1612371 0.18992203 0.19206733 0.14539021 0.20982806 0.2030097 0.22196616 0.18421121 0.18212171 0.17292929 0.15020281 0.17254794 0.16632618 0.2020572 0.18548521 0.17346112 0.20964022 0.20090044 0.17011523 0.2257874 0.16785966 0.20839767 0.22776338 0.14483885 0.161227 0.19447598 0.19868097 0.21349123 0.24499834 0.25217402 0.21080719 0.15892094 0.2078152 0.21234247 0.14735414 0.19061136 0.19157682 0.19018103 0.27136207 0.2015773 0.17766966 0.17603707 0.18401726 0.25414625 0.1840862 0.13705358 0.15991925 0.21543847 0.17082761 0.17050824 0.19862834 0.14324024 0.2511936 0.1865199 0.20922251 0.20578463 0.21909805 0.13700531 0.16275285 0.13628455 0.2009119 0.18260619 0.17872925 0.23771867 0.19410235 0.15176478 0.2138238 0.15885803 0.1949399 0.11660847 0.17997757 0.21068387 0.17580324 0.19576535 0.19040708 0.19367112 0.19685799 0.18092076 0.23317161 0.18530788 0.19989336 0.21349066 0.1818557 0.16474059 0.24014822 0.17415193 0.18265504 0.21719871 0.17147334 0.18932578 0.14232753 0.18387559 0.16978428 0.18668665 0.15908942 0.17128293 0.1510747 0.1781672 0.13357505 0.15779701 0.16076979 0.1530099 0.14255603 0.16501105 0.14351684 0.1527099 0.12513036 0.172451 0.1465561 0.12144716 0.17383479 0.1634909 0.20165585 0.16588168 0.16351461 0.16938485 0.14048576 0.15124294 0.20225513 0.17971717 0.14860451 0.18940221 0.23780738 0.20417735 0.17791311 0.24479052 0.17065984 0.2143245 0.18911031 0.17756054 0.1884158 0.17487565 0.20265877 0.2011178 0.25906292 0.2104216 0.17850384 0.2084694 0.23485127 0.20383991 0.16626243 0.17704146 0.19542484 0.21890008 0.16741087 0.20649953 0.17546262 0.20022851 0.18842642 0.15907192 0.2079822 0.15004933 0.21020442 0.14260188 0.16130191 0.18478146 0.20691852 0.18693163 0.18500598 0.1466133 0.19750375 0.1918875 0.20618415 0.21862221 0.19191752 0.23827778 0.17144033 0.15827267 0.2168689 0.2269758 0.19035321 0.20787518 0.21097897 0.16821493 0.15541518 0.23679353 0.18135917 0.21386668 0.20411892 0.16462584 0.18378796 0.22617386 0.1848599 0.24197789 0.21714272 0.21191458 0.23783055 0.17782295 0.21325302 0.19076192 0.18442202 0.14551032 0.25109264 0.26441768 0.22629142 0.22191083 0.17830439 0.18506013 0.23316433 0.22510992 0.19488622 0.23642267 0.1783029 0.17446749 0.1699974 0.25138405 0.2589173 0.14331505 0.20341171 0.19686526 0.17481555 0.19242352 0.19370624 0.18169786 0.18978883 0.21512997 0.17366108 0.17480983 0.23163326 0.18724227 0.11623774 0.23313051 0.17441888 0.2485399 0.21408091 0.15335798 0.2636654 0.24782476 0.18066505 0.15978204 0.1697247 0.13425839 0.18351719 0.18438067 0.19556648 0.19359794 0.20720741 0.15805244 0.15007415 0.2205726 0.14549713 0.21023339 0.15822686 0.15783392 0.12002232 0.21658656 0.16906436 0.1694154 0.14855507 0.21390338 0.1468903 0.20322049 0.14688465 0.24633442 0.16542327 0.15959653 0.1796519 0.19483283 0.18906951 0.21563557 0.16350283 0.21949095 0.18780178 0.13618237 0.15339026 0.17886665 0.16987762 0.20544128 0.23190609 0.18418318 0.21773267 0.21603134 0.20747429 0.22042808 0.22172414 0.1712679 0.12478406 0.17676377 0.13035542 0.24031408 0.15107982 0.25431567 0.24822482 0.19737855 0.16545679 0.19108292 0.14709309 0.18844858 0.2504918 0.20511383 0.20739314 0.13683994 0.1605196 0.15353376 0.2180831 0.18494213 0.14788245 0.16333324 0.14575675 0.22026724 0.18083422 0.2105567 0.21691677 0.19740616 0.20602006 0.16801356 0.20493113 0.13986501 0.17434806 0.2697871 0.19440766 0.15442905 0.1880512 0.22912987 0.21368434 0.18146396 0.23900932 0.12944798 0.14841282 0.2302837 0.19092917 0.20149422 0.16399616 0.15761964 0.20107944 0.20298359 0.17303756 0.19803979 0.19142462 0.12776561 0.24119075 0.15440483 0.19674756 0.22386517 0.1931147 0.18811 0.21965219 0.23348503 0.23709032 0.19897445 0.2576117,0.0014372913 0.0016256893 0.0015135519 0.0013907098 0.0011879063 0.0012064681 0.0010225422 0.0016040333 0.0017791961 0.0012005222 0.0015226323 0.0013994194 0.0014940385 0.0011456473 0.0020382442 0.0011771183 0.0012208017 0.0011001119 0.001225565 0.001331382 0.0017650846 0.0011108198 0.0013643587 0.0014221744 0.0013324735 0.0010262389 0.0019517819 0.0009288905 0.0012780975 0.0016201329 0.0016266004 0.0014128824 0.001431199 0.0014792373 0.0015638524 0.0012994328 0.0013438816 0.0011743006 0.0012081601 0.0011878932 0.001402585 0.0013528405 0.0012757633 0.0013383976 0.0011346148 0.0013647283 0.0014709334 0.0016157466 0.0011905917 0.00114655 0.0011313002 0.0016687284 0.0014011827 0.0012892897 0.0013964 0.0012113801 0.0011474082 0.0014005315 0.0015423857 0.0009458655 0.0009702011 0.0012627571 0.0011644601 0.0014188654 0.0013912437 0.0011953528 0.001495573 0.0013783547 0.0011730911 0.0017027728 0.001697193 0.0016225273 0.0019030039 0.0014071659 0.0016348631 0.0014465115 0.0018744109 0.0016575138 0.0013472509 0.0013380772 0.0015509727 0.001520361 0.0014571946 0.0011550292 0.001329536 0.0013167589 0.0016703005 0.0015554935 0.0016154521 0.001372756 0.0014480848 0.0013361827 0.0019329536 0.0013097983 0.0013351673 0.0015472322 0.0013374017 0.0013937457 0.0011470609 0.0015429304 0.0014298833 0.0017000604 0.0014717097 0.001597041 0.0013877584 0.001447895 0.0015781655 0.0009889583 0.0016649781 0.001790264 0.0013872309 0.0013892286 0.0013403898 0.0022493405 0.0011682536 0.0013171365 0.0016262862 0.0013345729 0.0014585814 0.002029693 0.0015294999 0.0010429726 0.0020015927 0.0010982997 0.0013314458 0.001290807 0.0012118669 0.0019704604 0.0013606787 0.0018450626 0.0015263647 0.0011790509 0.0013048205 0.0014570252 0.00094730215 0.0012242235 0.0014155072 0.0015948791 0.00093370717 0.0013258768 0.0013711569 0.0012829521 0.0011015694 0.0011170062 0.0011752334 0.0011485673 0.0012556777 0.0010550112 0.0010563829 0.0013618857 0.0013146042 0.0012328377 0.0013260545 0.0014688512 0.0014416467 0.0014183497 0.0013329801 0.0010232811 0.0016054888 0.0012026845 0.0015911171 0.0012409886 0.0016479773 0.0016350249 0.0014510396 0.0013131438 0.0015983443 0.0016072637 0.0013499132 0.0014855553 0.0014294639 0.0012695835 0.0014954491 0.0015123411 0.0011448049 0.0016521895 0.0015985016 0.0017477651 0.0014504819 0.0014340292 0.001361648 0.0011826993 0.0013586452 0.0013096549 0.0015910015 0.0014605134 0.0013658357 0.0016507104 0.0015818932 0.0013394901 0.0017778536 0.0013217296 0.0016409266 0.0017934125 0.0011404634 0.001269504 0.0015313069 0.001564417 0.0016810333 0.0019291207 0.001985622 0.0016598991 0.001251346 0.0016363402 0.0016719879 0.0011602688 0.0015008769 0.0015084789 0.0014974885 0.0021367092 0.0015872229 0.0013989737 0.0013861187 0.0014489548 0.0020011517 0.0014494976 0.001079162 0.0012592067 0.0016963659 0.0013450993 0.0013425845 0.0015640026 0.0011278759 0.0019779024 0.0014686607 0.0016474214 0.0016203515 0.0017251815 0.001078782 0.0012815185 0.0010731067 0.0015819834 0.001437844 0.0014073169 0.0018718005 0.001528365 0.0011949983 0.0016836519 0.0012508506 0.0015349598 0.00091817696 0.0014171462 0.0016589281 0.0013842775 0.0015414595 0.0014992683 0.0015249695 0.0015500629 0.0014245729 0.001835997 0.0014591172 0.0015739634 0.0016810289 0.0014319347 0.0012971701 0.0018909308 0.001371275 0.0014382286 0.0017102261 0.0013501837 0.0014907542 0.0011206892 0.0014478393 0.0013368841 0.0014699736 0.0012526725 0.0013486845 0.0011895645 0.0014028912 0.001051772 0.0012424962 0.0012659038 0.0012048024 0.0011224884 0.0012992996 0.0011300539 0.0012024401 0.0009852784 0.0013578819 0.001153985 0.00095627684 0.0013687778 0.00128733 0.0015878413 0.001306155 0.0012875167 0.001333739 0.0011061871 0.0011908893 0.0015925601 0.0014150958 0.0011701143 0.001491356 0.001872499 0.0016076957 0.0014008906 0.0019274844 0.0013437782 0.0016875946 0.0014890576 0.0013981145 0.001483589 0.0013769736 0.0015957383 0.0015836047 0.0020398656 0.001656863 0.001405542 0.0016414914 0.0018492226 0.0016050386 0.001309153 0.0013940273 0.0015387783 0.0017236227 0.0013181958 0.0016259806 0.0013815954 0.0015766025 0.0014836726 0.0012525348 0.0016376551 0.0011814908 0.0016551529 0.0011228494 0.0012700938 0.0014549722 0.0016292797 0.0014719026 0.00145674 0.0011544354 0.0015551476 0.0015109251 0.0016234972 0.0017214348 0.0015111616 0.001876203 0.0013499239 0.0012462415 0.0017076292 0.001787211 0.0014988442 0.0016368125 0.0016612518 0.0013245271 0.0012237416 0.0018645161 0.001428025 0.0016839897 0.0016072356 0.0012962664 0.0014471493 0.0017808966 0.0014555898 0.0019053377 0.0017097852 0.0016686188 0.0018726815 0.0014001807 0.0016791576 0.0015020624 0.0014521419 0.0011457505 0.0019771075 0.002082029 0.0017818222 0.0017473294 0.0014039716 0.0014571664 0.0018359396 0.0017725191 0.0015345372 0.0018615959 0.0014039598 0.0013737597 0.0013385621 0.001979402 0.002038719 0.0011284649 0.001601667 0.0015501202 0.0013765004 0.0015151459 0.0015252461 0.0014306918 0.0014944003 0.0016939368 0.0013674101 0.0013764553 0.001823884 0.0014743486 0.0009152578 0.0018356733 0.001373377 0.001957007 0.0016856765 0.0012075432 0.0020761057 0.0019513761 0.0014225594 0.0012581262 0.001336415 0.0010571526 0.0014450172 0.0014518163 0.0015398936 0.0015243932 0.0016315544 0.0012445074 0.0011816863 0.0017367922 0.0011456467 0.001655381 0.0012458808 0.0012427868 0.0009450576 0.001705406 0.0013312154 0.0013339795 0.001169725 0.0016842786 0.0011566165 0.0016001613 0.001156572 0.0019396411 0.0013025454 0.0012566656 0.0014145819 0.0015341168 0.0014887362 0.0016979178 0.0012874239 0.0017282752 0.0014787542 0.0010723021 0.0012077973 0.0014083988 0.001337619 0.0016176479 0.0018260322 0.0014502612 0.0017144304 0.0017010341 0.0016336559 0.0017356542 0.0017458594 0.0013485661 0.0009825516 0.0013918407 0.0010264206 0.0018922369 0.0011896049 0.0020024856 0.0019545262 0.0015541618 0.0013028093 0.0015045899 0.0011582132 0.001483847 0.0019723764 0.0016150695 0.0016330169 0.0010774798 0.0012639338 0.0012089272 0.0017171898 0.0014562372 0.0011644287 0.0012860885 0.0011476909 0.0017343877 0.0014238915 0.0016579268 0.001708006 0.0015543792 0.0016222051 0.0013229414 0.0016136309 0.0011012993 0.0013728193 0.002124308 0.0015307689 0.0012159768 0.001480718 0.0018041722 0.0016825538 0.0014288501 0.0018819631 0.0010192754 0.0011686049 0.0018132576 0.0015033793 0.0015865687 0.0012913083 0.0012410996 0.0015833027 0.001598296 0.0013625005 0.0015593683 0.0015072805 0.0010060284 0.0018991397 0.0012157861 0.0015491934 0.0017627178 0.0015205882 0.001481181 0.0017295448 0.0018384648 0.0018668529 0.0015667279 0.0020284385,
288,512,,,0.0049615246 0.0049615246 0.0049615246 0.0049615246 0.0049615246 0.0049615246 0.0049615246 0.0049615246 0.0049615246 0.0049615246 0.0049615246 0.0049615246 0.0049615246 0.0049615246 0.0049615246 0.0049615246 0.0049615246 0.0049615246 0.0049615246 0.0049615246 0.0049615246 0.0049615246 0.0049615246 0.0049615246 0.0049615246 0.0049615246 0.0049615246 0.0049615246 0.0049615246 0.0049615246 0.0049615246 0.0049615246 0.0049615246 0.0049615246 0.0049615246 0.0049615246 0.0049615246 0.0049615246 0.0049615246 0.0049615246 0.0049615246 0.0049615246 0.0049615246 0.0049615246 0.0049615246 0.0049615246 0.0049615246 0.0049615246 0.0049615246 0.0049615246 0.0049615246 0.0049615246 0.0049615246 0.0049615246 0.0049615246 0.0049615246 0.0049615246 0.0049615246 0.0049615246 0.0049615246 0.0049615246 0.0049615246 0.0049615246 0.0049615246 0.0049615246 0.0049615246 0.0049615246 0.0049615246 0.0049615246 0.0049615246 0.0049615246 0.0049615246 0.0049615246 0.0049615246 0.0049615246 0.0049615246 0.0049615246 0.0049615246 0.0049615246 0.0049615246 0.0049615246 0.0049615246 0.0049615246 0.0049615246 0.0049615246 0.0049615246 0.0049615246 0.0049615246 0.0049615246 0.0049615246 0.0049615246 0.0049615246 0.0049615246 0.0049615246 0.0049615246 0.0049615246 0.0049615246 0.0049615246 0.0049615246 0.0049615246 0.0049615246 0.0049615246 0.0049615246 0.0049615246 0.0049615246 0.0049615246 0.0049615246 0.0049615246 0.0049615246 0.0049615246 0.0049615246 0.0049615246 0.0049615246 0.0049615246 0.0049615246 0.0049615246 0.0049615246 0.0049615246 0.0049615246 0.0049615246 0.0049615246 0.0049615246 0.0049615246 0.0049615246 0.0049615246 0.0049615246 0.0049615246 0.0049615246 0.0049615246 0.0049615246 0.0049615246 0.0049615246 0.0049615246 0.0049615246 0.0049615246 0.0049615246 0.0049615246 0.0049615246 0.0049615246 0.0049615246 0.0049615246 0.0049615246 0.0049615246 0.0049615246 0.0049615246 0.0049615246 0.0049615246 0.0049615246 0.0049615246 0.0049615246 0.0049615246 0.0049615246 0.0049615246 0.0049615246 0.0049615246 0.0049615246 0.0049615246 0.0049615246 0.0049615246 0.0049615246 0.0049615246 0.0049615246 0.0049615246 0.0049615246 0.0049615246 0.0049615246 0.0049615246 0.0049615246 0.0049615246 0.0049615246 0.0049615246 0.0049615246 0.0049615246 0.0049615246 0.0049615246 0.0049615246 0.0049615246 0.0049615246 0.0049615246 0.0049615246 0.0049615246 0.0049615246 0.0049615246 0.0049615246 0.0049615246 0.0049615246 0.0049615246 0.0049615246 0.0049615246 0.0049615246 0.0049615246 0.0049615246 0.0049615246 0.0049615246 0.0049615246 0.0049615246 0.0049615246 0.0049615246 0.0049615246 0.0049615246 0.0049615246 0.0049615246 0.0049615246 0.0049615246 0.0049615246 0.0049615246 0.0049615246 0.0049615246 0.0049615246 0.0049615246 0.0049615246 0.0049615246 0.0049615246 0.0049615246 0.0049615246 0.0049615246 0.0049615246 0.0049615246 0.0049615246 0.0049615246 0.0049615246 0.0049615246 0.0049615246 0.0049615246 0.0049615246 0.0049615246 0.0049615246 0.0049615246 0.0049615246 0.0049615246 0.0049615246 0.0049615246 0.0049615246 0.0049615246 0.0049615246 0.0049615246 0.0049615246 0.0049615246 0.0049615246 0.0049615246 0.0049615246 0.0049615246 0.0049615246 0.0049615246 0.0049615246 0.0049615246 0.0049615246 0.0049615246 0.0049615246 0.0049615246 0.0049615246 0.0049615246 0.0049615246 0.0049615246 0.0049615246 0.0049615246 0.0049615246 0.0049615246 0.0049615246 0.0049615246 0.0049615246 0.0049615246 0.0049615246 0.0049615246 0.0049615246 0.0049615246 0.0049615246 0.0049615246 0.0049615246 0.0049615246 0.0049615246 0.0049615246 0.0049615246 0.0049615246 0.0049615246 0.0049615246 0.0049615246 0.0049615246 0.0049615246 0.0049615246 0.0049615246 0.0049615246 0.0049615246 0.0049615246 0.0049615246 0.0049615246 0.0049615246 0.0049615246 0.0049615246 0.0049615246 0.0049615246 0.0049615246 0.0049615246 0.0049615246 0.0049615246 0.0049615246 0.0049615246 0.0049615246 0.0049615246 0.0049615246 0.0049615246 0.0049615246 0.0049615246 0.0049615246 0.0049615246 0.0049615246 0.0049615246 0.0049615246 0.0049615246 0.0049615246 0.0049615246 0.0049615246 0.0049615246 0.0049615246 0.0049615246 0.0049615246 0.0049615246 0.0049615246 0.0049615246 0.0049615246 0.0049615246 0.0049615246 0.0049615246 0.0049615246 0.0049615246 0.0049615246 0.0049615246 0.0049615246 0.0049615246 0.0049615246 0.0049615246 0.0049615246 0.0049615246 0.0049615246 0.0049615246 0.0049615246 0.0049615246 0.0049615246 0.0049615246 0.0049615246 0.0049615246 0.0049615246 0.0049615246 0.0049615246 0.0049615246 0.0049615246 0.0049615246 0.0049615246 0.0049615246 0.0049615246 0.0049615246 0.0049615246 0.0049615246 0.0049615246 0.0049615246 0.0049615246 0.0049615246 0.0049615246 0.0049615246 0.0049615246 0.0049615246 0.0049615246 0.0049615246 0.0049615246 0.0049615246 0.0049615246 0.0049615246 0.0049615246 0.0049615246 0.0049615246 0.0049615246 0.0049615246 0.0049615246 0.0049615246 0.0049615246 0.0049615246 0.0049615246 0.0049615246 0.0049615246 0.0049615246 0.0049615246 0.0049615246 0.0049615246 0.0049615246 0.0049615246 0.0049615246 0.0049615246 0.0049615246 0.0049615246 0.0049615246 0.0049615246 0.0049615246 0.0049615246 0.0049615246 0.0049615246 0.0049615246 0.0049615246 0.0049615246 0.0049615246 0.0049615246 0.0049615246 0.0049615246 0.0049615246 0.0049615246 0.0049615246 0.0049615246 0.0049615246 0.0049615246 0.0049615246 0.0049615246 0.0049615246 0.0049615246 0.0049615246 0.0049615246 0.0049615246 0.0049615246 0.0049615246 0.0049615246 0.0049615246 0.0049615246 0.0049615246 0.0049615246 0.0049615246 0.0049615246 0.0049615246 0.0049615246 0.0049615246 0.0049615246 0.0049615246 0.0049615246 0.0049615246 0.0049615246 0.0049615246 0.0049615246 0.0049615246 0.0049615246 0.0049615246 0.0049615246 0.0049615246 0.0049615246 0.0049615246 0.0049615246 0.0049615246 0.0049615246 0.0049615246 0.0049615246 0.0049615246 0.0049615246 0.0049615246 0.0049615246 0.0049615246 0.0049615246 0.0049615246 0.0049615246 0.0049615246 0.0049615246 0.0049615246 0.0049615246 0.0049615246 0.0049615246 0.0049615246 0.0049615246 0.0049615246 0.0049615246 0.0049615246 0.0049615246 0.0049615246 0.0049615246 0.0049615246 0.0049615246 0.0049615246 0.0049615246 0.0049615246 0.0049615246 0.0049615246 0.0049615246 0.0049615246 0.0049615246 0.0049615246 0.0049615246 0.0049615246 0.0049615246 0.0049615246 0.0049615246 0.0049615246 0.0049615246 0.0049615246 0.0049615246 0.0049615246 0.0049615246 0.0049615246 0.0049615246 0.0049615246 0.0049615246 0.0049615246 0.0049615246 0.0049615246 0.0049615246 0.0049615246 0.0049615246 0.0049615246 0.0049615246 0.0049615246 0.0049615246 0.0049615246 0.0049615246 0.0049615246 0.0049615246 0.0049615246 0.0049615246 0.0049615246 0.0049615246,15 15 15 15 15 15 15 15 15 15 15 15 15 15 14 15 15 15 15 15 15 15 15 15 15 15 14 16 15 15 15 15 15 15 15 15 15 15 15 15 15 15 15 15 15 15 15 15 15 15 15 15 15 15 15 15 15 15 15 16 16 15 15 15 15 15 15 15 15 15 15 15 15 15 15 15 15 15 15 15 15 15 15 15 15 15 15 15 15 15 15 15 15 15 15 15 15 15 15 15 15 15 15 15 15 15 15 15 15 15 15 15 15 14 15 15 15 15 15 14 15 15 14 15 15 15 15 14 15 15 15 15 15 15 16 15 15 15 16 15 15 15 15 15 15 15 15 15 15 15 15 15 15 15 15 15 15 15 15 15 15 15 15 15 15 15 15 15 15 15 15 15 15 15 15 15 15 15 15 15 15 15 15 15 15 15 15 15 15 15 15 15 15 15 15 15 15 15 15 15 14 15 15 15 15 15 15 15 15 14 15 15 15 15 14 15 15 15 15 15 15 15 15 14 15 15 15 15 15 15 15 15 15 15 15 15 15 15 15 15 16 15 15 15 15 15 15 15 15 15 15 15 15 15 15 15 15 15 15 15 15 15 15 15 15 15 15 15 15 15 15 15 15 15 15 15 15 15 15 15 16 15 15 15 15 15 15 15 15 15 15 15 15 15 15 15 15 15 15 15 15 15 15 15 15 14 15 15 15 15 15 15 15 15 15 15 15 15 15 15 15 15 15 15 15 15 15 15 15 15 15 15 15 15 15 15 15 15 15 15 15 15 15 15 15 15 15 15 15 15 15 15 15 15 15 15 15 15 15 15 15 15 15 14 14 15 15 15 15 15 15 15 15 15 15 15 14 14 15 15 15 15 15 15 15 15 15 15 15 15 15 16 15 15 14 15 15 14 14 15 15 15 15 15 15 15 15 15 15 15 15 15 15 15 15 16 15 15 15 15 15 15 15 15 15 15 15 15 15 15 15 15 15 15 15 15 15 15 15 15 15 15 15 15 15 15 15 15 15 15 15 15 14 14 15 15 15 15 15 14 15 15 15 15 15 15 15 15 15 15 15 15 15 15 15 15 15 15 15 15 14 15 15 15 15 15 15 15 15 15 15 15 15 15 15 15 15 15 15 15 15 15 15 15 15 15 15 15 15 15 15 14
299,1x1x1x400,1.2772199,1.2770641,,
320,3x3x1x256,0.6009992 0.42730105 0.9444522 0.8396212 0.63244087 0.7511535 0.7130626 0.91701806 1.2094721 1.1049503 1.7596121 0.779197 0.75534683 0.84348637 0.72412336 0.703705 0.3166886 0.83168757 0.78172535 0.34433538 0.86857253 0.66114086 0.6035771 1.2401055 0.75668675 0.7188275 0.6368552 0.8405288 1.8762658 0.5235316 0.44010305 0.65985835 0.81854653 0.64093965 0.5492567 0.61409914 0.78381366 0.6676391 0.6419631 0.74952585 1.0606236 0.5825004 0.52889484 0.35690543 0.8327449 1.009918 1.0317552 0.94457513 0.8445162 0.9962452 0.9235189 0.32530278 1.0136707 0.7272073 0.35055992 1.5960041 0.95392287 0.45238283 1.1719501 0.8944537 0.50800204 0.30809674 0.78406304 0.82798153 1.2794795 0.6768711 2.1891873 0.7768473 0.87209404 0.74896765 0.8350143 0.8266726 0.7015066 0.60586977 0.6530233 1.1746937 0.27590764 0.83697003 0.53898287 0.635644 0.9142259 0.75168264 0.72083056 0.808311 0.9384796 0.4088315 0.6704889 0.8185542 0.19420485 0.39189687 0.6560551 0.97014177 0.50474936 0.5990641 0.27987838 1.5587938 1.0673989 0.80793846 0.7641447 0.61541677 0.68368167 0.6996201 0.4441925 0.73543096 0.7256169 0.33474267 0.74626184 0.6855345 0.7499298 0.46057445 1.3202938 1.079172 0.6260265 0.63740605 0.7132129 0.8300187 0.33517182 0.96392566 0.70612776 0.74956745 0.711523 0.7425476 0.40254557 0.3170209 1.4042504 0.54838425 0.7994414 0.99992317 0.56377625 0.3981061 0.3320018 0.8152363 0.5874984 0.40378276 0.6996145 1.0348462 1.6135583 1.1236345 0.34687084 1.6801364 0.6737874 0.72274417 1.0154928 0.30259284 0.7035358 0.42305025 0.34073856 1.0829675 1.1409334 0.38867846 0.6409252 0.72136474 0.24534789 0.43464833 0.811428 0.36894453 0.67951345 0.4477869 1.0824538 0.8096289 0.6954003 0.4612526 0.7822718 0.99364716 0.5314141 0.6473263 0.5161441 1.4863645 0.7092464 1.9134513 0.7288865 0.7443665 0.76095384 0.6108173 1.2913604 0.6971478 1.0935979 0.96908957 1.0566728 0.6202991 0.783068 0.29747587 0.5395508 0.87000775 0.90482694 1.0503772 0.70881516 1.221927 1.068273 0.33542645 0.5785979 0.70202076 0.39497215 1.0054075 0.6921346 1.0367315 0.7362071 1.2940013 0.7415373 0.4917371 0.641311 0.56451786 0.75389427 0.77253944 1.0059394 0.53822446 0.32935503 0.8083597 1.3873923 0.9220029 0.63311344 1.1779594 1.6198035 1.25379 0.4804607 0.6719971 1.1972196 1.4189984 1.0043709 0.9482614 0.30820942 0.9166754 0.5085885 1.3659341 1.1000872 0.52310604 0.3515891 0.8873131 0.74417216 0.9666832 0.4851688 0.6245644 0.7132349 0.28111088 0.6492156 0.8172774 0.58665663 0.34813583 0.8169994 0.5776708 0.25953352 1.0831203 0.27357945 1.586935 0.45038313 1.0680133 0.5077409 0.89236623 0.77926564 0.7711367 0.6313148 0.8423766 0.29172108 0.6411928 0.67771834 0.8394805,0.60092586 0.4272489 0.94433695 0.8395187 0.6323637 0.75106186 0.71297556 0.9169062 1.2093245 1.1048155 1.7593973 0.77910185 0.7552547 0.84338343 0.724035 0.7036191 0.31664994 0.83158606 0.78163 0.34429336 0.8684665 0.6610602 0.6035034 1.2399542 0.75659436 0.71873975 0.63677746 0.8404262 1.8760368 0.5234677 0.44004935 0.6597778 0.81844664 0.6408614 0.5491897 0.61402416 0.783718 0.6675576 0.64188474 0.7494344 1.0604942 0.58242935 0.5288303 0.3568619 0.8326433 1.0097947 1.0316292 0.94445986 0.84441316 0.9961236 0.9234062 0.32526308 1.0135471 0.72711855 0.35051715 1.5958093 0.95380646 0.45232764 1.171807 0.8943445 0.50794005 0.30805916 0.7839673 0.82788044 1.2793233 0.6767885 2.1889203 0.77675253 0.87198764 0.7488763 0.8349124 0.82657176 0.70142096 0.60579586 0.6529436 1.1745504 0.27587396 0.8368679 0.5389171 0.6355664 0.9141143 0.7515909 0.7207426 0.80821234 0.9383651 0.40878162 0.67040706 0.8184543 0.19418116 0.39184904 0.655975 0.97002333 0.5046877 0.59899104 0.27984422 1.5586035 1.0672687 0.8078398 0.7640515 0.61534166 0.6835982 0.6995347 0.4441383 0.7353412 0.72552836 0.3347018 0.74617076 0.68545085 0.74983823 0.46051824 1.3201327 1.0790403 0.6259501 0.63732827 0.7131258 0.8299174 0.33513093 0.96380806 0.7060416 0.749476 0.71143615 0.7424569 0.40249643 0.3169822 1.4040791 0.5483173 0.7993438 0.9998011 0.5637074 0.39805752 0.3319613 0.8151368 0.5874267 0.40373346 0.6995291 1.0347198 1.6133614 1.1234972 0.3468285 1.6799314 0.6737052 0.72265595 1.0153689 0.30255592 0.7034499 0.4229986 0.34069696 1.0828354 1.1407942 0.38863105 0.64084697 0.7212767 0.24531794 0.4345953 0.81132895 0.3688995 0.6794305 0.44773227 1.0823218 0.80953014 0.6953154 0.4611963 0.7821764 0.99352586 0.53134924 0.64724725 0.5160811 1.4861832 0.70915985 1.9132178 0.7287975 0.7442757 0.760861 0.6107428 1.2912028 0.6970627 1.0934645 0.9689713 1.0565438 0.6202234 0.7829724 0.29743958 0.539485 0.86990154 0.90471655 1.050249 0.7087286 1.2217779 1.0681427 0.33538553 0.57852733 0.70193505 0.39492393 1.0052847 0.69205016 1.0366049 0.73611724 1.2938435 0.74144673 0.4916771 0.6412327 0.56444895 0.7538023 0.77244514 1.0058166 0.5381588 0.32931486 0.80826104 1.3872229 0.9218904 0.63303614 1.1778157 1.6196058 1.2536371 0.48040205 0.67191505 1.1970736 1.4188253 1.0042484 0.9481457 0.3081718 0.9165635 0.5085264 1.3657674 1.0999529 0.5230422 0.3515462 0.8872048 0.7440814 0.9665652 0.4851096 0.6244882 0.7131478 0.28107658 0.6491363 0.8171776 0.58658504 0.34809336 0.81689966 0.5776003 0.25950184 1.0829881 0.27354604 1.5867414 0.45032814 1.0678829 0.507679 0.89225733 0.7791706 0.7710426 0.6312378 0.8422738 0.2916855 0.64111453 0.67763567 0.83937806,0.0047317 0.0033641646 0.007435724 0.0066103837 0.0049792416 0.0059138727 0.005613981 0.0072197337 0.00952224 0.008699334 0.013853522 0.0061346604 0.005946887 0.0066408142 0.005701063 0.005540308 0.0024933065 0.006547922 0.0061545665 0.0027109713 0.006838319 0.0052051987 0.004751995 0.009763419 0.005957436 0.005659368 0.005013996 0.0066175293 0.014771943 0.004121793 0.0034649556 0.005195101 0.0064444616 0.0050461525 0.004324328 0.004834836 0.0061710076 0.005256359 0.005054211 0.005901058 0.008350348 0.0045860577 0.004164018 0.0028099362 0.0065562464 0.0079511395 0.008123064 0.007436692 0.0066489223 0.007843493 0.007270915 0.0025611266 0.007980686 0.005725343 0.0027599775 0.012565427 0.007510287 0.003561635 0.009226827 0.007042083 0.003999528 0.0024256627 0.006172971 0.0065187435 0.010073412 0.0053290436 0.017235592 0.0061161616 0.0068660444 0.0058966638 0.0065741134 0.006508439 0.005523 0.004770046 0.0051412885 0.009248428 0.0021722359 0.0065895114 0.004243442 0.00500446 0.0071977503 0.0059180385 0.0056751384 0.0063638766 0.0073887017 0.0032187528 0.0052787955 0.006444522 0.0015289854 0.0030854256 0.0051651574 0.007637979 0.003973919 0.004716465 0.0022034978 0.012272469 0.0084036905 0.0063609434 0.0060161534 0.00484521 0.005382663 0.005508147 0.003497152 0.0057900883 0.0057128216 0.0026354473 0.00587536 0.005397251 0.005904238 0.003626128 0.0103947455 0.00849638 0.004928741 0.005018333 0.005615164 0.0065347822 0.0026388261 0.00758904 0.0055593825 0.005901386 0.0056018597 0.0058461176 0.0031692632 0.0024959228 0.0110557405 0.004317459 0.006294046 0.007872449 0.004438641 0.0031343112 0.0026138686 0.0064184 0.004625407 0.0031790037 0.0055081034 0.0081474 0.012703633 0.008846435 0.002730933 0.013227806 0.0053047654 0.0056902044 0.007995031 0.0023823301 0.005538976 0.0033306978 0.0026826533 0.008526263 0.008982631 0.0030600869 0.005046039 0.0056793443 0.0019316373 0.0034220102 0.006388417 0.0029047204 0.0053498466 0.003525451 0.008522219 0.006374253 0.0054749246 0.003631467 0.0061588692 0.007823038 0.004183852 0.005096435 0.0040636305 0.011702229 0.005583936 0.015064707 0.005738563 0.0058604386 0.0059910314 0.0048089987 0.010166951 0.0054886825 0.008609957 0.0076296953 0.008319243 0.004883649 0.006165137 0.002342044 0.004247913 0.0068496186 0.0071237525 0.008269677 0.0055805403 0.009620299 0.008410572 0.002640831 0.0045553334 0.0055270474 0.0031096372 0.007915627 0.005449214 0.008162243 0.0057961987 0.010187744 0.005838163 0.0038714733 0.0050490764 0.00444448 0.005935451 0.006082245 0.007919815 0.0042374707 0.0025930305 0.0063642603 0.010923015 0.007258979 0.0049845367 0.009274139 0.012752801 0.009871158 0.0037826933 0.00529067 0.009425776 0.011171852 0.007907468 0.007465714 0.0024265496 0.0072170356 0.0040041446 0.010754074 0.008661047 0.0041184425 0.0027680802 0.0069858646 0.0058589084 0.0076107495 0.0038197606 0.0049172295 0.0056153373 0.0022132015 0.0051113097 0.006434469 0.0046187798 0.0027408926 0.006432281 0.0045480337 0.0020433215 0.008527466 0.0021539058 0.012494027 0.0035458908 0.008408527 0.003997472 0.0070256484 0.0061352015 0.0060712015 0.0049703764 0.006632077 0.0022967362 0.005048146 0.0053357137 0.006609276,
321,256,,,0.0051682214 0.0051682214 0.0051682214 0.0051682214 0.0051682214 0.0051682214 0.0051682214 0.0051682214 0.0051682214 0.0051682214 0.0051682214 0.0051682214 0.0051682214 0.0051682214 0.0051682214 0.0051682214 0.0051682214 0.0051682214 0.0051682214 0.0051682214 0.0051682214 0.0051682214 0.0051682214 0.0051682214 0.0051682214 0.0051682214 0.0051682214 0.0051682214 0.0051682214 0.0051682214 0.0051682214 0.0051682214 0.0051682214 0.0051682214 0.0051682214 0.0051682214 0.0051682214 0.0051682214 0.0051682214 0.0051682214 0.0051682214 0.0051682214 0.0051682214 0.0051682214 0.0051682214 0.0051682214 0.0051682214 0.0051682214 0.0051682214 0.0051682214 0.0051682214 0.0051682214 0.0051682214 0.0051682214 0.0051682214 0.0051682214 0.0051682214 0.0051682214 0.0051682214 0.0051682214 0.0051682214 0.0051682214 0.0051682214 0.0051682214 0.0051682214 0.0051682214 0.0051682214 0.0051682214 0.0051682214 0.0051682214 0.0051682214 0.0051682214 0.0051682214 0.0051682214 0.0051682214 0.0051682214 0.0051682214 0.0051682214 0.0051682214 0.0051682214 0.0051682214 0.0051682214 0.0051682214 0.0051682214 0.0051682214 0.0051682214 0.0051682214 0.0051682214 0.0051682214 0.0051682214 0.0051682214 0.0051682214 0.0051682214 0.0051682214 0.0051682214 0.0051682214 0.0051682214 0.0051682214 0.0051682214 0.0051682214 0.0051682214 0.0051682214 0.0051682214 0.0051682214 0.0051682214 0.0051682214 0.0051682214 0.0051682214 0.0051682214 0.0051682214 0.0051682214 0.0051682214 0.0051682214 0.0051682214 0.0051682214 0.0051682214 0.0051682214 0.0051682214 0.0051682214 0.0051682214 0.0051682214 0.0051682214 0.0051682214 0.0051682214 0.0051682214 0.0051682214 0.0051682214 0.0051682214 0.0051682214 0.0051682214 0.0051682214 0.0051682214 0.0051682214 0.0051682214 0.0051682214 0.0051682214 0.0051682214 0.0051682214 0.0051682214 0.0051682214 0.0051682214 0.0051682214 0.0051682214 0.0051682214 0.0051682214 0.0051682214 0.0051682214 0.0051682214 0.0051682214 0.0051682214 0.0051682214 0.0051682214 0.0051682214 0.0051682214 0.0051682214 0.0051682214 0.0051682214 0.0051682214 0.0051682214 0.0051682214 0.0051682214 0.0051682214 0.0051682214 0.0051682214 0.0051682214 0.0051682214 0.0051682214 0.0051682214 0.0051682214 0.0051682214 0.0051682214 0.0051682214 0.0051682214 0.0051682214 0.0051682214 0.0051682214 0.0051682214 0.0051682214 0.0051682214 0.0051682214 0.0051682214 0.0051682214 0.0051682214 0.0051682214 0.0051682214 0.0051682214 0.0051682214 0.0051682214 0.0051682214 0.0051682214 0.0051682214 0.0051682214 0.0051682214 0.0051682214 0.0051682214 0.0051682214 0.0051682214 0.0051682214 0.0051682214 0.0051682214 0.0051682214 0.0051682214 0.0051682214 0.0051682214 0.0051682214 0.0051682214 0.0051682214 0.0051682214 0.0051682214 0.0051682214 0.0051682214 0.0051682214 0.0051682214 0.0051682214 0.0051682214 0.0051682214 0.0051682214 0.0051682214 0.0051682214 0.0051682214 0.0051682214 0.0051682214 0.0051682214 0.0051682214 0.0051682214 0.0051682214 0.0051682214 0.0051682214 0.0051682214 0.0051682214 0.0051682214 0.0051682214 0.0051682214 0.0051682214 0.0051682214 0.0051682214 0.0051682214 0.0051682214 0.0051682214 0.0051682214 0.0051682214 0.0051682214 0.0051682214 0.0051682214 0.0051682214 0.0051682214 0.0051682214 0.0051682214 0.0051682214 0.0051682214 0.0051682214 0.0051682214 0.0051682214 0.0051682214 0.0051682214 0.0051682214,15 16 15 15 15 15 15 15 14 14 14 15 15 15 15 15 16 15 15 16 15 15 15 14 15 15 15 15 14 15 16 15 15 15 15 15 15 15 15 15 14 15 15 16 15 14 14 15 15 14 15 16 14 15 16 14 15 16 14 15 15 16 15 15 14 15 13 15 15 15 15 15 15 15 15 14 16 15 15 15 15 15 15 15 15 16 15 15 16 16 15 15 15 15 16 14 14 15 15 15 15 15 16 15 15 16 15 15 15 16 14 14 15 15 15 15 16 15 15 15 15 15 16 16 14 15 15 14 15 16 16 15 15 16 15 14 14 14 16 14 15 15 14 16 15 16 16 14 14 16 15 15 16 16 15 16 15 16 14 15 15 16 15 14 15 15 15 14 15 14 15 15 15 15 14 15 14 15 14 15 15 16 15 15 15 14 15 14 14 16 15 15 16 14 15 14 15 14 15 16 15 15 15 15 14 15 16 15 14 15 15 14 14 14 16 15 14 14 14 15 16 15 15 14 14 15 16 15 15 15 16 15 15 16 15 15 15 16 15 15 16 14 16 14 16 14 15 15 15 15 15 15 16 15 15 15
329,1x1x256x256,0.12264129 0.15276822 0.16298316 0.17346683 0.16321836 0.16302873 0.18529013 0.093262315 0.19683872 0.20459214 0.13556615 0.18385242 0.124304965 0.14959136 0.15013263 0.20084037 0.16831544 0.15167776 0.15833984 0.18255907 0.21679519 0.1228345 0.16163817 0.17909203 0.19281551 0.201166 0.16555491 0.109268695 0.1977554 0.12954351 0.14502862 0.13154335 0.12268514 0.15531918 0.12113665 0.12730475 0.13635673 0.17699292 0.13947134 0.18229268 0.15122055 0.15823911 0.13025348 0.13604842 0.13380744 0.20913905 0.18038899 0.17034729 0.13034876 0.12852424 0.13924395 0.1586266 0.1273788 0.16387525 0.15519407 0.18633007 0.20283405 0.15926673 0.13668276 0.118751645 0.15522504 0.15647648 0.21321306 0.12752628 0.16051333 0.15899691 0.16495313 0.17352785 0.1291421 0.14110404 0.20886257 0.12723844 0.14252819 0.13933437 0.1491757 0.14567608 0.15257116 0.14980628 0.19877423 0.16311172 0.18218069 0.11891034 0.12758061 0.13359742 0.1534092 0.16700748 0.16556393 0.13246186 0.19501722 0.12784636 0.166899 0.11024149 0.22299506 0.1397889 0.16764373 0.16280223 0.11158184 0.11512178 0.18446837 0.14097668 0.15037297 0.19600898 0.116643764 0.16356848 0.1589932 0.11142965 0.16210583 0.15325399 0.18811384 0.124868155 0.18356262 0.15729405 0.19618759 0.16064765 0.14623049 0.19515298 0.123595804 0.19016564 0.18425581 0.18150462 0.16097309 0.13699609 0.16914733 0.13325977 0.13423172 0.17498793 0.23154934 0.17721869 0.16138856 0.1562713 0.115470394 0.16897935 0.113645054 0.09999249 0.13856812 0.1968538 0.1606402 0.12867378 0.19603011 0.11239487 0.17366725 0.17604706 0.14866282 0.17262985 0.13870661 0.14192617 0.18617584 0.14776404 0.22846206 0.14496392 0.15881637 0.18773496 0.18688866 0.1241139 0.14781073 0.13030809 0.18439516 0.12430284 0.15013723 0.13810924 0.14600238 0.2414562 0.16115333 0.14931943 0.19130138 0.122314565 0.14167833 0.19463663 0.20998222 0.14269616 0.14690834 0.13155727 0.15896429 0.16276829 0.15100388 0.14754361 0.18109341 0.12969862 0.16290301 0.14678858 0.18874522 0.1590298 0.1441552 0.20209463 0.2153564 0.14993751 0.13565756 0.16165122 0.10985067 0.1103169 0.14450899 0.15901712 0.12860024 0.15173483 0.16565432 0.14013126 0.16572888 0.16259159 0.1562346 0.13736239 0.22441863 0.23209624 0.14813077 0.11365118 0.17997497 0.16713849 0.14745428 0.2339411 0.12590237 0.14854278 0.16740634 0.15169902 0.11885775 0.14773716 0.12197154 0.14937127 0.17167842 0.13481191 0.14147326 0.1486174 0.18391946 0.21960403 0.17415436 0.14445156 0.14516865 0.17855945 0.12499847 0.17140597 0.110091776 0.121940665 0.15315315 0.13832584 0.14549033 0.110358745 0.17867796 0.17284156 0.17290938 0.21620125 0.1404196 0.15453997 0.21271011 0.15070966 0.1340183 0.22305472 0.17552242 0.16087222 0.22538552 0.1542051 0.17214756 0.14166886 0.19825725 0.12879944 0.13278693 0.14407663 0.16433382 0.13164575,0.12262632 0.15274958 0.16296327 0.17344567 0.16319844 0.16300884 0.18526752 0.09325094 0.1968147 0.20456718 0.13554959 0.18382998 0.124289796 0.1495731 0.15011431 0.20081586 0.1682949 0.15165925 0.15832052 0.1825368 0.21676874 0.12281951 0.16161844 0.17907017 0.19279198 0.20114146 0.1655347 0.10925536 0.19773127 0.1295277 0.14501092 0.13152729 0.12267017 0.15530023 0.12112187 0.12728922 0.13634008 0.17697133 0.1394543 0.18227044 0.15120208 0.1582198 0.13023758 0.13603182 0.1337911 0.20911352 0.18036696 0.1703265 0.13033286 0.12850857 0.13922694 0.15860724 0.12736326 0.16385525 0.15517513 0.18630733 0.2028093 0.15924728 0.13666607 0.11873715 0.15520608 0.1564574 0.21318704 0.12751071 0.16049375 0.15897751 0.164933 0.17350668 0.12912636 0.14108683 0.20883709 0.12722291 0.14251079 0.13931736 0.14915751 0.1456583 0.15255255 0.14978799 0.19874997 0.16309181 0.18215846 0.11889583 0.12756504 0.13358112 0.15339047 0.16698709 0.16554372 0.1324457 0.19499342 0.12783076 0.16687863 0.11022803 0.22296783 0.13977183 0.16762327 0.16278236 0.11156823 0.11510774 0.18444586 0.14095949 0.15035462 0.19598505 0.11662953 0.16354853 0.1589738 0.11141605 0.16208605 0.15323529 0.18809089 0.12485291 0.18354021 0.15727486 0.19616364 0.16062805 0.14621265 0.19512916 0.12358072 0.19014242 0.18423332 0.18148248 0.16095343 0.13697937 0.16912667 0.1332435 0.13421533 0.17496657 0.23152107 0.17719705 0.16136886 0.15625222 0.1154563 0.16895872 0.11363119 0.09998029 0.1385512 0.19682978 0.1606206 0.12865807 0.19600618 0.11238115 0.17364605 0.17602557 0.14864469 0.17260878 0.13868968 0.14190884 0.18615311 0.14774601 0.22843418 0.14494622 0.158797 0.18771206 0.18686587 0.124098755 0.1477927 0.13029219 0.18437266 0.12428767 0.15011892 0.13809238 0.14598456 0.24142674 0.16113366 0.1493012 0.19127803 0.12229964 0.14166103 0.19461288 0.20995659 0.14267875 0.14689042 0.1315412 0.15894489 0.16274843 0.15098546 0.1475256 0.18107131 0.1296828 0.16288313 0.14677067 0.18872218 0.15901038 0.14413762 0.20206997 0.21533011 0.14991921 0.13564101 0.1616315 0.10983726 0.11030344 0.14449136 0.1589977 0.12858455 0.15171632 0.16563411 0.14011417 0.16570865 0.16257176 0.15621555 0.13734563 0.22439124 0.23206791 0.1481127 0.11363731 0.17995301 0.16711809 0.14743629 0.23391254 0.125887 0.14852466 0.1673859 0.1516805 0.11884324 0.14771913 0.121956654 0.14935303 0.17165747 0.13479546 0.14145601 0.14859927 0.183897 0.21957724 0.17413309 0.14443393 0.14515093 0.17853765 0.124983214 0.17138505 0.110078335 0.12192578 0.15313445 0.13830896 0.14547259 0.11034528 0.17865615 0.17282048 0.17288828 0.21617487 0.14040247 0.15452112 0.21268415 0.15069126 0.13400196 0.2230275 0.175501 0.1608526 0.22535801 0.15418628 0.17212655 0.14165156 0.19823307 0.12878372 0.13277073 0.14405905 0.16431376 0.13162969,0.00096556154 0.0012027526 0.0012831753 0.001365714 0.0012850271 0.0012835342 0.0014587994 0.0007342594 0.001549722 0.0016107652 0.0010673197 0.0014474802 0.0009786598 0.001177741 0.0011820025 0.0015812272 0.0013251568 0.0011941673 0.0012466182 0.0014372976 0.0017068405 0.0009670828 0.0012725862 0.0014100014 0.0015180471 0.001583791 0.0013034228 0.00086027844 0.0015569391 0.0010199032 0.0011418182 0.0010356479 0.0009659069 0.0012228364 0.0009537155 0.0010022774 0.0010735439 0.0013934751 0.0010980654 0.0014352003 0.0011905676 0.0012458252 0.0010254928 0.0010711167 0.0010534732 0.0016465632 0.0014202123 0.0013411535 0.001026243 0.0010118785 0.0010962752 0.001248876 0.0010028604 0.0012901989 0.0012218514 0.0014669868 0.0015969237 0.0012539156 0.0010761109 0.0009349382 0.0012220951 0.001231948 0.001678638 0.0010040214 0.0012637303 0.0012517914 0.001298685 0.0013661943 0.0010167429 0.00111092 0.0016443866 0.0010017552 0.0011221322 0.0010969872 0.0011744685 0.0011469157 0.0012012011 0.001179433 0.0015649605 0.0012841874 0.0014343185 0.00093618763 0.0010044491 0.0010518198 0.001207799 0.001314859 0.0013034939 0.0010428794 0.0015353813 0.0010065414 0.0013140049 0.0008679373 0.0017556523 0.0011005657 0.0013198683 0.0012817509 0.00087849 0.00090636016 0.0014523296 0.0011099172 0.0011838947 0.0015431894 0.0009183428 0.0012877837 0.0012517622 0.0008772917 0.0012762682 0.001206577 0.0014810306 0.0009830937 0.0014451985 0.0012383847 0.0015445956 0.0012647877 0.0011512807 0.00153645 0.0009730765 0.0014971844 0.0014506561 0.0014289959 0.0012673498 0.0010785777 0.0013317061 0.0010491614 0.0010568136 0.0013776895 0.0018230005 0.0013952524 0.001270621 0.0012303324 0.0009091047 0.0013303837 0.00089473376 0.00078724633 0.0010909544 0.0015498408 0.0012647292 0.0010130557 0.0015433558 0.00088489096 0.0013672917 0.0013860281 0.0011704306 0.0013591242 0.0010920448 0.0011173924 0.0014657725 0.0011633544 0.0017986943 0.0011413088 0.00125037 0.0014780477 0.0014713848 0.0009771555 0.001163722 0.0010259228 0.0014517533 0.0009786431 0.0011820387 0.0010873416 0.0011494848 0.001900998 0.001268769 0.0011756 0.0015061261 0.0009629893 0.0011154412 0.0015323849 0.0016532014 0.0011234548 0.0011566174 0.0010357576 0.0012515346 0.0012814837 0.0011888619 0.0011616189 0.0014257584 0.0010211243 0.0012825443 0.0011556746 0.0014860014 0.0012520503 0.0011349419 0.0015911021 0.0016955127 0.0011804663 0.0010680394 0.001272689 0.0008648603 0.000868531 0.0011377273 0.0012519504 0.0010124767 0.0011946167 0.0013042056 0.0011032613 0.0013047925 0.0012800926 0.0012300437 0.0010814617 0.0017668601 0.0018273063 0.0011662417 0.000894782 0.0014169528 0.0013158905 0.0011609157 0.001841831 0.0009912363 0.0011694855 0.0013179992 0.0011943346 0.00093577354 0.0011631427 0.0009602886 0.0011760081 0.0013516337 0.0010613815 0.0011138269 0.0011700729 0.0014480079 0.0017289546 0.0013711267 0.001137275 0.0011429207 0.0014058083 0.0009841198 0.0013494886 0.0008667585 0.0009600455 0.0012057831 0.001089047 0.0011454534 0.00086886046 0.0014067413 0.0013607912 0.001361325 0.0017021643 0.0011055312 0.0012167017 0.0016746784 0.0011865454 0.0010551335 0.001756122 0.0013818977 0.0012665559 0.0017744725 0.0012140652 0.0013553271 0.0011153666 0.0015608903 0.001014045 0.0010454388 0.0011343232 0.0012938092 0.0010364542,
330,256,,,0.0040013506 0.0040013506 0.0040013506 0.0040013506 0.0040013506 0.0040013506 0.0040013506 0.0040013506 0.0040013506 0.0040013506 0.0040013506 0.0040013506 0.0040013506 0.0040013506 0.0040013506 0.0040013506 0.0040013506 0.0040013506 0.0040013506 0.0040013506 0.0040013506 0.0040013506 0.0040013506 0.0040013506 0.0040013506 0.0040013506 0.0040013506 0.0040013506 0.0040013506 0.0040013506 0.0040013506 0.0040013506 0.0040013506 0.0040013506 0.0040013506 0.0040013506 0.0040013506 0.0040013506 0.0040013506 0.0040013506 0.0040013506 0.0040013506 0.0040013506 0.0040013506 0.0040013506 0.0040013506 0.0040013506 0.0040013506 0.0040013506 0.0040013506 0.0040013506 0.0040013506 0.0040013506 0.0040013506 0.0040013506 0.0040013506 0.0040013506 0.0040013506 0.0040013506 0.0040013506 0.0040013506 0.0040013506 0.0040013506 0.0040013506 0.0040013506 0.0040013506 0.0040013506 0.0040013506 0.0040013506 0.0040013506 0.0040013506 0.0040013506 0.0040013506 0.0040013506 0.0040013506 0.0040013506 0.0040013506 0.0040013506 0.0040013506 0.0040013506 0.0040013506 0.0040013506 0.0040013506 0.0040013506 0.0040013506 0.0040013506 0.0040013506 0.0040013506 0.0040013506 0.0040013506 0.0040013506 0.0040013506 0.0040013506 0.0040013506 0.0040013506 0.0040013506 0.0040013506 0.0040013506 0.0040013506 0.0040013506 0.0040013506 0.0040013506 0.0040013506 0.0040013506 0.0040013506 0.0040013506 0.0040013506 0.0040013506 0.0040013506 0.0040013506 0.0040013506 0.0040013506 0.0040013506 0.0040013506 0.0040013506 0.0040013506 0.0040013506 0.0040013506 0.0040013506 0.0040013506 0.0040013506 0.0040013506 0.0040013506 0.0040013506 0.0040013506 0.0040013506 0.0040013506 0.0040013506 0.0040013506 0.0040013506 0.0040013506 0.0040013506 0.0040013506 0.0040013506 0.0040013506 0.0040013506 0.0040013506 0.0040013506 0.0040013506 0.0040013506 0.0040013506 0.0040013506 0.0040013506 0.0040013506 0.0040013506 0.0040013506 0.0040013506 0.0040013506 0.0040013506 0.0040013506 0.0040013506 0.0040013506 0.0040013506 0.0040013506 0.0040013506 0.0040013506 0.0040013506 0.0040013506 0.0040013506 0.0040013506 0.0040013506 0.0040013506 0.0040013506 0.0040013506 0.0040013506 0.0040013506 0.0040013506 0.0040013506 0.0040013506 0.0040013506 0.0040013506 0.0040013506 0.0040013506 0.0040013506 0.0040013506 0.0040013506 0.0040013506 0.0040013506 0.0040013506 0.0040013506 0.0040013506 0.0040013506 0.0040013506 0.0040013506 0.0040013506 0.0040013506 0.0040013506 0.0040013506 0.0040013506 0.0040013506 0.0040013506 0.0040013506 0.0040013506 0.0040013506 0.0040013506 0.0040013506 0.0040013506 0.0040013506 0.0040013506 0.0040013506 0.0040013506 0.0040013506 0.0040013506 0.0040013506 0.0040013506 0.0040013506 0.0040013506 0.0040013506 0.0040013506 0.0040013506 0.0040013506 0.0040013506 0.0040013506 0.0040013506 0.0040013506 0.0040013506 0.0040013506 0.0040013506 0.0040013506 0.0040013506 0.0040013506 0.0040013506 0.0040013506 0.0040013506 0.0040013506 0.0040013506 0.0040013506 0.0040013506 0.0040013506 0.0040013506 0.0040013506 0.0040013506 0.0040013506 0.0040013506 0.0040013506 0.0040013506 0.0040013506 0.0040013506 0.0040013506 0.0040013506 0.0040013506 0.0040013506 0.0040013506 0.0040013506 0.0040013506 0.0040013506 0.0040013506 0.0040013506 0.0040013506 0.0040013506 0.0040013506 0.0040013506 0.0040013506 0.0040013506 0.0040013506 0.0040013506,16 15 15 15 15 15 15 16 15 15 15 15 15 15 15 15 15 15 15 15 15 16 15 15 15 15 15 16 15 15 15 15 16 15 16 15 15 15 15 15 15 15 15 15 15 15 15 15 15 15 15 15 15 15 15 15 15 15 15 16 15 15 15 15 15 15 15 15 15 15 15 15 15 15 15 15 15 15 15 15 15 16 15 15 15 15 15 15 15 15 15 16 15 15 15 15 16 16 15 15 15 15 16 15 15 16 15 15 15 15 15 15 15 15 15 15 16 15 15 15 15 15 15 15 15 15 15 15 15 15 16 15 16 16 15 15 15 15 15 16 15 15 15 15 15 15 15 15 15 15 15 15 15 15 15 15 15 15 15 15 15 15 15 15 15 16 15 15 15 15 15 15 15 15 15 15 15 15 15 15 15 15 15 15 15 15 15 15 16 16 15 15 15 15 15 15 15 15 15 15 15 15 15 16 15 15 15 15 15 15 15 15 16 15 16 15 15 15 15 15 15 15 15 15 15 15 15 15 16 16 15 15 15 16 15 15 15 15 15 15 15 15 15 15 15 15 15 15 15 15 15 15 15 15 15 15
336,1x1x256x512,0.11595752 0.14114043 0.25453356 0.16440672 0.14160216 0.1715315 0.14327984 0.17483667 0.1423949 0.18667616 0.11864094 0.09817097 0.17032422 0.09712721 0.14326617 0.18934207 0.1409753 0.12036599 0.2072983 0.1682379 0.12694901 0.1393813 0.1637323 0.10366555 0.19230019 0.15527514 0.0916567 0.15579726 0.16454774 0.20103101 0.21666992 0.13050912 0.1196545 0.15520823 0.13497753 0.17801411 0.12918507 0.14844786 0.20160206 0.11432453 0.132787 0.19661154 0.21279484 0.1498067 0.09856627 0.1379177 0.13271761 0.13714588 0.15892398 0.12990008 0.1921198 0.10462918 0.13552243 0.20967466 0.08659958 0.14591824 0.18301672 0.1036278 0.16499121 0.12255899 0.21513183 0.11423602 0.15484709 0.1888995 0.14542972 0.15987884 0.23074487 0.19722123 0.10631082 0.197593 0.17515099 0.16080053 0.08968501 0.13074571 0.17364818 0.16665089 0.1393463 0.127057 0.17966251 0.16715865 0.24269795 0.1755156 0.2514793 0.19756657 0.07666368 0.11506154 0.18047222 0.15049283 0.100387365 0.18183622 0.18045375 0.1693062 0.10715139 0.11033975 0.113887474 0.13495724 0.19206585 0.1102087 0.12551314 0.22108994 0.18091166 0.12098865 0.112197064 0.15137589 0.1238792 0.17021623 0.18875626 0.12698469 0.1334741 0.113429785 0.09138076 0.18826517 0.12070454 0.113641724 0.12402931 0.20001863 0.1547696 0.19187704 0.07921541 0.119846046 0.118427396 0.17989257 0.14575894 0.16904782 0.12947398 0.122887984 0.11637715 0.11642267 0.1037723 0.1388824 0.089487225 0.08674363 0.12152226 0.12328546 0.20188645 0.1586642 0.17437525 0.17123353 0.14112236 0.103162885 0.14859942 0.06885295 0.10037908 0.21065083 0.22436588 0.14266375 0.17476055 0.18330386 0.10088387 0.17590213 0.10244405 0.15428828 0.1603052 0.1871995 0.20808491 0.124389656 0.16257222 0.3036981 0.13799542 0.10149917 0.10660297 0.16941327 0.122983165 0.18566078 0.12864286 0.13144098 0.1587948 0.24581508 0.1970784 0.15695994 0.18216273 0.14024548 0.11385782 0.112615794 0.17890276 0.14186682 0.1816411 0.18295267 0.19053082 0.10516576 0.15039557 0.19519463 0.13712329 0.1348479 0.123996094 0.082850434 0.108067475 0.08045718 0.16717552 0.09967132 0.15691094 0.16790867 0.13716047 0.14757288 0.18975389 0.19580846 0.1760318 0.17526266 0.13935065 0.10589902 0.17187423 0.1586756 0.11033349 0.19936572 0.13442612 0.189093 0.13136733 0.113380805 0.12508811 0.15111355 0.16312392 0.1628866 0.10248403 0.10304502 0.17344883 0.18433191 0.1642733 0.1129916 0.104984656 0.1172761 0.10339163 0.19781901 0.1463301 0.13716206 0.19856255 0.10576771 0.13230422 0.158864 0.15552989 0.16448413 0.1622872 0.21729936 0.16793828 0.11958714 0.14297536 0.21280521 0.15425305 0.18347691 0.1736686 0.09978328 0.14206848 0.12809366 0.07675804 0.107754245 0.18801224 0.14176904 0.106078655 0.15137365 0.13764921 0.1337086 0.08965784 0.17824224 0.17986219 0.19268794 0.15059218 0.1709811 0.09171215 0.17527111 0.23158263 0.16556129 0.094058976 0.11032355 0.19244549 0.22833653 0.18287167 0.11656692 0.13377082 0.1137121 0.15722188 0.13782592 0.12026626 0.21600461 0.18682027 0.11619636 0.09290734 0.14463599 0.13904552 0.17499088 0.0950093 0.10869091 0.16937943 0.200006 0.10718011 0.19926326 0.1945667 0.13024127 0.13008925 0.18398775 0.23908733 0.12337796 0.16655524 0.16724743 0.15249175 0.15309648 0.15125455 0.11335702 0.1625354 0.14777446 0.21117601 0.17025934 0.12713303 0.108071335 0.1566526 0.13575457 0.14862229 0.2528522 0.18590513 0.14614412 0.17872423 0.087080486 0.13354416 0.20116785 0.09729887 0.14503236 0.11436277 0.101952516 0.186349 0.18986641 0.08575919 0.13050428 0.11261101 0.1096597 0.17718908 0.12125828 0.10489465 0.16395396 0.17588659 0.09327493 0.17467043 0.10980012 0.15403336 0.13862991 0.12763087 0.1728134 0.09278731 0.14813918 0.10096892 0.1064983 0.16348307 0.14116873 0.11991747 0.17732245 0.16497497 0.14240596 0.19914769 0.1503804 0.14357117 0.17444707 0.15960853 0.14431858 0.20590408 0.1447532 0.13024877 0.11042166 0.09018697 0.21224338 0.12197078 0.08598874 0.1402598 0.11146161 0.2012798 0.20131443 0.16388886 0.19537973 0.18780325 0.12166833 0.19935668 0.1935976 0.14458843 0.10166714 0.21133794 0.12980469 0.18396077 0.22852702 0.1364834 0.13977306 0.19780165 0.19139662 0.1287533 0.24109457 0.14834999 0.08605989 0.16919409 0.09297694 0.19632123 0.14145853 0.13840863 0.079276584 0.19244455 0.21317215 0.11262517 0.13562979 0.17613846 0.12685946 0.10737438 0.12751469 0.144709 0.15605576 0.1272557 0.20723218 0.10235371 0.18060313 0.093397744 0.19918065 0.12006503 0.12799622 0.1118684 0.0889265 0.16236585 0.14746398 0.11841218 0.16027005 0.15926434 0.16563773 0.19716793 0.1643299 0.118384875 0.14790305 0.13203637 0.09880641 0.124217935 0.12105377 0.20153525 0.10270008 0.17656925 0.15338665 0.2145626 0.19144845 0.14775099 0.12725629 0.26398024 0.15467557 0.14360549 0.104752764 0.089950144 0.143823 0.08365022 0.19311818 0.1625324 0.17986035 0.12927638 0.090278514 0.22017764 0.1221663 0.12086899 0.15506147 0.1119961 0.15055688 0.22330351 0.11947692 0.2085239 0.13221067 0.16408202 0.15156838 0.17825775 0.15884234 0.1606915 0.1010179 0.16471833 0.12850069 0.1843085 0.22948003 0.13750403 0.11935416 0.1820627 0.17451777 0.14244507 0.1423046 0.15518855 0.16978845 0.14329559 0.15635316 0.17793874 0.09355288 0.17192289 0.16670604 0.12094153 0.15855466 0.1560647 0.20450103 0.17862979 0.1251919 0.114028946 0.1557237 0.15249977 0.19996768 0.12697954 0.15199216 0.10413596 0.1065051 0.10760551 0.18489689 0.0774656 0.15104173 0.20524505 0.19283922 0.17373627 0.154393 0.17388369 0.19865182 0.22240366 0.14663349 0.21484216 0.19802284 0.20735197 0.16784418 0.1947 0.13828264 0.17781287 0.13739666 0.08460779 0.18206738,0.115943365 0.1411232 0.25450248 0.16438664 0.14158489 0.17151056 0.14326234 0.17481533 0.14237753 0.18665338 0.11862645 0.09815899 0.17030343 0.09711535 0.14324868 0.18931897 0.1409581 0.12035131 0.20727299 0.16821736 0.12693353 0.1393643 0.16371232 0.1036529 0.19227672 0.1552562 0.09164551 0.15577824 0.16452767 0.20100647 0.21664348 0.1304932 0.119639896 0.15518929 0.13496105 0.17799239 0.1291693 0.14842974 0.20157745 0.114310585 0.1327708 0.19658755 0.21276887 0.14978841 0.098554246 0.13790087 0.13270141 0.13712914 0.1589046 0.12988423 0.19209635 0.10461641 0.13550588 0.20964907 0.086589016 0.14590043 0.18299438 0.10361515 0.16497107 0.122544035 0.21510558 0.11422208 0.15482819 0.18887645 0.14541197 0.15985931 0.2307167 0.19719717 0.10629784 0.19756888 0.1751296 0.1607809 0.08967406 0.13072975 0.17362699 0.16663055 0.1393293 0.1270415 0.17964058 0.16713825 0.24266835 0.17549418 0.2514486 0.19754246 0.07665432 0.1150475 0.1804502 0.15047447 0.10037511 0.18181403 0.18043172 0.16928555 0.10713831 0.11032628 0.11387357 0.13494076 0.19204241 0.11019525 0.12549782 0.22106297 0.18088959 0.120973885 0.11218337 0.15135741 0.123864084 0.17019546 0.18873322 0.12696919 0.13345781 0.11341594 0.09136961 0.1882422 0.12068981 0.11362785 0.12401418 0.19999422 0.15475072 0.19185361 0.079205744 0.11983142 0.11841294 0.1798706 0.14574115 0.1690272 0.12945817 0.122872986 0.116362944 0.11640846 0.10375963 0.13886544 0.0894763 0.08673304 0.121507436 0.12327041 0.2018618 0.15864483 0.17435397 0.17121263 0.14110513 0.10315029 0.14858128 0.06884455 0.10036683 0.21062513 0.2243385 0.14264633 0.17473921 0.18328148 0.100871556 0.17588067 0.10243155 0.15426946 0.16028564 0.18717666 0.20805952 0.12437448 0.16255237 0.30366105 0.13797858 0.10148679 0.10658996 0.16939259 0.12296815 0.18563813 0.12862717 0.13142495 0.15877543 0.24578509 0.19705436 0.15694079 0.1821405 0.14022838 0.113843925 0.112602055 0.17888093 0.1418495 0.18161894 0.18293034 0.19050756 0.10515293 0.15037723 0.19517082 0.13710655 0.13483143 0.12398096 0.08284032 0.10805429 0.08044736 0.16715512 0.09965916 0.1568918 0.16788818 0.13714372 0.14755487 0.18973073 0.19578457 0.17601033 0.17524126 0.13933364 0.1058861 0.17185326 0.15865624 0.11032002 0.19934139 0.13440971 0.18906993 0.13135129 0.11336697 0.12507284 0.15109512 0.16310401 0.16286673 0.10247153 0.10303244 0.17342767 0.18430942 0.16425325 0.11297781 0.10497185 0.11726179 0.10337902 0.19779487 0.14631224 0.13714531 0.19853832 0.1057548 0.13228808 0.15884462 0.1555109 0.16446406 0.1622674 0.21727285 0.16791777 0.11957254 0.14295791 0.21277924 0.15423422 0.18345453 0.17364739 0.0997711 0.14205115 0.12807803 0.07674867 0.107741095 0.1879893 0.14175174 0.10606571 0.15135518 0.1376324 0.13369228 0.089646906 0.17822048 0.17984024 0.19266443 0.15057379 0.17096022 0.091700956 0.17524971 0.23155437 0.16554108 0.0940475 0.110310085 0.192422 0.22830866 0.18284936 0.11655269 0.1337545 0.11369823 0.1572027 0.1378091 0.12025158 0.21597825 0.18679747 0.11618217 0.092896 0.14461835 0.13902855 0.17496952 0.0949977 0.10867764 0.16935876 0.19998159 0.107167035 0.19923894 0.19454296 0.13022539 0.13007337 0.1839653 0.23905815 0.1233629 0.16653492 0.16722701 0.15247314 0.1530778 0.15123609 0.11334319 0.16251557 0.14775641 0.21115024 0.17023855 0.12711751 0.10805815 0.15663348 0.135738 0.14860415 0.25282133 0.18588245 0.14612629 0.17870241 0.087069854 0.13352787 0.20114331 0.09728699 0.14501466 0.11434881 0.10194007 0.18632627 0.18984324 0.08574873 0.13048835 0.11259727 0.10964632 0.17716746 0.121243484 0.10488185 0.16393395 0.17586513 0.093263544 0.17464912 0.10978673 0.15401457 0.13861299 0.12761529 0.1727923 0.092775986 0.14812109 0.1009566 0.1064853 0.16346312 0.1411515 0.119902834 0.1773008 0.16495484 0.14238857 0.19912338 0.15036206 0.14355364 0.1744258 0.15958905 0.14430097 0.20587894 0.14473554 0.13023289 0.11040819 0.09017596 0.21221747 0.121955894 0.08597824 0.1402427 0.11144801 0.20125523 0.20128986 0.16386886 0.19535589 0.18778034 0.12165348 0.19933236 0.19357398 0.14457078 0.10165473 0.21131214 0.12978885 0.18393832 0.22849914 0.13646674 0.13975601 0.19777751 0.19137327 0.12873758 0.24106516 0.14833188 0.08604939 0.16917345 0.092965595 0.19629727 0.14144127 0.13839175 0.07926691 0.19242106 0.21314614 0.11261142 0.13561323 0.17611697 0.12684397 0.10736127 0.12749912 0.14469135 0.15603672 0.12724017 0.20720689 0.10234122 0.1805811 0.093386345 0.19915633 0.120050386 0.12798059 0.11185474 0.08891565 0.16234604 0.14744599 0.118397735 0.1602505 0.1592449 0.16561753 0.19714387 0.16430984 0.11837043 0.147885 0.13202025 0.09879435 0.12420278 0.121038996 0.20151067 0.102687545 0.1765477 0.15336794 0.2145364 0.19142509 0.14773296 0.12724076 0.26394802 0.1546567 0.14358796 0.10473998 0.08993916 0.14380544 0.08364001 0.19309463 0.16251257 0.1798384 0.1292606 0.090267494 0.22015075 0.12215139 0.120854236 0.15504254 0.11198243 0.1505385 0.22327626 0.11946234 0.20849845 0.13219453 0.164062 0.15154988 0.178236 0.15882295 0.16067189 0.10100558 0.16469823 0.128485 0.184286 0.22945201 0.13748725 0.11933959 0.18204048 0.17449646 0.1424277 0.14228722 0.1551696 0.16976774 0.1432781 0.15633409 0.17791702 0.09354146 0.17190191 0.16668569 0.12092677 0.15853532 0.15604566 0.20447607 0.17860799 0.12517661 0.11401503 0.15570469 0.15248115 0.19994329 0.12696405 0.1519736 0.10412326 0.10649211 0.10759238 0.18487431 0.07745615 0.1510233 0.20522 0.19281568 0.17371507 0.15437415 0.17386247 0.19862758 0.22237651 0.1466156 0.21481594 0.19799867 0.20732667 0.1678237 0.19467625 0.13826577 0.17779116 0.13737988 0.08459746 0.18204516,0.0009129399 0.0011112064 0.0020039566 0.0012943831 0.0011148417 0.0013504769 0.0011280499 0.0013764986 0.0011210829 0.0014697117 0.00093406654 0.0007729055 0.0013409719 0.00076468784 0.0011279423 0.0014907005 0.0011099064 0.0009476481 0.0016320708 0.0013245462 0.0009994766 0.0010973567 0.0012890734 0.0008161646 0.0015139899 0.0012224898 0.0007216182 0.0012266004 0.0012954935 0.0015827281 0.0017058542 0.0010275055 0.0009420464 0.001221963 0.0010626855 0.0014015149 0.0010170811 0.0011687381 0.0015872241 0.00090008334 0.0010454394 0.0015479334 0.0016753455 0.0011794363 0.00077601767 0.0010858336 0.001044893 0.001079757 0.0012512173 0.0010227105 0.0015125697 0.00082375127 0.0010669755 0.0016507801 0.00068180327 0.0011488223 0.0014409006 0.00081586733 0.0012989847 0.0009649137 0.0016937447 0.0008993865 0.0012191196 0.0014872161 0.0011449761 0.0012587347 0.0018166669 0.0015527336 0.0008369909 0.0015556605 0.0013789732 0.0012659914 0.00070609496 0.0010293681 0.0013671416 0.0013120516 0.0010970811 0.0010003268 0.0014144927 0.0013160493 0.0019107744 0.0013818439 0.0019799103 0.0015554525 0.00060357735 0.0009058858 0.0014208677 0.0011848384 0.0007903552 0.0014316065 0.0014207222 0.0013329571 0.00084360875 0.00086871086 0.0008966423 0.0010625257 0.0015121449 0.00086767913 0.0009881718 0.0017406533 0.0014243275 0.00095255027 0.0008833336 0.0011917907 0.0009753078 0.0013401217 0.0014860884 0.0009997574 0.0010508489 0.00089303893 0.0007194457 0.001482222 0.00095031346 0.0008947075 0.00097648957 0.0015747576 0.0012185096 0.0015106584 0.00062366726 0.0009435545 0.0009323854 0.001416304 0.0011475681 0.0013309228 0.0010193557 0.0009675038 0.00091624365 0.00091660203 0.000817005 0.0010934287 0.0007045378 0.00068293733 0.00095675146 0.0009706331 0.001589463 0.0012491719 0.0013728659 0.001348131 0.001111064 0.00081220706 0.0011699314 0.00054208306 0.00079029 0.0016584656 0.0017664449 0.0011231995 0.0013758993 0.0014431613 0.0007942642 0.0013848871 0.00080654764 0.0012147201 0.0012620917 0.001473832 0.0016382639 0.0009793265 0.0012799399 0.002391032 0.0010864455 0.0007991086 0.000839291 0.0013337999 0.0009682532 0.0014617175 0.0010128124 0.0010348421 0.0012502003 0.0019353157 0.0015516091 0.0012357542 0.0014341772 0.0011041604 0.00089640886 0.0008866304 0.0014085113 0.0011169253 0.0014300704 0.0014403963 0.0015000595 0.0008279758 0.0011840727 0.001536778 0.0010795791 0.0010616648 0.00097622804 0.000652286 0.00085082115 0.00063344376 0.001316182 0.0007847178 0.0012353684 0.0013219542 0.0010798718 0.0011618494 0.0014939428 0.0015416108 0.0013859081 0.0013798524 0.0010971152 0.00083374884 0.0013531753 0.0012492618 0.00086866156 0.0015696172 0.0010583441 0.0014887396 0.0010342621 0.0008926533 0.0009848255 0.0011897254 0.0012842836 0.0012824151 0.00080686243 0.00081127905 0.0013655722 0.0014512553 0.0012933327 0.0008895891 0.00082655 0.0009233212 0.000814008 0.0015574399 0.0011520649 0.0010798844 0.0015632939 0.00083271496 0.0010416384 0.001250745 0.0012244952 0.0012949925 0.0012776961 0.0017108099 0.0013221871 0.0009415161 0.0011256528 0.0016754271 0.0012144427 0.0014445238 0.0013673023 0.0007855992 0.0011185129 0.0010084885 0.0006043202 0.00084835506 0.0014802307 0.0011161554 0.0008351631 0.0011917731 0.0010837197 0.0010526951 0.00070588116 0.0014033109 0.0014160649 0.0015170428 0.0011856204 0.0013461434 0.0007220548 0.001379919 0.0018232628 0.0013034731 0.0007405315 0.00086858333 0.0015151339 0.001797706 0.0014397588 0.0009177377 0.0010531851 0.00089526165 0.0012378165 0.001085111 0.00094686286 0.0017006161 0.0014708462 0.00091482024 0.0007314646 0.0011387272 0.001094713 0.0013777128 0.0007480134 0.00085572945 0.0013335336 0.0015746582 0.00084383495 0.0015688105 0.0015318344 0.0010253967 0.0010241998 0.0014485456 0.0018823476 0.0009713614 0.0013112986 0.0013167481 0.0012005758 0.001205337 0.0011908354 0.00089246605 0.0012796501 0.0011634363 0.0016626003 0.0013404611 0.0010009253 0.00085085153 0.0012333345 0.0010688031 0.0011701115 0.001990719 0.0014636413 0.0011506007 0.0014071056 0.0006855894 0.0010514006 0.0015838055 0.0007660393 0.0011418477 0.00090038433 0.00080267777 0.001467136 0.0014948286 0.00067518686 0.0010274673 0.00088659266 0.00086335687 0.0013950194 0.0009546731 0.0008258414 0.0012908184 0.0013847648 0.0007343586 0.0013751899 0.0008644624 0.0012127132 0.0010914408 0.0010048448 0.0013605693 0.0007305196 0.0011663078 0.0007949338 0.0008384669 0.0012871112 0.0011114292 0.0009441168 0.0013960693 0.001298857 0.0011211698 0.0015679006 0.0011839533 0.0011303436 0.0013734314 0.0012566067 0.0011362281 0.0016210941 0.00113965 0.0010254558 0.0008693558 0.0007100469 0.0016710036 0.00096028263 0.00067699404 0.0011042733 0.0008775434 0.0015846869 0.0015849596 0.001290306 0.0015382353 0.0014785853 0.0009579014 0.0015695461 0.0015242046 0.0011383527 0.00080043095 0.0016638752 0.0010219595 0.0014483333 0.0017992059 0.0010745412 0.001100441 0.0015573032 0.0015068762 0.0010136818 0.0018981509 0.0011679676 0.0006775543 0.0013320744 0.00073201256 0.0015456479 0.0011137108 0.0010896988 0.00062414893 0.0015151264 0.001678316 0.0008867041 0.0010678207 0.0013867478 0.0009987714 0.00084536435 0.0010039301 0.0011393019 0.0012286355 0.0010018911 0.0016315503 0.0008058364 0.0014218984 0.00073532556 0.00156816 0.0009452786 0.0010077212 0.000880746 0.00070012326 0.0012783152 0.0011609921 0.00093226566 0.001261815 0.0012538969 0.001304075 0.0015523139 0.0012937783 0.00093205064 0.0011644488 0.0010395296 0.00077790825 0.0009779746 0.00095306296 0.0015866982 0.0008085634 0.0013901395 0.0012076215 0.001689263 0.0015072841 0.0011632516 0.0010018958 0.0020783308 0.0012177692 0.0011306138 0.00082472427 0.0007081824 0.0011323263 0.0006585827 0.0015204301 0.0012796265 0.0014160505 0.0010178 0.0007107677 0.0017334705 0.000961822 0.0009516082 0.0012208074 0.0008817514 0.0011853426 0.0017580808 0.0009406484 0.0016417201 0.0010409019 0.0012918267 0.0011933061 0.001403433 0.0012505745 0.001265133 0.0007953195 0.0012968364 0.0010116929 0.0014510709 0.0018067088 0.0010825767 0.00093968184 0.0014333896 0.0013739879 0.0011214779 0.0011203719 0.0012218079 0.0013367538 0.001128174 0.001230977 0.0014009214 0.00073654694 0.0013535584 0.0013124857 0.00095217925 0.0012483096 0.001228706 0.0016100478 0.001406362 0.0009856425 0.00089775614 0.0012260212 0.0012006391 0.0015743566 0.0009997169 0.0011966425 0.0008198682 0.00083852053 0.0008471841 0.0014557033 0.0006098909 0.0011891598 0.0016159056 0.0015182337 0.0013678352 0.0012155445 0.0013689959 0.0015639967 0.0017509961 0.0011544535 0.0016914641 0.0015590447 0.0016324935 0.0013214465 0.0015328838 0.0010887069 0.0013999305 0.0010817314 0.0006661217 0.0014334265,
337,512,,,0.0045940573 0.0045940573 0.0045940573 0.0045940573 0.0045940573 0.0045940573 0.0045940573 0.0045940573 0.0045940573 0.0045940573 0.0045940573 0.0045940573 0.0045940573 0.0045940573 0.0045940573 0.0045940573 0.0045940573 0.0045940573 0.0045940573 0.0045940573 0.0045940573 0.0045940573 0.0045940573 0.0045940573 0.0045940573 0.0045940573 0.0045940573 0.0045940573 0.0045940573 0.0045940573 0.0045940573 0.0045940573 0.0045940573 0.0045940573 0.0045940573 0.0045940573 0.0045940573 0.0045940573 0.0045940573 0.0045940573 0.0045940573 0.0045940573 0.0045940573 0.0045940573 0.0045940573 0.0045940573 0.0045940573 0.0045940573 0.0045940573 0.0045940573 0.0045940573 0.0045940573 0.0045940573 0.0045940573 0.0045940573 0.0045940573 0.0045940573 0.0045940573 0.0045940573 0.0045940573 0.0045940573 0.0045940573 0.0045940573 0.0045940573 0.0045940573 0.0045940573 0.0045940573 0.0045940573 0.0045940573 0.0045940573 0.0045940573 0.0045940573 0.0045940573 0.0045940573 0.0045940573 0.0045940573 0.0045940573 0.0045940573 0.0045940573 0.0045940573 0.0045940573 0.0045940573 0.0045940573 0.0045940573 0.0045940573 0.0045940573 0.0045940573 0.0045940573 0.0045940573 0.0045940573 0.0045940573 0.0045940573 0.0045940573 0.0045940573 0.0045940573 0.0045940573 0.0045940573 0.0045940573 0.0045940573 0.0045940573 0.0045940573 0.0045940573 0.0045940573 0.0045940573 0.0045940573 0.0045940573 0.0045940573 0.0045940573 0.0045940573 0.0045940573 0.0045940573 0.0045940573 0.0045940573 0.0045940573 0.0045940573 0.0045940573 0.0045940573 0.0045940573 0.0045940573 0.0045940573 0.0045940573 0.0045940573 0.0045940573 0.0045940573 0.0045940573 0.0045940573 0.0045940573 0.0045940573 0.0045940573 0.0045940573 0.0045940573 0.0045940573 0.0045940573 0.0045940573 0.0045940573 0.0045940573 0.0045940573 0.0045940573 0.0045940573 0.0045940573 0.0045940573 0.0045940573 0.0045940573 0.0045940573 0.0045940573 0.0045940573 0.0045940573 0.0045940573 0.0045940573 0.0045940573 0.0045940573 0.0045940573 0.0045940573 0.0045940573 0.0045940573 0.0045940573 0.0045940573 0.0045940573 0.0045940573 0.0045940573 0.0045940573 0.0045940573 0.0045940573 0.0045940573 0.0045940573 0.0045940573 0.0045940573 0.0045940573 0.0045940573 0.0045940573 0.0045940573 0.0045940573 0.0045940573 0.0045940573 0.0045940573 0.0045940573 0.0045940573 0.0045940573 0.0045940573 0.0045940573 0.0045940573 0.0045940573 0.0045940573 0.0045940573 0.0045940573 0.0045940573 0.0045940573 0.0045940573 0.0045940573 0.0045940573 0.0045940573 0.0045940573 0.0045940573 0.0045940573 0.0045940573 0.0045940573 0.0045940573 0.0045940573 0.0045940573 0.0045940573 0.0045940573 0.0045940573 0.0045940573 0.0045940573 0.0045940573 0.0045940573 0.0045940573 0.0045940573 0.0045940573 0.0045940573 0.0045940573 0.0045940573 0.0045940573 0.0045940573 0.0045940573 0.0045940573 0.0045940573 0.0045940573 0.0045940573 0.0045940573 0.0045940573 0.0045940573 0.0045940573 0.0045940573 0.0045940573 0.0045940573 0.0045940573 0.0045940573 0.0045940573 0.0045940573 0.0045940573 0.0045940573 0.0045940573 0.0045940573 0.0045940573 0.0045940573 0.0045940573 0.0045940573 0.0045940573 0.0045940573 0.0045940573 0.0045940573 0.0045940573 0.0045940573 0.0045940573 0.0045940573 0.0045940573 0.0045940573 0.0045940573 0.0045940573 0.0045940573 0.0045940573 0.0045940573 0.0045940573 0.0045940573 0.0045940573 0.0045940573 0.0045940573 0.0045940573 0.0045940573 0.0045940573 0.0045940573 0.0045940573 0.0045940573 0.0045940573 0.0045940573 0.0045940573 0.0045940573 0.0045940573 0.0045940573 0.0045940573 0.0045940573 0.0045940573 0.0045940573 0.0045940573 0.0045940573 0.0045940573 0.0045940573 0.0045940573 0.0045940573 0.0045940573 0.0045940573 0.0045940573 0.0045940573 0.0045940573 0.0045940573 0.0045940573 0.0045940573 0.0045940573 0.0045940573 0.0045940573 0.0045940573 0.0045940573 0.0045940573 0.0045940573 0.0045940573 0.0045940573 0.0045940573 0.0045940573 0.0045940573 0.0045940573 0.0045940573 0.0045940573 0.0045940573 0.0045940573 0.0045940573 0.0045940573 0.0045940573 0.0045940573 0.0045940573 0.0045940573 0.0045940573 0.0045940573 0.0045940573 0.0045940573 0.0045940573 0.0045940573 0.0045940573 0.0045940573 0.0045940573 0.0045940573 0.0045940573 0.0045940573 0.0045940573 0.0045940573 0.0045940573 0.0045940573 0.0045940573 0.0045940573 0.0045940573 0.0045940573 0.0045940573 0.0045940573 0.0045940573 0.0045940573 0.0045940573 0.0045940573 0.0045940573 0.0045940573 0.0045940573 0.0045940573 0.0045940573 0.0045940573 0.0045940573 0.0045940573 0.0045940573 0.0045940573 0.0045940573 0.0045940573 0.0045940573 0.0045940573 0.0045940573 0.0045940573 0.0045940573 0.0045940573 0.0045940573 0.0045940573 0.0045940573 0.0045940573 0.0045940573 0.0045940573 0.0045940573 0.0045940573 0.0045940573 0.0045940573 0.0045940573 0.0045940573 0.0045940573 0.0045940573 0.0045940573 0.0045940573 0.0045940573 0.0045940573 0.0045940573 0.0045940573 0.0045940573 0.0045940573 0.0045940573 0.0045940573 0.0045940573 0.0045940573 0.0045940573 0.0045940573 0.0045940573 0.0045940573 0.0045940573 0.0045940573 0.0045940573 0.0045940573 0.0045940573 0.0045940573 0.0045940573 0.0045940573 0.0045940573 0.0045940573 0.0045940573 0.0045940573 0.0045940573 0.0045940573 0.0045940573 0.0045940573 0.0045940573 0.0045940573 0.0045940573 0.0045940573 0.0045940573 0.0045940573 0.0045940573 0.0045940573 0.0045940573 0.0045940573 0.0045940573 0.0045940573 0.0045940573 0.0045940573 0.0045940573 0.0045940573 0.0045940573 0.0045940573 0.0045940573 0.0045940573 0.0045940573 0.0045940573 0.0045940573 0.0045940573 0.0045940573 0.0045940573 0.0045940573 0.0045940573 0.0045940573 0.0045940573 0.0045940573 0.0045940573 0.0045940573 0.0045940573 0.0045940573 0.0045940573 0.0045940573 0.0045940573 0.0045940573 0.0045940573 0.0045940573 0.0045940573 0.0045940573 0.0045940573 0.0045940573 0.0045940573 0.0045940573 0.0045940573 0.0045940573 0.0045940573 0.0045940573 0.0045940573 0.0045940573 0.0045940573 0.0045940573 0.0045940573 0.0045940573 0.0045940573 0.0045940573 0.0045940573 0.0045940573 0.0045940573 0.0045940573 0.0045940573 0.0045940573 0.0045940573 0.0045940573 0.0045940573 0.0045940573 0.0045940573 0.0045940573 0.0045940573 0.0045940573 0.0045940573 0.0045940573 0.0045940573 0.0045940573 0.0045940573 0.0045940573 0.0045940573 0.0045940573 0.0045940573 0.0045940573 0.0045940573 0.0045940573 0.0045940573 0.0045940573 0.0045940573 0.0045940573 0.0045940573 0.0045940573 0.0045940573 0.0045940573 0.0045940573 0.0045940573 0.0045940573 0.0045940573 0.0045940573 0.0045940573 0.0045940573 0.0045940573 0.0045940573 0.0045940573 0.0045940573 0.0045940573 0.0045940573 0.0045940573 0.0045940573 0.0045940573 0.0045940573 0.0045940573,15 14 13 14 14 14 14 14 14 14 15 15 14 15 14 14 14 15 14 14 14 14 14 15 14 14 15 14 14 14 14 14 15 14 14 14 14 14 14 15 14 14 14 14 15 14 14 14 14 14 14 15 14 14 15 14 14 15 14 15 14 15 14 14 14 14 14 14 15 14 14 14 15 14 14 14 14 14 14 14 14 14 13 14 15 15 14 14 15 14 14 14 15 15 15 14 14 15 14 14 14 15 15 14 14 14 14 14 14 15 15 14 15 15 14 14 14 14 15 15 15 14 14 14 14 15 15 15 15 14 15 15 15 15 14 14 14 14 14 15 14 15 15 14 14 14 14 14 15 14 15 14 14 14 14 14 14 13 14 15 15 14 15 14 14 14 14 14 14 14 14 14 15 15 14 14 14 14 14 15 14 14 14 14 14 15 15 15 14 15 14 14 14 14 14 14 14 14 14 15 14 14 15 14 14 14 14 15 14 14 14 14 15 15 14 14 14 15 15 15 15 14 14 14 14 15 14 14 14 14 14 14 14 15 14 14 14 14 14 15 14 14 15 15 14 14 15 14 14 14 15 14 14 14 14 14 15 14 14 14 15 15 14 14 14 15 14 15 14 14 15 14 14 15 15 14 14 14 15 15 14 14 15 14 14 14 14 14 14 15 14 14 14 14 14 15 14 14 14 14 14 15 14 14 14 13 14 14 14 15 14 14 15 14 15 15 14 14 15 14 15 15 14 15 15 14 14 15 14 15 14 14 14 14 15 14 15 15 14 14 15 14 14 14 14 14 14 14 14 14 14 14 14 15 15 14 15 15 14 15 14 14 14 14 14 15 14 14 14 15 14 14 14 14 14 14 14 14 14 14 14 15 14 15 14 14 14 15 14 14 15 14 14 14 15 14 14 14 14 14 15 14 15 14 15 14 15 15 14 14 15 14 14 14 14 14 15 14 14 15 14 15 14 15 14 14 14 14 14 14 13 14 14 15 15 14 15 14 14 14 14 15 14 15 15 14 15 14 14 15 14 14 14 14 14 14 14 15 14 14 14 14 14 15 14 14 14 14 14 14 14 14 14 15 14 14 15 14 14 14 14 14 15 14 14 14 14 14 15 15 15 14 15 14 14 14 14 14 14 14 14 14 14 14 14 14 14 14 14 14 15 14
342,1x1x512x256,0.080394484 0.08556906 0.10417289 0.102343105 0.089659095 0.13816448 0.10213353 0.12878886 0.15237658 0.10348592 0.08435686 0.15249933 0.10289355 0.09798957 0.094930984 0.1091401 0.06625304 0.092504695 0.10332002 0.098010756 0.09845798 0.108417965 0.098246776 0.14165848 0.09221846 0.08633439 0.081406936 0.09026744 0.10059191 0.090687364 0.104394555 0.09455426 0.11485323 0.114393204 0.14305754 0.08932294 0.094470225 0.08047699 0.093189985 0.08262744 0.09000096 0.11786969 0.09800546 0.114653304 0.089238785 0.15106747 0.09086242 0.07157116 0.10501598 0.080120504 0.0878652 0.08829651 0.09211045 0.10108804 0.09791822 0.08422493 0.09283014 0.116490506 0.08368941 0.07576415 0.0979836 0.10353832 0.11671946 0.097373076 0.07579339 0.1118621 0.14731996 0.10477883 0.091138534 0.117551014 0.08583154 0.09930374 0.09342828 0.07331384 0.08197917 0.10706453 0.10772125 0.0802116 0.12385555 0.11115522 0.08419076 0.12825343 0.11203774 0.07563233 0.09655435 0.09788803 0.075957395 0.08101008 0.08069492 0.10496724 0.08765297 0.112045065 0.112066016 0.112881266 0.12030204 0.13468874 0.14350858 0.11539956 0.11915425 0.13031971 0.08852481 0.07617721 0.07834331 0.110911414 0.082616314 0.06938048 0.088017024 0.116619 0.1415171 0.1271894 0.114047416 0.07285122 0.10208008 0.13658884 0.09677504 0.08673866 0.093155034 0.08877646 0.16402006 0.084843956 0.17796656 0.11834552 0.14505546 0.12942488 0.09861202 0.13816775 0.10527635 0.08910436 0.1170149 0.083282754 0.090982296 0.086315386 0.07624093 0.11678242 0.084005624 0.07885375 0.10135096 0.07590473 0.10765156 0.08589126 0.072271764 0.10243907 0.11231586 0.12999332 0.09827758 0.09124065 0.19282739 0.081668325 0.084490605 0.09786057 0.11264445 0.10978899 0.13365237 0.079161964 0.08593998 0.11102032 0.17370127 0.1169021 0.093042634 0.08522247 0.12296453 0.1269124 0.098466985 0.09802736 0.11988956 0.08152362 0.1198026 0.09136336 0.11847089 0.07767397 0.101600185 0.08341021 0.08836074 0.09825703 0.08287602 0.07882934 0.120122455 0.11397452 0.10532287 0.1412709 0.14034942 0.0965613 0.07362978 0.14468332 0.1052077 0.12474327 0.10995734 0.07510858 0.09367376 0.07833035 0.085472025 0.094417095 0.100532226 0.11930806 0.09129629 0.08622642 0.09706397 0.098693594 0.1577786 0.09813625 0.09224876 0.080972604 0.11557096 0.107619755 0.09600265 0.11408179 0.08120925 0.10088379 0.09328583 0.12861274 0.075682364 0.13244388 0.10807252 0.13847473 0.07405024 0.09315196 0.115557216 0.08763758 0.0926027 0.102347896 0.09174107 0.13940315 0.08817723 0.09464522 0.09907595 0.1558691 0.12552872 0.10587672 0.103775814 0.09722316 0.11666717 0.07375476 0.13195258 0.07818686 0.10313443 0.12621775 0.12828378 0.092618875 0.09187963 0.08650199 0.14219262 0.12144126 0.13127422 0.16064268 0.11527244 0.09166192 0.118029304 0.10548945 0.099083096 0.10572168 0.09308172 0.09988733 0.11376261 0.101355806 0.07900262 0.113056,0.08038467 0.08555862 0.104160175 0.10233061 0.08964816 0.13814762 0.10212106 0.12877314 0.15235798 0.10347329 0.08434656 0.15248072 0.10288099 0.09797761 0.0949194 0.109126784 0.06624496 0.09249341 0.1033074 0.09799879 0.09844597 0.10840473 0.09823478 0.1416412 0.09220721 0.08632386 0.081397 0.09025643 0.10057964 0.09067629 0.104381815 0.09454272 0.11483921 0.11437924 0.14304009 0.08931204 0.09445869 0.08046717 0.09317861 0.08261735 0.089989975 0.11785531 0.09799349 0.11463931 0.0892279 0.15104903 0.09085133 0.07156242 0.10500316 0.08011072 0.08785448 0.08828573 0.092099205 0.1010757 0.09790627 0.08421466 0.09281881 0.11647629 0.08367919 0.0757549 0.09797164 0.10352568 0.11670522 0.09736119 0.07578414 0.111848444 0.14730199 0.10476604 0.09112741 0.117536664 0.08582106 0.09929162 0.09341687 0.07330489 0.081969164 0.10705147 0.1077081 0.08020181 0.12384044 0.11114166 0.08418049 0.12823777 0.11202407 0.075623095 0.09654257 0.09787608 0.07594813 0.081000194 0.08068507 0.10495442 0.08764227 0.112031385 0.112052344 0.11286749 0.12028736 0.1346723 0.14349106 0.11538548 0.119139716 0.1303038 0.08851401 0.07616791 0.07833374 0.110897884 0.082606226 0.069372006 0.08800629 0.11660477 0.14149983 0.12717389 0.1140335 0.07284232 0.10206762 0.13657218 0.09676323 0.08672807 0.093143664 0.08876563 0.16400003 0.08483361 0.17794485 0.118331075 0.14503776 0.12940909 0.09859998 0.1381509 0.1052635 0.08909349 0.117000625 0.08327259 0.09097119 0.08630485 0.07623162 0.11676817 0.08399537 0.07884413 0.101338595 0.07589546 0.10763842 0.08588078 0.07226294 0.102426566 0.11230216 0.12997746 0.09826559 0.09122952 0.19280384 0.08165836 0.08448029 0.097848624 0.1126307 0.10977559 0.13363607 0.07915231 0.0859295 0.111006774 0.17368008 0.11688783 0.09303128 0.08521207 0.122949526 0.1268969 0.09845497 0.098015405 0.119874924 0.081513666 0.119787976 0.09135222 0.11845644 0.07766449 0.10158779 0.083400026 0.08834995 0.09824503 0.08286591 0.07881972 0.1201078 0.11396061 0.105310015 0.14125367 0.14033228 0.09654952 0.073620796 0.14466566 0.10519485 0.12472804 0.10994392 0.07509941 0.09366232 0.078320794 0.085461594 0.09440558 0.10051996 0.119293496 0.09128515 0.08621589 0.09705213 0.098681554 0.15775935 0.09812427 0.0922375 0.08096272 0.11555686 0.10760662 0.09599094 0.114067875 0.08119934 0.10087147 0.093274444 0.12859704 0.07567313 0.13242772 0.10805933 0.13845783 0.0740412 0.09314059 0.11554311 0.08762689 0.0925914 0.1023354 0.09172988 0.13938615 0.08816646 0.09463366 0.09906386 0.15585008 0.1255134 0.105863795 0.10376315 0.0972113 0.11665293 0.07374576 0.13193649 0.078177325 0.10312184 0.12620236 0.12826814 0.09260757 0.091868415 0.086491436 0.14217527 0.12142644 0.1312582 0.16062309 0.11525837 0.09165073 0.118014894 0.10547657 0.099071 0.105708785 0.093070365 0.09987514 0.11374872 0.10134344 0.07899298 0.1130422,0.00063295016 0.00067368994 0.00082015886 0.0008057528 0.000705891 0.0010877765 0.00080410286 0.0010139617 0.0011996691 0.0008147503 0.00066414615 0.0012006356 0.00081008655 0.00077147724 0.00074739684 0.00085926603 0.00052161387 0.00072829454 0.00081344415 0.000771644 0.0007751651 0.0008535806 0.0007735022 0.0011152851 0.00072604103 0.0006797154 0.00064092124 0.00071068056 0.0007919657 0.0007139866 0.00082190405 0.0007444309 0.00090424577 0.00090062397 0.0011263 0.0007032444 0.0007437692 0.00063359976 0.0007336898 0.00065053033 0.00070858246 0.00092799455 0.0007716023 0.0009026718 0.0007025819 0.0011893625 0.0007153648 0.00056348357 0.0008267966 0.0006307931 0.00069176755 0.0006951632 0.00072519056 0.00079587166 0.00077091553 0.00066310755 0.0007308568 0.00091713615 0.0006588913 0.0005964953 0.00077143026 0.00081516284 0.0009189387 0.00076662353 0.0005967255 0.0008806964 0.0011598582 0.00082492945 0.00071753864 0.00092548557 0.00067575637 0.0007818238 0.0007355659 0.0005772039 0.0006454265 0.0008429249 0.0008480952 0.00063151034 0.00097512157 0.00087513117 0.0006628385 0.0010097462 0.0008820793 0.00059545744 0.0007601777 0.0007706778 0.0005980167 0.0006377968 0.00063531555 0.00082641275 0.0006900966 0.00088213687 0.00088230195 0.0008887204 0.0009471446 0.0010604118 0.0011298509 0.0009085471 0.000938108 0.0010260142 0.00069696066 0.00059974735 0.00061680115 0.00087321165 0.00065044273 0.0005462363 0.0006929629 0.0009181478 0.0011141719 0.0010013692 0.00089790154 0.0005735616 0.000803682 0.0010753715 0.00076191523 0.0006828982 0.00073341466 0.00069894193 0.0012913388 0.00066798116 0.0014011406 0.00093174074 0.0011420295 0.0010189692 0.0007763778 0.0010878023 0.0008288465 0.00070152356 0.00092126476 0.0006556897 0.00071630854 0.00067956577 0.000600249 0.00091943436 0.0006613809 0.0006208199 0.0007979417 0.00059760205 0.0008475466 0.0006762266 0.00056899956 0.0008065084 0.000884269 0.0010234446 0.0007737448 0.00071834266 0.0015181405 0.0006429792 0.0006651992 0.00077046163 0.00088685594 0.0008643747 0.0010522525 0.00062324654 0.0006766102 0.0008740691 0.0013675597 0.0009203766 0.00073252973 0.00067096116 0.0009681065 0.0009991882 0.00077523594 0.00077177485 0.00094389706 0.00064183987 0.0009432124 0.0007193088 0.0009327279 0.0006115314 0.0007999038 0.0006566931 0.0006956689 0.00077358296 0.00065248745 0.0006206277 0.0009457307 0.0008973276 0.0008292127 0.0011122336 0.0011049786 0.00076023245 0.0005796913 0.0011390997 0.0008283059 0.0009821105 0.00086570013 0.0005913339 0.0007374986 0.00061669917 0.00067292596 0.000743351 0.0007914958 0.00093931885 0.0007187807 0.0006788653 0.00076419 0.0007770201 0.0012421997 0.0007726321 0.00072627957 0.0006375017 0.0009098965 0.0008472962 0.00075583416 0.00089817226 0.0006393649 0.00079426356 0.0007344444 0.0010125751 0.00059585145 0.001042738 0.0008508609 0.0010902191 0.0005830016 0.00073339045 0.0009097883 0.0006899755 0.00072906615 0.00080579054 0.0007222825 0.0010975287 0.0006942241 0.00074514694 0.0007800304 0.001227166 0.0009882945 0.00083357317 0.00081703265 0.0007654433 0.000918527 0.00058067526 0.00103887 0.0006155695 0.000811983 0.0009937193 0.0010099853 0.0007291935 0.0007233734 0.00068103493 0.0011194904 0.0009561137 0.0010335292 0.0012647487 0.00090754626 0.0007216593 0.00092925114 0.0008305242 0.0007800866 0.0008323526 0.00073283754 0.0007864184 0.0008956592 0.0007979798 0.00062199193 0.00089009607,
343,256,,,0.004770726 0.004770726 0.004770726 0.004770726 0.004770726 0.004770726 0.004770726 0.004770726 0.004770726 0.004770726 0.004770726 0.004770726 0.004770726 0.004770726 0.004770726 0.004770726 0.004770726 0.004770726 0.004770726 0.004770726 0.004770726 0.004770726 0.004770726 0.004770726 0.004770726 0.004770726 0.004770726 0.004770726 0.004770726 0.004770726 0.004770726 0.004770726 0.004770726 0.004770726 0.004770726 0.004770726 0.004770726 0.004770726 0.004770726 0.004770726 0.004770726 0.004770726 0.004770726 0.004770726 0.004770726 0.004770726 0.004770726 0.004770726 0.004770726 0.004770726 0.004770726 0.004770726 0.004770726 0.004770726 0.004770726 0.004770726 0.004770726 0.004770726 0.004770726 0.004770726 0.004770726 0.004770726 0.004770726 0.004770726 0.004770726 0.004770726 0.004770726 0.004770726 0.004770726 0.004770726 0.004770726 0.004770726 0.004770726 0.004770726 0.004770726 0.004770726 0.004770726 0.004770726 0.004770726 0.004770726 0.004770726 0.004770726 0.004770726 0.004770726 0.004770726 0.004770726 0.004770726 0.004770726 0.004770726 0.004770726 0.004770726 0.004770726 0.004770726 0.004770726 0.004770726 0.004770726 0.004770726 0.004770726 0.004770726 0.004770726 0.004770726 0.004770726 0.004770726 0.004770726 0.004770726 0.004770726 0.004770726 0.004770726 0.004770726 0.004770726 0.004770726 0.004770726 0.004770726 0.004770726 0.004770726 0.004770726 0.004770726 0.004770726 0.004770726 0.004770726 0.004770726 0.004770726 0.004770726 0.004770726 0.004770726 0.004770726 0.004770726 0.004770726 0.004770726 0.004770726 0.004770726 0.004770726 0.004770726 0.004770726 0.004770726 0.004770726 0.004770726 0.004770726 0.004770726 0.004770726 0.004770726 0.004770726 0.004770726 0.004770726 0.004770726 0.004770726 0.004770726 0.004770726 0.004770726 0.004770726 0.004770726 0.004770726 0.004770726 0.004770726 0.004770726 0.004770726 0.004770726 0.004770726 0.004770726 0.004770726 0.004770726 0.004770726 0.004770726 0.004770726 0.004770726 0.004770726 0.004770726 0.004770726 0.004770726 0.004770726 0.004770726 0.004770726 0.004770726 0.004770726 0.004770726 0.004770726 0.004770726 0.004770726 0.004770726 0.004770726 0.004770726 0.004770726 0.004770726 0.004770726 0.004770726 0.004770726 0.004770726 0.004770726 0.004770726 0.004770726 0.004770726 0.004770726 0.004770726 0.004770726 0.004770726 0.004770726 0.004770726 0.004770726 0.004770726 0.004770726 0.004770726 0.004770726 0.004770726 0.004770726 0.004770726 0.004770726 0.004770726 0.004770726 0.004770726 0.004770726 0.004770726 0.004770726 0.004770726 0.004770726 0.004770726 0.004770726 0.004770726 0.004770726 0.004770726 0.004770726 0.004770726 0.004770726 0.004770726 0.004770726 0.004770726 0.004770726 0.004770726 0.004770726 0.004770726 0.004770726 0.004770726 0.004770726 0.004770726 0.004770726 0.004770726 0.004770726 0.004770726 0.004770726 0.004770726 0.004770726 0.004770726 0.004770726 0.004770726 0.004770726 0.004770726 0.004770726 0.004770726 0.004770726 0.004770726 0.004770726 0.004770726 0.004770726 0.004770726 0.004770726 0.004770726 0.004770726,15 15 15 15 15 14 15 14 14 15 15 14 15 15 15 15 15 15 15 15 15 15 15 14 15 15 15 15 15 15 15 15 15 15 14 15 15 15 15 15 15 15 15 15 15 14 15 15 15 15 15 15 15 15 15 15 15 15 15 15 15 15 15 15 15 15 14 15 15 15 15 15 15 15 15 15 15 15 14 15 15 14 15 15 15 15 15 15 15 15 15 15 15 15 15 14 14 15 15 14 15 15 15 15 15 15 15 15 14 14 15 15 15 14 15 15 15 15 14 15 14 15 14 14 15 14 15 15 15 15 15 15 15 15 15 15 15 15 15 15 15 15 15 14 15 15 14 15 15 15 15 15 14 15 15 15 14 15 15 15 15 14 15 15 15 15 15 15 15 15 15 15 15 15 15 15 15 15 15 14 14 15 15 14 15 14 15 15 15 15 15 15 15 15 15 15 15 15 14 15 15 15 15 15 15 15 15 15 15 14 15 14 15 14 15 15 15 15 15 15 15 14 15 15 15 14 14 15 15 15 15 15 14 15 15 14 14 15 15 15 14 15 14 14 15 15 15 15 15 15 15 15 15 15 15 15
352,1x1x512x512,0.12384858 0.10595644 0.10628625 0.12773953 0.11421826 0.12440456 0.11420807 0.13633588 0.11900159 0.11834425 0.13000096 0.11794605 0.11179711 0.14732748 0.12767678 0.089207806 0.110135816 0.10720329 0.12529257 0.107767366 0.09632683 0.094622515 0.09784472 0.1376688 0.11814532 0.10666305 0.102790825 0.11680447 0.116679594 0.11327646 0.12704857 0.10565189 0.11514535 0.1136424 0.108762994 0.1108574 0.12082361 0.09908103 0.108139046 0.14574984 0.09997901 0.11044027 0.104906864 0.13440967 0.10933114 0.107533775 0.1427577 0.11735839 0.10239994 0.10482653 0.09248609 0.10861182 0.10557572 0.15606785 0.10795815 0.09179756 0.09160726 0.14727159 0.106027536 0.11921439 0.11961663 0.09343492 0.15477604 0.12446305 0.10508991 0.10242655 0.114335224 0.09984081 0.11606553 0.11494513 0.121350735 0.12824744 0.1283651 0.13111345 0.109950535 0.10550184 0.10741856 0.11226031 0.11225416 0.117198735 0.11831262 0.100340515 0.120059446 0.113112226 0.108534664 0.10700356 0.10839538 0.11060598 0.1258368 0.15241554 0.10331422 0.09838936 0.09988329 0.113641106 0.12356215 0.13586041 0.12035943 0.11474715 0.096648015 0.13953881 0.08820559 0.12896284 0.115445904 0.0984974 0.09557809 0.14122808 0.122952126 0.14345016 0.12630619 0.10208048 0.10020052 0.12873766 0.12824221 0.097808845 0.13526735 0.119145125 0.13623801 0.10733762 0.098059535 0.13443804 0.14039497 0.08186127 0.1202863 0.12180855 0.11642941 0.14246354 0.11661217 0.110591516 0.10917859 0.10908957 0.10429394 0.101253994 0.10900762 0.119106546 0.11623272 0.09338479 0.11095434 0.12160567 0.10071352 0.118528396 0.13417417 0.11659976 0.09903035 0.10949536 0.10955662 0.109266385 0.13646184 0.12221657 0.10707348 0.15211739 0.095505096 0.13093281 0.12290273 0.17161232 0.10473323 0.13681158 0.12075551 0.11231428 0.12421433 0.13689215 0.11574342 0.102792 0.1293869 0.12310635 0.108531855 0.107045576 0.13122608 0.14460607 0.121069945 0.14279544 0.12671068 0.09318969 0.1286691 0.11533697 0.12440542 0.146594 0.10616822 0.11843297 0.15013997 0.105988085 0.15478933 0.1292673 0.10336372 0.11713087 0.10490388 0.11273023 0.09685115 0.15391393 0.10135558 0.11262502 0.1033334 0.14311539 0.16342339 0.13374394 0.111230545 0.108594365 0.10147964 0.11695656 0.11554075 0.09715989 0.119843535 0.09491681 0.11619784 0.10833714 0.14210494 0.09433225 0.11609731 0.11620295 0.16719417 0.10984571 0.11089004 0.10816263 0.11327456 0.10903552 0.113778986 0.10251091 0.15071456 0.10590378 0.108381316 0.1150243 0.13224159 0.14472675 0.1387932 0.12864144 0.11990593 0.10599372 0.104221284 0.14956003 0.105250314 0.15155745 0.10411318 0.13578156 0.10711479 0.12643763 0.13100868 0.13976637 0.11525734 0.13129269 0.09933647 0.117946975 0.11805783 0.117520355 0.085811734 0.10912224 0.14572239 0.1459151 0.14597364 0.12282072 0.094612025 0.107256874 0.114575915 0.115549535 0.10200929 0.11973486 0.13098101 0.09739619 0.11374691 0.10748675 0.09062571 0.10205203 0.14953095 0.11992918 0.09482746 0.12881571 0.13774063 0.15500467 0.12955151 0.10219312 0.13563618 0.12150209 0.13093989 0.119971186 0.097239666 0.13197409 0.099188805 0.13916503 0.11288409 0.1418541 0.10430486 0.102546945 0.11082678 0.12939696 0.14392622 0.11478972 0.1128652 0.11866429 0.090813264 0.122598454 0.112483695 0.12691301 0.12557103 0.12568204 0.12846307 0.12415798 0.10234481 0.121861294 0.10499457 0.114424825 0.10740391 0.09839174 0.1143371 0.11623893 0.13678242 0.112079866 0.11236917 0.0951493 0.11096091 0.10741252 0.1131702 0.14038636 0.116547816 0.108092286 0.11589453 0.11178283 0.12429892 0.13927715 0.11096339 0.11020729 0.11442604 0.12190608 0.15539026 0.11791523 0.1377212 0.10527112 0.11482066 0.12201325 0.09424775 0.14912182 0.1050978 0.109955676 0.11326728 0.10747433 0.118102774 0.1427853 0.12763382 0.14769807 0.103904046 0.103703395 0.10777541 0.1226303 0.1319706 0.10588295 0.1450486 0.14911868 0.11738444 0.1225545 0.09072125 0.098520376 0.11677763 0.0977444 0.10024036 0.11693911 0.12893051 0.14741349 0.16066955 0.11768131 0.11135867 0.11833965 0.11028344 0.09671371 0.08767187 0.14339222 0.10191381 0.12463198 0.12011856 0.1365521 0.10337806 0.1245006 0.118020274 0.11515212 0.15131934 0.10622005 0.12629634 0.108818464 0.11929364 0.10137049 0.10855166 0.084834374 0.11078792 0.13097654 0.123272225 0.12997213 0.101654634 0.10128498 0.11586109 0.12491111 0.11377098 0.1264018 0.11811815 0.13253713 0.11957315 0.12899105 0.120531484 0.17670396 0.11272919 0.13482425 0.11035768 0.14092983 0.12218103 0.11807108 0.12663147 0.15431511 0.13977237 0.13359973 0.103264146 0.0932537 0.08966781 0.12524502 0.122509226 0.09203362 0.106567085 0.117588416 0.093876645 0.11929684 0.09470942 0.09825643 0.10108337 0.111864306 0.11663585 0.12471224 0.12420478 0.124863505 0.10608203 0.113156304 0.11766567 0.12524474 0.12241794 0.1233209 0.11096079 0.12756202 0.0978538 0.13226879 0.11640333 0.101139024 0.11739125 0.12671034 0.12301927 0.11248426 0.11883548 0.1255123 0.105243355 0.16508402 0.10912132 0.11669186 0.122681275 0.123661995 0.09679554 0.11255961 0.13183156 0.09457168 0.103459045 0.14166465 0.09665862 0.13208474 0.1315416 0.12012834 0.1113984 0.13155356 0.12319962 0.11835652 0.10749068 0.14216007 0.15318197 0.11106157 0.11674915 0.15029429 0.11592185 0.10038584 0.11876633 0.12781161 0.11390736 0.12159276 0.13636944 0.122055106 0.10160996 0.10119102 0.11804546 0.0986021 0.12620085 0.09884645 0.11109899 0.11106098 0.108417034 0.09975939 0.111060254 0.093200356 0.114178546 0.09004403 0.13019425 0.120029315 0.10305182 0.12294482 0.11717035 0.14521153 0.10663516 0.13349351 0.10070996 0.088555925 0.08947826 0.08497805 0.09573452 0.10776852 0.13262123 0.127044 0.11848504 0.117658064 0.11807125 0.1168118 0.12164117 0.13280961 0.11710567 0.10251949,0.12383347 0.105943516 0.10627328 0.12772395 0.11420432 0.12438938 0.11419414 0.13631925 0.11898707 0.1183298 0.12998511 0.11793166 0.11178347 0.14730951 0.12766121 0.08919692 0.110122375 0.10719021 0.12527728 0.107754216 0.09631507 0.09461097 0.097832784 0.13765201 0.1181309 0.10665003 0.102778286 0.11679021 0.116665356 0.11326263 0.12703307 0.105639 0.115131296 0.11362853 0.108749725 0.11084387 0.12080886 0.09906894 0.10812584 0.14573206 0.09996682 0.11042679 0.10489406 0.13439326 0.109317794 0.10752065 0.14274028 0.11734406 0.102387436 0.10481374 0.0924748 0.10859857 0.10556283 0.1560488 0.10794497 0.09178636 0.09159608 0.14725362 0.1060146 0.11919985 0.119602025 0.093423516 0.15475716 0.12444787 0.10507708 0.10241406 0.11432127 0.09982862 0.11605137 0.1149311 0.12133593 0.12823178 0.12834942 0.13109745 0.10993712 0.10548896 0.107405454 0.11224661 0.11224046 0.11718444 0.11829818 0.100328274 0.1200448 0.11309842 0.10852142 0.10699051 0.10838216 0.110592484 0.12582146 0.15239693 0.10330161 0.098377354 0.0998711 0.11362723 0.12354707 0.13584384 0.120344736 0.11473315 0.09663622 0.13952178 0.088194825 0.12894711 0.115431815 0.09848537 0.09556643 0.14121085 0.12293712 0.14343265 0.12629077 0.10206802 0.100188285 0.12872194 0.12822655 0.09779691 0.13525084 0.11913059 0.13622138 0.10732452 0.09804757 0.13442163 0.14037783 0.08185128 0.120271616 0.12179369 0.1164152 0.14244615 0.11659794 0.110578015 0.10916526 0.109076254 0.10428121 0.10124164 0.10899432 0.11909201 0.11621854 0.093373396 0.11094079 0.12159083 0.100701235 0.11851393 0.13415779 0.11658553 0.09901827 0.109482 0.10954326 0.10925305 0.1364452 0.12220165 0.10706041 0.15209882 0.095493436 0.13091682 0.12288773 0.17159139 0.10472045 0.13679488 0.12074077 0.112300575 0.124199174 0.13687545 0.115729295 0.10277946 0.12937112 0.123091325 0.10851861 0.10703251 0.13121007 0.14458841 0.12105517 0.14277801 0.12669522 0.09317831 0.12865339 0.115322895 0.12439024 0.14657612 0.10615526 0.118418515 0.15012166 0.10597515 0.15477045 0.12925154 0.10335111 0.11711658 0.10489107 0.11271647 0.09683932 0.15389515 0.101343215 0.11261127 0.10332079 0.14309792 0.16340344 0.13372761 0.11121697 0.10858111 0.10146726 0.116942294 0.115526654 0.09714803 0.11982891 0.094905235 0.11618365 0.108323924 0.1420876 0.09432074 0.116083145 0.116188765 0.16717376 0.1098323 0.1108765 0.10814943 0.11326073 0.109022215 0.113765106 0.1024984 0.15069616 0.10589086 0.108368084 0.11501026 0.13222545 0.14470908 0.13877627 0.12862575 0.11989129 0.10598078 0.104208566 0.14954178 0.10523747 0.15153894 0.104100466 0.13576499 0.10710172 0.12642221 0.1309927 0.13974932 0.11524327 0.13127665 0.099324346 0.11793258 0.11804342 0.11750601 0.085801266 0.10910892 0.1457046 0.1458973 0.14595583 0.12280573 0.094600484 0.107243784 0.11456193 0.11553544 0.10199684 0.11972024 0.13096504 0.0973843 0.11373303 0.107473634 0.09061465 0.10203958 0.14951271 0.11991454 0.09481588 0.12879999 0.13772382 0.15498574 0.1295357 0.102180645 0.13561963 0.12148726 0.1309239 0.119956546 0.0972278 0.13195798 0.099176705 0.13914804 0.11287031 0.14183679 0.10429213 0.102534436 0.11081325 0.12938116 0.14390865 0.1147757 0.11285143 0.11864981 0.090802185 0.12258349 0.112469964 0.12689751 0.1255557 0.1256667 0.1284474 0.12414283 0.10233232 0.12184642 0.10498176 0.114410855 0.1073908 0.09837974 0.11432315 0.11622474 0.13676573 0.11206619 0.11235546 0.09513769 0.11094737 0.107399404 0.11315639 0.14036922 0.11653359 0.1080791 0.115880385 0.111769184 0.12428375 0.13926016 0.11094985 0.11019384 0.11441207 0.1218912 0.15537131 0.11790083 0.13770439 0.10525827 0.114806645 0.12199836 0.09423625 0.14910361 0.10508498 0.10994226 0.11325345 0.10746121 0.118088365 0.14276786 0.12761824 0.14768006 0.103891365 0.10369074 0.107762255 0.12261534 0.13195449 0.10587002 0.1450309 0.14910047 0.117370114 0.12253954 0.09071018 0.09850835 0.116763376 0.09773247 0.10022812 0.11692484 0.12891477 0.14739549 0.16064994 0.11766695 0.11134508 0.1183252 0.11026998 0.096701905 0.08766117 0.14337471 0.10190137 0.124616764 0.1201039 0.13653542 0.103365436 0.1244854 0.11800587 0.11513807 0.15130086 0.10620709 0.12628092 0.10880518 0.11927908 0.101358116 0.10853841 0.084824026 0.110774405 0.13096057 0.12325718 0.12995626 0.10164223 0.10127262 0.11584695 0.12489586 0.113757096 0.12638637 0.118103735 0.13252094 0.119558565 0.1289753 0.12051677 0.1766824 0.11271544 0.1348078 0.110344216 0.14091264 0.12216611 0.11805667 0.12661602 0.15429628 0.13975532 0.13358343 0.10325154 0.09324232 0.08965687 0.12522973 0.12249428 0.09202239 0.10655408 0.117574066 0.09386519 0.11928228 0.094697855 0.098244436 0.10107104 0.11185065 0.11662161 0.12469702 0.124189615 0.12484826 0.10606909 0.1131425 0.117651306 0.12522945 0.122403 0.12330585 0.11094725 0.12754646 0.09784186 0.13225263 0.116389126 0.101126686 0.11737692 0.12669487 0.12300426 0.11247053 0.11882098 0.12549698 0.10523051 0.16506387 0.109108 0.11667761 0.12266631 0.12364691 0.09678373 0.11254588 0.13181548 0.09456014 0.103446424 0.14164737 0.096646816 0.13206862 0.13152553 0.120113686 0.11138481 0.1315375 0.123184584 0.11834208 0.10747757 0.14214271 0.15316328 0.11104802 0.1167349 0.15027595 0.1159077 0.10037358 0.11875183 0.12779601 0.11389346 0.121577926 0.13635279 0.122040205 0.101597555 0.101178676 0.118031055 0.09859007 0.12618546 0.09883439 0.11108543 0.111047424 0.1084038 0.09974722 0.1110467 0.093188986 0.11416461 0.09003304 0.13017835 0.12001467 0.10303924 0.12292981 0.11715604 0.1451938 0.10662215 0.13347721 0.100697674 0.08854512 0.08946735 0.08496768 0.09572284 0.10775537 0.13260505 0.1270285 0.11847058 0.11764371 0.11805684 0.11679754 0.12162632 0.13279341 0.11709138 0.10250697,0.0009750667 0.00083420094 0.00083679747 0.0010057003 0.0008992466 0.0009794439 0.00089916645 0.0010733799 0.000936906 0.0009317307 0.0010235048 0.0009285957 0.00088018476 0.0011599174 0.0010052064 0.00070233794 0.0008671053 0.00084401737 0.0009864353 0.0008484584 0.0007583864 0.00074496825 0.0007703369 0.0010838741 0.0009301646 0.000839764 0.0008092778 0.000919608 0.00091862486 0.00089183176 0.0010002604 0.0008318032 0.0009065456 0.0008947128 0.00085629703 0.00087278633 0.0009512509 0.0007800704 0.0008513846 0.0011474965 0.0007871403 0.0008695023 0.00082593743 0.0010582147 0.00086077006 0.00084661925 0.0011239392 0.00092396897 0.00080620026 0.00082530506 0.00072814804 0.0008551068 0.00083120336 0.0012287308 0.00084996043 0.0007227273 0.000721229 0.0011594773 0.00083476066 0.0009385815 0.0009417482 0.00073561823 0.0012185603 0.0009799044 0.0008273786 0.0008064099 0.00090016745 0.00078605214 0.0009137903 0.0009049693 0.00095540105 0.0010096991 0.0010106254 0.0010322634 0.0008656466 0.00083062175 0.00084571226 0.0008838316 0.00088378316 0.0009227121 0.0009314817 0.0007899864 0.0009452346 0.00089053874 0.00085449935 0.00084244495 0.00085340283 0.000870807 0.0009907201 0.0011999758 0.00081339845 0.0007746248 0.0007863866 0.0008947026 0.0009728116 0.0010696365 0.00094759633 0.00090341066 0.0007609151 0.0010985967 0.00069444743 0.0010153316 0.0009089119 0.0007754754 0.0007524916 0.0011118965 0.0009680088 0.0011293909 0.0009944155 0.0008036852 0.0007888841 0.0010135586 0.0010096579 0.0007700544 0.0010649672 0.00093803613 0.0010726093 0.00084507494 0.0007720281 0.0010584381 0.0011053373 0.0006444983 0.0009470206 0.00095900544 0.0009166551 0.0011216232 0.000918094 0.000870693 0.00085956894 0.0008588681 0.0008211119 0.00079717825 0.000858223 0.00093773234 0.0009151066 0.0007352236 0.00087354955 0.0009574081 0.0007929231 0.0009331805 0.0010563605 0.0009179963 0.0007796714 0.00086206297 0.00086254533 0.0008602602 0.0010743716 0.00096221775 0.00084299536 0.0011976284 0.00075191684 0.0010308411 0.00096761994 0.0013511133 0.0008245705 0.0010771251 0.00095071475 0.0008842565 0.0009779462 0.0010777594 0.00091125426 0.0008092871 0.0010186703 0.00096922304 0.0008544772 0.0008427756 0.0010331502 0.0011384914 0.0009531903 0.0011242363 0.0009976001 0.0007336875 0.0010130189 0.0009080543 0.0009794506 0.0011541427 0.0008358682 0.0009324293 0.0011820603 0.00083445 0.0012186649 0.0010177287 0.00081378827 0.0009221778 0.0008259139 0.00088753126 0.00076251436 0.0012117729 0.0007979781 0.0008867029 0.00081354956 0.0011267553 0.0012866412 0.0010529733 0.0008757242 0.0008549694 0.0007989548 0.00092080544 0.0009096587 0.0007649451 0.0009435347 0.0007472853 0.00091483194 0.0008529443 0.0011187999 0.00074268295 0.0009140405 0.00091487216 0.0013163288 0.00086482125 0.0008730433 0.00085157034 0.0008918168 0.0008584426 0.00089578825 0.000807074 0.0011865839 0.0008337863 0.000853292 0.00090559263 0.0010411453 0.0011394416 0.0010927266 0.0010128012 0.00094402593 0.00083449436 0.0008205399 0.0011774943 0.00082864147 0.00119322 0.0008196887 0.0010690156 0.0008433207 0.0009954505 0.0010314386 0.0011003884 0.00090742734 0.0010336745 0.00078208145 0.000928603 0.00092947576 0.0009252442 0.00067560055 0.00085912534 0.0011472803 0.0011487977 0.0011492585 0.00096697424 0.0007448857 0.00084443926 0.00090206246 0.0009097279 0.00080312474 0.00094267906 0.0010312208 0.0007668055 0.0008955357 0.0008462491 0.0007135012 0.0008034613 0.0011772654 0.000944209 0.00074658176 0.0010141731 0.0010844396 0.0012203602 0.0010199662 0.000804572 0.0010678711 0.0009565926 0.0010308968 0.00094453973 0.0007655732 0.0010390392 0.0007809189 0.0010956539 0.0008887426 0.0011168252 0.0008211979 0.0008073578 0.0008725453 0.0010187493 0.001133139 0.0009037457 0.00088859396 0.0009342505 0.00071497785 0.00096522435 0.00088559027 0.000999193 0.0009886276 0.0009895015 0.0010113969 0.0009775027 0.00080576626 0.00095942063 0.000826628 0.00090087287 0.00084559683 0.0007746436 0.00090018223 0.00091515546 0.0010768955 0.0008824109 0.0008846887 0.0007491157 0.00087360136 0.0008456646 0.0008909952 0.0011052694 0.0009175873 0.00085101655 0.00091244397 0.0008800723 0.0009786122 0.0010965366 0.00087362085 0.000867668 0.0009008824 0.00095977326 0.0012233962 0.000928353 0.0010842865 0.00082880526 0.0009039893 0.00096061704 0.0007420177 0.0011740442 0.00082744076 0.0008656871 0.00089175947 0.0008461512 0.00092982966 0.0011241564 0.0010048681 0.0011628352 0.00081804226 0.00081646256 0.0008485217 0.0009654751 0.0010390118 0.00083362224 0.0011419756 0.0011740194 0.00092417415 0.0009648783 0.00071425334 0.0007756563 0.00091939664 0.000769547 0.0007891978 0.000920668 0.001015077 0.0011605944 0.0012649602 0.0009265114 0.0008767329 0.0009316945 0.00086826755 0.00076143234 0.0006902454 0.0011289348 0.000802373 0.0009812344 0.00094570004 0.0010750821 0.0008139011 0.0009802 0.00092918007 0.000906599 0.0011913454 0.0008362763 0.000994338 0.0008567337 0.00093920535 0.0007980954 0.00085463317 0.0006679057 0.0008722394 0.0010311856 0.000970529 0.0010232776 0.0008003325 0.0007974222 0.0009121807 0.000983432 0.00089572516 0.0009951683 0.0009299507 0.001043472 0.000941406 0.0010155536 0.00094895094 0.0013912 0.0008875231 0.0010614787 0.0008688521 0.0011095484 0.0009619379 0.00092958007 0.0009969765 0.0012149314 0.0011004356 0.001051838 0.00081300427 0.0007341915 0.00070595957 0.0009860608 0.0009645219 0.0007245857 0.00083900854 0.00092578004 0.000739096 0.00093923055 0.0007456524 0.00077357824 0.00079583493 0.00088071375 0.00091828045 0.0009818663 0.000977871 0.0009830572 0.00083518965 0.0008908858 0.00092638825 0.0009860586 0.00096380315 0.0009709122 0.0008736004 0.0010043029 0.0007704083 0.0010413593 0.0009164498 0.0007962731 0.00092422776 0.0009975975 0.00096853747 0.00088559475 0.0009355983 0.0009881653 0.0008285867 0.0012997155 0.0008591181 0.0009187214 0.00096587645 0.0009735977 0.0007620766 0.000886188 0.0010379171 0.000744568 0.0008145388 0.0011153336 0.0007609985 0.0010399104 0.0010356341 0.00094577705 0.00087704574 0.0010357284 0.0009699573 0.0009318274 0.0008462801 0.001119234 0.0012060101 0.00087439385 0.0009191724 0.0011832751 0.00091265904 0.00079034315 0.0009350538 0.0010062677 0.00089679885 0.00095730653 0.001073644 0.0009609465 0.0007999808 0.0007966825 0.0009293784 0.00077629974 0.0009935863 0.0007782235 0.00087468844 0.0008743892 0.00085357326 0.00078541116 0.0008743835 0.00073377154 0.00089893397 0.0007089216 0.0010250263 0.00094499736 0.0008113326 0.00096795126 0.0009224885 0.0011432583 0.0008395445 0.0010510017 0.0007928951 0.00069720566 0.0007044673 0.0006690369 0.00075372314 0.00084846746 0.0010441343 0.0010002244 0.00093283923 0.0009263284 0.0009295814 0.0009196656 0.00095768756 0.0010456174 0.0009219794 0.00080714154,
353,512,,,0.0047707255 0.0047707255 0.0047707255 0.0047707255 0.0047707255 0.0047707255 0.0047707255 0.0047707255 0.0047707255 0.0047707255 0.0047707255 0.0047707255 0.0047707255 0.0047707255 0.0047707255 0.0047707255 0.0047707255 0.0047707255 0.0047707255 0.0047707255 0.0047707255 0.0047707255 0.0047707255 0.0047707255 0.0047707255 0.0047707255 0.0047707255 0.0047707255 0.0047707255 0.0047707255 0.0047707255 0.0047707255 0.0047707255 0.0047707255 0.0047707255 0.0047707255 0.0047707255 0.0047707255 0.0047707255 0.0047707255 0.0047707255 0.0047707255 0.0047707255 0.0047707255 0.0047707255 0.0047707255 0.0047707255 0.0047707255 0.0047707255 0.0047707255 0.0047707255 0.0047707255 0.0047707255 0.0047707255 0.0047707255 0.0047707255 0.0047707255 0.0047707255 0.0047707255 0.0047707255 0.0047707255 0.0047707255 0.0047707255 0.0047707255 0.0047707255 0.0047707255 0.0047707255 0.0047707255 0.0047707255 0.0047707255 0.0047707255 0.0047707255 0.0047707255 0.0047707255 0.0047707255 0.0047707255 0.0047707255 0.0047707255 0.0047707255 0.0047707255 0.0047707255 0.0047707255 0.0047707255 0.0047707255 0.0047707255 0.0047707255 0.0047707255 0.0047707255 0.0047707255 0.0047707255 0.0047707255 0.0047707255 0.0047707255 0.0047707255 0.0047707255 0.0047707255 0.0047707255 0.0047707255 0.0047707255 0.0047707255 0.0047707255 0.0047707255 0.0047707255 0.0047707255 0.0047707255 0.0047707255 0.0047707255 0.0047707255 0.0047707255 0.0047707255 0.0047707255 0.0047707255 0.0047707255 0.0047707255 0.0047707255 0.0047707255 0.0047707255 0.0047707255 0.0047707255 0.0047707255 0.0047707255 0.0047707255 0.0047707255 0.0047707255 0.0047707255 0.0047707255 0.0047707255 0.0047707255 0.0047707255 0.0047707255 0.0047707255 0.0047707255 0.0047707255 0.0047707255 0.0047707255 0.0047707255 0.0047707255 0.0047707255 0.0047707255 0.0047707255 0.0047707255 0.0047707255 0.0047707255 0.0047707255 0.0047707255 0.0047707255 0.0047707255 0.0047707255 0.0047707255 0.0047707255 0.0047707255 0.0047707255 0.0047707255 0.0047707255 0.0047707255 0.0047707255 0.0047707255 0.0047707255 0.0047707255 0.0047707255 0.0047707255 0.0047707255 0.0047707255 0.0047707255 0.0047707255 0.0047707255 0.0047707255 0.0047707255 0.0047707255 0.0047707255 0.0047707255 0.0047707255 0.0047707255 0.0047707255 0.0047707255 0.0047707255 0.0047707255 0.0047707255 0.0047707255 0.0047707255 0.0047707255 0.0047707255 0.0047707255 0.0047707255 0.0047707255 0.0047707255 0.0047707255 0.0047707255 0.0047707255 0.0047707255 0.0047707255 0.0047707255 0.0047707255 0.0047707255 0.0047707255 0.0047707255 0.0047707255 0.0047707255 0.0047707255 0.0047707255 0.0047707255 0.0047707255 0.0047707255 0.0047707255 0.0047707255 0.0047707255 0.0047707255 0.0047707255 0.0047707255 0.0047707255 0.0047707255 0.0047707255 0.0047707255 0.0047707255 0.0047707255 0.0047707255 0.0047707255 0.0047707255 0.0047707255 0.0047707255 0.0047707255 0.0047707255 0.0047707255 0.0047707255 0.0047707255 0.0047707255 0.0047707255 0.0047707255 0.0047707255 0.0047707255 0.0047707255 0.0047707255 0.0047707255 0.0047707255 0.0047707255 0.0047707255 0.0047707255 0.0047707255 0.0047707255 0.0047707255 0.0047707255 0.0047707255 0.0047707255 0.0047707255 0.0047707255 0.0047707255 0.0047707255 0.0047707255 0.0047707255 0.0047707255 0.0047707255 0.0047707255 0.0047707255 0.0047707255 0.0047707255 0.0047707255 0.0047707255 0.0047707255 0.0047707255 0.0047707255 0.0047707255 0.0047707255 0.0047707255 0.0047707255 0.0047707255 0.0047707255 0.0047707255 0.0047707255 0.0047707255 0.0047707255 0.0047707255 0.0047707255 0.0047707255 0.0047707255 0.0047707255 0.0047707255 0.0047707255 0.0047707255 0.0047707255 0.0047707255 0.0047707255 0.0047707255 0.0047707255 0.0047707255 0.0047707255 0.0047707255 0.0047707255 0.0047707255 0.0047707255 0.0047707255 0.0047707255 0.0047707255 0.0047707255 0.0047707255 0.0047707255 0.0047707255 0.0047707255 0.0047707255 0.0047707255 0.0047707255 0.0047707255 0.0047707255 0.0047707255 0.0047707255 0.0047707255 0.0047707255 0.0047707255 0.0047707255 0.0047707255 0.0047707255 0.0047707255 0.0047707255 0.0047707255 0.0047707255 0.0047707255 0.0047707255 0.0047707255 0.0047707255 0.0047707255 0.0047707255 0.0047707255 0.0047707255 0.0047707255 0.0047707255 0.0047707255 0.0047707255 0.0047707255 0.0047707255 0.0047707255 0.0047707255 0.0047707255 0.0047707255 0.0047707255 0.0047707255 0.0047707255 0.0047707255 0.0047707255 0.0047707255 0.0047707255 0.0047707255 0.0047707255 0.0047707255 0.0047707255 0.0047707255 0.0047707255 0.0047707255 0.0047707255 0.0047707255 0.0047707255 0.0047707255 0.0047707255 0.0047707255 0.0047707255 0.0047707255 0.0047707255 0.0047707255 0.0047707255 0.0047707255 0.0047707255 0.0047707255 0.0047707255 0.0047707255 0.0047707255 0.0047707255 0.0047707255 0.0047707255 0.0047707255 0.0047707255 0.0047707255 0.0047707255 0.0047707255 0.0047707255 0.0047707255 0.0047707255 0.0047707255 0.0047707255 0.0047707255 0.0047707255 0.0047707255 0.0047707255 0.0047707255 0.0047707255 0.0047707255 0.0047707255 0.0047707255 0.0047707255 0.0047707255 0.0047707255 0.0047707255 0.0047707255 0.0047707255 0.0047707255 0.0047707255 0.0047707255 0.0047707255 0.0047707255 0.0047707255 0.0047707255 0.0047707255 0.0047707255 0.0047707255 0.0047707255 0.0047707255 0.0047707255 0.0047707255 0.0047707255 0.0047707255 0.0047707255 0.0047707255 0.0047707255 0.0047707255 0.0047707255 0.0047707255 0.0047707255 0.0047707255 0.0047707255 0.0047707255 0.0047707255 0.0047707255 0.0047707255 0.0047707255 0.0047707255 0.0047707255 0.0047707255 0.0047707255 0.0047707255 0.0047707255 0.0047707255 0.0047707255 0.0047707255 0.0047707255 0.0047707255 0.0047707255 0.0047707255 0.0047707255 0.0047707255 0.0047707255 0.0047707255 0.0047707255 0.0047707255 0.0047707255 0.0047707255 0.0047707255 0.0047707255 0.0047707255 0.0047707255 0.0047707255 0.0047707255 0.0047707255 0.0047707255 0.0047707255 0.0047707255 0.0047707255 0.0047707255 0.0047707255 0.0047707255 0.0047707255 0.0047707255 0.0047707255 0.0047707255 0.0047707255 0.0047707255 0.0047707255 0.0047707255 0.0047707255 0.0047707255 0.0047707255 0.0047707255 0.0047707255 0.0047707255 0.0047707255 0.0047707255 0.0047707255 0.0047707255 0.0047707255 0.0047707255 0.0047707255 0.0047707255 0.0047707255 0.0047707255 0.0047707255 0.0047707255 0.0047707255 0.0047707255 0.0047707255 0.0047707255 0.0047707255 0.0047707255 0.0047707255 0.0047707255 0.0047707255 0.0047707255 0.0047707255 0.0047707255 0.0047707255 0.0047707255 0.0047707255 0.0047707255 0.0047707255 0.0047707255 0.0047707255 0.0047707255 0.0047707255 0.0047707255 0.0047707255 0.0047707255 0.0047707255 0.0047707255 0.0047707255 0.0047707255 0.0047707255 0.0047707255,14 15 15 14 15 14 15 14 15 15 14 15 15 14 14 15 15 15 14 15 15 15 15 14 15 15 15 15 15 15 14 15 15 15 15 15 15 15 15 14 15 15 15 14 15 15 14 15 15 15 15 15 15 14 15 15 15 14 15 15 15 15 14 14 15 15 15 15 15 15 15 14 14 14 15 15 15 15 15 15 15 15 15 15 15 15 15 15 14 14 15 15 15 15 15 14 15 15 15 14 15 14 15 15 15 14 15 14 14 15 15 14 14 15 14 15 14 15 15 14 14 15 15 15 15 14 15 15 15 15 15 15 15 15 15 15 15 15 15 15 14 15 15 15 15 15 14 15 15 14 15 14 15 14 15 14 15 15 14 14 15 15 14 15 15 15 14 14 15 14 14 15 14 15 14 14 15 15 14 15 14 14 15 15 15 15 15 14 15 15 15 14 14 14 15 15 15 15 15 15 15 15 15 15 14 15 15 15 14 15 15 15 15 15 15 15 14 15 15 15 14 14 14 14 15 15 15 14 15 14 15 14 15 14 14 14 15 14 15 15 15 15 15 15 14 14 14 15 15 15 15 15 15 15 14 15 15 15 15 15 14 15 15 14 14 14 14 15 14 15 14 15 15 14 15 14 15 14 15 15 15 14 14 15 15 15 15 15 15 14 14 14 14 14 15 15 15 15 15 15 15 15 14 15 15 15 15 15 15 14 15 15 15 15 14 14 15 15 15 15 14 15 14 15 15 15 15 14 15 15 15 15 15 14 14 14 15 15 15 15 14 15 14 14 15 15 15 15 15 15 15 15 14 14 14 15 15 15 15 15 15 14 15 14 15 14 15 14 15 15 14 15 14 15 15 15 15 15 15 14 15 14 15 15 15 14 15 14 15 14 15 14 15 14 15 14 15 14 15 15 14 14 14 14 15 15 15 14 15 15 15 15 15 15 15 15 15 15 15 14 14 14 15 15 15 14 15 15 15 14 15 14 15 15 15 14 15 15 15 14 15 14 15 15 15 15 15 15 14 15 15 14 15 14 14 15 15 14 15 15 15 14 14 15 15 14 15 15 15 14 15 15 14 15 15 15 15 15 14 15 15 15 15 15 15 15 15 15 14 15 15 15 15 14 15 14 15 15 15 15 15 15 14 14 15 15 15 15 15 14 15 15
363,1x1x768x256,0.13024226 0.18959333 0.20601769 0.19560331 0.13332711 0.1591523 0.112109914 0.14999369 0.16139889 0.19151402 0.1854602 0.12227324 0.15112993 0.17337127 0.182927 0.14501703 0.1322813 0.12074034 0.15053318 0.16551745 0.1493805 0.15308209 0.18113418 0.18258983 0.20303509 0.1693085 0.18399863 0.13392879 0.14696923 0.1624935 0.17077616 0.15040173 0.12586299 0.18464509 0.12905347 0.16173868 0.14452046 0.1385752 0.14173315 0.17140673 0.14384302 0.15869331 0.15749197 0.13321488 0.14248963 0.13754891 0.10903374 0.1151242 0.1914105 0.14964454 0.17852736 0.16358562 0.2055866 0.18924767 0.13178334 0.14093053 0.108547114 0.16060348 0.23171411 0.1493965 0.13328804 0.16581576 0.11746987 0.19892508 0.17481956 0.17191896 0.16179055 0.138623 0.14962094 0.22880073 0.1494594 0.16245161 0.19244614 0.14683324 0.13638864 0.17604093 0.1797707 0.16484755 0.11255287 0.14694151 0.15411851 0.15282369 0.14229423 0.13561553 0.13358127 0.20193759 0.1826731 0.15287034 0.11666112 0.15826958 0.17711613 0.15526849 0.17599191 0.16703972 0.17497687 0.17939098 0.18006755 0.15053833 0.16107836 0.14940208 0.14927748 0.15851238 0.12536098 0.14341024 0.15008155 0.17413081 0.20873097 0.17081967 0.13002038 0.14869857 0.13531029 0.14740172 0.10763366 0.1399962 0.15666306 0.23448889 0.13861577 0.10990597 0.14061695 0.1461607 0.14602117 0.17077166 0.118772425 0.12521756 0.152629 0.15689628 0.14475788 0.13987403 0.14091222 0.15193367 0.1568836 0.15788743 0.14576112 0.119123645 0.175962 0.1235178 0.13354783 0.11763401 0.1462709 0.16972591 0.120902345 0.1546505 0.14523326 0.15484427 0.13219182 0.12879801 0.14703926 0.17903237 0.17758116 0.15933229 0.1614952 0.12718803 0.1701784 0.13266906 0.14552191 0.14491554 0.12113587 0.19625081 0.16335337 0.20087105 0.13789958 0.17068028 0.14183794 0.15541638 0.14696226 0.15750377 0.17340118 0.14618945 0.16388118 0.18270938 0.11951953 0.13954662 0.11890935 0.12188068 0.16089071 0.13885632 0.1790513 0.16168083 0.15618049 0.13619055 0.13401827 0.15684251 0.12745957 0.1854883 0.17333524 0.10871826 0.13662028 0.20425884 0.12961036 0.12605506 0.12890434 0.17885078 0.13720511 0.16277954 0.16288057 0.13817525 0.14633583 0.12374399 0.14090028 0.137161 0.15072893 0.17098396 0.13267118 0.12428889 0.10476298 0.15054077 0.16402887 0.15608513 0.11700819 0.16317777 0.12439305 0.22412431 0.13358197 0.17144054 0.14388065 0.14366743 0.12498209 0.12546614 0.13142051 0.11748023 0.13632767 0.16661325 0.113617055 0.13784687 0.12287351 0.17523189 0.15455082 0.18073991 0.12491233 0.1420817 0.14232937 0.118140504 0.12780574 0.16010429 0.12708315 0.12702854 0.10198938 0.15367492 0.13810365 0.12022993 0.13343826 0.15993048 0.1819683 0.14103572 0.13592476 0.10907584 0.12360982 0.15691978 0.14537233 0.1252028 0.13247044 0.11928245 0.13222133 0.15194865 0.14731492 0.14018175,0.13022637 0.18957019 0.20599253 0.19557944 0.13331084 0.15913287 0.11209623 0.14997537 0.16137919 0.19149064 0.18543756 0.12225831 0.15111148 0.17335011 0.18290468 0.14499934 0.13226515 0.12072561 0.15051481 0.16549726 0.14936227 0.15306342 0.18111207 0.18256754 0.2030103 0.16928785 0.18397617 0.13391244 0.1469513 0.16247366 0.17075533 0.15038337 0.12584762 0.18462256 0.12903772 0.16171895 0.14450283 0.13855828 0.14171585 0.17138581 0.14382547 0.15867396 0.15747274 0.13319862 0.14247224 0.13753213 0.109020434 0.11511016 0.19138715 0.14962628 0.17850557 0.16356565 0.2055615 0.18922457 0.13176724 0.14091334 0.10853387 0.16058387 0.23168585 0.14937827 0.13327178 0.16579552 0.117455535 0.1989008 0.17479822 0.17189798 0.1617708 0.13860607 0.14960267 0.2287728 0.14944117 0.16243178 0.19242266 0.14681533 0.136372 0.17601945 0.17974874 0.16482744 0.112539135 0.14692357 0.1540997 0.15280505 0.14227685 0.13559899 0.13356496 0.20191294 0.1826508 0.15285169 0.11664688 0.15825027 0.17709452 0.15524955 0.17597042 0.16701934 0.17495552 0.17936909 0.18004557 0.15051995 0.16105871 0.14938386 0.14925927 0.15849304 0.12534569 0.14339274 0.15006323 0.17410956 0.2087055 0.17079882 0.13000451 0.14868042 0.13529378 0.14738373 0.10762052 0.13997912 0.15664394 0.23446026 0.13859884 0.109892555 0.1405998 0.14614287 0.14600335 0.17075083 0.118757926 0.12520228 0.15261038 0.15687713 0.14474022 0.13985696 0.14089502 0.15191512 0.15686445 0.15786816 0.14574333 0.11910911 0.17594053 0.123502724 0.13353153 0.117619656 0.14625305 0.1697052 0.120887585 0.15463163 0.14521553 0.15482537 0.1321757 0.12878229 0.14702131 0.17901051 0.17755948 0.15931284 0.1614755 0.12717251 0.17015763 0.13265288 0.14550415 0.14489785 0.121121086 0.19622685 0.16333343 0.20084654 0.13788274 0.17065945 0.14182064 0.15539742 0.14694433 0.15748455 0.17338002 0.1461716 0.16386119 0.18268707 0.11950495 0.13952959 0.118894845 0.1218658 0.16087109 0.13883938 0.17902943 0.1616611 0.15616143 0.13617392 0.13400193 0.15682338 0.12744401 0.18546566 0.1733141 0.10870499 0.13660361 0.20423391 0.12959455 0.12603967 0.12888862 0.17882895 0.13718837 0.16275968 0.16286069 0.1381584 0.14631796 0.123728886 0.14088309 0.13714425 0.15071052 0.17096308 0.132655 0.12427372 0.10475019 0.1505224 0.16400884 0.15606607 0.11699391 0.16315785 0.12437788 0.22409697 0.13356566 0.17141962 0.14386308 0.1436499 0.12496684 0.12545083 0.13140446 0.11746589 0.13631104 0.16659293 0.11360319 0.13783005 0.12285852 0.1752105 0.15453196 0.18071784 0.124897085 0.14206436 0.142312 0.11812609 0.12779015 0.16008474 0.12706764 0.12701303 0.10197694 0.15365617 0.1380868 0.12021525 0.13342197 0.15991096 0.18194608 0.14101851 0.13590817 0.10906253 0.12359474 0.15690063 0.1453546 0.12518752 0.13245428 0.11926789 0.13220519 0.1519301 0.14729695 0.14016464,0.0010254045 0.0014926787 0.0016219885 0.0015399955 0.0010496917 0.0012530147 0.00088264747 0.0011809084 0.0012707022 0.0015078003 0.0014601382 0.0009626639 0.0011898542 0.0013649615 0.0014401943 0.0011417271 0.0010414579 0.00095059536 0.0011851559 0.001303128 0.0011760808 0.0012052237 0.0014260793 0.0014375397 0.0015985064 0.0013329751 0.0014486313 0.0010544288 0.0011570968 0.0012793202 0.0013445301 0.001184121 0.0009909262 0.001453721 0.0010160451 0.0012733776 0.0011378176 0.00109101 0.0011158729 0.0013494946 0.0011324841 0.0012494012 0.0012399429 0.001048808 0.0011218287 0.0010829301 0.0008584286 0.0009063792 0.0015069854 0.0011781597 0.0014055556 0.0012879185 0.0016185945 0.0014899572 0.0010375374 0.0011095539 0.00085459737 0.0012644399 0.0018242981 0.0011762069 0.0010493841 0.0013054765 0.00092484674 0.001566148 0.0013763639 0.0013535274 0.0012737858 0.0010913864 0.0011779737 0.0018013606 0.0011767021 0.0012789904 0.001515139 0.0011560263 0.0010737953 0.0013859799 0.0014153444 0.0012978538 0.0008861349 0.0011568785 0.0012133835 0.0012031894 0.0011202901 0.0010677086 0.0010516926 0.0015898657 0.0014381954 0.0012035565 0.00091847935 0.0012460651 0.0013944451 0.0012224374 0.0013855939 0.0013151129 0.0013776025 0.0014123551 0.0014176817 0.0011851965 0.0012681788 0.0011762509 0.0011752698 0.0012479767 0.000986974 0.0011290767 0.0011816003 0.0013709414 0.0016433503 0.0013448726 0.0010236575 0.0011707119 0.0010653053 0.0011605019 0.0008474057 0.0011021978 0.0012334168 0.0018461439 0.0010913295 0.0008652957 0.001107085 0.0011507312 0.0011496327 0.0013444948 0.00093510177 0.0009858448 0.0012016565 0.001235253 0.0011396868 0.001101236 0.0011094096 0.001196182 0.0012351532 0.0012430564 0.0011475852 0.000937867 0.0013853585 0.0009724624 0.0010514293 0.000926139 0.0011515988 0.0013362614 0.00095187075 0.0012175719 0.0011434293 0.0012190974 0.0010407536 0.0010140338 0.001157648 0.0014095316 0.0013981061 0.0012544318 0.0012714606 0.0010013584 0.0013398238 0.0010445109 0.001145702 0.0011409279 0.00095370936 0.0015450933 0.00128609 0.0015814689 0.0010856908 0.0013437752 0.0011166979 0.0012236018 0.001157042 0.0012400358 0.001365197 0.0011509574 0.0012902456 0.0014384809 0.0009409839 0.0010986582 0.0009361799 0.00095957326 0.0012667015 0.0010932235 0.0014096806 0.001272922 0.0012296175 0.0010722356 0.0010551333 0.0012348298 0.0010034961 0.0014603595 0.0013646779 0.0008559448 0.001075619 0.0016081411 0.0010204295 0.0009924383 0.001014871 0.001408102 0.0010802235 0.0012815723 0.0012823676 0.0010878614 0.0011521099 0.0009742432 0.0011093157 0.001079876 0.001186697 0.001346166 0.0010445275 0.0009785332 0.00082480465 0.0011852157 0.0012914082 0.0012288667 0.0009212119 0.0012847075 0.0009793533 0.001764543 0.0010516981 0.0013497608 0.0011327802 0.0011311016 0.0009839908 0.0009878018 0.0010346808 0.0009249283 0.0010733153 0.0013117553 0.00089451333 0.001085276 0.0009673899 0.0013796103 0.001216787 0.0014229751 0.0009834416 0.001118617 0.001120567 0.00093012664 0.0010062216 0.0012605097 0.0010005326 0.0010001026 0.00080296805 0.001209891 0.0010872976 0.00094657677 0.0010505667 0.0012591415 0.0014326463 0.0011103819 0.0010701431 0.0008587601 0.0009731869 0.001235438 0.0011445244 0.0009857285 0.001042947 0.0009391172 0.0010409857 0.0011962999 0.0011598185 0.0011036586,
364,256,,,0.0049615246 0.0049615246 0.0049615246 0.0049615246 0.0049615246 0.0049615246 0.0049615246 0.0049615246 0.0049615246 0.0049615246 0.0049615246 0.0049615246 0.0049615246 0.0049615246 0.0049615246 0.0049615246 0.0049615246 0.0049615246 0.0049615246 0.0049615246 0.0049615246 0.0049615246 0.0049615246 0.0049615246 0.0049615246 0.0049615246 0.0049615246 0.0049615246 0.0049615246 0.0049615246 0.0049615246 0.0049615246 0.0049615246 0.0049615246 0.0049615246 0.0049615246 0.0049615246 0.0049615246 0.0049615246 0.0049615246 0.0049615246 0.0049615246 0.0049615246 0.0049615246 0.0049615246 0.0049615246 0.0049615246 0.0049615246 0.0049615246 0.0049615246 0.0049615246 0.0049615246 0.0049615246 0.0049615246 0.0049615246 0.0049615246 0.0049615246 0.0049615246 0.0049615246 0.0049615246 0.0049615246 0.0049615246 0.0049615246 0.0049615246 0.0049615246 0.0049615246 0.0049615246 0.0049615246 0.0049615246 0.0049615246 0.0049615246 0.0049615246 0.0049615246 0.0049615246 0.0049615246 0.0049615246 0.0049615246 0.0049615246 0.0049615246 0.0049615246 0.0049615246 0.0049615246 0.0049615246 0.0049615246 0.0049615246 0.0049615246 0.0049615246 0.0049615246 0.0049615246 0.0049615246 0.0049615246 0.0049615246 0.0049615246 0.0049615246 0.0049615246 0.0049615246 0.0049615246 0.0049615246 0.0049615246 0.0049615246 0.0049615246 0.0049615246 0.0049615246 0.0049615246 0.0049615246 0.0049615246 0.0049615246 0.0049615246 0.0049615246 0.0049615246 0.0049615246 0.0049615246 0.0049615246 0.0049615246 0.0049615246 0.0049615246 0.0049615246 0.0049615246 0.0049615246 0.0049615246 0.0049615246 0.0049615246 0.0049615246 0.0049615246 0.0049615246 0.0049615246 0.0049615246 0.0049615246 0.0049615246 0.0049615246 0.0049615246 0.0049615246 0.0049615246 0.0049615246 0.0049615246 0.0049615246 0.0049615246 0.0049615246 0.0049615246 0.0049615246 0.0049615246 0.0049615246 0.0049615246 0.0049615246 0.0049615246 0.0049615246 0.0049615246 0.0049615246 0.0049615246 0.0049615246 0.0049615246 0.0049615246 0.0049615246 0.0049615246 0.0049615246 0.0049615246 0.0049615246 0.0049615246 0.0049615246 0.0049615246 0.0049615246 0.0049615246 0.0049615246 0.0049615246 0.0049615246 0.0049615246 0.0049615246 0.0049615246 0.0049615246 0.0049615246 0.0049615246 0.0049615246 0.0049615246 0.0049615246 0.0049615246 0.0049615246 0.0049615246 0.0049615246 0.0049615246 0.0049615246 0.0049615246 0.0049615246 0.0049615246 0.0049615246 0.0049615246 0.0049615246 0.0049615246 0.0049615246 0.0049615246 0.0049615246 0.0049615246 0.0049615246 0.0049615246 0.0049615246 0.0049615246 0.0049615246 0.0049615246 0.0049615246 0.0049615246 0.0049615246 0.0049615246 0.0049615246 0.0049615246 0.0049615246 0.0049615246 0.0049615246 0.0049615246 0.0049615246 0.0049615246 0.0049615246 0.0049615246 0.0049615246 0.0049615246 0.0049615246 0.0049615246 0.0049615246 0.0049615246 0.0049615246 0.0049615246 0.0049615246 0.0049615246 0.0049615246 0.0049615246 0.0049615246 0.0049615246 0.0049615246 0.0049615246 0.0049615246 0.0049615246 0.0049615246 0.0049615246 0.0049615246 0.0049615246 0.0049615246 0.0049615246 0.0049615246 0.0049615246 0.0049615246 0.0049615246 0.0049615246 0.0049615246 0.0049615246 0.0049615246 0.0049615246 0.0049615246 0.0049615246 0.0049615246 0.0049615246 0.0049615246 0.0049615246 0.0049615246 0.0049615246 0.0049615246 0.0049615246 0.0049615246 0.0049615246,14 14 14 14 14 14 15 14 14 14 14 15 14 14 14 14 14 15 14 14 14 14 14 14 14 14 14 14 14 14 14 14 14 14 14 14 14 14 14 14 14 14 14 14 14 14 15 15 14 14 14 14 14 14 14 14 15 14 14 14 14 14 15 14 14 14 14 14 14 14 14 14 14 14 14 14 14 14 15 14 14 14 14 14 14 14 14 14 15 14 14 14 14 14 14 14 14 14 14 14 14 14 14 14 14 14 14 14 14 14 14 14 15 14 14 14 14 15 14 14 14 14 15 14 14 14 14 14 14 14 14 14 14 15 14 15 14 15 14 14 15 14 14 14 14 14 14 14 14 14 14 14 14 14 14 14 15 14 14 14 14 14 14 14 14 14 14 14 14 14 15 14 15 15 14 14 14 14 14 14 14 14 14 14 14 15 14 14 14 14 14 14 14 14 14 14 14 15 14 14 14 14 14 14 15 14 14 14 15 14 14 14 14 14 14 14 14 14 14 15 14 14 15 14 15 14 14 14 14 14 14 15 14 14 14 14 15 14 14 15 14 14 14 14 14 15 15 14 14 14 14 15 14 14 14 14
373,1x1x128x64,0.32971612 0.25675225 0.2693537 0.26078227 0.31801417 0.2662483 0.26973397 0.33976197 0.26342994 0.28748363 0.30742505 0.30996114 0.30005163 0.2538356 0.17471957 0.25687504 0.26683956 0.29976764 0.22574838 0.2700599 0.27894613 0.3310048 0.23915006 0.3037441 0.20962329 0.25590515 0.26219717 0.28003737 0.30403084 0.32606998 0.27154392 0.3947583 0.21877271 0.24326214 0.22171557 0.34368348 0.3792165 0.33525553 0.25618288 0.25025108 0.29162538 0.26924944 0.30322725 0.24860725 0.3191948 0.32277882 0.22469711 0.30609402 0.2558902 0.3106756 0.26614702 0.3602328 0.29877296 0.28633034 0.28532675 0.37164623 0.2582379 0.24388568 0.30007502 0.25889096 0.29382405 0.22299506 0.28557354 0.28402457,0.32967588 0.2567209 0.26932082 0.26075044 0.31797534 0.26621577 0.26970106 0.3397205 0.2633978 0.28744856 0.30738753 0.3099233 0.30001503 0.2538046 0.17469825 0.2568437 0.26680702 0.29973108 0.22572082 0.27002695 0.27891207 0.3309644 0.23912089 0.30370703 0.2095977 0.25587392 0.2621652 0.2800032 0.30399373 0.32603016 0.27151078 0.39471015 0.21874602 0.24323244 0.22168851 0.34364152 0.3791702 0.3352146 0.25615162 0.25022054 0.2915898 0.2692166 0.30319026 0.24857691 0.31915584 0.32273942 0.22466968 0.30605665 0.25585896 0.31063768 0.26611453 0.36018884 0.29873648 0.2862954 0.2852919 0.37160087 0.25820637 0.24385591 0.3000384 0.25885937 0.2937882 0.22296783 0.28553867 0.2839899,0.002595873 0.0020214245 0.0021206364 0.002053153 0.002503743 0.002096187 0.0021236304 0.0026749645 0.0020739986 0.0022633744 0.0024203742 0.0024403408 0.002362323 0.0019984613 0.0013755767 0.0020223912 0.0021008428 0.0023600871 0.0017773294 0.0021261964 0.002196158 0.0026060187 0.0018828416 0.002391394 0.0016503757 0.0020147553 0.0020642928 0.0022047495 0.0023936515 0.0025671667 0.00213788 0.003107954 0.0017224096 0.0019152161 0.0017455788 0.0027058388 0.0029855922 0.002639485 0.0020169418 0.0019702404 0.0022959826 0.0021198157 0.0023873248 0.0019572985 0.0025130382 0.0025412552 0.0017690526 0.002409895 0.0020146375 0.002445966 0.00209539 0.0028361327 0.0023522559 0.0022542947 0.002246393 0.002925991 0.002033121 0.0019201252 0.0023625072 0.0020382628 0.0023132928 0.0017556523 0.002248336 0.002236141,
374,64,,,0.004430007 0.004430007 0.004430007 0.004430007 0.004430007 0.004430007 0.004430007 0.004430007 0.004430007 0.004430007 0.004430007 0.004430007 0.004430007 0.004430007 0.004430007 0.004430007 0.004430007 0.004430007 0.004430007 0.004430007 0.004430007 0.004430007 0.004430007 0.004430007 0.004430007 0.004430007 0.004430007 0.004430007 0.004430007 0.004430007 0.004430007 0.004430007 0.004430007 0.004430007 0.004430007 0.004430007 0.004430007 0.004430007 0.004430007 0.004430007 0.004430007 0.004430007 0.004430007 0.004430007 0.004430007 0.004430007 0.004430007 0.004430007 0.004430007 0.004430007 0.004430007 0.004430007 0.004430007 0.004430007 0.004430007 0.004430007 0.004430007 0.004430007 0.004430007 0.004430007 0.004430007 0.004430007 0.004430007 0.004430007,14 14 14 14 14 14 14 14 14 14 14 14 14 14 15 14 14 14 15 14 14 14 15 14 15 14 14 14 14 14 14 14 15 15 15 14 14 14 14 14 14 14 14 14 14 14 15 14 14 14 14 14 14 14 14 14 14 15 14 14 14 15 14 14
379,3x3x64x64,0.14548345 0.13695365 0.114085846 0.15606068 0.094140776 0.119210884 0.12582894 0.110162035 0.11960927 0.13463381 0.10651326 0.11682539 0.11357661 0.22307254 0.09460539 0.12581486 0.12824051 0.13499223 0.1103492 0.15102082 0.12431966 0.11542393 0.11500149 0.11942194 0.12622364 0.13629816 0.16455431 0.081021905 0.13361162 0.12211469 0.104477756 0.122496575 0.12493946 0.08214348 0.10220793 0.10409114 0.11295243 0.14923519 0.14112361 0.16655958 0.16237094 0.14343011 0.121548 0.11351637 0.10589208 0.24327973 0.12840365 0.12556112 0.12677087 0.15760516 0.13556768 0.14352778 0.08884106 0.10796283 0.12263512 0.1266295 0.13365835 0.14147341 0.14733702 0.11831413 0.10841972 0.09495963 0.07783059 0.1496788,0.1454657 0.13693695 0.11407193 0.15604164 0.09412929 0.11919634 0.12581359 0.11014859 0.11959467 0.13461739 0.10650027 0.116811134 0.11356275 0.22304532 0.09459385 0.12579949 0.12822485 0.13497576 0.11033574 0.15100239 0.12430448 0.11540985 0.11498746 0.11940736 0.12620823 0.13628152 0.16453424 0.08101202 0.1335953 0.12209979 0.104465 0.12248162 0.12492421 0.08213346 0.10219546 0.104078434 0.11293865 0.14921698 0.14110638 0.16653925 0.16235112 0.14341262 0.12153316 0.11350251 0.10587916 0.24325003 0.12838799 0.12554578 0.12675539 0.15758592 0.13555112 0.14351025 0.08883022 0.10794965 0.12262015 0.12661405 0.13364205 0.14145616 0.14731905 0.11829969 0.108406484 0.09494804 0.07782109 0.14966053,0.0011453992 0.0010782437 0.00089820416 0.0012286743 0.0007411755 0.0009385539 0.0009906582 0.0008673117 0.00094169035 0.0010599794 0.0008385848 0.0009197727 0.0008941949 0.0017562624 0.0007448335 0.0009905471 0.0010096445 0.0010628012 0.0008687853 0.0011889952 0.0009787754 0.000908739 0.00090541306 0.0009402155 0.0009937655 0.0010730828 0.0012955453 0.0006378899 0.0010519315 0.00096141564 0.00082255906 0.00096442224 0.0009836552 0.0006467201 0.0008046886 0.0008195152 0.0008892807 0.0011749369 0.0011110739 0.0013113327 0.0012783553 0.0011292333 0.000956954 0.00089372054 0.0008336942 0.0019153545 0.001010929 0.0009885494 0.000998074 0.001240834 0.0010673316 0.001130002 0.00069945055 0.0008499973 0.000965513 0.000996961 0.0010522996 0.001113828 0.0011599925 0.00093149365 0.00085359433 0.00074762234 0.0006127645 0.0011784293,
380,64,,,0.005906401 0.005906401 0.005906401 0.005906401 0.005906401 0.005906401 0.005906401 0.005906401 0.005906401 0.005906401 0.005906401 0.005906401 0.005906401 0.005906401 0.005906401 0.005906401 0.005906401 0.005906401 0.005906401 0.005906401 0.005906401 0.005906401 0.005906401 0.005906401 0.005906401 0.005906401 0.005906401 0.005906401 0.005906401 0.005906401 0.005906401 0.005906401 0.005906401 0.005906401 0.005906401 0.005906401 0.005906401 0.005906401 0.005906401 0.005906401 0.005906401 0.005906401 0.005906401 0.005906401 0.005906401 0.005906401 0.005906401 0.005906401 0.005906401 0.005906401 0.005906401 0.005906401 0.005906401 0.005906401 0.005906401 0.005906401 0.005906401 0.005906401 0.005906401 0.005906401 0.005906401 0.005906401 0.005906401 0.005906401,14 14 15 14 15 15 14 15 15 14 15 15 15 14 15 14 14 14 15 14 14 15 15 15 14 14 14 15 14 15 15 15 14 15 15 15 15 14 14 14 14 14 15 15 15 14 14 14 14 14 14 14 15 15 15 14 14 14 14 15 15 15 15 14
385,3x3x64x64,0.14493138 0.10673423 0.15442117 0.13915808 0.1052904 0.17090599 0.08227489 0.09000345 0.17635107 0.12203611 0.13257936 0.106167465 0.10103147 0.15997131 0.19712314 0.13048446 0.10782197 0.14472902 0.13105306 0.09530744 0.13097355 0.14645107 0.10598714 0.11033265 0.12629774 0.13768263 0.16235186 0.14537352 0.10814116 0.16166842 0.1035134 0.1367331 0.1272458 0.11053385 0.13234134 0.12592377 0.12305112 0.111684896 0.14428729 0.12821536 0.17724757 0.12600255 0.15257747 0.12733705 0.11352478 0.13721764 0.10765826 0.19765966 0.13169385 0.09944677 0.11596019 0.13276088 0.1299423 0.14392106 0.13850787 0.095707335 0.14836971 0.11130822 0.113951966 0.13112715 0.12433883 0.14291726 0.12232016 0.1708743,0.14491369 0.1067212 0.15440233 0.13914111 0.10527755 0.17088515 0.082264856 0.08999246 0.17632954 0.12202121 0.13256317 0.10615451 0.10101914 0.15995179 0.19709907 0.13046855 0.10780881 0.14471135 0.13103706 0.09529581 0.13095757 0.14643319 0.105974205 0.11031919 0.12628232 0.13766584 0.16233206 0.14535579 0.10812796 0.16164869 0.10350077 0.13671641 0.12723027 0.11052036 0.13232519 0.12590839 0.12303611 0.11167126 0.14426969 0.12819971 0.17722595 0.12598717 0.15255886 0.12732151 0.11351093 0.13720089 0.10764512 0.19763553 0.13167779 0.09943464 0.11594603 0.13274467 0.12992644 0.14390351 0.13849096 0.09569566 0.14835161 0.111294635 0.11393806 0.13111115 0.12432366 0.14289981 0.12230524 0.17085344,0.0011410527 0.0008403244 0.0012157664 0.0010955993 0.0008289571 0.0013455523 0.00064775476 0.0007086021 0.0013884215 0.00096079696 0.0010438046 0.0008358623 0.00079542625 0.0012594629 0.0015519612 0.0010273114 0.0008488883 0.0011394594 0.0010317878 0.0007503607 0.001031162 0.0011530173 0.00083444256 0.00086865504 0.000994349 0.001083983 0.0012782052 0.0011445337 0.00085140124 0.0012728244 0.0008149667 0.0010765071 0.0010018132 0.0008702391 0.0010419306 0.0009914046 0.0009687883 0.0008793013 0.0011359818 0.0010094466 0.0013954799 0.000992025 0.0012012509 0.0010025316 0.00089378684 0.001080322 0.00084759935 0.0015561853 0.001036833 0.0007829499 0.0009129609 0.0010452336 0.0010230428 0.0011330985 0.00109048 0.0007535091 0.0011681229 0.0008763357 0.0008971501 0.0010323712 0.0009789264 0.0011251954 0.00096303335 0.0013453027,
386,64,,,0.004961525 0.004961525 0.004961525 0.004961525 0.004961525 0.004961525 0.004961525 0.004961525 0.004961525 0.004961525 0.004961525 0.004961525 0.004961525 0.004961525 0.004961525 0.004961525 0.004961525 0.004961525 0.004961525 0.004961525 0.004961525 0.004961525 0.004961525 0.004961525 0.004961525 0.004961525 0.004961525 0.004961525 0.004961525 0.004961525 0.004961525 0.004961525 0.004961525 0.004961525 0.004961525 0.004961525 0.004961525 0.004961525 0.004961525 0.004961525 0.004961525 0.004961525 0.004961525 0.004961525 0.004961525 0.004961525 0.004961525 0.004961525 0.004961525 0.004961525 0.004961525 0.004961525 0.004961525 0.004961525 0.004961525 0.004961525 0.004961525 0.004961525 0.004961525 0.004961525 0.004961525 0.004961525 0.004961525 0.004961525,14 15 14 14 15 14 15 15 14 15 14 15 15 14 14 14 15 14 14 15 14 14 15 15 14 14 14 14 15 14 15 14 14 15 14 14 15 15 14 14 14 14 14 14 15 14 15 14 14 15 15 14 14 14 14 15 14 15 15 14 14 14 15 14
394,3x3x64x64,0.11483076 0.117691845 0.16664639 0.12808783 0.12620844 0.095588 0.15193488 0.09191096 0.16375335 0.11301711 0.1624354 0.092048906 0.10775414 0.108619586 0.12817986 0.11146172 0.15017167 0.10851799 0.117375694 0.09833644 0.108397685 0.11296858 0.1189904 0.13532206 0.12062775 0.14107385 0.15205494 0.18677124 0.1285409 0.13362752 0.124881275 0.113281704 0.116888344 0.10012372 0.13821217 0.09224112 0.14070553 0.10592807 0.13630736 0.15578012 0.13373789 0.13492313 0.2197077 0.107905746 0.118247434 0.09630698 0.10440368 0.121039435 0.13234 0.086048454 0.12118493 0.11245675 0.13016614 0.13659641 0.08439997 0.1403852 0.12144607 0.15129896 0.1140946 0.13645507 0.11371395 0.14751501 0.15351187 0.14648032,0.11481675 0.11767748 0.16662605 0.1280722 0.12619305 0.09557634 0.15191633 0.091899745 0.16373336 0.11300332 0.16241556 0.09203767 0.10774099 0.10860633 0.12816422 0.111448124 0.15015334 0.10850475 0.117361374 0.09832444 0.10838446 0.11295479 0.11897588 0.13530554 0.12061303 0.14105663 0.15203637 0.18674846 0.12852521 0.1336112 0.12486604 0.11326788 0.116874084 0.1001115 0.1381953 0.092229865 0.14068834 0.105915144 0.13629071 0.15576111 0.13372156 0.13490666 0.21968088 0.10789257 0.118233 0.09629523 0.10439094 0.12102467 0.13232385 0.08603795 0.12117014 0.11244302 0.13015026 0.13657975 0.084389664 0.14036806 0.12143125 0.15128049 0.114080675 0.13643843 0.11370008 0.14749701 0.15349312 0.14646246,0.0009040689 0.0009265943 0.0013120162 0.0010084425 0.000993646 0.0007525696 0.0011961915 0.00072362006 0.001289239 0.00088978995 0.0012788627 0.00072470604 0.00084835425 0.000855168 0.001009167 0.0008775443 0.0011823097 0.0008543681 0.0009241053 0.00077420817 0.00085342093 0.00088940776 0.00093681796 0.001065398 0.0009497089 0.0011106821 0.0011971367 0.0014704603 0.0010120096 0.0010520567 0.0009831971 0.0008918731 0.00092026836 0.0007882795 0.001088152 0.00072621944 0.0011077822 0.00083397754 0.0010731552 0.0012264655 0.0010529257 0.0010622572 0.0017297707 0.0008495478 0.0009309685 0.00075823016 0.00082197593 0.00095295015 0.00104192 0.0006774642 0.0009540956 0.0008853781 0.0010248052 0.0010754311 0.00066448556 0.0011052603 0.0009561515 0.001191185 0.000898273 0.0010743183 0.0008952762 0.0011613938 0.0012086072 0.0011532477,
395,64,,,0.0053928886 0.0053928886 0.0053928886 0.0053928886 0.0053928886 0.0053928886 0.0053928886 0.0053928886 0.0053928886 0.0053928886 0.0053928886 0.0053928886 0.0053928886 0.0053928886 0.0053928886 0.0053928886 0.0053928886 0.0053928886 0.0053928886 0.0053928886 0.0053928886 0.0053928886 0.0053928886 0.0053928886 0.0053928886 0.0053928886 0.0053928886 0.0053928886 0.0053928886 0.0053928886 0.0053928886 0.0053928886 0.0053928886 0.0053928886 0.0053928886 0.0053928886 0.0053928886 0.0053928886 0.0053928886 0.0053928886 0.0053928886 0.0053928886 0.0053928886 0.0053928886 0.0053928886 0.0053928886 0.0053928886 0.0053928886 0.0053928886 0.0053928886 0.0053928886 0.0053928886 0.0053928886 0.0053928886 0.0053928886 0.0053928886 0.0053928886 0.0053928886 0.0053928886 0.0053928886 0.0053928886 0.0053928886 0.0053928886 0.0053928886,15 15 14 14 14 15 14 15 14 15 14 15 15 15 14 15 14 15 15 15 15 15 15 14 15 14 14 14 14 14 14 15 15 15 14 15 14 15 14 14 14 14 14 15 15 15 15 15 14 15 15 15 14 14 15 14 15 14 15 14 15 14 14 14
400,3x3x64x64,0.10967992 0.0955632 0.16462891 0.09352192 0.119549505 0.12037873 0.11862554 0.12246775 0.18802142 0.08938634 0.09176472 0.15266277 0.110694565 0.102202296 0.16172215 0.09210182 0.11553982 0.11124186 0.10640833 0.1323021 0.13887931 0.10110318 0.112483226 0.12919107 0.11675842 0.1052852 0.128071 0.11295649 0.12884775 0.10283842 0.08555803 0.14616966 0.15599374 0.12319539 0.098597325 0.14436181 0.1196244 0.10894177 0.14069991 0.10823836 0.12013175 0.09818885 0.116963856 0.13578847 0.11831274 0.09728919 0.10270666 0.12931117 0.14382777 0.093492046 0.12973146 0.119217016 0.09851228 0.09909185 0.13892125 0.11202066 0.12361862 0.118806705 0.12799859 0.113861084 0.12732434 0.10496805 0.09628454 0.14048177,0.10966654 0.095551535 0.1646088 0.09351051 0.11953492 0.12036404 0.11861106 0.1224528 0.18799847 0.08937543 0.09175352 0.15264413 0.11068106 0.102189824 0.16170242 0.092090584 0.11552572 0.11122829 0.10639534 0.13228597 0.13886236 0.10109084 0.112469494 0.1291753 0.116744176 0.10527235 0.12805536 0.1129427 0.12883201 0.102825865 0.08554758 0.14615183 0.15597472 0.12318035 0.09858529 0.14434418 0.119609796 0.10892847 0.14068273 0.10822515 0.12011709 0.09817686 0.11694958 0.1357719 0.1182983 0.09727732 0.102694124 0.1292954 0.14381021 0.09348063 0.12971564 0.119202465 0.09850026 0.09907976 0.13890429 0.112006985 0.12360353 0.118792206 0.12798296 0.11384719 0.1273088 0.10495523 0.09627279 0.14046463,0.00086351606 0.0007523743 0.0012961323 0.0007363032 0.0009412198 0.00094774837 0.00093394535 0.0009641953 0.0014803029 0.00070374354 0.00072246866 0.0012019223 0.00087150437 0.0008046443 0.0012732474 0.0007251227 0.00090965134 0.0008758133 0.0008377586 0.0010416218 0.0010934044 0.00079599087 0.00088558655 0.0010171284 0.0009192455 0.00082891615 0.00100831 0.00088931265 0.0010144253 0.0008096525 0.000673603 0.0011508018 0.0012281474 0.00096992403 0.00077626214 0.0011365684 0.00094180944 0.0008577045 0.001107738 0.00085216656 0.0009458039 0.0007730461 0.00092086283 0.0010690701 0.00093148265 0.00076596317 0.0008086151 0.001018074 0.0011323639 0.00073606794 0.001021383 0.0009386021 0.0007755926 0.0007801556 0.0010937345 0.0008819448 0.00097325613 0.0009353717 0.0010077398 0.00089643453 0.0010024315 0.00082641916 0.00075805344 0.0011060208,
401,64,,,0.0044300067 0.0044300067 0.0044300067 0.0044300067 0.0044300067 0.0044300067 0.0044300067 0.0044300067 0.0044300067 0.0044300067 0.0044300067 0.0044300067 0.0044300067 0.0044300067 0.0044300067 0.0044300067 0.0044300067 0.0044300067 0.0044300067 0.0044300067 0.0044300067 0.0044300067 0.0044300067 0.0044300067 0.0044300067 0.0044300067 0.0044300067 0.0044300067 0.0044300067 0.0044300067 0.0044300067 0.0044300067 0.0044300067 0.0044300067 0.0044300067 0.0044300067 0.0044300067 0.0044300067 0.0044300067 0.0044300067 0.0044300067 0.0044300067 0.0044300067 0.0044300067 0.0044300067 0.0044300067 0.0044300067 0.0044300067 0.0044300067 0.0044300067 0.0044300067 0.0044300067 0.0044300067 0.0044300067 0.0044300067 0.0044300067 0.0044300067 0.0044300067 0.0044300067 0.0044300067 0.0044300067 0.0044300067 0.0044300067 0.0044300067,15 15 14 15 15 15 15 15 14 15 15 14 15 15 14 15 15 15 15 14 14 15 15 14 15 15 14 15 14 15 15 14 14 15 15 14 15 15 14 15 15 15 15 14 15 15 15 14 14 15 14 15 15 15 14 15 15 15 14 15 14 15 15 14
409,1x1x128x64,0.35294017 0.33176363 0.31214243 0.37154496 0.3001663 0.38349918 0.30994117 0.25967097 0.29439244 0.3712613 0.2805446 0.31680954 0.29670376 0.38239658 0.31850705 0.3158653 0.3194941 0.3917515 0.3239407 0.32093358 0.30479613 0.26916012 0.36256605 0.3292297 0.2989344 0.3150386 0.31246483 0.392961 0.3151981 0.37155244 0.34102774 0.28443658 0.31758404 0.24531671 0.28828144 0.30223793 0.411561 0.33615926 0.29740041 0.33390108 0.31294763 0.31092393 0.29760227 0.3750593 0.32933134 0.3772287 0.26073378 0.29065984 0.31534246 0.30189672 0.40019736 0.27135116 0.39074805 0.35508743 0.2853613 0.35167703 0.36127758 0.37158695 0.44830292 0.30074275 0.32713127 0.27654135 0.26297653 0.32437283,0.35289708 0.33172315 0.31210434 0.3714996 0.30012968 0.38345236 0.30990335 0.25963926 0.29435652 0.37121597 0.28051037 0.31677085 0.29666755 0.3823499 0.31846815 0.31582674 0.3194551 0.3917037 0.32390118 0.32089442 0.30475894 0.26912728 0.36252183 0.32918954 0.29889792 0.31500015 0.31242672 0.39291304 0.31515965 0.3715071 0.34098613 0.28440186 0.3175453 0.24528678 0.28824627 0.30220106 0.41151077 0.33611825 0.29736412 0.3338603 0.31290945 0.310886 0.29756597 0.37501353 0.32929116 0.37718266 0.26070198 0.29062435 0.31530395 0.30185986 0.4001485 0.27131805 0.39070037 0.3550441 0.28532648 0.35163411 0.36123347 0.37154162 0.4482482 0.30070606 0.32709137 0.2765076 0.26294443 0.32433322,0.002778717 0.0026119933 0.0024575146 0.0029251936 0.002363226 0.0030193098 0.002440184 0.0020444037 0.0023177678 0.0029229603 0.002208743 0.0024942586 0.002335965 0.0030106292 0.0025076233 0.0024868248 0.0025153945 0.003084281 0.002550403 0.0025267277 0.0023996767 0.0021191125 0.0028545025 0.0025920437 0.002353527 0.0024803162 0.002460053 0.0030938035 0.002481572 0.0029252528 0.00268493 0.0022393847 0.0025003566 0.001931392 0.0022696557 0.002379536 0.0032402421 0.0026466004 0.0023414497 0.0026288214 0.002463854 0.0024479213 0.002343039 0.0029528625 0.0025928437 0.0029699423 0.0020527716 0.0022883806 0.0024827083 0.0023768493 0.0031507756 0.0021363625 0.0030763808 0.002795623 0.0022466653 0.0027687727 0.002844358 0.0029255245 0.0035295135 0.0023677642 0.0025755225 0.0021772252 0.0020704286 0.0025538048,
410,64,,,0.004770726 0.004770726 0.004770726 0.004770726 0.004770726 0.004770726 0.004770726 0.004770726 0.004770726 0.004770726 0.004770726 0.004770726 0.004770726 0.004770726 0.004770726 0.004770726 0.004770726 0.004770726 0.004770726 0.004770726 0.004770726 0.004770726 0.004770726 0.004770726 0.004770726 0.004770726 0.004770726 0.004770726 0.004770726 0.004770726 0.004770726 0.004770726 0.004770726 0.004770726 0.004770726 0.004770726 0.004770726 0.004770726 0.004770726 0.004770726 0.004770726 0.004770726 0.004770726 0.004770726 0.004770726 0.004770726 0.004770726 0.004770726 0.004770726 0.004770726 0.004770726 0.004770726 0.004770726 0.004770726 0.004770726 0.004770726 0.004770726 0.004770726 0.004770726 0.004770726 0.004770726 0.004770726 0.004770726 0.004770726,15 15 15 15 15 15 15 15 15 15 15 15 15 15 15 15 15 15 15 15 15 15 15 15 15 15 15 15 15 15 15 15 15 16 15 15 15 15 15 15 15 15 15 15 15 15 15 15 15 15 15 15 15 15 15 15 15 15 15 15 15 15 15 15
418,1x1x128x128,0.32306743 0.29894608 0.3984029 0.28979933 0.27597833 0.34814474 0.3142455 0.2572025 0.2907436 0.4213958 0.32395825 0.3297027 0.28623694 0.33339578 0.44900227 0.31577092 0.30616522 0.40336642 0.38445315 0.39208734 0.36922476 0.35332558 0.3305961 0.360089 0.28734195 0.27760136 0.3570304 0.31122553 0.3913027 0.41825843 0.34581512 0.34255666 0.39603898 0.35809696 0.45437407 0.43270788 0.29993978 0.33150983 0.3248762 0.31225863 0.30549622 0.30913144 0.319931 0.29695454 0.3058111 0.30299672 0.38379064 0.36085844 0.36108735 0.41034245 0.2851809 0.32376647 0.34660053 0.33754453 0.34879726 0.35926795 0.3537294 0.25606877 0.37766072 0.2633827 0.33363065 0.3972136 0.34977958 0.28437823 0.28479415 0.34883344 0.39499685 0.32597873 0.37620968 0.28380045 0.47014838 0.43300766 0.35809717 0.28732935 0.3958255 0.35835168 0.35432404 0.28447875 0.3158789 0.46601725 0.3460098 0.2921065 0.4525627 0.3577907 0.27834043 0.36184114 0.33474275 0.35625663 0.38960359 0.25488853 0.24260905 0.32898986 0.3255516 0.337199 0.3432798 0.2567531 0.2890067 0.2951649 0.31925616 0.28525195 0.30749708 0.42070514 0.31437388 0.29070812 0.2656515 0.30939686 0.45219374 0.4303211 0.3169102 0.2774021 0.30064344 0.44844088 0.4733981 0.3545087 0.28898373 0.3508032 0.29785773 0.29318482 0.30763593 0.41916576 0.3943608 0.3858582 0.38729748 0.3445429 0.30041113 0.4666942 0.36927179 0.29977554,0.323028 0.2989096 0.39835426 0.289764 0.27594465 0.34810227 0.31420714 0.25717112 0.29070812 0.4213444 0.32391873 0.32966247 0.286202 0.33335507 0.4489475 0.3157324 0.30612788 0.40331718 0.3844062 0.3920395 0.3691797 0.35328245 0.33055574 0.36004508 0.2873069 0.27756748 0.35698682 0.31118754 0.39125493 0.41820738 0.34577292 0.34251484 0.39599064 0.35805324 0.45431864 0.43265507 0.29990315 0.3314694 0.32483652 0.31222054 0.30545893 0.3090937 0.31989196 0.2969183 0.30577376 0.30295974 0.38374382 0.36081442 0.3610433 0.41029236 0.2851461 0.32372695 0.3465582 0.33750334 0.34875467 0.3592241 0.35368624 0.25603753 0.37761465 0.26335058 0.33358994 0.39716515 0.34973687 0.28434354 0.2847594 0.34879085 0.39494866 0.32593894 0.37616378 0.28376582 0.470091 0.43295482 0.35805345 0.2872943 0.3957772 0.35830793 0.3542808 0.28444403 0.31584036 0.46596035 0.34596756 0.29207087 0.45250747 0.35774705 0.27830645 0.361797 0.3347019 0.35621315 0.38955602 0.25485742 0.24257945 0.32894972 0.32551187 0.33715785 0.34323794 0.25672174 0.28897142 0.2951289 0.31921718 0.28521714 0.30745956 0.4206538 0.3143355 0.29067263 0.26561907 0.3093591 0.45213857 0.4302686 0.31687155 0.27736825 0.30060676 0.44838613 0.47334033 0.35446545 0.28894845 0.3507604 0.2978214 0.29314905 0.30759838 0.4191146 0.39431268 0.38581112 0.3872502 0.34450084 0.30037448 0.46663725 0.36922672 0.29973897,0.0025435276 0.0023536189 0.0031366476 0.0022816062 0.0021727926 0.0027409627 0.002474072 0.0020249696 0.0022890402 0.0033176725 0.0025505412 0.0025957676 0.0022535592 0.002624843 0.0035350197 0.0024860818 0.0024104556 0.003175726 0.0030268205 0.0030869253 0.0029069267 0.0027817516 0.0026028012 0.0028350006 0.0022622591 0.0021855708 0.00281092 0.0024502955 0.0030807476 0.0032929715 0.0027226214 0.0026969672 0.0031180365 0.002819317 0.0035773122 0.0034067328 0.0023614422 0.0026099952 0.0025577678 0.0024584294 0.0024051885 0.0024338088 0.0025188343 0.0023379393 0.0024076675 0.0023855097 0.0030216048 0.0028410584 0.0028428608 0.0032306486 0.0022452448 0.002549031 0.0027288047 0.0026575066 0.0027460998 0.0028285363 0.002784931 0.0020160435 0.0029733437 0.0020736265 0.0026266924 0.0031272846 0.0027538335 0.0022389255 0.0022422 0.0027463846 0.003109832 0.0025664484 0.0029619196 0.0022343765 0.0037015039 0.003409093 0.0028193186 0.0022621597 0.003116356 0.0028213223 0.0027896126 0.0022397167 0.002486932 0.0036689793 0.002724154 0.0022997705 0.0035630509 0.002816906 0.0021913894 0.0028487954 0.002635448 0.0028048279 0.0030673703 0.0020067513 0.0019100744 0.0025901552 0.0025630856 0.0026547862 0.0027026609 0.002021431 0.0022753656 0.0023238496 0.0025135211 0.0022458043 0.0024209414 0.0033122345 0.0024750826 0.0022887609 0.0020914888 0.0024358984 0.0035601463 0.0033879415 0.0024950516 0.002184002 0.0023669824 0.0035305994 0.0037270891 0.0027910667 0.0022751847 0.002761893 0.0023450505 0.0023082602 0.0024220345 0.0033001148 0.0031048243 0.0030378827 0.0030492144 0.002712605 0.0023651533 0.003674309 0.002907297 0.0023601493,
419,128,,,0.0045940573 0.0045940573 0.0045940573 0.0045940573 0.0045940573 0.0045940573 0.0045940573 0.0045940573 0.0045940573 0.0045940573 0.0045940573 0.0045940573 0.0045940573 0.0045940573 0.0045940573 0.0045940573 0.0045940573 0.0045940573 0.0045940573 0.0045940573 0.0045940573 0.0045940573 0.0045940573 0.0045940573 0.0045940573 0.0045940573 0.0045940573 0.0045940573 0.0045940573 0.0045940573 0.0045940573 0.0045940573 0.0045940573 0.0045940573 0.0045940573 0.0045940573 0.0045940573 0.0045940573 0.0045940573 0.0045940573 0.0045940573 0.0045940573 0.0045940573 0.0045940573 0.0045940573 0.0045940573 0.0045940573 0.0045940573 0.0045940573 0.0045940573 0.0045940573 0.0045940573 0.0045940573 0.0045940573 0.0045940573 0.0045940573 0.0045940573 0.0045940573 0.0045940573 0.0045940573 0.0045940573 0.0045940573 0.0045940573 0.0045940573 0.0045940573 0.0045940573 0.0045940573 0.0045940573 0.0045940573 0.0045940573 0.0045940573 0.0045940573 0.0045940573 0.0045940573 0.0045940573 0.0045940573 0.0045940573 0.0045940573 0.0045940573 0.0045940573 0.0045940573 0.0045940573 0.0045940573 0.0045940573 0.0045940573 0.0045940573 0.0045940573 0.0045940573 0.0045940573 0.0045940573 0.0045940573 0.0045940573 0.0045940573 0.0045940573 0.0045940573 0.0045940573 0.0045940573 0.0045940573 0.0045940573 0.0045940573 0.0045940573 0.0045940573 0.0045940573 0.0045940573 0.0045940573 0.0045940573 0.0045940573 0.0045940573 0.0045940573 0.0045940573 0.0045940573 0.0045940573 0.0045940573 0.0045940573 0.0045940573 0.0045940573 0.0045940573 0.0045940573 0.0045940573 0.0045940573 0.0045940573 0.0045940573 0.0045940573 0.0045940573 0.0045940573 0.0045940573 0.0045940573 0.0045940573,15 15 15 15 15 15 15 15 15 15 15 15 15 15 15 15 15 15 15 15 15 15 15 15 15 15 15 15 15 15 15 15 15 15 15 15 15 15 15 15 15 15 15 15 15 15 15 15 15 15 15 15 15 15 15 15 15 15 15 15 15 15 15 15 15 15 15 15 15 15 15 15 15 15 15 15 15 15 15 15 15 15 15 15 15 15 15 15 15 15 16 15 15 15 15 15 15 15 15 15 15 15 15 15 15 15 15 15 15 15 15 15 15 15 15 15 15 15 15 15 15 15 15 15 15 15 15 15
428,1x1x384x256,0.19978032 0.14821154 0.16297369 0.16842698 0.15826166 0.2092024 0.1426504 0.18966335 0.21986485 0.16307288 0.19196598 0.1534797 0.17581324 0.19840339 0.297026 0.17995335 0.2441567 0.16228814 0.14956145 0.16900691 0.19284856 0.19186501 0.1962649 0.14852834 0.20313089 0.15453127 0.1788936 0.16816768 0.15696935 0.17787215 0.17857708 0.21044779 0.18006293 0.16042976 0.23301813 0.16733693 0.12759739 0.12725803 0.17156519 0.16527022 0.16303676 0.17217207 0.23008385 0.1665806 0.1824845 0.23222058 0.22419545 0.17985126 0.15520856 0.24994631 0.19487444 0.19853032 0.16639878 0.16739927 0.1677546 0.23354743 0.1561279 0.16829655 0.19815652 0.17153284 0.17466547 0.21675685 0.14715284 0.17313275 0.15347643 0.17688267 0.12804742 0.19338457 0.18581483 0.17427406 0.14813592 0.15302387 0.2148497 0.15165612 0.12705727 0.21598478 0.14612216 0.20255989 0.18379645 0.18486503 0.17898747 0.11431443 0.19477528 0.1408417 0.18055773 0.19529647 0.1935028 0.18600199 0.15428357 0.19828069 0.16014284 0.17207587 0.17744145 0.14455956 0.16789132 0.15028603 0.1789105 0.25656658 0.17393504 0.16933818 0.17928025 0.15617181 0.11672093 0.17475735 0.18049717 0.1456679 0.19482526 0.12132427 0.16253975 0.18595143 0.1765221 0.15373932 0.21417855 0.16962278 0.14060393 0.1733154 0.18178363 0.16358165 0.17736413 0.19797935 0.1645477 0.12309607 0.16771013 0.14989258 0.17562807 0.18392429 0.16612136 0.13443425 0.19920601 0.18246165 0.18081906 0.15545376 0.16619675 0.184074 0.20713341 0.13613851 0.21185674 0.19422019 0.21228491 0.19793306 0.2049031 0.17994818 0.15695216 0.1425209 0.15493357 0.16510141 0.18232527 0.20800802 0.15723248 0.17407353 0.18623039 0.16976562 0.15227915 0.14655799 0.16503005 0.20117939 0.19143291 0.1623374 0.1626456 0.16081762 0.18567495 0.16650617 0.17904311 0.19753583 0.18280125 0.18251565 0.15663108 0.19862553 0.17242408 0.17202666 0.19315815 0.11961906 0.110494465 0.20262176 0.19746329 0.15192832 0.17320247 0.18043765 0.1714761 0.18652062 0.2248195 0.20082371 0.18391724 0.17487858 0.163684 0.18946917 0.23226556 0.17146477 0.16993047 0.19788916 0.17270319 0.21130231 0.15162873 0.23381846 0.16117837 0.14323579 0.14131072 0.16487473 0.18076111 0.19169918 0.17096388 0.1728743 0.15122394 0.14260842 0.15166584 0.1620777 0.20103656 0.19613867 0.17880838 0.14988528 0.14059348 0.16563079 0.22832884 0.18812677 0.2116085 0.16968267 0.23663093 0.19047353 0.2296608 0.17274386 0.18373728 0.18047407 0.14433475 0.15774834 0.20940341 0.1581131 0.1507269 0.17819658 0.1857755 0.1323117 0.1778356 0.17747428 0.1780598 0.15028071 0.20833084 0.17007044 0.13880369 0.19716603 0.21894582 0.1700445 0.16385017 0.2090392 0.19361478 0.17526405 0.16473904 0.1814582 0.16067989 0.20307674 0.16232778 0.22961552 0.15654555 0.22633374 0.13071953 0.20194623 0.17266443 0.15320712,0.19975594 0.14819345 0.1629538 0.16840641 0.15824234 0.20917685 0.14263298 0.1896402 0.21983802 0.16305299 0.19194256 0.15346096 0.17579179 0.19837917 0.29698974 0.17993139 0.24412692 0.16226834 0.1495432 0.16898629 0.19282502 0.19184159 0.19624093 0.1485102 0.2031061 0.15451242 0.17887177 0.16814715 0.1569502 0.17785044 0.1785553 0.21042211 0.18004097 0.16041018 0.23298968 0.1673165 0.12758182 0.1272425 0.17154425 0.16525006 0.16301686 0.17215106 0.23005576 0.16656026 0.18246223 0.23219223 0.22416809 0.17982931 0.15518962 0.24991581 0.19485065 0.19850609 0.16637847 0.16737884 0.16773413 0.23351893 0.15610886 0.168276 0.19813234 0.1715119 0.17464416 0.2167304 0.14713489 0.17311162 0.1534577 0.17686109 0.1280318 0.19336097 0.18579215 0.17425278 0.14811784 0.15300518 0.21482348 0.15163761 0.12704177 0.21595842 0.14610434 0.20253517 0.18377401 0.18484247 0.17896563 0.114300475 0.19475152 0.1408245 0.18053569 0.19527262 0.19347918 0.18597928 0.15426475 0.1982565 0.1601233 0.17205486 0.1774198 0.14454192 0.16787083 0.15026769 0.17888865 0.2565353 0.17391382 0.16931751 0.17925836 0.15615276 0.116706684 0.17473601 0.18047513 0.14565012 0.1948015 0.12130946 0.16251992 0.18592873 0.17650057 0.15372056 0.21415241 0.16960208 0.14058678 0.17329425 0.18176144 0.1635617 0.17734249 0.19795518 0.16452762 0.12308104 0.16768967 0.1498743 0.17560662 0.18390183 0.1661011 0.13441785 0.19918169 0.18243937 0.180797 0.15543479 0.16617647 0.18405154 0.20710813 0.1361219 0.21183088 0.19419649 0.21225901 0.19790891 0.20487809 0.17992622 0.156933 0.14250351 0.15491466 0.16508126 0.18230303 0.20798264 0.1572133 0.1740523 0.18620767 0.1697449 0.15226057 0.14654009 0.16500992 0.20115484 0.19140954 0.16231759 0.16262574 0.160798 0.1856523 0.16648586 0.17902125 0.19751172 0.18277894 0.18249337 0.15661196 0.1986013 0.17240304 0.17200567 0.19313458 0.11960445 0.11048098 0.20259702 0.1974392 0.15190977 0.17318134 0.18041563 0.17145516 0.18649787 0.22479205 0.20079921 0.18389478 0.17485723 0.16366403 0.18944605 0.2322372 0.17144383 0.16990975 0.19786502 0.1726821 0.21127653 0.15161023 0.23378992 0.1611587 0.14321831 0.14129347 0.1648546 0.18073905 0.19167578 0.17094302 0.1728532 0.1512055 0.14259101 0.15164733 0.1620579 0.20101202 0.19611472 0.17878655 0.149867 0.14057632 0.16561058 0.22830097 0.18810381 0.21158268 0.16966197 0.23660205 0.19045028 0.22963277 0.17272277 0.18371485 0.18045205 0.14431714 0.15772909 0.20937786 0.15809381 0.1507085 0.17817482 0.18575284 0.13229556 0.17781389 0.17745262 0.17803806 0.15026237 0.20830542 0.17004968 0.13878675 0.19714196 0.2189191 0.17002375 0.16383018 0.20901369 0.19359116 0.17524265 0.16471894 0.18143606 0.16066028 0.20305195 0.16230796 0.22958751 0.15652645 0.22630613 0.13070358 0.20192158 0.17264336 0.15318842,0.0015728814 0.0011668776 0.0012831007 0.0013260348 0.0012460027 0.0016470618 0.0011230943 0.0014932299 0.0017310081 0.0012838818 0.0015113588 0.001208354 0.0013841873 0.0015620408 0.0023385019 0.0014167826 0.0019222592 0.0012777034 0.0011775055 0.0013306007 0.0015183073 0.0015105637 0.0015452042 0.0011693717 0.0015992607 0.0012166332 0.0014084391 0.0013239933 0.0012358284 0.0014003972 0.0014059473 0.001656867 0.0014176455 0.0012630722 0.0018345645 0.0013174528 0.0010045812 0.0010019095 0.0013507422 0.0013011816 0.0012835973 0.0013555201 0.0018114627 0.0013114981 0.0014367105 0.0018282853 0.0017651031 0.0014159789 0.0012219655 0.001967841 0.0015342571 0.0015630401 0.0013100667 0.0013179437 0.0013207411 0.0018387317 0.0012292035 0.0013250079 0.0015600971 0.0013504875 0.0013751509 0.0017065386 0.0011585423 0.0013630836 0.0012083284 0.001392607 0.0010081244 0.0015225273 0.0014629303 0.0013720691 0.0011662822 0.0012047652 0.0016915235 0.001193997 0.0010003289 0.00170046 0.0011504279 0.0015947651 0.0014470394 0.0014554525 0.0014091781 0.0009000037 0.0015334765 0.0011088543 0.0014215409 0.0015375797 0.0015234582 0.0014644037 0.001214683 0.0015610748 0.0012608134 0.0013547627 0.0013970063 0.0011381253 0.0013218176 0.0011832102 0.0014085721 0.002019963 0.0013694002 0.0013332088 0.0014114832 0.0012295493 0.00091895025 0.001375874 0.001421064 0.0011468513 0.00153387 0.0009551926 0.0012796844 0.0014640058 0.0013897683 0.001210398 0.0016862395 0.0013354494 0.0011069825 0.0013645216 0.0014311925 0.0012878875 0.0013963976 0.0015587022 0.0012954931 0.0009691421 0.0013203911 0.0011801126 0.0013827293 0.001448046 0.0013078827 0.0010584083 0.0015683598 0.0014365305 0.0014235984 0.0012238959 0.0013084761 0.0014492248 0.0016307726 0.001071826 0.0016679597 0.0015291063 0.0016713308 0.0015583378 0.0016132133 0.0014167419 0.0012356929 0.0011220749 0.0012198004 0.0012998525 0.0014354569 0.0016376586 0.0012379 0.0013704905 0.0014662021 0.001336574 0.0011989021 0.001153859 0.0012992907 0.0015838963 0.0015071618 0.0012780912 0.0012805177 0.0012661259 0.0014618292 0.0013109123 0.0014096162 0.0015552103 0.0014392042 0.0014369556 0.001233165 0.0015637898 0.0013575043 0.0013543754 0.0015207446 0.00094176736 0.000869929 0.0015952522 0.0015546393 0.00119614 0.0013636326 0.0014205956 0.0013500407 0.0014684872 0.0017700162 0.0015810962 0.0014479904 0.0013768285 0.0012886932 0.0014917011 0.0018286394 0.0013499515 0.001337872 0.0015579923 0.0013597016 0.0016635947 0.0011937813 0.0018408655 0.0012689661 0.0011277032 0.001112547 0.0012980677 0.001423142 0.0015092582 0.001346008 0.0013610488 0.0011905944 0.0011227638 0.0011940735 0.0012760465 0.0015827718 0.0015442104 0.0014077681 0.0011800551 0.0011069002 0.0013040203 0.0017976455 0.0014811323 0.0016660054 0.001335921 0.0018630082 0.0014996085 0.001808132 0.0013600219 0.0014465736 0.0014208823 0.0011363555 0.0012419614 0.0016486446 0.0012448331 0.0011866811 0.0014029513 0.0014626208 0.0010416973 0.0014001094 0.0013972648 0.0014018745 0.0011831683 0.0016402001 0.0013389739 0.001092809 0.0015522989 0.0017237724 0.0013387697 0.0012900014 0.001645777 0.0015243399 0.0013798634 0.0012969995 0.0014286304 0.0012650416 0.0015988343 0.0012780154 0.0018077757 0.0012324917 0.001781938 0.0010291621 0.0015899338 0.0013593966 0.001206208,
429,256,,,0.0045940573 0.0045940573 0.0045940573 0.0045940573 0.0045940573 0.0045940573 0.0045940573 0.0045940573 0.0045940573 0.0045940573 0.0045940573 0.0045940573 0.0045940573 0.0045940573 0.0045940573 0.0045940573 0.0045940573 0.0045940573 0.0045940573 0.0045940573 0.0045940573 0.0045940573 0.0045940573 0.0045940573 0.0045940573 0.0045940573 0.0045940573 0.0045940573 0.0045940573 0.0045940573 0.0045940573 0.0045940573 0.0045940573 0.0045940573 0.0045940573 0.0045940573 0.0045940573 0.0045940573 0.0045940573 0.0045940573 0.0045940573 0.0045940573 0.0045940573 0.0045940573 0.0045940573 0.0045940573 0.0045940573 0.0045940573 0.0045940573 0.0045940573 0.0045940573 0.0045940573 0.0045940573 0.0045940573 0.0045940573 0.0045940573 0.0045940573 0.0045940573 0.0045940573 0.0045940573 0.0045940573 0.0045940573 0.0045940573 0.0045940573 0.0045940573 0.0045940573 0.0045940573 0.0045940573 0.0045940573 0.0045940573 0.0045940573 0.0045940573 0.0045940573 0.0045940573 0.0045940573 0.0045940573 0.0045940573 0.0045940573 0.0045940573 0.0045940573 0.0045940573 0.0045940573 0.0045940573 0.0045940573 0.0045940573 0.0045940573 0.0045940573 0.0045940573 0.0045940573 0.0045940573 0.0045940573 0.0045940573 0.0045940573 0.0045940573 0.0045940573 0.0045940573 0.0045940573 0.0045940573 0.0045940573 0.0045940573 0.0045940573 0.0045940573 0.0045940573 0.0045940573 0.0045940573 0.0045940573 0.0045940573 0.0045940573 0.0045940573 0.0045940573 0.0045940573 0.0045940573 0.0045940573 0.0045940573 0.0045940573 0.0045940573 0.0045940573 0.0045940573 0.0045940573 0.0045940573 0.0045940573 0.0045940573 0.0045940573 0.0045940573 0.0045940573 0.0045940573 0.0045940573 0.0045940573 0.0045940573 0.0045940573 0.0045940573 0.0045940573 0.0045940573 0.0045940573 0.0045940573 0.0045940573 0.0045940573 0.0045940573 0.0045940573 0.0045940573 0.0045940573 0.0045940573 0.0045940573 0.0045940573 0.0045940573 0.0045940573 0.0045940573 0.0045940573 0.0045940573 0.0045940573 0.0045940573 0.0045940573 0.0045940573 0.0045940573 0.0045940573 0.0045940573 0.0045940573 0.0045940573 0.0045940573 0.0045940573 0.0045940573 0.0045940573 0.0045940573 0.0045940573 0.0045940573 0.0045940573 0.0045940573 0.0045940573 0.0045940573 0.0045940573 0.0045940573 0.0045940573 0.0045940573 0.0045940573 0.0045940573 0.0045940573 0.0045940573 0.0045940573 0.0045940573 0.0045940573 0.0045940573 0.0045940573 0.0045940573 0.0045940573 0.0045940573 0.0045940573 0.0045940573 0.0045940573 0.0045940573 0.0045940573 0.0045940573 0.0045940573 0.0045940573 0.0045940573 0.0045940573 0.0045940573 0.0045940573 0.0045940573 0.0045940573 0.0045940573 0.0045940573 0.0045940573 0.0045940573 0.0045940573 0.0045940573 0.0045940573 0.0045940573 0.0045940573 0.0045940573 0.0045940573 0.0045940573 0.0045940573 0.0045940573 0.0045940573 0.0045940573 0.0045940573 0.0045940573 0.0045940573 0.0045940573 0.0045940573 0.0045940573 0.0045940573 0.0045940573 0.0045940573 0.0045940573 0.0045940573 0.0045940573 0.0045940573 0.0045940573 0.0045940573 0.0045940573 0.0045940573 0.0045940573 0.0045940573 0.0045940573 0.0045940573 0.0045940573 0.0045940573 0.0045940573 0.0045940573 0.0045940573 0.0045940573 0.0045940573 0.0045940573 0.0045940573 0.0045940573 0.0045940573 0.0045940573 0.0045940573 0.0045940573 0.0045940573 0.0045940573 0.0045940573 0.0045940573 0.0045940573 0.0045940573,15 15 15 15 15 15 15 15 15 15 15 15 15 15 14 15 15 15 15 15 15 15 15 15 15 15 15 15 15 15 15 15 15 15 15 15 15 15 15 15 15 15 15 15 15 15 15 15 15 14 15 15 15 15 15 15 15 15 15 15 15 15 15 15 15 15 15 15 15 15 15 15 15 15 15 15 15 15 15 15 15 16 15 15 15 15 15 15 15 15 15 15 15 15 15 15 15 14 15 15 15 15 16 15 15 15 15 16 15 15 15 15 15 15 15 15 15 15 15 15 15 16 15 15 15 15 15 15 15 15 15 15 15 15 15 15 15 15 15 15 15 15 15 15 15 15 15 15 15 15 15 15 15 15 15 15 15 15 15 15 15 15 15 15 15 15 15 15 15 15 15 16 16 15 15 15 15 15 15 15 15 15 15 15 15 15 15 15 15 15 15 15 15 15 15 15 15 15 15 15 15 15 15 15 15 15 15 15 15 15 15 15 15 15 15 15 15 15 15 15 15 15 15 15 15 15 15 15 15 15 15 15 15 15 15 15 15 15 15 15 15 15 15 15 15 15 15 15 15 15 15 15 15 15 15 15
439,1x1x512x128,0.19009535 0.16685164 0.14535846 0.1819171 0.1379645 0.15557545 0.13803193 0.13394018 0.16648394 0.1820805 0.20545134 0.19328257 0.12857899 0.18337578 0.11890497 0.179769 0.2518052 0.19003141 0.15362437 0.15889195 0.14880674 0.15167838 0.16352578 0.13184884 0.13054211 0.17253706 0.17352012 0.18513642 0.17773439 0.22329852 0.19291833 0.15853006 0.14974876 0.15132879 0.1386829 0.20220853 0.15916632 0.15145484 0.1781479 0.20342718 0.17536584 0.13331126 0.16338612 0.12823813 0.18579164 0.12788388 0.15829748 0.2036885 0.16565295 0.14879501 0.14948629 0.17124449 0.13531499 0.18222833 0.19682515 0.21366598 0.13898873 0.15332618 0.15117803 0.15871337 0.17314608 0.19484411 0.123589575 0.15696828 0.11516453 0.16536412 0.17573673 0.1343045 0.1485901 0.1380391 0.15613703 0.13153115 0.13746966 0.1291505 0.119644575 0.1477898 0.12199213 0.13992818 0.11674534 0.11583145 0.18397175 0.13649197 0.12643512 0.1361713 0.15511975 0.14270689 0.13304299 0.15581131 0.12480568 0.15327999 0.13476947 0.17451291 0.13843855 0.15292695 0.115811944 0.13173762 0.14398621 0.124950275 0.19630757 0.11742263 0.21680497 0.18410483 0.13119003 0.120378114 0.12913497 0.16859385 0.12334628 0.16344957 0.13304979 0.13752884 0.11193797 0.18494081 0.14414138 0.126232 0.13851403 0.113776006 0.11824523 0.12238583 0.17370415 0.11770404 0.108494155 0.12866285 0.1339759 0.12621951 0.12013616 0.1673878 0.1118499 0.1748366,0.19007215 0.16683128 0.14534071 0.1818949 0.13794766 0.15555647 0.13801508 0.13392383 0.16646363 0.18205829 0.20542628 0.19325899 0.1285633 0.1833534 0.118890464 0.17974705 0.25177446 0.19000821 0.15360563 0.15887254 0.14878859 0.15165988 0.16350581 0.13183275 0.13052619 0.172516 0.17349894 0.18511382 0.17771271 0.22327127 0.19289479 0.1585107 0.14973047 0.15131031 0.13866597 0.20218386 0.1591469 0.15143634 0.17812616 0.20340236 0.17534444 0.13329498 0.16336618 0.12822247 0.18576898 0.12786826 0.15827815 0.20366365 0.16563274 0.14877686 0.14946803 0.17122358 0.13529848 0.18220608 0.19680113 0.2136399 0.13897176 0.15330748 0.15115958 0.158694 0.17312495 0.19482033 0.12357449 0.15694913 0.115150474 0.16534393 0.17571527 0.1342881 0.14857197 0.13802226 0.15611798 0.1315151 0.13745289 0.12913474 0.11962997 0.14777176 0.12197725 0.1399111 0.116731085 0.11581731 0.1839493 0.13647531 0.1264197 0.13615468 0.15510081 0.14268947 0.13302676 0.1557923 0.124790445 0.15326127 0.13475302 0.1744916 0.13842165 0.15290828 0.11579781 0.13172154 0.14396864 0.12493503 0.19628361 0.1174083 0.21677852 0.18408236 0.13117401 0.12036342 0.12911922 0.16857328 0.12333122 0.16342963 0.13303356 0.13751204 0.11192431 0.18491825 0.1441238 0.12621659 0.13849711 0.113762125 0.1182308 0.1223709 0.17368296 0.11768968 0.108480915 0.12864716 0.13395953 0.12620412 0.120121494 0.16736737 0.11183625 0.17481527,0.0014966311 0.0013136321 0.001144415 0.0014322433 0.0010862021 0.0012248541 0.0010867328 0.0010545184 0.0013107372 0.0014335299 0.0016175298 0.0015217243 0.0010123095 0.0014437275 0.00093614537 0.001415331 0.001982476 0.0014961276 0.0012094931 0.0012509649 0.0011715636 0.0011941723 0.0012874473 0.0010380532 0.0010277652 0.0013583937 0.0013661335 0.0014575891 0.0013993126 0.0017580414 0.0015188566 0.0012481158 0.0011789801 0.0011914198 0.001091858 0.0015919989 0.0012531253 0.0011924121 0.0014025682 0.0016015933 0.0013806649 0.0010495668 0.0012863479 0.0010096257 0.0014627478 0.0010068368 0.0012462847 0.0016036507 0.0013041948 0.0011714713 0.0011769136 0.0013482171 0.0010653423 0.0014346936 0.0015496152 0.001682204 0.0010942658 0.0012071455 0.0011902329 0.001249559 0.0013631886 0.0015340183 0.0009730275 0.0012358199 0.00090669666 0.0013019206 0.0013835848 0.0010573866 0.001169858 0.0010867894 0.0012292754 0.001035552 0.0010823061 0.001016809 0.0009419683 0.0011635572 0.0009604508 0.0011016622 0.0009191424 0.0009119473 0.0014484198 0.0010746088 0.0009954306 0.0010720841 0.0012212662 0.001123539 0.0010474549 0.001226711 0.0009826019 0.0012067817 0.0010610474 0.0013739496 0.0010899343 0.0012040022 0.0009117938 0.0010371775 0.0011336113 0.0009837404 0.0015455402 0.0009244748 0.0017069174 0.0014494674 0.0010328662 0.0009477435 0.0010166868 0.0013273486 0.00097111193 0.0012868475 0.0010475083 0.001082772 0.0008812938 0.0014560493 0.001134833 0.0009938314 0.0010905284 0.0008957648 0.00093095115 0.0009635504 0.0013675824 0.00092669035 0.0008541804 0.0010129698 0.0010547994 0.0009937332 0.0009458385 0.0013178533 0.00088060036 0.0013764981,
440,128,,,0.0062016635 0.0062016635 0.0062016635 0.0062016635 0.0062016635 0.0062016635 0.0062016635 0.0062016635 0.0062016635 0.0062016635 0.0062016635 0.0062016635 0.0062016635 0.0062016635 0.0062016635 0.0062016635 0.0062016635 0.0062016635 0.0062016635 0.0062016635 0.0062016635 0.0062016635 0.0062016635 0.0062016635 0.0062016635 0.0062016635 0.0062016635 0.0062016635 0.0062016635 0.0062016635 0.0062016635 0.0062016635 0.0062016635 0.0062016635 0.0062016635 0.0062016635 0.0062016635 0.0062016635 0.0062016635 0.0062016635 0.0062016635 0.0062016635 0.0062016635 0.0062016635 0.0062016635 0.0062016635 0.0062016635 0.0062016635 0.0062016635 0.0062016635 0.0062016635 0.0062016635 0.0062016635 0.0062016635 0.0062016635 0.0062016635 0.0062016635 0.0062016635 0.0062016635 0.0062016635 0.0062016635 0.0062016635 0.0062016635 0.0062016635 0.0062016635 0.0062016635 0.0062016635 0.0062016635 0.0062016635 0.0062016635 0.0062016635 0.0062016635 0.0062016635 0.0062016635 0.0062016635 0.0062016635 0.0062016635 0.0062016635 0.0062016635 0.0062016635 0.0062016635 0.0062016635 0.0062016635 0.0062016635 0.0062016635 0.0062016635 0.0062016635 0.0062016635 0.0062016635 0.0062016635 0.0062016635 0.0062016635 0.0062016635 0.0062016635 0.0062016635 0.0062016635 0.0062016635 0.0062016635 0.0062016635 0.0062016635 0.0062016635 0.0062016635 0.0062016635 0.0062016635 0.0062016635 0.0062016635 0.0062016635 0.0062016635 0.0062016635 0.0062016635 0.0062016635 0.0062016635 0.0062016635 0.0062016635 0.0062016635 0.0062016635 0.0062016635 0.0062016635 0.0062016635 0.0062016635 0.0062016635 0.0062016635 0.0062016635 0.0062016635 0.0062016635 0.0062016635 0.0062016635 0.0062016635,14 14 14 14 14 14 14 14 14 14 14 14 14 14 15 14 13 14 14 14 14 14 14 14 14 14 14 14 14 14 14 14 14 14 14 14 14 14 14 14 14 14 14 14 14 14 14 14 14 14 14 14 14 14 14 14 14 14 14 14 14 14 15 14 15 14 14 14 14 14 14 14 14 14 15 14 15 14 15 15 14 14 14 14 14 14 14 14 14 14 14 14 14 14 15 14 14 14 14 15 14 14 14 15 14 14 15 14 14 14 15 14 14 14 14 15 15 15 14 15 15 14 14 14 15 14 15 14
449,1x1x64x32,0.3592605 0.2482497 0.28817996 0.32551688 0.3305207 0.34321323 0.38720715 0.33032197 0.33143422 0.24886972 0.2911505 0.3290947 0.29964557 0.4144513 0.32106495 0.30878463 0.26018813 0.31222522 0.28135386 0.31269777 0.26685634 0.25535014 0.435168 0.29955652 0.2818997 0.3000964 0.24733685 0.3106151 0.54005176 0.27300677 0.337652 0.3091145,0.35921666 0.2482194 0.2881448 0.32547715 0.33048034 0.34317133 0.3871599 0.33028167 0.33139378 0.24883935 0.29111496 0.32905456 0.299609 0.41440073 0.32102576 0.30874693 0.26015636 0.31218714 0.28131953 0.3126596 0.26682377 0.255319 0.4351149 0.29952 0.28186527 0.30005977 0.24730667 0.31057718 0.53998584 0.27297345 0.3376108 0.30907676,0.0028284776 0.0019544836 0.0022688566 0.0025628123 0.0026022075 0.0027021365 0.0030485033 0.002600643 0.0026093998 0.0019593649 0.0022922438 0.0025909808 0.002359126 0.0032629978 0.002527762 0.002431078 0.0020484752 0.0024581663 0.0022151144 0.0024618865 0.0021009746 0.0020103857 0.0034261015 0.0023584252 0.0022194115 0.0023626753 0.0019472967 0.0024454896 0.004251857 0.0021493973 0.002658353 0.0024336753,
450,32,,,0.0056379763 0.0056379763 0.0056379763 0.0056379763 0.0056379763 0.0056379763 0.0056379763 0.0056379763 0.0056379763 0.0056379763 0.0056379763 0.0056379763 0.0056379763 0.0056379763 0.0056379763 0.0056379763 0.0056379763 0.0056379763 0.0056379763 0.0056379763 0.0056379763 0.0056379763 0.0056379763 0.0056379763 0.0056379763 0.0056379763 0.0056379763 0.0056379763 0.0056379763 0.0056379763 0.0056379763 0.0056379763,15 15 15 15 15 15 15 15 15 15 15 15 15 15 15 15 15 15 15 15 15 15 15 15 15 15 16 15 14 15 15 15
455,3x3x32x32,0.17731346 0.17993326 0.1963376 0.21578124 0.14720027 0.22043543 0.28896382 0.25375763 0.21786386 0.3721259 0.19646208 0.29484004 0.35322455 0.2694355 0.24450904 0.27015707 0.23424031 0.264643 0.17699452 0.15239055 0.20167293 0.23732619 0.21956795 0.20210591 0.18331648 0.28527585 0.18879998 0.20784587 0.30374599 0.17353591 0.20807202 0.27027082,0.17729183 0.17991132 0.19631363 0.21575491 0.14718232 0.22040851 0.28892854 0.25372666 0.21783726 0.37208048 0.1964381 0.29480404 0.35318142 0.2694026 0.24447921 0.27012408 0.23421171 0.26461074 0.17697293 0.15237196 0.20164832 0.23729724 0.21954115 0.20208125 0.1832941 0.28524104 0.18877693 0.20782049 0.3037089 0.17351472 0.20804663 0.27023783,0.0013959986 0.0014166245 0.0015457766 0.0016988575 0.0011589159 0.0017355001 0.0022750278 0.0019978478 0.001715254 0.0029297676 0.0015467567 0.0023212917 0.002780956 0.0021212802 0.0019250332 0.0021269612 0.0018441867 0.002083549 0.0013934876 0.0011997792 0.001587782 0.0018684822 0.0017286704 0.0015911909 0.0014432607 0.0022459924 0.0014864325 0.0016363818 0.0023914087 0.0013662577 0.0016381624 0.002127857,
456,32,,,0.0051682214 0.0051682214 0.0051682214 0.0051682214 0.0051682214 0.0051682214 0.0051682214 0.0051682214 0.0051682214 0.0051682214 0.0051682214 0.0051682214 0.0051682214 0.0051682214 0.0051682214 0.0051682214 0.0051682214 0.0051682214 0.0051682214 0.0051682214 0.0051682214 0.0051682214 0.0051682214 0.0051682214 0.0051682214 0.0051682214 0.0051682214 0.0051682214 0.0051682214 0.0051682214 0.0051682214 0.0051682214,15 15 15 15 15 15 14 14 15 14 15 14 14 14 15 14 15 14 15 15 15 15 15 15 15 14 15 15 14 15 15 14
461,3x3x32x32,0.2440852 0.22997056 0.15238455 0.15634654 0.15766564 0.1778176 0.21614233 0.14693283 0.20563477 0.19001047 0.19465788 0.1378343 0.24826053 0.18279564 0.23550616 0.16338901 0.14483565 0.14705391 0.27982885 0.22254415 0.1717929 0.17798541 0.19697198 0.1332186 0.18439336 0.1903549 0.20857981 0.21502364 0.20199035 0.16865328 0.21698926 0.1856088,0.2440554 0.22994249 0.15236595 0.15632746 0.15764639 0.17779589 0.21611595 0.14691488 0.20560968 0.18998729 0.19463412 0.13781747 0.24823022 0.18277334 0.23547742 0.16336907 0.14481798 0.14703596 0.2797947 0.222517 0.17177193 0.1779637 0.19694795 0.13320234 0.18437086 0.19033167 0.20855434 0.2149974 0.20196569 0.16863269 0.21696278 0.18558615,0.0019216961 0.0018105707 0.001199732 0.0012309249 0.0012413102 0.0013999676 0.0017017004 0.0011568101 0.0016189738 0.0014959628 0.0015325522 0.001085177 0.0019545685 0.0014391601 0.0018541529 0.0012863707 0.001140299 0.0011577634 0.0022031078 0.0017521024 0.0013525349 0.001401289 0.0015507712 0.0010488373 0.0014517391 0.0014986745 0.0016421602 0.0016928929 0.001590281 0.0013278164 0.0017083684 0.0014613083,
462,32,,,0.0053928886 0.0053928886 0.0053928886 0.0053928886 0.0053928886 0.0053928886 0.0053928886 0.0053928886 0.0053928886 0.0053928886 0.0053928886 0.0053928886 0.0053928886 0.0053928886 0.0053928886 0.0053928886 0.0053928886 0.0053928886 0.0053928886 0.0053928886 0.0053928886 0.0053928886 0.0053928886 0.0053928886 0.0053928886 0.0053928886 0.0053928886 0.0053928886 0.0053928886 0.0053928886 0.0053928886 0.0053928886,15 15 15 15 15 15 15 15 15 15 15 15 14 15 15 15 15 15 14 15 15 15 15 15 15 15 15 15 15 15 15 15
470,3x3x32x32,0.17154856 0.24469686 0.20270659 0.18299046 0.18189453 0.20352715 0.19389436 0.35068825 0.25812927 0.19561613 0.21605735 0.18647021 0.20060925 0.16754317 0.18713705 0.25236538 0.18973075 0.17886397 0.1872381 0.14408027 0.17893192 0.20127276 0.22351238 0.22689544 0.1648322 0.22295727 0.20751584 0.24646246 0.18805192 0.17390595 0.16691694 0.17709267,0.17152762 0.244667 0.20268185 0.18296814 0.18187234 0.20350231 0.1938707 0.35064545 0.25809777 0.19559225 0.21603099 0.18644746 0.20058477 0.16752273 0.18711422 0.25233456 0.18970759 0.17884214 0.18721524 0.14406268 0.17891008 0.20124818 0.22348511 0.22686774 0.16481209 0.22293006 0.20749052 0.2464324 0.18802898 0.17388472 0.16689657 0.17707105,0.0013506112 0.0019265118 0.0015959201 0.001440694 0.0014320656 0.0016023804 0.0015265408 0.0027609877 0.002032266 0.0015400965 0.0017010313 0.0014680902 0.0015794076 0.0013190766 0.0014733403 0.0019868864 0.0014937606 0.0014082058 0.0014741358 0.0011343518 0.0014087408 0.0015846314 0.0017597253 0.0017863602 0.0012977329 0.0017553548 0.0016337836 0.0019404126 0.0014805432 0.0013691711 0.0013141462 0.0013942602,
471,32,,,0.005637976 0.005637976 0.005637976 0.005637976 0.005637976 0.005637976 0.005637976 0.005637976 0.005637976 0.005637976 0.005637976 0.005637976 0.005637976 0.005637976 0.005637976 0.005637976 0.005637976 0.005637976 0.005637976 0.005637976 0.005637976 0.005637976 0.005637976 0.005637976 0.005637976 0.005637976 0.005637976 0.005637976 0.005637976 0.005637976 0.005637976 0.005637976,15 15 15 15 15 15 15 14 14 15 15 15 15 15 15 14 15 15 15 15 15 15 15 15 15 15 15 15 15 15 15 15
476,3x3x32x32,0.16126683 0.15726204 0.18471733 0.15676728 0.16876529 0.18162435 0.1538017 0.28064242 0.1926979 0.16768168 0.17789625 0.20417008 0.16823459 0.17510343 0.20400868 0.19099379 0.163543 0.21121083 0.21320707 0.3537654 0.15834942 0.21510993 0.27318197 0.14616562 0.1600713 0.2594463 0.1635814 0.24916597 0.1743934 0.14153162 0.19621597 0.19284916,0.16124715 0.15724285 0.18469478 0.15674815 0.1687447 0.1816022 0.15378293 0.28060818 0.19267438 0.1676612 0.17787454 0.20414516 0.16821405 0.17508206 0.20398378 0.19097048 0.16352303 0.21118505 0.21318105 0.35372224 0.1583301 0.21508367 0.27314866 0.14614779 0.16005176 0.2594146 0.16356145 0.24913557 0.1743721 0.14151435 0.19619203 0.19282562,0.0012696626 0.0012381327 0.0014542897 0.0012342373 0.0013286984 0.0014299386 0.0012108892 0.0022095132 0.0015171211 0.001320167 0.0014005869 0.0016074423 0.0013245201 0.0013785989 0.0016061715 0.0015037046 0.0012875829 0.0016628745 0.0016785909 0.0027852145 0.0012466937 0.0016935723 0.0021507768 0.00115077 0.0012602501 0.0020426346 0.0012878855 0.0019616974 0.0013730087 0.0011142861 0.0015448191 0.0015183119,
477,32,,,0.0049615246 0.0049615246 0.0049615246 0.0049615246 0.0049615246 0.0049615246 0.0049615246 0.0049615246 0.0049615246 0.0049615246 0.0049615246 0.0049615246 0.0049615246 0.0049615246 0.0049615246 0.0049615246 0.0049615246 0.0049615246 0.0049615246 0.0049615246 0.0049615246 0.0049615246 0.0049615246 0.0049615246 0.0049615246 0.0049615246 0.0049615246 0.0049615246 0.0049615246 0.0049615246 0.0049615246 0.0049615246,15 15 15 15 15 15 15 14 15 15 15 15 15 15 15 15 15 15 15 14 15 15 14 15 15 14 15 14 15 15 15 15
485,1x1x64x32,0.46038795 0.36490583 0.40466145 0.4130817 0.47539526 0.50229234 0.49310628 0.4353695 0.43752688 0.43323088 0.36039 0.4119364 0.36998415 0.27349207 0.3398719 0.38749462 0.40252554 0.32218444 0.32708862 0.37674952 0.45713073 0.39789015 0.39359835 0.35658595 0.3768828 0.4109334 0.3534592 0.38636917 0.37580213 0.45875618 0.33693722 0.47779992,0.46033174 0.36486128 0.40461206 0.4130313 0.47533727 0.502231 0.49304608 0.43531635 0.4374735 0.433178 0.36034602 0.41188613 0.369939 0.2734587 0.33983043 0.38744733 0.4024764 0.3221451 0.3270487 0.37670353 0.45707494 0.39784157 0.3935503 0.35654244 0.37683678 0.41088325 0.35341606 0.38632202 0.37575626 0.4587002 0.3368961 0.47774163,0.0036246593 0.0028729234 0.0031859218 0.003252215 0.0037428131 0.003954575 0.0038822526 0.0034276878 0.0034446733 0.0034108504 0.0028373701 0.003243198 0.0029129055 0.002153218 0.0026758302 0.0030507664 0.0031691056 0.0025365755 0.0025751865 0.0029661695 0.0035990153 0.0031326108 0.0030988213 0.0028074207 0.0029672186 0.0032353012 0.0027828035 0.0030419056 0.0029587108 0.0036118126 0.0026527252 0.003761745,
486,32,,,0.005168222 0.005168222 0.005168222 0.005168222 0.005168222 0.005168222 0.005168222 0.005168222 0.005168222 0.005168222 0.005168222 0.005168222 0.005168222 0.005168222 0.005168222 0.005168222 0.005168222 0.005168222 0.005168222 0.005168222 0.005168222 0.005168222 0.005168222 0.005168222 0.005168222 0.005168222 0.005168222 0.005168222 0.005168222 0.005168222 0.005168222 0.005168222,15 15 15 15 15 14 15 15 15 15 15 15 15 15 15 15 15 15 15 15 15 15 15 15 15 15 15 15 15 15 15 15
494,1x1x64x64,0.4608765 0.4506896 0.52900743 0.5381113 0.6620645 0.5097081 0.40178198 0.5227362 0.6894882 0.6400983 0.44864723 0.64533997 0.5894127 0.5716501 0.45171493 0.49783742 0.5592629 0.5614842 0.4407333 0.43670622 0.6247266 0.5458713 0.39665565 0.4883107 0.60118216 0.57460594 0.6392691 0.54586196 0.73378223 0.5454429 0.47057137 0.4475957 0.35400274 0.509987 0.5775751 0.46083462 0.47777033 0.62697834 0.5046174 0.53023744 0.45061705 0.5241095 0.4868873 0.3945306 0.59507066 0.5175688 0.4850505 0.4845542 0.5425041 0.49879727 0.49954253 0.5109793 0.46514043 0.5143607 0.68684685 0.65304804 0.4361764 0.43242696 0.69602245 0.5215112 0.5920636 0.62880623 0.46565047 0.42538866,0.46082023 0.45063463 0.5289429 0.53804564 0.6619837 0.50964594 0.40173292 0.52267236 0.6894041 0.6400202 0.44859248 0.64526117 0.58934075 0.5715803 0.4516598 0.4977767 0.5591946 0.56141573 0.44067952 0.4366529 0.62465036 0.54580474 0.39660722 0.48825112 0.6011088 0.57453585 0.6391911 0.5457954 0.73369265 0.5453763 0.47051394 0.44754106 0.35395956 0.50992477 0.57750463 0.4607784 0.477712 0.62690187 0.5045558 0.53017277 0.45056203 0.5240455 0.48682788 0.39448246 0.594998 0.5175057 0.48499128 0.48449507 0.54243785 0.4987364 0.4994816 0.51091695 0.46508366 0.51429796 0.686763 0.65296835 0.43612316 0.43237418 0.6959375 0.52144754 0.5919913 0.62872946 0.46559364 0.42533675,0.0036285056 0.003548304 0.004164905 0.00423658 0.0052124704 0.00401296 0.0031632513 0.0041155303 0.0054283785 0.005039529 0.0035322243 0.005080797 0.004640478 0.004500632 0.0035563763 0.0039195013 0.0044031073 0.004420596 0.0034699175 0.0034382117 0.004918507 0.004297675 0.0031228915 0.003844497 0.00473314 0.0045239045 0.005033001 0.0042976015 0.0057771076 0.0042943014 0.0037048343 0.0035239453 0.0027870832 0.0040151556 0.0045472807 0.0036281762 0.0037615118 0.004936235 0.0039728805 0.0041745887 0.0035477325 0.004126343 0.0038332904 0.003106161 0.004685024 0.0040748483 0.003818829 0.003814922 0.004271164 0.0039270585 0.003932926 0.004022968 0.003662076 0.0040495903 0.0054075825 0.005141483 0.0034340406 0.0034045212 0.005479823 0.004105886 0.0046613486 0.004950626 0.0036660917 0.0033491082,
495,64,,,0.005168222 0.005168222 0.005168222 0.005168222 0.005168222 0.005168222 0.005168222 0.005168222 0.005168222 0.005168222 0.005168222 0.005168222 0.005168222 0.005168222 0.005168222 0.005168222 0.005168222 0.005168222 0.005168222 0.005168222 0.005168222 0.005168222 0.005168222 0.005168222 0.005168222 0.005168222 0.005168222 0.005168222 0.005168222 0.005168222 0.005168222 0.005168222 0.005168222 0.005168222 0.005168222 0.005168222 0.005168222 0.005168222 0.005168222 0.005168222 0.005168222 0.005168222 0.005168222 0.005168222 0.005168222 0.005168222 0.005168222 0.005168222 0.005168222 0.005168222 0.005168222 0.005168222 0.005168222 0.005168222 0.005168222 0.005168222 0.005168222 0.005168222 0.005168222 0.005168222 0.005168222 0.005168222 0.005168222 0.005168222,15 15 14 14 14 14 15 14 14 14 15 14 14 14 15 14 14 14 15 15 14 14 15 15 14 14 14 14 14 14 15 15 15 14 14 15 15 14 14 14 15 14 15 15 14 14 15 15 14 14 14 14 15 14 14 14 15 15 14 14 14 14 15 15
504,1x1x192x128,0.18220778 0.23634864 0.19410767 0.3147742 0.25555032 0.25080898 0.28547627 0.25652048 0.1703354 0.18556382 0.18309805 0.1864702 0.21898393 0.3190503 0.2373822 0.3285299 0.22465198 0.22036482 0.23535238 0.20740609 0.20351171 0.1974082 0.3026942 0.25077933 0.19850105 0.253889 0.23584156 0.20875168 0.22979961 0.19927594 0.21367352 0.2654624 0.25912836 0.28128275 0.23517533 0.2343084 0.22619545 0.23918433 0.26319298 0.29742068 0.23017135 0.24423163 0.19241263 0.19963081 0.19877553 0.22196981 0.20955129 0.24453534 0.20522422 0.2498068 0.26342213 0.23047683 0.20113209 0.19533725 0.20424941 0.24296059 0.22175342 0.15620351 0.2189049 0.2505315 0.22169568 0.16096506 0.28185925 0.23291284 0.21864675 0.2076421 0.24718104 0.22589147 0.20182683 0.2039163 0.19414741 0.20981935 0.27285293 0.24576186 0.24105 0.32066473 0.2692003 0.22516271 0.17352 0.29493746 0.20943266 0.25530168 0.21157874 0.22989503 0.2086199 0.20122862 0.22467197 0.19880202 0.19926003 0.21463554 0.22265543 0.20055956 0.236437 0.24358124 0.22153714 0.27124292 0.23674144 0.22838657 0.20269184 0.20118816 0.21900423 0.245425 0.27445775 0.18502128 0.24382767 0.25952905 0.18034236 0.22776401 0.2650594 0.23375231 0.20076977 0.21680784 0.28050494 0.21099226 0.19766834 0.2144345 0.22027436 0.20595483 0.21299347 0.28462017 0.23453459 0.23157997 0.2586299 0.21228354 0.21852744 0.22263412 0.33728352 0.2840497,0.18218553 0.23631981 0.19408399 0.31473577 0.25551912 0.25077838 0.28544143 0.25648916 0.17031461 0.18554117 0.18307571 0.18644744 0.2189572 0.3190114 0.23735324 0.32848978 0.22462456 0.22033793 0.23532367 0.20738079 0.20348687 0.1973841 0.30265728 0.25074872 0.19847684 0.25385803 0.23581278 0.20872621 0.22977157 0.19925162 0.21364744 0.26543 0.25909674 0.28124842 0.23514663 0.23427981 0.22616786 0.23915514 0.26316085 0.29738438 0.23014326 0.24420181 0.19238915 0.19960645 0.19875127 0.22194272 0.20952572 0.24450551 0.20519917 0.24977632 0.26339 0.23044871 0.20110753 0.19531341 0.20422448 0.24293093 0.22172636 0.15618443 0.21887818 0.25050092 0.22166863 0.1609454 0.28182486 0.23288442 0.21862008 0.20761676 0.24715087 0.2258639 0.2018022 0.20389141 0.19412372 0.20979373 0.2728196 0.24573186 0.24102059 0.3206256 0.26916742 0.22513524 0.17349882 0.29490146 0.20940709 0.2552705 0.21155292 0.22986697 0.20859444 0.20120406 0.22464456 0.19877777 0.19923571 0.21460934 0.22262827 0.20053509 0.23640813 0.24355151 0.2215101 0.27120984 0.23671255 0.22835869 0.2026671 0.20116362 0.21897751 0.24539505 0.27442425 0.18499869 0.24379791 0.25949737 0.18032035 0.2277362 0.26502705 0.23372377 0.20074525 0.2167814 0.28047073 0.21096651 0.19764422 0.21440834 0.22024748 0.2059297 0.21296747 0.28458545 0.23450597 0.23155172 0.25859833 0.21225764 0.21850078 0.22260694 0.33724236 0.28401503,0.0014345318 0.0018607859 0.0015282204 0.0024782345 0.0020119615 0.001974633 0.0022475703 0.0020195998 0.0013410599 0.0014609541 0.001441541 0.0014680901 0.0017240725 0.0025119006 0.0018689231 0.0025865338 0.0017686973 0.0017349443 0.0018529423 0.0016329195 0.0016022589 0.0015542055 0.0023831283 0.0019743994 0.0015628097 0.001998882 0.0018567935 0.0016435134 0.001809225 0.0015689104 0.0016822633 0.00209 0.0020401317 0.0022145545 0.0018515482 0.0018447229 0.0017808493 0.0018831113 0.0020721327 0.0023416092 0.0018121516 0.0019228489 0.0015148752 0.0015717043 0.0015649706 0.0017475805 0.0016498088 0.0019252403 0.0016157415 0.0019667426 0.002073937 0.0018145568 0.0015835238 0.0015379009 0.0016080668 0.001912842 0.0017458769 0.0012297987 0.0017234503 0.001972448 0.0017454223 0.0012672866 0.0022190933 0.0018337356 0.0017214179 0.0016347776 0.0019460699 0.0017784559 0.0015889937 0.0016054442 0.0015285332 0.0016519191 0.0021481859 0.0019348966 0.0018977999 0.002524611 0.0021194285 0.0017727184 0.0013661325 0.0023220587 0.0016488747 0.0020100041 0.001665771 0.0018099761 0.001642476 0.0015842839 0.0017688548 0.0015651792 0.001568785 0.0016898373 0.0017529784 0.0015790164 0.0018614813 0.0019177285 0.001744174 0.0021355106 0.0018638783 0.0017980998 0.001595804 0.0015839655 0.0017242323 0.0019322445 0.0021608209 0.0014566826 0.0019196686 0.0020432863 0.0014198453 0.0017931985 0.002086827 0.0018403446 0.0015806713 0.0017069401 0.002208431 0.0016611536 0.0015562536 0.0016882546 0.0017342321 0.0016214937 0.0016769092 0.0022408303 0.0018465037 0.0018232419 0.0020362074 0.00167132 0.0017204785 0.0017528106 0.0026554517 0.0022363388,
505,128,,,0.007751702 0.007751702 0.007751702 0.007751702 0.007751702 0.007751702 0.007751702 0.007751702 0.007751702 0.007751702 0.007751702 0.007751702 0.007751702 0.007751702 0.007751702 0.007751702 0.007751702 0.007751702 0.007751702 0.007751702 0.007751702 0.007751702 0.007751702 0.007751702 0.007751702 0.007751702 0.007751702 0.007751702 0.007751702 0.007751702 0.007751702 0.007751702 0.007751702 0.007751702 0.007751702 0.007751702 0.007751702 0.007751702 0.007751702 0.007751702 0.007751702 0.007751702 0.007751702 0.007751702 0.007751702 0.007751702 0.007751702 0.007751702 0.007751702 0.007751702 0.007751702 0.007751702 0.007751702 0.007751702 0.007751702 0.007751702 0.007751702 0.007751702 0.007751702 0.007751702 0.007751702 0.007751702 0.007751702 0.007751702 0.007751702 0.007751702 0.007751702 0.007751702 0.007751702 0.007751702 0.007751702 0.007751702 0.007751702 0.007751702 0.007751702 0.007751702 0.007751702 0.007751702 0.007751702 0.007751702 0.007751702 0.007751702 0.007751702 0.007751702 0.007751702 0.007751702 0.007751702 0.007751702 0.007751702 0.007751702 0.007751702 0.007751702 0.007751702 0.007751702 0.007751702 0.007751702 0.007751702 0.007751702 0.007751702 0.007751702 0.007751702 0.007751702 0.007751702 0.007751702 0.007751702 0.007751702 0.007751702 0.007751702 0.007751702 0.007751702 0.007751702 0.007751702 0.007751702 0.007751702 0.007751702 0.007751702 0.007751702 0.007751702 0.007751702 0.007751702 0.007751702 0.007751702 0.007751702 0.007751702 0.007751702 0.007751702 0.007751702 0.007751702,14 14 14 13 13 13 13 13 14 14 14 14 14 13 14 13 14 14 14 14 14 14 13 13 14 13 14 14 14 14 14 13 13 13 14 14 14 14 13 13 14 14 14 14 14 14 14 14 14 13 13 14 14 14 14 14 14 14 14 13 14 14 13 14 14 14 14 14 14 14 14 14 13 14 14 13 13 14 14 13 14 13 14 14 14 14 14 14 14 14 14 14 14 14 14 13 14 14 14 14 14 14 13 14 14 13 14 14 13 14 14 14 13 14 14 14 14 14 14 13 14 14 13 14 14 14 13 13
510,3x3x128x128,0.061899338 0.06784121 0.10096723 0.06600664 0.09429511 0.08159941 0.10361884 0.07730468 0.06889795 0.065620214 0.0693829 0.05741171 0.07558855 0.07022032 0.060223315 0.07364291 0.08721542 0.075862385 0.047878865 0.05694022 0.08112613 0.08726167 0.085682705 0.085261 0.063945495 0.08579244 0.07931503 0.08537763 0.071894035 0.07020786 0.06961528 0.080926895 0.074850544 0.075666 0.07449065 0.07445852 0.08643115 0.07677232 0.060527664 0.074280895 0.062552646 0.106767595 0.093148984 0.07774379 0.060666684 0.06948116 0.071151406 0.09353984 0.083535805 0.06840154 0.09082315 0.09827909 0.068153985 0.06637117 0.07390994 0.06637604 0.07895299 0.07427647 0.06082178 0.06732474 0.06567656 0.09194765 0.0904802 0.0642733 0.080401786 0.08461543 0.057838563 0.060648296 0.059504803 0.060434617 0.07995479 0.076689884 0.084836766 0.06523448 0.063920155 0.08231135 0.05345784 0.07490545 0.06074667 0.06522659 0.086477935 0.07482576 0.061046425 0.07595821 0.08146805 0.073035516 0.07869393 0.06827596 0.08080036 0.07401324 0.06394494 0.07308172 0.050263748 0.07483893 0.075011894 0.06464486 0.07811531 0.08026274 0.06221953 0.07719286 0.05524908 0.053974938 0.07745477 0.066602945 0.058198087 0.06575622 0.08797785 0.077417836 0.06624763 0.067947164 0.0705044 0.07527349 0.0497806 0.06426655 0.07059216 0.079862155 0.07610334 0.083639786 0.07191213 0.06172883 0.0655037 0.06588597 0.0682441 0.07637307 0.087166175 0.088847846 0.09011782 0.07575239,0.061891783 0.06783293 0.100954905 0.065998584 0.0942836 0.08158945 0.10360619 0.077295244 0.06888954 0.065612204 0.06937443 0.057404704 0.07557932 0.07021175 0.060215965 0.07363392 0.087204784 0.07585313 0.047873024 0.05693327 0.08111623 0.087251015 0.085672244 0.0852506 0.06393769 0.08578196 0.07930535 0.08536721 0.071885265 0.07019929 0.06960678 0.08091702 0.07484141 0.075656764 0.07448156 0.074449435 0.08642061 0.07676295 0.060520276 0.074271835 0.06254502 0.106754564 0.093137614 0.0777343 0.06065928 0.06947268 0.07114272 0.09352843 0.083525605 0.068393186 0.09081207 0.09826709 0.06814566 0.066363074 0.07390092 0.06636794 0.07894335 0.07426741 0.06081436 0.067316525 0.065668546 0.09193643 0.09046916 0.06426545 0.08039197 0.084605105 0.057831503 0.060640894 0.05949754 0.06042724 0.079945035 0.076680526 0.08482642 0.065226525 0.063912354 0.0823013 0.053451315 0.074896306 0.060739256 0.06521863 0.086467385 0.07481664 0.061038975 0.07594894 0.08145811 0.0730266 0.07868432 0.06826762 0.080790505 0.0740042 0.063937135 0.0730728 0.050257616 0.074829794 0.075002745 0.06463697 0.07810578 0.08025295 0.062211934 0.07718343 0.055242337 0.05396835 0.07744532 0.06659482 0.058190987 0.06574819 0.08796711 0.07740839 0.06623954 0.06793887 0.07049579 0.075264305 0.049774524 0.06425871 0.07058354 0.07985241 0.07609405 0.08362958 0.071903355 0.0617213 0.06549571 0.06587793 0.06823577 0.07636375 0.087155536 0.088837 0.09010682 0.075743146,0.00048733686 0.0005341176 0.0007949205 0.00051967386 0.0007423906 0.0006424366 0.0008157967 0.00060862396 0.00054243737 0.0005166315 0.0005462553 0.00045200554 0.0005951128 0.00055284845 0.00047414145 0.00057979464 0.00068665185 0.00059726875 0.00037695296 0.00044829346 0.00063871045 0.0006870159 0.0006745846 0.0006712646 0.0005034463 0.0006754485 0.00062445155 0.00067218277 0.00056602573 0.0005527503 0.0005480849 0.00063714193 0.00058930245 0.0005957226 0.000586469 0.00058621605 0.00068047724 0.0006044327 0.00047653762 0.0005848176 0.00049248047 0.00084058713 0.00073336705 0.0006120811 0.0004776321 0.00054702896 0.0005601789 0.0007364443 0.00065768196 0.000538529 0.0007150557 0.00077375665 0.00053658005 0.0005225439 0.00058189704 0.0005225822 0.0006216012 0.00058478274 0.0004788532 0.00053005136 0.0005170752 0.0007239089 0.0007123556 0.0005060272 0.0006330077 0.0006661819 0.00045536616 0.00047748737 0.00046848456 0.00047580505 0.0006294885 0.00060378364 0.0006679245 0.0005135947 0.0005032469 0.0006480417 0.0004208765 0.0005897347 0.00047826185 0.0005135325 0.0006808456 0.0005891074 0.00048062185 0.0005980231 0.00064140244 0.0005750126 0.0006195616 0.0005375403 0.0006361457 0.00058271026 0.000503442 0.0005753764 0.00039572926 0.000589211 0.0005905728 0.0005089525 0.00061500614 0.000631913 0.00048985775 0.00060774357 0.00043497904 0.00042494765 0.0006098057 0.00052436866 0.00045819674 0.0005177023 0.00069265446 0.0006095149 0.0005215712 0.00053495175 0.00055508496 0.00059263234 0.0003919254 0.0005059741 0.0005557759 0.00062875915 0.0005991658 0.0006585006 0.00056616816 0.00048599447 0.00051571423 0.00051872386 0.00053728954 0.0006012894 0.0006862641 0.00069950393 0.00070950255 0.00059640274,
511,128,,,0.005906401 0.005906401 0.005906401 0.005906401 0.005906401 0.005906401 0.005906401 0.005906401 0.005906401 0.005906401 0.005906401 0.005906401 0.005906401 0.005906401 0.005906401 0.005906401 0.005906401 0.005906401 0.005906401 0.005906401 0.005906401 0.005906401 0.005906401 0.005906401 0.005906401 0.005906401 0.005906401 0.005906401 0.005906401 0.005906401 0.005906401 0.005906401 0.005906401 0.005906401 0.005906401 0.005906401 0.005906401 0.005906401 0.005906401 0.005906401 0.005906401 0.005906401 0.005906401 0.005906401 0.005906401 0.005906401 0.005906401 0.005906401 0.005906401 0.005906401 0.005906401 0.005906401 0.005906401 0.005906401 0.005906401 0.005906401 0.005906401 0.005906401 0.005906401 0.005906401 0.005906401 0.005906401 0.005906401 0.005906401 0.005906401 0.005906401 0.005906401 0.005906401 0.005906401 0.005906401 0.005906401 0.005906401 0.005906401 0.005906401 0.005906401 0.005906401 0.005906401 0.005906401 0.005906401 0.005906401 0.005906401 0.005906401 0.005906401 0.005906401 0.005906401 0.005906401 0.005906401 0.005906401 0.005906401 0.005906401 0.005906401 0.005906401 0.005906401 0.005906401 0.005906401 0.005906401 0.005906401 0.005906401 0.005906401 0.005906401 0.005906401 0.005906401 0.005906401 0.005906401 0.005906401 0.005906401 0.005906401 0.005906401 0.005906401 0.005906401 0.005906401 0.005906401 0.005906401 0.005906401 0.005906401 0.005906401 0.005906401 0.005906401 0.005906401 0.005906401 0.005906401 0.005906401 0.005906401 0.005906401 0.005906401 0.005906401 0.005906401 0.005906401,14 14 14 14 14 14 14 14 14 14 14 15 14 14 15 14 14 14 15 15 14 14 14 14 14 14 14 14 14 14 14 14 14 14 14 14 14 14 15 14 14 14 14 14 15 14 14 14 14 14 14 14 14 14 14 14 14 14 15 14 14 14 14 14 14 14 15 15 15 15 14 14 14 14 14 14 15 14 15 14 14 14 15 14 14 14 14 14 14 14 14 14 15 14 14 14 14 14 14 14 15 15 14 14 15 14 14 14 14 14 14 14 15 14 14 14 14 14 14 15 14 14 14 14 14 14 14 14
519,1x1x384x256,0.284302 0.23735839 0.22204407 0.21550755 0.31812954 0.3232851 0.21775863 0.22550516 0.18734337 0.21360257 0.22765462 0.2769234 0.35595232 0.2509873 0.27288932 0.23259287 0.3056994 0.31367624 0.27295682 0.29885074 0.33686692 0.23339833 0.31795633 0.22920594 0.31391025 0.31291488 0.26260534 0.25443104 0.26394036 0.25741455 0.1805665 0.31257957 0.2209341 0.2884936 0.27042967 0.2870655 0.27028123 0.20845051 0.33620808 0.22945477 0.20469093 0.21921049 0.29008782 0.23182876 0.2095978 0.25266105 0.18605976 0.29288223 0.22968712 0.32372466 0.3894329 0.33559516 0.24064349 0.31751797 0.21095933 0.18879834 0.2802633 0.20553145 0.23907447 0.17005156 0.2529258 0.23117621 0.23181114 0.29973555 0.19048865 0.21129738 0.3090761 0.23576428 0.2545126 0.31447226 0.21029691 0.33571702 0.24229337 0.33648658 0.22686279 0.23558216 0.27789384 0.2031903 0.24676016 0.3267137 0.2674408 0.23538576 0.25403455 0.34261912 0.23980099 0.19251828 0.21281685 0.32171246 0.24827419 0.25276837 0.30480388 0.34792957 0.24305888 0.28574958 0.23692346 0.25149557 0.28350797 0.2496226 0.20715654 0.25033936 0.32017046 0.22678299 0.32229272 0.23529163 0.21452054 0.18601757 0.31265786 0.25102854 0.28075504 0.23899344 0.25253025 0.2147151 0.22793241 0.23804533 0.25785506 0.19098575 0.28371596 0.19492231 0.21950078 0.27707186 0.2485356 0.2502516 0.26098853 0.27056617 0.20611773 0.24490121 0.24890204 0.2480801 0.20893106 0.21522887 0.22440726 0.23012817 0.18093888 0.23341715 0.1785191 0.24506451 0.21948923 0.1879073 0.36328626 0.19914252 0.18607844 0.20084096 0.22561073 0.19909252 0.26481086 0.26295277 0.16637555 0.2036683 0.18947588 0.24909212 0.18144383 0.22711965 0.17684674 0.22509071 0.29503074 0.28905728 0.23060542 0.22775815 0.2536941 0.17943285 0.23529217 0.21400532 0.20052283 0.24917373 0.19982614 0.19095175 0.23431593 0.19651335 0.21865162 0.21796209 0.16240335 0.2835743 0.23028733 0.30909392 0.34483862 0.16781177 0.18774168 0.1834095 0.19304845 0.17006111 0.27552065 0.19976126 0.2936917 0.20924917 0.20659032 0.1728189 0.21961448 0.25536594 0.17854361 0.19664808 0.19661978 0.25657582 0.236593 0.25182033 0.17371099 0.17440607 0.24159285 0.22960997 0.33206204 0.19082576 0.32773972 0.159564 0.21197554 0.21797727 0.1499262 0.20909327 0.22906105 0.21031138 0.1641103 0.15450238 0.20162782 0.2636678 0.25431463 0.1805095 0.2192907 0.15166506 0.22697799 0.22897714 0.22468424 0.16926193 0.18325469 0.19056423 0.17182344 0.22356348 0.16293892 0.1367736 0.17620294 0.1555086 0.18700406 0.27159983 0.28163323 0.1866904 0.26095873 0.20501201 0.17851849 0.16633084 0.19722208 0.18612699 0.17864661 0.18628491 0.23403518 0.23969185 0.22543548 0.23325524 0.22687925 0.23044512 0.14827304 0.19971713 0.20042348 0.24655987 0.17125908 0.2490546 0.16002032 0.31352103 0.17741552 0.23196736,0.2842673 0.23732942 0.22201698 0.21548125 0.31809074 0.32324564 0.21773204 0.22547764 0.1873205 0.2135765 0.22762683 0.2768896 0.3559089 0.25095665 0.272856 0.23256448 0.3056621 0.31363797 0.2729235 0.29881427 0.3368258 0.23336986 0.31791753 0.22917797 0.31387192 0.31287667 0.26257327 0.25439999 0.26390815 0.25738314 0.18054447 0.31254143 0.22090712 0.28845838 0.27039665 0.2870305 0.27024823 0.20842507 0.33616704 0.22942677 0.20466594 0.21918373 0.2900524 0.23180048 0.20957223 0.25263023 0.18603705 0.29284647 0.2296591 0.32368517 0.3893854 0.33555418 0.24061412 0.31747922 0.21093358 0.18877529 0.28022912 0.20550635 0.23904529 0.17003082 0.25289497 0.23114799 0.23178285 0.29969895 0.1904654 0.2112716 0.3090384 0.2357355 0.25448155 0.31443387 0.21027124 0.33567604 0.2422638 0.3364455 0.2268351 0.2355534 0.27785993 0.2031655 0.24673004 0.32667384 0.26740816 0.23535703 0.25400352 0.3425773 0.23977172 0.1924948 0.21279088 0.32167318 0.24824388 0.25273752 0.30476668 0.3478871 0.24302922 0.28571472 0.23689453 0.25146487 0.28347337 0.24959213 0.20713127 0.2503088 0.3201314 0.2267553 0.32225338 0.23526292 0.21449436 0.18599486 0.3126197 0.2509979 0.2807208 0.23896426 0.25249943 0.2146889 0.22790459 0.23801629 0.2578236 0.19096245 0.28368133 0.19489852 0.219474 0.27703807 0.24850528 0.25022104 0.2609567 0.27053314 0.20609258 0.24487133 0.24887167 0.24804983 0.20890556 0.21520261 0.22437987 0.2301001 0.1809168 0.23338868 0.17849731 0.2450346 0.21946245 0.18788436 0.36324194 0.19911821 0.18605573 0.20081645 0.2255832 0.19906823 0.26477852 0.26292068 0.16635525 0.20364344 0.18945275 0.24906172 0.18142168 0.22709194 0.17682515 0.22506323 0.29499474 0.28902203 0.23057729 0.22773035 0.25366312 0.17941096 0.23526345 0.21397921 0.20049834 0.24914333 0.19980176 0.19092844 0.23428734 0.19648936 0.21862493 0.21793549 0.16238353 0.2835397 0.23025922 0.30905622 0.34479654 0.16779128 0.18771878 0.18338712 0.19302489 0.17004035 0.275487 0.19973688 0.29365587 0.20922363 0.20656511 0.1727978 0.21958768 0.2553348 0.17852181 0.19662409 0.19659577 0.25654453 0.23656413 0.2517896 0.1736898 0.17438477 0.24156338 0.22958195 0.3320215 0.19080247 0.32769972 0.15954453 0.21194968 0.21795067 0.1499079 0.20906775 0.2290331 0.21028571 0.16409028 0.15448351 0.2016032 0.26363564 0.25428358 0.18048745 0.21926394 0.15164655 0.22695029 0.22894919 0.22465682 0.16924126 0.18323232 0.19054098 0.17180248 0.2235362 0.16291903 0.13675691 0.17618144 0.15548962 0.18698125 0.2715667 0.28159884 0.18666762 0.2609269 0.20498699 0.1784967 0.16631055 0.19719802 0.18610427 0.17862481 0.18626219 0.23400663 0.2396626 0.22540796 0.23322676 0.22685157 0.23041698 0.14825493 0.19969277 0.20039901 0.24652977 0.17123818 0.2490242 0.1600008 0.31348276 0.17739387 0.23193905,0.0022383253 0.0018687356 0.0017481651 0.0016967028 0.0025046514 0.0025452413 0.0017144255 0.0017754145 0.0014749645 0.0016817047 0.0017923373 0.002180233 0.0028024323 0.0019760367 0.0021484725 0.0018312164 0.002406788 0.0024695904 0.002149004 0.0023528682 0.0026521715 0.0018375579 0.0025032875 0.0018045509 0.0024714326 0.002463596 0.002067506 0.0020031496 0.002078017 0.002026639 0.00142161 0.002460956 0.0017394262 0.0022713258 0.0021291075 0.0022600826 0.002127939 0.0016411423 0.0026469845 0.00180651 0.0016115429 0.0017258561 0.0022838772 0.0018252006 0.001650175 0.0019892144 0.0014648587 0.0023058776 0.0018083394 0.002548702 0.0030660268 0.002642159 0.0018945993 0.0024998365 0.0016608944 0.0014864196 0.0022065286 0.0016181603 0.0018822463 0.0013388253 0.001991299 0.0018200629 0.0018250619 0.0023598343 0.0014997276 0.0016635559 0.0024333731 0.001856185 0.0020037917 0.0024758573 0.0016556791 0.0026431184 0.0019075889 0.0026491773 0.0017861031 0.0018547511 0.0021878735 0.0015997284 0.0019427562 0.002572235 0.002105576 0.0018532049 0.0020000278 0.0026974592 0.0018879663 0.001515707 0.0016755187 0.0025328598 0.0019546764 0.0019900592 0.0023997377 0.0027392686 0.001913616 0.0022497221 0.0018653113 0.0019800384 0.0022320738 0.0019652923 0.0016309549 0.0019709356 0.0025207195 0.0017854748 0.0025374282 0.0018524639 0.001688932 0.0014645265 0.0024615724 0.0019763615 0.0022104 0.0018816084 0.0019881844 0.0016904637 0.0017945243 0.0018741441 0.002030107 0.0015036414 0.0022337113 0.001534634 0.0017281418 0.0021814022 0.0019567346 0.0019702443 0.0020547772 0.0021301822 0.0016227763 0.0019281207 0.0019596193 0.0019531483 0.0016449257 0.0016945088 0.0017667706 0.0018118118 0.0014245417 0.0018377061 0.0014054907 0.0019294063 0.0017280509 0.0014794044 0.0028601727 0.0015678599 0.0014650058 0.001581232 0.0017762457 0.0015674664 0.0020848704 0.0020702416 0.0013098839 0.0016034917 0.001491754 0.001961116 0.0014285172 0.0017881255 0.001392324 0.0017721514 0.0023227932 0.002275764 0.0018155692 0.0017931523 0.0019973475 0.0014126848 0.0018524681 0.0016848757 0.0015787272 0.0019617586 0.0015732421 0.0015033736 0.0018447821 0.0015471603 0.0017214562 0.0017160275 0.0012786104 0.002232596 0.0018130648 0.0024335135 0.0027149334 0.0013211912 0.0014781007 0.0014439931 0.001519881 0.0013389004 0.002169189 0.0015727313 0.002312251 0.0016474301 0.0016264969 0.0013606126 0.0017290369 0.0020105103 0.0014056836 0.0015482211 0.0015479982 0.0020200356 0.0018627096 0.0019825953 0.0013676363 0.0013731085 0.0019020739 0.0018077319 0.0026143426 0.0015023816 0.0025803128 0.0012562561 0.0016688951 0.0017161471 0.0011803772 0.0016462028 0.0018034102 0.0016557929 0.0012920494 0.0012164057 0.0015874268 0.0020758712 0.002002233 0.0014211611 0.0017264878 0.0011940674 0.0017870101 0.0018027495 0.0017689513 0.0013326084 0.0014427742 0.0015003227 0.0013527754 0.0017601275 0.001282827 0.0010768261 0.0013872554 0.0012243277 0.0014722933 0.0021383204 0.0022173137 0.0014698238 0.0020545425 0.0016140707 0.0014054859 0.0013095319 0.0015527403 0.001465388 0.0014064945 0.0014666314 0.0018425719 0.0018871072 0.0017748658 0.0018364312 0.0017862328 0.001814307 0.0011673616 0.001572384 0.001577945 0.0019411793 0.0013483322 0.0019608205 0.0012598488 0.0024683683 0.0013968021 0.0018262917,
520,256,,,0.005168222 0.005168222 0.005168222 0.005168222 0.005168222 0.005168222 0.005168222 0.005168222 0.005168222 0.005168222 0.005168222 0.005168222 0.005168222 0.005168222 0.005168222 0.005168222 0.005168222 0.005168222 0.005168222 0.005168222 0.005168222 0.005168222 0.005168222 0.005168222 0.005168222 0.005168222 0.005168222 0.005168222 0.005168222 0.005168222 0.005168222 0.005168222 0.005168222 0.005168222 0.005168222 0.005168222 0.005168222 0.005168222 0.005168222 0.005168222 0.005168222 0.005168222 0.005168222 0.005168222 0.005168222 0.005168222 0.005168222 0.005168222 0.005168222 0.005168222 0.005168222 0.005168222 0.005168222 0.005168222 0.005168222 0.005168222 0.005168222 0.005168222 0.005168222 0.005168222 0.005168222 0.005168222 0.005168222 0.005168222 0.005168222 0.005168222 0.005168222 0.005168222 0.005168222 0.005168222 0.005168222 0.005168222 0.005168222 0.005168222 0.005168222 0.005168222 0.005168222 0.005168222 0.005168222 0.005168222 0.005168222 0.005168222 0.005168222 0.005168222 0.005168222 0.005168222 0.005168222 0.005168222 0.005168222 0.005168222 0.005168222 0.005168222 0.005168222 0.005168222 0.005168222 0.005168222 0.005168222 0.005168222 0.005168222 0.005168222 0.005168222 0.005168222 0.005168222 0.005168222 0.005168222 0.005168222 0.005168222 0.005168222 0.005168222 0.005168222 0.005168222 0.005168222 0.005168222 0.005168222 0.005168222 0.005168222 0.005168222 0.005168222 0.005168222 0.005168222 0.005168222 0.005168222 0.005168222 0.005168222 0.005168222 0.005168222 0.005168222 0.005168222 0.005168222 0.005168222 0.005168222 0.005168222 0.005168222 0.005168222 0.005168222 0.005168222 0.005168222 0.005168222 0.005168222 0.005168222 0.005168222 0.005168222 0.005168222 0.005168222 0.005168222 0.005168222 0.005168222 0.005168222 0.005168222 0.005168222 0.005168222 0.005168222 0.005168222 0.005168222 0.005168222 0.005168222 0.005168222 0.005168222 0.005168222 0.005168222 0.005168222 0.005168222 0.005168222 0.005168222 0.005168222 0.005168222 0.005168222 0.005168222 0.005168222 0.005168222 0.005168222 0.005168222 0.005168222 0.005168222 0.005168222 0.005168222 0.005168222 0.005168222 0.005168222 0.005168222 0.005168222 0.005168222 0.005168222 0.005168222 0.005168222 0.005168222 0.005168222 0.005168222 0.005168222 0.005168222 0.005168222 0.005168222 0.005168222 0.005168222 0.005168222 0.005168222 0.005168222 0.005168222 0.005168222 0.005168222 0.005168222 0.005168222 0.005168222 0.005168222 0.005168222 0.005168222 0.005168222 0.005168222 0.005168222 0.005168222 0.005168222 0.005168222 0.005168222 0.005168222 0.005168222 0.005168222 0.005168222 0.005168222 0.005168222 0.005168222 0.005168222 0.005168222 0.005168222 0.005168222 0.005168222 0.005168222 0.005168222 0.005168222 0.005168222 0.005168222 0.005168222 0.005168222 0.005168222 0.005168222 0.005168222 0.005168222 0.005168222 0.005168222 0.005168222 0.005168222 0.005168222 0.005168222 0.005168222 0.005168222 0.005168222 0.005168222 0.005168222 0.005168222 0.005168222 0.005168222 0.005168222 0.005168222 0.005168222 0.005168222 0.005168222 0.005168222,14 15 15 15 14 14 15 15 15 15 15 14 14 14 14 15 14 14 14 14 14 15 14 15 14 14 14 14 14 14 15 14 15 14 14 14 14 15 14 15 15 15 14 15 15 14 15 14 15 14 14 14 15 14 15 15 14 15 15 15 14 15 15 14 15 15 14 15 14 14 15 14 15 14 15 15 14 15 15 14 14 15 14 14 15 15 15 14 14 14 14 14 15 14 15 14 14 14 15 14 14 15 14 15 15 15 14 14 14 15 14 15 15 15 14 15 14 15 15 14 14 14 14 14 15 15 14 14 15 15 15 15 15 15 15 15 15 15 14 15 15 15 15 15 14 14 15 15 15 14 15 15 15 15 14 14 15 15 14 15 15 15 15 14 15 15 15 15 15 15 15 14 15 14 14 15 15 15 15 15 14 15 14 15 15 15 15 14 15 15 15 14 15 14 15 15 15 15 14 15 14 15 15 15 15 15 15 15 15 15 15 14 14 15 15 15 15 15 15 15 15 15 15 15 15 15 15 15 15 14 14 15 14 15 15 15 15 15 15 15 15 15 15 15 15 15 15 15 15 15 15 14 15 14 15 15
529,1x1x128x64,0.23382638 0.19613397 0.27369884 0.22728452 0.21687059 0.23099616 0.23009658 0.19197541 0.24584551 0.27885357 0.18986548 0.2839774 0.19313791 0.25777042 0.22468503 0.23579097 0.23675387 0.3212832 0.25686607 0.19292448 0.22747014 0.24604498 0.30314636 0.18009356 0.19018567 0.24271679 0.24747461 0.22556446 0.20318605 0.259819 0.28071144 0.1965073 0.2026294 0.22632745 0.49819756 0.21347553 0.3126267 0.19463536 0.2690606 0.267741 0.29873496 0.24817209 0.28845978 0.226572 0.4272216 0.21541472 0.23274927 0.36238003 0.23932265 0.20760658 0.2910135 0.21291889 0.2226991 0.27124882 0.24222253 0.22191198 0.29086775 0.20820466 0.20648012 0.29365826 0.26086855 0.23067255 0.16675824 0.25580958,0.23379785 0.19611003 0.27366543 0.22725677 0.21684413 0.23096797 0.23006849 0.19195198 0.2458155 0.27881953 0.18984231 0.28394273 0.19311434 0.25773898 0.22465761 0.2357622 0.23672497 0.321244 0.25683472 0.19290094 0.22744238 0.24601495 0.30310935 0.18007158 0.19016246 0.24268717 0.2474444 0.22553693 0.20316125 0.2597873 0.2806772 0.19648331 0.20260468 0.22629984 0.49813676 0.21344946 0.31258854 0.19461161 0.26902777 0.2677083 0.29869848 0.24814181 0.28842458 0.22654437 0.42716944 0.21538843 0.23272087 0.3623358 0.23929344 0.20758124 0.290978 0.2128929 0.22267193 0.2712157 0.24219297 0.22188489 0.29083225 0.20817925 0.20645492 0.29362243 0.2608367 0.2306444 0.16673788 0.25577837,0.001840928 0.0015441735 0.002154846 0.0017894234 0.0017074341 0.0018186454 0.0018115629 0.0015114329 0.0019355551 0.0021954293 0.0014948214 0.0022357695 0.0015205854 0.0020294408 0.0017689576 0.0018563953 0.0018639761 0.0025294803 0.0020223206 0.001518905 0.0017908849 0.0019371256 0.0023866878 0.0014178865 0.0014973423 0.0019109226 0.0019483812 0.0017758813 0.001599695 0.0020455692 0.0022100566 0.0015471127 0.0015953125 0.0017818885 0.0039223367 0.0016807044 0.002461327 0.0015323749 0.0021183288 0.0021079395 0.0023519567 0.0019538726 0.0022710597 0.0017838139 0.003363539 0.0016959719 0.0018324477 0.0028530378 0.0018842004 0.0016344979 0.0022911655 0.0016763221 0.0017533222 0.0021355567 0.0019070313 0.0017471252 0.0022900177 0.0016392067 0.0016256293 0.0023119876 0.0020538322 0.0018160976 0.0013128967 0.002014003,
530,64,,,0.005906401 0.005906401 0.005906401 0.005906401 0.005906401 0.005906401 0.005906401 0.005906401 0.005906401 0.005906401 0.005906401 0.005906401 0.005906401 0.005906401 0.005906401 0.005906401 0.005906401 0.005906401 0.005906401 0.005906401 0.005906401 0.005906401 0.005906401 0.005906401 0.005906401 0.005906401 0.005906401 0.005906401 0.005906401 0.005906401 0.005906401 0.005906401 0.005906401 0.005906401 0.005906401 0.005906401 0.005906401 0.005906401 0.005906401 0.005906401 0.005906401 0.005906401 0.005906401 0.005906401 0.005906401 0.005906401 0.005906401 0.005906401 0.005906401 0.005906401 0.005906401 0.005906401 0.005906401 0.005906401 0.005906401 0.005906401 0.005906401 0.005906401 0.005906401 0.005906401 0.005906401 0.005906401 0.005906401 0.005906401,15 15 14 15 15 15 15 15 15 14 15 14 15 14 15 15 15 14 14 15 15 15 14 15 15 15 15 15 15 14 14 15 15 15 13 15 14 15 14 14 14 14 14 15 14 15 15 14 15 15 14 15 15 14 15 15 14 15 15 14 14 15 15 14
535,3x3x64x64,0.10548184 0.115845755 0.16706319 0.18496947 0.10946955 0.11222959 0.1677824 0.09930652 0.08050836 0.12219461 0.14872648 0.13112596 0.117260754 0.13346958 0.107242376 0.11619346 0.09676383 0.12948442 0.111512214 0.112191245 0.09252752 0.11463759 0.13876422 0.11741188 0.14265577 0.101408 0.16971673 0.11590475 0.1462022 0.1132655 0.110834576 0.08592313 0.12640946 0.079919346 0.12861365 0.11337176 0.102326885 0.15988986 0.109069936 0.11905304 0.11436915 0.10410216 0.10511917 0.07291417 0.1691735 0.16760114 0.14596479 0.17212829 0.148373 0.14063637 0.1349385 0.13147393 0.13739988 0.14000678 0.13758683 0.16990137 0.11622348 0.10050661 0.20262423 0.13320906 0.11344854 0.14102727 0.11700193 0.10791336,0.105468966 0.11583162 0.1670428 0.1849469 0.10945619 0.11221589 0.16776192 0.0992944 0.08049854 0.1221797 0.14870833 0.13110995 0.11724645 0.1334533 0.10722929 0.11617928 0.09675202 0.1294686 0.11149861 0.11217756 0.092516236 0.1146236 0.13874727 0.117397554 0.14263836 0.10139562 0.16969602 0.11589061 0.14618436 0.11325167 0.110821046 0.08591264 0.12639402 0.07990959 0.12859794 0.113357924 0.1023144 0.15987034 0.10905663 0.119038515 0.114355184 0.104089454 0.10510634 0.072905265 0.16915286 0.1675807 0.14594696 0.1721073 0.14835489 0.1406192 0.13492203 0.13145788 0.1373831 0.1399897 0.13757004 0.16988063 0.1162093 0.10049434 0.2025995 0.1331928 0.11343469 0.14101006 0.116987646 0.107900195,0.0008304643 0.00091206003 0.0013152977 0.0014562748 0.00086185976 0.0008835897 0.00132096 0.0007818457 0.00063384674 0.00096204487 0.0011709317 0.0010323619 0.0009232004 0.0010508134 0.0008443251 0.0009147975 0.00076182693 0.0010194378 0.0008779418 0.00088328787 0.0007284743 0.000902548 0.0010924982 0.0009243902 0.0011231366 0.0007983907 0.0013361891 0.00091252447 0.0011510579 0.00089174544 0.00087260664 0.00067647744 0.0009952285 0.0006292094 0.0010125822 0.00089258206 0.00080562517 0.0012588216 0.00085871364 0.00093731115 0.0009004345 0.000819602 0.000827609 0.0005740572 0.0013319122 0.001319533 0.0011491887 0.0013551755 0.0011681487 0.0011072378 0.0010623782 0.0010351014 0.0010817567 0.0011022812 0.0010832286 0.0013376428 0.00091503386 0.00079129403 0.0015952716 0.0010487622 0.0008931865 0.0011103154 0.00092116254 0.0008496078,
536,64,,,0.0053928886 0.0053928886 0.0053928886 0.0053928886 0.0053928886 0.0053928886 0.0053928886 0.0053928886 0.0053928886 0.0053928886 0.0053928886 0.0053928886 0.0053928886 0.0053928886 0.0053928886 0.0053928886 0.0053928886 0.0053928886 0.0053928886 0.0053928886 0.0053928886 0.0053928886 0.0053928886 0.0053928886 0.0053928886 0.0053928886 0.0053928886 0.0053928886 0.0053928886 0.0053928886 0.0053928886 0.0053928886 0.0053928886 0.0053928886 0.0053928886 0.0053928886 0.0053928886 0.0053928886 0.0053928886 0.0053928886 0.0053928886 0.0053928886 0.0053928886 0.0053928886 0.0053928886 0.0053928886 0.0053928886 0.0053928886 0.0053928886 0.0053928886 0.0053928886 0.0053928886 0.0053928886 0.0053928886 0.0053928886 0.0053928886 0.0053928886 0.0053928886 0.0053928886 0.0053928886 0.0053928886 0.0053928886 0.0053928886 0.0053928886,15 15 14 14 15 15 14 15 15 15 14 14 15 14 15 15 15 14 15 15 15 15 14 15 14 15 14 15 14 15 15 15 14 15 14 15 15 14 15 15 15 15 15 15 14 14 14 14 14 14 14 14 14 14 14 14 15 15 14 14 15 14 15 15
541,3x3x64x64,0.12519424 0.13800532 0.16715643 0.12005397 0.111885965 0.15268886 0.13639532 0.12524739 0.1632473 0.1293583 0.13180503 0.10883365 0.13559835 0.10932274 0.12814486 0.1776502 0.17357086 0.09671641 0.10370714 0.13800813 0.10410251 0.13700633 0.12770602 0.13184002 0.12480561 0.16867492 0.110091425 0.09674213 0.13909389 0.19393511 0.12618975 0.13961057 0.15267128 0.107432686 0.12087326 0.108994626 0.11460246 0.1403114 0.13255748 0.09922115 0.10792127 0.12770939 0.13834335 0.13738497 0.1313491 0.10334372 0.14444949 0.15804692 0.116459325 0.11215739 0.13418888 0.107595645 0.10294811 0.13217756 0.12289796 0.15263982 0.15870571 0.11804543 0.1410519 0.13972212 0.18557352 0.13658573 0.10223861 0.11983048,0.12517895 0.13798846 0.16713603 0.120039314 0.111872315 0.15267023 0.13637868 0.1252321 0.16322738 0.12934251 0.13178894 0.10882037 0.1355818 0.109309405 0.12812923 0.17762852 0.17354968 0.09670461 0.10369449 0.13799128 0.104089804 0.13698961 0.12769043 0.13182393 0.12479037 0.16865432 0.110077985 0.09673033 0.13907692 0.19391143 0.12617435 0.13959353 0.15265264 0.10741958 0.120858505 0.10898132 0.11458848 0.14029428 0.13254131 0.09920904 0.1079081 0.1276938 0.13832647 0.1373682 0.13133308 0.103331104 0.14443186 0.15802762 0.11644512 0.1121437 0.1341725 0.10758251 0.10293554 0.13216144 0.12288296 0.1526212 0.15868634 0.118031025 0.14103469 0.13970506 0.18555087 0.13656907 0.10222614 0.119815856,0.000985661 0.0010865233 0.0013160317 0.0009451914 0.00088088436 0.0012021278 0.0010738479 0.0009860796 0.001285255 0.001018445 0.0010377081 0.0008568533 0.0010675733 0.000860704 0.0010088916 0.0013986498 0.0013665329 0.00076145364 0.0008164921 0.0010865455 0.0008196047 0.0010786584 0.0010054365 0.0010379837 0.0009826013 0.0013279868 0.0008667558 0.00076165615 0.0010950939 0.0015268617 0.0009934988 0.0010991616 0.0012019892 0.0008458235 0.00095164176 0.0008581206 0.0009022715 0.0011046794 0.0010436324 0.0007811735 0.0008496701 0.001005463 0.0010891848 0.0010816394 0.0010341188 0.00081363076 0.0011372587 0.0012443119 0.0009168907 0.0008830213 0.0010564764 0.0008471064 0.00081051607 0.0010406412 0.0009675824 0.0012017417 0.0012494987 0.00092937815 0.0011105094 0.0011000398 0.0014610304 0.001075347 0.0008049302 0.0009434319,
542,64,,,0.005637976 0.005637976 0.005637976 0.005637976 0.005637976 0.005637976 0.005637976 0.005637976 0.005637976 0.005637976 0.005637976 0.005637976 0.005637976 0.005637976 0.005637976 0.005637976 0.005637976 0.005637976 0.005637976 0.005637976 0.005637976 0.005637976 0.005637976 0.005637976 0.005637976 0.005637976 0.005637976 0.005637976 0.005637976 0.005637976 0.005637976 0.005637976 0.005637976 0.005637976 0.005637976 0.005637976 0.005637976 0.005637976 0.005637976 0.005637976 0.005637976 0.005637976 0.005637976 0.005637976 0.005637976 0.005637976 0.005637976 0.005637976 0.005637976 0.005637976 0.005637976 0.005637976 0.005637976 0.005637976 0.005637976 0.005637976 0.005637976 0.005637976 0.005637976 0.005637976 0.005637976 0.005637976 0.005637976 0.005637976,14 14 14 15 15 14 14 14 14 14 14 15 14 15 14 14 14 15 15 14 15 14 14 14 14 14 15 15 14 14 14 14 14 15 15 15 15 14 14 15 15 14 14 14 14 15 14 14 15 15 14 15 15 14 15 14 14 15 14 14 14 14 15 15
550,3x3x64x64,0.16790766 0.1468585 0.19163334 0.14925116 0.12265991 0.20360616 0.11222468 0.1058698 0.12422429 0.14757559 0.16473192 0.1339105 0.13554971 0.14542697 0.1412509 0.1536034 0.12965423 0.13808681 0.09097354 0.17792541 0.1467503 0.115141764 0.18468511 0.10225813 0.11236401 0.1920926 0.13104174 0.15113617 0.11923793 0.19386098 0.097894825 0.13465878 0.10127641 0.105042726 0.098927304 0.14946929 0.10705292 0.12211916 0.11619318 0.15433578 0.18572189 0.14526303 0.16928789 0.12641762 0.16241276 0.16948281 0.166276 0.112800635 0.13907972 0.10285756 0.12000508 0.14319499 0.12110564 0.13709651 0.11450872 0.11619682 0.117782995 0.13756946 0.106946856 0.13971144 0.13505006 0.124582715 0.16032106 0.14797932,0.16788717 0.14684057 0.19160995 0.14923294 0.12264494 0.20358132 0.11221099 0.10585688 0.12420913 0.14755759 0.16471182 0.13389418 0.13553317 0.14540923 0.14123365 0.15358466 0.1296384 0.13806996 0.09096244 0.1779037 0.14673239 0.11512771 0.18466258 0.10224565 0.1123503 0.19206916 0.13102575 0.15111773 0.11922338 0.19383733 0.09788288 0.13464235 0.10126405 0.10502991 0.09891523 0.14945105 0.10703986 0.12210425 0.116179004 0.15431695 0.18569922 0.14524531 0.16926722 0.12640218 0.16239294 0.16946213 0.1662557 0.112786874 0.13906275 0.102845006 0.11999044 0.14317751 0.12109087 0.13707978 0.11449475 0.11618263 0.117768615 0.13755268 0.1069338 0.1396944 0.13503358 0.124567516 0.16030149 0.14796126,0.0013219462 0.001156225 0.0015087398 0.0011750625 0.00096570817 0.0016030025 0.0008835511 0.00083351874 0.0009780247 0.0011618708 0.0012969434 0.0010542849 0.0010671903 0.0011449546 0.001112076 0.0012093281 0.0010207748 0.001087165 0.0007162397 0.0014008165 0.0011553732 0.00090651744 0.0014540361 0.0008050839 0.000884648 0.0015123555 0.0010316988 0.0011899034 0.00093876675 0.0015262782 0.00077073136 0.001060176 0.00079735473 0.00082700717 0.00077886006 0.0011767799 0.00084283354 0.0009614508 0.0009147953 0.0012150941 0.0014621986 0.0011436639 0.0013328128 0.0009952928 0.0012786846 0.0013343475 0.0013091 0.00088808563 0.0010949823 0.0008098032 0.0009448066 0.0011273819 0.0009534714 0.0010793683 0.00090153347 0.0009148239 0.00092731195 0.001083092 0.00084199844 0.0010999559 0.0010632565 0.0009808466 0.0012622165 0.0011650493,
551,64,,,0.0051682214 0.0051682214 0.0051682214 0.0051682214 0.0051682214 0.0051682214 0.0051682214 0.0051682214 0.0051682214 0.0051682214 0.0051682214 0.0051682214 0.0051682214 0.0051682214 0.0051682214 0.0051682214 0.0051682214 0.0051682214 0.0051682214 0.0051682214 0.0051682214 0.0051682214 0.0051682214 0.0051682214 0.0051682214 0.0051682214 0.0051682214 0.0051682214 0.0051682214 0.0051682214 0.0051682214 0.0051682214 0.0051682214 0.0051682214 0.0051682214 0.0051682214 0.0051682214 0.0051682214 0.0051682214 0.0051682214 0.0051682214 0.0051682214 0.0051682214 0.0051682214 0.0051682214 0.0051682214 0.0051682214 0.0051682214 0.0051682214 0.0051682214 0.0051682214 0.0051682214 0.0051682214 0.0051682214 0.0051682214 0.0051682214 0.0051682214 0.0051682214 0.0051682214 0.0051682214 0.0051682214 0.0051682214 0.0051682214 0.0051682214,14 14 14 14 15 14 15 15 14 14 14 14 14 14 14 14 14 14 15 14 14 15 14 15 15 14 14 14 15 14 15 14 15 15 15 14 15 15 15 14 14 14 14 14 14 14 14 15 14 15 15 14 15 14 15 15 15 14 15 14 14 14 14 14
556,3x3x64x64,0.11348026 0.20051673 0.15432253 0.20356645 0.19560587 0.15420559 0.2048425 0.20346874 0.13595407 0.22228326 0.2788958 0.17903808 0.16305438 0.16637225 0.15753162 0.17727223 0.17304118 0.18744524 0.16852623 0.1565186 0.17714979 0.14444697 0.1567021 0.16905393 0.1516279 0.16347682 0.17414474 0.14100383 0.1834687 0.19616903 0.16547251 0.16457188 0.14001149 0.13549009 0.19102272 0.14455926 0.11251822 0.15100507 0.15101153 0.14916223 0.16452655 0.13231544 0.13045605 0.16796249 0.21458425 0.21894635 0.20913276 0.20934112 0.15072355 0.14718239 0.15710087 0.13930748 0.16672601 0.20750874 0.18533792 0.19719598 0.11669846 0.20318258 0.16034478 0.14199552 0.16840978 0.18141547 0.17479096 0.16977957,0.11346641 0.20049226 0.1543037 0.2035416 0.195582 0.15418677 0.2048175 0.2034439 0.13593747 0.22225612 0.27886176 0.17901622 0.16303447 0.16635196 0.1575124 0.1772506 0.17302006 0.18742236 0.16850567 0.15649949 0.17712817 0.14442934 0.15668297 0.1690333 0.15160939 0.16345687 0.1741235 0.14098662 0.18344632 0.1961451 0.16545232 0.1645518 0.13999441 0.13547356 0.1909994 0.14454162 0.11250449 0.15098666 0.1509931 0.14914404 0.16450647 0.1322993 0.13044012 0.167942 0.21455805 0.21891963 0.20910724 0.20931558 0.15070514 0.14716442 0.15708171 0.13929048 0.16670565 0.20748341 0.1853153 0.19717191 0.11668422 0.20315778 0.16032521 0.14197819 0.16838922 0.18139333 0.17476964 0.16975884,0.0008934363 0.0015786792 0.0012149898 0.0016026899 0.0015400158 0.0012140691 0.0016127363 0.0016019205 0.0010703738 0.0017500482 0.002195762 0.0014095765 0.001283736 0.0013098579 0.0012402551 0.001395674 0.0013623628 0.0014757667 0.0013268163 0.0012322795 0.0013947099 0.0011372389 0.0012337242 0.0013309709 0.0011937747 0.001287062 0.0013710512 0.0011101309 0.0014444592 0.0015444496 0.0013027742 0.0012956834 0.0011023182 0.0010667209 0.0015039323 0.001138123 0.0008858621 0.0011888713 0.001188922 0.0011743625 0.0012953265 0.0010417268 0.0010270876 0.0013223779 0.0016894335 0.0017237767 0.0016465137 0.0016481542 0.0011866547 0.001158775 0.0012368639 0.0010967754 0.0013126429 0.0016337277 0.0014591756 0.0015525348 0.0009187734 0.0015996676 0.0012624032 0.0011179385 0.0013258994 0.0014282939 0.0013761389 0.0013366838,
557,64,,,0.004770726 0.004770726 0.004770726 0.004770726 0.004770726 0.004770726 0.004770726 0.004770726 0.004770726 0.004770726 0.004770726 0.004770726 0.004770726 0.004770726 0.004770726 0.004770726 0.004770726 0.004770726 0.004770726 0.004770726 0.004770726 0.004770726 0.004770726 0.004770726 0.004770726 0.004770726 0.004770726 0.004770726 0.004770726 0.004770726 0.004770726 0.004770726 0.004770726 0.004770726 0.004770726 0.004770726 0.004770726 0.004770726 0.004770726 0.004770726 0.004770726 0.004770726 0.004770726 0.004770726 0.004770726 0.004770726 0.004770726 0.004770726 0.004770726 0.004770726 0.004770726 0.004770726 0.004770726 0.004770726 0.004770726 0.004770726 0.004770726 0.004770726 0.004770726 0.004770726 0.004770726 0.004770726 0.004770726 0.004770726,16 15 15 15 15 15 15 15 15 15 14 15 15 15 15 15 15 15 15 15 15 15 15 15 15 15 15 15 15 15 15 15 15 15 15 15 16 15 15 15 15 15 15 15 15 15 15 15 15 15 15 15 15 15 15 15 16 15 15 15 15 15 15 15
565,1x1x128x64,0.2787299 0.23544466 0.2552099 0.33014584 0.37837672 0.41659835 0.331744 0.2698 0.21643017 0.22338465 0.28775173 0.40987 0.27757746 0.37287036 0.36273858 0.41886336 0.3926853 0.28031662 0.33180678 0.27982405 0.26700175 0.22754407 0.28413287 0.32530934 0.27887952 0.20977546 0.25643525 0.26056972 0.36968115 0.3966365 0.32132286 0.34414175 0.3043062 0.3493899 0.2294736 0.24025 0.3488013 0.40683174 0.3313257 0.35114235 0.26277152 0.33094627 0.30488202 0.30172688 0.25735706 0.42131084 0.26079598 0.30415392 0.35241216 0.39899212 0.30306774 0.28932518 0.30809122 0.37745908 0.26651898 0.315868 0.30736792 0.2466827 0.34414127 0.39740428 0.34994462 0.331423 0.27080896 0.31946704,0.27869585 0.23541592 0.25517875 0.33010554 0.37833053 0.4165475 0.33170348 0.26976708 0.21640377 0.2233574 0.2877166 0.40981996 0.2775436 0.37282485 0.3626943 0.41881225 0.39263737 0.2802824 0.3317663 0.2797899 0.26696914 0.22751631 0.2840982 0.32526964 0.2788455 0.20974986 0.25640395 0.26053792 0.36963603 0.3965881 0.32128364 0.34409973 0.30426908 0.34934726 0.22944559 0.2402207 0.34875873 0.4067821 0.33128527 0.3510995 0.26273945 0.33090588 0.3048448 0.30169007 0.25732565 0.4212594 0.26076415 0.30411682 0.35236916 0.39894342 0.30303076 0.28928986 0.30805364 0.37741303 0.26648644 0.31582943 0.30733043 0.24665259 0.34409925 0.39735577 0.3499019 0.33138257 0.2707759 0.31942806,0.0021944556 0.0018536687 0.0020092814 0.0025992563 0.0029789805 0.0032799016 0.0026118385 0.0021241503 0.0017039666 0.0017587197 0.002265485 0.0032269289 0.0021853826 0.0029356286 0.0028558606 0.0032977343 0.0030916329 0.0022069481 0.002612333 0.00220307 0.0021021191 0.001791467 0.0022369938 0.0025611783 0.0021956337 0.0016515737 0.0020189288 0.0020514796 0.00291052 0.003122741 0.0025297925 0.0027094467 0.0023958194 0.0027507658 0.0018066582 0.0018915016 0.0027461317 0.0032030086 0.0026085454 0.0027645628 0.0020688146 0.0026055581 0.0024003526 0.0023755124 0.0020261863 0.0033170031 0.002053261 0.0023946206 0.0027745604 0.0031412868 0.002386069 0.002277873 0.0024256192 0.0029717563 0.0020983184 0.002486846 0.0024199246 0.0019421463 0.002709443 0.0031287856 0.0027551332 0.0026093116 0.0021320938 0.0025151814,
566,64,,,0.005168222 0.005168222 0.005168222 0.005168222 0.005168222 0.005168222 0.005168222 0.005168222 0.005168222 0.005168222 0.005168222 0.005168222 0.005168222 0.005168222 0.005168222 0.005168222 0.005168222 0.005168222 0.005168222 0.005168222 0.005168222 0.005168222 0.005168222 0.005168222 0.005168222 0.005168222 0.005168222 0.005168222 0.005168222 0.005168222 0.005168222 0.005168222 0.005168222 0.005168222 0.005168222 0.005168222 0.005168222 0.005168222 0.005168222 0.005168222 0.005168222 0.005168222 0.005168222 0.005168222 0.005168222 0.005168222 0.005168222 0.005168222 0.005168222 0.005168222 0.005168222 0.005168222 0.005168222 0.005168222 0.005168222 0.005168222 0.005168222 0.005168222 0.005168222 0.005168222 0.005168222 0.005168222 0.005168222 0.005168222,14 15 14 14 14 14 14 14 15 15 14 14 14 14 14 14 14 14 14 14 14 15 14 14 14 15 14 14 14 14 14 14 14 14 15 15 14 14 14 14 14 14 14 14 14 14 14 14 14 14 14 14 14 14 14 14 14 15 14 14 14 14 14 14
574,1x1x128x128,0.40334153 0.37187487 0.3942052 0.2645907 0.29271203 0.3575773 0.5039799 0.41689157 0.26390922 0.31078115 0.27155852 0.39700684 0.40311494 0.55082023 0.41461495 0.44455335 0.3705835 0.28778264 0.3353528 0.37001303 0.3797294 0.4430779 0.29943982 0.39589524 0.31808293 0.3189686 0.36790854 0.35864013 0.28782633 0.6026141 0.3272066 0.25991452 0.3611868 0.3687062 0.42694613 0.2879255 0.3144023 0.46176872 0.3955929 0.4226437 0.37898105 0.3016593 0.30503416 0.5507814 0.41803423 0.36032882 0.44309187 0.36497048 0.30480462 0.34925988 0.5066182 0.33500993 0.37018257 0.31810293 0.29709798 0.33354926 0.3794103 0.30151522 0.33898157 0.43601745 0.3131748 0.46942028 0.34541476 0.30759442 0.35814422 0.500739 0.34387654 0.35692084 0.4384532 0.34574068 0.32701632 0.34000468 0.35218266 0.40581748 0.40006286 0.3242532 0.41790015 0.3717004 0.35397375 0.44191465 0.40060693 0.32911363 0.37723777 0.32326305 0.33204284 0.31587476 0.29276252 0.3091968 0.33127165 0.4011457 0.23341055 0.28743893 0.33454415 0.31031933 0.4452183 0.37768325 0.5436054 0.33135098 0.35902408 0.37427223 0.43419126 0.4023703 0.38375297 0.40285188 0.3838655 0.36882135 0.37042215 0.27218616 0.47272968 0.46941897 0.2669101 0.36641133 0.38753942 0.3314618 0.24723452 0.36473873 0.2485232 0.42636862 0.34997237 0.39324436 0.43679807 0.37467298 0.3406163 0.390506 0.31910837 0.36527207 0.26571134 0.41837582,0.40329233 0.37182948 0.39415708 0.2645584 0.29267633 0.35753363 0.5039184 0.4168407 0.26387703 0.31074324 0.27152538 0.3969584 0.40306574 0.550753 0.41456434 0.44449908 0.3705383 0.2877475 0.33531186 0.36996788 0.37968305 0.4430238 0.29940328 0.39584693 0.31804413 0.31892967 0.36786366 0.35859638 0.28779122 0.60254055 0.32716668 0.25988278 0.36114272 0.3686612 0.426894 0.28789037 0.31436393 0.46171236 0.39554462 0.42259213 0.3789348 0.30162245 0.30499694 0.55071425 0.4179832 0.36028486 0.44303778 0.36492595 0.30476743 0.34921727 0.50655633 0.33496904 0.3701374 0.31806412 0.29706174 0.33350855 0.379364 0.30147845 0.3389402 0.43596423 0.31313658 0.46936297 0.3453726 0.3075569 0.35810053 0.5006778 0.34383458 0.3568773 0.43839967 0.34569848 0.32697642 0.33996317 0.35213968 0.40576795 0.400014 0.32421362 0.41784912 0.37165505 0.35393056 0.44186074 0.40055802 0.3290735 0.37719172 0.3232236 0.33200234 0.31583622 0.29272678 0.30915907 0.33123124 0.40109676 0.23338208 0.28740385 0.33450332 0.31028146 0.44516397 0.37763718 0.54353905 0.33131054 0.35898027 0.37422657 0.43413827 0.40232122 0.38370612 0.40280274 0.38381866 0.36877632 0.37037694 0.27215296 0.472672 0.46936166 0.26687753 0.3663666 0.38749212 0.33142132 0.24720435 0.36469424 0.24849287 0.4263166 0.34992966 0.39319634 0.43674478 0.37462723 0.3405747 0.39045835 0.31906945 0.3652275 0.2656789 0.41832477,0.0031755301 0.002927791 0.0031035992 0.002083137 0.002304538 0.0028152254 0.0039678616 0.0032822103 0.0020777718 0.0024467972 0.002137995 0.0031256569 0.003173746 0.004336638 0.003264286 0.0034999927 0.0029176243 0.0022657283 0.0026402508 0.002913133 0.0029896302 0.0034883763 0.0023575062 0.003116905 0.0025042845 0.0025112573 0.0028965643 0.0028235936 0.0022660727 0.004744414 0.0025761155 0.002046321 0.0028436435 0.002902844 0.0033613702 0.0022668533 0.0024753066 0.0036355304 0.0031145245 0.003327497 0.0029837387 0.00237498 0.0024015508 0.004336333 0.0032912064 0.0028368887 0.0034884864 0.0028734326 0.0023997435 0.0027497422 0.0039886325 0.0026375516 0.0029144676 0.002504442 0.0023390688 0.0026260517 0.0029871182 0.002373846 0.0026688206 0.0034327891 0.0024656423 0.0036957716 0.0027194691 0.0024217078 0.0028196892 0.0039423453 0.002707359 0.0028100575 0.003451966 0.0027220352 0.0025746175 0.0026768753 0.0027727534 0.0031950232 0.0031497166 0.0025528632 0.0032901505 0.0029264176 0.0027868547 0.0034792183 0.0031540003 0.0025911299 0.0029700135 0.0025450676 0.0026141917 0.0024868993 0.0023049354 0.0024343233 0.00260812 0.0031582422 0.0018376542 0.0022630224 0.0026338843 0.002443161 0.003505228 0.0029735211 0.004279835 0.0026087444 0.0028266164 0.002946666 0.0034184116 0.0031678837 0.003021308 0.0031716751 0.0030221941 0.0029037506 0.002916354 0.0021429367 0.0037218267 0.003695761 0.0021013978 0.0028847763 0.0030511192 0.0026096166 0.001946491 0.0028716081 0.0019566368 0.0033568235 0.0027553516 0.0030960343 0.0034389354 0.0029498208 0.0026816907 0.003074475 0.002512358 0.002875807 0.00209196 0.0032938959,
575,128,,,0.005168222 0.005168222 0.005168222 0.005168222 0.005168222 0.005168222 0.005168222 0.005168222 0.005168222 0.005168222 0.005168222 0.005168222 0.005168222 0.005168222 0.005168222 0.005168222 0.005168222 0.005168222 0.005168222 0.005168222 0.005168222 0.005168222 0.005168222 0.005168222 0.005168222 0.005168222 0.005168222 0.005168222 0.005168222 0.005168222 0.005168222 0.005168222 0.005168222 0.005168222 0.005168222 0.005168222 0.005168222 0.005168222 0.005168222 0.005168222 0.005168222 0.005168222 0.005168222 0.005168222 0.005168222 0.005168222 0.005168222 0.005168222 0.005168222 0.005168222 0.005168222 0.005168222 0.005168222 0.005168222 0.005168222 0.005168222 0.005168222 0.005168222 0.005168222 0.005168222 0.005168222 0.005168222 0.005168222 0.005168222 0.005168222 0.005168222 0.005168222 0.005168222 0.005168222 0.005168222 0.005168222 0.005168222 0.005168222 0.005168222 0.005168222 0.005168222 0.005168222 0.005168222 0.005168222 0.005168222 0.005168222 0.005168222 0.005168222 0.005168222 0.005168222 0.005168222 0.005168222 0.005168222 0.005168222 0.005168222 0.005168222 0.005168222 0.005168222 0.005168222 0.005168222 0.005168222 0.005168222 0.005168222 0.005168222 0.005168222 0.005168222 0.005168222 0.005168222 0.005168222 0.005168222 0.005168222 0.005168222 0.005168222 0.005168222 0.005168222 0.005168222 0.005168222 0.005168222 0.005168222 0.005168222 0.005168222 0.005168222 0.005168222 0.005168222 0.005168222 0.005168222 0.005168222 0.005168222 0.005168222 0.005168222 0.005168222 0.005168222 0.005168222,15 15 15 15 15 15 14 15 15 15 15 15 15 14 15 15 15 15 15 15 15 15 15 15 15 15 15 15 15 14 15 15 15 15 15 15 15 15 15 15 15 15 15 14 15 15 15 15 15 15 14 15 15 15 15 15 15 15 15 15 15 15 15 15 15 14 15 15 15 15 15 15 15 15 15 15 15 15 15 15 15 15 15 15 15 15 15 15 15 15 16 15 15 15 15 15 14 15 15 15 15 15 15 15 15 15 15 15 15 15 15 15 15 15 16 15 15 15 15 15 15 15 15 15 15 15 15 15
584,1x1x384x256,0.20108183 0.15172768 0.19157392 0.17261735 0.11721933 0.11785746 0.179728 0.18548666 0.1458391 0.16786012 0.1548447 0.1585998 0.15435964 0.18367839 0.19216157 0.19153428 0.15984547 0.13705188 0.18396133 0.1617823 0.14088863 0.21639864 0.21223557 0.1404165 0.14870039 0.20305061 0.2202888 0.14658782 0.18802933 0.18196566 0.18467572 0.14512475 0.17886205 0.2092682 0.17051065 0.13915502 0.19094503 0.1820872 0.151031 0.13859247 0.22380294 0.17842327 0.18372177 0.20828931 0.14583431 0.18927073 0.18352865 0.14004363 0.18583827 0.12843497 0.15859078 0.16016896 0.1751841 0.18698475 0.14921035 0.13164006 0.18275508 0.19246787 0.11378964 0.1346821 0.18434717 0.17360166 0.16947855 0.22151197 0.15815869 0.29937226 0.15073785 0.14973828 0.16498666 0.11867098 0.19431826 0.14768098 0.15031658 0.20270015 0.14899918 0.13567822 0.15550762 0.22359382 0.14157735 0.13015193 0.17032884 0.16276124 0.16272195 0.19367486 0.15243204 0.13054244 0.19040968 0.22944778 0.20702854 0.13942769 0.13740212 0.17409785 0.1432564 0.14363885 0.1766642 0.18674172 0.14166747 0.15003256 0.20074658 0.16052161 0.2154264 0.16621839 0.16081102 0.1692779 0.12697503 0.17341942 0.16108075 0.17719668 0.14650571 0.15597801 0.12951706 0.21773575 0.22072656 0.12683527 0.14882676 0.17403732 0.19314662 0.21449126 0.14172016 0.14778389 0.15836334 0.16819651 0.17902412 0.1559557 0.123785906 0.16692542 0.1421322 0.16618735 0.16428977 0.19683263 0.18254188 0.1667677 0.24920696 0.15432188 0.13507698 0.16550334 0.15703045 0.1363135 0.14390795 0.14740282 0.15848894 0.14668573 0.2663259 0.14359784 0.17274186 0.18947628 0.16318497 0.1520042 0.1472884 0.18519308 0.17774387 0.14176802 0.11468746 0.17916082 0.14151502 0.16306242 0.18902384 0.21796323 0.13135001 0.12438397 0.138391 0.19159062 0.22218813 0.14246891 0.170469 0.13058211 0.13994847 0.21978702 0.19037978 0.16468817 0.20941983 0.18568903 0.25579703 0.19991928 0.17789555 0.13536415 0.14624867 0.16105686 0.23844533 0.1995179 0.17291169 0.14387225 0.16295029 0.21927042 0.14397 0.16468243 0.1656809 0.15359789 0.26951343 0.14748585 0.1625653 0.15554036 0.24727659 0.22385566 0.17143665 0.15163974 0.15032946 0.13303307 0.16564761 0.15891625 0.19898707 0.17574719 0.17520677 0.21115844 0.16277924 0.17954093 0.1614107 0.1279367 0.13865009 0.24107713 0.18781754 0.16443676 0.17548499 0.12692392 0.16021572 0.18888468 0.1485193 0.14708866 0.26887122 0.17121357 0.14944348 0.29429504 0.14152372 0.17010197 0.1867405 0.19541553 0.15928943 0.14761749 0.16055137 0.16364461 0.1424337 0.16912551 0.15055859 0.20414403 0.14337566 0.13265522 0.16565225 0.14349303 0.20839942 0.15286355 0.15614192 0.20864403 0.16641587 0.2522525 0.18712774 0.10852537 0.19124839 0.15178782 0.19740501 0.14332867 0.18619464 0.15237837 0.21747898 0.13659751 0.15310524 0.12095205,0.20105729 0.15170917 0.19155054 0.17259629 0.117205024 0.117843084 0.17970607 0.18546402 0.14582129 0.16783963 0.1548258 0.15858044 0.1543408 0.18365596 0.19213812 0.19151092 0.15982597 0.13703515 0.18393889 0.16176255 0.14087144 0.21637222 0.21220967 0.14039937 0.14868224 0.20302583 0.22026192 0.14656994 0.18800639 0.18194345 0.18465318 0.14510705 0.17884022 0.20924266 0.17048983 0.13913804 0.19092172 0.18206497 0.15101257 0.13857555 0.22377563 0.17840149 0.18369935 0.20826389 0.1458165 0.18924764 0.18350625 0.14002654 0.18581559 0.1284193 0.15857142 0.16014941 0.17516272 0.18696192 0.14919214 0.131624 0.18273278 0.19244437 0.11377575 0.13466567 0.18432467 0.17358047 0.16945787 0.22148494 0.15813938 0.29933572 0.15071946 0.14972 0.16496652 0.11865649 0.19429454 0.14766297 0.15029824 0.20267542 0.14898099 0.13566166 0.15548865 0.22356653 0.14156008 0.13013604 0.17030805 0.16274138 0.1627021 0.19365123 0.15241343 0.13052651 0.19038643 0.22941978 0.20700328 0.13941067 0.13738534 0.1740766 0.1432389 0.14362131 0.17664264 0.18671893 0.14165017 0.15001425 0.20072208 0.16050203 0.2154001 0.16619809 0.1607914 0.16925724 0.12695953 0.17339824 0.16106108 0.17717506 0.14648783 0.15595897 0.12950127 0.21770917 0.22069962 0.12681979 0.1488086 0.17401607 0.19312304 0.2144651 0.14170288 0.14776585 0.15834402 0.168176 0.17900227 0.15593666 0.1237708 0.16690505 0.14211485 0.16616707 0.16426973 0.1968086 0.1825196 0.16674735 0.24917655 0.15430304 0.13506049 0.16548313 0.15701129 0.13629685 0.1438904 0.14738484 0.1584696 0.14666782 0.2662934 0.14358032 0.17272078 0.18945315 0.16316505 0.15198565 0.14727041 0.18517049 0.17772219 0.14175072 0.114673465 0.17913894 0.14149775 0.16304252 0.18900077 0.21793664 0.13133398 0.12436879 0.1383741 0.19156724 0.22216102 0.14245152 0.1704482 0.13056616 0.1399314 0.2197602 0.19035655 0.16466807 0.20939428 0.18566637 0.2557658 0.19989488 0.17787383 0.13534763 0.14623082 0.1610372 0.23841622 0.19949356 0.17289059 0.14385468 0.16293041 0.21924366 0.14395243 0.16466235 0.16566068 0.15357915 0.26948056 0.14746785 0.16254546 0.15552138 0.24724641 0.22382833 0.17141573 0.15162124 0.15031111 0.13301684 0.1656274 0.15889686 0.1989628 0.17572573 0.17518538 0.21113266 0.16275938 0.17951901 0.161391 0.12792109 0.13863318 0.2410477 0.18779463 0.1644167 0.17546357 0.12690844 0.16019617 0.18886162 0.14850117 0.14707072 0.2688384 0.17119268 0.14942524 0.29425913 0.14150645 0.17008121 0.1867177 0.19539167 0.15927 0.14759947 0.16053177 0.16362464 0.14241633 0.16910487 0.15054022 0.20411912 0.14335817 0.13263902 0.16563204 0.14347552 0.20837398 0.15284489 0.15612286 0.20861857 0.16639556 0.2522217 0.18710491 0.10851213 0.19122504 0.1517693 0.19738093 0.14331117 0.18617192 0.15235977 0.21745244 0.13658085 0.15308656 0.12093729,0.0015831282 0.0011945604 0.0015082719 0.001359026 0.0009228742 0.0009278983 0.0014150084 0.0014603466 0.0011481991 0.0013215719 0.0012191008 0.0012486648 0.0012152819 0.00144611 0.0015128986 0.0015079599 0.0012584722 0.001079017 0.0014483377 0.0012737209 0.0011092239 0.0017037183 0.0016709423 0.0011055068 0.0011707263 0.0015986286 0.0017343458 0.001154094 0.0014803653 0.0014326256 0.0014539621 0.0011425752 0.0014081907 0.00164758 0.0013424397 0.0010955752 0.0015033206 0.0014335824 0.0011890753 0.0010911461 0.0017620128 0.0014047361 0.0014464516 0.0016398731 0.0011481615 0.0014901389 0.0014449311 0.0011025711 0.0014631149 0.0010111756 0.0012485939 0.001261019 0.001379234 0.0014721411 0.0011747413 0.0010364094 0.0014388408 0.00151531 0.0008958721 0.0010603596 0.0014513753 0.0013667754 0.0013343139 0.0017439759 0.0012451919 0.0023569742 0.0011867675 0.0011788976 0.001298949 0.0009343031 0.0015298782 0.0011627006 0.0011834507 0.0015958694 0.0011730787 0.0010682021 0.0012243201 0.0017603664 0.0011146463 0.0010246933 0.0013410083 0.0012814282 0.0012811188 0.0015248128 0.0012001058 0.0010277678 0.0014991057 0.001806455 0.0016299471 0.0010977219 0.0010817744 0.0013706819 0.0011278654 0.0011308765 0.001390887 0.0014702277 0.0011153556 0.0011812146 0.0015804889 0.0012637955 0.0016960638 0.0013086464 0.001266074 0.0013327341 0.0009996813 0.0013653404 0.0012681974 0.0013950792 0.0011534475 0.0012280233 0.0010196951 0.0017142454 0.0017377923 0.0009985811 0.0011717213 0.0013702053 0.0015206538 0.0016887016 0.0011157707 0.0011635106 0.0012468033 0.0013242204 0.0014094667 0.0012278476 0.00097457325 0.0013142129 0.0011190146 0.001308402 0.0012934625 0.0015496741 0.0014371622 0.0013129712 0.00196202 0.0012149846 0.0010634684 0.0013030168 0.0012363093 0.0010732035 0.0011329952 0.0011605106 0.0012477922 0.0011548648 0.0020967985 0.0011305537 0.001360006 0.0014917571 0.0012847641 0.0011967374 0.0011596095 0.0014580353 0.0013993873 0.0011161474 0.0009029407 0.0014105429 0.0011141555 0.0012837993 0.001488195 0.0017160365 0.0010341258 0.0009792817 0.0010895599 0.0015084035 0.0017492994 0.0011216656 0.0013421118 0.00102808 0.001101822 0.0017303952 0.0014988704 0.0012965989 0.0016487738 0.0014619399 0.0020139038 0.0015739754 0.0014005813 0.0010657294 0.0011514238 0.0012680095 0.0018772931 0.0015708155 0.0013613432 0.001132714 0.0012829166 0.001726328 0.0011334837 0.0012965539 0.0013044148 0.0012092846 0.0021218942 0.0011611641 0.0012798855 0.0012245778 0.0019468222 0.0017624279 0.0013497302 0.001193868 0.0011835521 0.0010473767 0.0013041528 0.0012511564 0.0015666361 0.0013836671 0.0013794125 0.0016624619 0.00128157 0.0014135356 0.0012707954 0.0010072527 0.0010915998 0.0018980134 0.0014786979 0.0012946196 0.001381603 0.000999279 0.0012613871 0.0014870994 0.0011693005 0.0011580372 0.0021168378 0.0013479738 0.0011765767 0.002317001 0.001114224 0.0013392222 0.0014702182 0.0015385171 0.0012540945 0.0011622006 0.0012640298 0.001288383 0.0011213884 0.0013315345 0.001185356 0.0016072372 0.0011288045 0.0010444018 0.0013041893 0.0011297285 0.00164074 0.0012035031 0.0012293139 0.0016426658 0.0013102012 0.0019859977 0.001473267 0.00085442624 0.0015057089 0.0011950338 0.0015541805 0.0011284344 0.0014659206 0.0011996832 0.0017122239 0.0010754399 0.0012054059 0.0009522621,
585,256,,,0.0051682214 0.0051682214 0.0051682214 0.0051682214 0.0051682214 0.0051682214 0.0051682214 0.0051682214 0.0051682214 0.0051682214 0.0051682214 0.0051682214 0.0051682214 0.0051682214 0.0051682214 0.0051682214 0.0051682214 0.0051682214 0.0051682214 0.0051682214 0.0051682214 0.0051682214 0.0051682214 0.0051682214 0.0051682214 0.0051682214 0.0051682214 0.0051682214 0.0051682214 0.0051682214 0.0051682214 0.0051682214 0.0051682214 0.0051682214 0.0051682214 0.0051682214 0.0051682214 0.0051682214 0.0051682214 0.0051682214 0.0051682214 0.0051682214 0.0051682214 0.0051682214 0.0051682214 0.0051682214 0.0051682214 0.0051682214 0.0051682214 0.0051682214 0.0051682214 0.0051682214 0.0051682214 0.0051682214 0.0051682214 0.0051682214 0.0051682214 0.0051682214 0.0051682214 0.0051682214 0.0051682214 0.0051682214 0.0051682214 0.0051682214 0.0051682214 0.0051682214 0.0051682214 0.0051682214 0.0051682214 0.0051682214 0.0051682214 0.0051682214 0.0051682214 0.0051682214 0.0051682214 0.0051682214 0.0051682214 0.0051682214 0.0051682214 0.0051682214 0.0051682214 0.0051682214 0.0051682214 0.0051682214 0.0051682214 0.0051682214 0.0051682214 0.0051682214 0.0051682214 0.0051682214 0.0051682214 0.0051682214 0.0051682214 0.0051682214 0.0051682214 0.0051682214 0.0051682214 0.0051682214 0.0051682214 0.0051682214 0.0051682214 0.0051682214 0.0051682214 0.0051682214 0.0051682214 0.0051682214 0.0051682214 0.0051682214 0.0051682214 0.0051682214 0.0051682214 0.0051682214 0.0051682214 0.0051682214 0.0051682214 0.0051682214 0.0051682214 0.0051682214 0.0051682214 0.0051682214 0.0051682214 0.0051682214 0.0051682214 0.0051682214 0.0051682214 0.0051682214 0.0051682214 0.0051682214 0.0051682214 0.0051682214 0.0051682214 0.0051682214 0.0051682214 0.0051682214 0.0051682214 0.0051682214 0.0051682214 0.0051682214 0.0051682214 0.0051682214 0.0051682214 0.0051682214 0.0051682214 0.0051682214 0.0051682214 0.0051682214 0.0051682214 0.0051682214 0.0051682214 0.0051682214 0.0051682214 0.0051682214 0.0051682214 0.0051682214 0.0051682214 0.0051682214 0.0051682214 0.0051682214 0.0051682214 0.0051682214 0.0051682214 0.0051682214 0.0051682214 0.0051682214 0.0051682214 0.0051682214 0.0051682214 0.0051682214 0.0051682214 0.0051682214 0.0051682214 0.0051682214 0.0051682214 0.0051682214 0.0051682214 0.0051682214 0.0051682214 0.0051682214 0.0051682214 0.0051682214 0.0051682214 0.0051682214 0.0051682214 0.0051682214 0.0051682214 0.0051682214 0.0051682214 0.0051682214 0.0051682214 0.0051682214 0.0051682214 0.0051682214 0.0051682214 0.0051682214 0.0051682214 0.0051682214 0.0051682214 0.0051682214 0.0051682214 0.0051682214 0.0051682214 0.0051682214 0.0051682214 0.0051682214 0.0051682214 0.0051682214 0.0051682214 0.0051682214 0.0051682214 0.0051682214 0.0051682214 0.0051682214 0.0051682214 0.0051682214 0.0051682214 0.0051682214 0.0051682214 0.0051682214 0.0051682214 0.0051682214 0.0051682214 0.0051682214 0.0051682214 0.0051682214 0.0051682214 0.0051682214 0.0051682214 0.0051682214 0.0051682214 0.0051682214 0.0051682214 0.0051682214 0.0051682214 0.0051682214 0.0051682214 0.0051682214 0.0051682214 0.0051682214 0.0051682214 0.0051682214 0.0051682214 0.0051682214 0.0051682214 0.0051682214 0.0051682214 0.0051682214 0.0051682214 0.0051682214 0.0051682214 0.0051682214 0.0051682214 0.0051682214 0.0051682214 0.0051682214 0.0051682214 0.0051682214,14 14 14 14 15 15 14 14 14 14 14 14 14 14 14 14 14 14 14 14 14 14 14 14 14 14 14 14 14 14 14 14 14 14 14 14 14 14 14 14 14 14 14 14 14 14 14 14 14 14 14 14 14 14 14 14 14 14 15 14 14 14 14 14 14 13 14 14 14 15 14 14 14 14 14 14 14 14 14 14 14 14 14 14 14 14 14 14 14 14 14 14 14 14 14 14 14 14 14 14 14 14 14 14 14 14 14 14 14 14 14 14 14 14 14 14 14 14 14 14 14 14 14 14 15 14 14 14 14 14 14 14 13 14 14 14 14 14 14 14 14 14 13 14 14 14 14 14 14 14 14 14 15 14 14 14 14 14 14 14 14 14 14 14 14 14 14 14 14 14 14 14 13 14 14 14 14 14 14 14 14 14 14 14 14 14 14 14 13 14 14 14 14 14 14 14 14 14 14 14 14 14 14 14 14 14 14 14 14 14 14 14 14 14 14 14 14 14 13 14 14 13 14 14 14 14 14 14 14 14 14 14 14 14 14 14 14 14 14 14 14 14 14 13 14 15 14 14 14 14 14 14 14 14 14 15
590,3x3x256x256,0.033555433 0.033811666 0.044384953 0.05135145 0.041462507 0.052529126 0.04576079 0.044632643 0.04721697 0.053755958 0.04586262 0.029621826 0.043547317 0.057905335 0.042398576 0.045450628 0.03892456 0.05201317 0.043235917 0.049347732 0.055294827 0.03351088 0.050690167 0.032601546 0.04872413 0.03547896 0.05098049 0.05983346 0.043293316 0.03686893 0.042716254 0.073021494 0.04116763 0.038075544 0.03795087 0.048454847 0.044566702 0.047364425 0.050793994 0.042574733 0.043628514 0.057511613 0.04317052 0.0438966 0.052703135 0.054757304 0.05068978 0.036889926 0.041549936 0.053300224 0.050891068 0.04073213 0.044592116 0.044433214 0.042884227 0.036210403 0.047043208 0.0430595 0.038559217 0.032132447 0.0357873 0.049899723 0.050616734 0.049446803 0.038368717 0.044394005 0.047845855 0.052758526 0.04278058 0.056134224 0.036855895 0.041136526 0.06033565 0.035089012 0.046080384 0.04392881 0.032880608 0.040411618 0.04163271 0.034101732 0.03498555 0.02738956 0.037423667 0.043232717 0.0527275 0.036969867 0.054363526 0.055389486 0.049478784 0.03939959 0.05150581 0.025446663 0.056152083 0.04429429 0.02884589 0.04122747 0.04615163 0.0391778 0.04367745 0.039025918 0.04399569 0.043939095 0.047597498 0.037528012 0.054550756 0.035368938 0.056335025 0.04295071 0.040034126 0.046524685 0.04439886 0.044643957 0.052940477 0.03751476 0.03575809 0.04412128 0.04887566 0.03865134 0.03852819 0.04236395 0.048038255 0.05102415 0.04206825 0.04879751 0.038638704 0.042883076 0.03662999 0.049101118 0.04656862 0.07655574 0.060492523 0.050140858 0.05437593 0.08443207 0.034373216 0.03392585 0.04857869 0.03496799 0.06364274 0.040624756 0.031135414 0.05589566 0.043315776 0.05589011 0.050710376 0.05892872 0.03654727 0.053443857 0.03919844 0.0462865 0.040573686 0.041822117 0.039878123 0.04741836 0.04950639 0.039397746 0.044738706 0.03596591 0.040008295 0.070269436 0.049531057 0.04587716 0.041500255 0.033923864 0.03957958 0.041477326 0.030752994 0.043010492 0.033564452 0.0396692 0.047784254 0.057191703 0.041030817 0.0470196 0.05288964 0.049322583 0.03994706 0.04352196 0.04403056 0.043791234 0.04183326 0.036585715 0.044530123 0.046642937 0.040546704 0.0442777 0.040311214 0.049399305 0.045934353 0.06542966 0.04767188 0.07209634 0.048334975 0.047214784 0.045044124 0.037076395 0.043656882 0.051238183 0.029262954 0.039856445 0.040691156 0.031404514 0.045347806 0.038328275 0.04233758 0.054802895 0.04749358 0.038666785 0.038937762 0.042064995 0.04204476 0.042723577 0.051291008 0.043239072 0.039948978 0.041642748 0.031313345 0.037419543 0.061810978 0.056132264 0.036170788 0.05490108 0.04281064 0.052698664 0.035633456 0.051882833 0.04038125 0.036268085 0.058334928 0.033840902 0.03802671 0.040558163 0.04609922 0.05250807 0.040055577 0.03645707 0.03017881 0.0715929 0.047506813 0.04181321 0.030069478 0.057109296 0.04933222 0.045474865 0.0441283 0.04356018 0.052985467 0.06407252 0.049965635 0.064307556 0.04119633 0.036906756 0.040867418 0.04684425 0.04133789 0.044244282,0.033551335 0.033807542 0.044379536 0.05134518 0.041457444 0.052522715 0.045755208 0.044627197 0.047211207 0.053749397 0.04585702 0.029618211 0.043542005 0.057898268 0.0423934 0.04544508 0.03891981 0.052006822 0.043230638 0.049341712 0.055288076 0.03350679 0.050683983 0.032597568 0.048718184 0.03547463 0.05097427 0.059826158 0.04328803 0.03686443 0.04271104 0.07301258 0.04116261 0.038070895 0.037946235 0.04844893 0.044561263 0.047358647 0.050787795 0.04256954 0.043623187 0.057504594 0.043165248 0.043891244 0.052696705 0.05475062 0.050683595 0.036885425 0.041544866 0.05329372 0.050884858 0.040727157 0.044586673 0.044427793 0.042878993 0.03620598 0.047037467 0.04305425 0.038554512 0.032128528 0.03578293 0.049893636 0.050610557 0.049440768 0.038364034 0.044388585 0.047840014 0.052752085 0.04277536 0.056127373 0.036851395 0.041131508 0.06032829 0.035084732 0.046074763 0.04392345 0.032876596 0.040406685 0.041627627 0.03409757 0.03498128 0.027386218 0.0374191 0.043227438 0.052721065 0.036965355 0.05435689 0.05538273 0.049472746 0.039394785 0.051499523 0.025443556 0.056145232 0.044288885 0.02884237 0.041222442 0.046145998 0.03917302 0.04367212 0.039021153 0.043990318 0.04393373 0.047591686 0.03752343 0.0545441 0.035364624 0.05632815 0.042945467 0.040029243 0.046519008 0.044393443 0.04463851 0.052934013 0.037510183 0.035753723 0.044115894 0.048869696 0.038646623 0.038523488 0.04235878 0.048032396 0.051017925 0.042063117 0.048791558 0.038633987 0.04287784 0.03662552 0.049095128 0.04656294 0.07654639 0.060485143 0.05013474 0.054369293 0.08442177 0.03436902 0.033921707 0.04857276 0.034963723 0.06363497 0.040619798 0.031131614 0.05588884 0.04331049 0.05588329 0.050704185 0.05892153 0.036542807 0.053437334 0.039193656 0.04628085 0.040568735 0.041817013 0.039873254 0.04741257 0.049500346 0.03939294 0.04473325 0.03596152 0.040003415 0.07026086 0.049525015 0.04587156 0.041495193 0.03391972 0.039574753 0.041472264 0.03074924 0.043005243 0.033560358 0.03966436 0.04777842 0.057184726 0.04102581 0.04701386 0.05288319 0.049316563 0.039942186 0.043516647 0.044025183 0.043785892 0.04182815 0.03658125 0.04452469 0.046637245 0.040541753 0.0442723 0.040306296 0.049393274 0.045928746 0.06542168 0.047666065 0.07208754 0.048329074 0.04720902 0.04503863 0.037071873 0.043651555 0.051231932 0.029259382 0.039851584 0.04068619 0.03140068 0.045342274 0.0383236 0.042332415 0.054796204 0.047487784 0.03866207 0.038933013 0.04205986 0.042039625 0.042718366 0.051284745 0.043233797 0.039944105 0.041637667 0.031309523 0.037414975 0.061803434 0.056125414 0.036166374 0.05489438 0.042805415 0.05269223 0.035629105 0.051876504 0.04037632 0.03626366 0.05832781 0.033836775 0.038022067 0.040553216 0.046093594 0.052501664 0.04005069 0.036452617 0.030175125 0.071584165 0.047501013 0.041808106 0.030065808 0.057102326 0.0493262 0.045469314 0.044122916 0.043554865 0.052979 0.064064704 0.049959537 0.0642997 0.041191306 0.036902253 0.04086243 0.046838537 0.041332845 0.04423888,0.00026418373 0.00026620112 0.00034944515 0.00040429278 0.00032643657 0.00041356467 0.00036027722 0.00035139525 0.0003717418 0.0004232236 0.00036107888 0.00023321426 0.00034285043 0.0004558919 0.0003338063 0.0003578353 0.0003064552 0.00040950254 0.00034039872 0.00038851742 0.00043533917 0.00026383298 0.00039908648 0.00025667375 0.00038360775 0.00027932777 0.0004013722 0.0004710721 0.00034085062 0.0002902711 0.0003363074 0.0005749022 0.00032411504 0.00029977082 0.00029878927 0.00038148765 0.0003508761 0.00037290272 0.0003999039 0.00033519324 0.00034348966 0.00045279207 0.00033988385 0.00034560033 0.00041493468 0.00043110724 0.00039908342 0.0002904364 0.00032712493 0.0004196356 0.00040066818 0.0003206863 0.00035107616 0.00034982513 0.00033762987 0.00028508645 0.00037037375 0.00033900983 0.00030357882 0.00025298054 0.00028175535 0.00039286327 0.00039850833 0.00038929738 0.00030207902 0.00034951643 0.00037669303 0.00041537074 0.00033681386 0.0004419478 0.00029016848 0.00032387013 0.0004750259 0.00027625772 0.00036279342 0.0003458539 0.00025887083 0.00031816287 0.0003277766 0.00026848482 0.00027544316 0.00021563952 0.00029463856 0.00034037352 0.0004151265 0.00029106578 0.000428007 0.0004360845 0.00038954918 0.00031019514 0.00040550806 0.00020034295 0.00044208844 0.00034873138 0.00022710527 0.00032458614 0.0003633543 0.00030844897 0.00034387494 0.00030725318 0.00034638046 0.00034593488 0.0003747377 0.00029546008 0.0004294811 0.0002784616 0.00044352876 0.00033815327 0.00031519087 0.0003662914 0.00034955467 0.00035148434 0.00041680326 0.00029535577 0.00028152537 0.00034736923 0.00038480075 0.00030430412 0.00030333456 0.00033353368 0.00037820783 0.00040171595 0.00033120564 0.0003841855 0.00030420462 0.0003376208 0.0002883899 0.00038657582 0.0003666373 0.0006027275 0.00047626096 0.00039476174 0.00042810466 0.00066473836 0.00027062223 0.00026710005 0.0003824627 0.00027530492 0.0005010628 0.00031984094 0.00024513082 0.0004400696 0.00034102748 0.0004400259 0.00039924556 0.00046394905 0.00028773863 0.00042076642 0.00030861146 0.00036441613 0.00031943887 0.00032926782 0.00031396264 0.00037332732 0.0003897665 0.00031018062 0.0003522303 0.0002831616 0.00031498753 0.0005532351 0.00038996074 0.00036119338 0.0003267338 0.00026708443 0.00031161224 0.00032655324 0.00024212 0.00033862397 0.00026425478 0.0003123178 0.00037620805 0.00045027342 0.00032303788 0.0003701879 0.00041640305 0.0003883194 0.0003145054 0.00034265078 0.00034665497 0.00034477081 0.00032935553 0.00028804137 0.0003505881 0.0003672224 0.0003192264 0.0003486008 0.0003173724 0.00038892342 0.00036164367 0.00051513134 0.00037532335 0.0005676184 0.00038054388 0.00037172457 0.0003546349 0.00029190452 0.00034371304 0.00040340103 0.00023038883 0.000313792 0.0003203637 0.00024724947 0.00035702577 0.00030176062 0.0003333261 0.00043146618 0.00037391955 0.00030442575 0.00030655914 0.00033118 0.00033102068 0.00033636508 0.0004038169 0.0003404236 0.0003145205 0.00032785564 0.00024653168 0.0002946061 0.00048664122 0.00044193238 0.0002847746 0.0004322392 0.0003370505 0.00041489946 0.00028054413 0.00040847642 0.00031792378 0.00028554062 0.00045927407 0.0002664313 0.00029938636 0.00031931666 0.00036294168 0.00041339893 0.00031535976 0.0002870285 0.00023759941 0.0005636548 0.00037402372 0.00032919768 0.00023673865 0.0004496246 0.00038839527 0.0003580261 0.00034742453 0.00034295168 0.00041715748 0.0005044465 0.0003933822 0.00050629687 0.000324341 0.00029056892 0.0003217514 0.00036880738 0.00032545548 0.00034833763,
591,256,,,0.0045940573 0.0045940573 0.0045940573 0.0045940573 0.0045940573 0.0045940573 0.0045940573 0.0045940573 0.0045940573 0.0045940573 0.0045940573 0.0045940573 0.0045940573 0.0045940573 0.0045940573 0.0045940573 0.0045940573 0.0045940573 0.0045940573 0.0045940573 0.0045940573 0.0045940573 0.0045940573 0.0045940573 0.0045940573 0.0045940573 0.0045940573 0.0045940573 0.0045940573 0.0045940573 0.0045940573 0.0045940573 0.0045940573 0.0045940573 0.0045940573 0.0045940573 0.0045940573 0.0045940573 0.0045940573 0.0045940573 0.0045940573 0.0045940573 0.0045940573 0.0045940573 0.0045940573 0.0045940573 0.0045940573 0.0045940573 0.0045940573 0.0045940573 0.0045940573 0.0045940573 0.0045940573 0.0045940573 0.0045940573 0.0045940573 0.0045940573 0.0045940573 0.0045940573 0.0045940573 0.0045940573 0.0045940573 0.0045940573 0.0045940573 0.0045940573 0.0045940573 0.0045940573 0.0045940573 0.0045940573 0.0045940573 0.0045940573 0.0045940573 0.0045940573 0.0045940573 0.0045940573 0.0045940573 0.0045940573 0.0045940573 0.0045940573 0.0045940573 0.0045940573 0.0045940573 0.0045940573 0.0045940573 0.0045940573 0.0045940573 0.0045940573 0.0045940573 0.0045940573 0.0045940573 0.0045940573 0.0045940573 0.0045940573 0.0045940573 0.0045940573 0.0045940573 0.0045940573 0.0045940573 0.0045940573 0.0045940573 0.0045940573 0.0045940573 0.0045940573 0.0045940573 0.0045940573 0.0045940573 0.0045940573 0.0045940573 0.0045940573 0.0045940573 0.0045940573 0.0045940573 0.0045940573 0.0045940573 0.0045940573 0.0045940573 0.0045940573 0.0045940573 0.0045940573 0.0045940573 0.0045940573 0.0045940573 0.0045940573 0.0045940573 0.0045940573 0.0045940573 0.0045940573 0.0045940573 0.0045940573 0.0045940573 0.0045940573 0.0045940573 0.0045940573 0.0045940573 0.0045940573 0.0045940573 0.0045940573 0.0045940573 0.0045940573 0.0045940573 0.0045940573 0.0045940573 0.0045940573 0.0045940573 0.0045940573 0.0045940573 0.0045940573 0.0045940573 0.0045940573 0.0045940573 0.0045940573 0.0045940573 0.0045940573 0.0045940573 0.0045940573 0.0045940573 0.0045940573 0.0045940573 0.0045940573 0.0045940573 0.0045940573 0.0045940573 0.0045940573 0.0045940573 0.0045940573 0.0045940573 0.0045940573 0.0045940573 0.0045940573 0.0045940573 0.0045940573 0.0045940573 0.0045940573 0.0045940573 0.0045940573 0.0045940573 0.0045940573 0.0045940573 0.0045940573 0.0045940573 0.0045940573 0.0045940573 0.0045940573 0.0045940573 0.0045940573 0.0045940573 0.0045940573 0.0045940573 0.0045940573 0.0045940573 0.0045940573 0.0045940573 0.0045940573 0.0045940573 0.0045940573 0.0045940573 0.0045940573 0.0045940573 0.0045940573 0.0045940573 0.0045940573 0.0045940573 0.0045940573 0.0045940573 0.0045940573 0.0045940573 0.0045940573 0.0045940573 0.0045940573 0.0045940573 0.0045940573 0.0045940573 0.0045940573 0.0045940573 0.0045940573 0.0045940573 0.0045940573 0.0045940573 0.0045940573 0.0045940573 0.0045940573 0.0045940573 0.0045940573 0.0045940573 0.0045940573 0.0045940573 0.0045940573 0.0045940573 0.0045940573 0.0045940573 0.0045940573 0.0045940573 0.0045940573 0.0045940573 0.0045940573 0.0045940573 0.0045940573 0.0045940573 0.0045940573 0.0045940573 0.0045940573 0.0045940573 0.0045940573 0.0045940573 0.0045940573 0.0045940573 0.0045940573 0.0045940573 0.0045940573 0.0045940573 0.0045940573 0.0045940573 0.0045940573 0.0045940573 0.0045940573 0.0045940573,15 15 15 15 15 15 15 15 15 15 15 16 15 15 15 15 15 15 15 15 15 15 15 15 15 15 15 15 15 15 15 14 15 15 15 15 15 15 15 15 15 15 15 15 15 15 15 15 15 15 15 15 15 15 15 15 15 15 15 15 15 15 15 15 15 15 15 15 15 15 15 15 15 15 15 15 15 15 15 15 15 16 15 15 15 15 15 15 15 15 15 16 15 15 16 15 15 15 15 15 15 15 15 15 15 15 15 15 15 15 15 15 15 15 15 15 15 15 15 15 15 15 15 15 15 15 15 15 15 14 15 15 15 14 15 15 15 15 14 15 15 15 15 15 15 15 15 15 15 15 15 15 15 15 15 15 15 15 15 14 15 15 15 15 15 15 16 15 15 15 15 15 15 15 15 15 15 15 15 15 15 15 15 15 15 15 15 15 15 14 15 14 15 15 15 15 15 15 16 15 15 15 15 15 15 15 15 15 15 15 15 15 15 15 15 15 15 15 15 15 15 15 15 15 15 15 15 15 15 15 15 15 15 15 15 15 16 14 15 15 16 15 15 15 15 15 15 14 15 14 15 15 15 15 15 15
599,1x1x768x512,0.12175613 0.1492211 0.1724283 0.14547338 0.13391763 0.16778342 0.15309389 0.14580424 0.15948255 0.15920885 0.19667217 0.16986643 0.14960039 0.13023193 0.17499441 0.18658605 0.15752988 0.14444408 0.14469498 0.17154628 0.13849 0.1820132 0.18308799 0.13476512 0.13903712 0.18080199 0.13857801 0.1570655 0.14366561 0.15077172 0.1974509 0.118046395 0.13725604 0.14938504 0.15049808 0.20663606 0.13261072 0.1843493 0.14223784 0.14194876 0.15757729 0.1711811 0.11254483 0.12993933 0.1796206 0.16062595 0.18433592 0.16614312 0.10364827 0.14446999 0.14878495 0.12479768 0.17111966 0.1482505 0.18448046 0.12972163 0.14787968 0.16378202 0.15320107 0.12901786 0.14839451 0.1466035 0.16919547 0.15020065 0.13464946 0.13634478 0.12303518 0.16514014 0.13880068 0.15552899 0.1383096 0.15258577 0.14730836 0.14051083 0.14844474 0.16599248 0.1684172 0.17754816 0.18296954 0.16628855 0.16111204 0.1503405 0.18562159 0.15886767 0.15080535 0.17011397 0.14579797 0.15773052 0.13915497 0.13047548 0.14862591 0.17378065 0.17890583 0.18066636 0.1744244 0.13220415 0.16482979 0.14862686 0.18977131 0.11234507 0.14341606 0.14213942 0.14124237 0.15460745 0.161681 0.13964863 0.17949641 0.12314976 0.1602735 0.15159205 0.11387623 0.14647613 0.13307235 0.21747243 0.1342769 0.18953134 0.16405539 0.17511748 0.14617564 0.14291492 0.1388904 0.138215 0.12704939 0.32696366 0.16823581 0.13949305 0.15719642 0.15350628 0.11178623 0.20776762 0.16570988 0.14149731 0.19914857 0.15831779 0.15726386 0.13810344 0.12819308 0.14447403 0.14261293 0.1473128 0.20393232 0.15772189 0.16810101 0.16153377 0.13699198 0.12963067 0.18840498 0.14542189 0.14973554 0.18476848 0.15255655 0.15862368 0.16403376 0.17906657 0.18767367 0.13864015 0.17531133 0.15881874 0.18807228 0.17983426 0.18337864 0.16007033 0.1361827 0.121554054 0.19515534 0.18182155 0.15513597 0.1601238 0.24330667 0.1272031 0.14463462 0.17938307 0.15301998 0.14991412 0.13039134 0.14642105 0.14574334 0.1360927 0.14041203 0.20387857 0.15054078 0.120020606 0.20658328 0.21483663 0.17050792 0.14638267 0.15813434 0.16729848 0.14787613 0.2156714 0.13564374 0.14594412 0.14262357 0.18307626 0.15989368 0.14815085 0.14215213 0.14511265 0.16053052 0.17315826 0.28542057 0.15761268 0.13822284 0.12129934 0.19311862 0.16560215 0.18586513 0.14991854 0.14255136 0.16184676 0.23485474 0.1668505 0.12997477 0.24161905 0.15991817 0.16516726 0.1238233 0.19852729 0.16415901 0.17307584 0.12639078 0.117638096 0.1573581 0.17754617 0.14144307 0.13886474 0.23699313 0.14171907 0.14719872 0.1505123 0.12058543 0.15722477 0.15146789 0.15103988 0.11303576 0.17978919 0.18184607 0.1539378 0.17149347 0.13848574 0.19742474 0.15463105 0.12498508 0.1441243 0.121508986 0.10831608 0.12866917 0.16607994 0.16448627 0.17607112 0.1567796 0.13189149 0.14555255 0.15868697 0.18982585 0.14186366 0.10584525 0.10624268 0.12564367 0.11659514 0.14017582 0.10704391 0.12806419 0.14715582 0.11200669 0.11096488 0.0983941 0.08500659 0.1328907 0.12600933 0.1334167 0.11236048 0.09798364 0.111661635 0.112385966 0.10491492 0.06470586 0.081884444 0.14028156 0.09596373 0.09164104 0.12122042 0.084955186 0.119507395 0.103855856 0.14048967 0.11536151 0.11588538 0.124527104 0.105009206 0.1283301 0.108663894 0.10668968 0.07871063 0.11612941 0.11195319 0.09576968 0.101424664 0.10778459 0.12632996 0.089143224 0.08343355 0.10267262 0.083737284 0.118731484 0.13308053 0.11197912 0.10633873 0.10338426 0.16180585 0.09452294 0.09220618 0.12650038 0.0937632 0.1044228 0.11849609 0.08068549 0.10718732 0.1029048 0.1274896 0.15644105 0.085489914 0.113430366 0.08560254 0.089343555 0.114089265 0.083715655 0.10316273 0.0788832 0.13263232 0.1909564 0.07892452 0.10388213 0.16940883 0.088893116 0.11817984 0.114286594 0.09787086 0.1172928 0.10086881 0.13360895 0.12398514 0.08375882 0.14430673 0.10318525 0.10112749 0.10477134 0.11015287 0.10124191 0.11057125 0.1672636 0.08364475 0.10395147 0.11853435 0.10154602 0.06719426 0.08605207 0.12606491 0.10250543 0.094738476 0.09687696 0.10204521 0.12651058 0.09562503 0.08624065 0.12163551 0.12336854 0.11469214 0.10399372 0.13367373 0.131879 0.08684397 0.06693677 0.08395703 0.1259608 0.09353458 0.15037374 0.11347593 0.12777415 0.09841962 0.09245293 0.08889225 0.1152663 0.099524125 0.0976489 0.095108315 0.07998571 0.1177144 0.12996048 0.111690685 0.08827227 0.18786888 0.09284576 0.08111414 0.11168498 0.10314397 0.07898712 0.11304709 0.08929525 0.18496896 0.11244927 0.09536699 0.116910756 0.110975526 0.12432888 0.15099749 0.099487595 0.09530485 0.096095294 0.1244017 0.13046932 0.08689492 0.11886565 0.10565426 0.13280568 0.09871282 0.11765598 0.10846806 0.117102265 0.10318349 0.13732211 0.097520135 0.09446231 0.10522943 0.109231435 0.07185119 0.10654618 0.17237617 0.16064042 0.13961089 0.08990466 0.100550845 0.11306005 0.07865655 0.17446277 0.088555425 0.116811246 0.09115497 0.101275794 0.078376316 0.09415514 0.11752612 0.12871863 0.1185573 0.103666574 0.19977675 0.08698433 0.09352764 0.12744981 0.11523447 0.08778669 0.08322942 0.12749423 0.098009065 0.09214131 0.08055274 0.13715427 0.10461029 0.15932833 0.113292046 0.09200613 0.12239153 0.11904844 0.08638784 0.08920779 0.09932225 0.09764387 0.09569288 0.1474043 0.13037004 0.1374676 0.10116294 0.10332064 0.10301335 0.10994538 0.08904576 0.10240687 0.19065088 0.10285069 0.11118185 0.08493098 0.10679847 0.07981909 0.10536612 0.12771018 0.07796615 0.09727167 0.10799469 0.08675267 0.09859943 0.12061902 0.13558944 0.11035934 0.13235147 0.12714638 0.100631215 0.15404005 0.10843681 0.11087185 0.09257376 0.11782452 0.08940246 0.13152207 0.10190106 0.09257837 0.13646142 0.121989384 0.106124364 0.11203255 0.09937068 0.14083086 0.09889457,0.121741265 0.1492029 0.17240725 0.14545561 0.13390128 0.16776295 0.1530752 0.14578645 0.1594631 0.15918942 0.19664818 0.1698457 0.14958213 0.13021605 0.17497306 0.18656328 0.15751065 0.14442645 0.14467733 0.17152534 0.13847311 0.181991 0.18306564 0.13474868 0.13902016 0.18077992 0.1385611 0.15704632 0.14364809 0.15075332 0.19742681 0.11803199 0.13723929 0.1493668 0.15047972 0.20661083 0.13259454 0.1843268 0.14222048 0.14193144 0.15755807 0.1711602 0.11253109 0.12992348 0.17959867 0.16060635 0.18431343 0.16612285 0.10363562 0.14445236 0.1487668 0.12478245 0.17109877 0.14823242 0.18445794 0.12970579 0.14786163 0.16376202 0.15318239 0.12900212 0.14837639 0.14658561 0.16917484 0.15018232 0.13463302 0.13632815 0.12302016 0.16511998 0.13878374 0.15551001 0.13829271 0.15256716 0.14729038 0.14049368 0.14842662 0.16597222 0.16839664 0.17752649 0.18294722 0.16626826 0.16109239 0.15032214 0.18559894 0.15884829 0.15078695 0.17009321 0.14578018 0.15771127 0.139138 0.13045956 0.14860778 0.17375943 0.178884 0.18064432 0.17440312 0.132188 0.16480967 0.14860871 0.18974815 0.11233136 0.14339857 0.14212207 0.14122513 0.15458858 0.16166127 0.1396316 0.1794745 0.12313473 0.16025396 0.15157355 0.11386233 0.14645827 0.1330561 0.2174459 0.13426052 0.1895082 0.16403538 0.17509611 0.1461578 0.14289747 0.13887346 0.13819814 0.12703389 0.32692376 0.16821527 0.13947602 0.15717722 0.15348755 0.11177259 0.20774227 0.16568966 0.14148004 0.19912426 0.15829848 0.15724467 0.13808659 0.12817743 0.1444564 0.14259553 0.14729482 0.20390743 0.15770265 0.16808051 0.16151406 0.13697526 0.12961486 0.18838198 0.14540415 0.14971726 0.18474592 0.15253793 0.15860432 0.16401373 0.17904472 0.18765077 0.13862322 0.17528993 0.15879937 0.18804932 0.17981231 0.18335626 0.1600508 0.13616607 0.12153922 0.19513151 0.18179937 0.15511705 0.16010424 0.24327698 0.12718758 0.14461698 0.17936118 0.15300131 0.14989582 0.13037543 0.14640318 0.14572556 0.1360761 0.1403949 0.20385368 0.15052241 0.12000596 0.20655806 0.21481042 0.1704871 0.14636481 0.15811504 0.16727807 0.14785808 0.21564507 0.13562718 0.1459263 0.14260617 0.18305391 0.15987417 0.14813276 0.14213479 0.14509493 0.16051094 0.17313713 0.28538573 0.15759344 0.13820598 0.12128454 0.19309506 0.16558193 0.18584245 0.14990024 0.14253396 0.16182701 0.23482607 0.16683015 0.1299589 0.24158956 0.15989867 0.16514711 0.12380819 0.19850306 0.16413897 0.17305471 0.12637536 0.11762374 0.15733889 0.1775245 0.1414258 0.13884778 0.23696421 0.14170179 0.14718077 0.15049393 0.12057071 0.1572056 0.15144941 0.15102145 0.11302197 0.17976724 0.18182386 0.15391901 0.17147255 0.13846885 0.19740064 0.15461217 0.12496982 0.1441067 0.12149415 0.10830286 0.12865347 0.16605967 0.1644662 0.17604963 0.15676047 0.1318754 0.14553478 0.15866761 0.18980269 0.14184634 0.10583234 0.10622971 0.12562834 0.11658091 0.14015871 0.10703084 0.12804855 0.14713787 0.11199302 0.11095134 0.0983821 0.08499621 0.13287447 0.12599395 0.13340043 0.11234676 0.097971685 0.11164801 0.11237225 0.10490212 0.064697966 0.081874445 0.14026444 0.09595202 0.091629855 0.12120563 0.08494482 0.119492814 0.10384318 0.14047253 0.11534744 0.115871236 0.124511905 0.10499639 0.12831444 0.10865063 0.10667666 0.07870102 0.11611524 0.11193953 0.095758 0.10141228 0.10777144 0.12631455 0.089132346 0.083423376 0.10266009 0.08372707 0.11871699 0.13306428 0.111965455 0.10632575 0.103371635 0.16178611 0.0945114 0.09219492 0.12648495 0.09375176 0.10441005 0.11848163 0.08067565 0.10717425 0.10289224 0.12747404 0.15642194 0.085479476 0.11341652 0.08559209 0.08933265 0.11407534 0.08370543 0.10315014 0.078873575 0.13261612 0.1909331 0.07891489 0.10386945 0.16938815 0.08888227 0.11816542 0.11427265 0.09785891 0.11727848 0.100856505 0.13359264 0.12397001 0.0837486 0.14428912 0.10317266 0.101115145 0.10475855 0.11013942 0.10122955 0.11055776 0.16724318 0.08363454 0.10393879 0.11851989 0.10153362 0.067186065 0.08604157 0.12604952 0.10249292 0.09472691 0.09686513 0.10203276 0.12649514 0.09561335 0.08623013 0.12162066 0.12335348 0.114678144 0.103981026 0.13365741 0.13186291 0.08683337 0.066928595 0.08394679 0.12594543 0.09352317 0.1503554 0.11346209 0.12775855 0.09840761 0.09244164 0.0888814 0.115252234 0.09951198 0.097636975 0.09509671 0.07997595 0.11770003 0.12994461 0.11167705 0.0882615 0.18784596 0.09283443 0.08110425 0.11167134 0.103131376 0.07897748 0.1130333 0.08928436 0.18494639 0.11243555 0.095355354 0.11689649 0.11096198 0.12431371 0.15097907 0.09947546 0.09529322 0.09608357 0.12438653 0.13045341 0.08688431 0.11885114 0.10564137 0.13278948 0.09870077 0.11764162 0.10845483 0.117087975 0.1031709 0.13730536 0.09750823 0.09445078 0.10521659 0.109218106 0.07184242 0.10653318 0.17235513 0.16062082 0.13959384 0.08989369 0.100538574 0.11304625 0.07864694 0.17444147 0.08854462 0.116796985 0.09114385 0.10126343 0.07836675 0.094143644 0.11751178 0.12870292 0.11854283 0.10365392 0.19975238 0.08697371 0.09351622 0.12743425 0.11522041 0.087775975 0.08321926 0.12747867 0.0979971 0.09213006 0.08054291 0.13713752 0.104597524 0.15930888 0.113278225 0.091994904 0.12237659 0.11903391 0.0863773 0.089196905 0.09931013 0.097631946 0.0956812 0.14738631 0.13035414 0.13745081 0.101150595 0.10330803 0.103000775 0.10993196 0.0890349 0.102394365 0.1906276 0.10283814 0.11116828 0.084920615 0.10678543 0.079809345 0.10535326 0.12769459 0.07795664 0.0972598 0.10798151 0.08674208 0.098587394 0.12060431 0.13557288 0.11034588 0.13233532 0.12713085 0.10061893 0.15402126 0.108423576 0.11085832 0.09256246 0.11781014 0.089391544 0.13150603 0.10188863 0.092567064 0.13644478 0.1219745 0.10611141 0.112018876 0.09935856 0.14081366 0.0988825,0.00095859263 0.001174826 0.0013575375 0.0011453198 0.0010543409 0.0013209681 0.0012053165 0.0011479248 0.0012556149 0.00125346 0.0015484109 0.0013373677 0.0011778121 0.0010253232 0.0013777406 0.0014690022 0.0012402413 0.0011372161 0.0011391916 0.0013505933 0.0010903394 0.001433 0.0014414617 0.0010610132 0.001094647 0.0014234639 0.0010910323 0.0012365852 0.0011310873 0.0011870341 0.0015545419 0.0009293858 0.0010806243 0.0011761165 0.0011848797 0.001626857 0.0010440515 0.0014513921 0.0011198464 0.0011175704 0.0012406147 0.0013477182 0.0008860716 0.0010230195 0.0014141628 0.001264617 0.0014512868 0.001308054 0.00081602845 0.0011374202 0.0011713922 0.000982539 0.0013472344 0.0011671843 0.0014524248 0.0010213054 0.0011642647 0.0012894648 0.0012061605 0.0010157648 0.001168318 0.0011542174 0.0013320853 0.001182538 0.0010601025 0.00107345 0.0009686627 0.0013001573 0.0010927854 0.0012244883 0.001088919 0.0012013162 0.0011597668 0.0011062494 0.0011687136 0.0013068678 0.0013259578 0.0013978464 0.0014405292 0.0013091989 0.001268444 0.0011836389 0.0014614089 0.0012507739 0.0011872988 0.0013393166 0.0011478754 0.001241821 0.0010955748 0.0010272407 0.00117014 0.0013681845 0.0014085354 0.0014223962 0.0013732528 0.0010408504 0.001297714 0.0011701473 0.00149408 0.0008844989 0.0011291226 0.0011190715 0.0011120089 0.0012172329 0.0012729233 0.0010994615 0.001413185 0.00096956483 0.0012618422 0.0011934926 0.00089655374 0.0011532147 0.0010476859 0.0017121724 0.0010571694 0.0014921905 0.0012916172 0.0013787096 0.0011508488 0.0011251769 0.0010934918 0.0010881743 0.0010002669 0.0025742028 0.0013245298 0.0010982363 0.001237616 0.0012085633 0.00088009913 0.0016357659 0.001304643 0.001114016 0.0015679075 0.0012464446 0.001238147 0.0010872959 0.0010092711 0.001137452 0.0011227995 0.0011598017 0.0016055703 0.0012417532 0.0013234685 0.0012717643 0.0010785453 0.0010205895 0.0014833227 0.0011449145 0.001178876 0.0014546923 0.0012010861 0.0012488529 0.0012914467 0.001409801 0.0014775652 0.0010915215 0.0013802357 0.0012503887 0.0014807032 0.001415845 0.00144375 0.0012602424 0.0010721737 0.00095700176 0.0015364686 0.0014314911 0.001221394 0.0012606634 0.0019155669 0.001001477 0.0011387164 0.0014122927 0.0012047347 0.001180282 0.0010265781 0.001152781 0.0011474454 0.0010714653 0.0011054716 0.0016051471 0.0011852158 0.0009449288 0.0016264415 0.0016914206 0.0013424181 0.0011524789 0.0012450004 0.0013171501 0.0011642369 0.0016979927 0.0010679306 0.001149026 0.0011228832 0.0014413694 0.0012588517 0.0011663997 0.0011191715 0.0011424798 0.0012638657 0.0013632844 0.0022471317 0.0012408933 0.001088236 0.0009549963 0.0015204336 0.0013037947 0.0014633264 0.0011803169 0.0011223146 0.0012742284 0.0018490242 0.0013136233 0.0010232984 0.00190228 0.0012590446 0.0013003709 0.00097486767 0.0015630162 0.0012924329 0.0013626355 0.0009950816 0.0009261712 0.0012388888 0.0013978308 0.001113589 0.0010932896 0.00186586 0.0011157622 0.0011589037 0.0011849916 0.0009493757 0.0012378393 0.001192515 0.0011891453 0.00088993675 0.00141549 0.001431684 0.0012119607 0.0013501776 0.0010903059 0.0015543358 0.0012174187 0.0009840144 0.0011346984 0.00095664687 0.00085277844 0.0010130195 0.0013075565 0.0012950095 0.0013862175 0.0012343344 0.0010383889 0.0011459432 0.0012493513 0.0014945094 0.0011169004 0.0008333255 0.0008364544 0.0009891995 0.0009179599 0.0011036119 0.0008427625 0.0010082563 0.0011585659 0.0008818348 0.0008736326 0.0007746622 0.0006692615 0.0010462557 0.0009920783 0.001050397 0.0008846202 0.0007714306 0.00087911816 0.0008848209 0.00082600093 0.0005094328 0.0006446807 0.0011044444 0.0007555277 0.0007214949 0.000954375 0.00066885684 0.0009408883 0.00081766286 0.0011060829 0.00090824754 0.0009123719 0.0009804087 0.00082674326 0.0010103498 0.0008555168 0.0008399737 0.0006196931 0.0009142932 0.0008814136 0.000754 0.0007985219 0.000848594 0.0009946028 0.0007018295 0.000656877 0.0008083472 0.00065926823 0.00093477947 0.0010477502 0.0008816178 0.0008372107 0.0008139499 0.0012739063 0.00074418425 0.0007259443 0.0009959445 0.0007382028 0.0008221264 0.0009329262 0.00063524133 0.0008438917 0.00081017514 0.0010037326 0.0012316689 0.0006730667 0.00089304347 0.0006739535 0.0007034067 0.00089823105 0.0006590979 0.0008122058 0.00062105176 0.0010442215 0.0015034102 0.0006213771 0.00081786973 0.0013337649 0.0006998604 0.00093043636 0.0008997846 0.0007705426 0.0009234526 0.0007941457 0.0010519106 0.00097614183 0.0006594378 0.0011361348 0.00081238314 0.00079618226 0.0008248705 0.00086723955 0.0007970831 0.0008705335 0.0013168755 0.0006585397 0.00081841566 0.0009332275 0.00079947733 0.0005290241 0.0006774927 0.0009925159 0.0008070309 0.0007458812 0.00076271757 0.0008034076 0.0009960247 0.00075286103 0.0006789774 0.00095764303 0.00097128726 0.00090297754 0.00081874826 0.0010524206 0.0010382907 0.0006837273 0.0005269968 0.00066099834 0.0009916964 0.0007364029 0.0011839007 0.00089340226 0.0010059729 0.00077486306 0.0007278869 0.0006998536 0.0009074979 0.0007835589 0.0007687951 0.00074879295 0.00062973186 0.0009267719 0.0010231859 0.00087934686 0.00069497246 0.0014791021 0.0007309797 0.00063861615 0.0008793019 0.0008120581 0.0006218699 0.000890026 0.0007030265 0.0014562708 0.0008853193 0.0007508296 0.0009204448 0.0008737164 0.0009788481 0.0011888116 0.00078327133 0.0007503403 0.0007565635 0.0009794214 0.0010271922 0.00068412843 0.00093583576 0.0008318218 0.0010455864 0.0007771714 0.00092631194 0.00085397507 0.00092195254 0.0008123693 0.0010811446 0.00076778134 0.00074370694 0.0008284771 0.00085998507 0.0005656883 0.00083884393 0.001357127 0.0012647309 0.0010991641 0.00070782437 0.0007916423 0.00089012797 0.0006192673 0.0013735549 0.00069720176 0.0009196613 0.0007176681 0.00079734984 0.00061706104 0.00074128853 0.0009252896 0.0010134089 0.0009334081 0.00081617263 0.0015728533 0.0006848324 0.0007363482 0.0010034193 0.00090724736 0.00069114944 0.0006552698 0.0010037691 0.00077163073 0.0007254335 0.0006341961 0.001079823 0.00082360255 0.0012544006 0.0008919545 0.0007243693 0.00096359523 0.0009372749 0.0006801362 0.0007023378 0.0007819695 0.0007687555 0.00075339526 0.0011605221 0.0010264105 0.0010822898 0.00079646136 0.00081344903 0.00081102975 0.000865606 0.0007010622 0.00080625486 0.0015010048 0.0008097492 0.0008753408 0.00066866627 0.00084083015 0.00062842004 0.00082955323 0.0010054692 0.0006138318 0.00076582516 0.0008502481 0.0006830085 0.00077627867 0.00094964023 0.001067503 0.0008688652 0.0010420104 0.0010010303 0.000792275 0.0012127658 0.00085372897 0.0008729002 0.00072883826 0.0009276389 0.00070387044 0.0010354805 0.00080227264 0.0007288745 0.0010743684 0.00096042914 0.0008355229 0.0008820384 0.00078235083 0.001108769 0.0007786023,
600,512,,,0.0053928886 0.0053928886 0.0053928886 0.0053928886 0.0053928886 0.0053928886 0.0053928886 0.0053928886 0.0053928886 0.0053928886 0.0053928886 0.0053928886 0.0053928886 0.0053928886 0.0053928886 0.0053928886 0.0053928886 0.0053928886 0.0053928886 0.0053928886 0.0053928886 0.0053928886 0.0053928886 0.0053928886 0.0053928886 0.0053928886 0.0053928886 0.0053928886 0.0053928886 0.0053928886 0.0053928886 0.0053928886 0.0053928886 0.0053928886 0.0053928886 0.0053928886 0.0053928886 0.0053928886 0.0053928886 0.0053928886 0.0053928886 0.0053928886 0.0053928886 0.0053928886 0.0053928886 0.0053928886 0.0053928886 0.0053928886 0.0053928886 0.0053928886 0.0053928886 0.0053928886 0.0053928886 0.0053928886 0.0053928886 0.0053928886 0.0053928886 0.0053928886 0.0053928886 0.0053928886 0.0053928886 0.0053928886 0.0053928886 0.0053928886 0.0053928886 0.0053928886 0.0053928886 0.0053928886 0.0053928886 0.0053928886 0.0053928886 0.0053928886 0.0053928886 0.0053928886 0.0053928886 0.0053928886 0.0053928886 0.0053928886 0.0053928886 0.0053928886 0.0053928886 0.0053928886 0.0053928886 0.0053928886 0.0053928886 0.0053928886 0.0053928886 0.0053928886 0.0053928886 0.0053928886 0.0053928886 0.0053928886 0.0053928886 0.0053928886 0.0053928886 0.0053928886 0.0053928886 0.0053928886 0.0053928886 0.0053928886 0.0053928886 0.0053928886 0.0053928886 0.0053928886 0.0053928886 0.0053928886 0.0053928886 0.0053928886 0.0053928886 0.0053928886 0.0053928886 0.0053928886 0.0053928886 0.0053928886 0.0053928886 0.0053928886 0.0053928886 0.0053928886 0.0053928886 0.0053928886 0.0053928886 0.0053928886 0.0053928886 0.0053928886 0.0053928886 0.0053928886 0.0053928886 0.0053928886 0.0053928886 0.0053928886 0.0053928886 0.0053928886 0.0053928886 0.0053928886 0.0053928886 0.0053928886 0.0053928886 0.0053928886 0.0053928886 0.0053928886 0.0053928886 0.0053928886 0.0053928886 0.0053928886 0.0053928886 0.0053928886 0.0053928886 0.0053928886 0.0053928886 0.0053928886 0.0053928886 0.0053928886 0.0053928886 0.0053928886 0.0053928886 0.0053928886 0.0053928886 0.0053928886 0.0053928886 0.0053928886 0.0053928886 0.0053928886 0.0053928886 0.0053928886 0.0053928886 0.0053928886 0.0053928886 0.0053928886 0.0053928886 0.0053928886 0.0053928886 0.0053928886 0.0053928886 0.0053928886 0.0053928886 0.0053928886 0.0053928886 0.0053928886 0.0053928886 0.0053928886 0.0053928886 0.0053928886 0.0053928886 0.0053928886 0.0053928886 0.0053928886 0.0053928886 0.0053928886 0.0053928886 0.0053928886 0.0053928886 0.0053928886 0.0053928886 0.0053928886 0.0053928886 0.0053928886 0.0053928886 0.0053928886 0.0053928886 0.0053928886 0.0053928886 0.0053928886 0.0053928886 0.0053928886 0.0053928886 0.0053928886 0.0053928886 0.0053928886 0.0053928886 0.0053928886 0.0053928886 0.0053928886 0.0053928886 0.0053928886 0.0053928886 0.0053928886 0.0053928886 0.0053928886 0.0053928886 0.0053928886 0.0053928886 0.0053928886 0.0053928886 0.0053928886 0.0053928886 0.0053928886 0.0053928886 0.0053928886 0.0053928886 0.0053928886 0.0053928886 0.0053928886 0.0053928886 0.0053928886 0.0053928886 0.0053928886 0.0053928886 0.0053928886 0.0053928886 0.0053928886 0.0053928886 0.0053928886 0.0053928886 0.0053928886 0.0053928886 0.0053928886 0.0053928886 0.0053928886 0.0053928886 0.0053928886 0.0053928886 0.0053928886 0.0053928886 0.0053928886 0.0053928886 0.0053928886 0.0053928886 0.0053928886 0.0053928886 0.0053928886 0.0053928886 0.0053928886 0.0053928886 0.0053928886 0.0053928886 0.0053928886 0.0053928886 0.0053928886 0.0053928886 0.0053928886 0.0053928886 0.0053928886 0.0053928886 0.0053928886 0.0053928886 0.0053928886 0.0053928886 0.0053928886 0.0053928886 0.0053928886 0.0053928886 0.0053928886 0.0053928886 0.0053928886 0.0053928886 0.0053928886 0.0053928886 0.0053928886 0.0053928886 0.0053928886 0.0053928886 0.0053928886 0.0053928886 0.0053928886 0.0053928886 0.0053928886 0.0053928886 0.0053928886 0.0053928886 0.0053928886 0.0053928886 0.0053928886 0.0053928886 0.0053928886 0.0053928886 0.0053928886 0.0053928886 0.0053928886 0.0053928886 0.0053928886 0.0053928886 0.0053928886 0.0053928886 0.0053928886 0.0053928886 0.0053928886 0.0053928886 0.0053928886 0.0053928886 0.0053928886 0.0053928886 0.0053928886 0.0053928886 0.0053928886 0.0053928886 0.0053928886 0.0053928886 0.0053928886 0.0053928886 0.0053928886 0.0053928886 0.0053928886 0.0053928886 0.0053928886 0.0053928886 0.0053928886 0.0053928886 0.0053928886 0.0053928886 0.0053928886 0.0053928886 0.0053928886 0.0053928886 0.0053928886 0.0053928886 0.0053928886 0.0053928886 0.0053928886 0.0053928886 0.0053928886 0.0053928886 0.0053928886 0.0053928886 0.0053928886 0.0053928886 0.0053928886 0.0053928886 0.0053928886 0.0053928886 0.0053928886 0.0053928886 0.0053928886 0.0053928886 0.0053928886 0.0053928886 0.0053928886 0.0053928886 0.0053928886 0.0053928886 0.0053928886 0.0053928886 0.0053928886 0.0053928886 0.0053928886 0.0053928886 0.0053928886 0.0053928886 0.0053928886 0.0053928886 0.0053928886 0.0053928886 0.0053928886 0.0053928886 0.0053928886 0.0053928886 0.0053928886 0.0053928886 0.0053928886 0.0053928886 0.0053928886 0.0053928886 0.0053928886 0.0053928886 0.0053928886 0.0053928886 0.0053928886 0.0053928886 0.0053928886 0.0053928886 0.0053928886 0.0053928886 0.0053928886 0.0053928886 0.0053928886 0.0053928886 0.0053928886 0.0053928886 0.0053928886 0.0053928886 0.0053928886 0.0053928886 0.0053928886 0.0053928886 0.0053928886 0.0053928886 0.0053928886 0.0053928886 0.0053928886 0.0053928886 0.0053928886 0.0053928886 0.0053928886 0.0053928886 0.0053928886 0.0053928886 0.0053928886 0.0053928886 0.0053928886 0.0053928886 0.0053928886 0.0053928886 0.0053928886 0.0053928886 0.0053928886 0.0053928886 0.0053928886 0.0053928886 0.0053928886 0.0053928886 0.0053928886 0.0053928886 0.0053928886 0.0053928886 0.0053928886 0.0053928886 0.0053928886 0.0053928886 0.0053928886 0.0053928886 0.0053928886 0.0053928886 0.0053928886 0.0053928886 0.0053928886 0.0053928886 0.0053928886 0.0053928886 0.0053928886 0.0053928886 0.0053928886 0.0053928886 0.0053928886 0.0053928886 0.0053928886 0.0053928886 0.0053928886 0.0053928886 0.0053928886 0.0053928886 0.0053928886 0.0053928886 0.0053928886 0.0053928886 0.0053928886 0.0053928886 0.0053928886 0.0053928886 0.0053928886 0.0053928886 0.0053928886 0.0053928886 0.0053928886 0.0053928886 0.0053928886 0.0053928886 0.0053928886 0.0053928886 0.0053928886 0.0053928886 0.0053928886 0.0053928886 0.0053928886 0.0053928886 0.0053928886 0.0053928886 0.0053928886 0.0053928886 0.0053928886 0.0053928886 0.0053928886 0.0053928886 0.0053928886 0.0053928886 0.0053928886 0.0053928886 0.0053928886 0.0053928886 0.0053928886 0.0053928886 0.0053928886 0.0053928886 0.0053928886,15 14 14 14 14 14 14 14 14 14 14 14 14 14 14 14 14 14 14 14 14 14 14 14 14 14 14 14 14 14 14 15 14 14 14 14 14 14 14 14 14 14 15 14 14 14 14 14 15 14 14 14 14 14 14 14 14 14 14 14 14 14 14 14 14 14 15 14 14 14 14 14 14 14 14 14 14 14 14 14 14 14 14 14 14 14 14 14 14 14 14 14 14 14 14 14 14 14 14 15 14 14 14 14 14 14 14 15 14 14 15 14 14 14 14 14 14 14 14 14 14 14 14 13 14 14 14 14 15 14 14 14 14 14 14 14 14 14 14 14 14 14 14 14 14 14 14 14 14 14 14 14 14 14 14 14 14 14 14 14 14 14 14 15 14 14 14 14 14 14 14 14 14 14 14 14 14 14 14 14 14 15 14 14 14 14 14 14 14 14 14 14 14 14 14 14 14 14 14 14 13 14 14 15 14 14 14 14 14 14 14 14 14 14 14 14 14 14 14 14 14 15 14 14 14 14 14 14 14 14 15 14 14 14 15 14 14 14 14 14 14 14 14 14 15 15 14 14 14 14 14 14 14 14 14 14 15 15 14 15 14 15 14 14 15 15 15 15 14 14 14 15 15 15 15 15 15 15 14 15 15 15 15 15 15 14 15 15 14 15 14 15 15 15 15 15 15 15 15 14 15 15 15 15 15 14 15 15 15 14 15 15 14 15 15 15 15 15 15 14 14 15 15 15 15 15 15 15 15 14 14 15 15 14 15 15 15 15 15 15 14 14 15 14 15 15 15 15 15 15 14 15 15 15 15 15 15 14 15 15 15 15 14 15 15 15 15 15 15 14 14 15 15 15 14 15 14 15 14 15 15 15 15 15 15 15 15 15 14 15 15 14 15 15 15 15 15 15 15 14 15 15 15 15 14 14 15 15 15 14 14 15 15 15 14 15 15 15 15 15 14 15 15 15 15 15 15 14 14 14 15 15 15 15 14 15 15 15 15 15 15 15 14 15 15 14 15 15 14 15 15 15 14 15 15 15 14 15 14 15 15 15 15 15 15 15 15 15 14 14 14 15 15 15 15 15 15 14 15 15 15 15 15 15 14 15 15 15 15 15 15 14 15 14 14 15 14 15 15 15 15 15 14 15 15 14 15 15 15 15 14 15
609,3x3x256x128,0.04832386 0.067783944 0.04630996 0.05916262 0.08099859 0.06918042 0.04510693 0.052445017 0.092344485 0.04579897 0.10773093 0.08095995 0.09045805 0.04946065 0.100564346 0.08769831 0.060408 0.078616105 0.08769283 0.04261067 0.063850336 0.04460568 0.08758618 0.046400115 0.05109858 0.08471311 0.06447488 0.05299234 0.06873631 0.05775345 0.08703954 0.08588934 0.078005604 0.064924784 0.053386644 0.07635421 0.04875863 0.116245024 0.078313954 0.073555745 0.06778029 0.090133846 0.06425844 0.06465608 0.06785406 0.06330872 0.06645589 0.07525045 0.053111643 0.05472372 0.041807383 0.1050446 0.06006449 0.08060258 0.060185287 0.053291716 0.11575939 0.06405599 0.073345065 0.075191125 0.08614435 0.089940906 0.06438382 0.03755647 0.085860625 0.050177507 0.046931367 0.048050705 0.06994578 0.06702939 0.058854807 0.04003997 0.052506402 0.06596383 0.08402847 0.0758591 0.04891209 0.041225445 0.045879215 0.13188973 0.056375574 0.07817294 0.0775679 0.06948427 0.065341875 0.041887887 0.069393255 0.06885004 0.06283252 0.08281948 0.066764265 0.06930442 0.06543845 0.06593335 0.054179702 0.062421475 0.07787232 0.11512427 0.07262094 0.075309776 0.05596411 0.045731258 0.07731669 0.06254366 0.04724041 0.06197996 0.08255422 0.058432 0.07191606 0.0724807 0.0629457 0.08526569 0.06148294 0.064009435 0.05667384 0.0782673 0.08221257 0.059122957 0.0461636 0.03421963 0.08021037 0.052771125 0.055878203 0.03948809 0.076807946 0.08065132 0.0439337 0.062056664,0.04831796 0.06777567 0.046304308 0.0591554 0.080988705 0.06917198 0.045101427 0.052438617 0.09233322 0.045793377 0.10771779 0.080950074 0.090447016 0.04945461 0.100552075 0.087687604 0.060400628 0.078606516 0.08768212 0.04260547 0.06384254 0.044600233 0.087575495 0.046394452 0.051092345 0.084702775 0.06446701 0.052985873 0.06872792 0.057746403 0.08702892 0.08587886 0.07799609 0.06491686 0.053380128 0.0763449 0.048752677 0.11623084 0.078304395 0.07354677 0.06777202 0.09012284 0.0642506 0.06464819 0.06784578 0.063301 0.06644779 0.07524127 0.05310516 0.054717045 0.041802283 0.10503179 0.060057163 0.08059274 0.060177945 0.05328521 0.11574526 0.06404817 0.07333611 0.07518195 0.08613384 0.08992993 0.06437597 0.037551884 0.08585014 0.050171383 0.046925638 0.04804484 0.06993725 0.067021206 0.058847625 0.040035088 0.052499995 0.06595577 0.08401821 0.075849846 0.048906118 0.041220415 0.045873616 0.13187364 0.056368694 0.07816339 0.077558435 0.06947579 0.065333895 0.041882776 0.06938479 0.068841636 0.06282485 0.082809374 0.06675612 0.069295965 0.06543046 0.0659253 0.05417309 0.062413856 0.07786282 0.115110226 0.072612084 0.07530059 0.055957276 0.045725677 0.07730725 0.06253602 0.047234647 0.061972395 0.08254415 0.05842487 0.07190728 0.07247186 0.06293802 0.08525529 0.061475437 0.06400162 0.056666926 0.07825775 0.08220254 0.05911574 0.046157964 0.034215454 0.08020058 0.052764684 0.055871386 0.03948327 0.07679857 0.08064148 0.043928336 0.06204909,0.0003804564 0.0005336667 0.00036460086 0.00046579057 0.0006377063 0.00054466125 0.00035512933 0.0004129025 0.00072703324 0.00036057777 0.0008481716 0.0006374022 0.0007121812 0.00038940637 0.00079174864 0.00069045357 0.0004755955 0.00061894895 0.0006904104 0.00033547616 0.0005026972 0.00035118294 0.00068957085 0.00036531064 0.00040230193 0.000666951 0.0005076143 0.0004172116 0.0005411647 0.0004546961 0.0006852671 0.0006762115 0.00061414245 0.00051115634 0.00042031598 0.00060114096 0.00038387935 0.0009152035 0.00061657006 0.0005791084 0.000533638 0.0007096287 0.00050591026 0.00050904084 0.00053421874 0.0004984331 0.0005232109 0.0005924509 0.00041815088 0.0004308429 0.00032915184 0.00082702196 0.00047289106 0.0006345885 0.00047384208 0.0004195686 0.00091138 0.0005043163 0.0005774497 0.0005919839 0.0006782192 0.0007081097 0.0005068974 0.00029568412 0.00067598536 0.00039505024 0.0003694932 0.00037830585 0.000550687 0.000527726 0.00046336712 0.00031523692 0.00041338577 0.0005193368 0.0006615607 0.0005972429 0.00038508754 0.0003245702 0.00036120956 0.0010383751 0.000443848 0.0006154598 0.0006106963 0.00054705347 0.0005144401 0.00032978563 0.00054633693 0.0005420601 0.00049468386 0.00065204233 0.00052563875 0.0005456375 0.0005152005 0.00051909685 0.00042655977 0.0004914477 0.0006130931 0.0009063797 0.0005717487 0.000592918 0.00044060848 0.0003600447 0.0006087185 0.0004924096 0.00037192635 0.0004879716 0.0006499539 0.00046003837 0.0005661991 0.00057064457 0.00049557496 0.0006713015 0.00048405855 0.00050394976 0.00044619627 0.0006162027 0.00064726407 0.00046547828 0.00036344852 0.00026941302 0.0006315007 0.00041546996 0.00043993216 0.0003108919 0.00060471316 0.0006349723 0.00034589242 0.0004885755,
610,128,,,0.0047707255 0.0047707255 0.0047707255 0.0047707255 0.0047707255 0.0047707255 0.0047707255 0.0047707255 0.0047707255 0.0047707255 0.0047707255 0.0047707255 0.0047707255 0.0047707255 0.0047707255 0.0047707255 0.0047707255 0.0047707255 0.0047707255 0.0047707255 0.0047707255 0.0047707255 0.0047707255 0.0047707255 0.0047707255 0.0047707255 0.0047707255 0.0047707255 0.0047707255 0.0047707255 0.0047707255 0.0047707255 0.0047707255 0.0047707255 0.0047707255 0.0047707255 0.0047707255 0.0047707255 0.0047707255 0.0047707255 0.0047707255 0.0047707255 0.0047707255 0.0047707255 0.0047707255 0.0047707255 0.0047707255 0.0047707255 0.0047707255 0.0047707255 0.0047707255 0.0047707255 0.0047707255 0.0047707255 0.0047707255 0.0047707255 0.0047707255 0.0047707255 0.0047707255 0.0047707255 0.0047707255 0.0047707255 0.0047707255 0.0047707255 0.0047707255 0.0047707255 0.0047707255 0.0047707255 0.0047707255 0.0047707255 0.0047707255 0.0047707255 0.0047707255 0.0047707255 0.0047707255 0.0047707255 0.0047707255 0.0047707255 0.0047707255 0.0047707255 0.0047707255 0.0047707255 0.0047707255 0.0047707255 0.0047707255 0.0047707255 0.0047707255 0.0047707255 0.0047707255 0.0047707255 0.0047707255 0.0047707255 0.0047707255 0.0047707255 0.0047707255 0.0047707255 0.0047707255 0.0047707255 0.0047707255 0.0047707255 0.0047707255 0.0047707255 0.0047707255 0.0047707255 0.0047707255 0.0047707255 0.0047707255 0.0047707255 0.0047707255 0.0047707255 0.0047707255 0.0047707255 0.0047707255 0.0047707255 0.0047707255 0.0047707255 0.0047707255 0.0047707255 0.0047707255 0.0047707255 0.0047707255 0.0047707255 0.0047707255 0.0047707255 0.0047707255 0.0047707255 0.0047707255 0.0047707255,15 14 15 15 14 14 15 15 14 15 14 14 14 15 14 14 15 14 14 15 14 15 14 15 15 14 14 15 14 15 14 14 14 14 15 14 15 14 14 14 14 14 14 14 14 14 14 14 15 15 15 14 15 14 15 15 14 14 14 14 14 14 14 15 14 15 15 15 14 14 15 15 15 14 14 14 15 15 15 13 15 14 14 14 14 15 14 14 14 14 14 14 14 14 15 14 14 14 14 14 15 15 14 14 15 14 14 15 14 14 14 14 15 14 15 14 14 15 15 15 14 15 15 15 14 14 15 14
615,3x3x128x256,0.12015643 0.07021634 0.095087685 0.07115925 0.14454989 0.14521676 0.10520855 0.078597106 0.077400446 0.11174708 0.0865746 0.09647473 0.09235456 0.098080106 0.08403948 0.09873838 0.14831914 0.06699792 0.06416034 0.07467254 0.13120598 0.08648805 0.09146532 0.08159537 0.08495588 0.12576084 0.09375131 0.08592905 0.114594564 0.08031574 0.09561637 0.08371052 0.08538105 0.08771275 0.09702448 0.07044286 0.09034848 0.20604166 0.07917781 0.08265167 0.09868308 0.104064174 0.08454513 0.07184475 0.082357906 0.1103909 0.07282884 0.088780664 0.09314475 0.09380985 0.121031985 0.10672498 0.08938405 0.09656632 0.0818601 0.08976274 0.08192299 0.08887811 0.13838847 0.08067725 0.13013737 0.09358041 0.08893044 0.10856328 0.08676087 0.09148258 0.07817262 0.06920337 0.06946205 0.10276141 0.11724354 0.13155344 0.1547062 0.10878541 0.07384935 0.07544723 0.08110563 0.08033897 0.16041113 0.11984934 0.08768886 0.100470655 0.06794469 0.12142245 0.1053554 0.09552447 0.10624634 0.09717182 0.10150204 0.12083654 0.073770836 0.077519454 0.058337204 0.10164597 0.09958728 0.08444121 0.07989233 0.0842857 0.082142666 0.08288371 0.14013039 0.09310745 0.12578022 0.0862495 0.10728184 0.16094176 0.08107195 0.0826534 0.09956891 0.13964473 0.077442825 0.074944414 0.13257214 0.069225624 0.107729234 0.07647239 0.1448471 0.15202408 0.116593145 0.09085481 0.11011434 0.12119303 0.09066886 0.076676995 0.09406188 0.07624179 0.0882534 0.13094498 0.09768149 0.114425786 0.102269255 0.10592543 0.07038003 0.06749012 0.07849661 0.09653425 0.085023105 0.0846346 0.10727609 0.07254968 0.09741102 0.05699193 0.13444208 0.09955676 0.08378543 0.08241874 0.13544853 0.122421004 0.119092084 0.101527914 0.117379345 0.10050508 0.087964624 0.0903226 0.08708621 0.07109978 0.09099561 0.12211301 0.090416916 0.13141556 0.101707354 0.09557431 0.092102244 0.09983204 0.079632096 0.11071215 0.09619709 0.09092455 0.11024273 0.1214954 0.095960885 0.065349706 0.094318986 0.12657426 0.07964091 0.114339255 0.082248464 0.06981287 0.07653179 0.085549705 0.07999406 0.10949839 0.0706893 0.06472129 0.14296049 0.08789285 0.10432879 0.097666495 0.09280581 0.14705203 0.08200138 0.093255 0.08154132 0.10111535 0.103930674 0.09026242 0.09592185 0.13305546 0.16865484 0.08818091 0.08216782 0.071598776 0.089875676 0.103706114 0.1254309 0.078682646 0.07344228 0.07646544 0.08789345 0.09383 0.09843877 0.09875716 0.11763301 0.11561596 0.09129441 0.12978223 0.09255718 0.06494746 0.08656069 0.13371497 0.07381292 0.11682389 0.10085334 0.1409945 0.106133975 0.08923912 0.118710645 0.07559081 0.09359524 0.07513979 0.105994396 0.09264991 0.07705521 0.08830755 0.08093341 0.083855525 0.06620331 0.074391864 0.09019243 0.09399762 0.048366707 0.10031218 0.11005027 0.11902742 0.11665174 0.1034069 0.09824984 0.09303517 0.12525181 0.07386591 0.09016747 0.09034119 0.07931962 0.103235856 0.09110085 0.10000929,0.12014177 0.070207775 0.095076084 0.07115057 0.14453225 0.14519903 0.10519571 0.07858751 0.077391 0.11173344 0.086564034 0.09646295 0.092343286 0.09806814 0.08402923 0.098726325 0.14830105 0.06698974 0.06415251 0.07466343 0.13118997 0.0864775 0.091454156 0.081585415 0.084945515 0.12574549 0.093739875 0.08591857 0.11458058 0.08030594 0.0956047 0.08370031 0.08537064 0.08770205 0.09701263 0.070434265 0.090337455 0.20601651 0.07916815 0.08264158 0.098671034 0.10405148 0.08453481 0.07183598 0.082347855 0.11037743 0.07281995 0.08876983 0.09313339 0.09379841 0.12101722 0.106711954 0.08937314 0.09655453 0.08185011 0.08975178 0.081912994 0.08886726 0.13837157 0.0806674 0.13012148 0.09356899 0.088919595 0.10855003 0.086750284 0.09147141 0.07816307 0.06919493 0.069453575 0.10274887 0.11722923 0.13153738 0.15468732 0.108772136 0.07384034 0.07543802 0.08109573 0.080329165 0.16039155 0.11983471 0.08767816 0.1004584 0.0679364 0.12140763 0.105342545 0.095512815 0.106233366 0.09715997 0.101489656 0.12082179 0.07376183 0.07750999 0.058330085 0.10163356 0.099575125 0.0844309 0.079882585 0.08427542 0.08213264 0.0828736 0.1401133 0.093096085 0.12576488 0.08623897 0.10726874 0.16092212 0.081062056 0.082643315 0.09955676 0.1396277 0.07743338 0.07493527 0.13255596 0.069217175 0.10771609 0.07646306 0.1448294 0.15200552 0.116578914 0.09084372 0.11010091 0.12117824 0.09065779 0.07666764 0.09405041 0.076232485 0.088242635 0.130929 0.09766957 0.114411816 0.102256775 0.10591251 0.07037144 0.06748188 0.07848703 0.09652247 0.085012734 0.08462427 0.107263 0.07254082 0.09739914 0.056984976 0.13442567 0.099544615 0.0837752 0.08240868 0.13543199 0.12240606 0.119077556 0.101515524 0.117365025 0.100492805 0.08795389 0.09031157 0.087075576 0.07109111 0.09098451 0.12209811 0.09040588 0.13139951 0.10169494 0.09556265 0.09209101 0.09981986 0.07962237 0.11069863 0.09618536 0.09091345 0.110229276 0.12148058 0.09594917 0.065341726 0.094307475 0.12655883 0.079631194 0.1143253 0.08223843 0.069804356 0.076522455 0.08553926 0.07998429 0.10948503 0.07068067 0.06471339 0.14294304 0.08788213 0.104316056 0.09765457 0.092794485 0.14703408 0.081991374 0.09324362 0.081531376 0.10110301 0.103917986 0.0902514 0.09591015 0.13303924 0.16863425 0.08817014 0.08215779 0.071590036 0.08986471 0.10369346 0.12541558 0.07867304 0.07343332 0.076456115 0.08788273 0.093818545 0.09842675 0.098745115 0.11761865 0.115601845 0.09128326 0.12976639 0.09254588 0.064939536 0.086550124 0.13369866 0.07380391 0.11680964 0.10084103 0.14097731 0.10612102 0.089228235 0.11869615 0.07558159 0.093583815 0.07513062 0.10598146 0.092638604 0.077045806 0.08829677 0.080923535 0.083845295 0.06619523 0.07438279 0.09018142 0.09398615 0.048360802 0.10029994 0.11003684 0.1190129 0.116637506 0.10339428 0.09823784 0.093023814 0.12523653 0.0738569 0.090156466 0.09033016 0.07930993 0.10322326 0.09108973 0.09999709,0.0009459982 0.00055281713 0.00074863055 0.0005602407 0.0011380492 0.0011432995 0.00082831265 0.0006187993 0.0006093779 0.00087979087 0.0006816066 0.0007595508 0.00072711246 0.0007721901 0.0006616475 0.0007773726 0.0011677248 0.0005274783 0.00050513784 0.00058790104 0.0010329919 0.0006809252 0.0007201115 0.00064240483 0.0006688623 0.000990122 0.00073810923 0.0006765242 0.00090220926 0.00063233025 0.0007527929 0.0006590575 0.0006722097 0.0006905673 0.000763879 0.0005546005 0.0007113186 0.0016221772 0.0006233712 0.0006507211 0.0007769373 0.000819303 0.0006656284 0.00056563766 0.0006484083 0.0008691136 0.0005733854 0.00069897505 0.00073333376 0.0007385701 0.0009528915 0.0008402516 0.0007037255 0.0007602719 0.0006444891 0.00070670695 0.0006449842 0.00069974223 0.00108954 0.0006351764 0.0010245786 0.0007367637 0.0007001543 0.0008547246 0.0006830731 0.00072024734 0.00061545725 0.0005448419 0.00054687855 0.0008090462 0.0009230648 0.0010357273 0.0012180103 0.0008564735 0.00058142 0.00059400016 0.0006385491 0.0006325131 0.0012629257 0.0009435804 0.0006903792 0.000791011 0.00053493225 0.0009559656 0.00082946883 0.0007520694 0.0008364832 0.0007650391 0.0007991312 0.00095135265 0.0005808018 0.0006103149 0.000459292 0.0008002643 0.0007840561 0.00066481024 0.00062899676 0.00066358596 0.00064671366 0.00065254804 0.0011032543 0.00073304004 0.0009902746 0.000679047 0.00084463577 0.0012671034 0.0006382839 0.00065073476 0.0007839115 0.0010994307 0.0006097116 0.0005900415 0.0010437478 0.00054501713 0.0008481582 0.00060207135 0.001140389 0.0011968939 0.0009179442 0.0007153049 0.0008669363 0.00095415936 0.0007138409 0.0006036822 0.0007405544 0.0006002558 0.0006948239 0.001030937 0.0007690517 0.00090088043 0.00080517144 0.00083395676 0.00055410585 0.0005313534 0.00061800814 0.00076001947 0.0006693916 0.00066633284 0.00084459054 0.0005711875 0.00076692237 0.0004487006 0.0010584699 0.00078381586 0.0006596472 0.00064888725 0.0010663936 0.00096382725 0.00093761855 0.00079933484 0.00092413404 0.0007912819 0.0006925503 0.0007111147 0.00068563444 0.0005597725 0.00071641343 0.00096140243 0.00071185734 0.0010346419 0.0008007476 0.00075246184 0.00072512607 0.00078598317 0.00062694785 0.0008716428 0.000757365 0.00071585394 0.00086794706 0.00095654 0.0007555053 0.00051450176 0.00074257853 0.0009965262 0.0006270173 0.00090019923 0.00064754667 0.0005496406 0.000602539 0.0006735375 0.0006297976 0.00086208683 0.00055654073 0.00050955423 0.0011255357 0.0006919853 0.0008213863 0.0007689337 0.0007306652 0.0011577486 0.00064560137 0.00073420175 0.00064197934 0.0007960867 0.00081825186 0.000710641 0.000755198 0.001047553 0.0013278287 0.0006942531 0.00064691174 0.0005637011 0.00070759613 0.000816484 0.0009875243 0.00061947276 0.0005782151 0.00060201663 0.00069198996 0.0007387287 0.0007750138 0.0007775206 0.0009261311 0.00091025076 0.00071876583 0.0010217826 0.0007287077 0.0005113349 0.00068149704 0.0010527454 0.0005811331 0.0009197609 0.00079402386 0.0011100576 0.00083559856 0.0007025845 0.0009346154 0.0005951306 0.0007368804 0.00059157965 0.0008344997 0.0007294378 0.0006066599 0.0006952502 0.0006371932 0.00066019915 0.00052122225 0.00058569125 0.0007100899 0.0007400485 0.00038079373 0.0007897633 0.00086643186 0.00093710946 0.00091840554 0.00081412814 0.0007735263 0.000732471 0.0009861144 0.00058155035 0.0007098934 0.0007112611 0.00062448764 0.00081278157 0.000717242 0.00078737864,
616,256,,,0.0042772684 0.0042772684 0.0042772684 0.0042772684 0.0042772684 0.0042772684 0.0042772684 0.0042772684 0.0042772684 0.0042772684 0.0042772684 0.0042772684 0.0042772684 0.0042772684 0.0042772684 0.0042772684 0.0042772684 0.0042772684 0.0042772684 0.0042772684 0.0042772684 0.0042772684 0.0042772684 0.0042772684 0.0042772684 0.0042772684 0.0042772684 0.0042772684 0.0042772684 0.0042772684 0.0042772684 0.0042772684 0.0042772684 0.0042772684 0.0042772684 0.0042772684 0.0042772684 0.0042772684 0.0042772684 0.0042772684 0.0042772684 0.0042772684 0.0042772684 0.0042772684 0.0042772684 0.0042772684 0.0042772684 0.0042772684 0.0042772684 0.0042772684 0.0042772684 0.0042772684 0.0042772684 0.0042772684 0.0042772684 0.0042772684 0.0042772684 0.0042772684 0.0042772684 0.0042772684 0.0042772684 0.0042772684 0.0042772684 0.0042772684 0.0042772684 0.0042772684 0.0042772684 0.0042772684 0.0042772684 0.0042772684 0.0042772684 0.0042772684 0.0042772684 0.0042772684 0.0042772684 0.0042772684 0.0042772684 0.0042772684 0.0042772684 0.0042772684 0.0042772684 0.0042772684 0.0042772684 0.0042772684 0.0042772684 0.0042772684 0.0042772684 0.0042772684 0.0042772684 0.0042772684 0.0042772684 0.0042772684 0.0042772684 0.0042772684 0.0042772684 0.0042772684 0.0042772684 0.0042772684 0.0042772684 0.0042772684 0.0042772684 0.0042772684 0.0042772684 0.0042772684 0.0042772684 0.0042772684 0.0042772684 0.0042772684 0.0042772684 0.0042772684 0.0042772684 0.0042772684 0.0042772684 0.0042772684 0.0042772684 0.0042772684 0.0042772684 0.0042772684 0.0042772684 0.0042772684 0.0042772684 0.0042772684 0.0042772684 0.0042772684 0.0042772684 0.0042772684 0.0042772684 0.0042772684 0.0042772684 0.0042772684 0.0042772684 0.0042772684 0.0042772684 0.0042772684 0.0042772684 0.0042772684 0.0042772684 0.0042772684 0.0042772684 0.0042772684 0.0042772684 0.0042772684 0.0042772684 0.0042772684 0.0042772684 0.0042772684 0.0042772684 0.0042772684 0.0042772684 0.0042772684 0.0042772684 0.0042772684 0.0042772684 0.0042772684 0.0042772684 0.0042772684 0.0042772684 0.0042772684 0.0042772684 0.0042772684 0.0042772684 0.0042772684 0.0042772684 0.0042772684 0.0042772684 0.0042772684 0.0042772684 0.0042772684 0.0042772684 0.0042772684 0.0042772684 0.0042772684 0.0042772684 0.0042772684 0.0042772684 0.0042772684 0.0042772684 0.0042772684 0.0042772684 0.0042772684 0.0042772684 0.0042772684 0.0042772684 0.0042772684 0.0042772684 0.0042772684 0.0042772684 0.0042772684 0.0042772684 0.0042772684 0.0042772684 0.0042772684 0.0042772684 0.0042772684 0.0042772684 0.0042772684 0.0042772684 0.0042772684 0.0042772684 0.0042772684 0.0042772684 0.0042772684 0.0042772684 0.0042772684 0.0042772684 0.0042772684 0.0042772684 0.0042772684 0.0042772684 0.0042772684 0.0042772684 0.0042772684 0.0042772684 0.0042772684 0.0042772684 0.0042772684 0.0042772684 0.0042772684 0.0042772684 0.0042772684 0.0042772684 0.0042772684 0.0042772684 0.0042772684 0.0042772684 0.0042772684 0.0042772684 0.0042772684 0.0042772684 0.0042772684 0.0042772684 0.0042772684 0.0042772684 0.0042772684 0.0042772684 0.0042772684 0.0042772684 0.0042772684 0.0042772684 0.0042772684 0.0042772684 0.0042772684 0.0042772684 0.0042772684 0.0042772684 0.0042772684 0.0042772684 0.0042772684 0.0042772684 0.0042772684 0.0042772684 0.0042772684 0.0042772684 0.0042772684 0.0042772684 0.0042772684,15 15 15 15 14 14 15 15 15 15 15 15 15 15 15 15 14 15 15 15 14 15 15 15 15 14 15 15 15 15 15 15 15 15 15 15 15 14 15 15 15 15 15 15 15 15 15 15 15 15 15 15 15 15 15 15 15 15 14 15 14 15 15 15 15 15 15 15 15 15 15 14 14 15 15 15 15 15 14 15 15 15 15 15 15 15 15 15 15 15 15 15 16 15 15 15 15 15 15 15 14 15 14 15 15 14 15 15 15 14 15 15 14 15 15 15 14 14 15 15 15 15 15 15 15 15 15 14 15 15 15 15 15 15 15 15 15 15 15 15 15 16 14 15 15 15 14 15 15 15 15 15 15 15 15 15 15 15 15 14 15 15 15 15 15 15 15 15 15 15 15 15 15 14 15 15 15 15 15 15 15 15 15 15 14 15 15 15 15 14 15 15 15 15 15 15 15 14 14 15 15 15 15 15 14 15 15 15 15 15 15 15 15 15 15 14 15 15 15 14 15 15 15 14 15 15 15 15 15 15 15 15 15 15 15 15 15 15 15 15 16 15 15 15 15 15 15 15 14 15 15 15 15 15 15 15
624,1x1x256x512,0.21037903 0.22997306 0.2435333 0.24599889 0.23419163 0.19940436 0.2127381 0.19445994 0.23874201 0.15394048 0.18529317 0.1828223 0.2527879 0.13283478 0.19222921 0.16287926 0.14082448 0.18352512 0.2117793 0.13368614 0.1363598 0.14649518 0.22913694 0.19298726 0.2580265 0.20270039 0.17995971 0.18504772 0.21653046 0.15920818 0.22079727 0.18084905 0.1711988 0.20090428 0.17171735 0.22384886 0.16220719 0.19047621 0.19625343 0.17912312 0.21054 0.21650171 0.20031512 0.14200947 0.19428855 0.14952695 0.15268268 0.22741483 0.18072501 0.18792988 0.23205288 0.20939887 0.18188052 0.1866805 0.17146297 0.1741689 0.1677857 0.14652297 0.19155146 0.1615164 0.19001767 0.19077697 0.202435 0.15854022 0.14754732 0.16893676 0.1823388 0.191808 0.22670425 0.16337782 0.22763823 0.22133277 0.15260662 0.2072411 0.17890917 0.19848129 0.22496481 0.18513694 0.24504681 0.23884621 0.20100495 0.15654962 0.17319909 0.10957963 0.14696006 0.20893718 0.18092062 0.17907098 0.24427369 0.1910917 0.21147358 0.17373057 0.22400637 0.3352996 0.18909962 0.19105633 0.17011641 0.3058359 0.26467752 0.22767039 0.22194335 0.2482509 0.1988231 0.16403456 0.15925717 0.1916607 0.18819033 0.16597597 0.20652995 0.24829385 0.19006653 0.18032232 0.24919046 0.17269474 0.20791481 0.24035244 0.21916606 0.25114518 0.16816545 0.22126752 0.28631237 0.23037775 0.19739138 0.17753859 0.19142202 0.19937935 0.19250627 0.15345904 0.17045218 0.21986414 0.15909411 0.22581635 0.18663222 0.25031292 0.20719866 0.19232737 0.2027295 0.24958466 0.24232398 0.18604243 0.19689558 0.17527144 0.17759238 0.15931368 0.18068683 0.31792924 0.21300745 0.2310479 0.16342835 0.19741517 0.22789931 0.21780284 0.17489278 0.17781675 0.18799077 0.20378159 0.17920446 0.20756626 0.15550166 0.25393334 0.1796357 0.15896025 0.22364487 0.2209912 0.16025077 0.17984882 0.21047232 0.2328223 0.2107644 0.2306365 0.21704414 0.20034854 0.19562395 0.17913473 0.22548586 0.16933659 0.21841198 0.2032778 0.1624094 0.25135744 0.2751083 0.21752733 0.19032335 0.23922709 0.2283424 0.16617393 0.21505272 0.16992936 0.17511696 0.26838735 0.20487408 0.18511368 0.23371142 0.19303274 0.2073839 0.33804718 0.1491554 0.27162856 0.22828808 0.20414393 0.13281554 0.17663248 0.12015735 0.17555323 0.26823422 0.17168015 0.17746887 0.18328518 0.25604865 0.21561092 0.19448537 0.24055502 0.16213611 0.2184709 0.21911293 0.19563062 0.13962604 0.22303306 0.25919542 0.1566737 0.176005 0.22952269 0.23669283 0.17303431 0.28714988 0.13557138 0.23004732 0.2535565 0.24026424 0.2591378 0.26641327 0.19956335 0.22437342 0.1783874 0.2262622 0.1542432 0.16082199 0.23817287 0.21445708 0.18481416 0.18659174 0.16839541 0.1859116 0.18364698 0.17576449 0.20114556 0.1607378 0.20338336 0.22218427 0.21814647 0.1658342 0.26986617 0.17269924 0.2514086 0.15846126 0.1696886 0.18190226 0.16153172 0.23101948 0.18480973 0.15157373 0.16554347 0.186903 0.1551648 0.17857362 0.1750975 0.1806315 0.25298572 0.15211824 0.14045715 0.17544092 0.15326862 0.19800065 0.17904644 0.15103136 0.16897558 0.16957279 0.14613079 0.15790744 0.18489687 0.14937355 0.14823432 0.17935841 0.16947559 0.27597076 0.16354118 0.20367809 0.1762102 0.17031895 0.21775377 0.18172354 0.20379403 0.16257782 0.17504236 0.16298266 0.18500686 0.17003965 0.21265179 0.196032 0.1874876 0.17743607 0.15629897 0.15646419 0.2150393 0.19711532 0.17081109 0.1793184 0.18187577 0.1940111 0.21009052 0.2015356 0.16523756 0.16508621 0.14018108 0.17594382 0.12117967 0.16739939 0.21682589 0.19805352 0.18562397 0.22166102 0.15408131 0.18757282 0.19961274 0.15835853 0.15027973 0.17360428 0.19928753 0.2912579 0.22791345 0.21280509 0.19305721 0.1824292 0.19074783 0.20324579 0.19131853 0.19510327 0.23101313 0.25136915 0.20778334 0.18662006 0.25267285 0.1813099 0.1995912 0.124010324 0.16197182 0.17571102 0.21495846 0.24374044 0.19660963 0.14528157 0.1939415 0.15896837 0.20614429 0.1508967 0.17429806 0.1390184 0.15215003 0.17374837 0.24113046 0.18253063 0.26394045 0.24894802 0.16138369 0.17136945 0.1551292 0.20110701 0.1945399 0.183367 0.14610185 0.24202739 0.18257466 0.20947531 0.1617689 0.14422794 0.16937059 0.17281105 0.3234391 0.24008133 0.13710351 0.20757365 0.21864332 0.2061609 0.19592986 0.1497573 0.19404063 0.19072923 0.15890321 0.16881435 0.1427778 0.20528354 0.14929578 0.17541541 0.20933357 0.23144546 0.17110261 0.17086858 0.20938927 0.23359941 0.16747281 0.14392667 0.17042476 0.15506873 0.1686682 0.21869797 0.21104278 0.16058289 0.17769985 0.23502746 0.22350542 0.23773612 0.18748267 0.25951326 0.15587446 0.19915105 0.1562837 0.14289168 0.16609667 0.2179747 0.19819112 0.18030486 0.27262217 0.22021964 0.120337375 0.2029845 0.14191951 0.21485804 0.1508426 0.16416678 0.20239118 0.18534108 0.18346134 0.13154526 0.1948228 0.21296217 0.18373136 0.18082525 0.20689648 0.17581278 0.21247934 0.17886023 0.1659323 0.15525804 0.1622055 0.21551356 0.18583654 0.24096753 0.18284519 0.19764104 0.23698924 0.19328468 0.19498299 0.22653338 0.1778055 0.18111461 0.23217893 0.17195609 0.22292274 0.22098982 0.267253 0.23214513 0.2120345 0.1663285 0.15238199 0.22774372 0.26687017 0.22877815 0.25158438 0.22493339 0.19785967 0.21336098 0.15310112 0.15245439 0.23128761 0.22145048 0.33707562 0.25989437 0.17581429 0.1609464 0.19976068 0.2527496 0.25581488 0.23829213 0.25192994 0.18099171 0.18032792 0.15617217 0.2691559 0.17959021 0.21195209 0.21894579 0.15571399 0.18356633 0.15786485 0.20712495 0.25949854 0.24569015 0.20152666 0.19748528 0.24910845 0.23653202 0.1901902 0.17373042 0.19305147 0.2148257 0.24859163 0.19576398 0.2428894 0.23375244 0.17628096 0.23767105 0.18957412,0.21035336 0.22994499 0.24350359 0.24596888 0.23416305 0.19938003 0.21271212 0.19443622 0.23871286 0.1539217 0.18527056 0.18279998 0.25275704 0.13281856 0.19220574 0.16285938 0.14080729 0.18350272 0.21175344 0.13366982 0.13634315 0.1464773 0.22910899 0.19296372 0.25799504 0.20267566 0.17993775 0.18502514 0.21650402 0.15918875 0.22077031 0.18082698 0.17117791 0.20087975 0.17169638 0.22382154 0.16218738 0.19045296 0.19622947 0.17910126 0.21051429 0.2164753 0.20029068 0.14199214 0.19426484 0.14950871 0.15266404 0.22738709 0.18070295 0.18790695 0.23202457 0.20937331 0.18185833 0.18665771 0.17144203 0.17414764 0.16776523 0.14650509 0.19152808 0.16149668 0.18999448 0.19075368 0.2024103 0.15852086 0.1475293 0.16891615 0.18231654 0.19178459 0.2266766 0.16335788 0.22761044 0.22130577 0.152588 0.2072158 0.17888732 0.19845708 0.22493735 0.18511434 0.2450169 0.23881707 0.20098042 0.15653051 0.17317796 0.10956626 0.14694214 0.20891169 0.18089855 0.17904913 0.24424389 0.19106838 0.21144778 0.17370936 0.22397904 0.3352587 0.18907656 0.191033 0.17009564 0.30579856 0.26464522 0.22764261 0.22191627 0.24822061 0.19879882 0.16401453 0.15923773 0.19163732 0.18816735 0.1659557 0.20650473 0.24826355 0.19004335 0.18030031 0.24916005 0.17267366 0.20788944 0.2403231 0.21913931 0.25111452 0.16814491 0.22124052 0.2862774 0.23034963 0.1973673 0.17751692 0.19139867 0.19935502 0.19248278 0.15344031 0.17043138 0.21983732 0.1590747 0.22578879 0.18660945 0.25028238 0.20717338 0.1923039 0.20270474 0.2495542 0.24229442 0.18601973 0.19687156 0.17525004 0.1775707 0.15929423 0.18066478 0.31789044 0.21298146 0.23101969 0.1634084 0.19739108 0.22787149 0.21777625 0.17487143 0.17779504 0.18796784 0.20375672 0.1791826 0.20754093 0.1554827 0.25390235 0.17961378 0.15894085 0.22361758 0.22096422 0.1602312 0.17982687 0.21044663 0.23279388 0.21073867 0.23060836 0.21701767 0.20032409 0.19560008 0.17911287 0.22545835 0.16931592 0.21838532 0.20325299 0.16238958 0.25132674 0.27507475 0.21750079 0.19030014 0.23919788 0.22831453 0.16615365 0.21502647 0.16990863 0.17509559 0.2683546 0.20484908 0.1850911 0.2336829 0.19300918 0.20735858 0.3380059 0.1491372 0.2715954 0.22826023 0.20411901 0.13279933 0.17661093 0.12014269 0.1755318 0.26820147 0.1716592 0.1774472 0.18326281 0.25601742 0.2155846 0.19446163 0.24052566 0.16211632 0.21844423 0.2190862 0.19560675 0.13960901 0.22300585 0.25916377 0.15665458 0.17598352 0.22949468 0.23666395 0.1730132 0.28711483 0.13555482 0.23001924 0.25352553 0.24023491 0.2591062 0.26638076 0.19953899 0.22434604 0.17836563 0.22623459 0.15422437 0.16080236 0.23814382 0.2144309 0.18479161 0.18656898 0.16837487 0.18588892 0.18362457 0.17574304 0.201121 0.16071817 0.20335855 0.22215717 0.21811986 0.16581397 0.26983324 0.17267816 0.25137794 0.15844192 0.1696679 0.18188006 0.161512 0.23099129 0.18478718 0.15155523 0.16552326 0.1868802 0.15514585 0.17855184 0.17507613 0.18060945 0.25295484 0.15209967 0.14044 0.17541951 0.1532499 0.1979765 0.17902458 0.15101293 0.16895495 0.16955209 0.14611295 0.15788816 0.1848743 0.1493553 0.14821623 0.17933652 0.1694549 0.27593708 0.16352122 0.20365323 0.17618869 0.17029816 0.21772718 0.18170135 0.20376916 0.16255799 0.17502101 0.16296276 0.18498428 0.17001891 0.21262585 0.19600809 0.18746473 0.17741442 0.15627989 0.15644509 0.21501306 0.19709125 0.17079024 0.17929652 0.18185358 0.19398743 0.21006489 0.20151101 0.16521738 0.16506606 0.14016397 0.17592235 0.12116488 0.16737896 0.21679942 0.19802935 0.18560131 0.22163396 0.15406251 0.18754993 0.19958837 0.1583392 0.15026139 0.17358309 0.19926322 0.29122236 0.22788565 0.21277912 0.19303365 0.18240693 0.19072455 0.203221 0.19129518 0.19507946 0.23098494 0.25133845 0.207758 0.18659727 0.25264204 0.18128777 0.19956686 0.123995185 0.16195206 0.17568958 0.21493223 0.2437107 0.19658564 0.14526384 0.19391783 0.15894897 0.20611912 0.15087828 0.1742768 0.13900144 0.15213147 0.17372717 0.24110103 0.18250835 0.26390824 0.24891764 0.161364 0.17134854 0.15511027 0.20108247 0.19451615 0.18334462 0.14608403 0.24199785 0.18255237 0.20944975 0.16174915 0.14421034 0.16934992 0.17278995 0.3233996 0.24005201 0.13708678 0.20754832 0.21861665 0.20613573 0.19590595 0.14973903 0.19401695 0.19070596 0.15888381 0.16879375 0.14276037 0.20525847 0.14927757 0.17539401 0.20930801 0.23141722 0.17108172 0.17084771 0.20936371 0.2335709 0.16745238 0.1439091 0.17040396 0.1550498 0.1686476 0.21867128 0.21101701 0.16056329 0.17767815 0.23499878 0.22347815 0.23770711 0.18745978 0.2594816 0.15585545 0.19912675 0.15626463 0.14287423 0.16607639 0.2179481 0.19816694 0.18028286 0.27258888 0.22019278 0.12032269 0.20295972 0.14190218 0.21483183 0.15082419 0.16414675 0.20236649 0.18531846 0.18343896 0.1315292 0.19479904 0.21293618 0.18370894 0.18080318 0.20687123 0.17579132 0.21245341 0.1788384 0.16591205 0.1552391 0.1621857 0.21548726 0.18581386 0.24093813 0.18282288 0.19761693 0.23696032 0.19326109 0.1949592 0.22650573 0.1777838 0.1810925 0.2321506 0.1719351 0.22289555 0.22096285 0.26722038 0.23211679 0.21200863 0.16630821 0.15236339 0.22771592 0.2668376 0.22875024 0.25155368 0.22490594 0.19783552 0.21333493 0.15308243 0.1524358 0.23125939 0.22142346 0.33703446 0.25986263 0.17579283 0.16092676 0.1997363 0.25271875 0.25578368 0.23826306 0.2518992 0.18096961 0.18030591 0.15615311 0.26912305 0.17956829 0.21192622 0.21891907 0.15569498 0.18354392 0.15784559 0.20709966 0.2594669 0.24566017 0.20150207 0.19746117 0.24907805 0.23650315 0.190167 0.17370921 0.19302791 0.21479948 0.2485613 0.19574007 0.24285975 0.23372391 0.17625946 0.23764205 0.189551,0.0016563257 0.0018105905 0.001917351 0.0019367628 0.0018438036 0.0015699215 0.0016748987 0.0015309938 0.0018796289 0.0012119819 0.0014588233 0.0014393699 0.0019902128 0.0010458154 0.0015134311 0.0012823574 0.0011087188 0.0014449033 0.00166735 0.0010525183 0.0010735681 0.0011533645 0.0018040078 0.0015193993 0.002031457 0.0015958713 0.0014168327 0.0014568908 0.001704756 0.0012534547 0.001738349 0.0014238345 0.0013478575 0.0015817303 0.00135194 0.0017623743 0.001277066 0.0014996296 0.001545114 0.0014102461 0.0016575928 0.0017045299 0.001577092 0.0011180483 0.0015296445 0.001177234 0.001202079 0.0017904495 0.0014228579 0.0014795823 0.0018269651 0.0016486087 0.0014319554 0.0014697458 0.0013499373 0.0013712412 0.0013209861 0.0011535834 0.0015080952 0.0012716274 0.0014960195 0.0015019975 0.0015937819 0.0012481958 0.0011616481 0.0013300484 0.0014355633 0.0015101149 0.0017848552 0.0012862826 0.0017922082 0.0017425652 0.0012014803 0.0016316205 0.0014085616 0.0015626542 0.0017711603 0.0014575932 0.001929267 0.0018804494 0.001582523 0.0012325237 0.001363606 0.0008627264 0.0011570248 0.0016449739 0.001424398 0.0014098356 0.0019231802 0.0015044755 0.0016649431 0.0013677903 0.0017636145 0.0026398322 0.0014887918 0.0015041969 0.0013393357 0.0024078626 0.0020838205 0.0017924615 0.0017473722 0.0019544929 0.0015653451 0.001291453 0.0012538404 0.0015089553 0.0014816327 0.0013067379 0.0016260215 0.0019548312 0.0014964043 0.0014196875 0.0019618901 0.0013596351 0.0016369247 0.0018923079 0.0017255064 0.0019772795 0.0013239757 0.0017420513 0.002254153 0.0018137766 0.0015540732 0.0013977711 0.0015070761 0.0015697245 0.0015156125 0.0012081914 0.0013419794 0.0017310026 0.0012525567 0.0017778644 0.0014693657 0.0019707275 0.0016312865 0.001514204 0.0015961003 0.0019649938 0.00190783 0.0014647223 0.0015501698 0.0013799216 0.0013981945 0.0012542853 0.0014225573 0.0025030742 0.0016770194 0.0018190527 0.0012866803 0.0015542605 0.0017942637 0.0017147737 0.0013769404 0.001399961 0.0014800617 0.0016043836 0.0014108866 0.0016341805 0.0012242732 0.001999231 0.0014142818 0.0012515028 0.0017607684 0.0017398758 0.001261663 0.0014159596 0.00165706 0.0018330227 0.0016593597 0.0018158138 0.0017088006 0.0015773551 0.0015401581 0.0014103375 0.0017752626 0.0013331962 0.0017195694 0.0016004172 0.001278658 0.0019789508 0.002165943 0.0017126047 0.0014984263 0.0018834479 0.0017977522 0.0013082965 0.0016931217 0.0013378632 0.0013787054 0.0021130282 0.0016129849 0.0014574102 0.0018400229 0.0015197573 0.0016327448 0.0026614638 0.0011743087 0.0021385464 0.0017973246 0.0016072363 0.001045664 0.0013906372 0.00094600546 0.0013821402 0.0021118226 0.0013516473 0.001397222 0.0014430142 0.0020158852 0.0016975165 0.001531194 0.0018939029 0.0012765065 0.0017200332 0.0017250882 0.0015402107 0.0010992836 0.0017559516 0.0020406595 0.0012335007 0.001385697 0.0018070447 0.0018634957 0.0013623086 0.0022607467 0.0010673607 0.0018111751 0.001996264 0.0018916135 0.0020402062 0.0020974863 0.0015711732 0.0017665043 0.0014044538 0.0017813747 0.0012143651 0.0012661604 0.0018751482 0.0016884323 0.001455052 0.001469047 0.0013257863 0.0014636923 0.0014458627 0.0013838034 0.00158363 0.0012654974 0.0016012484 0.001749269 0.0017174792 0.0013056218 0.0021246711 0.0013596705 0.0019793538 0.0012475741 0.0013359677 0.0014321264 0.0012717481 0.0018188291 0.0014550172 0.0011933482 0.0013033327 0.0014714977 0.001221621 0.00140592 0.0013785522 0.0014221217 0.0019917705 0.0011976352 0.0011058268 0.001381256 0.0012066922 0.0015588701 0.0014096423 0.0011890782 0.001330354 0.0013350558 0.0011504956 0.0012432139 0.0014557032 0.0011760261 0.001167057 0.0014120985 0.0013342906 0.002172733 0.0012875686 0.0016035688 0.0013873125 0.0013409304 0.0017143873 0.0014307193 0.0016044816 0.0012799841 0.0013781182 0.0012831714 0.0014565692 0.0013387316 0.0016742193 0.0015433708 0.0014761002 0.001396964 0.0012305503 0.001231851 0.0016930162 0.0015518996 0.001344805 0.0014117836 0.0014319179 0.0015274601 0.0016540543 0.0015867009 0.0013009243 0.0012997328 0.0011036533 0.0013852153 0.0009540542 0.0013179446 0.001707082 0.0015592863 0.0014614277 0.0017451493 0.0012130906 0.0014767711 0.001571562 0.0012467654 0.0011831606 0.001366796 0.0015690017 0.0022930894 0.0017943751 0.0016754261 0.00151995 0.0014362751 0.0015017681 0.0016001653 0.0015062612 0.0015360587 0.001818779 0.001979043 0.0016358898 0.0014692699 0.0019893073 0.0014274627 0.0015713925 0.00097634003 0.0012752131 0.0013833825 0.0016923798 0.0019189819 0.0015479184 0.0011438098 0.001526912 0.0012515667 0.0016229852 0.001188018 0.0013722583 0.0010944996 0.0011978856 0.0013679304 0.0018984333 0.0014370736 0.0020780177 0.0019599814 0.0012705827 0.0013492011 0.0012213407 0.0015833265 0.0015316232 0.0014436584 0.0011502679 0.001905495 0.0014374203 0.0016492107 0.0012736154 0.0011355145 0.0013334639 0.0013605508 0.0025464536 0.0018901733 0.0010794235 0.0016342388 0.001721391 0.001623116 0.0015425666 0.0011790475 0.0015276925 0.0015016217 0.0012510536 0.0013290846 0.0011240974 0.0016162085 0.001175414 0.0013810552 0.0016480946 0.0018221829 0.0013471001 0.0013452576 0.0016485332 0.001839141 0.0013185227 0.0011331425 0.0013417634 0.0012208646 0.0013279339 0.001721821 0.0016615513 0.0012642778 0.0013990406 0.001850384 0.0017596704 0.0018717095 0.0014760613 0.0020431622 0.0012272083 0.0015679272 0.0012304302 0.0011249939 0.0013076881 0.0017161267 0.0015603696 0.00141955 0.002146369 0.0017338013 0.00094742276 0.001598108 0.0011173399 0.0016915892 0.001187592 0.0012924941 0.0015934369 0.0014592004 0.0014444012 0.001035663 0.0015338507 0.0016766628 0.0014465271 0.001423647 0.0016289073 0.0013841836 0.0016728615 0.0014081764 0.0013063941 0.0012223552 0.0012770528 0.00169675 0.0014631012 0.0018971507 0.0014395503 0.0015560389 0.0018658293 0.0015217408 0.0015351118 0.0017835096 0.0013998725 0.0014259252 0.0018279575 0.0013538196 0.0017550831 0.0017398649 0.0021040975 0.0018276912 0.0016693593 0.0013095135 0.0011997117 0.0017930388 0.0021010835 0.001801183 0.0019807378 0.0017709129 0.00155776 0.0016798027 0.0012053734 0.0012002819 0.0018209401 0.0017434919 0.0026538146 0.0020461625 0.0013841955 0.0012671398 0.0015727268 0.0019899113 0.0020140447 0.001876087 0.0019834584 0.0014249575 0.0014197316 0.0012295521 0.002119079 0.0014139236 0.0016687104 0.0017237721 0.0012259447 0.0014452278 0.0012428786 0.001630706 0.0020430463 0.0019343321 0.0015866305 0.0015548124 0.0019612445 0.0018622295 0.0014973779 0.0013677891 0.0015199048 0.0016913345 0.0019571756 0.0015412604 0.0019122815 0.0018403458 0.0013878697 0.0018711973 0.0014925275,
625,512,,,0.004594058 0.004594058 0.004594058 0.004594058 0.004594058 0.004594058 0.004594058 0.004594058 0.004594058 0.004594058 0.004594058 0.004594058 0.004594058 0.004594058 0.004594058 0.004594058 0.004594058 0.004594058 0.004594058 0.004594058 0.004594058 0.004594058 0.004594058 0.004594058 0.004594058 0.004594058 0.004594058 0.004594058 0.004594058 0.004594058 0.004594058 0.004594058 0.004594058 0.004594058 0.004594058 0.004594058 0.004594058 0.004594058 0.004594058 0.004594058 0.004594058 0.004594058 0.004594058 0.004594058 0.004594058 0.004594058 0.004594058 0.004594058 0.004594058 0.004594058 0.004594058 0.004594058 0.004594058 0.004594058 0.004594058 0.004594058 0.004594058 0.004594058 0.004594058 0.004594058 0.004594058 0.004594058 0.004594058 0.004594058 0.004594058 0.004594058 0.004594058 0.004594058 0.004594058 0.004594058 0.004594058 0.004594058 0.004594058 0.004594058 0.004594058 0.004594058 0.004594058 0.004594058 0.004594058 0.004594058 0.004594058 0.004594058 0.004594058 0.004594058 0.004594058 0.004594058 0.004594058 0.004594058 0.004594058 0.004594058 0.004594058 0.004594058 0.004594058 0.004594058 0.004594058 0.004594058 0.004594058 0.004594058 0.004594058 0.004594058 0.004594058 0.004594058 0.004594058 0.004594058 0.004594058 0.004594058 0.004594058 0.004594058 0.004594058 0.004594058 0.004594058 0.004594058 0.004594058 0.004594058 0.004594058 0.004594058 0.004594058 0.004594058 0.004594058 0.004594058 0.004594058 0.004594058 0.004594058 0.004594058 0.004594058 0.004594058 0.004594058 0.004594058 0.004594058 0.004594058 0.004594058 0.004594058 0.004594058 0.004594058 0.004594058 0.004594058 0.004594058 0.004594058 0.004594058 0.004594058 0.004594058 0.004594058 0.004594058 0.004594058 0.004594058 0.004594058 0.004594058 0.004594058 0.004594058 0.004594058 0.004594058 0.004594058 0.004594058 0.004594058 0.004594058 0.004594058 0.004594058 0.004594058 0.004594058 0.004594058 0.004594058 0.004594058 0.004594058 0.004594058 0.004594058 0.004594058 0.004594058 0.004594058 0.004594058 0.004594058 0.004594058 0.004594058 0.004594058 0.004594058 0.004594058 0.004594058 0.004594058 0.004594058 0.004594058 0.004594058 0.004594058 0.004594058 0.004594058 0.004594058 0.004594058 0.004594058 0.004594058 0.004594058 0.004594058 0.004594058 0.004594058 0.004594058 0.004594058 0.004594058 0.004594058 0.004594058 0.004594058 0.004594058 0.004594058 0.004594058 0.004594058 0.004594058 0.004594058 0.004594058 0.004594058 0.004594058 0.004594058 0.004594058 0.004594058 0.004594058 0.004594058 0.004594058 0.004594058 0.004594058 0.004594058 0.004594058 0.004594058 0.004594058 0.004594058 0.004594058 0.004594058 0.004594058 0.004594058 0.004594058 0.004594058 0.004594058 0.004594058 0.004594058 0.004594058 0.004594058 0.004594058 0.004594058 0.004594058 0.004594058 0.004594058 0.004594058 0.004594058 0.004594058 0.004594058 0.004594058 0.004594058 0.004594058 0.004594058 0.004594058 0.004594058 0.004594058 0.004594058 0.004594058 0.004594058 0.004594058 0.004594058 0.004594058 0.004594058 0.004594058 0.004594058 0.004594058 0.004594058 0.004594058 0.004594058 0.004594058 0.004594058 0.004594058 0.004594058 0.004594058 0.004594058 0.004594058 0.004594058 0.004594058 0.004594058 0.004594058 0.004594058 0.004594058 0.004594058 0.004594058 0.004594058 0.004594058 0.004594058 0.004594058 0.004594058 0.004594058 0.004594058 0.004594058 0.004594058 0.004594058 0.004594058 0.004594058 0.004594058 0.004594058 0.004594058 0.004594058 0.004594058 0.004594058 0.004594058 0.004594058 0.004594058 0.004594058 0.004594058 0.004594058 0.004594058 0.004594058 0.004594058 0.004594058 0.004594058 0.004594058 0.004594058 0.004594058 0.004594058 0.004594058 0.004594058 0.004594058 0.004594058 0.004594058 0.004594058 0.004594058 0.004594058 0.004594058 0.004594058 0.004594058 0.004594058 0.004594058 0.004594058 0.004594058 0.004594058 0.004594058 0.004594058 0.004594058 0.004594058 0.004594058 0.004594058 0.004594058 0.004594058 0.004594058 0.004594058 0.004594058 0.004594058 0.004594058 0.004594058 0.004594058 0.004594058 0.004594058 0.004594058 0.004594058 0.004594058 0.004594058 0.004594058 0.004594058 0.004594058 0.004594058 0.004594058 0.004594058 0.004594058 0.004594058 0.004594058 0.004594058 0.004594058 0.004594058 0.004594058 0.004594058 0.004594058 0.004594058 0.004594058 0.004594058 0.004594058 0.004594058 0.004594058 0.004594058 0.004594058 0.004594058 0.004594058 0.004594058 0.004594058 0.004594058 0.004594058 0.004594058 0.004594058 0.004594058 0.004594058 0.004594058 0.004594058 0.004594058 0.004594058 0.004594058 0.004594058 0.004594058 0.004594058 0.004594058 0.004594058 0.004594058 0.004594058 0.004594058 0.004594058 0.004594058 0.004594058 0.004594058 0.004594058 0.004594058 0.004594058 0.004594058 0.004594058 0.004594058 0.004594058 0.004594058 0.004594058 0.004594058 0.004594058 0.004594058 0.004594058 0.004594058 0.004594058 0.004594058 0.004594058 0.004594058 0.004594058 0.004594058 0.004594058 0.004594058 0.004594058 0.004594058 0.004594058 0.004594058 0.004594058 0.004594058 0.004594058 0.004594058 0.004594058 0.004594058 0.004594058 0.004594058 0.004594058 0.004594058 0.004594058 0.004594058 0.004594058 0.004594058 0.004594058 0.004594058 0.004594058 0.004594058 0.004594058 0.004594058 0.004594058 0.004594058 0.004594058 0.004594058 0.004594058 0.004594058 0.004594058 0.004594058 0.004594058 0.004594058 0.004594058 0.004594058 0.004594058 0.004594058 0.004594058 0.004594058 0.004594058 0.004594058 0.004594058 0.004594058 0.004594058 0.004594058 0.004594058 0.004594058 0.004594058 0.004594058 0.004594058 0.004594058 0.004594058 0.004594058 0.004594058 0.004594058 0.004594058 0.004594058 0.004594058 0.004594058 0.004594058 0.004594058 0.004594058 0.004594058 0.004594058 0.004594058 0.004594058 0.004594058 0.004594058 0.004594058 0.004594058 0.004594058 0.004594058 0.004594058 0.004594058 0.004594058 0.004594058 0.004594058 0.004594058 0.004594058 0.004594058 0.004594058 0.004594058 0.004594058 0.004594058 0.004594058 0.004594058 0.004594058 0.004594058 0.004594058 0.004594058 0.004594058 0.004594058 0.004594058 0.004594058 0.004594058,15 15 15 15 15 15 15 15 15 15 15 15 14 15 15 15 15 15 15 15 15 15 15 15 14 15 15 15 15 15 15 15 15 15 15 15 15 15 15 15 15 15 15 15 15 15 15 15 15 15 15 15 15 15 15 15 15 15 15 15 15 15 15 15 15 15 15 15 15 15 15 15 15 15 15 15 15 15 15 15 15 15 15 16 15 15 15 15 15 15 15 15 15 14 15 15 15 14 14 15 15 14 15 15 15 15 15 15 15 14 15 15 14 15 15 15 15 14 15 15 14 15 15 15 15 15 15 15 15 15 15 15 15 14 15 15 15 14 15 15 15 15 15 15 15 14 15 15 15 15 15 15 15 15 15 15 15 15 15 14 15 15 15 15 15 15 15 15 15 15 15 15 15 15 15 15 15 15 15 14 14 15 15 15 15 15 15 15 15 14 15 15 15 15 15 14 15 14 15 15 15 15 16 15 14 15 15 15 14 15 15 15 15 15 15 15 15 15 14 15 15 15 15 15 14 15 15 14 15 14 14 15 15 15 15 15 15 15 15 15 15 15 15 15 15 15 15 15 15 15 15 14 15 14 15 15 15 15 15 15 15 15 15 15 15 15 15 14 15 15 15 15 15 15 15 15 15 15 15 15 15 15 15 15 14 15 15 15 15 15 15 15 15 15 15 15 15 15 15 15 15 15 15 15 15 15 15 15 15 15 15 15 15 15 15 16 15 15 15 15 15 15 15 15 15 15 15 15 14 15 15 15 15 15 15 15 15 15 14 15 15 14 15 15 15 15 15 15 15 15 15 15 15 15 15 15 15 15 15 15 15 14 14 15 15 15 15 15 15 15 15 15 15 15 15 15 15 14 15 15 15 15 15 15 15 15 15 15 15 15 15 15 15 15 15 15 15 15 15 15 15 15 15 15 15 15 15 15 15 15 15 15 14 15 15 15 15 15 15 15 15 14 15 16 15 15 15 15 15 15 15 15 15 15 15 15 15 15 15 15 15 15 15 15 15 15 15 15 15 15 15 15 15 15 15 15 15 15 15 14 15 15 15 15 15 14 15 14 15 15 15 15 15 15 15 14 14 15 15 15 14 14 15 14 15 15 15 14 15 15 15 15 15 15 15 14 15 15 15 14 15 15 15 15 15 14 15 15 15 15 15 15
636,1x1x1x400,1.0519496,1.0518212,,
657,3x3x1x256,0.7657928 0.34156877 0.43145072 0.65459853 1.2088319 1.1117092 0.892245 1.1976516 0.38724872 1.3820568 0.47571233 0.5928682 0.96841043 0.54335934 1.0574081 1.4859741 0.98236257 0.63402736 0.22838052 0.6964304 0.76518285 1.3198268 0.5279692 0.9565227 1.3656418 0.76841664 0.65411526 0.5916744 0.55153865 1.4630227 0.6671823 1.6139767 0.924844 1.1794184 0.4653595 0.667983 0.9378068 0.88333213 0.3715238 0.87385213 0.59313303 1.0770082 0.7133903 0.6608979 0.94466364 1.1779193 1.1790777 0.9741766 0.7322056 0.4203587 0.89921147 0.94049305 0.6394783 0.57427806 0.59755737 0.89236146 0.69956416 0.8273599 0.46711808 0.45037335 0.6224621 0.56831354 0.8750033 0.3285484 0.8348523 0.54826665 0.57357144 0.5873481 0.916511 0.9285216 0.24870346 1.4026176 1.0248822 0.56625247 0.28966546 0.7585711 1.1794131 0.7535091 0.69968027 0.5794678 0.7863868 0.53476334 0.50012255 0.69838595 0.7422596 0.548463 0.540368 0.6651896 0.7258155 0.9956788 1.0997889 0.7985569 1.0142792 0.6022509 1.1019408 1.0331732 1.3487023 0.40291443 0.45363253 0.8666996 0.76844496 0.8684614 0.8405898 0.680831 0.77002645 0.3906303 1.3767581 0.34087288 1.0844947 1.8929278 0.48996308 0.58781856 0.46462408 0.5152762 1.5159116 0.33985022 0.793753 0.7063927 0.5941754 1.286348 0.5765401 0.36040705 0.4593307 1.2876608 0.9165214 1.1311522 0.5587005 0.49911112 0.71986717 0.66564035 1.0102228 0.9561416 0.698996 0.9465475 0.86828333 0.31469765 0.71544695 0.758822 0.6695556 0.7203774 0.46692967 0.8131199 0.75352204 0.31883544 0.9091017 0.73876256 1.4266596 1.1396922 0.59432554 0.73119336 0.32305342 1.303702 0.54199374 1.2700273 0.7451056 0.3696609 0.78208333 1.2571589 0.74225307 0.8193251 0.4412588 0.9217113 0.38069314 0.6998946 0.38975695 1.2819191 1.0570756 0.92463195 0.8386755 0.9987943 0.8766619 0.44274423 0.69888926 0.76858926 0.5669812 1.2842671 0.96567494 0.44096157 0.4710879 0.44931933 0.4699693 0.4141271 0.51516783 0.5690932 1.0185686 0.5423579 0.9575017 0.34402165 0.5609233 0.59551215 0.921302 0.52403235 0.42394367 0.6557612 0.659289 1.4068244 0.77917737 0.47428152 0.7518445 0.44336152 0.8216455 1.2523571 0.65008885 0.59896296 0.5730146 0.9738107 0.8707102 0.7233265 0.9301497 1.0788873 0.83309966 0.9274437 0.5272469 1.1386479 0.49728927 0.72204214 0.5214232 0.5394285 0.7387613 1.2770174 0.8891966 0.28225997 0.48297673 0.54378176 0.7807442 0.63246745 0.6514857 1.0309368 0.2455242 1.1028663 0.6526806 0.71295637 0.5245609 1.2835714 0.8024038 0.7332318 0.23363024 0.3809098 0.58756435 0.7282317 1.1626894 0.4100421 0.5163547 0.5946208 0.64389724 0.43407544 0.51948357 1.0911549 0.6999533 0.8375246 0.6013974 1.0362971 1.3151503 0.48696083 1.4883462 1.1548561,0.7656993 0.3415271 0.43139806 0.6545186 1.2086844 1.1115736 0.8921361 1.1975055 0.38720146 1.3818882 0.47565427 0.59279585 0.96829224 0.54329306 1.0572791 1.4857926 0.98224264 0.63395 0.22835264 0.6963454 0.7650895 1.3196658 0.52790475 0.95640594 1.3654752 0.7683228 0.6540354 0.59160215 0.5514713 1.4628441 0.6671009 1.6137797 0.9247312 1.1792744 0.46530274 0.6679015 0.93769234 0.88322437 0.37147844 0.8737455 0.5930606 1.0768769 0.71330327 0.66081727 0.94454837 1.1777755 1.1789339 0.97405773 0.7321163 0.42030737 0.89910173 0.9403783 0.63940024 0.57420796 0.5974844 0.89225256 0.69947875 0.82725894 0.46706107 0.45031837 0.6223861 0.5682442 0.8748965 0.3285083 0.83475035 0.5481998 0.5735014 0.58727646 0.9163992 0.92840827 0.24867311 1.4024464 1.0247571 0.5661833 0.28963012 0.7584785 1.1792691 0.75341713 0.6995949 0.579397 0.7862908 0.53469807 0.5000615 0.6983007 0.742169 0.54839605 0.54030204 0.66510844 0.7257269 0.9955573 1.0996547 0.7984595 1.0141554 0.6021774 1.1018063 1.0330472 1.3485378 0.40286526 0.4535772 0.86659384 0.76835114 0.8683554 0.84048724 0.6807479 0.7699325 0.39058265 1.37659 0.34083128 1.0843623 1.8926967 0.48990327 0.58774686 0.4645674 0.5152133 1.5157266 0.33980876 0.7936562 0.70630646 0.5941029 1.286191 0.5764697 0.36036307 0.45927465 1.2875037 0.91640955 1.1310141 0.5586323 0.4990502 0.7197793 0.6655591 1.0100995 0.95602494 0.6989107 0.946432 0.86817735 0.31465927 0.7153596 0.75872946 0.6694739 0.72028947 0.4668727 0.81302065 0.75343007 0.31879655 0.90899074 0.73867244 1.4264855 1.1395531 0.594253 0.73110414 0.323014 1.303543 0.54192764 1.2698723 0.7450147 0.3696158 0.78198785 1.2570055 0.74216247 0.81922513 0.44120494 0.92159885 0.38064668 0.6998092 0.38970938 1.2817626 1.0569466 0.9245191 0.83857316 0.9986724 0.8765549 0.4426902 0.69880396 0.7684955 0.566912 1.2841103 0.9655571 0.44090778 0.4710304 0.4492645 0.46991196 0.41407657 0.51510495 0.5690238 1.0184443 0.5422917 0.9573848 0.34397966 0.5608548 0.59543943 0.92118955 0.5239684 0.42389193 0.6556812 0.65920854 1.4066527 0.77908224 0.47422364 0.75175273 0.44330743 0.8215452 1.2522043 0.6500095 0.5988898 0.5729447 0.9736918 0.8706039 0.7232382 0.9300361 1.0787557 0.832998 0.9273305 0.5271826 1.138509 0.49722856 0.721954 0.5213596 0.5393626 0.7386712 1.2768614 0.8890881 0.28222552 0.4829178 0.54371536 0.78064895 0.63239026 0.65140617 1.030811 0.24549423 1.1027317 0.6526009 0.71286935 0.5244969 1.2834147 0.8023059 0.73314226 0.23360172 0.3808633 0.58749264 0.72814286 1.1625475 0.40999207 0.5162917 0.5945482 0.6438186 0.4340225 0.5194202 1.0910218 0.6998679 0.8374224 0.60132396 1.0361706 1.3149897 0.4869014 1.4881647 1.1547151,0.0060291286 0.0026891897 0.0033968352 0.00515369 0.0095172 0.008752548 0.007024694 0.009429177 0.0030488304 0.0108810095 0.0037453093 0.004667684 0.007624348 0.004277898 0.008325032 0.011699155 0.007734194 0.004991732 0.0017980522 0.0054830345 0.0060243267 0.01039107 0.00415673 0.0075307554 0.010751773 0.006049786 0.005149885 0.0046582846 0.004342294 0.011518458 0.005252763 0.012706926 0.007281348 0.009285625 0.0036638011 0.0052590673 0.0073834043 0.006954523 0.0029250272 0.0068798857 0.0046697687 0.008479346 0.005616561 0.0052032857 0.007437389 0.009273822 0.009282944 0.007669746 0.0057646954 0.003309507 0.007079541 0.0074045537 0.0050346474 0.0045213224 0.0047046016 0.0070256107 0.0055077067 0.00651385 0.0036776462 0.003545814 0.004900678 0.0044743638 0.006888949 0.0025866795 0.0065728375 0.0043165335 0.004515759 0.0046242243 0.0072157416 0.0073103015 0.001958056 0.011042885 0.008068954 0.0044581364 0.0022805522 0.005972272 0.009285583 0.005932418 0.005508621 0.0045621814 0.0061912662 0.004210221 0.003937492 0.0054984307 0.005843851 0.004318079 0.0042543467 0.0052370746 0.005714385 0.007839034 0.008658698 0.0062870826 0.0079854755 0.004741554 0.00867564 0.00813423 0.010618408 0.0031721673 0.003571474 0.0068235737 0.006050009 0.006837444 0.00661801 0.00536022 0.0060624606 0.003075454 0.010839292 0.0026837108 0.008538285 0.0149031235 0.003857506 0.004627928 0.0036580109 0.004056798 0.011934855 0.0026756595 0.006249261 0.005561468 0.0046779756 0.0101274885 0.0045391317 0.0028375045 0.0036163358 0.010137824 0.007215823 0.008905623 0.00439868 0.0039295293 0.0056675537 0.005240623 0.0079535395 0.0075277556 0.005503234 0.0074522207 0.0068360423 0.0024776321 0.005632753 0.0059742476 0.005271448 0.0056715705 0.003676163 0.006401737 0.00593252 0.002510209 0.0071574072 0.0058163186 0.011232169 0.008972859 0.0046791574 0.0057567256 0.0025434173 0.010264118 0.004267147 0.009998995 0.0058662575 0.0029103605 0.0061573847 0.009897681 0.005843799 0.0064505916 0.0034740546 0.007256684 0.002997218 0.005510309 0.0030685777 0.010092619 0.008322414 0.0072796782 0.0066029383 0.007863563 0.006902007 0.0034857495 0.0055023935 0.0060511455 0.004463874 0.010111105 0.007602812 0.0034717147 0.003708901 0.0035375156 0.0037000943 0.0032604453 0.0040559443 0.004480502 0.008019246 0.0042700134 0.007538463 0.0027085012 0.0044161794 0.0046884995 0.007253461 0.0041257353 0.0033377318 0.005162844 0.0051906183 0.011076005 0.006134506 0.0037340445 0.005919313 0.0034906096 0.0064688595 0.009859877 0.005118185 0.004715668 0.0045113754 0.007666865 0.006855149 0.0056947893 0.0073231193 0.00849414 0.006559039 0.007301815 0.004151044 0.008964638 0.0039151856 0.005684677 0.004105194 0.0042469497 0.0058163083 0.010054027 0.0070006936 0.0022222481 0.0038025023 0.0042812233 0.006146842 0.0049794507 0.0051291822 0.0081166215 0.0019330254 0.008682927 0.0051385895 0.0056131445 0.004129897 0.010105628 0.006317369 0.0057727736 0.0018393836 0.0029989237 0.0046259263 0.0057334085 0.009153917 0.003228284 0.0040652887 0.004681482 0.005069438 0.0034174998 0.004089923 0.008590722 0.0055107707 0.006593877 0.004734834 0.0081588235 0.01035425 0.0038338692 0.011717832 0.009092244,
658,256,,,0.005637976 0.005637976 0.005637976 0.005637976 0.005637976 0.005637976 0.005637976 0.005637976 0.005637976 0.005637976 0.005637976 0.005637976 0.005637976 0.005637976 0.005637976 0.005637976 0.005637976 0.005637976 0.005637976 0.005637976 0.005637976 0.005637976 0.005637976 0.005637976 0.005637976 0.005637976 0.005637976 0.005637976 0.005637976 0.005637976 0.005637976 0.005637976 0.005637976 0.005637976 0.005637976 0.005637976 0.005637976 0.005637976 0.005637976 0.005637976 0.005637976 0.005637976 0.005637976 0.005637976 0.005637976 0.005637976 0.005637976 0.005637976 0.005637976 0.005637976 0.005637976 0.005637976 0.005637976 0.005637976 0.005637976 0.005637976 0.005637976 0.005637976 0.005637976 0.005637976 0.005637976 0.005637976 0.005637976 0.005637976 0.005637976 0.005637976 0.005637976 0.005637976 0.005637976 0.005637976 0.005637976 0.005637976 0.005637976 0.005637976 0.005637976 0.005637976 0.005637976 0.005637976 0.005637976 0.005637976 0.005637976 0.005637976 0.005637976 0.005637976 0.005637976 0.005637976 0.005637976 0.005637976 0.005637976 0.005637976 0.005637976 0.005637976 0.005637976 0.005637976 0.005637976 0.005637976 0.005637976 0.005637976 0.005637976 0.005637976 0.005637976 0.005637976 0.005637976 0.005637976 0.005637976 0.005637976 0.005637976 0.005637976 0.005637976 0.005637976 0.005637976 0.005637976 0.005637976 0.005637976 0.005637976 0.005637976 0.005637976 0.005637976 0.005637976 0.005637976 0.005637976 0.005637976 0.005637976 0.005637976 0.005637976 0.005637976 0.005637976 0.005637976 0.005637976 0.005637976 0.005637976 0.005637976 0.005637976 0.005637976 0.005637976 0.005637976 0.005637976 0.005637976 0.005637976 0.005637976 0.005637976 0.005637976 0.005637976 0.005637976 0.005637976 0.005637976 0.005637976 0.005637976 0.005637976 0.005637976 0.005637976 0.005637976 0.005637976 0.005637976 0.005637976 0.005637976 0.005637976 0.005637976 0.005637976 0.005637976 0.005637976 0.005637976 0.005637976 0.005637976 0.005637976 0.005637976 0.005637976 0.005637976 0.005637976 0.005637976 0.005637976 0.005637976 0.005637976 0.005637976 0.005637976 0.005637976 0.005637976 0.005637976 0.005637976 0.005637976 0.005637976 0.005637976 0.005637976 0.005637976 0.005637976 0.005637976 0.005637976 0.005637976 0.005637976 0.005637976 0.005637976 0.005637976 0.005637976 0.005637976 0.005637976 0.005637976 0.005637976 0.005637976 0.005637976 0.005637976 0.005637976 0.005637976 0.005637976 0.005637976 0.005637976 0.005637976 0.005637976 0.005637976 0.005637976 0.005637976 0.005637976 0.005637976 0.005637976 0.005637976 0.005637976 0.005637976 0.005637976 0.005637976 0.005637976 0.005637976 0.005637976 0.005637976 0.005637976 0.005637976 0.005637976 0.005637976 0.005637976 0.005637976 0.005637976 0.005637976 0.005637976 0.005637976 0.005637976 0.005637976 0.005637976 0.005637976 0.005637976 0.005637976 0.005637976 0.005637976 0.005637976 0.005637976 0.005637976 0.005637976 0.005637976 0.005637976 0.005637976 0.005637976 0.005637976 0.005637976 0.005637976 0.005637976 0.005637976 0.005637976 0.005637976 0.005637976,15 16 16 15 14 14 15 14 16 14 16 15 15 15 14 14 15 15 16 15 15 14 15 15 14 15 15 15 15 14 15 14 15 14 16 15 15 15 16 15 15 14 15 15 15 14 14 15 15 16 15 15 15 15 15 15 15 15 16 16 15 15 15 16 15 15 15 15 15 15 16 14 14 15 16 15 14 15 15 15 15 15 15 15 15 15 15 15 15 14 14 15 14 15 14 14 14 16 16 15 15 15 15 15 15 16 14 16 14 14 16 15 16 15 14 16 15 15 15 14 15 16 16 14 15 14 15 15 15 15 14 15 15 15 15 16 15 15 15 15 16 15 15 16 15 15 14 14 15 15 16 14 15 14 15 16 15 14 15 15 16 15 16 15 16 14 14 15 15 14 15 16 15 15 15 14 15 16 16 16 16 16 15 15 14 15 15 16 15 15 15 15 16 15 15 14 15 16 15 16 15 14 15 15 15 15 15 15 15 14 15 15 15 14 15 15 15 15 15 14 15 16 16 15 15 15 15 14 16 14 15 15 15 14 15 15 16 16 15 15 14 16 15 15 15 16 15 14 15 15 15 14 14 16 14 14
666,1x1x256x256,0.15023422 0.1450942 0.10412925 0.13332383 0.12141221 0.11829275 0.11601317 0.13358523 0.11038824 0.116746135 0.11581224 0.14578612 0.1511234 0.10435955 0.11011746 0.14826624 0.13900515 0.13611874 0.16404873 0.13423389 0.13672368 0.14149342 0.1307828 0.11695306 0.110722445 0.12219225 0.13070317 0.09518125 0.12697265 0.15807949 0.13279063 0.14514877 0.15124588 0.17114843 0.11646412 0.13686232 0.19869897 0.1172044 0.14510177 0.11401103 0.14567745 0.12236881 0.1609538 0.15184097 0.098204836 0.14746603 0.17360108 0.15680194 0.10197612 0.17209356 0.12239379 0.17578276 0.10417518 0.15214133 0.151736 0.15988217 0.17130707 0.14253029 0.1518946 0.11531126 0.13375984 0.11651941 0.1368326 0.1748192 0.1301568 0.13037457 0.10928016 0.15380177 0.09322603 0.14136185 0.14475718 0.12116201 0.13788877 0.13184178 0.18140721 0.13058466 0.15041676 0.14334619 0.14252526 0.1547859 0.13308367 0.13087372 0.16367155 0.13516647 0.14376338 0.11562589 0.11689363 0.16151622 0.10865487 0.09536178 0.13362004 0.1126647 0.1445866 0.14571209 0.13320123 0.15230381 0.13577488 0.12941828 0.1701604 0.15469411 0.09282014 0.12879622 0.103771925 0.13928647 0.14097357 0.11353667 0.15967129 0.1354957 0.16739418 0.14465044 0.14677042 0.19080508 0.13089517 0.15349267 0.13149303 0.104158044 0.10339288 0.16323933 0.13449652 0.13116302 0.20214966 0.10262295 0.18201655 0.14363006 0.13722624 0.113281816 0.11467274 0.16397136 0.18268538 0.13624416 0.13203661 0.13278635 0.15325543 0.14626187 0.1507362 0.17270847 0.15191716 0.15104616 0.1520325 0.14600196 0.116395675 0.17199022 0.12147332 0.1306551 0.16735853 0.14749768 0.14890036 0.15119609 0.13623151 0.11927568 0.10943151 0.12280505 0.12976193 0.1469841 0.13332729 0.15387288 0.13033181 0.1256658 0.21040167 0.12657577 0.13402607 0.1458738 0.13982314 0.1423462 0.137576 0.13341899 0.11458013 0.13617738 0.11869874 0.1751441 0.12233483 0.123648964 0.15733473 0.13964449 0.12862706 0.12179971 0.14571637 0.14371175 0.12796156 0.16954689 0.13325758 0.17343095 0.14571457 0.103497766 0.113009185 0.12137435 0.12533495 0.117963105 0.14652596 0.11612658 0.12636638 0.14559309 0.1534274 0.1422219 0.15522613 0.13933364 0.14315525 0.13705786 0.13047493 0.122339346 0.14916086 0.14913623 0.12580127 0.16534634 0.12496297 0.12747623 0.14113046 0.14720698 0.1465045 0.12404562 0.12510824 0.16848528 0.17090905 0.13285644 0.13706437 0.13816297 0.14713952 0.17657897 0.14813627 0.09920009 0.13309656 0.12604673 0.11729225 0.12161127 0.13548511 0.13082583 0.10350999 0.13740766 0.17730126 0.15836722 0.2074715 0.1535208 0.12750958 0.12526757 0.1245973 0.13928314 0.14947504 0.13694455 0.17535847 0.18552528 0.108504914 0.15764782 0.13790034 0.120352246 0.17678173 0.13576388 0.14665534 0.15004452 0.13042836 0.15048216 0.11831277 0.15749364 0.117972046 0.16254064 0.17640118 0.09169522,0.15021588 0.14507648 0.104116544 0.13330756 0.1213974 0.11827832 0.115999006 0.13356893 0.11037477 0.11673188 0.11579811 0.14576833 0.15110497 0.10434681 0.110104024 0.14824814 0.13898818 0.13610213 0.16402872 0.1342175 0.136707 0.14147615 0.13076684 0.11693879 0.11070894 0.12217734 0.1306872 0.09516963 0.12695715 0.15806021 0.13277443 0.14513105 0.15122743 0.17112756 0.116449915 0.13684562 0.19867471 0.11719009 0.14508405 0.11399712 0.14565967 0.122353874 0.16093417 0.15182245 0.098192856 0.14744805 0.17357989 0.1567828 0.10196367 0.17207254 0.12237885 0.17576131 0.10416246 0.15212277 0.1517175 0.15986265 0.17128617 0.14251289 0.15187606 0.11529718 0.13374351 0.11650519 0.1368159 0.17479786 0.13014092 0.13035865 0.109266825 0.15378301 0.09321465 0.14134459 0.14473952 0.12114723 0.13787194 0.13182569 0.18138508 0.13056871 0.1503984 0.1433287 0.14250785 0.15476702 0.13306743 0.13085775 0.16365157 0.13514997 0.14374582 0.11561178 0.11687937 0.1614965 0.10864161 0.09535014 0.13360372 0.112650946 0.14456895 0.1456943 0.13318497 0.15228522 0.13575831 0.12940249 0.17013964 0.15467523 0.092808805 0.1287805 0.10375926 0.13926947 0.14095637 0.11352282 0.15965182 0.13547918 0.16737375 0.1446328 0.1467525 0.1907818 0.1308792 0.15347394 0.13147698 0.10414533 0.10338026 0.1632194 0.13448012 0.13114701 0.202125 0.102610424 0.18199435 0.14361252 0.13720949 0.113267995 0.11465874 0.16395135 0.18266308 0.13622753 0.13202049 0.13277015 0.15323673 0.14624402 0.15071781 0.17268738 0.15189862 0.15102772 0.15201394 0.14598414 0.116381474 0.17196923 0.1214585 0.13063915 0.16733812 0.14747968 0.14888218 0.15117763 0.1362149 0.11926113 0.109418154 0.12279007 0.1297461 0.14696616 0.13331102 0.1538541 0.1303159 0.12565047 0.210376 0.12656033 0.13400972 0.14585601 0.13980608 0.14232883 0.13755922 0.13340272 0.11456615 0.13616075 0.11868425 0.17512272 0.1223199 0.12363387 0.15731554 0.13962746 0.12861136 0.12178484 0.14569858 0.1436942 0.12794594 0.1695262 0.13324131 0.17340977 0.14569677 0.10348513 0.11299539 0.121359535 0.12531964 0.11794871 0.14650808 0.11611241 0.12635095 0.14557531 0.15340869 0.14220454 0.15520717 0.13931663 0.14313777 0.13704114 0.13045901 0.122324415 0.14914267 0.14911802 0.1257859 0.16532616 0.12494772 0.12746067 0.14111324 0.14718902 0.14648663 0.12403048 0.12509298 0.16846472 0.1708882 0.13284023 0.13704765 0.13814612 0.14712156 0.17655742 0.1481182 0.099187985 0.13308032 0.12603134 0.117277935 0.121596426 0.13546859 0.13080986 0.103497356 0.13739088 0.17727962 0.15834789 0.20744619 0.15350205 0.127494 0.12525228 0.1245821 0.13926615 0.1494568 0.13692784 0.17533708 0.18550263 0.10849167 0.15762858 0.1378835 0.12033755 0.17676015 0.13574731 0.14663744 0.1500262 0.13041244 0.15046379 0.11829833 0.15747441 0.117957644 0.16252081 0.17637967 0.09168403,0.0011828023 0.0011423345 0.0008198153 0.0010496659 0.00095588504 0.0009313253 0.000913378 0.0010517238 0.0008690927 0.0009191487 0.0009117961 0.0011477821 0.0011898029 0.00082162843 0.00086696085 0.0011673082 0.0010943952 0.0010716703 0.0012915647 0.0010568307 0.001076433 0.0011139854 0.0010296601 0.0009207779 0.0008717239 0.0009620263 0.0010290331 0.0007493672 0.0009996626 0.0012445686 0.0010454679 0.0011427642 0.0011907672 0.0013474611 0.00091692846 0.0010775245 0.0015643678 0.0009227566 0.0011423941 0.0008976151 0.0011469265 0.00096341636 0.0012671981 0.0011954523 0.00077317207 0.0011610083 0.0013667707 0.0012345103 0.00080286356 0.0013549019 0.000963613 0.0013839473 0.00082017685 0.001197817 0.001194626 0.001258761 0.0013487099 0.0011221487 0.0011958745 0.00090785185 0.0010530985 0.0009173637 0.0010772906 0.0013763611 0.0010247317 0.0010264461 0.0008603687 0.0012108898 0.00073397363 0.0011129496 0.0011396813 0.0009539152 0.0010856058 0.0010379975 0.001428229 0.0010281001 0.0011842394 0.0011285724 0.001122109 0.0012186379 0.001047775 0.001030376 0.001288595 0.001064173 0.0011318569 0.00091032893 0.00092031 0.001271626 0.00085544575 0.0007507885 0.0010519978 0.0008870153 0.0011383382 0.0011471992 0.0010487005 0.0011990962 0.0010689631 0.0010189172 0.0013396823 0.0012179152 0.000730778 0.0010140197 0.00081700203 0.00109661 0.0011098927 0.0008938805 0.001257101 0.0010667652 0.0013179035 0.0011388409 0.0011555315 0.0015022189 0.0010305449 0.0012084562 0.0010352519 0.000820042 0.00081401784 0.0012851922 0.0010588985 0.0010326536 0.0015915354 0.0008079561 0.0014330264 0.0011308072 0.0010803897 0.00089187396 0.00090282474 0.0012909556 0.001438292 0.0010726578 0.0010395314 0.0010454343 0.0012065885 0.0011515277 0.0011867544 0.0013597432 0.0011960522 0.0011891947 0.0011969602 0.0011494814 0.0009163896 0.0013540884 0.00095636613 0.0010286547 0.001317623 0.0011612574 0.0011723007 0.0011903751 0.0010725582 0.000939064 0.0008615603 0.00096685096 0.0010216228 0.0011572138 0.0010496931 0.0012114496 0.0010261094 0.0009893738 0.0016565039 0.0009965381 0.0010551946 0.0011484725 0.0011008353 0.0011206995 0.0010831435 0.0010504151 0.00090209563 0.0010721319 0.0009345216 0.0013789191 0.00096314884 0.000973495 0.001238705 0.0010994287 0.0010126878 0.00095893577 0.0011472328 0.0011314504 0.0010074484 0.001334852 0.0010491442 0.0013654314 0.0011472187 0.0008148435 0.0008897275 0.0009555869 0.0009867689 0.00092873 0.0011536069 0.00091427093 0.0009948894 0.0011462623 0.0012079425 0.0011197207 0.0012221037 0.0010969813 0.001127069 0.0010790641 0.0010272363 0.00096318434 0.0011743517 0.0011741576 0.0009904401 0.0013017808 0.0009838403 0.0010036273 0.0011111279 0.0011589687 0.001153438 0.0009766179 0.0009849841 0.0013264938 0.0013455764 0.0010459861 0.0010791153 0.0010877647 0.0011584375 0.0013902159 0.001166285 0.00078100775 0.0010478765 0.0009923727 0.0009234483 0.00095745217 0.0010666818 0.0010299989 0.0008149398 0.001081818 0.0013959025 0.0012468338 0.0016334346 0.0012086775 0.0010038898 0.0009862384 0.0009809614 0.0010965838 0.0011768251 0.001078172 0.0013806069 0.0014606507 0.0008542651 0.00124117 0.0010856969 0.0009475398 0.0013918122 0.0010688765 0.0011546256 0.0011813086 0.0010268696 0.0011847543 0.00093148294 0.001239956 0.0009288003 0.0012796915 0.0013888163 0.0007219215,
667,256,,,0.004430007 0.004430007 0.004430007 0.004430007 0.004430007 0.004430007 0.004430007 0.004430007 0.004430007 0.004430007 0.004430007 0.004430007 0.004430007 0.004430007 0.004430007 0.004430007 0.004430007 0.004430007 0.004430007 0.004430007 0.004430007 0.004430007 0.004430007 0.004430007 0.004430007 0.004430007 0.004430007 0.004430007 0.004430007 0.004430007 0.004430007 0.004430007 0.004430007 0.004430007 0.004430007 0.004430007 0.004430007 0.004430007 0.004430007 0.004430007 0.004430007 0.004430007 0.004430007 0.004430007 0.004430007 0.004430007 0.004430007 0.004430007 0.004430007 0.004430007 0.004430007 0.004430007 0.004430007 0.004430007 0.004430007 0.004430007 0.004430007 0.004430007 0.004430007 0.004430007 0.004430007 0.004430007 0.004430007 0.004430007 0.004430007 0.004430007 0.004430007 0.004430007 0.004430007 0.004430007 0.004430007 0.004430007 0.004430007 0.004430007 0.004430007 0.004430007 0.004430007 0.004430007 0.004430007 0.004430007 0.004430007 0.004430007 0.004430007 0.004430007 0.004430007 0.004430007 0.004430007 0.004430007 0.004430007 0.004430007 0.004430007 0.004430007 0.004430007 0.004430007 0.004430007 0.004430007 0.004430007 0.004430007 0.004430007 0.004430007 0.004430007 0.004430007 0.004430007 0.004430007 0.004430007 0.004430007 0.004430007 0.004430007 0.004430007 0.004430007 0.004430007 0.004430007 0.004430007 0.004430007 0.004430007 0.004430007 0.004430007 0.004430007 0.004430007 0.004430007 0.004430007 0.004430007 0.004430007 0.004430007 0.004430007 0.004430007 0.004430007 0.004430007 0.004430007 0.004430007 0.004430007 0.004430007 0.004430007 0.004430007 0.004430007 0.004430007 0.004430007 0.004430007 0.004430007 0.004430007 0.004430007 0.004430007 0.004430007 0.004430007 0.004430007 0.004430007 0.004430007 0.004430007 0.004430007 0.004430007 0.004430007 0.004430007 0.004430007 0.004430007 0.004430007 0.004430007 0.004430007 0.004430007 0.004430007 0.004430007 0.004430007 0.004430007 0.004430007 0.004430007 0.004430007 0.004430007 0.004430007 0.004430007 0.004430007 0.004430007 0.004430007 0.004430007 0.004430007 0.004430007 0.004430007 0.004430007 0.004430007 0.004430007 0.004430007 0.004430007 0.004430007 0.004430007 0.004430007 0.004430007 0.004430007 0.004430007 0.004430007 0.004430007 0.004430007 0.004430007 0.004430007 0.004430007 0.004430007 0.004430007 0.004430007 0.004430007 0.004430007 0.004430007 0.004430007 0.004430007 0.004430007 0.004430007 0.004430007 0.004430007 0.004430007 0.004430007 0.004430007 0.004430007 0.004430007 0.004430007 0.004430007 0.004430007 0.004430007 0.004430007 0.004430007 0.004430007 0.004430007 0.004430007 0.004430007 0.004430007 0.004430007 0.004430007 0.004430007 0.004430007 0.004430007 0.004430007 0.004430007 0.004430007 0.004430007 0.004430007 0.004430007 0.004430007 0.004430007 0.004430007 0.004430007 0.004430007 0.004430007 0.004430007 0.004430007 0.004430007 0.004430007 0.004430007 0.004430007 0.004430007 0.004430007 0.004430007 0.004430007 0.004430007 0.004430007 0.004430007 0.004430007 0.004430007 0.004430007 0.004430007 0.004430007 0.004430007,14 14 15 14 15 15 15 14 15 15 15 14 14 15 15 14 14 14 14 14 14 14 14 15 15 15 14 15 14 14 14 14 14 14 15 14 14 15 14 15 14 15 14 14 15 14 14 14 15 14 15 14 15 14 14 14 14 14 14 15 14 15 14 14 14 14 15 14 15 14 14 15 14 14 14 14 14 14 14 14 14 14 14 14 14 15 15 14 15 15 14 15 14 14 14 14 14 14 14 14 15 14 15 14 14 15 14 14 14 14 14 14 14 14 14 15 15 14 14 14 14 15 14 14 14 15 15 14 14 14 14 14 14 14 14 14 14 14 14 14 15 14 15 14 14 14 14 14 14 15 15 15 14 14 14 14 14 14 14 14 14 14 14 14 14 14 15 14 15 14 15 15 14 14 14 15 14 14 14 14 14 14 14 15 15 15 14 15 14 15 14 14 14 14 14 14 14 14 14 15 14 14 14 14 14 14 14 14 14 14 14 14 14 14 14 14 14 14 14 15 14 14 15 15 14 14 15 14 14 14 14 14 14 14 14 14 14 14 14 14 15 14 14 15 14 14 14 14 14 14 15 14 15 14 14 15
673,1x1x256x512,0.15677747 0.13401353 0.19009666 0.14672296 0.15438916 0.16606687 0.21404134 0.121995226 0.1851307 0.1423139 0.16806762 0.11060455 0.19459753 0.17659496 0.15245518 0.16503172 0.1640294 0.15208265 0.1690834 0.13221915 0.20654315 0.14287946 0.19334856 0.14953567 0.12923194 0.16679078 0.13661239 0.16134919 0.20886679 0.16114418 0.18238944 0.16465953 0.14655602 0.1463384 0.14356269 0.17890216 0.16370362 0.14734069 0.15609294 0.17777097 0.1484813 0.2032856 0.12600029 0.16917086 0.18028879 0.118086435 0.15617928 0.13142926 0.17004728 0.14379863 0.116342776 0.13862902 0.19149803 0.1470292 0.17506464 0.16605574 0.16152786 0.1333533 0.17640123 0.12736943 0.139031 0.15876588 0.1284419 0.12828949 0.11769502 0.15241314 0.13758177 0.122245386 0.15151334 0.12951873 0.15281174 0.1384209 0.16720375 0.10807156 0.1530686 0.13069203 0.18123081 0.112842225 0.16943267 0.16475841 0.14014553 0.21177153 0.13679665 0.10768864 0.11888788 0.16699065 0.20317999 0.19338942 0.15836816 0.17403683 0.14604506 0.21430673 0.15277155 0.112158395 0.15180518 0.13508855 0.14224811 0.14494357 0.20673509 0.17682949 0.12114905 0.14021325 0.13047333 0.18407336 0.13763906 0.16273867 0.14449994 0.17155428 0.16303603 0.1564639 0.15548925 0.16262366 0.13986649 0.1757467 0.14493217 0.18060553 0.13517523 0.15190636 0.116201356 0.17384687 0.19346686 0.14284459 0.15889455 0.106877714 0.1444704 0.15122245 0.13377121 0.16609834 0.16465104 0.11105308 0.13645758 0.19683401 0.12874304 0.15629084 0.15440099 0.16565552 0.16340737 0.14793341 0.13752666 0.16316253 0.14813429 0.14192158 0.16696505 0.1482297 0.17334427 0.15215266 0.18956009 0.16272488 0.14774473 0.114146374 0.17494807 0.15484051 0.13428131 0.10601265 0.13074252 0.13905191 0.13363154 0.18456253 0.1419947 0.20065191 0.16830052 0.16051775 0.18797527 0.1389439 0.15501423 0.18484771 0.13796909 0.14810818 0.14215821 0.16118746 0.15705784 0.13240297 0.14709066 0.13622025 0.13995746 0.16669324 0.14833884 0.16367266 0.15607865 0.1470789 0.14522892 0.14705117 0.13174127 0.16762212 0.119821504 0.13307068 0.1763557 0.1451865 0.15698057 0.1605652 0.14940248 0.16633302 0.17002122 0.15783411 0.1849449 0.13126896 0.13452357 0.24460323 0.16583833 0.13988495 0.11906376 0.17441705 0.17439203 0.12612839 0.15901685 0.13138703 0.19292091 0.13609807 0.14044605 0.15590388 0.16058677 0.14740653 0.13920577 0.17997131 0.14420852 0.1434491 0.16922256 0.118421905 0.14018896 0.15807287 0.16754444 0.18616503 0.17503205 0.14964677 0.112880036 0.14681074 0.14698257 0.14663835 0.16331713 0.1669098 0.15474603 0.16024815 0.11609038 0.15423013 0.14600454 0.12803686 0.17179927 0.1769145 0.21041347 0.13910455 0.1452936 0.1846841 0.11323666 0.17603686 0.14937223 0.17411166 0.112225905 0.17776045 0.14627773 0.17251422 0.15857592 0.16099706 0.20890778 0.17956392 0.14989883 0.17707406 0.16855296 0.1392448 0.16050312 0.13467644 0.18391092 0.13886964 0.18654259 0.17058235 0.14969935 0.20727609 0.16377538 0.15537637 0.1692524 0.123724945 0.12926325 0.12590867 0.121277705 0.17771688 0.15941261 0.15539202 0.15126637 0.11565126 0.16044348 0.18543361 0.16204016 0.1461632 0.15259056 0.13670349 0.18032908 0.19800866 0.20245951 0.1415085 0.15891337 0.13483179 0.13341989 0.1586246 0.12857786 0.12771808 0.1432991 0.15175521 0.12783703 0.16744114 0.1732909 0.16403842 0.17935792 0.15172394 0.18759207 0.17035076 0.16893855 0.16912775 0.15468621 0.17032966 0.18890627 0.19109349 0.113516204 0.14446342 0.17029096 0.14839584 0.14006579 0.14740121 0.15631479 0.1196708 0.15849802 0.15996926 0.15266226 0.122689515 0.111014724 0.16487303 0.13090818 0.1928645 0.111759104 0.19483507 0.12814964 0.17450361 0.12571639 0.13768807 0.13324308 0.18198775 0.13383286 0.1608808 0.14907777 0.14742082 0.15440463 0.146027 0.20533146 0.16062129 0.17911714 0.14913633 0.13408089 0.14393842 0.1707135 0.1576174 0.137176 0.1408477 0.1888801 0.14812061 0.1366966 0.16058344 0.1269963 0.15988626 0.17934938 0.16307536 0.1600108 0.15540989 0.1454647 0.1284219 0.16608866 0.13437235 0.16717385 0.13020454 0.1192301 0.13301069 0.13589124 0.11736073 0.17622364 0.1276417 0.18685383 0.1665309 0.13747928 0.1464213 0.14131862 0.17471105 0.13710818 0.14746962 0.15211864 0.21734835 0.17033029 0.12793764 0.12813087 0.118277125 0.14546098 0.11934249 0.16221327 0.12963478 0.16332547 0.11440162 0.10715924 0.13551264 0.13511905 0.15775359 0.20680957 0.15580116 0.12742236 0.15610689 0.15947343 0.13386779 0.18977371 0.1417018 0.15112436 0.18388936 0.19382684 0.18069024 0.14707892 0.14265569 0.14647326 0.12976307 0.15468828 0.13641363 0.16134527 0.13189183 0.16270125 0.14794338 0.12908949 0.16071801 0.16351035 0.1334621 0.13933028 0.08341825 0.18046325 0.14264284 0.14954904 0.1406789 0.10871992 0.16995756 0.15624619 0.15502582 0.13127409 0.1482356 0.17776293 0.15814883 0.20890917 0.17436744 0.13667372 0.14818381 0.18977676 0.161539 0.15885346 0.18217537 0.180571 0.14708528 0.13116212 0.1689871 0.17892717 0.14185394 0.16433212 0.13392234 0.15687607 0.15953532 0.13632351 0.1479599 0.16138558 0.13320614 0.20931323 0.15101887 0.20711687 0.14725688 0.14548966 0.18638016 0.13143933 0.15638755 0.13119718 0.108426236 0.16943878 0.1866226 0.15343279 0.14255914 0.16484527 0.16157922 0.1711245 0.1463201 0.13948238 0.10717274 0.1862981 0.15838805 0.1896692 0.13059689 0.10300528 0.14225546 0.14428677 0.21843141 0.14936578 0.14441638 0.16309285 0.11216037 0.17428063 0.14279576 0.13936009 0.1822966 0.126846 0.25972512 0.16448475 0.1715822 0.1845021 0.14403471 0.15427381 0.16242516 0.11306188 0.13139993 0.1438119 0.12590963 0.16397728 0.11324093 0.16760404 0.17828928 0.18696572 0.13196623,0.15675834 0.13399719 0.19007346 0.14670506 0.15437031 0.1660466 0.21401522 0.12198033 0.18510811 0.14229654 0.1680471 0.110591054 0.19457377 0.1765734 0.15243658 0.16501158 0.16400938 0.1520641 0.16906276 0.13220301 0.20651795 0.14286202 0.19332497 0.14951743 0.12921616 0.16677043 0.13659571 0.1613295 0.20884131 0.16112451 0.18236718 0.16463944 0.14653812 0.14632055 0.14354517 0.17888033 0.16368365 0.14732271 0.15607388 0.17774928 0.14846317 0.2032608 0.1259849 0.16915022 0.1802668 0.11807202 0.15616022 0.1314132 0.17002654 0.1437811 0.11632858 0.13861209 0.19147465 0.14701127 0.17504327 0.16603547 0.16150814 0.13333702 0.17637971 0.12735389 0.13901404 0.1587465 0.12842622 0.12827384 0.117680654 0.15239453 0.13756497 0.12223046 0.15149485 0.12950292 0.1527931 0.13840401 0.16718334 0.10805837 0.15304993 0.13067608 0.18120869 0.11282845 0.169412 0.1647383 0.14012842 0.21174568 0.13677995 0.1076755 0.118873365 0.16697028 0.20315519 0.19336581 0.15834883 0.17401558 0.14602724 0.21428058 0.1527529 0.11214471 0.15178664 0.13507205 0.14223075 0.14492588 0.20670986 0.17680791 0.12113426 0.14019613 0.13045742 0.1840509 0.13762225 0.1627188 0.1444823 0.17153335 0.16301613 0.1564448 0.15547027 0.16260381 0.13984942 0.17572524 0.14491448 0.18058349 0.13515873 0.15188782 0.11618717 0.17382565 0.19344324 0.14282715 0.15887515 0.106864676 0.14445277 0.151204 0.1337549 0.16607806 0.16463093 0.11103953 0.13644093 0.19680999 0.12872732 0.15627177 0.15438215 0.16563532 0.16338742 0.14791536 0.13750987 0.1631426 0.14811622 0.14190425 0.16694467 0.14821161 0.17332312 0.15213409 0.18953694 0.16270503 0.1477267 0.11413245 0.17492671 0.15482162 0.13426492 0.10599971 0.13072656 0.13903494 0.13361523 0.18454002 0.14197737 0.20062742 0.16827998 0.16049817 0.18795234 0.13892694 0.15499532 0.18482515 0.13795225 0.14809011 0.14214085 0.16116779 0.15703866 0.1323868 0.14707272 0.13620363 0.13994037 0.1666729 0.14832073 0.16365267 0.1560596 0.14706096 0.14521119 0.14703321 0.13172519 0.16760166 0.119806886 0.13305444 0.17633417 0.14516878 0.15696143 0.1605456 0.14938426 0.16631271 0.17000046 0.15781486 0.18492234 0.13125294 0.13450716 0.24457337 0.1658181 0.13986789 0.11904922 0.17439575 0.17437074 0.126113 0.15899743 0.13137099 0.19289736 0.13608147 0.1404289 0.15588485 0.16056718 0.14738853 0.13918878 0.17994934 0.14419092 0.14343159 0.16920191 0.11840745 0.14017186 0.15805359 0.167524 0.18614233 0.1750107 0.14962852 0.11286626 0.14679281 0.14696462 0.14662045 0.1632972 0.16688943 0.15472713 0.16022858 0.116076216 0.15421131 0.14598672 0.12802124 0.1717783 0.1768929 0.21038778 0.13908756 0.14527586 0.18466157 0.11322284 0.17601539 0.149354 0.17409042 0.1122122 0.17773876 0.14625987 0.17249316 0.15855658 0.16097742 0.20888229 0.17954202 0.14988054 0.17705245 0.16853239 0.1392278 0.16048354 0.13466 0.18388848 0.13885269 0.18651982 0.17056154 0.14968108 0.2072508 0.16375539 0.15535742 0.16923174 0.12370985 0.12924749 0.12589331 0.12126291 0.1776952 0.15939316 0.15537307 0.1512479 0.11563714 0.1604239 0.18541099 0.16202039 0.14614536 0.15257195 0.13668682 0.18030708 0.1979845 0.20243481 0.14149123 0.15889399 0.13481532 0.13340361 0.15860525 0.12856217 0.12770249 0.14328162 0.15173669 0.12782143 0.1674207 0.17326973 0.1640184 0.17933603 0.15170543 0.18756917 0.17032997 0.16891794 0.16910711 0.15466733 0.17030887 0.18888322 0.19107017 0.113502346 0.14444579 0.17027019 0.14837772 0.1400487 0.14738323 0.15629572 0.1196562 0.15847868 0.15994973 0.15264362 0.12267455 0.11100117 0.1648529 0.1308922 0.19284098 0.11174547 0.1948113 0.12813401 0.17448232 0.12570105 0.13767128 0.13322681 0.18196553 0.13381653 0.16086118 0.14905958 0.14740282 0.15438579 0.14600918 0.20530641 0.16060168 0.17909528 0.14911813 0.13406453 0.14392085 0.17069267 0.15759817 0.13715926 0.14083052 0.18885705 0.14810254 0.13667993 0.16056384 0.1269808 0.15986674 0.17932749 0.16305546 0.15999126 0.15539092 0.14544694 0.12840623 0.16606838 0.13435596 0.16715345 0.13018864 0.11921555 0.13299444 0.13587466 0.117346406 0.17620212 0.1276261 0.18683101 0.16651058 0.1374625 0.14640343 0.14130136 0.17468973 0.13709144 0.14745162 0.15210007 0.21732183 0.1703095 0.12792203 0.12811522 0.118262686 0.14544322 0.119327925 0.16219348 0.12961897 0.16330555 0.11438766 0.10714616 0.1354961 0.13510257 0.15773433 0.20678432 0.15578215 0.12740682 0.15608785 0.15945397 0.13385144 0.18975055 0.14168452 0.15110593 0.18386692 0.19380318 0.18066819 0.14706098 0.14263827 0.14645539 0.12974723 0.1546694 0.13639699 0.16132557 0.13187574 0.1626814 0.14792533 0.12907374 0.16069838 0.1634904 0.13344581 0.13931328 0.083408065 0.18044123 0.14262544 0.14953078 0.14066173 0.10870665 0.16993682 0.15622713 0.15500692 0.13125807 0.14821751 0.17774123 0.15812953 0.20888367 0.17434616 0.13665703 0.14816573 0.18975359 0.16151929 0.15883407 0.18215314 0.18054897 0.14706734 0.13114612 0.16896647 0.17890532 0.14183663 0.16431206 0.13390599 0.15685692 0.15951586 0.13630687 0.14794184 0.1613659 0.13318989 0.20928767 0.15100044 0.20709158 0.14723891 0.14547192 0.18635741 0.13142328 0.15636846 0.13118118 0.108413 0.16941811 0.18659982 0.15341407 0.14254175 0.16482516 0.16155949 0.17110363 0.14630224 0.13946535 0.10715966 0.18627536 0.15836872 0.18964605 0.13058096 0.10299271 0.1422381 0.14426917 0.21840475 0.14934754 0.14439875 0.16307296 0.11214668 0.17425935 0.14277832 0.13934307 0.18227436 0.12683052 0.25969344 0.16446468 0.17156126 0.18447958 0.14401715 0.15425499 0.16240533 0.113048084 0.1313839 0.14379434 0.12589426 0.16395727 0.11322711 0.1675836 0.17826752 0.1869429 0.13195013,0.0012343177 0.0010550959 0.0014966414 0.0011551579 0.0012155143 0.0013074536 0.0016851592 0.00096047507 0.0014575442 0.0011204452 0.0013232055 0.0008707957 0.001532077 0.0013903417 0.0012002881 0.0012993038 0.0012914124 0.0011973551 0.0013312029 0.0010409686 0.0016261255 0.0011248979 0.0015222438 0.0011773026 0.0010174501 0.001313153 0.0010755567 0.001270311 0.0016444197 0.001268697 0.001435962 0.0012963735 0.0011538435 0.0011521303 0.0011302769 0.0014085065 0.0012888476 0.0011600214 0.0012289282 0.0013996006 0.0011690013 0.0016004787 0.0009920071 0.0013318915 0.0014194236 0.0009297009 0.0012296081 0.0010347497 0.0013387917 0.0011321346 0.0009159731 0.0010914338 0.0015076743 0.001157569 0.0013782935 0.001307366 0.0012717177 0.0010498977 0.0013888166 0.0010027866 0.0010945987 0.0012499724 0.0010112302 0.0010100303 0.00092661934 0.001199957 0.0010831888 0.0009624446 0.0011928728 0.001019708 0.0012030952 0.0010897954 0.0013164042 0.00085085334 0.0012051176 0.0010289454 0.0014268401 0.000888413 0.0013339528 0.0012971519 0.0011033734 0.0016672888 0.0010770075 0.0008478386 0.00093601074 0.0013147267 0.0015996472 0.0015225655 0.0012468412 0.0013702015 0.0011498207 0.0016872486 0.0012027788 0.0008830292 0.0011951705 0.0010635594 0.0011199272 0.0011411486 0.0016276367 0.0013921882 0.0009538131 0.0011039065 0.0010272238 0.0014492196 0.0010836398 0.0012812504 0.0011376559 0.0013506563 0.0012835915 0.0012318488 0.0012241753 0.0012803449 0.0011011766 0.0013836633 0.0011410589 0.0014219172 0.001064242 0.0011959671 0.0009148596 0.0013687059 0.0015231752 0.0011246232 0.0012509854 0.00084145414 0.0011374233 0.0011905828 0.0010531881 0.0013077012 0.0012963066 0.000874327 0.0010743381 0.001549685 0.001013601 0.0012304864 0.0012156075 0.001304215 0.0012865152 0.0011646879 0.0010827548 0.0012845874 0.0011662694 0.0011173564 0.0013145249 0.0011670205 0.001364749 0.0011979062 0.0014924168 0.001281142 0.0011632023 0.0008986807 0.0013773757 0.0012190678 0.0010572041 0.0008346434 0.001029343 0.0010947633 0.0010520883 0.001453071 0.001117932 0.0015797435 0.0013250392 0.0012637652 0.0014799397 0.0010939129 0.0012204356 0.0014553162 0.0010862382 0.0011660638 0.0011192193 0.0012690377 0.0012365249 0.0010424157 0.0011580529 0.0010724695 0.0011018927 0.0013123851 0.0011678798 0.0012886038 0.0012288156 0.0011579603 0.0011433952 0.0011577419 0.0010372063 0.001319698 0.0009433613 0.0010476727 0.0013884581 0.0011430613 0.0012359167 0.0012641386 0.001176254 0.0013095489 0.0013385863 0.0012426367 0.0014560814 0.0010334877 0.0010591116 0.0019257746 0.0013056543 0.0011013219 0.00093739544 0.001373195 0.0013729979 0.0009930157 0.0012519483 0.0010344173 0.0015188769 0.0010715077 0.0011057394 0.0012274397 0.0012643085 0.0011605396 0.0010959747 0.001416924 0.0011353616 0.0011293826 0.0013322985 0.00093234214 0.0011037154 0.0012445165 0.0013190865 0.0014656876 0.0013780369 0.0011781773 0.0008887107 0.001155849 0.0011572017 0.0011544918 0.0012858048 0.00131409 0.0012183238 0.0012616423 0.00091398595 0.0012142623 0.0011495018 0.0010080413 0.001352585 0.0013928575 0.0016565967 0.0010951776 0.0011439044 0.0014540281 0.00089151843 0.0013859479 0.0011760157 0.0013707906 0.0008835607 0.0013995178 0.0011516525 0.0013582138 0.001248477 0.0012675388 0.0016447424 0.0014137167 0.0011801617 0.0013941138 0.0013270266 0.0010962818 0.0012636499 0.0010603151 0.0014479408 0.0010933282 0.00146866 0.0013430042 0.0011785912 0.0016318961 0.0012894125 0.0012232867 0.0013325334 0.00097409333 0.0010176967 0.0009912859 0.0009548261 0.0013991748 0.0012550643 0.00122341 0.0011909284 0.00091052864 0.0012631804 0.001459929 0.001275751 0.0011507509 0.0012013539 0.0010762742 0.0014197407 0.001558933 0.0015939749 0.0011141042 0.0012511337 0.001061538 0.0010504222 0.0012488603 0.0010123005 0.0010055314 0.0011282017 0.0011947771 0.001006468 0.0013182733 0.0013643287 0.0012914834 0.0014120947 0.001194531 0.0014769227 0.0013411809 0.0013300625 0.001331552 0.001217853 0.0013410148 0.0014872694 0.0015044896 0.00089371926 0.0011373685 0.0013407102 0.0011683285 0.0011027456 0.0011604979 0.0012306749 0.0009421748 0.0012478636 0.0012594467 0.0012019182 0.0009659413 0.000874025 0.0012980544 0.0010306473 0.0015184329 0.00087988557 0.0015339472 0.0010089292 0.0013738765 0.000989772 0.0010840258 0.00104903 0.0014327995 0.0010536734 0.0012666235 0.0011736975 0.0011606521 0.0012156361 0.0011496786 0.0016165859 0.0012645802 0.0014101991 0.0011741584 0.0010556262 0.001133235 0.0013440368 0.0012409304 0.0010799941 0.0011089017 0.0014870634 0.0011661617 0.00107622 0.0012642823 0.0009998488 0.0012587932 0.0014120275 0.0012839013 0.0012597737 0.0012235505 0.0011452516 0.0010110727 0.001307625 0.001057921 0.0013161689 0.0010251075 0.0009387051 0.0010472003 0.0010698792 0.0009239874 0.0013874182 0.00100493 0.0014711104 0.001311107 0.0010823818 0.0011527829 0.0011126092 0.0013755097 0.0010794601 0.0011610364 0.0011976383 0.0017111955 0.0013410196 0.00100726 0.0010087813 0.00093120226 0.0011452222 0.00093959 0.001277114 0.0010206219 0.0012858704 0.00090069027 0.00084367057 0.0010668983 0.0010637997 0.0012420026 0.001628223 0.0012266311 0.0010032033 0.0012290381 0.0012555431 0.0010539483 0.0014940988 0.0011156261 0.0011898105 0.001447771 0.0015260093 0.0014225842 0.0011579604 0.0011231359 0.001153192 0.0010216318 0.0012178693 0.001073992 0.0012702801 0.0010383916 0.0012809559 0.0011647664 0.0010163287 0.0012653416 0.001287326 0.0010507545 0.0010969549 0.0006567564 0.0014207971 0.001123035 0.0011774077 0.0011075727 0.0008559579 0.0013380852 0.0012301349 0.0012205269 0.0010335281 0.0011670671 0.0013995372 0.0012451144 0.0016447534 0.0013728044 0.0010760396 0.0011666593 0.0014941228 0.0012718054 0.001250662 0.0014342767 0.0014216454 0.0011580106 0.0010326466 0.0013304447 0.0014087033 0.0011168239 0.0012937958 0.0010543779 0.0012350939 0.0012560304 0.0010732824 0.0011648964 0.0012705976 0.0010487393 0.0016479344 0.0011889798 0.0016306425 0.0011593614 0.0011454482 0.0014673811 0.001034829 0.0012312478 0.0010329226 0.0008536457 0.0013340008 0.0014692899 0.0012079848 0.001122376 0.0012978358 0.001272122 0.0013472727 0.0011519861 0.0010981524 0.00084377686 0.0014667351 0.0012469979 0.001493276 0.0010281965 0.00081096624 0.001119985 0.0011359777 0.0017197225 0.001175965 0.0011369981 0.001284039 0.00088304473 0.0013721208 0.0011242387 0.0010971895 0.0014352312 0.0009986655 0.0020448302 0.0012949975 0.0013508761 0.0014525951 0.0011339933 0.0012146062 0.0012787821 0.0008901424 0.0010345188 0.0011322389 0.0009912935 0.0012910021 0.000891552 0.0013195559 0.0014036812 0.0014719914 0.0010389774,
674,512,,,0.004430007 0.004430007 0.004430007 0.004430007 0.004430007 0.004430007 0.004430007 0.004430007 0.004430007 0.004430007 0.004430007 0.004430007 0.004430007 0.004430007 0.004430007 0.004430007 0.004430007 0.004430007 0.004430007 0.004430007 0.004430007 0.004430007 0.004430007 0.004430007 0.004430007 0.004430007 0.004430007 0.004430007 0.004430007 0.004430007 0.004430007 0.004430007 0.004430007 0.004430007 0.004430007 0.004430007 0.004430007 0.004430007 0.004430007 0.004430007 0.004430007 0.004430007 0.004430007 0.004430007 0.004430007 0.004430007 0.004430007 0.004430007 0.004430007 0.004430007 0.004430007 0.004430007 0.004430007 0.004430007 0.004430007 0.004430007 0.004430007 0.004430007 0.004430007 0.004430007 0.004430007 0.004430007 0.004430007 0.004430007 0.004430007 0.004430007 0.004430007 0.004430007 0.004430007 0.004430007 0.004430007 0.004430007 0.004430007 0.004430007 0.004430007 0.004430007 0.004430007 0.004430007 0.004430007 0.004430007 0.004430007 0.004430007 0.004430007 0.004430007 0.004430007 0.004430007 0.004430007 0.004430007 0.004430007 0.004430007 0.004430007 0.004430007 0.004430007 0.004430007 0.004430007 0.004430007 0.004430007 0.004430007 0.004430007 0.004430007 0.004430007 0.004430007 0.004430007 0.004430007 0.004430007 0.004430007 0.004430007 0.004430007 0.004430007 0.004430007 0.004430007 0.004430007 0.004430007 0.004430007 0.004430007 0.004430007 0.004430007 0.004430007 0.004430007 0.004430007 0.004430007 0.004430007 0.004430007 0.004430007 0.004430007 0.004430007 0.004430007 0.004430007 0.004430007 0.004430007 0.004430007 0.004430007 0.004430007 0.004430007 0.004430007 0.004430007 0.004430007 0.004430007 0.004430007 0.004430007 0.004430007 0.004430007 0.004430007 0.004430007 0.004430007 0.004430007 0.004430007 0.004430007 0.004430007 0.004430007 0.004430007 0.004430007 0.004430007 0.004430007 0.004430007 0.004430007 0.004430007 0.004430007 0.004430007 0.004430007 0.004430007 0.004430007 0.004430007 0.004430007 0.004430007 0.004430007 0.004430007 0.004430007 0.004430007 0.004430007 0.004430007 0.004430007 0.004430007 0.004430007 0.004430007 0.004430007 0.004430007 0.004430007 0.004430007 0.004430007 0.004430007 0.004430007 0.004430007 0.004430007 0.004430007 0.004430007 0.004430007 0.004430007 0.004430007 0.004430007 0.004430007 0.004430007 0.004430007 0.004430007 0.004430007 0.004430007 0.004430007 0.004430007 0.004430007 0.004430007 0.004430007 0.004430007 0.004430007 0.004430007 0.004430007 0.004430007 0.004430007 0.004430007 0.004430007 0.004430007 0.004430007 0.004430007 0.004430007 0.004430007 0.004430007 0.004430007 0.004430007 0.004430007 0.004430007 0.004430007 0.004430007 0.004430007 0.004430007 0.004430007 0.004430007 0.004430007 0.004430007 0.004430007 0.004430007 0.004430007 0.004430007 0.004430007 0.004430007 0.004430007 0.004430007 0.004430007 0.004430007 0.004430007 0.004430007 0.004430007 0.004430007 0.004430007 0.004430007 0.004430007 0.004430007 0.004430007 0.004430007 0.004430007 0.004430007 0.004430007 0.004430007 0.004430007 0.004430007 0.004430007 0.004430007 0.004430007 0.004430007 0.004430007 0.004430007 0.004430007 0.004430007 0.004430007 0.004430007 0.004430007 0.004430007 0.004430007 0.004430007 0.004430007 0.004430007 0.004430007 0.004430007 0.004430007 0.004430007 0.004430007 0.004430007 0.004430007 0.004430007 0.004430007 0.004430007 0.004430007 0.004430007 0.004430007 0.004430007 0.004430007 0.004430007 0.004430007 0.004430007 0.004430007 0.004430007 0.004430007 0.004430007 0.004430007 0.004430007 0.004430007 0.004430007 0.004430007 0.004430007 0.004430007 0.004430007 0.004430007 0.004430007 0.004430007 0.004430007 0.004430007 0.004430007 0.004430007 0.004430007 0.004430007 0.004430007 0.004430007 0.004430007 0.004430007 0.004430007 0.004430007 0.004430007 0.004430007 0.004430007 0.004430007 0.004430007 0.004430007 0.004430007 0.004430007 0.004430007 0.004430007 0.004430007 0.004430007 0.004430007 0.004430007 0.004430007 0.004430007 0.004430007 0.004430007 0.004430007 0.004430007 0.004430007 0.004430007 0.004430007 0.004430007 0.004430007 0.004430007 0.004430007 0.004430007 0.004430007 0.004430007 0.004430007 0.004430007 0.004430007 0.004430007 0.004430007 0.004430007 0.004430007 0.004430007 0.004430007 0.004430007 0.004430007 0.004430007 0.004430007 0.004430007 0.004430007 0.004430007 0.004430007 0.004430007 0.004430007 0.004430007 0.004430007 0.004430007 0.004430007 0.004430007 0.004430007 0.004430007 0.004430007 0.004430007 0.004430007 0.004430007 0.004430007 0.004430007 0.004430007 0.004430007 0.004430007 0.004430007 0.004430007 0.004430007 0.004430007 0.004430007 0.004430007 0.004430007 0.004430007 0.004430007 0.004430007 0.004430007 0.004430007 0.004430007 0.004430007 0.004430007 0.004430007 0.004430007 0.004430007 0.004430007 0.004430007 0.004430007 0.004430007 0.004430007 0.004430007 0.004430007 0.004430007 0.004430007 0.004430007 0.004430007 0.004430007 0.004430007 0.004430007 0.004430007 0.004430007 0.004430007 0.004430007 0.004430007 0.004430007 0.004430007 0.004430007 0.004430007 0.004430007 0.004430007 0.004430007 0.004430007 0.004430007 0.004430007 0.004430007 0.004430007 0.004430007 0.004430007 0.004430007 0.004430007 0.004430007 0.004430007 0.004430007 0.004430007 0.004430007 0.004430007 0.004430007 0.004430007 0.004430007 0.004430007 0.004430007 0.004430007 0.004430007 0.004430007 0.004430007 0.004430007 0.004430007 0.004430007 0.004430007 0.004430007 0.004430007 0.004430007 0.004430007 0.004430007 0.004430007 0.004430007 0.004430007 0.004430007 0.004430007 0.004430007 0.004430007 0.004430007 0.004430007 0.004430007 0.004430007 0.004430007 0.004430007 0.004430007 0.004430007 0.004430007 0.004430007 0.004430007 0.004430007 0.004430007 0.004430007 0.004430007 0.004430007 0.004430007 0.004430007 0.004430007 0.004430007 0.004430007 0.004430007 0.004430007 0.004430007 0.004430007 0.004430007 0.004430007 0.004430007 0.004430007 0.004430007 0.004430007 0.004430007 0.004430007 0.004430007 0.004430007 0.004430007 0.004430007 0.004430007 0.004430007 0.004430007 0.004430007 0.004430007 0.004430007 0.004430007 0.004430007 0.004430007 0.004430007 0.004430007 0.004430007,14 14 14 14 14 14 14 15 14 14 14 15 14 14 14 14 14 14 14 14 14 14 14 14 14 14 14 14 14 14 14 14 14 14 14 14 14 14 14 14 14 14 14 14 14 15 14 14 14 14 15 14 14 14 14 14 14 14 14 14 14 14 14 14 15 14 14 15 14 14 14 14 14 15 14 14 14 15 14 14 14 14 14 15 15 14 14 14 14 14 14 14 14 15 14 14 14 14 14 14 15 14 14 14 14 14 14 14 14 14 14 14 14 14 14 14 14 14 15 14 14 14 14 15 14 14 14 14 14 15 14 14 14 14 14 14 14 14 14 14 14 14 14 14 14 14 14 14 14 15 14 14 14 15 14 14 14 14 14 14 14 14 14 14 14 14 14 14 14 14 14 14 14 14 14 14 14 14 14 14 14 14 14 14 15 14 14 14 14 14 14 14 14 14 14 14 14 14 14 14 15 14 14 14 14 14 14 14 14 14 14 14 14 14 14 14 14 15 14 14 14 14 14 14 15 14 14 14 14 14 14 14 15 14 14 14 14 14 14 14 14 14 15 14 14 14 15 14 14 14 14 14 14 14 14 14 14 14 14 14 14 14 14 14 14 14 14 14 14 15 14 14 15 14 14 14 14 15 14 14 14 14 14 14 14 14 14 14 14 14 14 14 14 14 14 14 14 14 14 14 14 14 14 14 14 14 14 14 14 14 15 14 14 14 14 14 14 15 14 14 14 15 15 14 14 14 15 14 14 14 14 14 14 14 14 14 14 14 14 14 14 14 14 14 14 14 14 14 14 14 14 14 14 14 14 14 14 14 14 14 14 14 14 14 14 14 15 14 14 15 14 14 14 14 14 14 14 14 14 14 14 14 14 14 14 15 14 15 14 14 14 15 15 14 14 14 14 14 14 14 14 14 14 14 14 14 14 14 14 14 14 14 14 14 14 14 14 14 14 14 14 14 14 15 14 14 14 14 15 14 14 14 14 14 14 14 14 14 14 14 14 14 14 14 14 14 14 14 14 14 14 14 14 14 14 14 14 14 14 14 14 14 14 14 14 14 14 15 14 14 14 14 14 14 14 14 14 15 14 14 14 14 15 14 14 14 14 14 14 15 14 14 14 14 14 13 14 14 14 14 14 14 15 14 14 14 14 15 14 14 14 14
679,1x1x512x256,0.12363953 0.09805612 0.14138642 0.1664785 0.09639588 0.08834084 0.09490346 0.09796709 0.09582624 0.096646756 0.09104417 0.14319411 0.09569094 0.12681663 0.10822934 0.13256107 0.09864153 0.11303968 0.1498447 0.11118369 0.084307365 0.10548289 0.17139447 0.09138471 0.11079943 0.07464918 0.09354794 0.094662465 0.11025286 0.1497847 0.105637304 0.16985106 0.09435092 0.12804815 0.11939998 0.09723945 0.13240573 0.10389419 0.08928756 0.13204055 0.10933744 0.07943881 0.12142586 0.10245147 0.12713754 0.17923103 0.12295844 0.19414447 0.08647114 0.17236765 0.09868258 0.101521954 0.058415618 0.09703947 0.12059373 0.13132992 0.14509776 0.12393606 0.114972994 0.0963663 0.10323445 0.117734835 0.11481818 0.112921156 0.115105145 0.08788614 0.11078223 0.09148462 0.08652574 0.10383671 0.11702642 0.10395064 0.112663954 0.124434784 0.1141513 0.12113686 0.092297934 0.15516262 0.09783951 0.1519686 0.09578469 0.12953764 0.10493199 0.13520725 0.11531005 0.1329586 0.09389296 0.1005745 0.099940054 0.074642465 0.08380485 0.0967267 0.14526714 0.14316021 0.09163427 0.111325994 0.14835693 0.16180454 0.08695018 0.14376022 0.108197145 0.11325234 0.07085904 0.10720358 0.12075118 0.09339529 0.11546045 0.1084815 0.18816356 0.10990571 0.10636671 0.11159011 0.110367455 0.10967715 0.11230481 0.08786506 0.07543784 0.094381034 0.20315595 0.0899571 0.11733019 0.082021184 0.11535317 0.09151226 0.19438468 0.099179 0.08750697 0.089367814 0.10737616 0.12980774 0.10573478 0.09959037 0.111404404 0.107885115 0.15340191 0.11526638 0.13115926 0.107179604 0.09360735 0.14100942 0.14540136 0.113653235 0.07612555 0.09317981 0.11383436 0.14677215 0.118582204 0.098651946 0.17504653 0.13440683 0.11986831 0.13232705 0.13584855 0.14210431 0.11249025 0.13686028 0.105307795 0.10133125 0.12335768 0.1303238 0.08889584 0.110405296 0.14146656 0.10595855 0.097109735 0.12661996 0.09150137 0.104152314 0.117641345 0.12118628 0.085024044 0.08438934 0.08276999 0.15932679 0.08320668 0.10269725 0.14944594 0.09934593 0.10090971 0.1279402 0.11504147 0.12903254 0.12394451 0.10307709 0.10440728 0.088845626 0.095963635 0.10423914 0.14214802 0.13387191 0.16635096 0.15563403 0.1008903 0.09195505 0.17815587 0.083444096 0.116972096 0.16518228 0.122127794 0.1120383 0.13202357 0.13332573 0.09836465 0.12607795 0.12763713 0.108932965 0.08245221 0.12853599 0.09972955 0.08795625 0.12541206 0.11008518 0.12641828 0.110123254 0.12085894 0.114608765 0.16412216 0.13905671 0.17115293 0.12868506 0.111313 0.097892664 0.087503344 0.09329538 0.091620006 0.12102377 0.08458042 0.09451141 0.07627349 0.17305964 0.13744159 0.119419575 0.0848899 0.13424455 0.12045888 0.095501274 0.12210158 0.14875546 0.120706916 0.12340133 0.09182562 0.124294296 0.103015825 0.085965715 0.13148263 0.1381641 0.11491957 0.10805483 0.13976327 0.13906963 0.16063015 0.10282355 0.11522998 0.1147637 0.12735039 0.09233457,0.123624444 0.09804416 0.14136916 0.16645817 0.096384116 0.08833006 0.09489188 0.09795514 0.09581455 0.09663496 0.09103306 0.14317663 0.09567926 0.12680116 0.10821613 0.1325449 0.0986295 0.11302589 0.14982642 0.11117012 0.084297076 0.10547002 0.17137356 0.091373555 0.11078591 0.074640065 0.09353652 0.09465092 0.1102394 0.14976643 0.10562441 0.16983034 0.0943394 0.12803254 0.11938541 0.09722758 0.13238956 0.10388151 0.089276664 0.13202442 0.1093241 0.07942912 0.12141104 0.10243897 0.12712201 0.17920916 0.12294343 0.19412078 0.08646058 0.17234662 0.098670535 0.10150956 0.05840849 0.09702763 0.120579004 0.1313139 0.14508004 0.12392093 0.11495896 0.09635454 0.10322185 0.11772046 0.11480417 0.11290738 0.11509109 0.08787542 0.11076871 0.09147346 0.08651517 0.103824034 0.117012136 0.10393796 0.1126502 0.1244196 0.11413737 0.12112208 0.09228667 0.15514368 0.097827576 0.15195006 0.095773 0.12952183 0.10491918 0.13519074 0.11529598 0.13294238 0.0938815 0.10056222 0.09992786 0.07463336 0.08379463 0.09671489 0.14524943 0.14314273 0.09162309 0.11131241 0.14833882 0.1617848 0.08693957 0.14374267 0.108183935 0.11323852 0.070850395 0.1071905 0.12073644 0.09338389 0.11544636 0.10846826 0.1881406 0.109892294 0.10635372 0.11157649 0.110353984 0.10966377 0.112291105 0.08785434 0.075428635 0.094369516 0.20313115 0.08994612 0.11731587 0.08201118 0.115339085 0.091501094 0.19436096 0.0991669 0.08749629 0.08935691 0.10736305 0.1297919 0.105721876 0.09957821 0.11139081 0.10787195 0.15338318 0.115252316 0.13114326 0.10716653 0.09359592 0.14099221 0.14538361 0.11363937 0.07611626 0.09316843 0.11382047 0.14675424 0.11856773 0.098639905 0.17502518 0.13439043 0.119853675 0.1323109 0.13583198 0.14208697 0.11247653 0.13684358 0.10529494 0.10131888 0.12334263 0.13030788 0.088884994 0.11039182 0.1414493 0.105945624 0.09709789 0.12660451 0.0914902 0.1041396 0.11762699 0.12117149 0.08501367 0.08437903 0.08275989 0.15930735 0.08319653 0.10268472 0.1494277 0.0993338 0.100897394 0.12792458 0.11502743 0.12901679 0.12392939 0.10306451 0.10439454 0.08883478 0.09595192 0.10422642 0.14213067 0.13385557 0.16633065 0.15561505 0.10087799 0.09194383 0.17813413 0.08343391 0.11695782 0.16516212 0.122112885 0.11202463 0.13200745 0.13330945 0.09835265 0.12606257 0.12762155 0.108919665 0.08244215 0.12852031 0.099717386 0.08794552 0.12539676 0.11007175 0.12640284 0.11010981 0.12084419 0.11459477 0.16410214 0.13903974 0.17113206 0.12866935 0.11129941 0.09788071 0.08749266 0.093283996 0.09160883 0.12100899 0.084570095 0.09449988 0.07626418 0.17303851 0.13742483 0.119405 0.08487954 0.13422816 0.12044418 0.09548961 0.12208668 0.1487373 0.120692186 0.123386264 0.09181441 0.12427913 0.10300325 0.085955225 0.13146658 0.13814725 0.11490554 0.108041644 0.13974622 0.13905266 0.16061056 0.102811 0.11521591 0.11474969 0.12733485 0.092323296,0.0009734208 0.0007720012 0.001113143 0.0013106943 0.00075893005 0.0006955123 0.0007471802 0.0007713003 0.00075444527 0.0007609052 0.00071679574 0.001127375 0.00075338 0.0009984344 0.0008520955 0.0010436607 0.0007766102 0.0008899676 0.0011797356 0.00087535527 0.0006637565 0.00083047256 0.0013493982 0.00071947684 0.00087233 0.00058771705 0.000736508 0.0007452828 0.0008680268 0.0011792632 0.00083168823 0.0013372467 0.0007428299 0.0010081301 0.00094004255 0.0007655715 0.0010424375 0.0008179646 0.00070296583 0.0010395624 0.00086081965 0.0006254261 0.00095599244 0.0008066061 0.0010009607 0.0014110957 0.00096805854 0.0015285101 0.00068079197 0.00135706 0.00077693333 0.0007992879 0.00045990938 0.0007639971 0.000949441 0.0010339677 0.0011423626 0.0009757554 0.0009051886 0.00075869716 0.00081277045 0.0009269328 0.00090396986 0.0008890345 0.0009062291 0.00069193245 0.0008721946 0.00072026346 0.00068122183 0.0008175121 0.0009213554 0.00081840914 0.00088700943 0.0009796818 0.0008987194 0.00095371716 0.0007266667 0.0012216037 0.00077029585 0.0011964572 0.0007541181 0.0010198569 0.0008261353 0.001064494 0.00090784236 0.0010467904 0.00073922443 0.0007918285 0.0007868335 0.00058766425 0.00065980025 0.00076153455 0.0011436963 0.0011271081 0.00072144164 0.0008764757 0.0011680223 0.0012738961 0.0006845636 0.001131832 0.000851842 0.0008916419 0.0005578771 0.00084401964 0.00095068064 0.00073530624 0.0009090264 0.0008540808 0.0014814221 0.00086529367 0.0008374309 0.00087855506 0.000868929 0.00086349424 0.00088418194 0.00069176644 0.00059392623 0.00074306707 0.0015994579 0.0007082372 0.000923747 0.0006457573 0.00090818177 0.00072048104 0.0015304012 0.00078084174 0.00068894716 0.0007035977 0.0008453784 0.0010219835 0.0008324557 0.00078408036 0.00087709294 0.00084938545 0.0012077416 0.0009074985 0.001032624 0.00084383093 0.00073697575 0.0011101749 0.0011447528 0.0008947982 0.0005993406 0.00073360966 0.00089622417 0.0011555451 0.00093360414 0.0007766922 0.001378151 0.0010581923 0.0009437297 0.0010418181 0.0010695432 0.001118795 0.00088564196 0.0010775084 0.00082909403 0.00079778646 0.00097120187 0.0010260463 0.0006998819 0.00086922693 0.001113774 0.0008342175 0.0007645503 0.0009968859 0.0007203953 0.0008199969 0.00092619675 0.0009541062 0.000669399 0.00066440186 0.00065165263 0.0012543886 0.0006550908 0.00080854114 0.001176596 0.0007821559 0.0007944677 0.0010072801 0.0009057278 0.0010158803 0.000975822 0.00081153156 0.0008220043 0.0006994864 0.00075552694 0.00082068046 0.0011191391 0.0010539808 0.0013096902 0.0012253154 0.0007943149 0.00072396715 0.0014026309 0.00065695995 0.00092092773 0.0013004891 0.0009615188 0.00088208367 0.0010394288 0.0010496808 0.0007744303 0.0009926187 0.001004894 0.00085763517 0.0006491508 0.0010119709 0.0007851763 0.00069248443 0.0009873761 0.00086670666 0.0009952979 0.0008670064 0.0009515291 0.000902321 0.0012921428 0.0010948011 0.0013474965 0.0010131445 0.0008763733 0.0007707143 0.0006889186 0.0007345197 0.00072132936 0.0009528267 0.00066590623 0.00074409356 0.00060050533 0.0013625079 0.0010820853 0.00094019686 0.0006683428 0.0010569146 0.00094837934 0.00075188675 0.00096131244 0.0011711598 0.00095033215 0.0009715454 0.0007229481 0.0009785758 0.0008110492 0.0006768128 0.0010351699 0.0010877736 0.00090476807 0.0008507216 0.0011003639 0.0010949029 0.00126465 0.00080953544 0.0009072119 0.0009035409 0.0010026366 0.00072695507,
680,256,,,0.0045940573 0.0045940573 0.0045940573 0.0045940573 0.0045940573 0.0045940573 0.0045940573 0.0045940573 0.0045940573 0.0045940573 0.0045940573 0.0045940573 0.0045940573 0.0045940573 0.0045940573 0.0045940573 0.0045940573 0.0045940573 0.0045940573 0.0045940573 0.0045940573 0.0045940573 0.0045940573 0.0045940573 0.0045940573 0.0045940573 0.0045940573 0.0045940573 0.0045940573 0.0045940573 0.0045940573 0.0045940573 0.0045940573 0.0045940573 0.0045940573 0.0045940573 0.0045940573 0.0045940573 0.0045940573 0.0045940573 0.0045940573 0.0045940573 0.0045940573 0.0045940573 0.0045940573 0.0045940573 0.0045940573 0.0045940573 0.0045940573 0.0045940573 0.0045940573 0.0045940573 0.0045940573 0.0045940573 0.0045940573 0.0045940573 0.0045940573 0.0045940573 0.0045940573 0.0045940573 0.0045940573 0.0045940573 0.0045940573 0.0045940573 0.0045940573 0.0045940573 0.0045940573 0.0045940573 0.0045940573 0.0045940573 0.0045940573 0.0045940573 0.0045940573 0.0045940573 0.0045940573 0.0045940573 0.0045940573 0.0045940573 0.0045940573 0.0045940573 0.0045940573 0.0045940573 0.0045940573 0.0045940573 0.0045940573 0.0045940573 0.0045940573 0.0045940573 0.0045940573 0.0045940573 0.0045940573 0.0045940573 0.0045940573 0.0045940573 0.0045940573 0.0045940573 0.0045940573 0.0045940573 0.0045940573 0.0045940573 0.0045940573 0.0045940573 0.0045940573 0.0045940573 0.0045940573 0.0045940573 0.0045940573 0.0045940573 0.0045940573 0.0045940573 0.0045940573 0.0045940573 0.0045940573 0.0045940573 0.0045940573 0.0045940573 0.0045940573 0.0045940573 0.0045940573 0.0045940573 0.0045940573 0.0045940573 0.0045940573 0.0045940573 0.0045940573 0.0045940573 0.0045940573 0.0045940573 0.0045940573 0.0045940573 0.0045940573 0.0045940573 0.0045940573 0.0045940573 0.0045940573 0.0045940573 0.0045940573 0.0045940573 0.0045940573 0.0045940573 0.0045940573 0.0045940573 0.0045940573 0.0045940573 0.0045940573 0.0045940573 0.0045940573 0.0045940573 0.0045940573 0.0045940573 0.0045940573 0.0045940573 0.0045940573 0.0045940573 0.0045940573 0.0045940573 0.0045940573 0.0045940573 0.0045940573 0.0045940573 0.0045940573 0.0045940573 0.0045940573 0.0045940573 0.0045940573 0.0045940573 0.0045940573 0.0045940573 0.0045940573 0.0045940573 0.0045940573 0.0045940573 0.0045940573 0.0045940573 0.0045940573 0.0045940573 0.0045940573 0.0045940573 0.0045940573 0.0045940573 0.0045940573 0.0045940573 0.0045940573 0.0045940573 0.0045940573 0.0045940573 0.0045940573 0.0045940573 0.0045940573 0.0045940573 0.0045940573 0.0045940573 0.0045940573 0.0045940573 0.0045940573 0.0045940573 0.0045940573 0.0045940573 0.0045940573 0.0045940573 0.0045940573 0.0045940573 0.0045940573 0.0045940573 0.0045940573 0.0045940573 0.0045940573 0.0045940573 0.0045940573 0.0045940573 0.0045940573 0.0045940573 0.0045940573 0.0045940573 0.0045940573 0.0045940573 0.0045940573 0.0045940573 0.0045940573 0.0045940573 0.0045940573 0.0045940573 0.0045940573 0.0045940573 0.0045940573 0.0045940573 0.0045940573 0.0045940573 0.0045940573 0.0045940573 0.0045940573 0.0045940573 0.0045940573 0.0045940573 0.0045940573 0.0045940573 0.0045940573 0.0045940573 0.0045940573 0.0045940573 0.0045940573 0.0045940573 0.0045940573 0.0045940573 0.0045940573 0.0045940573 0.0045940573 0.0045940573 0.0045940573 0.0045940573 0.0045940573 0.0045940573 0.0045940573 0.0045940573 0.0045940573 0.0045940573,15 15 14 14 15 15 15 15 15 15 15 14 15 14 15 14 15 15 14 15 15 15 14 15 15 15 15 15 15 14 15 14 15 14 15 15 14 15 15 14 15 15 15 15 14 14 15 14 15 14 15 15 16 15 15 14 14 14 15 15 15 15 15 15 15 15 15 15 15 15 15 15 15 14 15 15 15 14 15 14 15 14 15 14 15 14 15 15 15 15 15 15 14 14 15 15 14 14 15 14 15 15 15 15 15 15 15 15 14 15 15 15 15 15 15 15 15 15 14 15 15 15 15 15 14 15 15 15 15 14 15 15 15 15 14 15 14 15 15 14 14 15 15 15 15 14 15 15 14 14 15 14 14 14 15 14 15 15 15 14 15 15 14 15 15 14 15 15 15 15 15 15 15 14 15 15 14 15 15 14 15 14 14 15 15 15 15 15 14 14 14 14 15 15 14 15 15 14 15 15 14 14 15 14 14 15 15 14 15 15 14 15 14 15 15 15 14 14 14 14 15 15 15 15 15 15 15 15 15 14 14 15 15 14 15 15 15 14 15 15 15 14 15 15 14 14 15 15 14 14 14 15 15 15 14 15
690,1x1x768x512,0.13144977 0.13415988 0.099045135 0.16042048 0.1384599 0.077310376 0.093981676 0.07839569 0.07869223 0.12313659 0.10332159 0.094756976 0.11084883 0.09605509 0.10325413 0.06411482 0.046262804 0.12787972 0.084639445 0.056678906 0.08320844 0.09153647 0.082155675 0.086996354 0.07299236 0.085006885 0.057520024 0.07686274 0.11045549 0.07950345 0.11689482 0.1258595 0.081296526 0.049778506 0.08531513 0.11437185 0.058204893 0.09049007 0.069706194 0.096086144 0.091399744 0.13339126 0.07290161 0.09113646 0.09187163 0.12175986 0.08721419 0.10875611 0.07769114 0.1429189 0.059534766 0.0912737 0.075253345 0.09890383 0.06662943 0.1053309 0.079311624 0.11025998 0.10492911 0.059700083 0.06619838 0.10315799 0.108337775 0.08762607 0.06683371 0.08248668 0.081037804 0.1006471 0.1005731 0.074272186 0.08462363 0.09047242 0.06909261 0.10526688 0.055707164 0.10809008 0.08161887 0.10394947 0.09393107 0.09286673 0.10164325 0.08090762 0.116182245 0.07999897 0.04346676 0.10307724 0.07396066 0.14838764 0.057922326 0.077143356 0.10132756 0.09498613 0.10401834 0.09506904 0.11144209 0.052083462 0.052642923 0.11383417 0.10514146 0.10818962 0.119840056 0.110439084 0.048459865 0.085032485 0.119257174 0.07580656 0.057140455 0.07833851 0.14363067 0.09801945 0.11496801 0.0782782 0.13762546 0.079985045 0.07790719 0.086677656 0.11071189 0.093098715 0.09405425 0.08414526 0.11881397 0.10768219 0.07228479 0.09478158 0.06204605 0.10131724 0.10038862 0.12678312 0.075086646 0.09338128 0.0718294 0.08397973 0.11818067 0.10629348 0.07857113 0.0781 0.10871508 0.08439332 0.12811725 0.08266511 0.10031441 0.09871662 0.09985012 0.076224856 0.086857416 0.08196274 0.085791744 0.10400657 0.09085642 0.07491438 0.11655007 0.0770318 0.1083285 0.08983203 0.12019757 0.085909925 0.08036747 0.114363976 0.069240876 0.09271849 0.05321984 0.09252084 0.11981926 0.107202806 0.07709392 0.06262199 0.07176878 0.088488206 0.05984576 0.08352764 0.1011694 0.07652034 0.08283926 0.11952464 0.08982407 0.09803856 0.108256444 0.05603325 0.09201365 0.1044589 0.054934744 0.0706447 0.0963369 0.07903909 0.09271292 0.052050665 0.046173096 0.08581693 0.09567893 0.088512965 0.1214597 0.11038951 0.0840442 0.07292349 0.0905054 0.08950672 0.10807406 0.0794009 0.08273259 0.10484737 0.13460709 0.0756673 0.08426432 0.10540438 0.08141531 0.11634895 0.06863435 0.099876285 0.103355475 0.08339023 0.10542425 0.08537653 0.13695008 0.08841387 0.07923722 0.08478412 0.09421177 0.07912776 0.07700138 0.06756234 0.07850674 0.06526798 0.13171683 0.06245562 0.14895225 0.05196113 0.09565102 0.0854466 0.105808996 0.08499936 0.057557937 0.097643174 0.098651424 0.10509 0.10859364 0.11553899 0.106466666 0.107582666 0.093403704 0.116075516 0.044159517 0.11114622 0.050110903 0.097129025 0.0952123 0.0834262 0.096490405 0.10388743 0.07704278 0.092532136 0.10769519 0.114675805 0.060823984 0.107699126 0.078194566 0.08715204 0.101495154 0.10416875 0.08294893 0.07447417 0.08220168 0.12436165 0.10244391 0.109744914 0.07600344 0.105161764 0.100079 0.102554895 0.113694675 0.08589417 0.08340271 0.08617492 0.0896726 0.10880878 0.113368675 0.10731286 0.12281187 0.07138358 0.07814309 0.089421645 0.066115655 0.080716275 0.08254194 0.069136664 0.15385103 0.10425806 0.089927346 0.122298926 0.08356943 0.100433916 0.0703797 0.07074162 0.07014924 0.0874855 0.046745297 0.11382682 0.05222364 0.112795316 0.121216536 0.08294345 0.07147536 0.15661979 0.10298794 0.06006401 0.08659865 0.08423562 0.17476569 0.09024244 0.08508333 0.069148265 0.07892347 0.0840066 0.07748069 0.09802412 0.08833496 0.055489685 0.071757294 0.11103098 0.08573219 0.065437526 0.09113056 0.08715364 0.079087876 0.1018987 0.080684215 0.08141121 0.08883601 0.07833109 0.091254234 0.05809181 0.08300011 0.13938202 0.110412285 0.108583406 0.08739797 0.09376252 0.07902145 0.095443346 0.081781596 0.09764102 0.10619412 0.09506185 0.12370032 0.07267003 0.25642687 0.097054414 0.0792617 0.091633715 0.08778545 0.086455815 0.09521049 0.097461216 0.08126054 0.06649402 0.070857026 0.041659158 0.123512544 0.07470934 0.100154355 0.06340508 0.10043065 0.04937222 0.11632416 0.086966574 0.07847631 0.09249259 0.20902635 0.13755313 0.09900031 0.06919242 0.09374516 0.0926945 0.07702816 0.075144395 0.074348845 0.09011768 0.11012524 0.11404777 0.083738066 0.043350596 0.06816566 0.10313049 0.044320352 0.16171955 0.09293692 0.13202466 0.09947361 0.109821916 0.111124694 0.10225811 0.07223334 0.066832915 0.06977425 0.07183607 0.082126126 0.08574738 0.08178555 0.09349013 0.084109776 0.08183619 0.10157344 0.10199233 0.08202172 0.08441345 0.09493357 0.08455253 0.06634009 0.057527605 0.09682636 0.068679996 0.10813125 0.11347531 0.08143051 0.08214503 0.077390365 0.08453913 0.066176005 0.079491705 0.13236198 0.090227276 0.096407145 0.13411736 0.08590095 0.07522864 0.0843217 0.07855572 0.09778655 0.07672135 0.105646424 0.092497684 0.07201599 0.10404462 0.11295117 0.115272135 0.072609656 0.060570445 0.086586505 0.09959904 0.08987343 0.08383487 0.098058216 0.07423014 0.08800187 0.11141627 0.0623696 0.08840479 0.09854576 0.10270218 0.077122405 0.08503069 0.101843655 0.09351906 0.13607165 0.09744792 0.08185023 0.06569997 0.08975466 0.08094016 0.090024404 0.12812033 0.09411257 0.10860061 0.10611022 0.054234512 0.085619636 0.07338871 0.10812603 0.08683346 0.07840027 0.09168118 0.08509398 0.06070903 0.10355629 0.10886565 0.10181496 0.115112305 0.080738194 0.05498232 0.10318668 0.08716325 0.08630999 0.10176926 0.08167425 0.055063624 0.083469026 0.06008222 0.10651711 0.08431197 0.09478135 0.12793393 0.086909 0.06735449 0.10729744 0.06541856 0.08949929 0.12598339 0.105301395 0.0963251 0.06872397 0.1306773 0.09408397 0.120272316 0.07077293 0.09664792 0.07313538 0.068307556 0.07778788 0.10233594 0.08783148 0.081064075 0.113725126 0.10746461,0.13143374 0.1341435 0.09903304 0.1604009 0.13844301 0.077300936 0.0939702 0.07838612 0.078682624 0.12312156 0.103308976 0.09474541 0.11083531 0.09604336 0.103241526 0.06410699 0.04625716 0.12786411 0.08462911 0.05667199 0.08319829 0.091525294 0.08214565 0.08698574 0.07298346 0.08499651 0.057513002 0.07685336 0.110442005 0.07949374 0.11688056 0.12584414 0.08128661 0.049772434 0.085304715 0.11435789 0.05819779 0.09047903 0.069697686 0.09607442 0.09138859 0.13337497 0.07289271 0.09112534 0.09186041 0.121745 0.08720355 0.10874283 0.07768166 0.14290147 0.059527498 0.091262564 0.075244166 0.09889176 0.066621296 0.10531804 0.079301946 0.110246524 0.10491631 0.059692796 0.066190295 0.103145406 0.10832456 0.08761537 0.06682556 0.082476616 0.08102791 0.10063482 0.10056082 0.074263126 0.0846133 0.09046138 0.06908418 0.105254024 0.055700365 0.10807689 0.08160891 0.10393679 0.09391961 0.0928554 0.101630844 0.08089774 0.11616807 0.0799892 0.043461457 0.103064656 0.07395163 0.14836952 0.05791526 0.077133946 0.1013152 0.09497454 0.10400564 0.09505744 0.111428484 0.052077103 0.0526365 0.113820285 0.10512863 0.10817642 0.11982543 0.11042561 0.048453953 0.08502211 0.119242616 0.07579731 0.05713348 0.07832895 0.14361313 0.09800749 0.11495398 0.07826865 0.13760866 0.079975285 0.07789768 0.086667076 0.11069837 0.09308735 0.09404278 0.08413499 0.11879947 0.10766905 0.07227597 0.094770014 0.06203848 0.10130488 0.10037636 0.12676764 0.07507748 0.09336989 0.07182064 0.08396949 0.118166246 0.106280506 0.078561544 0.07809047 0.10870181 0.08438302 0.1281016 0.08265502 0.10030217 0.09870457 0.09983794 0.07621556 0.08684682 0.08195274 0.08578127 0.103993885 0.09084533 0.07490524 0.11653585 0.077022396 0.108315274 0.08982106 0.1201829 0.08589944 0.080357656 0.11435001 0.06923243 0.09270718 0.053213343 0.092509545 0.11980464 0.10718972 0.07708451 0.06261435 0.07176003 0.0884774 0.05983846 0.08351745 0.101157054 0.076510996 0.08282915 0.119510055 0.089813106 0.098026596 0.108243234 0.056026414 0.09200242 0.10444615 0.054928042 0.07063608 0.096325144 0.07902945 0.09270161 0.052044313 0.046167463 0.08580646 0.09566726 0.08850216 0.12144488 0.11037604 0.08403395 0.072914585 0.09049435 0.0894958 0.10806087 0.07939121 0.08272249 0.10483457 0.13459066 0.07565806 0.08425404 0.10539152 0.08140538 0.11633475 0.06862598 0.099864095 0.10334286 0.08338005 0.10541138 0.08536611 0.13693337 0.08840308 0.07922755 0.08477377 0.094200276 0.0791181 0.076991975 0.0675541 0.07849716 0.065260015 0.13170075 0.062448 0.14893407 0.05195479 0.09563935 0.08543618 0.105796084 0.08498898 0.057550915 0.09763125 0.098639384 0.10507717 0.10858039 0.115524895 0.10645367 0.10756954 0.093392305 0.116061345 0.04415413 0.11113266 0.05010479 0.09711717 0.09520069 0.08341602 0.09647863 0.10387476 0.07703338 0.09252085 0.10768205 0.114661805 0.060816564 0.10768598 0.07818502 0.08714141 0.101482764 0.10415603 0.08293881 0.07446508 0.082191646 0.12434647 0.10243141 0.109731525 0.075994164 0.105148934 0.10006678 0.10254238 0.113680795 0.085883684 0.08339253 0.08616441 0.08966166 0.108795494 0.11335484 0.10729976 0.122796886 0.07137486 0.07813355 0.08941074 0.066107586 0.080706425 0.08253187 0.06912822 0.15383226 0.10424534 0.08991637 0.122283995 0.08355923 0.10042166 0.070371106 0.070732996 0.07014068 0.08747482 0.04673959 0.11381292 0.052217267 0.112781554 0.121201746 0.08293333 0.07146663 0.15660068 0.10297537 0.060056683 0.08658808 0.08422534 0.17474435 0.090231426 0.08507295 0.06913983 0.07891384 0.08399635 0.077471234 0.098012164 0.08832418 0.055482913 0.07174853 0.111017436 0.085721724 0.06542954 0.091119446 0.08714301 0.07907822 0.101886265 0.08067437 0.08140128 0.088825166 0.07832153 0.0912431 0.058084723 0.08298998 0.13936502 0.110398814 0.10857016 0.08738731 0.09375107 0.0790118 0.09543169 0.08177162 0.0976291 0.10618116 0.09505025 0.123685226 0.072661154 0.25639558 0.09704257 0.07925202 0.09162253 0.08777474 0.086445265 0.09519888 0.09744932 0.08125062 0.066485904 0.07084838 0.041654073 0.12349747 0.07470023 0.100142136 0.06339735 0.1004184 0.04936619 0.116309956 0.086955965 0.07846673 0.0924813 0.20900084 0.13753635 0.098988235 0.06918397 0.09373372 0.09268318 0.07701877 0.07513522 0.07433977 0.09010668 0.1101118 0.114033855 0.08372785 0.043345306 0.068157345 0.1031179 0.044314943 0.1616998 0.09292557 0.13200854 0.099461466 0.10980851 0.111111134 0.10224563 0.07222453 0.066824764 0.06976573 0.07182731 0.082116105 0.08573692 0.081775576 0.09347872 0.084099516 0.081826195 0.10156104 0.10197989 0.082011715 0.08440315 0.094921984 0.08454221 0.066332 0.057520587 0.09681454 0.068671614 0.10811806 0.113461465 0.08142057 0.08213501 0.077380925 0.08452881 0.06616793 0.079482004 0.13234583 0.090216264 0.09639538 0.13410099 0.085890464 0.07521946 0.08431141 0.07854614 0.097774625 0.07671199 0.10563353 0.0924864 0.07200721 0.10403192 0.11293738 0.11525807 0.07260079 0.06056305 0.08657593 0.09958688 0.089862466 0.08382464 0.09804625 0.07422108 0.087991126 0.111402676 0.06236199 0.088394 0.098533735 0.10268964 0.07711299 0.08502031 0.10183123 0.09350765 0.13605504 0.097436026 0.08184025 0.065691955 0.08974371 0.08093028 0.09001342 0.12810469 0.094101086 0.108587354 0.10609727 0.054227896 0.08560918 0.073379755 0.108112834 0.08682286 0.0783907 0.09167 0.0850836 0.06070162 0.10354365 0.108852364 0.10180254 0.11509826 0.08072834 0.05497561 0.10317409 0.087152615 0.08629946 0.10175684 0.08166428 0.055056904 0.08345884 0.060074884 0.106504105 0.08430168 0.09476978 0.12791832 0.0868984 0.06734627 0.10728435 0.06541058 0.089488365 0.12596801 0.10528854 0.09631334 0.06871559 0.13066135 0.09407249 0.12025764 0.07076429 0.096636124 0.07312646 0.06829922 0.07777839 0.10232344 0.08782077 0.08105418 0.113711245 0.10745149,0.0010349114 0.0010562481 0.0007797877 0.0012629991 0.0010901025 0.0006086688 0.00073992286 0.00061721355 0.0006195482 0.0009694611 0.0008134565 0.00074602687 0.0008727189 0.00075624697 0.0008129254 0.00050477945 0.0003642296 0.0010068039 0.00066637096 0.00044623614 0.00065510464 0.0007206716 0.00064681616 0.00068492704 0.0005746729 0.0006692638 0.00045285828 0.00060514454 0.0008696221 0.000625935 0.00092031935 0.0009908987 0.000640052 0.00039190892 0.0006716907 0.0009004558 0.00045825032 0.0007124333 0.0005488007 0.0007564915 0.0007195952 0.0010501967 0.0005739583 0.00071752234 0.00072331034 0.000958622 0.00068664213 0.0008562428 0.00061166665 0.0011252083 0.00046872045 0.00071860285 0.0005924737 0.00077867525 0.00052457716 0.00082927593 0.0006244248 0.00086808286 0.0008261127 0.00047002203 0.0005211834 0.0008121685 0.0008529493 0.0006898848 0.0005261855 0.0006494222 0.00063801504 0.00079240015 0.0007918175 0.00058474904 0.00066624646 0.00071229436 0.0005439699 0.00082877185 0.00043858556 0.00085099915 0.0006425898 0.00081839995 0.0007395245 0.0007311449 0.0008002429 0.00063699007 0.0009147092 0.0006298362 0.0003422162 0.0008115327 0.0005822963 0.001168264 0.00045602565 0.0006073539 0.0007977575 0.000747831 0.0008189421 0.0007484838 0.0008773896 0.00041005595 0.00041446064 0.0008962227 0.0008277845 0.0008517828 0.0009435073 0.00086949294 0.00038152718 0.0006694654 0.0009389182 0.0005968292 0.00044986993 0.0006167634 0.0011308121 0.00077171257 0.00090514944 0.00061628857 0.0010835328 0.0006297266 0.0006133676 0.00068241794 0.00087164075 0.0007329713 0.0007404943 0.00066248025 0.0009354289 0.0008477878 0.0005691021 0.0007462206 0.00048849196 0.0007976762 0.00079036504 0.0009981703 0.00059116125 0.00073519594 0.0005655168 0.0006611771 0.0009304429 0.0008368544 0.0006185948 0.0006148856 0.0008559198 0.00066443323 0.001008674 0.00065082696 0.00078978087 0.0007772013 0.0007861255 0.0006001225 0.00068383326 0.0006452972 0.00067544304 0.0008188495 0.00071531755 0.000589805 0.0009176051 0.0006064756 0.00085287617 0.0007072525 0.00094632205 0.00067637354 0.0006327375 0.0009003938 0.0005451372 0.0007299778 0.0004190027 0.0007284216 0.0009433436 0.0008440136 0.00060696463 0.0004930264 0.0005650396 0.0006966725 0.00047116895 0.0006576177 0.00079651223 0.00060244877 0.00065219804 0.00094102405 0.0007071898 0.000771863 0.00085230893 0.00044115286 0.0007244285 0.0008224106 0.00043250425 0.0005561896 0.0007584657 0.0006222791 0.0007299339 0.00040979774 0.00036352334 0.0006756414 0.0007532855 0.0006968674 0.0009562589 0.00086910266 0.00066168467 0.0005741306 0.0007125539 0.00070469134 0.00085087295 0.00062512764 0.0006513582 0.0008254691 0.001059769 0.00059573277 0.0006634176 0.00082985446 0.00064098724 0.00091602164 0.00054036203 0.0007863315 0.0008137233 0.00065653585 0.00083001086 0.0006721741 0.0010782155 0.00069608726 0.000623839 0.00066751003 0.00074173446 0.0006229772 0.00060623605 0.00053192204 0.0006180878 0.0005138584 0.0010370138 0.00049171655 0.0011727092 0.00040909284 0.00075306575 0.00067272584 0.00083304005 0.0006692046 0.0004531568 0.00076875003 0.00077668804 0.0008273793 0.00085496367 0.0009096448 0.0008382179 0.00084700424 0.0007353725 0.00091386883 0.0003476703 0.00087506033 0.0003945259 0.00076470216 0.0007496117 0.0006568191 0.0007596743 0.00081791147 0.000606562 0.0007285106 0.00084789016 0.00090284884 0.00047887058 0.0008479211 0.00061563007 0.00068615284 0.00079907686 0.0008201262 0.0006530615 0.0005863392 0.0006471783 0.0009791061 0.00080654654 0.00086402777 0.00059837924 0.0008279444 0.0007879274 0.0008074203 0.0008951244 0.0006762495 0.0006566341 0.0006784599 0.0007059973 0.00085665745 0.0008925578 0.00084488 0.0009669046 0.0005620068 0.0006152248 0.00070402154 0.0005205322 0.00063548365 0.0006498572 0.0005443167 0.0012112776 0.0008208295 0.00070800295 0.0009628661 0.0006579467 0.00079072174 0.0005541032 0.0005569527 0.00055228884 0.0006887781 0.00036802827 0.00089616474 0.0004111596 0.0008880437 0.00095434446 0.00065301836 0.0005627294 0.0012330762 0.0008108297 0.00047288727 0.0006817959 0.00066319166 0.0013759398 0.0007104837 0.00066986575 0.0005444081 0.0006213688 0.00066138856 0.0006100097 0.0007717493 0.000695466 0.00043687332 0.00056494906 0.00087415305 0.00067497423 0.0005151932 0.00071747595 0.00068616547 0.0006226631 0.0008022541 0.00063523126 0.000640955 0.00069941074 0.000616705 0.00071844965 0.00045736003 0.00065346446 0.0010973624 0.000869282 0.0008548831 0.00068808906 0.0007381974 0.0006221401 0.00075143063 0.000643871 0.0007687331 0.00083607214 0.0007484272 0.00097389944 0.0005721351 0.0020188629 0.0007641147 0.00062403164 0.0007214373 0.00069113966 0.00068067136 0.00074959744 0.0007673175 0.00063976867 0.00052351103 0.0005578613 0.00032798483 0.000972421 0.0005881908 0.00078852073 0.0004991917 0.000790696 0.00038871018 0.0009158264 0.00068469264 0.00061784824 0.0007281992 0.0016456759 0.0010829633 0.0007794349 0.00054475566 0.0007380608 0.00072978885 0.000606447 0.0005916159 0.00058535254 0.00070950144 0.0008670221 0.0008979044 0.0006592744 0.0003413016 0.000536672 0.00081195193 0.00034893656 0.0012732268 0.0007316974 0.0010394373 0.00078316114 0.00086463394 0.00087489083 0.0008050837 0.00056869705 0.00052617927 0.0005493365 0.0005655693 0.0006465835 0.0006750939 0.00064390217 0.00073605287 0.0006622009 0.0006443008 0.0007996932 0.0008029913 0.00064576155 0.00066459173 0.0007474172 0.0006656867 0.0005222992 0.000452918 0.00076231925 0.00054072135 0.0008513233 0.0008933974 0.00064110686 0.00064673234 0.00060929864 0.0006655812 0.0005210073 0.00062584254 0.0010420932 0.00071036426 0.00075901876 0.0010559133 0.0006763029 0.0005922792 0.0006638694 0.0006184735 0.0007698789 0.00060403143 0.00083176006 0.00072823936 0.0005669859 0.00081914896 0.00088927074 0.0009075438 0.00057165977 0.0004768744 0.00068170024 0.0007841487 0.0007075785 0.0006600366 0.0007720177 0.00058441795 0.0006928435 0.0008771864 0.0004910393 0.0006960158 0.0007758562 0.00080857985 0.0006071889 0.00066945126 0.0008018207 0.0007362807 0.0010712995 0.0007672128 0.00064441137 0.00051725947 0.0007066434 0.0006372463 0.0007087671 0.0010086984 0.00074095343 0.00085501856 0.0008354116 0.00042699132 0.0006740881 0.00057779334 0.00085128215 0.00068364455 0.00061724964 0.000721811 0.0006699496 0.0004779655 0.0008153043 0.00085710525 0.0008015948 0.00090628554 0.0006356562 0.00043287882 0.0008123944 0.0006862411 0.0006795233 0.000801235 0.0006430258 0.00043351893 0.0006571562 0.00047303058 0.000838615 0.0006637928 0.0007462188 0.0010072308 0.0006842394 0.0005302856 0.0008447587 0.0005150439 0.0007046328 0.0009918741 0.0008290436 0.0007583728 0.0005410676 0.0010288296 0.0007407283 0.0009469105 0.0005571991 0.00076091435 0.00057579885 0.00053778914 0.0006124283 0.0008056964 0.0006915021 0.0006382219 0.00089536415 0.0008460747,
691,512,,,0.004277269 0.004277269 0.004277269 0.004277269 0.004277269 0.004277269 0.004277269 0.004277269 0.004277269 0.004277269 0.004277269 0.004277269 0.004277269 0.004277269 0.004277269 0.004277269 0.004277269 0.004277269 0.004277269 0.004277269 0.004277269 0.004277269 0.004277269 0.004277269 0.004277269 0.004277269 0.004277269 0.004277269 0.004277269 0.004277269 0.004277269 0.004277269 0.004277269 0.004277269 0.004277269 0.004277269 0.004277269 0.004277269 0.004277269 0.004277269 0.004277269 0.004277269 0.004277269 0.004277269 0.004277269 0.004277269 0.004277269 0.004277269 0.004277269 0.004277269 0.004277269 0.004277269 0.004277269 0.004277269 0.004277269 0.004277269 0.004277269 0.004277269 0.004277269 0.004277269 0.004277269 0.004277269 0.004277269 0.004277269 0.004277269 0.004277269 0.004277269 0.004277269 0.004277269 0.004277269 0.004277269 0.004277269 0.004277269 0.004277269 0.004277269 0.004277269 0.004277269 0.004277269 0.004277269 0.004277269 0.004277269 0.004277269 0.004277269 0.004277269 0.004277269 0.004277269 0.004277269 0.004277269 0.004277269 0.004277269 0.004277269 0.004277269 0.004277269 0.004277269 0.004277269 0.004277269 0.004277269 0.004277269 0.004277269 0.004277269 0.004277269 0.004277269 0.004277269 0.004277269 0.004277269 0.004277269 0.004277269 0.004277269 0.004277269 0.004277269 0.004277269 0.004277269 0.004277269 0.004277269 0.004277269 0.004277269 0.004277269 0.004277269 0.004277269 0.004277269 0.004277269 0.004277269 0.004277269 0.004277269 0.004277269 0.004277269 0.004277269 0.004277269 0.004277269 0.004277269 0.004277269 0.004277269 0.004277269 0.004277269 0.004277269 0.004277269 0.004277269 0.004277269 0.004277269 0.004277269 0.004277269 0.004277269 0.004277269 0.004277269 0.004277269 0.004277269 0.004277269 0.004277269 0.004277269 0.004277269 0.004277269 0.004277269 0.004277269 0.004277269 0.004277269 0.004277269 0.004277269 0.004277269 0.004277269 0.004277269 0.004277269 0.004277269 0.004277269 0.004277269 0.004277269 0.004277269 0.004277269 0.004277269 0.004277269 0.004277269 0.004277269 0.004277269 0.004277269 0.004277269 0.004277269 0.004277269 0.004277269 0.004277269 0.004277269 0.004277269 0.004277269 0.004277269 0.004277269 0.004277269 0.004277269 0.004277269 0.004277269 0.004277269 0.004277269 0.004277269 0.004277269 0.004277269 0.004277269 0.004277269 0.004277269 0.004277269 0.004277269 0.004277269 0.004277269 0.004277269 0.004277269 0.004277269 0.004277269 0.004277269 0.004277269 0.004277269 0.004277269 0.004277269 0.004277269 0.004277269 0.004277269 0.004277269 0.004277269 0.004277269 0.004277269 0.004277269 0.004277269 0.004277269 0.004277269 0.004277269 0.004277269 0.004277269 0.004277269 0.004277269 0.004277269 0.004277269 0.004277269 0.004277269 0.004277269 0.004277269 0.004277269 0.004277269 0.004277269 0.004277269 0.004277269 0.004277269 0.004277269 0.004277269 0.004277269 0.004277269 0.004277269 0.004277269 0.004277269 0.004277269 0.004277269 0.004277269 0.004277269 0.004277269 0.004277269 0.004277269 0.004277269 0.004277269 0.004277269 0.004277269 0.004277269 0.004277269 0.004277269 0.004277269 0.004277269 0.004277269 0.004277269 0.004277269 0.004277269 0.004277269 0.004277269 0.004277269 0.004277269 0.004277269 0.004277269 0.004277269 0.004277269 0.004277269 0.004277269 0.004277269 0.004277269 0.004277269 0.004277269 0.004277269 0.004277269 0.004277269 0.004277269 0.004277269 0.004277269 0.004277269 0.004277269 0.004277269 0.004277269 0.004277269 0.004277269 0.004277269 0.004277269 0.004277269 0.004277269 0.004277269 0.004277269 0.004277269 0.004277269 0.004277269 0.004277269 0.004277269 0.004277269 0.004277269 0.004277269 0.004277269 0.004277269 0.004277269 0.004277269 0.004277269 0.004277269 0.004277269 0.004277269 0.004277269 0.004277269 0.004277269 0.004277269 0.004277269 0.004277269 0.004277269 0.004277269 0.004277269 0.004277269 0.004277269 0.004277269 0.004277269 0.004277269 0.004277269 0.004277269 0.004277269 0.004277269 0.004277269 0.004277269 0.004277269 0.004277269 0.004277269 0.004277269 0.004277269 0.004277269 0.004277269 0.004277269 0.004277269 0.004277269 0.004277269 0.004277269 0.004277269 0.004277269 0.004277269 0.004277269 0.004277269 0.004277269 0.004277269 0.004277269 0.004277269 0.004277269 0.004277269 0.004277269 0.004277269 0.004277269 0.004277269 0.004277269 0.004277269 0.004277269 0.004277269 0.004277269 0.004277269 0.004277269 0.004277269 0.004277269 0.004277269 0.004277269 0.004277269 0.004277269 0.004277269 0.004277269 0.004277269 0.004277269 0.004277269 0.004277269 0.004277269 0.004277269 0.004277269 0.004277269 0.004277269 0.004277269 0.004277269 0.004277269 0.004277269 0.004277269 0.004277269 0.004277269 0.004277269 0.004277269 0.004277269 0.004277269 0.004277269 0.004277269 0.004277269 0.004277269 0.004277269 0.004277269 0.004277269 0.004277269 0.004277269 0.004277269 0.004277269 0.004277269 0.004277269 0.004277269 0.004277269 0.004277269 0.004277269 0.004277269 0.004277269 0.004277269 0.004277269 0.004277269 0.004277269 0.004277269 0.004277269 0.004277269 0.004277269 0.004277269 0.004277269 0.004277269 0.004277269 0.004277269 0.004277269 0.004277269 0.004277269 0.004277269 0.004277269 0.004277269 0.004277269 0.004277269 0.004277269 0.004277269 0.004277269 0.004277269 0.004277269 0.004277269 0.004277269 0.004277269 0.004277269 0.004277269 0.004277269 0.004277269 0.004277269 0.004277269 0.004277269 0.004277269 0.004277269 0.004277269 0.004277269 0.004277269 0.004277269 0.004277269 0.004277269 0.004277269 0.004277269 0.004277269 0.004277269 0.004277269 0.004277269 0.004277269 0.004277269 0.004277269 0.004277269 0.004277269 0.004277269 0.004277269 0.004277269 0.004277269 0.004277269 0.004277269 0.004277269 0.004277269 0.004277269 0.004277269 0.004277269 0.004277269 0.004277269 0.004277269 0.004277269 0.004277269 0.004277269 0.004277269 0.004277269 0.004277269 0.004277269 0.004277269 0.004277269 0.004277269 0.004277269 0.004277269 0.004277269 0.004277269 0.004277269 0.004277269 0.004277269 0.004277269 0.004277269 0.004277269 0.004277269 0.004277269 0.004277269 0.004277269 0.004277269 0.004277269 0.004277269 0.004277269 0.004277269 0.004277269 0.004277269,13 13 14 13 13 14 14 14 14 14 14 14 14 14 14 14 15 13 14 15 14 14 14 14 14 14 15 14 14 14 14 13 14 15 14 14 15 14 14 14 14 13 14 14 14 14 14 14 14 13 15 14 14 14 14 14 14 14 14 15 14 14 14 14 14 14 14 14 14 14 14 14 14 14 15 14 14 14 14 14 14 14 14 14 15 14 14 13 15 14 14 14 14 14 14 15 15 14 14 14 14 14 15 14 14 14 15 14 13 14 14 14 13 14 14 14 14 14 14 14 14 14 14 14 14 14 14 13 14 14 14 14 14 14 14 14 14 14 13 14 14 14 14 14 14 14 14 14 14 14 14 14 14 14 14 14 14 14 14 14 15 14 14 14 14 14 14 14 15 14 14 14 14 14 14 14 14 15 14 14 15 14 14 14 14 15 15 14 14 14 14 14 14 14 14 14 14 14 14 14 13 14 14 14 14 14 14 14 14 14 14 14 13 14 14 14 14 14 14 14 14 14 13 14 13 15 14 14 14 14 15 14 14 14 14 14 14 14 14 14 15 14 15 14 14 14 14 14 14 14 14 14 15 14 14 14 14 14 14 14 14 13 14 14 14 14 14 14 14 14 14 14 14 14 14 14 14 14 14 14 14 14 14 14 13 14 14 14 14 14 14 14 14 14 15 14 15 14 14 14 14 13 14 15 14 14 13 14 14 14 14 14 14 14 14 15 14 14 14 14 14 14 14 14 14 14 14 14 14 15 14 13 14 14 14 14 14 14 14 14 14 14 14 14 12 14 14 14 14 14 14 14 14 14 14 15 14 14 14 14 14 15 14 14 14 14 13 13 14 14 14 14 14 14 14 14 14 14 14 15 14 14 15 13 14 13 14 14 14 14 14 14 14 14 14 14 14 14 14 14 14 14 14 14 14 14 14 15 14 14 14 14 14 14 14 14 14 14 13 14 14 13 14 14 14 14 14 14 14 14 14 14 14 14 14 15 14 14 14 14 14 14 14 14 14 14 14 14 14 14 14 14 13 14 14 14 14 14 14 13 14 14 14 15 14 14 14 14 14 14 14 15 14 14 14 14 14 15 14 14 14 14 14 15 14 15 14 14 14 13 14 14 14 14 14 13 14 14 14 13 14 14 14 14 14 14 14 14 14 14 14 14
696,3x3x1x128,0.5332359 0.5813096 0.41103697 1.0423782 0.5902058 0.47486728 0.39272273 0.50893414 0.6298012 0.60208046 0.49246186 0.5600623 0.9424185 0.3819347 0.6099324 0.55523956 0.6776052 0.47626102 0.5019556 0.41576582 0.44533712 0.4054425 0.76411134 0.61083424 0.7573594 0.55737215 0.58183044 0.66306746 0.48433214 0.4593856 0.5943929 0.38059294 0.6503092 0.6930294 0.5042651 0.49071142 0.43248767 0.82238877 0.57979363 1.1473248 1.0564427 0.40915594 0.5326458 0.7321259 0.4793613 0.3107007 0.44515833 0.60324675 0.5708708 0.8388458 0.43172735 0.3497412 0.37883905 0.781115 0.31452057 0.5115792 0.5702294 0.36516556 0.5548492 0.4866476 0.5302022 0.4320561 0.47649607 0.41920114 0.6557517 0.32284406 0.3914827 0.56833637 0.35905898 0.5884522 0.41217193 0.8389879 0.78235155 0.4404575 0.67146325 0.6464434 0.74759156 0.7120774 0.77471673 0.4928422 0.48589605 0.67641777 0.43400866 0.5524353 1.025866 1.1500622 0.5560233 0.5258305 0.4264424 0.55794984 0.5585907 0.7042643 1.1015793 0.6335363 0.50967604 0.7443733 0.38968095 0.6122899 0.77818453 0.73751473 0.79384863 0.92456543 0.42514426 0.95588017 0.6019785 0.74230534 0.5576571 0.7726022 0.42048904 0.62992 0.6799085 0.5011753 0.45781648 0.38240445 0.5821249 0.7157738 0.7988176 0.36937928 0.9066214 1.0544015 0.65491354 0.56093323 0.97304654 0.37175056 0.6296393 0.6493289 0.4726881 0.65772986,0.5331708 0.5812387 0.4109868 1.042251 0.5901337 0.47480935 0.3926748 0.50887203 0.6297244 0.602007 0.49240178 0.559994 0.94230354 0.3818881 0.609858 0.5551718 0.6775225 0.47620288 0.50189435 0.4157151 0.4452828 0.405393 0.7640181 0.61075974 0.757267 0.55730414 0.5817594 0.6629866 0.48427302 0.45932955 0.59432036 0.3805465 0.6502299 0.6929448 0.50420356 0.49065152 0.4324349 0.8222884 0.5797229 1.1471848 1.0563139 0.409106 0.53258085 0.73203653 0.4793028 0.31066278 0.445104 0.60317314 0.57080114 0.83874345 0.43167466 0.3496985 0.3787928 0.7810196 0.31448218 0.51151675 0.57015985 0.36512098 0.5547815 0.4865882 0.53013754 0.43200335 0.4764379 0.41915 0.6556717 0.32280466 0.39143494 0.56826705 0.35901514 0.5883804 0.41212162 0.8388855 0.78225607 0.44040376 0.6713813 0.64636457 0.74750036 0.7119905 0.7746222 0.49278206 0.48583677 0.6763352 0.43395567 0.55236787 1.0257409 1.1499218 0.5559554 0.5257664 0.42639035 0.5578817 0.5585226 0.70417833 1.101445 0.633459 0.5096139 0.7442825 0.38963342 0.6122152 0.7780895 0.73742473 0.7937517 0.9244526 0.42509237 0.9557635 0.60190505 0.74221474 0.55758905 0.7725079 0.42043772 0.6298431 0.67982554 0.50111413 0.4577606 0.38235778 0.58205384 0.7156865 0.7987201 0.36933422 0.9065107 1.0542728 0.6548336 0.5608648 0.97292775 0.37170517 0.6295625 0.6492497 0.47263044 0.65764964,0.0041981954 0.0045766826 0.0032361166 0.008206701 0.004646722 0.0037386562 0.0030919276 0.0040068664 0.0049584596 0.0047402126 0.0038771795 0.004409401 0.007419713 0.0030069929 0.0048020314 0.004371431 0.0053348225 0.003749629 0.003951924 0.0032733472 0.0035061636 0.0031920709 0.0060158907 0.004809132 0.0059627322 0.0043882215 0.0045807827 0.0052203666 0.0038131734 0.0036167682 0.004679688 0.002996429 0.0051199202 0.0054562585 0.0039701066 0.0038633978 0.0034049992 0.006474712 0.004564747 0.009032952 0.008317432 0.003221307 0.00419355 0.005764067 0.0037740378 0.0024461637 0.003504756 0.004749395 0.004494497 0.006604279 0.003399013 0.0027535316 0.0029826204 0.006149761 0.0024762377 0.0040276907 0.0044894475 0.0028749683 0.0043683583 0.0038314033 0.004174311 0.0034016012 0.0037514796 0.0033003937 0.0051627695 0.002541769 0.0030821648 0.0044745435 0.002826891 0.0046329163 0.0032450522 0.0066053974 0.0061594965 0.003467746 0.005286467 0.0050894846 0.0058858297 0.0056062243 0.0060993875 0.0038801737 0.0038254864 0.0053254743 0.0034169739 0.0043493533 0.008076699 0.0090545025 0.0043776017 0.0041398928 0.0033574044 0.004392769 0.0043978156 0.0055447114 0.008672795 0.004987866 0.0040127076 0.005860492 0.0030679796 0.0048205922 0.0061266893 0.005806494 0.0062500136 0.0072791544 0.003347184 0.007525697 0.00473941 0.0058442107 0.004390465 0.006082739 0.0033105332 0.0049593947 0.005352957 0.0039457805 0.0036044142 0.0030106911 0.0045831013 0.0056353267 0.0062891347 0.0029081434 0.0071378797 0.0083013605 0.00515617 0.0044162585 0.0076608486 0.0029268125 0.004957185 0.0051122024 0.0037214996 0.0051783435,
697,128,,,0.0072958237 0.0072958237 0.0072958237 0.0072958237 0.0072958237 0.0072958237 0.0072958237 0.0072958237 0.0072958237 0.0072958237 0.0072958237 0.0072958237 0.0072958237 0.0072958237 0.0072958237 0.0072958237 0.0072958237 0.0072958237 0.0072958237 0.0072958237 0.0072958237 0.0072958237 0.0072958237 0.0072958237 0.0072958237 0.0072958237 0.0072958237 0.0072958237 0.0072958237 0.0072958237 0.0072958237 0.0072958237 0.0072958237 0.0072958237 0.0072958237 0.0072958237 0.0072958237 0.0072958237 0.0072958237 0.0072958237 0.0072958237 0.0072958237 0.0072958237 0.0072958237 0.0072958237 0.0072958237 0.0072958237 0.0072958237 0.0072958237 0.0072958237 0.0072958237 0.0072958237 0.0072958237 0.0072958237 0.0072958237 0.0072958237 0.0072958237 0.0072958237 0.0072958237 0.0072958237 0.0072958237 0.0072958237 0.0072958237 0.0072958237 0.0072958237 0.0072958237 0.0072958237 0.0072958237 0.0072958237 0.0072958237 0.0072958237 0.0072958237 0.0072958237 0.0072958237 0.0072958237 0.0072958237 0.0072958237 0.0072958237 0.0072958237 0.0072958237 0.0072958237 0.0072958237 0.0072958237 0.0072958237 0.0072958237 0.0072958237 0.0072958237 0.0072958237 0.0072958237 0.0072958237 0.0072958237 0.0072958237 0.0072958237 0.0072958237 0.0072958237 0.0072958237 0.0072958237 0.0072958237 0.0072958237 0.0072958237 0.0072958237 0.0072958237 0.0072958237 0.0072958237 0.0072958237 0.0072958237 0.0072958237 0.0072958237 0.0072958237 0.0072958237 0.0072958237 0.0072958237 0.0072958237 0.0072958237 0.0072958237 0.0072958237 0.0072958237 0.0072958237 0.0072958237 0.0072958237 0.0072958237 0.0072958237 0.0072958237 0.0072958237 0.0072958237 0.0072958237 0.0072958237 0.0072958237,15 15 16 14 15 16 16 15 15 15 16 15 15 16 15 15 15 16 15 16 16 16 15 15 15 15 15 15 16 16 15 16 15 15 15 16 16 15 15 14 14 16 15 15 16 16 16 15 15 15 16 16 16 15 16 15 15 16 15 16 15 16 16 16 15 16 16 15 16 15 16 15 15 16 15 15 15 15 15 16 16 15 16 15 14 14 15 15 16 15 15 15 14 15 15 15 16 15 15 15 15 15 16 15 15 15 15 15 16 15 15 15 16 16 15 15 15 16 15 14 15 15 15 16 15 15 16 15
702,1x1x128x128,0.33461726 0.7136343 0.6003566 0.46380463 0.5301297 0.42956802 0.3621478 0.35155702 0.54395413 0.36552355 0.365365 0.3592021 0.37633318 0.76330596 0.56386256 0.41937745 0.37450302 0.4204438 0.30952778 0.54696226 0.48160037 0.5582065 0.43173614 0.4829004 0.4465976 0.5737707 0.39459705 0.37325627 0.45883408 0.37507918 0.4014055 0.44139287 0.49523926 0.44870085 0.3801483 0.57981545 0.5130707 0.41237885 0.8738986 0.38149762 0.95749336 0.42306328 0.37034613 0.4844121 0.35630152 0.253642 0.3809637 0.41240844 0.26315084 0.53155977 0.41985124 0.32267234 0.56047595 0.52192736 0.3937263 0.42805842 0.36378664 0.3931669 0.4526185 0.4470706 0.43270352 0.56257385 0.7595181 0.5121985 0.32298577 0.37697038 0.36494994 0.4085531 0.27974483 0.33523464 0.5853449 0.5022883 0.47993422 0.60978234 0.5368518 0.42137843 0.31582218 0.48039517 0.57966286 0.4148383 0.42971158 0.43793944 0.33280587 0.38780802 0.6230531 0.37549862 1.0580363 0.4023507 0.3341281 0.49668 0.45045242 0.38003516 0.35123035 0.2978579 0.4522018 0.43247083 0.32037973 0.37034887 0.5304577 0.42881873 0.5418698 0.37265223 0.3773258 0.44492748 0.4556007 0.35458446 0.46045232 0.5147434 0.5304967 0.39606556 0.23944932 0.49244025 0.45037037 0.457048 0.3572886 0.37607 0.4833496 0.7779085 0.46662337 0.4238426 0.4626142 0.2781377 0.4516074 0.5737395 0.28810817 0.42052892 0.397565 0.7405365,0.3345764 0.7135472 0.6002833 0.463748 0.53006494 0.4295156 0.3621036 0.35151413 0.5438878 0.36547893 0.3653204 0.35915825 0.37628725 0.7632128 0.5637938 0.41932625 0.37445733 0.4203925 0.30949003 0.5468955 0.4815416 0.5581384 0.43168345 0.48284146 0.4465431 0.57370067 0.3945489 0.3732107 0.45877808 0.3750334 0.40135652 0.44133902 0.49517882 0.44864607 0.38010192 0.5797447 0.5130081 0.41232854 0.87379193 0.38145107 0.9573765 0.42301163 0.37030095 0.484353 0.35625803 0.25361106 0.38091722 0.4123581 0.26311874 0.53149486 0.41979998 0.32263294 0.5604076 0.5218637 0.39367822 0.42800617 0.36374226 0.39311892 0.45256326 0.44701603 0.43265072 0.5625052 0.7594254 0.51213604 0.32294637 0.3769244 0.3649054 0.40850323 0.2797107 0.33519372 0.58527344 0.50222695 0.47987562 0.60970795 0.5367863 0.42132702 0.31578362 0.48033655 0.5795921 0.41478768 0.42965916 0.43788597 0.33276525 0.3877607 0.6229771 0.37545282 1.0579072 0.4023016 0.3340873 0.49661937 0.45039746 0.3799888 0.35118747 0.29782158 0.45214662 0.43241805 0.32034063 0.3703037 0.53039294 0.4287664 0.54180366 0.37260675 0.37727976 0.44487318 0.45554513 0.35454118 0.46039614 0.51468056 0.530432 0.39601722 0.2394201 0.49238017 0.4503154 0.45699224 0.357245 0.3760241 0.48329058 0.77781355 0.4665664 0.4237909 0.46255773 0.27810377 0.45155227 0.57366955 0.288073 0.4204776 0.3975165 0.74044615,0.0026344599 0.005618482 0.0047266404 0.0036515591 0.00417374 0.0033820127 0.0028512096 0.0027678278 0.004282581 0.002877787 0.0028765388 0.0028280178 0.0029628917 0.00600955 0.004439321 0.0033017814 0.002948483 0.0033101772 0.0024369294 0.0043062638 0.0037916661 0.00439479 0.0033990822 0.0038019014 0.0035160873 0.004517328 0.0031066842 0.0029386668 0.0036124259 0.002953019 0.0031602876 0.0034751103 0.0038990458 0.0035326462 0.0029929285 0.004564919 0.004039434 0.0032466815 0.006880251 0.0030035516 0.0075383973 0.0033308002 0.0029157556 0.0038138032 0.0028051813 0.0019969374 0.002999348 0.0032469141 0.002071801 0.004184999 0.0033055118 0.0025404168 0.004412658 0.004109163 0.0030998285 0.0033701274 0.0028641124 0.0030954245 0.0035634902 0.0035198112 0.0034066986 0.0044291746 0.0059797275 0.004032567 0.0025428848 0.0029679085 0.0028732708 0.003216561 0.0022024466 0.0026393207 0.0046084523 0.003954543 0.0037785482 0.00480085 0.004226664 0.0033175356 0.0024864853 0.0037821776 0.004563717 0.0032660447 0.0033831429 0.003447921 0.0026201988 0.003053234 0.0049053314 0.0029563215 0.008329978 0.0031677291 0.0026306089 0.003910389 0.0035464368 0.0029920377 0.0027652557 0.0023450518 0.0035602096 0.0034048664 0.0025223673 0.002915777 0.0041763224 0.0033761135 0.0042661703 0.0029339115 0.0029707067 0.0035029384 0.0035869696 0.002791663 0.0036251664 0.0040526027 0.0041766297 0.0031182459 0.0018851976 0.0038770093 0.0035457904 0.003598364 0.0028129527 0.0029608198 0.0038054376 0.006124516 0.0036737514 0.0033369362 0.003642187 0.0021897934 0.0035555298 0.004517083 0.0022682913 0.0033108473 0.003130051 0.0058302847,
703,128,,,0.0065280003 0.0065280003 0.0065280003 0.0065280003 0.0065280003 0.0065280003 0.0065280003 0.0065280003 0.0065280003 0.0065280003 0.0065280003 0.0065280003 0.0065280003 0.0065280003 0.0065280003 0.0065280003 0.0065280003 0.0065280003 0.0065280003 0.0065280003 0.0065280003 0.0065280003 0.0065280003 0.0065280003 0.0065280003 0.0065280003 0.0065280003 0.0065280003 0.0065280003 0.0065280003 0.0065280003 0.0065280003 0.0065280003 0.0065280003 0.0065280003 0.0065280003 0.0065280003 0.0065280003 0.0065280003 0.0065280003 0.0065280003 0.0065280003 0.0065280003 0.0065280003 0.0065280003 0.0065280003 0.0065280003 0.0065280003 0.0065280003 0.0065280003 0.0065280003 0.0065280003 0.0065280003 0.0065280003 0.0065280003 0.0065280003 0.0065280003 0.0065280003 0.0065280003 0.0065280003 0.0065280003 0.0065280003 0.0065280003 0.0065280003 0.0065280003 0.0065280003 0.0065280003 0.0065280003 0.0065280003 0.0065280003 0.0065280003 0.0065280003 0.0065280003 0.0065280003 0.0065280003 0.0065280003 0.0065280003 0.0065280003 0.0065280003 0.0065280003 0.0065280003 0.0065280003 0.0065280003 0.0065280003 0.0065280003 0.0065280003 0.0065280003 0.0065280003 0.0065280003 0.0065280003 0.0065280003 0.0065280003 0.0065280003 0.0065280003 0.0065280003 0.0065280003 0.0065280003 0.0065280003 0.0065280003 0.0065280003 0.0065280003 0.0065280003 0.0065280003 0.0065280003 0.0065280003 0.0065280003 0.0065280003 0.0065280003 0.0065280003 0.0065280003 0.0065280003 0.0065280003 0.0065280003 0.0065280003 0.0065280003 0.0065280003 0.0065280003 0.0065280003 0.0065280003 0.0065280003 0.0065280003 0.0065280003 0.0065280003 0.0065280003 0.0065280003 0.0065280003 0.0065280003 0.0065280003,14 13 13 14 13 14 14 14 13 14 14 14 14 13 13 14 14 14 14 13 14 13 14 14 14 13 14 14 14 14 14 14 13 14 14 13 13 14 13 14 13 14 14 14 14 14 14 14 14 13 14 14 13 13 14 14 14 14 14 14 14 13 13 13 14 14 14 14 14 14 13 13 14 13 13 14 14 14 13 14 14 14 14 14 13 14 12 14 14 13 14 14 14 14 14 14 14 14 13 14 13 14 14 14 14 14 14 13 13 14 15 14 14 14 14 14 14 13 14 14 14 14 14 13 14 14 14 13
708,3x3x1x128,0.4275259 0.7315448 0.32825547 0.31476837 0.40169957 0.46565163 0.5684756 1.1594139 0.43560416 0.6350469 0.79362375 0.59874624 0.74207944 0.34671512 0.32219225 0.55069387 0.57679796 0.4717194 0.66599786 0.3464119 0.6204488 0.57238567 0.34104446 0.26554233 0.42105946 0.5018669 0.4945607 0.29103425 0.52263147 0.41957495 0.37669578 0.615676 0.31594005 0.46721038 0.3427055 0.5299194 0.62420404 0.24415769 0.5613388 0.49962845 0.390497 0.45489404 0.5217124 0.5701304 0.7624152 0.49871007 0.5307216 0.6187471 0.610077 0.53727424 0.40963468 0.8738871 0.5531963 0.55734724 0.58977056 0.33394688 0.4230022 0.36204305 0.39198697 0.699394 0.6010562 0.26934373 0.62818 0.37198934 0.47513777 0.49705186 0.28667423 0.40572387 0.4406762 0.6296226 0.60690814 0.7355262 0.5235954 0.34125006 0.36805674 0.53605676 0.4172559 0.46929684 0.4278766 0.37769425 0.61728823 0.71819913 0.8023825 0.55395824 0.34508798 0.24148999 0.81295955 0.49274614 0.6045666 0.63356173 0.26925927 0.51039207 0.6777088 0.7232129 0.7524972 0.43993783 0.46512264 0.44559592 0.3394251 0.7018827 0.37289563 0.34387094 0.76583976 0.36872712 0.818902 0.5561856 0.78394485 0.39963344 0.45722774 0.5533703 0.4314917 0.3362256 0.30989707 0.45260695 0.69730496 0.41791266 0.36739329 0.50197893 0.5076412 0.76168233 0.68181795 0.5706258 0.4810629 0.90117484 0.7526833 0.43730274 0.5050085 0.34501648,0.42747375 0.7314555 0.32821542 0.31472996 0.40165055 0.4655948 0.5684062 1.1592724 0.435551 0.63496935 0.7935269 0.59867316 0.74198884 0.3466728 0.3221529 0.5506267 0.57672757 0.47166187 0.6659166 0.34636965 0.6203731 0.5723158 0.34100285 0.2655099 0.42100808 0.50180566 0.49450034 0.29099873 0.5225677 0.41952375 0.37664983 0.6156009 0.3159015 0.46715337 0.34266365 0.5298547 0.62412786 0.2441279 0.56127024 0.49956748 0.39044935 0.4548385 0.52164876 0.5700608 0.7623221 0.4986492 0.5306569 0.6186716 0.6100026 0.5372087 0.40958467 0.8737804 0.55312884 0.5572792 0.5896986 0.33390614 0.4229506 0.3619989 0.39193913 0.69930863 0.6009829 0.26931086 0.6281034 0.37194392 0.4750798 0.4969912 0.28663924 0.40567434 0.44062245 0.62954575 0.6068341 0.73543644 0.5235315 0.3412084 0.36801183 0.5359914 0.417205 0.46923956 0.42782438 0.37764817 0.6172129 0.7181115 0.8022846 0.55389065 0.34504586 0.24146052 0.81286037 0.492686 0.6044928 0.6334844 0.26922643 0.5103298 0.67762613 0.7231246 0.7524054 0.43988416 0.4650659 0.44554156 0.33938366 0.70179707 0.37285012 0.34382898 0.7657463 0.36868212 0.8188021 0.5561177 0.7838492 0.39958465 0.45717192 0.55330276 0.43143904 0.33618456 0.30985925 0.4525517 0.6972199 0.41786164 0.36734843 0.50191766 0.5075792 0.7615894 0.68173474 0.5705561 0.48100418 0.9010649 0.75259143 0.43724936 0.5049469 0.34497437,0.003365935 0.005759492 0.0025843733 0.0024781886 0.0031626027 0.0036661008 0.0044756397 0.009128129 0.0034295353 0.0049997587 0.006248243 0.004713962 0.005842432 0.0027297072 0.002536637 0.0043356433 0.004541162 0.003713873 0.005243438 0.0027273202 0.0048848274 0.0045064236 0.002685062 0.0020906292 0.0033150243 0.003951226 0.0038937035 0.0022913285 0.004114706 0.0033033367 0.0029657467 0.004847251 0.0024874134 0.003678373 0.002698139 0.0041720844 0.0049143927 0.0019222669 0.0044194506 0.003933602 0.0030744043 0.0035814056 0.0041074706 0.0044886675 0.0060025365 0.0039263717 0.0041784006 0.00487143 0.00480317 0.0042299894 0.0032250762 0.006880161 0.0043553454 0.0043880255 0.0046432964 0.0026291823 0.0033303197 0.002850385 0.003086135 0.0055063674 0.0047321487 0.002120558 0.004945696 0.0029286924 0.0037407859 0.0039133164 0.0022570018 0.003194286 0.003469468 0.0049570533 0.0047782212 0.005790838 0.0041222954 0.0026866803 0.002897731 0.0042204047 0.0032850788 0.0036947997 0.003368696 0.0029736077 0.004859944 0.005654421 0.0063172015 0.0043613436 0.0027168966 0.001901264 0.0064004753 0.0038794174 0.0047597857 0.0049880664 0.0021198932 0.004018345 0.0053356388 0.005693895 0.005924452 0.0034636548 0.0036619361 0.0035082013 0.0026723123 0.005525961 0.0029358277 0.0027073147 0.0060294983 0.0029030088 0.0064472607 0.0043788794 0.006172041 0.003146336 0.003599779 0.004356715 0.0033971579 0.0026471226 0.0024398365 0.0035633992 0.0054899207 0.003290249 0.0028925072 0.0039521074 0.0039966865 0.005996767 0.00536799 0.004492568 0.0037874344 0.007094999 0.0059259166 0.0034429084 0.00397596 0.0027163336,
709,128,,,0.0068905884 0.0068905884 0.0068905884 0.0068905884 0.0068905884 0.0068905884 0.0068905884 0.0068905884 0.0068905884 0.0068905884 0.0068905884 0.0068905884 0.0068905884 0.0068905884 0.0068905884 0.0068905884 0.0068905884 0.0068905884 0.0068905884 0.0068905884 0.0068905884 0.0068905884 0.0068905884 0.0068905884 0.0068905884 0.0068905884 0.0068905884 0.0068905884 0.0068905884 0.0068905884 0.0068905884 0.0068905884 0.0068905884 0.0068905884 0.0068905884 0.0068905884 0.0068905884 0.0068905884 0.0068905884 0.0068905884 0.0068905884 0.0068905884 0.0068905884 0.0068905884 0.0068905884 0.0068905884 0.0068905884 0.0068905884 0.0068905884 0.0068905884 0.0068905884 0.0068905884 0.0068905884 0.0068905884 0.0068905884 0.0068905884 0.0068905884 0.0068905884 0.0068905884 0.0068905884 0.0068905884 0.0068905884 0.0068905884 0.0068905884 0.0068905884 0.0068905884 0.0068905884 0.0068905884 0.0068905884 0.0068905884 0.0068905884 0.0068905884 0.0068905884 0.0068905884 0.0068905884 0.0068905884 0.0068905884 0.0068905884 0.0068905884 0.0068905884 0.0068905884 0.0068905884 0.0068905884 0.0068905884 0.0068905884 0.0068905884 0.0068905884 0.0068905884 0.0068905884 0.0068905884 0.0068905884 0.0068905884 0.0068905884 0.0068905884 0.0068905884 0.0068905884 0.0068905884 0.0068905884 0.0068905884 0.0068905884 0.0068905884 0.0068905884 0.0068905884 0.0068905884 0.0068905884 0.0068905884 0.0068905884 0.0068905884 0.0068905884 0.0068905884 0.0068905884 0.0068905884 0.0068905884 0.0068905884 0.0068905884 0.0068905884 0.0068905884 0.0068905884 0.0068905884 0.0068905884 0.0068905884 0.0068905884 0.0068905884 0.0068905884 0.0068905884 0.0068905884 0.0068905884 0.0068905884,16 15 16 16 16 16 15 14 16 15 15 15 15 16 16 15 15 16 15 16 15 15 16 16 16 15 16 16 15 16 16 15 16 16 16 15 15 16 15 15 16 16 15 15 15 15 15 15 15 15 16 15 15 15 15 16 16 16 16 15 15 16 15 16 16 15 16 16 16 15 15 15 15 16 16 15 16 16 16 16 15 15 15 15 16 16 15 16 15 15 16 15 15 15 15 16 16 16 16 15 16 16 15 16 15 15 15 16 16 15 16 16 16 16 15 16 16 15 15 15 15 15 16 15 15 16 15 16
714,1x1x128x128,0.80920637 0.4710337 0.41407764 0.6839199 0.53909767 0.5132893 0.56311846 0.59060985 0.49887615 0.7548696 0.53207785 0.62449604 0.79396254 0.8717929 0.5617151 0.5864283 0.5886287 0.5319003 1.0495378 0.5420443 0.5205476 0.49995312 0.5514803 0.512684 0.48595938 0.5330954 0.5238144 0.5929914 0.5112162 0.62259537 0.60811704 0.4022274 0.56404644 0.6640499 0.5923133 0.52283454 0.6281978 0.42470533 0.58062893 0.4092895 0.729644 0.5679424 0.7081881 0.5429167 0.9286416 0.4819384 0.6344861 0.67811835 0.6461825 0.5019125 0.5072035 0.5448425 0.53516877 0.5999043 0.61036754 0.48406047 0.5058396 0.48133475 0.61220324 0.7648897 0.5677991 0.52367145 0.4797816 0.5072927 0.6664657 0.5828777 0.49528354 0.6468101 0.6094818 0.53805584 0.5733293 0.47930384 0.41833615 0.6079742 0.51982594 0.8436337 0.54362947 0.5885124 0.5593801 0.5867828 0.4907927 0.6124284 0.4928002 0.49429923 0.51007724 0.53749716 0.57502705 0.42155552 0.6557185 0.5086796 0.54194355 0.6896968 0.7349105 0.50414455 0.56441885 0.6316791 0.7085142 0.45024893 0.58710194 0.5161569 0.5289735 0.63101524 0.55538464 0.9337928 0.65621156 0.588094 0.7249907 0.564376 0.639887 0.3859753 0.69704187 0.43849033 0.5543369 0.6704518 0.5405257 0.6025504 0.41123852 0.63599825 0.6688762 0.6260243 0.6018018 0.92510754 0.4459199 0.4185074 0.5906893 0.6113009 0.46722516 0.51101863,0.8091076 0.4709762 0.41402712 0.6838364 0.53903186 0.5132266 0.56304973 0.5905377 0.49881527 0.7547775 0.5320129 0.62441987 0.7938657 0.8716865 0.5616466 0.58635676 0.5885569 0.5318354 1.0494096 0.5419781 0.5204841 0.4998921 0.551413 0.51262146 0.48590007 0.5330304 0.5237505 0.59291905 0.5111539 0.6225194 0.60804284 0.40217832 0.5639776 0.6639689 0.592241 0.52277076 0.62812114 0.4246535 0.58055806 0.40923956 0.72955495 0.56787306 0.7081017 0.5428505 0.92852825 0.4818796 0.63440865 0.67803556 0.6461036 0.50185126 0.5071416 0.544776 0.53510344 0.59983104 0.6102931 0.4840014 0.5057779 0.481276 0.6121285 0.7647964 0.56772983 0.52360755 0.47972307 0.5072308 0.6663844 0.5828065 0.4952231 0.64673114 0.6094074 0.5379902 0.57325935 0.47924536 0.4182851 0.60789996 0.51976246 0.8435307 0.5435631 0.5884406 0.5593118 0.58671117 0.4907328 0.6123537 0.49274006 0.4942389 0.51001495 0.5374316 0.57495683 0.42150405 0.6556385 0.5086176 0.54187745 0.6896126 0.73482084 0.50408304 0.56435 0.631602 0.7084278 0.45019397 0.5870303 0.5160939 0.52890897 0.63093823 0.55531687 0.93367887 0.6561315 0.58802223 0.7249022 0.56430715 0.6398089 0.3859282 0.6969568 0.43843684 0.55426925 0.67037 0.54045975 0.6024769 0.41118833 0.63592064 0.6687946 0.6259479 0.6017284 0.92499465 0.44586548 0.41845632 0.5906172 0.6112263 0.46716812 0.5109562,0.006370926 0.003708474 0.003260056 0.005384539 0.0042443452 0.0040411544 0.0044334624 0.004649903 0.0039276793 0.00594313 0.0041890778 0.0049166917 0.006250911 0.006863673 0.004422414 0.0046169823 0.0046343063 0.0041876803 0.008263068 0.0042675445 0.0040983 0.003936158 0.0043418347 0.0040363893 0.003825985 0.0041970895 0.0041240198 0.004668654 0.004024834 0.004901727 0.004787739 0.0031667585 0.0044407686 0.0052281017 0.0046633147 0.004116305 0.0049458356 0.0033437284 0.0045713233 0.0032223586 0.005744527 0.0044714413 0.005575604 0.0042744135 0.007311246 0.0037943276 0.0049953437 0.0053388625 0.00508743 0.003951585 0.0039932407 0.004289575 0.0042134128 0.004723079 0.0048054573 0.0038110346 0.003982503 0.0037895748 0.0048199096 0.006022019 0.0044703134 0.0041228943 0.003777347 0.0039939433 0.005247121 0.0045890277 0.0038993945 0.0050923713 0.0047984836 0.0042361435 0.004513853 0.0037735857 0.0032935834 0.004786614 0.004092618 0.006641974 0.0042800247 0.0046333903 0.00440403 0.004619773 0.0038640378 0.0048216823 0.003879843 0.003891645 0.0040158657 0.004231745 0.004527219 0.0033189296 0.005162508 0.0040048626 0.0042667515 0.005430021 0.005785991 0.0039691576 0.004443701 0.004973244 0.0055781715 0.0035448344 0.0046222857 0.0040637315 0.0041646375 0.004968018 0.004372574 0.007351802 0.00516639 0.0046300963 0.0057078917 0.0044433633 0.005037865 0.0030388047 0.005487849 0.0034522587 0.0043643247 0.005278504 0.0042555886 0.0047439127 0.0032377033 0.0050072493 0.005266099 0.0049287234 0.004738019 0.0072834226 0.0035107518 0.0032949317 0.004650529 0.0048128054 0.0036784892 0.004023277,
715,128,,,0.005906402 0.005906402 0.005906402 0.005906402 0.005906402 0.005906402 0.005906402 0.005906402 0.005906402 0.005906402 0.005906402 0.005906402 0.005906402 0.005906402 0.005906402 0.005906402 0.005906402 0.005906402 0.005906402 0.005906402 0.005906402 0.005906402 0.005906402 0.005906402 0.005906402 0.005906402 0.005906402 0.005906402 0.005906402 0.005906402 0.005906402 0.005906402 0.005906402 0.005906402 0.005906402 0.005906402 0.005906402 0.005906402 0.005906402 0.005906402 0.005906402 0.005906402 0.005906402 0.005906402 0.005906402 0.005906402 0.005906402 0.005906402 0.005906402 0.005906402 0.005906402 0.005906402 0.005906402 0.005906402 0.005906402 0.005906402 0.005906402 0.005906402 0.005906402 0.005906402 0.005906402 0.005906402 0.005906402 0.005906402 0.005906402 0.005906402 0.005906402 0.005906402 0.005906402 0.005906402 0.005906402 0.005906402 0.005906402 0.005906402 0.005906402 0.005906402 0.005906402 0.005906402 0.005906402 0.005906402 0.005906402 0.005906402 0.005906402 0.005906402 0.005906402 0.005906402 0.005906402 0.005906402 0.005906402 0.005906402 0.005906402 0.005906402 0.005906402 0.005906402 0.005906402 0.005906402 0.005906402 0.005906402 0.005906402 0.005906402 0.005906402 0.005906402 0.005906402 0.005906402 0.005906402 0.005906402 0.005906402 0.005906402 0.005906402 0.005906402 0.005906402 0.005906402 0.005906402 0.005906402 0.005906402 0.005906402 0.005906402 0.005906402 0.005906402 0.005906402 0.005906402 0.005906402 0.005906402 0.005906402 0.005906402 0.005906402 0.005906402 0.005906402,14 15 15 14 14 14 14 14 14 14 14 14 14 14 14 14 14 14 13 14 14 14 14 14 15 14 14 14 14 14 14 15 14 14 14 14 14 15 14 15 14 14 14 14 14 15 14 14 14 14 14 14 14 14 14 15 14 15 14 14 14 14 15 14 14 14 14 14 14 14 14 15 15 14 14 14 14 14 14 14 15 14 15 15 14 14 14 15 14 14 14 14 14 14 14 14 14 15 14 14 14 14 14 14 14 14 14 14 14 15 14 15 14 14 14 14 15 14 14 14 14 14 15 15 14 14 15 14
720,1x1x128x13,0.14015006 0.11193318 0.09179828 0.09231217 0.08633243 0.10856958 0.0882011 0.14304648 0.10128177 0.100347444 0.14958683 0.08904201 0.14874592,0.14013295 0.111919515 0.091787085 0.09230091 0.0863219 0.10855632 0.08819034 0.14302903 0.10126941 0.1003352 0.14956857 0.089031145 0.14872777,0.0011034091 0.000881256 0.000722733 0.0007267788 0.0006797 0.0008547742 0.0006944121 0.0011262129 0.00079739693 0.000790041 0.0011777052 0.00070103264 0.0011710848,
721,13,,,0.004430007 0.004430007 0.004430007 0.004430007 0.004430007 0.004430007 0.004430007 0.004430007 0.004430007 0.004430007 0.004430007 0.004430007 0.004430007,14 15 15 15 15 15 15 14 15 15 14 15 14
728,3x3x128x32,0.10158739 0.08583219 0.0841036 0.08270223 0.11804709 0.13336949 0.08634942 0.060401555 0.076070815 0.09834117 0.10311455 0.06549744 0.0885839 0.06247587 0.072071746 0.06772381 0.06598798 0.07017742 0.08187006 0.078537494 0.11380488 0.081223235 0.07623124 0.07481642 0.07063362 0.07186679 0.056188088 0.101563305 0.061926644 0.11858454 0.097282544 0.06566587,0.101574995 0.08582172 0.08409334 0.08269214 0.11803269 0.1333532 0.08633888 0.060394183 0.07606153 0.098329164 0.10310197 0.06548945 0.08857309 0.06246825 0.072062954 0.06771554 0.06597993 0.07016886 0.081860065 0.078527905 0.11379099 0.08121332 0.07622194 0.074807286 0.070625 0.07185802 0.056181233 0.101550914 0.06191909 0.11857007 0.09727067 0.06565786,0.0007998031 0.00067576155 0.0006621523 0.0006511192 0.00092939124 0.0010500252 0.0006798337 0.00047554474 0.0005989097 0.00077424536 0.00081182655 0.0005156649 0.0006974259 0.000491876 0.0005674248 0.00053319323 0.000519527 0.0005525107 0.0006445674 0.00061832997 0.00089599204 0.00063947495 0.0006001728 0.00058903376 0.0005561024 0.0005658112 0.0004423719 0.0007996135 0.00048755188 0.0009336226 0.0007659108 0.000516991,
729,32,,,0.0047707255 0.0047707255 0.0047707255 0.0047707255 0.0047707255 0.0047707255 0.0047707255 0.0047707255 0.0047707255 0.0047707255 0.0047707255 0.0047707255 0.0047707255 0.0047707255 0.0047707255 0.0047707255 0.0047707255 0.0047707255 0.0047707255 0.0047707255 0.0047707255 0.0047707255 0.0047707255 0.0047707255 0.0047707255 0.0047707255 0.0047707255 0.0047707255 0.0047707255 0.0047707255 0.0047707255 0.0047707255,15 15 15 15 15 14 15 16 15 15 15 15 15 15 15 15 15 15 15 15 15 15 15 15 15 15 16 15 15 15 15 15
734,3x3x32x32,0.105122045 0.1335564 0.13454708 0.13257816 0.09139767 0.090811 0.09717151 0.19190325 0.090134725 0.08938241 0.056573454 0.12371168 0.14372398 0.12121972 0.110147394 0.085105896 0.09683708 0.11444519 0.09191942 0.14300945 0.11724908 0.07831508 0.15930429 0.1294394 0.14413762 0.115359284 0.103164226 0.079722404 0.1425287 0.065393224 0.091493085 0.07614127,0.105109215 0.1335401 0.13453066 0.13256198 0.09138652 0.09079991 0.097159654 0.19187984 0.09012372 0.0893715 0.056566548 0.12369658 0.14370644 0.12120493 0.11013395 0.08509551 0.096825264 0.114431225 0.09190821 0.142992 0.117234774 0.07830552 0.15928486 0.1294236 0.14412002 0.11534521 0.103151634 0.079712674 0.1425113 0.065385245 0.091481924 0.07613198,0.0008276316 0.0010514968 0.0010592965 0.0010437951 0.0007195789 0.0007149599 0.0007650366 0.0015108648 0.0007096356 0.00070371263 0.0004454059 0.00097398885 0.0011315468 0.0009543695 0.0008671965 0.0006700434 0.00076240365 0.0009010333 0.0007236867 0.0011259213 0.0009231085 0.0006165789 0.0012542115 0.0010190835 0.0011348033 0.00090823 0.0008122176 0.00062765885 0.0011221361 0.00051484443 0.0007203301 0.0005994644,
735,32,,,0.0044300067 0.0044300067 0.0044300067 0.0044300067 0.0044300067 0.0044300067 0.0044300067 0.0044300067 0.0044300067 0.0044300067 0.0044300067 0.0044300067 0.0044300067 0.0044300067 0.0044300067 0.0044300067 0.0044300067 0.0044300067 0.0044300067 0.0044300067 0.0044300067 0.0044300067 0.0044300067 0.0044300067 0.0044300067 0.0044300067 0.0044300067 0.0044300067 0.0044300067 0.0044300067 0.0044300067 0.0044300067,15 14 14 14 15 15 15 14 15 15 16 15 14 15 15 15 15 15 15 14 15 15 14 14 14 15 15 15 14 15 15 15
740,1x1x32x4,0.2566556 0.21231794 0.24568544 0.17506517,0.25662428 0.21229203 0.24565546 0.1750438,0.0020206636 0.0016715908 0.0019342949 0.0013782977,
741,4,,,0.0042772684 0.0042772684 0.0042772684 0.0042772684,14 15 15 15
748,3x3x1x256,0.54096127 0.9747535 0.6680211 0.8533645 0.46974304 0.7126345 0.46257132 0.49720883 0.2809326 0.3762342 0.5279245 0.67377263 0.63887674 0.5242544 0.76248753 0.5119185 0.40245053 0.4259069 0.4822079 0.8075035 0.5616065 0.50099546 0.5316384 0.61234564 0.7049902 0.8087236 0.51158243 0.65631664 0.30158275 0.39708868 0.60657984 0.75723594 0.9868624 0.3276663 0.76385635 0.50814867 1.1400874 0.86924624 0.49581128 0.5207347 0.4968512 0.49706978 0.49612573 0.4690235 0.7539612 0.8772115 1.1474631 0.6181265 0.65991616 0.5127128 0.66007215 0.4741234 0.6213036 0.8325938 0.6376726 0.95123386 0.8688666 0.7341588 0.59772277 0.5958481 0.4745497 0.41496468 0.7808685 0.59113115 0.39201745 0.27874044 0.5049224 0.4752375 0.9030534 0.55246156 0.4129038 0.73844886 0.4053703 1.4152474 0.86959016 0.41159216 0.5577553 0.3979288 0.71442705 0.36044782 0.6183129 0.6981493 0.8201896 0.4356134 0.66933215 0.41433486 0.48289025 0.7483988 0.43033198 0.64444876 0.9558228 0.38821992 0.39574936 0.53517264 0.411676 0.61144364 0.63741505 0.5499532 0.4083045 0.75128514 0.6540221 0.30244803 0.837455 0.3565699 0.71099484 0.44954905 0.76726025 0.65585244 0.60414964 0.901548 0.44992164 0.4182359 0.8698287 0.64873034 0.7240243 0.8573863 0.9076585 0.47760805 1.0031488 0.59460866 0.70317644 0.6573502 0.55209297 0.96148163 0.4511324 0.580463 0.465818 0.3677312 0.864092 0.7434777 0.6711854 0.948077 0.9911851 0.41053432 1.222657 0.7681737 0.83326846 0.62270045 0.44377783 0.4322696 0.7307137 1.0622468 0.48723504 0.9536593 0.8522719 0.6111434 0.47568998 0.61517286 0.6257289 0.44465467 0.6360983 1.1477963 0.7727615 0.50280404 0.7971452 1.0634425 0.37422734 0.45028925 1.3425927 0.6569386 0.7465371 0.93012077 0.7812102 0.96606004 1.0063391 0.6400065 0.76235753 0.49023297 0.43702498 1.1093255 0.8919857 0.86693 0.58935004 0.48331672 0.41563502 0.67550796 0.587558 0.82247585 0.4350269 0.69736886 0.364364 0.49139306 1.0412087 0.65780115 0.42108408 0.86572146 0.37355897 0.39811915 0.41589797 0.5206506 0.49352235 0.57089734 0.4388284 0.4473553 0.6124832 0.71912277 0.81304467 0.5457232 0.6516156 0.62144274 0.68662995 0.8129536 0.26777965 0.34518164 0.38596633 1.062694 0.66296524 0.55567396 0.41257685 0.46469402 0.7434772 0.34504247 0.5357991 0.38951164 0.7017091 0.5113299 0.48792374 0.42824432 0.28414574 0.48785788 0.34936947 0.6064789 0.5593869 0.461508 0.44244176 0.4697712 1.0385107 0.33085933 0.4473179 1.2544593 0.643816 0.7960776 0.55969954 0.72884417 0.41690755 0.43731907 0.4495397 0.6523436 0.4498341 0.628859 0.46982232 0.58081144 0.4422603 0.8692128 0.92768544 0.36216405 0.92818236 0.97165304 0.89053696 0.46842948 0.42898318 0.5895336 0.32815674 0.37629458 0.6134029 0.46976712,0.5408953 0.9746345 0.66793954 0.85326034 0.46968573 0.71254754 0.46251488 0.49714816 0.2808983 0.3761883 0.52786005 0.67369044 0.6387988 0.52419037 0.7623945 0.511856 0.40240142 0.42585492 0.48214906 0.80740494 0.561538 0.5009343 0.53157353 0.6122709 0.70490414 0.8086249 0.51151997 0.6562365 0.30154595 0.39704022 0.6065058 0.7571435 0.986742 0.32762632 0.7637631 0.5080866 1.1399482 0.86914015 0.49575076 0.5206712 0.4967906 0.49700913 0.4960652 0.46896628 0.75386924 0.87710446 1.1473231 0.6180511 0.65983564 0.5126502 0.65999156 0.47406554 0.6212278 0.83249223 0.6375948 0.9511178 0.8687606 0.7340692 0.5976498 0.59577537 0.47449178 0.414914 0.78077316 0.59105897 0.3919696 0.2787064 0.50486076 0.4751795 0.9029432 0.55239415 0.4128534 0.73835874 0.40532082 1.4150747 0.869484 0.4115419 0.5576872 0.39788026 0.71433985 0.36040384 0.61823744 0.6980641 0.82008946 0.43556023 0.6692504 0.41428432 0.4828313 0.7483074 0.43027946 0.64437014 0.9557062 0.38817254 0.39570108 0.5351073 0.41162574 0.611369 0.63733727 0.5498861 0.40825468 0.7511934 0.6539423 0.30241114 0.8373528 0.35652637 0.71090806 0.44949418 0.7671666 0.6557724 0.6040759 0.901438 0.4498667 0.41818488 0.86972255 0.6486511 0.7239359 0.8572816 0.9075477 0.47754976 1.0030264 0.59453607 0.7030906 0.65726995 0.55202556 0.9613643 0.4510773 0.5803921 0.46576115 0.36768633 0.86398655 0.7433869 0.6711034 0.94796133 0.99106413 0.41048422 1.2225078 0.76807994 0.8331668 0.62262446 0.44372365 0.43221685 0.73062456 1.0621171 0.48717558 0.95354295 0.8521679 0.6110688 0.47563192 0.6150978 0.62565255 0.4446004 0.63602066 1.1476562 0.7726672 0.50274265 0.7970479 1.0633128 0.37418166 0.4502343 1.3424288 0.65685844 0.746446 0.9300072 0.7811149 0.96594214 1.0062163 0.63992834 0.7622645 0.49017316 0.43697166 1.1091902 0.8918768 0.8668242 0.58927816 0.48325774 0.4155843 0.6754255 0.58748627 0.8223755 0.4349738 0.69728374 0.36431953 0.49133307 1.0410817 0.65772086 0.42103267 0.86561584 0.3735134 0.39807054 0.4158472 0.5205871 0.49346212 0.57082766 0.43877485 0.4473007 0.61240846 0.71903497 0.8129455 0.54565656 0.6515361 0.62136686 0.68654615 0.8128544 0.26774698 0.34513953 0.38591924 1.0625643 0.6628843 0.5556062 0.41252652 0.4646373 0.74338645 0.34500036 0.5357337 0.3894641 0.7016235 0.5112675 0.4878642 0.42819208 0.28411108 0.48779833 0.34932685 0.6064049 0.5593186 0.46145168 0.44238776 0.4697139 1.038384 0.33081895 0.4472633 1.2543061 0.64373744 0.79598045 0.5596312 0.7287552 0.41685668 0.4372657 0.44948483 0.652264 0.4497792 0.6287823 0.46976498 0.5807406 0.44220632 0.86910677 0.9275722 0.36211985 0.92806906 0.97153443 0.89042825 0.46837232 0.42893085 0.5894617 0.3281167 0.37624866 0.61332804 0.4697098,0.0042590178 0.0076742875 0.0052593667 0.0067185853 0.003698313 0.0056106104 0.0036418494 0.0039145523 0.0022117977 0.0029621127 0.004156378 0.005304649 0.0050299116 0.0041274833 0.006003106 0.0040303622 0.0031685152 0.0033531883 0.0037964494 0.006357519 0.0044215587 0.0039443644 0.0041856184 0.0048210304 0.0055504264 0.0063671255 0.0040277163 0.005167217 0.0023743776 0.0031263009 0.0047756364 0.00596176 0.0077696224 0.002579735 0.006013883 0.004000682 0.008975971 0.0068436232 0.0039035492 0.0040997732 0.003911737 0.0039134575 0.003906025 0.003692648 0.005935978 0.0069063343 0.00903404 0.004866544 0.005195556 0.0040366156 0.005196784 0.0037327996 0.0048915576 0.006555057 0.0050204317 0.007489117 0.0068406346 0.005780073 0.004705904 0.0046911445 0.0037361558 0.0032670395 0.00614782 0.0046540075 0.0030863748 0.0021945385 0.0039752815 0.0037415707 0.0071097887 0.0043495605 0.003250814 0.005813848 0.0031915025 0.011142321 0.0068463306 0.0032404875 0.004391238 0.0031329154 0.005624723 0.0028378256 0.0048680115 0.0054965676 0.0064573972 0.0034296082 0.0052696886 0.0032620812 0.0038018213 0.005892184 0.0033880272 0.0050737807 0.0075252457 0.0030564766 0.0031157564 0.0042134435 0.0032411476 0.004813929 0.0050184038 0.004329812 0.0032146038 0.005914909 0.0051491517 0.00238119 0.0065933294 0.0028072943 0.0055977013 0.0035393243 0.006040682 0.005163562 0.0047565033 0.007097937 0.0035422575 0.0032927943 0.006848209 0.005107489 0.0057002828 0.006750249 0.007146045 0.0037602345 0.0078978455 0.0046813865 0.0055361465 0.005175354 0.004346658 0.007569798 0.0035517898 0.0045700166 0.0036674107 0.002895168 0.0068030437 0.00585344 0.0052842787 0.0074642627 0.0078036548 0.0032321592 0.009626046 0.0060478733 0.0065603685 0.0049025547 0.003493887 0.0034032823 0.005752949 0.008363127 0.0038360283 0.0075082122 0.0067099836 0.0048115654 0.0037451333 0.00484329 0.004926398 0.0035007906 0.0050080367 0.009036663 0.0060839937 0.0039586034 0.0062759677 0.0083725415 0.0029463123 0.003545152 0.010570305 0.005172114 0.005877528 0.0073228916 0.0061505106 0.0076058437 0.007922963 0.005038806 0.0060020825 0.0038596313 0.0034407217 0.008733781 0.0070226523 0.0068253875 0.0046399855 0.0038051791 0.0032723173 0.005318311 0.004625876 0.0064753974 0.0034249907 0.005490423 0.0028686577 0.0038687643 0.008197494 0.0051789046 0.0033152178 0.0068158726 0.0029410503 0.0031344136 0.0032743874 0.004099111 0.0038855285 0.004494706 0.0034549201 0.0035220527 0.004822114 0.0056616925 0.0064011454 0.004296508 0.005130206 0.0048926524 0.0054058754 0.0064004282 0.002108244 0.0027176342 0.0030387342 0.008366648 0.0052195615 0.004374852 0.0032482403 0.0036585615 0.0058534364 0.0027165383 0.004218376 0.0030666466 0.0055245943 0.0040257284 0.0038414504 0.0033715912 0.002237095 0.0038409317 0.002750605 0.004774842 0.0044040834 0.0036334777 0.003483368 0.0036985346 0.008176251 0.0026048736 0.0035217584 0.009876425 0.0050687985 0.0062675625 0.0044065453 0.00573823 0.003282336 0.003443037 0.0035392507 0.005135937 0.0035415685 0.0049510417 0.003698937 0.0045727603 0.0034819397 0.0068433606 0.007303718 0.0028513374 0.0073076305 0.0076498776 0.007011246 0.003687971 0.0033774083 0.0046414305 0.002583596 0.0029625879 0.0048293546 0.0036985024,
749,256,,,0.0056379763 0.0056379763 0.0056379763 0.0056379763 0.0056379763 0.0056379763 0.0056379763 0.0056379763 0.0056379763 0.0056379763 0.0056379763 0.0056379763 0.0056379763 0.0056379763 0.0056379763 0.0056379763 0.0056379763 0.0056379763 0.0056379763 0.0056379763 0.0056379763 0.0056379763 0.0056379763 0.0056379763 0.0056379763 0.0056379763 0.0056379763 0.0056379763 0.0056379763 0.0056379763 0.0056379763 0.0056379763 0.0056379763 0.0056379763 0.0056379763 0.0056379763 0.0056379763 0.0056379763 0.0056379763 0.0056379763 0.0056379763 0.0056379763 0.0056379763 0.0056379763 0.0056379763 0.0056379763 0.0056379763 0.0056379763 0.0056379763 0.0056379763 0.0056379763 0.0056379763 0.0056379763 0.0056379763 0.0056379763 0.0056379763 0.0056379763 0.0056379763 0.0056379763 0.0056379763 0.0056379763 0.0056379763 0.0056379763 0.0056379763 0.0056379763 0.0056379763 0.0056379763 0.0056379763 0.0056379763 0.0056379763 0.0056379763 0.0056379763 0.0056379763 0.0056379763 0.0056379763 0.0056379763 0.0056379763 0.0056379763 0.0056379763 0.0056379763 0.0056379763 0.0056379763 0.0056379763 0.0056379763 0.0056379763 0.0056379763 0.0056379763 0.0056379763 0.0056379763 0.0056379763 0.0056379763 0.0056379763 0.0056379763 0.0056379763 0.0056379763 0.0056379763 0.0056379763 0.0056379763 0.0056379763 0.0056379763 0.0056379763 0.0056379763 0.0056379763 0.0056379763 0.0056379763 0.0056379763 0.0056379763 0.0056379763 0.0056379763 0.0056379763 0.0056379763 0.0056379763 0.0056379763 0.0056379763 0.0056379763 0.0056379763 0.0056379763 0.0056379763 0.0056379763 0.0056379763 0.0056379763 0.0056379763 0.0056379763 0.0056379763 0.0056379763 0.0056379763 0.0056379763 0.0056379763 0.0056379763 0.0056379763 0.0056379763 0.0056379763 0.0056379763 0.0056379763 0.0056379763 0.0056379763 0.0056379763 0.0056379763 0.0056379763 0.0056379763 0.0056379763 0.0056379763 0.0056379763 0.0056379763 0.0056379763 0.0056379763 0.0056379763 0.0056379763 0.0056379763 0.0056379763 0.0056379763 0.0056379763 0.0056379763 0.0056379763 0.0056379763 0.0056379763 0.0056379763 0.0056379763 0.0056379763 0.0056379763 0.0056379763 0.0056379763 0.0056379763 0.0056379763 0.0056379763 0.0056379763 0.0056379763 0.0056379763 0.0056379763 0.0056379763 0.0056379763 0.0056379763 0.0056379763 0.0056379763 0.0056379763 0.0056379763 0.0056379763 0.0056379763 0.0056379763 0.0056379763 0.0056379763 0.0056379763 0.0056379763 0.0056379763 0.0056379763 0.0056379763 0.0056379763 0.0056379763 0.0056379763 0.0056379763 0.0056379763 0.0056379763 0.0056379763 0.0056379763 0.0056379763 0.0056379763 0.0056379763 0.0056379763 0.0056379763 0.0056379763 0.0056379763 0.0056379763 0.0056379763 0.0056379763 0.0056379763 0.0056379763 0.0056379763 0.0056379763 0.0056379763 0.0056379763 0.0056379763 0.0056379763 0.0056379763 0.0056379763 0.0056379763 0.0056379763 0.0056379763 0.0056379763 0.0056379763 0.0056379763 0.0056379763 0.0056379763 0.0056379763 0.0056379763 0.0056379763 0.0056379763 0.0056379763 0.0056379763 0.0056379763 0.0056379763 0.0056379763 0.0056379763 0.0056379763 0.0056379763 0.0056379763 0.0056379763 0.0056379763 0.0056379763 0.0056379763 0.0056379763 0.0056379763 0.0056379763 0.0056379763 0.0056379763 0.0056379763 0.0056379763 0.0056379763 0.0056379763 0.0056379763 0.0056379763 0.0056379763 0.0056379763 0.0056379763 0.0056379763 0.0056379763 0.0056379763,15 15 15 15 16 15 16 15 16 16 15 15 15 15 15 15 16 16 16 15 15 15 15 15 15 15 15 15 16 16 15 15 15 16 15 15 14 15 15 15 15 15 15 16 15 15 14 15 15 15 15 16 15 15 15 15 15 15 15 15 16 16 15 15 16 16 15 16 15 15 16 15 16 14 15 16 15 16 15 16 15 15 15 16 15 16 16 15 16 15 15 16 16 15 16 15 15 15 16 15 15 16 15 16 15 16 15 15 15 15 16 16 15 15 15 15 15 16 14 15 15 15 15 15 16 15 16 16 15 15 15 15 14 16 14 15 15 15 16 16 15 14 16 15 15 15 16 15 15 16 15 14 15 15 15 14 16 16 14 15 15 15 15 15 14 15 15 16 16 14 15 15 15 16 16 15 15 15 16 15 16 16 14 15 16 15 16 16 16 15 16 15 16 16 15 15 15 15 15 15 15 15 16 16 16 14 15 15 16 16 15 16 15 16 15 15 16 16 16 16 16 15 15 16 16 16 14 16 16 14 15 15 15 15 16 16 16 15 16 15 16 15 16 15 15 16 15 15 15 16 16 15 16 16 15 16
754,1x1x256x128,0.34138587 0.30480763 0.2805232 0.37229195 0.34196693 0.35759726 0.32484332 0.522441 0.30105993 0.30944753 0.2867752 0.34990448 0.3553275 0.44197133 0.2922017 0.53488094 0.38943997 0.52903444 0.4715194 0.26530987 0.35215238 0.3681455 0.24387191 0.43821356 0.38397655 0.30779204 0.24186917 0.31414363 0.4042197 0.30370927 0.30583805 0.4985897 0.2854678 0.3584688 0.35822836 0.2751324 0.31851992 0.2221381 0.3826867 0.3229373 0.45905313 0.3524426 0.30425188 0.383685 0.349033 0.2865294 0.24190083 0.33237082 0.27976015 0.23413366 0.29414243 0.40334508 0.3930596 0.4409067 0.3387615 0.3786829 0.29025203 0.4143829 0.30991948 0.35729298 0.2730889 0.37626153 0.52312475 0.31146207 0.23392013 0.26203144 0.34363952 0.38435712 0.30553168 0.34124035 0.40322667 0.6031275 0.5927397 0.36362863 0.309662 0.29965705 0.4356724 0.30071422 0.5372714 0.34285498 0.51147795 0.35609317 0.69582105 0.4784454 0.36708426 0.31677178 0.41384155 0.43039533 0.5502962 0.38997737 0.329389 0.5547001 0.28178638 0.25113028 0.35875854 0.3242445 0.35422182 0.49711037 0.48711315 0.4733763 0.29747915 0.25121796 0.30713797 0.3343456 0.31381923 0.21027057 0.2917643 0.8330518 0.29422912 0.49821502 0.30270007 0.80107546 0.24762076 0.3433256 0.27507967 0.3425914 0.33780643 0.3776519 0.3607946 0.30405954 0.3633387 0.3243151 0.52427745 0.45657146 0.40012637 0.24566394 0.30327266 0.27617934,0.3413442 0.30477044 0.280489 0.37224653 0.34192517 0.3575536 0.32480368 0.5223773 0.3010232 0.30940977 0.28674018 0.34986177 0.35528412 0.4419174 0.29216605 0.53481567 0.38939244 0.5289699 0.47146186 0.26527748 0.3521094 0.36810058 0.24384214 0.43816006 0.38392967 0.30775446 0.24183965 0.31410527 0.40417033 0.30367222 0.3058007 0.49852887 0.28543296 0.35842505 0.35818464 0.27509883 0.31848103 0.22211099 0.38264 0.32289788 0.4589971 0.35239956 0.30421475 0.38363817 0.34899038 0.2864944 0.24187131 0.33233026 0.27972603 0.2341051 0.29410654 0.40329587 0.39301166 0.4408529 0.33872017 0.37863672 0.29021662 0.41433233 0.30988166 0.35724938 0.27305555 0.3762156 0.5230609 0.31142405 0.23389158 0.26199946 0.3435976 0.38431022 0.3054944 0.34119868 0.40317747 0.60305387 0.5926674 0.36358425 0.30962422 0.29962048 0.43561924 0.3006775 0.5372058 0.34281313 0.5114155 0.35604972 0.69573617 0.47838703 0.36703947 0.31673312 0.41379106 0.4303428 0.5502291 0.38992977 0.3293488 0.5546324 0.281752 0.25109962 0.35871476 0.32420492 0.3541786 0.49704972 0.48705372 0.47331852 0.29744285 0.25118732 0.3071005 0.3343048 0.31378093 0.21024491 0.29172868 0.8329502 0.2941932 0.49815422 0.30266315 0.8009777 0.24759054 0.34328368 0.27504608 0.3425496 0.3377652 0.3776058 0.36075056 0.30402243 0.36329436 0.32427552 0.52421343 0.45651576 0.40007755 0.24563396 0.30323565 0.27614564,0.0026877497 0.0023997673 0.0022085747 0.0029310752 0.002692324 0.0028153828 0.0025575093 0.004113207 0.0023702614 0.0024362975 0.0022577967 0.002754817 0.0027975128 0.0034796644 0.0023005202 0.004211147 0.0030660823 0.004165117 0.003712298 0.002088799 0.002772515 0.0028984298 0.0019200168 0.0034500791 0.0030230682 0.0024232634 0.0019042492 0.0024732698 0.0031824436 0.00239112 0.0024078796 0.003925424 0.0022475037 0.0028222445 0.0028203514 0.0021661324 0.0025077246 0.0017489054 0.0030129135 0.002542503 0.0036141505 0.0027747997 0.0023953917 0.003020773 0.0027479557 0.0022558614 0.0019044986 0.0026167736 0.0022025672 0.0018433472 0.0023157995 0.003175558 0.00309458 0.0034712828 0.002667088 0.0029813915 0.0022851704 0.0032624593 0.002440013 0.0028129872 0.0021500436 0.0029623276 0.0041185897 0.002452158 0.001841666 0.0020629878 0.0027054928 0.0030260647 0.0024054677 0.0026866037 0.0031746258 0.0047484557 0.0046666726 0.0028628681 0.002437986 0.0023592163 0.0034300727 0.0023675393 0.004229967 0.002699316 0.0040268935 0.002803541 0.0054782378 0.003766827 0.0028900746 0.0024939615 0.0032581973 0.003388526 0.004332512 0.0030703133 0.0025932977 0.0043671844 0.0022185196 0.0019771624 0.0028245256 0.0025527948 0.002788808 0.0039137774 0.0038350688 0.0037269176 0.0023420698 0.001977853 0.002418114 0.0026323213 0.002470716 0.0016554717 0.0022970762 0.0065586627 0.002316482 0.003922474 0.0023831744 0.006306911 0.0019495318 0.002703021 0.002165717 0.0026972408 0.0026595683 0.002973274 0.0028405555 0.0023938774 0.0028605855 0.0025533505 0.004127665 0.0035946122 0.003150217 0.0019341257 0.0023876822 0.002174375,
755,128,,,0.0049615246 0.0049615246 0.0049615246 0.0049615246 0.0049615246 0.0049615246 0.0049615246 0.0049615246 0.0049615246 0.0049615246 0.0049615246 0.0049615246 0.0049615246 0.0049615246 0.0049615246 0.0049615246 0.0049615246 0.0049615246 0.0049615246 0.0049615246 0.0049615246 0.0049615246 0.0049615246 0.0049615246 0.0049615246 0.0049615246 0.0049615246 0.0049615246 0.0049615246 0.0049615246 0.0049615246 0.0049615246 0.0049615246 0.0049615246 0.0049615246 0.0049615246 0.0049615246 0.0049615246 0.0049615246 0.0049615246 0.0049615246 0.0049615246 0.0049615246 0.0049615246 0.0049615246 0.0049615246 0.0049615246 0.0049615246 0.0049615246 0.0049615246 0.0049615246 0.0049615246 0.0049615246 0.0049615246 0.0049615246 0.0049615246 0.0049615246 0.0049615246 0.0049615246 0.0049615246 0.0049615246 0.0049615246 0.0049615246 0.0049615246 0.0049615246 0.0049615246 0.0049615246 0.0049615246 0.0049615246 0.0049615246 0.0049615246 0.0049615246 0.0049615246 0.0049615246 0.0049615246 0.0049615246 0.0049615246 0.0049615246 0.0049615246 0.0049615246 0.0049615246 0.0049615246 0.0049615246 0.0049615246 0.0049615246 0.0049615246 0.0049615246 0.0049615246 0.0049615246 0.0049615246 0.0049615246 0.0049615246 0.0049615246 0.0049615246 0.0049615246 0.0049615246 0.0049615246 0.0049615246 0.0049615246 0.0049615246 0.0049615246 0.0049615246 0.0049615246 0.0049615246 0.0049615246 0.0049615246 0.0049615246 0.0049615246 0.0049615246 0.0049615246 0.0049615246 0.0049615246 0.0049615246 0.0049615246 0.0049615246 0.0049615246 0.0049615246 0.0049615246 0.0049615246 0.0049615246 0.0049615246 0.0049615246 0.0049615246 0.0049615246 0.0049615246 0.0049615246 0.0049615246 0.0049615246,15 15 15 15 15 15 15 14 15 15 15 15 15 15 15 14 15 14 15 15 15 15 16 15 15 15 16 15 15 15 15 14 15 15 15 15 15 16 15 15 15 15 15 15 15 15 16 15 15 16 15 15 15 15 15 15 15 15 15 15 15 15 14 15 16 15 15 15 15 15 15 14 14 15 15 15 15 15 14 15 14 15 14 15 15 15 15 15 14 15 15 14 15 15 15 15 15 14 15 15 15 15 15 15 15 16 15 14 15 14 15 14 15 15 15 15 15 15 15 15 15 15 14 15 15 16 15 15
760,3x3x1x128,0.20788331 0.6745337 0.61838216 0.47622854 0.46189103 0.42667383 0.5961917 0.5646994 0.6516442 0.48324025 0.26575035 0.47708604 0.55781955 0.53865844 0.79161906 0.29245344 0.6482759 0.55804825 0.51055324 0.36425516 0.23141818 0.5509295 1.0532473 0.93042713 0.57802343 0.56558704 0.89533 0.9641508 0.57173324 0.21058653 0.45936143 0.33994675 0.89567953 1.0174524 1.1036233 0.43309215 0.52653885 0.3262918 0.2724466 0.4497482 0.93584543 0.37372953 0.4678484 0.41925356 0.44591242 0.31048712 0.44227263 0.66432995 0.40854377 0.62493765 0.33624196 0.24265094 0.27843773 0.4856573 0.40683073 0.40237987 0.64754146 0.36821124 0.57299644 0.52959204 0.6106119 0.41705963 0.64184886 0.489902 0.32582757 0.80168915 0.5438343 0.513208 0.6471655 0.2455683 0.3771654 0.46934807 0.75071216 0.40934858 0.6117605 0.48925567 0.34985447 0.49878055 0.31303146 0.31651098 0.60435206 0.50802565 0.5113265 0.23534921 0.65657216 0.50489634 0.30748773 0.4971871 0.5471421 0.5628861 0.6567181 0.8636761 0.4933911 0.6033235 0.47656456 0.63707316 0.39829627 0.5925725 0.6019715 0.48619553 0.4648979 0.41439682 0.46496043 0.50355005 0.33776236 0.63215184 0.3587125 0.46277338 0.6427141 0.34616768 0.4654766 0.43915576 0.9673628 0.52590597 0.43727055 0.4071541 0.71251124 0.2494092 0.26806718 0.29129764 0.846763 0.5373412 0.60866123 0.49461251 0.7125628 0.486533 0.6598158 0.30671754,0.20785795 0.6744514 0.6183067 0.47617042 0.46183464 0.42662176 0.596119 0.5646305 0.65156466 0.48318127 0.26571792 0.47702783 0.5577515 0.5385927 0.79152244 0.29241776 0.64819676 0.5579802 0.5104909 0.36421072 0.23138992 0.55086225 1.0531187 0.9303136 0.5779529 0.565518 0.89522076 0.9640331 0.5716635 0.21056084 0.45930538 0.33990526 0.8955702 1.0173283 1.1034886 0.4330393 0.5264746 0.32625198 0.27241337 0.44969332 0.93573123 0.3736839 0.4677913 0.4192024 0.445858 0.3104492 0.44221866 0.6642489 0.4084939 0.6248614 0.33620092 0.24262132 0.27840376 0.48559803 0.40678108 0.4023308 0.6474624 0.3681663 0.5729265 0.52952737 0.6105374 0.41700873 0.64177054 0.4898422 0.32578778 0.8015913 0.543768 0.5131453 0.6470865 0.24553834 0.37711936 0.4692908 0.75062054 0.4092986 0.6116859 0.48919597 0.3498118 0.4987197 0.31299326 0.31647235 0.60427827 0.50796366 0.5112641 0.2353205 0.656492 0.5048347 0.3074502 0.49712643 0.5470753 0.56281745 0.65663797 0.86357063 0.49333087 0.60324985 0.4765064 0.6369954 0.39824766 0.59250015 0.6018981 0.4861362 0.46484116 0.41434625 0.46490368 0.5034886 0.33772114 0.63207465 0.3586687 0.4627169 0.64263564 0.34612545 0.4654198 0.43910214 0.9672448 0.5258418 0.4372172 0.4071044 0.7124243 0.24937877 0.2680345 0.2912621 0.8466597 0.5372756 0.60858697 0.49455214 0.71247584 0.4864736 0.65973526 0.3066801,0.0016366768 0.005310641 0.0048685567 0.0037493734 0.003636493 0.0033592265 0.0046938504 0.0044459095 0.00513043 0.0038045768 0.0020922672 0.0037561248 0.004391744 0.0042408872 0.00623246 0.002302502 0.0051039113 0.0043935445 0.0040196134 0.0028678009 0.0018219679 0.004337498 0.008292274 0.0073253037 0.0045508104 0.0044528977 0.007048982 0.007590812 0.0045012874 0.0016579594 0.0036165777 0.0026764194 0.007051734 0.008010459 0.008688887 0.0034097584 0.004145469 0.0025689132 0.0021449872 0.0035408924 0.0073679625 0.0029423928 0.003683396 0.0033008063 0.0035106929 0.002444482 0.0034820368 0.005230306 0.0032164874 0.004920169 0.0026472514 0.0019104041 0.0021921557 0.0038236065 0.0032030006 0.003167959 0.005098129 0.0028989473 0.0045112325 0.004169507 0.004807381 0.0032835333 0.005053311 0.0038570252 0.0025652582 0.006311742 0.0042816377 0.0040405146 0.0050951694 0.0019333727 0.0029694438 0.003695203 0.005910398 0.0032228236 0.004816424 0.003851937 0.0027544235 0.0039269268 0.0024645138 0.0024919084 0.0047580968 0.003999714 0.0040257014 0.0018529173 0.005169228 0.0039750766 0.0024208678 0.0039143814 0.0043076794 0.0044316333 0.005170378 0.0067997687 0.003884495 0.004749999 0.003752019 0.0050157118 0.0031358083 0.0046653557 0.004739355 0.003827844 0.0036601666 0.003262569 0.0036606588 0.003964477 0.0026592216 0.004976966 0.002824163 0.0036434403 0.0050601233 0.0027253972 0.003664723 0.003457497 0.007616101 0.0041404865 0.003442655 0.0032055464 0.00560964 0.0019636124 0.0021105078 0.0022934023 0.006666612 0.0042305165 0.0047920235 0.0038941114 0.005610046 0.0038305006 0.005194766 0.002414804,
761,128,,,0.005637976 0.005637976 0.005637976 0.005637976 0.005637976 0.005637976 0.005637976 0.005637976 0.005637976 0.005637976 0.005637976 0.005637976 0.005637976 0.005637976 0.005637976 0.005637976 0.005637976 0.005637976 0.005637976 0.005637976 0.005637976 0.005637976 0.005637976 0.005637976 0.005637976 0.005637976 0.005637976 0.005637976 0.005637976 0.005637976 0.005637976 0.005637976 0.005637976 0.005637976 0.005637976 0.005637976 0.005637976 0.005637976 0.005637976 0.005637976 0.005637976 0.005637976 0.005637976 0.005637976 0.005637976 0.005637976 0.005637976 0.005637976 0.005637976 0.005637976 0.005637976 0.005637976 0.005637976 0.005637976 0.005637976 0.005637976 0.005637976 0.005637976 0.005637976 0.005637976 0.005637976 0.005637976 0.005637976 0.005637976 0.005637976 0.005637976 0.005637976 0.005637976 0.005637976 0.005637976 0.005637976 0.005637976 0.005637976 0.005637976 0.005637976 0.005637976 0.005637976 0.005637976 0.005637976 0.005637976 0.005637976 0.005637976 0.005637976 0.005637976 0.005637976 0.005637976 0.005637976 0.005637976 0.005637976 0.005637976 0.005637976 0.005637976 0.005637976 0.005637976 0.005637976 0.005637976 0.005637976 0.005637976 0.005637976 0.005637976 0.005637976 0.005637976 0.005637976 0.005637976 0.005637976 0.005637976 0.005637976 0.005637976 0.005637976 0.005637976 0.005637976 0.005637976 0.005637976 0.005637976 0.005637976 0.005637976 0.005637976 0.005637976 0.005637976 0.005637976 0.005637976 0.005637976 0.005637976 0.005637976 0.005637976 0.005637976 0.005637976 0.005637976,16 15 15 16 16 16 15 15 15 16 16 16 15 15 15 16 15 15 15 16 16 15 14 15 15 15 15 15 15 16 16 16 15 14 14 16 15 16 16 16 15 16 16 16 16 16 16 15 16 15 16 16 16 16 16 16 15 16 15 15 15 16 15 16 16 15 15 15 15 16 16 16 15 16 15 16 16 15 16 16 15 15 15 16 15 15 16 15 15 15 15 15 16 15 16 15 16 15 15 16 16 16 16 15 16 15 16 16 15 16 16 16 15 15 16 16 15 16 16 16 15 15 15 16 15 16 15 16
766,1x1x128x128,0.39748016 0.56185764 0.62889576 0.60324025 0.22703968 0.4896878 0.4418795 0.5855118 0.42540514 0.31395987 0.46481785 0.28760332 0.43679717 0.48241645 0.33892316 0.44016704 0.3944764 0.41564518 0.31437048 0.6528947 0.32158068 0.48756853 0.45747182 0.37453294 0.5168954 0.32423678 0.49290994 0.3734459 0.4604863 0.4105265 0.39656693 0.38415313 0.42739314 0.36305138 0.45508054 0.3203569 0.38381252 0.43222216 0.42972925 0.53560394 0.42866528 0.31199422 0.35647735 0.37114158 0.36711887 0.6415201 0.4860505 0.3932019 0.5548885 0.46280113 0.5736748 0.58856636 0.33911884 0.44052413 0.3886182 0.4280429 0.4481508 0.42376557 0.44063672 0.30760098 0.30397052 0.4375242 0.44370058 0.42092076 0.4404752 0.44157284 0.3615436 0.3841177 0.41940463 0.32574883 0.36469534 0.34879002 0.4491836 0.37744054 0.42503604 0.41577658 0.48523772 0.4791378 0.285424 0.7093719 0.43220374 0.4904739 0.41988134 0.62152654 0.5120222 0.39102498 0.4119461 0.7555499 0.42797226 0.49472544 0.47010177 0.3779948 0.43558258 0.52719593 0.3028599 0.66999215 0.6036263 0.39331847 0.35178325 0.44934487 0.5162708 0.34213915 0.7294818 0.51339346 0.5328248 0.4237129 0.39870358 0.3360409 0.37649286 0.71613306 0.558017 0.48630047 0.48176965 0.31054005 0.33401087 0.37561405 0.48963144 0.45578095 0.4149077 0.54608244 0.5258185 0.3649575 0.5163236 0.52638304 0.3882024 0.3604232 0.53237814 0.4487785,0.39743167 0.56178904 0.62881905 0.60316664 0.22701196 0.48962802 0.44182557 0.58544034 0.42535323 0.31392157 0.4647611 0.28756824 0.4367439 0.48235756 0.3388818 0.4401133 0.39442825 0.41559446 0.3143321 0.652815 0.32154143 0.48750904 0.45741597 0.37448725 0.5168323 0.32419723 0.49284977 0.3734003 0.46043012 0.41047642 0.39651853 0.38410625 0.42734098 0.3630071 0.45502502 0.3203178 0.3837657 0.4321694 0.42967683 0.5355386 0.42861295 0.31195617 0.35643384 0.37109628 0.36707404 0.6414418 0.48599115 0.3931539 0.5548208 0.46274465 0.5736048 0.58849454 0.33907747 0.44047037 0.38857076 0.42799065 0.44809613 0.42371383 0.44058293 0.30756345 0.3039334 0.43747082 0.44364643 0.4208694 0.44042146 0.44151896 0.3614995 0.3840708 0.41935343 0.32570907 0.36465082 0.34874743 0.44912878 0.3773945 0.4249842 0.41572586 0.4851785 0.47907934 0.28538916 0.7092853 0.432151 0.49041402 0.41983008 0.6214507 0.5119597 0.39097726 0.4118958 0.7554577 0.42792004 0.49466506 0.4700444 0.37794867 0.43552944 0.52713156 0.30282295 0.6699104 0.60355264 0.3932705 0.35174033 0.44929004 0.5162078 0.3420974 0.7293928 0.5133308 0.5327598 0.4236612 0.39865494 0.3359999 0.37644693 0.7160456 0.55794895 0.4862411 0.48171085 0.31050217 0.3339701 0.3755682 0.4895717 0.4557253 0.41485706 0.5460158 0.5257544 0.364913 0.5162606 0.5263188 0.38815504 0.36037922 0.53231317 0.44872376,0.0031293833 0.004423536 0.0049513313 0.0047493437 0.0017874958 0.0038553388 0.0034789415 0.0046097664 0.003349238 0.0024718235 0.0036595364 0.002264317 0.0034389282 0.003798091 0.0026683605 0.0034654592 0.0031057342 0.0032723972 0.0024750559 0.0051402757 0.0025318223 0.003838654 0.0036017005 0.0029487186 0.004069546 0.0025527342 0.0038807068 0.0029401598 0.003625434 0.0032320977 0.003122193 0.0030244587 0.0033648896 0.0028583235 0.003582874 0.0025221875 0.0030217771 0.0034029088 0.003383282 0.0042168396 0.003374905 0.0024563477 0.0028065657 0.002922018 0.0028903468 0.005050723 0.003826702 0.0030957 0.0043686675 0.0036436587 0.0045165736 0.0046338155 0.0026699014 0.0034682706 0.0030596124 0.0033700052 0.003528316 0.0033363295 0.003469157 0.0024217595 0.0023931765 0.003444652 0.003493279 0.0033139323 0.0034678855 0.0034765273 0.0028464526 0.0030241797 0.0033019956 0.0025646384 0.0028712663 0.0027460428 0.003536447 0.0029716103 0.003346332 0.003273432 0.0038203031 0.0037722783 0.0022471587 0.0055849236 0.0034027637 0.0038615277 0.0033057488 0.0048933127 0.0040311785 0.003078561 0.003243274 0.005948486 0.0033694492 0.0038950006 0.0037011371 0.0029759738 0.0034293656 0.004150642 0.0023844326 0.005274885 0.004752383 0.003096618 0.002769609 0.0035377168 0.0040646284 0.0026936803 0.0057432507 0.004041975 0.004194959 0.003335915 0.0031390153 0.0026456686 0.002964149 0.0056381547 0.0043932986 0.0038286701 0.0037929988 0.002444899 0.002629686 0.00295723 0.0038548952 0.0035883882 0.003266591 0.004299337 0.004139798 0.0028733306 0.004065044 0.0041442425 0.003056339 0.0028376316 0.0041914424 0.0035332579,
767,128,,,0.004961524 0.004961524 0.004961524 0.004961524 0.004961524 0.004961524 0.004961524 0.004961524 0.004961524 0.004961524 0.004961524 0.004961524 0.004961524 0.004961524 0.004961524 0.004961524 0.004961524 0.004961524 0.004961524 0.004961524 0.004961524 0.004961524 0.004961524 0.004961524 0.004961524 0.004961524 0.004961524 0.004961524 0.004961524 0.004961524 0.004961524 0.004961524 0.004961524 0.004961524 0.004961524 0.004961524 0.004961524 0.004961524 0.004961524 0.004961524 0.004961524 0.004961524 0.004961524 0.004961524 0.004961524 0.004961524 0.004961524 0.004961524 0.004961524 0.004961524 0.004961524 0.004961524 0.004961524 0.004961524 0.004961524 0.004961524 0.004961524 0.004961524 0.004961524 0.004961524 0.004961524 0.004961524 0.004961524 0.004961524 0.004961524 0.004961524 0.004961524 0.004961524 0.004961524 0.004961524 0.004961524 0.004961524 0.004961524 0.004961524 0.004961524 0.004961524 0.004961524 0.004961524 0.004961524 0.004961524 0.004961524 0.004961524 0.004961524 0.004961524 0.004961524 0.004961524 0.004961524 0.004961524 0.004961524 0.004961524 0.004961524 0.004961524 0.004961524 0.004961524 0.004961524 0.004961524 0.004961524 0.004961524 0.004961524 0.004961524 0.004961524 0.004961524 0.004961524 0.004961524 0.004961524 0.004961524 0.004961524 0.004961524 0.004961524 0.004961524 0.004961524 0.004961524 0.004961524 0.004961524 0.004961524 0.004961524 0.004961524 0.004961524 0.004961524 0.004961524 0.004961524 0.004961524 0.004961524 0.004961524 0.004961524 0.004961524 0.004961524 0.004961524,15 14 14 14 16 15 15 14 15 15 15 15 15 15 15 15 15 15 15 14 15 15 15 15 14 15 15 15 15 15 15 15 15 15 15 15 15 15 15 14 15 15 15 15 15 14 15 15 14 15 14 14 15 15 15 15 15 15 15 15 15 15 15 15 15 15 15 15 15 15 15 15 15 15 15 15 15 15 15 14 15 15 15 14 14 15 15 14 15 15 15 15 15 14 15 14 14 15 15 15 14 15 14 14 14 15 15 15 15 14 14 15 15 15 15 15 15 15 15 14 14 15 14 14 15 15 14 15
772,1x1x128x13,0.07771283 0.10467443 0.11607362 0.09704191 0.08118215 0.09163968 0.10675602 0.10229546 0.099520005 0.092184864 0.08504797 0.098479204 0.09634805,0.07770334 0.10466166 0.11605945 0.09703007 0.08117224 0.0916285 0.10674299 0.10228298 0.09950786 0.09217361 0.08503759 0.098467186 0.09633629,0.0006118373 0.00082410756 0.00091385393 0.00076401635 0.0006391515 0.00072148425 0.000840496 0.0008053778 0.00078352646 0.0007257765 0.0006695873 0.00077533216 0.00075855345,
773,13,,,0.0042772684 0.0042772684 0.0042772684 0.0042772684 0.0042772684 0.0042772684 0.0042772684 0.0042772684 0.0042772684 0.0042772684 0.0042772684 0.0042772684 0.0042772684,15 15 15 15 15 15 15 15 15 15 15 15 15
780,3x3x256x32,0.030729882 0.03202665 0.02899647 0.03744537 0.03849856 0.029331176 0.05844247 0.035634585 0.034708247 0.029090365 0.03834277 0.041785322 0.0410316 0.020869758 0.04015524 0.03941998 0.050294098 0.032079063 0.109398045 0.035681132 0.04856608 0.03136609 0.041008886 0.034170903 0.028557193 0.047929585 0.033392582 0.019639743 0.028328452 0.030919334 0.034544878 0.034443196,0.030726131 0.03202274 0.02899293 0.037440803 0.038493864 0.029327596 0.05843534 0.035630234 0.03470401 0.029086815 0.03833809 0.041780222 0.041026592 0.02086721 0.040150337 0.039415166 0.050287962 0.032075148 0.10938469 0.035676777 0.048560154 0.031362265 0.04100388 0.03416673 0.028553708 0.047923736 0.033388507 0.019637346 0.028324995 0.03091556 0.034540664 0.03443899,0.00024193803 0.00025214755 0.0002282908 0.00029480946 0.0003031013 0.00023092594 0.0004601208 0.000280553 0.00027325994 0.00022903005 0.00030187474 0.00032897812 0.00032304402 0.00016430875 0.00031614437 0.00031035562 0.0003959682 0.00025256022 0.0008612968 0.0002809195 0.00038236342 0.00024694696 0.00032286518 0.00026902938 0.00022483234 0.00037735226 0.00026290162 0.00015462478 0.00022303146 0.0002434296 0.00027197372 0.00027117314,
781,32,,,0.0040013506 0.0040013506 0.0040013506 0.0040013506 0.0040013506 0.0040013506 0.0040013506 0.0040013506 0.0040013506 0.0040013506 0.0040013506 0.0040013506 0.0040013506 0.0040013506 0.0040013506 0.0040013506 0.0040013506 0.0040013506 0.0040013506 0.0040013506 0.0040013506 0.0040013506 0.0040013506 0.0040013506 0.0040013506 0.0040013506 0.0040013506 0.0040013506 0.0040013506 0.0040013506 0.0040013506 0.0040013506,15 14 15 14 14 15 14 14 14 15 14 14 14 15 14 14 14 14 13 14 14 14 14 14 15 14 14 15 15 15 14 14
786,3x3x32x32,0.21842869 0.104132175 0.1425407 0.09583612 0.100270376 0.20668432 0.13808475 0.07846503 0.085279584 0.07758686 0.11088346 0.12980956 0.10568639 0.089842714 0.11385617 0.084898256 0.121628016 0.16704443 0.08945301 0.12720336 0.16391797 0.08400249 0.10257337 0.07890942 0.066547036 0.1119813 0.08914131 0.124285676 0.101629004 0.057097547 0.15797332 0.092751846,0.21840203 0.10411947 0.14252329 0.09582442 0.100258134 0.20665911 0.1380679 0.07845545 0.085269175 0.07757739 0.11086992 0.12979372 0.10567349 0.089831755 0.11384227 0.0848879 0.12161317 0.16702405 0.0894421 0.12718783 0.16389796 0.083992235 0.102560855 0.07889979 0.066538915 0.11196763 0.08913043 0.124270506 0.101616606 0.05709058 0.15795404 0.09274052,0.001719701 0.0008198384 0.0011222307 0.000754523 0.0007894341 0.0016272371 0.0010871488 0.0006177594 0.0006714108 0.0006108456 0.0008729915 0.0010219978 0.00083207473 0.00070733664 0.0008963958 0.00066840864 0.000957584 0.00131515 0.00070426846 0.001001479 0.0012905351 0.0006613562 0.0008075658 0.0006212582 0.00052392844 0.0008816349 0.0007018144 0.0009785079 0.0008001308 0.00044953212 0.0012437325 0.0007302403,
787,32,,,0.0044300067 0.0044300067 0.0044300067 0.0044300067 0.0044300067 0.0044300067 0.0044300067 0.0044300067 0.0044300067 0.0044300067 0.0044300067 0.0044300067 0.0044300067 0.0044300067 0.0044300067 0.0044300067 0.0044300067 0.0044300067 0.0044300067 0.0044300067 0.0044300067 0.0044300067 0.0044300067 0.0044300067 0.0044300067 0.0044300067 0.0044300067 0.0044300067 0.0044300067 0.0044300067 0.0044300067 0.0044300067,14 15 14 15 15 14 14 15 15 15 15 14 15 15 15 15 15 14 15 14 14 15 15 15 15 15 15 14 15 16 14 15
792,1x1x32x4,0.20088398 0.142303 0.20613189 0.14694066,0.20085947 0.14228563 0.20610674 0.14692272,0.0015815706 0.0011203593 0.0016228877 0.0011568718,
793,4,,,0.0038763236 0.0038763236 0.0038763236 0.0038763236,15 15 15 15
800,3x3x1x512,0.7685025 0.8742339 1.3971688 0.35771713 0.73231804 0.463784 0.5691115 0.48815995 0.34789082 0.7471111 0.5024374 0.8054349 0.46671954 0.44613606 0.9903306 0.43109205 1.5531301 0.32197362 0.69065154 0.56758064 1.2140101 0.46461245 0.7319087 0.5136917 0.44351834 0.4059555 0.87190056 0.63425016 1.0068779 0.53490824 0.9494404 0.7832894 0.7189697 0.5224513 0.82713234 0.7216523 0.6510543 0.47782266 0.737298 0.8936169 0.7342969 0.66198045 0.60116017 0.5984599 0.75775754 0.59092367 0.60603553 0.5632712 0.8842624 0.5693964 0.8090397 0.4207662 2.0194716 0.6206111 0.591333 0.84543574 0.69666594 1.6164615 0.3302491 0.8134231 1.3330425 0.81562173 0.5854622 0.44105554 0.95894045 0.46520343 0.37234074 0.3547159 0.5948505 0.69154817 0.8089173 0.7214724 0.5595867 0.43047842 0.6676358 0.6415641 0.3821505 0.5172648 1.6028553 0.53761846 0.6134593 0.5828912 0.58146745 1.2240651 0.9258729 1.080732 0.7362136 0.5141441 0.9065462 0.66341114 0.74870366 0.478997 0.7395058 0.5476345 0.54456794 0.57002807 1.1008856 0.510557 0.34709346 0.7921278 0.43774545 0.69812137 0.66999316 0.571344 0.7188915 0.3816367 0.69690156 0.50158006 0.45304522 0.59529203 0.4671673 0.33141187 0.27236676 0.74115694 0.75827605 0.44510683 0.42173445 0.5416701 0.73709095 0.6402503 0.49493992 0.8257032 0.7135114 0.8487467 0.5567926 1.0076102 0.392693 0.8282277 0.84544015 0.41775408 0.49345973 0.72490215 0.7410359 0.53400487 0.39009732 0.60898924 0.57579947 0.6114378 0.5575452 0.46964294 0.7401378 1.8665049 0.85620666 0.85380644 0.55777884 0.40541983 0.48807624 0.9714291 0.38843644 0.57062143 0.58754635 0.45728213 0.76139873 0.5097043 0.8050849 1.04775 0.66407627 0.7528626 0.57092524 0.5753311 0.8089326 0.82932395 0.45327014 0.567047 0.8109975 0.6298935 0.9132608 0.5986175 1.1006473 0.42772222 0.43350118 0.8021985 0.6011813 0.34253496 0.75774056 0.4898219 0.33078083 0.433392 0.6189937 0.45950356 0.53785336 1.0472759 0.90906984 1.2025224 1.546984 1.2213154 0.87526476 0.5352808 0.50360936 1.0859424 1.0524777 0.62845546 1.4964478 0.31272492 1.2885804 0.65507114 0.47379383 0.6643187 0.41599065 0.9661744 0.7564264 0.5713698 1.2393898 0.38798273 1.1096818 0.24276768 2.6053767 2.1797738 0.4334115 0.58159184 0.78390443 0.5372288 0.31237987 0.6076843 0.33729643 0.50227916 0.3788759 0.64589477 0.7414314 0.5965792 0.6182737 0.60947025 0.3549208 0.91592115 0.43520716 0.36851767 0.79052657 0.7532032 0.554248 0.35733733 0.77308106 0.3640128 0.49943274 0.46984267 0.3243616 0.7378796 0.56115174 0.36559516 0.45869896 0.96238685 0.56713736 0.83963406 0.5401557 1.0636778 0.6606082 0.42496887 0.5327826 0.76952845 0.5610174 0.54868674 0.5957632 0.7080709 0.86387175 0.88428986 0.5767472 0.5393204 0.73854357 0.45646796 0.97440165 0.533172 0.5492965 0.34579542 0.65369123 0.42788476 0.46529743 0.5843214 0.5461917 0.4415393 0.66783416 0.68486303 0.85355914 0.5819778 0.50187546 0.29355413 0.91736037 0.7438461 0.3608311 0.7397247 0.91181445 0.8530877 0.81213605 0.5816555 0.49154714 1.3010874 0.27763596 0.570407 0.4443103 0.7203033 0.48786265 0.59982234 0.55606616 0.51767266 1.0853921 0.7561872 0.5058341 0.7917123 0.60682166 0.47364295 0.623966 0.55517465 0.6516383 0.40814906 0.5088728 1.1624274 0.45799243 0.4749575 0.6549573 0.68440115 0.8133582 0.67487925 0.71620727 0.43580627 1.0378335 0.8527957 0.59391826 1.3574324 0.45309722 0.71202195 0.54540485 0.7640251 0.45383984 0.5139994 1.3624392 0.77763516 0.776169 0.52490073 0.71612966 0.5552309 0.37536782 1.0360935 0.4478853 0.31336856 0.628314 1.2184255 0.764508 0.5340991 0.4674657 0.65913576 0.75578374 0.36615443 0.63857794 0.8251507 0.58827484 0.69920504 0.34260297 0.5894333 0.6295059 1.3051357 0.43849447 0.5765106 0.63852054 0.9419543 0.7604938 1.8517209 0.93895334 0.6093962 0.7378822 0.650077 0.48754936 0.8598513 0.60695434 0.60048425 0.3496911 0.40365297 0.5890186 1.108397 0.3198393 0.39964378 0.68965006 1.038038 0.66780037 1.0859588 0.8551613 0.72944796 0.49289614 0.90922856 0.39872333 0.72441113 0.63865906 0.45552427 0.55802107 0.98885494 0.8413654 0.30577826 0.59345186 0.38458583 0.44237858 0.41455886 0.81969947 0.60815287 1.42289 0.40809798 0.82453597 0.44793162 0.6263053 0.63893574 0.4342671 0.5416899 0.486503 1.1409006 0.72532874 0.7855997 0.44983187 0.61143404 0.89025176 0.42419565 0.95177263 0.7441889 0.41641703 0.9712452 0.5554644 0.44906914 0.4407172 1.0672454 0.5604647 0.7086238 1.0519782 0.4002813 0.46401885 0.61348957 0.59760046 0.40156168 0.8882323 0.55306274 0.31584415 0.7151184 0.6844195 0.84969145 0.41245607 0.67074025 0.5764469 0.4510631 0.6284759 0.8267137 1.0600505 0.7267154 0.6308625 0.5274468 1.0038558 0.6941447 0.41488194 0.73206365 0.5470004 0.8967464 0.84334505 1.0659919 0.515162 0.5408149 0.6582336 0.69793236 0.7537454 0.37596846 0.54442304 0.6322209 0.5974466 0.5703267 0.5016344 0.5743532 0.6094316 0.47762278 0.68117404 0.4315684 1.0058126 0.9925962 0.41464925 0.4527726 1.6874477 2.206111 1.0206369 0.5056001 1.1835912 0.6403333 0.58008355 0.86831033 0.6770804 0.39415225 0.54562867 0.9499128 0.5616804 0.8370421 1.1646447 0.5710981 0.47618714 1.2033936 0.5554643 0.8382019 0.44075894 0.45739377 1.1775248 0.46873903 0.8591637 0.5722908 0.5693001 0.68236846 0.8847785 0.40513748 0.44068348 0.3790089 0.876175 0.46663028 0.6080841 0.5264228 0.6411149 0.596498 0.5781703 0.61828935 1.1296229 0.82822067 0.95937526 0.88791853 0.5790222 0.67862207,0.7684087 0.8741272 1.3969982 0.35767347 0.73222864 0.4637274 0.569042 0.48810038 0.3478484 0.74701995 0.50237614 0.8053366 0.4666626 0.4460816 0.99020976 0.43103942 1.5529406 0.3219343 0.69056726 0.5675114 1.213862 0.46455577 0.7318194 0.513629 0.44346422 0.40590593 0.87179416 0.6341728 1.006755 0.53484297 0.94932455 0.78319377 0.71888196 0.52238756 0.82703143 0.7215643 0.65097487 0.47776437 0.73720807 0.8935079 0.7342073 0.6618996 0.6010868 0.5983868 0.7576651 0.59085155 0.60596156 0.56320244 0.8841545 0.5693269 0.808941 0.42071486 2.0192254 0.6205354 0.5912608 0.84533256 0.6965809 1.6162642 0.33020878 0.8133238 1.3328799 0.8155222 0.5853908 0.4410017 0.9588234 0.46514666 0.37229532 0.35467264 0.5947779 0.69146377 0.8088185 0.72138435 0.5595184 0.43042588 0.6675543 0.6414858 0.38210386 0.51720166 1.6026597 0.53755283 0.6133844 0.58282006 0.5813965 1.2239157 0.92576 1.0806 0.73612374 0.5140814 0.90643555 0.66333014 0.7486123 0.47893852 0.7394156 0.5475676 0.5445015 0.5699585 1.1007513 0.51049465 0.34705108 0.7920311 0.43769205 0.69803613 0.6699114 0.5712743 0.71880376 0.38159013 0.6968165 0.50151885 0.45298994 0.5952194 0.46711028 0.33137143 0.2723335 0.7410665 0.75818354 0.44505253 0.42168298 0.541604 0.737001 0.6401722 0.4948795 0.8256025 0.7134243 0.8486431 0.55672467 1.0074873 0.3926451 0.8281266 0.845337 0.41770312 0.49339953 0.7248137 0.7409454 0.53393966 0.3900497 0.6089149 0.5757292 0.6113632 0.5574772 0.46958563 0.74004745 1.8662771 0.85610217 0.85370225 0.55771077 0.40537035 0.4880167 0.97131056 0.38838905 0.57055175 0.58747464 0.45722634 0.7613058 0.5096421 0.8049866 1.0476222 0.66399527 0.75277066 0.57085556 0.5752609 0.80883384 0.82922274 0.45321482 0.5669778 0.81089854 0.62981665 0.91314936 0.5985445 1.100513 0.42767003 0.43344828 0.80210066 0.60110795 0.34249318 0.75764805 0.48976213 0.33074048 0.43333912 0.6189181 0.4594475 0.5377877 1.0471481 0.90895885 1.2023757 1.5467952 1.2211663 0.87515795 0.5352155 0.5035479 1.08581 1.0523492 0.62837875 1.4962652 0.31268677 1.2884232 0.65499115 0.47373602 0.6642376 0.41593987 0.9660565 0.75633407 0.5713001 1.2392385 0.38793537 1.1095464 0.24273804 2.605059 2.1795077 0.4333586 0.58152086 0.78380877 0.53716326 0.31234175 0.60761017 0.33725527 0.5022178 0.37882966 0.6458159 0.74134094 0.59650636 0.6181982 0.60939586 0.35487747 0.91580933 0.43515405 0.3684727 0.7904301 0.7531113 0.5541803 0.3572937 0.7729867 0.3639684 0.4993718 0.46978533 0.324322 0.7377895 0.56108326 0.36555055 0.45864296 0.96226937 0.56706816 0.8395316 0.5400898 1.063548 0.6605276 0.424917 0.5327176 0.7694346 0.56094897 0.54861975 0.5956905 0.70798445 0.8637663 0.884182 0.5766768 0.53925455 0.73845345 0.45641226 0.97428274 0.533107 0.5492295 0.34575322 0.6536114 0.42783254 0.46524063 0.58425003 0.546125 0.4414854 0.6677526 0.6847794 0.853455 0.5819068 0.50181425 0.2935183 0.91724837 0.74375534 0.3607871 0.73963445 0.91170317 0.85298365 0.81203693 0.5815845 0.49148715 1.3009286 0.27760208 0.57033736 0.44425607 0.7202154 0.4878031 0.59974915 0.5559983 0.5176095 1.0852597 0.7560949 0.5057724 0.79161566 0.60674757 0.47358516 0.62388986 0.55510694 0.6515588 0.40809923 0.5088107 1.1622856 0.45793653 0.47489953 0.65487736 0.6843176 0.8132589 0.6747969 0.7161198 0.4357531 1.0377067 0.85269165 0.5938458 1.3572668 0.4530419 0.71193504 0.54533833 0.7639318 0.45378444 0.51393664 1.3622729 0.77754027 0.7760743 0.5248367 0.7160422 0.55516315 0.375322 1.0359671 0.44783065 0.31333032 0.6282373 1.2182767 0.76441467 0.53403395 0.46740863 0.65905535 0.75569147 0.36610973 0.6385 0.82505 0.588203 0.69911975 0.34256116 0.58936137 0.62942904 1.3049765 0.43844098 0.5764402 0.6384426 0.9418394 0.760401 1.851495 0.9388388 0.6093219 0.73779213 0.64999765 0.48748988 0.8597464 0.6068803 0.60041094 0.34964842 0.4036037 0.5889467 1.1082618 0.3198003 0.39959502 0.6895659 1.0379114 0.6677188 1.0858263 0.85505694 0.729359 0.49283597 0.90911764 0.39867467 0.72432274 0.63858116 0.45546865 0.557953 0.9887343 0.84126276 0.30574095 0.59337944 0.3845389 0.4423246 0.41450828 0.8195994 0.60807866 1.4227164 0.40804818 0.82443535 0.44787693 0.6262288 0.6388578 0.4342141 0.5416238 0.48644364 1.1407614 0.72524023 0.78550386 0.44977698 0.6113594 0.8901431 0.42414388 0.95165646 0.7440981 0.41636622 0.97112674 0.55539656 0.44901434 0.44066343 1.0671152 0.5603963 0.70853734 1.0518498 0.40023246 0.46396223 0.6134147 0.59752756 0.40151265 0.8881239 0.5529952 0.31580558 0.71503115 0.68433595 0.8495878 0.41240573 0.67065835 0.5763765 0.45100805 0.6283992 0.82661283 1.0599211 0.7266267 0.6307855 0.52738243 1.0037334 0.69405997 0.4148313 0.7319743 0.54693365 0.89663696 0.84324217 1.0658617 0.5150991 0.54074883 0.6581533 0.6978472 0.75365335 0.3759226 0.54435664 0.63214374 0.59737366 0.5702571 0.5015732 0.5742831 0.60935724 0.47756448 0.68109095 0.43151572 1.00569 0.99247503 0.41459864 0.45271733 1.6872418 2.2058415 1.0205123 0.5055384 1.1834469 0.64025515 0.5800128 0.86820436 0.6769977 0.39410415 0.5455621 0.94979686 0.56161183 0.83693993 1.1645025 0.57102835 0.47612903 1.2032467 0.5553965 0.8380996 0.44070515 0.45733795 1.177381 0.4686818 0.85905886 0.5722209 0.5692307 0.6822852 0.88467056 0.40508804 0.44062972 0.37896264 0.87606806 0.46657333 0.6080099 0.52635854 0.6410367 0.5964252 0.5780997 0.6182139 1.129485 0.8281196 0.95925814 0.8878102 0.5789516 0.6785392,0.0060504624 0.0068828915 0.010999986 0.0028163265 0.0057655796 0.003651397 0.004480646 0.00384331 0.0027389636 0.0058820467 0.0039557177 0.006341233 0.0036745085 0.0035124535 0.0077969274 0.0033940112 0.012227879 0.002534916 0.0054375376 0.0044685937 0.009557968 0.0036579194 0.0057623573 0.0040443228 0.0034918443 0.0031961098 0.006864521 0.0049934867 0.0079272045 0.004211362 0.0074749966 0.00616688 0.005660488 0.004113288 0.0065120584 0.005681609 0.005125786 0.003761924 0.005804788 0.0070354952 0.0057811597 0.0052118083 0.004732967 0.004711707 0.005965867 0.0046523744 0.004771351 0.0044346647 0.0069618463 0.0044828886 0.006369614 0.0033127153 0.015899412 0.004886105 0.004655597 0.006656162 0.005484889 0.01272649 0.0026000692 0.006404124 0.010495117 0.0064214347 0.0046093767 0.0034724544 0.00754979 0.0036625722 0.002931459 0.0027926979 0.0046832906 0.0054445965 0.0063686497 0.005680192 0.004405657 0.0033891802 0.0052563334 0.0050510694 0.0030086918 0.004072454 0.012619368 0.0042326995 0.004829799 0.0045891344 0.0045779254 0.009637131 0.0072894488 0.008508662 0.00579625 0.004047885 0.007137288 0.005223072 0.005894585 0.0037711693 0.00582217 0.004311556 0.0042874133 0.0044878623 0.008667333 0.0040196427 0.0027326858 0.0062364656 0.003446394 0.0054963473 0.005274893 0.004498223 0.005659872 0.0030046466 0.005486744 0.0039489674 0.00356685 0.004686767 0.0036780336 0.0026092238 0.0021443584 0.0058351695 0.005969949 0.0035043505 0.0033203384 0.0042645982 0.0058031576 0.0050407257 0.003896689 0.0065008067 0.0056175143 0.006682229 0.004383659 0.007932971 0.0030916936 0.006520682 0.0066561964 0.003289001 0.0038850356 0.0057071946 0.005834216 0.0042042495 0.0030712574 0.0047946055 0.0045333006 0.0048138835 0.004389584 0.0036975245 0.005827145 0.014695095 0.006740962 0.006722065 0.0043914234 0.0031918925 0.0038426511 0.0076481146 0.0030581816 0.0044925334 0.0046257847 0.0036002074 0.005994534 0.00401293 0.006338477 0.008248994 0.005228309 0.005927328 0.0044949255 0.004529613 0.0063687703 0.006529313 0.0035686207 0.004464392 0.006385028 0.004959186 0.0071901525 0.0047129486 0.008665456 0.0033674806 0.0034129787 0.0063157533 0.0047331336 0.0026967966 0.0059657325 0.0038563947 0.0026042557 0.003412119 0.004873371 0.003617697 0.0042345487 0.00824526 0.0071571562 0.0094675245 0.01217949 0.009615483 0.0068910075 0.004214295 0.0039649443 0.008549685 0.008286214 0.004947864 0.011781615 0.0024621005 0.010145064 0.0051574106 0.003730205 0.0052302172 0.0032751171 0.0076067443 0.0059553864 0.004498426 0.009757783 0.0030546093 0.008736586 0.0019113232 0.020512275 0.017161477 0.0034122725 0.0045789042 0.0061717224 0.0042296317 0.0024593838 0.004784332 0.0026555534 0.003954471 0.0029829107 0.0050851647 0.00583733 0.0046969005 0.0048677023 0.0047983928 0.002794311 0.007211097 0.0034264098 0.0029013597 0.0062238593 0.00593001 0.0043636244 0.0028133362 0.0060865097 0.0028658928 0.0039320616 0.003699097 0.0025537165 0.0058093662 0.004417978 0.0028783507 0.0036113618 0.0075769243 0.0044651036 0.0066104853 0.0042526755 0.008374394 0.0052010044 0.0033458034 0.0041946266 0.0060585397 0.004416921 0.0043198406 0.004690476 0.005574681 0.0068013095 0.006962063 0.004540762 0.004246099 0.005814594 0.0035937973 0.007671518 0.004197693 0.0043246415 0.0027224664 0.0051465468 0.0033687602 0.003663312 0.004600394 0.0043001967 0.003476263 0.0052578948 0.0053919638 0.006720118 0.004581943 0.0039512934 0.0023111678 0.007222428 0.005856341 0.0028408433 0.0058238935 0.0071787653 0.006716407 0.0063939914 0.0045794058 0.0038699775 0.010243532 0.0021858432 0.0044908454 0.0034980793 0.005670987 0.0038409694 0.004722434 0.0043779397 0.004075665 0.008545352 0.005953503 0.00398246 0.0062331944 0.00477754 0.003729017 0.0049125184 0.004370921 0.0051303846 0.0032133798 0.0040063835 0.009151855 0.0036057995 0.0037393663 0.0051565147 0.0053883274 0.0064036134 0.005313361 0.0056387386 0.003431127 0.0081709195 0.0067141075 0.004675951 0.01068714 0.003567259 0.005605788 0.0042940024 0.006015211 0.003573106 0.004046745 0.010726558 0.006122364 0.0061108214 0.0041325726 0.0056381277 0.004371363 0.0029552914 0.008157222 0.0035262255 0.0024671678 0.0049467506 0.009592731 0.006019013 0.0042049917 0.0036803829 0.0051894123 0.0059503266 0.0028827537 0.0050275587 0.0064964565 0.00463152 0.00550488 0.0026973318 0.0046406407 0.004956134 0.010275405 0.0034522912 0.0045388993 0.005027107 0.0074160583 0.0059874095 0.014578701 0.007392431 0.00479781 0.0058093867 0.0051180916 0.003838503 0.0067696567 0.004778585 0.0047276453 0.0027531371 0.0031779818 0.0046373755 0.008726471 0.0025181125 0.0031464174 0.0054296525 0.008172531 0.0052576284 0.008549813 0.0067327316 0.005742984 0.0038805981 0.0071584065 0.0031391706 0.0057033286 0.005028198 0.0035863675 0.004393331 0.0077853096 0.006624116 0.002407409 0.004672279 0.0030278652 0.003482871 0.0032638446 0.0064535383 0.004788021 0.011202491 0.003212978 0.006491617 0.00352659 0.0049309353 0.0050303764 0.0034190086 0.0042647542 0.0038302648 0.008982373 0.005710553 0.0061850697 0.003541551 0.0048138537 0.007009001 0.0033397155 0.007493358 0.00585904 0.003278474 0.0076466673 0.004373201 0.003535546 0.0034697908 0.008402482 0.0044125696 0.0055790343 0.008282282 0.0031514368 0.003653246 0.0048300372 0.0047049415 0.003161517 0.006993102 0.004354293 0.002486658 0.0056301667 0.005388472 0.0066896677 0.0032472892 0.0052807746 0.004538398 0.0035512445 0.004948025 0.0065087625 0.008345836 0.00572147 0.004966815 0.0041526174 0.007903413 0.005465039 0.0032663883 0.0057635773 0.004306564 0.0070601334 0.0066397022 0.0083926115 0.0040558986 0.004257865 0.0051823095 0.0054948595 0.0059342785 0.0029600204 0.004286273 0.00497751 0.0047037294 0.0044902135 0.0039493954 0.0045219143 0.0047980887 0.0037603502 0.005362921 0.0033977616 0.007918819 0.007814764 0.0032645562 0.0035647035 0.013285369 0.01736883 0.00803553 0.0039806175 0.009318479 0.005041379 0.00456703 0.0068362546 0.0053306906 0.0031031824 0.0042957645 0.0074787154 0.0044221403 0.006590078 0.009169311 0.004496286 0.0037490474 0.009474384 0.0043732007 0.0065992093 0.0034701193 0.003601086 0.009270716 0.003690408 0.006764243 0.0045056767 0.0044821315 0.0053723245 0.00696591 0.0031896697 0.0034695254 0.0029839578 0.0068981736 0.0036738056 0.0047874795 0.0041445554 0.005047533 0.004696261 0.004551966 0.004867826 0.008893583 0.0065206266 0.0075532137 0.006990631 0.004558674 0.0053428286,
801,512,,,0.005168222 0.005168222 0.005168222 0.005168222 0.005168222 0.005168222 0.005168222 0.005168222 0.005168222 0.005168222 0.005168222 0.005168222 0.005168222 0.005168222 0.005168222 0.005168222 0.005168222 0.005168222 0.005168222 0.005168222 0.005168222 0.005168222 0.005168222 0.005168222 0.005168222 0.005168222 0.005168222 0.005168222 0.005168222 0.005168222 0.005168222 0.005168222 0.005168222 0.005168222 0.005168222 0.005168222 0.005168222 0.005168222 0.005168222 0.005168222 0.005168222 0.005168222 0.005168222 0.005168222 0.005168222 0.005168222 0.005168222 0.005168222 0.005168222 0.005168222 0.005168222 0.005168222 0.005168222 0.005168222 0.005168222 0.005168222 0.005168222 0.005168222 0.005168222 0.005168222 0.005168222 0.005168222 0.005168222 0.005168222 0.005168222 0.005168222 0.005168222 0.005168222 0.005168222 0.005168222 0.005168222 0.005168222 0.005168222 0.005168222 0.005168222 0.005168222 0.005168222 0.005168222 0.005168222 0.005168222 0.005168222 0.005168222 0.005168222 0.005168222 0.005168222 0.005168222 0.005168222 0.005168222 0.005168222 0.005168222 0.005168222 0.005168222 0.005168222 0.005168222 0.005168222 0.005168222 0.005168222 0.005168222 0.005168222 0.005168222 0.005168222 0.005168222 0.005168222 0.005168222 0.005168222 0.005168222 0.005168222 0.005168222 0.005168222 0.005168222 0.005168222 0.005168222 0.005168222 0.005168222 0.005168222 0.005168222 0.005168222 0.005168222 0.005168222 0.005168222 0.005168222 0.005168222 0.005168222 0.005168222 0.005168222 0.005168222 0.005168222 0.005168222 0.005168222 0.005168222 0.005168222 0.005168222 0.005168222 0.005168222 0.005168222 0.005168222 0.005168222 0.005168222 0.005168222 0.005168222 0.005168222 0.005168222 0.005168222 0.005168222 0.005168222 0.005168222 0.005168222 0.005168222 0.005168222 0.005168222 0.005168222 0.005168222 0.005168222 0.005168222 0.005168222 0.005168222 0.005168222 0.005168222 0.005168222 0.005168222 0.005168222 0.005168222 0.005168222 0.005168222 0.005168222 0.005168222 0.005168222 0.005168222 0.005168222 0.005168222 0.005168222 0.005168222 0.005168222 0.005168222 0.005168222 0.005168222 0.005168222 0.005168222 0.005168222 0.005168222 0.005168222 0.005168222 0.005168222 0.005168222 0.005168222 0.005168222 0.005168222 0.005168222 0.005168222 0.005168222 0.005168222 0.005168222 0.005168222 0.005168222 0.005168222 0.005168222 0.005168222 0.005168222 0.005168222 0.005168222 0.005168222 0.005168222 0.005168222 0.005168222 0.005168222 0.005168222 0.005168222 0.005168222 0.005168222 0.005168222 0.005168222 0.005168222 0.005168222 0.005168222 0.005168222 0.005168222 0.005168222 0.005168222 0.005168222 0.005168222 0.005168222 0.005168222 0.005168222 0.005168222 0.005168222 0.005168222 0.005168222 0.005168222 0.005168222 0.005168222 0.005168222 0.005168222 0.005168222 0.005168222 0.005168222 0.005168222 0.005168222 0.005168222 0.005168222 0.005168222 0.005168222 0.005168222 0.005168222 0.005168222 0.005168222 0.005168222 0.005168222 0.005168222 0.005168222 0.005168222 0.005168222 0.005168222 0.005168222 0.005168222 0.005168222 0.005168222 0.005168222 0.005168222 0.005168222 0.005168222 0.005168222 0.005168222 0.005168222 0.005168222 0.005168222 0.005168222 0.005168222 0.005168222 0.005168222 0.005168222 0.005168222 0.005168222 0.005168222 0.005168222 0.005168222 0.005168222 0.005168222 0.005168222 0.005168222 0.005168222 0.005168222 0.005168222 0.005168222 0.005168222 0.005168222 0.005168222 0.005168222 0.005168222 0.005168222 0.005168222 0.005168222 0.005168222 0.005168222 0.005168222 0.005168222 0.005168222 0.005168222 0.005168222 0.005168222 0.005168222 0.005168222 0.005168222 0.005168222 0.005168222 0.005168222 0.005168222 0.005168222 0.005168222 0.005168222 0.005168222 0.005168222 0.005168222 0.005168222 0.005168222 0.005168222 0.005168222 0.005168222 0.005168222 0.005168222 0.005168222 0.005168222 0.005168222 0.005168222 0.005168222 0.005168222 0.005168222 0.005168222 0.005168222 0.005168222 0.005168222 0.005168222 0.005168222 0.005168222 0.005168222 0.005168222 0.005168222 0.005168222 0.005168222 0.005168222 0.005168222 0.005168222 0.005168222 0.005168222 0.005168222 0.005168222 0.005168222 0.005168222 0.005168222 0.005168222 0.005168222 0.005168222 0.005168222 0.005168222 0.005168222 0.005168222 0.005168222 0.005168222 0.005168222 0.005168222 0.005168222 0.005168222 0.005168222 0.005168222 0.005168222 0.005168222 0.005168222 0.005168222 0.005168222 0.005168222 0.005168222 0.005168222 0.005168222 0.005168222 0.005168222 0.005168222 0.005168222 0.005168222 0.005168222 0.005168222 0.005168222 0.005168222 0.005168222 0.005168222 0.005168222 0.005168222 0.005168222 0.005168222 0.005168222 0.005168222 0.005168222 0.005168222 0.005168222 0.005168222 0.005168222 0.005168222 0.005168222 0.005168222 0.005168222 0.005168222 0.005168222 0.005168222 0.005168222 0.005168222 0.005168222 0.005168222 0.005168222 0.005168222 0.005168222 0.005168222 0.005168222 0.005168222 0.005168222 0.005168222 0.005168222 0.005168222 0.005168222 0.005168222 0.005168222 0.005168222 0.005168222 0.005168222 0.005168222 0.005168222 0.005168222 0.005168222 0.005168222 0.005168222 0.005168222 0.005168222 0.005168222 0.005168222 0.005168222 0.005168222 0.005168222 0.005168222 0.005168222 0.005168222 0.005168222 0.005168222 0.005168222 0.005168222 0.005168222 0.005168222 0.005168222 0.005168222 0.005168222 0.005168222 0.005168222 0.005168222 0.005168222 0.005168222 0.005168222 0.005168222 0.005168222 0.005168222 0.005168222 0.005168222 0.005168222 0.005168222 0.005168222 0.005168222 0.005168222 0.005168222 0.005168222 0.005168222 0.005168222 0.005168222 0.005168222 0.005168222 0.005168222 0.005168222 0.005168222 0.005168222 0.005168222 0.005168222 0.005168222 0.005168222 0.005168222 0.005168222 0.005168222 0.005168222 0.005168222 0.005168222 0.005168222 0.005168222 0.005168222 0.005168222 0.005168222 0.005168222 0.005168222 0.005168222 0.005168222 0.005168222 0.005168222 0.005168222 0.005168222 0.005168222 0.005168222 0.005168222 0.005168222 0.005168222 0.005168222 0.005168222 0.005168222 0.005168222 0.005168222 0.005168222 0.005168222 0.005168222 0.005168222 0.005168222 0.005168222,15 15 14 16 15 16 15 16 16 15 15 15 16 16 15 16 14 16 15 15 14 16 15 15 16 16 15 15 14 15 15 15 15 15 15 15 15 16 15 15 15 15 15 15 15 15 15 15 15 15 15 16 13 15 15 15 15 14 16 15 14 15 15 16 15 16 16 16 15 15 15 15 15 16 15 15 16 15 14 15 15 15 15 14 15 14 15 15 15 15 15 16 15 15 15 15 14 15 16 15 16 15 15 15 15 16 15 15 16 15 16 16 16 15 15 16 16 15 15 15 16 15 15 15 15 14 16 15 15 16 16 15 15 15 16 15 15 15 15 16 15 14 15 15 15 16 16 15 16 15 15 16 15 15 15 14 15 15 15 15 15 15 16 15 15 15 15 15 14 16 16 15 15 16 15 16 16 16 15 16 15 14 15 14 14 14 15 15 15 14 14 15 14 16 14 15 16 15 16 15 15 15 14 16 14 16 13 13 16 15 15 15 16 15 16 15 16 15 15 15 15 15 16 15 16 16 15 15 15 16 15 16 15 16 16 15 15 16 16 15 15 15 15 14 15 16 15 15 15 15 15 15 15 15 15 15 15 16 15 15 15 16 15 16 16 15 15 16 15 15 15 15 15 16 15 15 16 15 15 15 15 15 16 14 16 15 16 15 16 15 15 15 14 15 15 15 15 16 15 15 15 16 15 14 16 16 15 15 15 15 15 16 14 15 15 14 16 15 15 15 16 15 14 15 15 15 15 15 16 14 16 16 15 14 15 15 16 15 15 16 15 15 15 15 16 15 15 14 16 15 15 15 15 14 15 15 15 15 16 15 15 15 16 16 15 14 16 16 15 14 15 14 15 15 16 15 16 15 15 16 15 15 15 16 15 16 16 16 15 15 14 16 15 16 15 15 16 15 16 14 15 15 16 15 15 16 15 15 16 15 15 16 16 14 15 15 14 16 16 15 15 16 15 15 16 15 15 15 16 15 15 16 15 15 14 15 15 15 14 15 16 15 15 15 15 14 15 15 15 15 15 16 15 15 15 15 15 15 15 16 15 16 14 14 16 16 14 13 14 15 14 15 15 15 15 16 15 15 15 15 14 15 16 14 15 15 16 16 14 16 15 15 15 15 15 16 16 16 15 16 15 15 15 15 15 15 14 15 15 15 15 15
806,1x1x512x128,0.1917551 0.17948097 0.23365262 0.2859394 0.23853813 0.2465729 0.19835313 0.19782287 0.28836337 0.1843939 0.20147637 0.23769546 0.1956448 0.19913647 0.2126301 0.26654553 0.29443192 0.19685698 0.22905248 0.308079 0.20643722 0.15642735 0.23862208 0.1717298 0.2821622 0.2462562 0.24845317 0.2591315 0.28149596 0.18321976 0.27350056 0.33027682 0.251324 0.21267207 0.28252152 0.25107923 0.25878412 0.20493801 0.27271542 0.24134247 0.22284429 0.28446934 0.22636083 0.22089797 0.21568125 0.19087544 0.3247582 0.26541397 0.3428175 0.19646421 0.23419484 0.28001764 0.2508795 0.24594691 0.26460606 0.19093095 0.23568118 0.21324493 0.23017734 0.20527025 0.19638608 0.18976045 0.14987312 0.21864171 0.19535929 0.2250817 0.1950836 0.19390875 0.2912443 0.19326614 0.19226936 0.17339374 0.2674738 0.22763684 0.21256894 0.2699313 0.21612465 0.22038734 0.32721704 0.21809521 0.19675255 0.22624815 0.32475254 0.20976883 0.3171578 0.2793573 0.17885782 0.21137127 0.23661655 0.21887235 0.2312099 0.22534741 0.20560405 0.20940977 0.30835134 0.19757697 0.29764038 0.25546795 0.2489163 0.18045826 0.2570076 0.30825642 0.3301652 0.3006388 0.2881102 0.2698515 0.1948902 0.24484842 0.23868419 0.14304662 0.25096324 0.29408798 0.16142213 0.2485297 0.26563337 0.14187667 0.22432534 0.27390626 0.14527386 0.25161546 0.28401467 0.23262922 0.26085964 0.34618223 0.22909026 0.25070226 0.2229689 0.25904992,0.19173169 0.17945907 0.23362412 0.2859045 0.23850903 0.2465428 0.19832893 0.19779873 0.28832817 0.1843714 0.20145178 0.23766646 0.19562091 0.19911216 0.21260414 0.26651302 0.294396 0.19683294 0.22902453 0.30804142 0.20641203 0.15640827 0.23859295 0.17170884 0.28212774 0.24622615 0.24842285 0.25909987 0.28146163 0.18319741 0.27346718 0.3302365 0.25129333 0.21264611 0.28248703 0.2510486 0.25875255 0.20491299 0.27268213 0.24131303 0.2228171 0.28443462 0.2263332 0.22087102 0.21565492 0.19085214 0.32471856 0.26538157 0.34277564 0.19644023 0.23416626 0.2799835 0.25084886 0.24591689 0.26457378 0.19090766 0.23565242 0.2132189 0.23014925 0.2052452 0.19636211 0.18973729 0.14985482 0.21861504 0.19533545 0.22505422 0.1950598 0.19388509 0.29120877 0.19324255 0.1922459 0.17337258 0.26744112 0.22760905 0.212543 0.26989833 0.21609828 0.22036044 0.3271771 0.2180686 0.19672853 0.22622053 0.3247129 0.20974323 0.3171191 0.27932322 0.17883599 0.21134548 0.23658767 0.21884565 0.2311817 0.22531992 0.20557895 0.20938422 0.30831373 0.19755286 0.29760405 0.25543678 0.24888593 0.18043624 0.25697622 0.30821878 0.3301249 0.3006021 0.28807503 0.26981857 0.19486642 0.24481852 0.23865506 0.14302917 0.25093263 0.29405206 0.16140243 0.24849936 0.26560095 0.14185935 0.22429797 0.27387285 0.14525613 0.25158474 0.28398 0.23260084 0.2608278 0.34614 0.2290623 0.25067168 0.2229417 0.2590183,0.0015096983 0.0014130635 0.00183956 0.0022512164 0.0018780238 0.0019412818 0.0015616451 0.0015574703 0.0022703006 0.0014517433 0.0015862344 0.0018713895 0.0015403221 0.0015678123 0.0016740483 0.0020985277 0.002318079 0.0015498657 0.0018033427 0.002425523 0.0016252915 0.0012315612 0.0018786846 0.0013520381 0.0022214781 0.0019387886 0.0019560854 0.0020401564 0.0022162332 0.0014424992 0.0021532848 0.0026002873 0.0019786877 0.0016743789 0.0022243073 0.0019767606 0.0020374218 0.0016134881 0.0021471034 0.0019001026 0.0017544653 0.0022396427 0.0017821512 0.0017391419 0.0016980703 0.0015027727 0.002556839 0.0020896187 0.0026990208 0.0015467735 0.0018438288 0.0022045944 0.0019751878 0.0019363534 0.0020832582 0.0015032099 0.0018555309 0.0016788889 0.0018121989 0.0016161039 0.0015461583 0.0014939944 0.0011799593 0.0017213783 0.0015380743 0.0017720804 0.001535904 0.0015266542 0.0022929825 0.0015215949 0.0015137473 0.0013651385 0.0021058356 0.0017921972 0.0016735669 0.0021251836 0.0017015613 0.0017351216 0.0025761977 0.0017170756 0.0015490436 0.0017812641 0.0025567946 0.0016515215 0.0024970006 0.0021993953 0.0014081574 0.0016641376 0.0018628951 0.0017231941 0.0018203283 0.0017741726 0.0016187319 0.0016486946 0.0024276671 0.0015555343 0.002343339 0.002011313 0.0019597318 0.0014207577 0.0020234347 0.0024269195 0.0025994089 0.0023669458 0.0022683074 0.0021245556 0.0015343813 0.0019277049 0.0018791737 0.0011262139 0.0019758474 0.0023153706 0.0012708853 0.001956688 0.002091346 0.0011170028 0.0017661258 0.002156479 0.0011437491 0.0019809823 0.0022360631 0.0018315027 0.0020537623 0.0027255118 0.0018036402 0.0019737927 0.0017554464 0.0020395142,
807,128,,,0.004594058 0.004594058 0.004594058 0.004594058 0.004594058 0.004594058 0.004594058 0.004594058 0.004594058 0.004594058 0.004594058 0.004594058 0.004594058 0.004594058 0.004594058 0.004594058 0.004594058 0.004594058 0.004594058 0.004594058 0.004594058 0.004594058 0.004594058 0.004594058 0.004594058 0.004594058 0.004594058 0.004594058 0.004594058 0.004594058 0.004594058 0.004594058 0.004594058 0.004594058 0.004594058 0.004594058 0.004594058 0.004594058 0.004594058 0.004594058 0.004594058 0.004594058 0.004594058 0.004594058 0.004594058 0.004594058 0.004594058 0.004594058 0.004594058 0.004594058 0.004594058 0.004594058 0.004594058 0.004594058 0.004594058 0.004594058 0.004594058 0.004594058 0.004594058 0.004594058 0.004594058 0.004594058 0.004594058 0.004594058 0.004594058 0.004594058 0.004594058 0.004594058 0.004594058 0.004594058 0.004594058 0.004594058 0.004594058 0.004594058 0.004594058 0.004594058 0.004594058 0.004594058 0.004594058 0.004594058 0.004594058 0.004594058 0.004594058 0.004594058 0.004594058 0.004594058 0.004594058 0.004594058 0.004594058 0.004594058 0.004594058 0.004594058 0.004594058 0.004594058 0.004594058 0.004594058 0.004594058 0.004594058 0.004594058 0.004594058 0.004594058 0.004594058 0.004594058 0.004594058 0.004594058 0.004594058 0.004594058 0.004594058 0.004594058 0.004594058 0.004594058 0.004594058 0.004594058 0.004594058 0.004594058 0.004594058 0.004594058 0.004594058 0.004594058 0.004594058 0.004594058 0.004594058 0.004594058 0.004594058 0.004594058 0.004594058 0.004594058 0.004594058,15 15 15 14 15 15 15 15 14 15 15 15 15 15 15 14 14 15 15 14 15 15 15 15 14 15 14 14 14 15 14 14 14 15 14 14 14 15 14 15 15 14 15 15 15 15 14 14 14 15 15 14 14 15 14 15 15 15 15 15 15 15 15 15 15 15 15 15 14 15 15 15 14 15 15 14 15 15 14 15 15 15 14 15 14 14 15 15 15 15 15 15 15 15 14 15 14 14 14 15 14 14 14 14 14 14 15 15 15 15 14 14 15 14 14 15 15 14 15 14 14 15 14 14 15 14 15 14
812,3x3x1x128,0.29353547 0.44828096 0.71528095 0.6508525 1.4458146 0.3506432 0.2554172 0.34677887 0.16583684 0.41291937 0.19283485 0.4068331 0.38458368 0.276569 0.3797094 0.42417356 0.39491358 0.31401217 0.1684515 0.32233125 0.17040084 0.276939 0.16680114 0.32993403 0.38637152 0.31217918 0.15646458 0.36632958 0.088564895 0.5083438 0.41154245 0.34713635 0.60469687 0.40929037 0.18216497 0.21306382 0.2800549 0.2631009 0.14636782 1.0695715 0.42249355 0.3549738 0.22828633 0.10813173 0.5198008 0.25618586 1.0146 0.34758413 0.24456774 0.3192417 0.3548928 0.43728808 0.2093831 0.1462977 0.2395793 0.5891717 0.26893803 0.38031635 0.11854998 0.2647697 0.32868236 0.26975936 0.3516744 0.456472 0.5999751 0.17771697 0.3552075 0.44053364 0.17200525 0.41261563 0.2024003 0.31470138 0.46044964 0.2818418 0.432428 0.48768577 0.2258354 0.28981265 0.24238995 0.77412844 0.38485363 0.8064506 1.7670323 0.52082473 0.42758346 2.063818 0.35512745 0.3151174 0.19540185 0.30982724 0.3456757 0.33892882 0.5510914 0.3305508 0.3465447 0.15608098 0.39745805 0.17539783 0.4031089 0.39374873 0.4185806 0.4923191 0.36513948 0.32195956 0.69615424 0.106583856 0.28969097 0.44229317 0.18663085 0.84600097 0.31148082 0.29390478 0.5060221 0.853328 0.6330252 0.525498 0.469794 0.58080614 0.31423256 0.5092494 0.25340155 0.18308422 0.730924 0.21357934 0.28869402 0.24317609 0.17149195 0.39799064,0.29349965 0.44822627 0.7151937 0.6507731 1.4456382 0.3506004 0.25538602 0.34673655 0.1658166 0.41286898 0.19281131 0.40678346 0.38453674 0.27653527 0.37966305 0.4241218 0.3948654 0.31397384 0.16843095 0.3222919 0.17038006 0.2769052 0.16678078 0.32989377 0.38632438 0.31214106 0.15644547 0.36628488 0.08855409 0.50828177 0.4114922 0.347094 0.6046231 0.40924042 0.18214273 0.21303782 0.2800207 0.26306877 0.14634995 1.069441 0.422442 0.3549305 0.22825848 0.108118534 0.5197373 0.2561546 1.0144763 0.3475417 0.24453789 0.31920272 0.35484946 0.43723473 0.20935754 0.14627984 0.23955007 0.58909976 0.2689052 0.3802699 0.11853551 0.2647374 0.32864225 0.26972646 0.3516315 0.45641628 0.59990185 0.17769529 0.35516417 0.44047987 0.17198427 0.4125653 0.2023756 0.314663 0.46039346 0.28180742 0.43237522 0.48762625 0.22580785 0.28977728 0.24236037 0.77403396 0.38480666 0.8063522 1.7668166 0.52076113 0.42753127 2.063566 0.35508412 0.3150789 0.19537799 0.30978945 0.34563354 0.33888745 0.5510241 0.33051047 0.34650242 0.15606192 0.39740956 0.17537643 0.40305972 0.39370066 0.4185295 0.49225903 0.36509493 0.32192025 0.69606924 0.10657085 0.2896556 0.4422392 0.18660808 0.84589773 0.31144282 0.29386893 0.50596035 0.85322386 0.632948 0.52543384 0.46973667 0.58073527 0.3141942 0.5091873 0.25337064 0.18306187 0.73083484 0.21355328 0.2886588 0.24314642 0.17147103 0.39794207,0.0023110209 0.0035293407 0.0056314464 0.005124198 0.0113829775 0.002760633 0.0020109136 0.0027302091 0.0013056425 0.0032509367 0.0015181993 0.0032030193 0.0030278484 0.0021774431 0.0029894728 0.0033395416 0.0031091764 0.002472235 0.001326228 0.0025377315 0.0013415753 0.002180356 0.0013132346 0.0025975888 0.0030419242 0.0024578036 0.0012318541 0.0028841328 0.0006972763 0.0040022186 0.0032400961 0.0027330236 0.0047608116 0.0032223656 0.0014341947 0.0016774632 0.0022048876 0.0020714076 0.0011523619 0.008420795 0.003326315 0.0027947284 0.0017973108 0.00085132703 0.0040924195 0.0020169653 0.007988002 0.0027365487 0.0019254952 0.0025134073 0.0027940902 0.0034427932 0.0016484846 0.0011518098 0.001886221 0.0046385806 0.0021173637 0.0029942512 0.0009333505 0.0020845465 0.0025877343 0.0021238304 0.002768752 0.003593829 0.0047236364 0.0013991755 0.0027965682 0.0034683454 0.0013542068 0.0032485456 0.0015935088 0.0024776615 0.0036251454 0.0022189561 0.0034045293 0.0038395768 0.0017780146 0.002281711 0.0019083493 0.0060947556 0.0030299737 0.0063492297 0.013911942 0.0041004815 0.003366388 0.01624855 0.002795938 0.0024809362 0.0015384094 0.002439287 0.0027215239 0.0026684052 0.0043387725 0.0026024447 0.0027283656 0.001228834 0.0031292092 0.0013809168 0.0031736987 0.0031000052 0.003295508 0.0038760554 0.0028747632 0.002534805 0.0054808604 0.00083914056 0.0022807526 0.0034821983 0.001469355 0.0066606123 0.0024523058 0.0023139287 0.0039839395 0.006718298 0.0049838424 0.0041372743 0.0036987138 0.0045727184 0.0024739702 0.004009349 0.0019950445 0.001441432 0.005754605 0.0016815219 0.002272904 0.0019145388 0.0013501656 0.0031334022,
813,128,,,0.0051682214 0.0051682214 0.0051682214 0.0051682214 0.0051682214 0.0051682214 0.0051682214 0.0051682214 0.0051682214 0.0051682214 0.0051682214 0.0051682214 0.0051682214 0.0051682214 0.0051682214 0.0051682214 0.0051682214 0.0051682214 0.0051682214 0.0051682214 0.0051682214 0.0051682214 0.0051682214 0.0051682214 0.0051682214 0.0051682214 0.0051682214 0.0051682214 0.0051682214 0.0051682214 0.0051682214 0.0051682214 0.0051682214 0.0051682214 0.0051682214 0.0051682214 0.0051682214 0.0051682214 0.0051682214 0.0051682214 0.0051682214 0.0051682214 0.0051682214 0.0051682214 0.0051682214 0.0051682214 0.0051682214 0.0051682214 0.0051682214 0.0051682214 0.0051682214 0.0051682214 0.0051682214 0.0051682214 0.0051682214 0.0051682214 0.0051682214 0.0051682214 0.0051682214 0.0051682214 0.0051682214 0.0051682214 0.0051682214 0.0051682214 0.0051682214 0.0051682214 0.0051682214 0.0051682214 0.0051682214 0.0051682214 0.0051682214 0.0051682214 0.0051682214 0.0051682214 0.0051682214 0.0051682214 0.0051682214 0.0051682214 0.0051682214 0.0051682214 0.0051682214 0.0051682214 0.0051682214 0.0051682214 0.0051682214 0.0051682214 0.0051682214 0.0051682214 0.0051682214 0.0051682214 0.0051682214 0.0051682214 0.0051682214 0.0051682214 0.0051682214 0.0051682214 0.0051682214 0.0051682214 0.0051682214 0.0051682214 0.0051682214 0.0051682214 0.0051682214 0.0051682214 0.0051682214 0.0051682214 0.0051682214 0.0051682214 0.0051682214 0.0051682214 0.0051682214 0.0051682214 0.0051682214 0.0051682214 0.0051682214 0.0051682214 0.0051682214 0.0051682214 0.0051682214 0.0051682214 0.0051682214 0.0051682214 0.0051682214 0.0051682214 0.0051682214 0.0051682214 0.0051682214 0.0051682214,16 16 15 15 14 16 16 16 16 16 16 16 16 16 16 16 16 16 16 16 16 16 16 16 16 16 16 16 16 15 16 16 15 16 16 16 16 16 16 14 16 16 16 16 15 16 14 16 16 16 16 16 16 16 16 15 16 16 16 16 16 16 16 16 15 16 16 16 16 16 16 16 16 16 16 16 16 16 16 15 16 15 14 15 16 13 16 16 16 16 16 16 15 16 16 16 16 16 16 16 16 16 16 16 15 16 16 16 16 15 16 16 15 15 15 15 16 15 16 15 16 16 15 16 16 16 16 16
818,1x1x128x128,0.21143697 0.26845545 0.15557985 0.221375 0.3024663 0.19185753 0.21311386 0.36996773 0.29191402 0.20619115 0.20296119 0.18359725 0.2633492 0.19936813 0.28015593 0.6012605 0.20966062 0.4051376 0.35722274 0.27783746 0.5406027 0.33870745 0.2012324 0.4183942 0.20145594 0.3221996 0.27021557 0.8639141 0.22404663 0.3095858 0.5026397 0.25443748 0.2991268 0.39312062 0.26208484 0.25821054 0.4274985 0.22345954 0.26473767 0.3820274 0.27711526 0.83567065 0.9390562 0.46511126 0.1884956 0.15407951 0.29809788 0.38309652 0.24968027 0.34692103 0.22134994 0.20404363 0.22440174 0.20182109 0.2859774 0.23903702 0.28241432 0.2537301 0.19000506 0.19762407 0.52136695 0.26365748 0.5412202 0.28595573 0.4169128 0.23496576 0.13526608 0.21001947 0.2497094 0.65724844 1.1463957 0.27773494 0.22907746 0.5377917 0.20512669 0.2405092 0.16534479 0.20224854 0.20381793 0.27406088 0.25984153 0.31495336 0.26297754 0.35694417 0.24973917 0.7069019 0.16241649 0.3609834 0.25211272 0.2476223 0.17511916 0.25696024 0.67367345 0.28491256 0.27480078 0.23138042 0.15183705 0.21897547 0.25257272 0.40742302 0.22716665 0.45770207 0.23560254 0.73260534 0.56877476 0.15833116 0.27023745 0.19376943 0.26107085 0.39757183 0.2808304 0.19921075 0.2637699 0.3025332 0.20953129 0.15323216 0.39479205 0.28036088 0.20156704 0.26246563 0.3017421 0.28103954 0.40495437 0.47350025 0.26895788 0.25182602 0.23686501 0.299854,0.21141118 0.26842266 0.15556087 0.22134799 0.3024294 0.1918341 0.21308784 0.36992258 0.29187837 0.206166 0.20293641 0.18357486 0.26331705 0.1993438 0.28012174 0.6011871 0.20963503 0.40508816 0.35717914 0.27780357 0.5405367 0.3386661 0.20120785 0.41834313 0.20143135 0.32216027 0.2701826 0.86380863 0.22401929 0.30954802 0.5025784 0.25440642 0.2990903 0.39307263 0.26205286 0.258179 0.42744634 0.22343227 0.26470536 0.38198075 0.27708143 0.83556867 0.93894166 0.4650545 0.1884726 0.1540607 0.29806152 0.38304976 0.2496498 0.3468787 0.22132292 0.20401873 0.22437435 0.20179646 0.2859425 0.23900786 0.28237984 0.25369912 0.18998188 0.19759996 0.5213033 0.26362532 0.54115415 0.28592083 0.4168619 0.23493707 0.13524957 0.20999384 0.24967892 0.65716827 1.1462559 0.27770102 0.2290495 0.5377261 0.20510165 0.24047984 0.16532461 0.20222385 0.20379305 0.2740274 0.25980982 0.31491494 0.26294544 0.35690063 0.24970868 0.7068156 0.16239667 0.36093935 0.25208193 0.24759208 0.1750978 0.25692886 0.6735912 0.2848778 0.27476722 0.23135218 0.15181853 0.21894874 0.25254187 0.40737328 0.22713892 0.4576462 0.2355738 0.73251593 0.5687054 0.15831184 0.27020448 0.19374578 0.261039 0.3975233 0.28079614 0.19918644 0.2637377 0.30249628 0.20950572 0.15321346 0.3947439 0.28032666 0.20154244 0.2624336 0.3017053 0.28100523 0.40490493 0.47344247 0.26892504 0.2517953 0.2368361 0.2998174,0.0016646549 0.0021135642 0.0012248887 0.0017428976 0.0023813338 0.0015105047 0.001677857 0.0029127763 0.002298255 0.0016233543 0.0015979245 0.0014454713 0.0020733627 0.0015696363 0.002205683 0.0047337567 0.0016506696 0.0031896706 0.0028124342 0.0021874297 0.0042561945 0.0026666622 0.0015843137 0.0032940404 0.0015860737 0.002536695 0.002127422 0.006801643 0.0017639314 0.002437386 0.00395731 0.0020032001 0.0023550417 0.0030950601 0.0020634083 0.0020329056 0.0033657192 0.0017593092 0.002084294 0.0030077223 0.0021817435 0.006579281 0.0073932414 0.0036618465 0.0014840362 0.0012130764 0.002346941 0.0030161398 0.0019657465 0.0027313284 0.0017427002 0.0016064467 0.0017667272 0.0015889485 0.0022515156 0.0018819517 0.0022234633 0.0019976308 0.0014959204 0.0015559052 0.00410475 0.00207579 0.0042610564 0.0022513452 0.003282377 0.0018498983 0.0010649572 0.0016534948 0.0019659759 0.0051745535 0.009025637 0.0021866222 0.0018035393 0.004234064 0.0016149736 0.001893542 0.0013017686 0.0015923138 0.0016046697 0.002157696 0.0020457467 0.0024796452 0.0020704365 0.0028102412 0.00196621 0.005565477 0.0012787139 0.0028420421 0.001984897 0.001949544 0.0013787228 0.002023062 0.0053038676 0.0022431323 0.0021635215 0.0018216707 0.0011954214 0.0017240058 0.0019885188 0.0032076635 0.0017884955 0.0036035134 0.0018549118 0.005767842 0.004477995 0.00124655 0.0021275943 0.0015255573 0.0020554252 0.0031301049 0.0022109933 0.0015683972 0.002076675 0.0023818605 0.0016496513 0.0012064051 0.0031082197 0.0022072967 0.0015869483 0.0020664062 0.0023756323 0.0022126397 0.0031882278 0.0037278933 0.00211752 0.00198264 0.0018648512 0.002360767,
819,128,,,0.0051682214 0.0051682214 0.0051682214 0.0051682214 0.0051682214 0.0051682214 0.0051682214 0.0051682214 0.0051682214 0.0051682214 0.0051682214 0.0051682214 0.0051682214 0.0051682214 0.0051682214 0.0051682214 0.0051682214 0.0051682214 0.0051682214 0.0051682214 0.0051682214 0.0051682214 0.0051682214 0.0051682214 0.0051682214 0.0051682214 0.0051682214 0.0051682214 0.0051682214 0.0051682214 0.0051682214 0.0051682214 0.0051682214 0.0051682214 0.0051682214 0.0051682214 0.0051682214 0.0051682214 0.0051682214 0.0051682214 0.0051682214 0.0051682214 0.0051682214 0.0051682214 0.0051682214 0.0051682214 0.0051682214 0.0051682214 0.0051682214 0.0051682214 0.0051682214 0.0051682214 0.0051682214 0.0051682214 0.0051682214 0.0051682214 0.0051682214 0.0051682214 0.0051682214 0.0051682214 0.0051682214 0.0051682214 0.0051682214 0.0051682214 0.0051682214 0.0051682214 0.0051682214 0.0051682214 0.0051682214 0.0051682214 0.0051682214 0.0051682214 0.0051682214 0.0051682214 0.0051682214 0.0051682214 0.0051682214 0.0051682214 0.0051682214 0.0051682214 0.0051682214 0.0051682214 0.0051682214 0.0051682214 0.0051682214 0.0051682214 0.0051682214 0.0051682214 0.0051682214 0.0051682214 0.0051682214 0.0051682214 0.0051682214 0.0051682214 0.0051682214 0.0051682214 0.0051682214 0.0051682214 0.0051682214 0.0051682214 0.0051682214 0.0051682214 0.0051682214 0.0051682214 0.0051682214 0.0051682214 0.0051682214 0.0051682214 0.0051682214 0.0051682214 0.0051682214 0.0051682214 0.0051682214 0.0051682214 0.0051682214 0.0051682214 0.0051682214 0.0051682214 0.0051682214 0.0051682214 0.0051682214 0.0051682214 0.0051682214 0.0051682214 0.0051682214 0.0051682214 0.0051682214 0.0051682214,15 14 15 15 14 15 15 14 14 15 15 15 14 15 14 13 15 14 14 14 13 14 15 14 15 14 14 13 15 14 13 14 14 14 14 14 14 15 14 14 14 13 13 14 15 15 14 14 14 14 15 15 15 15 14 15 14 14 15 15 13 14 13 14 14 15 15 15 14 13 12 14 15 13 15 15 15 15 15 14 14 14 14 14 14 13 15 14 14 14 15 14 13 14 14 15 15 15 14 14 15 14 15 13 13 15 14 15 14 14 14 15 14 14 15 15 14 14 15 14 14 14 14 14 14 14 15 14
824,1x1x128x13,0.15947208 0.15219644 0.11573358 0.14703578 0.13578391 0.120809615 0.15820307 0.14695118 0.11700259 0.12097881 0.20253375 0.16226389 0.109811544,0.15945262 0.15217786 0.11571946 0.14701784 0.13576734 0.12079487 0.15818377 0.14693326 0.116988316 0.12096405 0.20250903 0.16224408 0.10979815,0.0012555324 0.0011982508 0.00091117684 0.0011576208 0.0010690342 0.0009511407 0.0012455415 0.0011569548 0.00092116784 0.00095247285 0.0015945593 0.0012775124 0.00086455233,
825,13,,,0.0040013506 0.0040013506 0.0040013506 0.0040013506 0.0040013506 0.0040013506 0.0040013506 0.0040013506 0.0040013506 0.0040013506 0.0040013506 0.0040013506 0.0040013506,15 15 16 15 15 16 15 15 16 16 15 15 16
832,3x3x512x32,0.019194368 0.018835004 0.018766826 0.033040322 0.010860708 0.011276961 0.015413728 0.027687201 0.02539485 0.017917339 0.01732943 0.019483702 0.023331208 0.041338976 0.009597935 0.022644728 0.024773432 0.016820556 0.0112633 0.020193208 0.015775302 0.012077557 0.01670183 0.025669308 0.02213894 0.01408133 0.024349065 0.02670585 0.023293767 0.027011689 0.016461747 0.024944546,0.019192027 0.018832706 0.018764537 0.033036288 0.010859382 0.011275586 0.015411846 0.027683822 0.02539175 0.017915152 0.017327314 0.019481326 0.023328362 0.04133393 0.009596764 0.022641966 0.024770409 0.016818503 0.011261925 0.020190744 0.015773378 0.012076084 0.016699791 0.025666175 0.02213624 0.014079612 0.024346093 0.02670259 0.023290925 0.027008392 0.016459739 0.0249415,0.00015111832 0.00014828902 0.00014775226 0.00026012826 8.5506945e-05 8.878414e-05 0.00012135312 0.00021798286 0.00019993504 0.00014106419 0.00013643554 0.00015339626 0.0001836879 0.000325464 7.556507e-05 0.0001782832 0.0001950426 0.00013242915 8.867658e-05 0.00015898224 0.00012419983 9.508727e-05 0.00013149442 0.00020209586 0.0001743011 0.00011086308 0.00019170152 0.00021025662 0.0001833931 0.0002126645 0.00012960425 0.00019638977,
833,32,,,0.0038763236 0.0038763236 0.0038763236 0.0038763236 0.0038763236 0.0038763236 0.0038763236 0.0038763236 0.0038763236 0.0038763236 0.0038763236 0.0038763236 0.0038763236 0.0038763236 0.0038763236 0.0038763236 0.0038763236 0.0038763236 0.0038763236 0.0038763236 0.0038763236 0.0038763236 0.0038763236 0.0038763236 0.0038763236 0.0038763236 0.0038763236 0.0038763236 0.0038763236 0.0038763236 0.0038763236 0.0038763236,15 15 15 14 16 16 16 15 15 15 15 15 15 14 16 15 15 15 16 15 15 16 15 15 15 16 15 15 15 15 15 15
838,3x3x32x32,0.14323445 0.049160395 0.041690975 0.07212977 0.054271925 0.16008891 0.11411064 0.051854443 0.09591255 0.20773077 0.0630592 0.11868009 0.06804348 0.08908692 0.3261822 0.077783726 0.062475573 0.099814974 0.15893894 0.05405637 0.08288319 0.16133337 0.23755957 0.29679087 0.088058814 0.05972057 0.35064107 0.10210156 0.08483364 0.068347685 0.10867645 0.06143187,0.14321697 0.049154393 0.041685887 0.072120965 0.0542653 0.16006938 0.114096716 0.051848114 0.09590085 0.20770541 0.06305151 0.118665606 0.06803518 0.08907605 0.3261424 0.077774234 0.06246795 0.09980279 0.15891956 0.05404977 0.082873076 0.16131367 0.23753059 0.29675463 0.08804806 0.059713278 0.35059828 0.10208909 0.08482329 0.06833935 0.10866319 0.061424375,0.0011276926 0.00038704247 0.00032823533 0.0005678816 0.00042728585 0.0012603888 0.00089839933 0.00040825288 0.0007551248 0.0016354757 0.00049646856 0.00093437487 0.0005357101 0.0007013862 0.0025680503 0.0006123955 0.00049187365 0.00078584877 0.0012513351 0.00042558875 0.0006525439 0.0012701864 0.0018703196 0.0023366506 0.00069329183 0.0004701833 0.0027606164 0.0008038511 0.0006678999 0.0005381051 0.00085561565 0.0004836565,
839,32,,,0.003876324 0.003876324 0.003876324 0.003876324 0.003876324 0.003876324 0.003876324 0.003876324 0.003876324 0.003876324 0.003876324 0.003876324 0.003876324 0.003876324 0.003876324 0.003876324 0.003876324 0.003876324 0.003876324 0.003876324 0.003876324 0.003876324 0.003876324 0.003876324 0.003876324 0.003876324 0.003876324 0.003876324 0.003876324 0.003876324 0.003876324 0.003876324,14 16 16 15 16 14 15 16 15 14 15 15 15 15 13 15 15 15 14 16 15 14 14 13 15 16 13 15 15 15 15 16
844,1x1x32x4,0.36337745 0.28654906 0.3265206 0.28187707,0.3633331 0.28651407 0.32648075 0.28184265,0.0028608907 0.0022560162 0.0025707146 0.0022192334,
845,4,,,0.0038763238 0.0038763238 0.0038763238 0.0038763238,15 15 15 15
